wall_time_unix_sec,elapsed_sec,ros_time_sec,event,logger_queue_overflow,control_dt_sec,target_position_x,target_position_y,target_position_z,current_position_x,current_position_y,current_position_z,position_error_x,position_error_y,position_error_z,target_velocity_x,target_velocity_y,target_velocity_z,current_velocity_x,current_velocity_y,current_velocity_z,velocity_error_x,velocity_error_y,velocity_error_z,body_command_x,body_command_y,body_command_z,yaw,yaw_rate,yaw_command,motor1_command,motor2_command,motor3_command,motor4_command,motor5_command,motor6_command
1786168193.304076195,21.850351641,0.000000000,TARGET_UPDATED,0,0.050000000,-0.023499441,2.814248779,0.233412279,0.000053176,-0.000000000,-0.089978859,-0.023552617,2.814248779,0.323391138,-0.025106599,2.999894944,0.485086692,0.000001492,-0.000000000,0.003319892,-0.025108092,2.999894944,0.481766799,-1.537183155,450.000000000,44.735720106,0.000000000,0.000000000,0.000000000,-112.115704211,112.884295789,-112.884295789,112.115704211,-22.367860053,-22.367860053
1786168193.354120731,21.900396066,0.000000000,NONE,0,0.049995696,-0.023499441,2.814248779,0.233412279,-0.000034141,0.030099919,-0.085584718,-0.023465300,2.784148859,0.318996997,-0.042045709,3.010110527,0.407951853,-0.008226115,1.164491630,0.148898175,-0.033819594,1.845618897,0.259053677,-2.289227372,450.000000000,24.697631488,-0.005571897,-0.218885996,2.635168881,-112.586485377,113.731099063,-112.413514623,111.268900937,-12.348815744,-12.348815744
1786168193.404047966,21.950323340,0.000000000,NONE,0,0.049968014,-0.023499441,2.814248779,0.233412279,-0.000144878,0.096282964,-0.076579894,-0.023354563,2.717965814,0.309992173,-0.078951178,3.019152357,0.307733391,-0.032982393,1.897698354,0.151792936,-0.045968786,1.121454002,0.155940456,-3.301242478,450.000000000,19.874663326,-0.017716585,-0.344701184,4.866666300,-112.891355956,114.541977194,-112.108644044,110.458022806,-9.937331663,-9.937331663
1786168193.454135656,22.000410965,0.000000000,TARGET_UPDATED,0,0.050085025,-0.023499441,3.814248779,0.233412279,-0.000290305,0.203400795,-0.064517621,-0.023209136,3.610847983,0.297929900,-0.130303833,3.022825484,0.212748696,-0.083537322,2.265276291,0.049733443,-0.046766511,0.757549193,0.163015253,-3.635685571,450.000000000,22.578821730,-0.036995966,-0.398166742,6.947378246,-113.327923169,115.145765954,-111.672076831,109.854234046,-11.289410865,-11.289410865
1786168193.504023314,22.050298742,0.000000000,NONE,0,0.049888956,-0.023499441,3.814248779,0.233412279,-0.000655314,0.320155505,-0.056488217,-0.022844128,3.494093273,0.289900496,-0.189219503,3.021575253,0.152886040,-0.139763561,2.366663411,-0.106703214,-0.049455942,0.654911842,0.259589255,-4.734295270,450.000000000,31.140000583,-0.056543731,-0.377670387,8.311877709,-113.394395610,115.761543245,-111.605604390,109.238456755,-15.570000292,-15.570000292
1786168193.554019213,22.100294788,0.000000000,NONE,0,0.049985817,-0.023499441,3.814248779,0.233412279,-0.001404965,0.440013600,-0.054293950,-0.022094476,3.374235179,0.287706229,-0.241955785,3.018851907,0.119306460,-0.193730732,2.389978971,-0.244220175,-0.048225053,0.628872936,0.363526635,-5.667841111,450.000000000,38.568261050,-0.074158606,-0.330599089,9.257768505,-113.397481849,116.231402404,-111.602518151,108.768597596,-19.284130525,-19.284130525
1786168193.603988171,22.150263523,0.000000000,NONE,0,0.050001606,-0.023499441,3.814248779,0.233412279,-0.002661631,0.561082078,-0.055993174,-0.020837810,3.253166700,0.289405453,-0.286109854,3.015973515,0.102444239,-0.242129944,2.395073702,-0.316711829,-0.043979910,0.620899813,0.419156068,-6.466240826,450.000000000,41.506016100,-0.089086388,-0.274999098,9.904900052,-113.359664806,116.592785220,-111.640335194,108.407214780,-20.753008050,-20.753008050
1786168193.654047012,22.200322458,0.000000000,NONE,0,0.050021823,-0.023499441,3.814248779,0.233412279,-0.004441406,0.682736932,-0.059019389,-0.019058036,3.131511847,0.292431668,-0.321445570,3.013280453,0.096048372,-0.283294518,2.397383298,-0.335934272,-0.038151052,0.615897154,0.431982645,-7.109971607,450.000000000,41.558547473,-0.101260563,-0.220504347,10.344017040,-113.308511358,116.863497162,-111.691488642,108.136502838,-20.779273736,-20.779273736
1786168193.704018831,22.250294412,0.000000000,NONE,0,0.049987546,-0.023499441,3.814248779,0.233412279,-0.006222736,0.780298706,-0.061218560,-0.017276705,3.033950072,0.294630839,-0.343561010,3.011299867,0.096723510,-0.310886273,2.399322224,-0.327380243,-0.032674737,0.611977644,0.424103753,-7.490764370,450.000000000,40.603588245,-0.109086725,-0.178361991,10.559592375,-113.267207001,117.012589186,-111.732792999,107.987410814,-20.301794122,-20.301794122
1786168193.754003286,22.300278701,0.000000000,NONE,0,0.049991210,-0.023499441,3.814248779,0.233412279,-0.008849794,0.902419639,-0.063017444,-0.014649647,2.911829140,0.296429723,-0.363960824,3.009028928,0.104815251,-0.338341680,2.401952425,-0.300919739,-0.025619144,0.607076503,0.405734991,-7.725016492,450.000000000,39.118093775,-0.116623069,-0.130381655,10.694356803,-113.242335078,117.104843324,-111.757664922,107.895156676,-19.559046887,-19.559046887
1786168193.803987265,22.350262519,0.000000000,NONE,0,0.049991576,-0.023499441,3.814248779,0.233412279,-0.011850527,1.024648291,-0.063706226,-0.011648914,2.789600487,0.297118505,-0.376935668,3.006985850,0.120765314,-0.358511198,2.404533691,-0.269896827,-0.018424470,0.602452159,0.390662142,-7.749597316,450.000000000,38.138691304,-0.121868107,-0.086306628,10.685394332,-113.233949254,117.108747912,-111.766050746,107.891252088,-19.069345652,-19.069345652
1786168193.854140997,22.400416238,0.000000000,TARGET_UPDATED,0,0.050117001,-0.023499441,4.814248779,0.233412279,-0.015145195,1.146947482,-0.063671658,-0.008354246,3.667301297,0.297083937,-0.380550211,3.005573191,0.142456234,-0.371877935,2.406821006,-0.242267185,-0.008672276,0.598752185,0.384723418,-7.244624751,450.000000000,37.915631864,-0.125017276,-0.046540828,10.552200837,-113.326894021,116.949206397,-111.673105979,108.050793603,-18.957815932,-18.957815932
1786168193.904017925,22.450293183,0.000000000,NONE,0,0.049887997,-0.023499441,4.814248779,0.233412279,-0.018630812,1.269294085,-0.063378003,-0.004868629,3.544954693,0.296790282,-0.381645602,3.004084822,0.167365103,-0.378223788,2.408788112,-0.220058319,-0.003421814,0.595296710,0.387423422,-7.058854298,450.000000000,38.286914488,-0.126331238,-0.012457795,10.329092280,-113.317559496,116.846986645,-111.682440504,108.153013355,-19.143457244,-19.143457244
1786168193.953997850,22.500273209,0.000000000,NONE,0,0.050008659,-0.023499441,4.814248779,0.233412279,-0.022205641,1.391663789,-0.063145982,-0.001293801,3.422584990,0.296558261,-0.377970408,3.002925401,0.193539949,-0.379485445,2.410542996,-0.201597711,0.001515036,0.592382405,0.395137660,-6.635952838,450.000000000,38.936928054,-0.126136181,0.014693328,10.054592309,-113.354659868,116.672636287,-111.645340132,108.327363713,-19.468464027,-19.468464027
1786168194.004023790,22.550299184,0.000000000,NONE,0,0.050004853,-0.023499441,4.814248779,0.233412279,-0.025819311,1.514034973,-0.063111824,0.002319870,3.300213805,0.296524103,-0.370710948,3.002010385,0.219867611,-0.376795849,2.412172217,-0.184547481,0.006084901,0.589838167,0.404415091,-6.109666679,450.000000000,39.627732153,-0.124821720,0.033406285,9.774789241,-113.416280641,116.471113980,-111.583719359,108.528886020,-19.813866076,-19.813866076
1786168194.054014683,22.600290156,0.000000000,NONE,0,0.049979647,-0.023499441,4.814248779,0.233412279,-0.029414008,1.636384792,-0.063268076,0.005914567,3.177863986,0.296680355,-0.361242478,3.001193144,0.245737379,-0.371202107,2.413688311,-0.167048835,0.009959630,0.587504832,0.412786214,-5.560182983,450.000000000,40.205986222,-0.122840074,0.042997449,9.532624948,-113.493110491,116.273201983,-111.506889509,108.726798017,-20.102993111,-20.102993111
1786168194.104018211,22.650293474,0.000000000,NONE,0,0.050015727,-0.023499441,4.814248779,0.233412279,-0.032935360,1.758695256,-0.063528516,0.009435919,3.055553522,0.296940795,-0.350869751,3.000326930,0.270776401,-0.363886157,2.415069401,-0.148304827,0.013016406,0.585257530,0.419081228,-5.040491101,450.000000000,40.615487579,-0.120621372,0.044618054,9.350988615,-113.577624378,116.097869929,-111.422375622,108.902130071,-20.307743789,-20.307743789
1786168194.154030323,22.700305715,0.000000000,NONE,0,0.050017572,-0.023499441,4.814248779,0.233412279,-0.036336597,1.880956943,-0.063791615,0.012837156,2.933291835,0.297203894,-0.340621546,2.999309554,0.294723616,-0.355882321,2.416298757,-0.128526186,0.015260775,0.583010797,0.423249802,-4.583633692,450.000000000,40.875354199,-0.118505462,0.040368254,9.236068552,-113.663108715,115.954925561,-111.336891285,109.045074439,-20.437677099,-20.437677099
1786168194.203989744,22.750265054,0.000000000,NONE,0,0.049971049,-0.023499441,4.814248779,0.233412279,-0.038945619,1.978730690,-0.063952296,0.015446177,2.835518089,0.297364575,-0.332983065,2.998355010,0.312965359,-0.349469915,2.417175050,-0.112457332,0.016486850,0.581179961,0.425422690,-4.284539719,450.000000000,40.998226590,-0.117042514,0.034200391,9.192408820,-113.726967275,115.869237135,-111.273032725,109.130762865,-20.499113295,-20.499113295
1786168194.254166603,22.800441810,0.000000000,NONE,0,0.050047918,-0.023499441,4.814248779,0.233412279,-0.042038523,2.100908090,-0.064057855,0.018539081,2.713340689,0.297470134,-0.324487417,2.996983458,0.334510310,-0.342025549,2.418151049,-0.092947098,0.017538132,0.578832410,0.427457408,-3.958095438,450.000000000,41.148525946,-0.115617912,0.024860608,9.183411362,-113.806328981,115.785376700,-111.193671019,109.214623300,-20.574262973,-20.574262973
1786168194.304149151,22.850424669,0.000000000,TARGET_UPDATED,0,0.050085803,-0.023499441,5.814248779,0.233412279,-0.044926356,2.223051520,-0.064059593,0.021426915,3.591197259,0.297471872,-0.324113478,2.994710048,0.354631622,-0.335344957,2.419026929,-0.074652605,0.011231479,0.575683119,0.429284227,-4.471565810,450.000000000,41.282972169,-0.114672479,0.015283110,9.215038646,-113.685868209,115.921651114,-111.314131791,109.078348886,-20.641486084,-20.641486084
1786168194.354084015,22.900359583,0.000000000,NONE,0,0.049925441,-0.023499441,5.814248779,0.233412279,-0.047118811,2.320754504,-0.064001903,0.023619370,3.493494274,0.297414182,-0.320345756,2.993290057,0.369617944,-0.332400106,2.419676220,-0.061236132,0.012054350,0.573613837,0.430854076,-4.163660873,450.000000000,41.398587028,-0.114243087,0.008384174,9.261083887,-113.774355753,115.856186190,-111.225644247,109.143813810,-20.699293514,-20.699293514
1786168194.404004812,22.950280293,0.000000000,NONE,0,0.049945953,-0.023499441,5.814248779,0.233412279,-0.049760167,2.442884837,-0.063889064,0.026260725,3.371363942,0.297301343,-0.316581447,2.991469502,0.386987862,-0.329439125,2.420444379,-0.046327213,0.012857678,0.571025123,0.433315074,-4.001162830,450.000000000,41.599507395,-0.114057858,0.001044079,9.331060013,-113.832474296,115.833055711,-111.167525704,109.166944289,-20.799753698,-20.799753698
1786168194.454110622,23.000386004,0.000000000,NONE,0,0.049994165,-0.023499441,5.814248779,0.233412279,-0.052264824,2.565023588,-0.063763605,0.028765383,3.249225191,0.297175884,-0.313613746,2.989656351,0.402873071,-0.326881776,2.421176839,-0.033119215,0.013268030,0.568479511,0.435992287,-3.894868045,450.000000000,41.802088076,-0.114176807,-0.004209658,9.404529656,-113.877415403,115.824849425,-111.122584597,109.175150575,-20.901044038,-20.901044038
1786168194.503937721,23.050213264,0.000000000,NONE,0,0.049938445,-0.023499441,5.814248779,0.233412279,-0.054623882,2.687177073,-0.063642950,0.031124440,3.127071705,0.297055229,-0.311098956,2.987913638,0.417293184,-0.324719711,2.421880747,-0.021365656,0.013620755,0.566032891,0.438658840,-3.799564879,450.000000000,41.999546035,-0.114486437,-0.007148868,9.470126707,-113.917640457,115.817422896,-111.082359543,109.182577104,-20.999773018,-20.999773018
1786168194.554063797,23.100339318,0.000000000,NONE,0,0.050124678,-0.023499441,5.814248779,0.233412279,-0.056834621,2.809349260,-0.063536712,0.033335180,3.004899519,0.296948991,-0.308708865,2.986297045,0.430268376,-0.322744477,2.422554670,-0.010903054,0.014035612,0.563742376,0.441171430,-3.702439475,450.000000000,42.183214131,-0.114879546,-0.008049145,9.522094779,-113.954913826,115.806133563,-111.045086174,109.193866437,-21.091607066,-21.091607066
1786168194.604010820,23.150286054,0.000000000,NONE,0,0.049930094,-0.023499441,5.814248779,0.233412279,-0.058894814,2.931541315,-0.063445345,0.035395372,2.882707464,0.296857624,-0.306164400,2.984852387,0.441813985,-0.320725887,2.423192532,-0.001556323,0.014561487,0.561659855,0.443370308,-3.593633287,450.000000000,42.342116683,-0.115265898,-0.007316281,9.557184784,-113.990887874,115.787704518,-111.009112126,109.212295482,-21.171058342,-21.171058342
1786168194.654001951,23.200277401,0.000000000,NONE,0,0.050017735,-0.023499441,5.814248779,0.233412279,-0.060801703,3.053751973,-0.063363917,0.037302262,2.760496806,0.296776196,-0.303256366,2.983614493,0.451941793,-0.318474997,2.423786313,0.006744683,0.015218631,0.559828179,0.445197110,-3.466675802,450.000000000,42.473610652,-0.115579124,-0.005462992,9.575271979,-114.027149044,115.760486945,-110.972850956,109.239513055,-21.236805326,-21.236805326
1786168194.704150677,23.250426284,0.000000000,TARGET_UPDATED,0,0.050125199,-0.023499441,6.814248779,0.233412279,-0.062213782,3.151531725,-0.063302721,0.038714340,3.662717053,0.296715000,-0.312419054,2.981562631,0.459094915,-0.316380107,2.424224203,0.012631534,0.003961052,0.557338428,0.446463381,-4.648869898,450.000000000,42.562178293,-0.115748852,-0.003503534,9.580859495,-113.732997399,116.057432348,-111.267002601,108.942567652,-21.281089146,-21.281089146
1786168194.754034996,23.300310364,0.000000000,NONE,0,0.049899006,-0.023499441,6.814248779,0.233412279,-0.063907053,3.273775190,-0.063233666,0.040407611,3.540473589,0.296645945,-0.310059591,2.980609168,0.466721949,-0.316607076,2.424718445,0.018825825,0.006547485,0.555890722,0.447896124,-4.147034007,450.000000000,42.677095718,-0.115844118,-0.000865883,9.573665303,-113.856657824,115.930174827,-111.143342176,109.069825173,-21.338547859,-21.338547859
1786168194.804056168,23.350331580,0.000000000,NONE,0,0.050014721,-0.023499441,6.814248779,0.233412279,-0.065621352,3.396046768,-0.063177411,0.042121910,3.418202011,0.296589690,-0.307173768,2.979912047,0.472959528,-0.316422562,2.425150126,0.023857679,0.009248793,0.554761922,0.449101850,-3.897575292,450.000000000,42.768121974,-0.115809748,0.001647570,9.557365546,-113.914947564,115.863735209,-111.085052436,109.136264791,-21.384060987,-21.384060987
1786168194.854014635,23.400290153,0.000000000,NONE,0,0.049944590,-0.023499441,6.814248779,0.233412279,-0.067290985,3.518333485,-0.063131386,0.043791544,3.295915294,0.296543665,-0.303834242,2.979465994,0.477836761,-0.314924561,2.425511659,0.027798935,0.011090318,0.553954335,0.450037827,-3.706606320,450.000000000,42.839511708,-0.115662926,0.003705346,9.536595490,-113.957497292,115.810800453,-111.042502708,109.189199547,-21.419755854,-21.419755854
1786168194.904000759,23.450276291,0.000000000,NONE,0,0.050018317,-0.023499441,6.814248779,0.233412279,-0.068885097,3.640626255,-0.063095503,0.045385655,3.173622523,0.296507782,-0.300126534,2.979263253,0.481380806,-0.312709650,2.425799183,0.030625155,0.012583116,0.553464069,0.450755652,-3.516925466,450.000000000,42.896643425,-0.115431478,0.005155829,9.515122156,-113.999549172,115.758011905,-111.000450828,109.241988095,-21.448321713,-21.448321713
1786168194.954019547,23.500294917,0.000000000,NONE,0,0.050007096,-0.023499441,6.814248779,0.233412279,-0.070382481,3.762917278,-0.063069445,0.046883040,3.051331500,0.296481724,-0.296145034,2.979294208,0.483613814,-0.309942136,2.426010253,0.032379259,0.013797102,0.553283955,0.451234556,-3.336057538,450.000000000,42.936674666,-0.115148222,0.005939757,9.496138854,-114.040020329,115.708049098,-110.959979671,109.291950902,-21.468337333,-21.468337333
1786168195.004020452,23.550295992,0.000000000,NONE,0,0.049996203,-0.023499441,6.814248779,0.233412279,-0.071764580,3.885199411,-0.063052039,0.048265138,2.929049367,0.296464318,-0.291979301,2.979548572,0.484554798,-0.306759870,2.426144021,0.033088096,0.014780570,0.553404551,0.451466703,-3.164411481,450.000000000,42.959277305,-0.114845152,0.006112522,9.481649249,-114.079309442,115.661515182,-110.920690558,109.338484818,-21.479638652,-21.479638652
1786168195.054103136,23.600378349,0.000000000,NONE,0,0.049993618,-0.023499441,6.814248779,0.233412279,-0.073015722,4.007466268,-0.063042084,0.049516281,2.806782511,0.296454363,-0.287700794,2.980016620,0.484221927,-0.303284772,2.426200822,0.032765726,0.015583978,0.553815798,0.451456201,-3.001103591,450.000000000,42.964973788,-0.114549117,0.005800174,9.472543407,-114.117859954,115.618411749,-110.882140046,109.381588251,-21.482486894,-21.482486894
1786168195.104069948,23.650345164,0.000000000,TARGET_UPDATED,0,0.050082528,-0.023499441,7.814248779,0.233412279,-0.074122617,4.129712106,-0.063038770,0.050623176,3.684536673,0.296451049,-0.298631660,2.979183447,0.482723914,-0.299609706,2.426180231,0.031435523,0.000978046,0.553003216,0.451288390,-4.490884901,450.000000000,42.961387263,-0.114279432,0.005163243,9.468784726,-113.744474956,115.989917407,-111.255525044,109.010082593,-21.480693631,-21.480693631
1786168195.153998137,23.700273449,0.000000000,NONE,0,0.049884565,-0.023499441,7.814248779,0.233412279,-0.075175907,4.251943427,-0.063041855,0.051676466,3.562305352,0.296454134,-0.295772858,2.979903564,0.480035973,-0.300024828,2.426084212,0.029189890,0.004251971,0.553819353,0.450846083,-3.856012946,450.000000000,42.936154984,-0.114047882,0.004364351,9.469628113,-113.903403792,115.831410265,-111.096596208,109.168589735,-21.468077492,-21.468077492
1786168195.204046488,23.750322007,0.000000000,NONE,0,0.050069781,-0.023499441,7.814248779,0.233412279,-0.076294695,4.374170641,-0.063051561,0.052795254,3.440078137,0.296463840,-0.292880886,2.980782998,0.476348426,-0.299967263,2.425923164,0.026091952,0.007086377,0.554859834,0.450256474,-3.613581777,450.000000000,42.903245301,-0.113858499,0.003552147,9.474001205,-113.965104857,115.771895746,-111.034895143,109.228104254,-21.451622650,-21.451622650
1786168195.254029751,23.800305122,0.000000000,NONE,0,0.049966263,-0.023499441,7.814248779,0.233412279,-0.077392645,4.496381189,-0.063068148,0.053893203,3.317867590,0.296480427,-0.289969144,2.981781402,0.471883475,-0.298780991,2.425705523,0.022324138,0.008811847,0.556075879,0.449559337,-3.450950530,450.000000000,42.863500750,-0.113707071,0.002847526,9.480296282,-114.007336438,115.732811703,-110.992663562,109.267188297,-21.431750375,-21.431750375
1786168195.303992271,23.850267746,0.000000000,NONE,0,0.049992962,-0.023499441,7.814248779,0.233412279,-0.078432418,4.618568923,-0.063091358,0.054932977,3.195679855,0.296503637,-0.287013869,2.982861300,0.466871413,-0.297057817,2.425445175,0.018093101,0.010043948,0.557416125,0.448778311,-3.305318039,450.000000000,42.818376224,-0.113585226,0.002323046,9.487150340,-114.045458075,115.698117095,-110.954541925,109.301882905,-21.409188112,-21.409188112
1786168195.354020596,23.900296103,0.000000000,NONE,0,0.050009402,-0.023499441,7.814248779,0.233412279,-0.079389592,4.740729956,-0.063120124,0.055890151,3.073518823,0.296532403,-0.283979403,2.983988263,0.461536067,-0.294930974,2.425156385,0.013601985,0.010951571,0.558831879,0.447934083,-3.174427996,450.000000000,42.769221996,-0.113482781,0.002001990,9.493515713,-114.079771929,115.666985927,-110.920228071,109.333014073,-21.384610998,-21.384610998
1786168195.404036760,23.950312120,0.000000000,NONE,0,0.050018403,-0.023499441,7.814248779,0.233412279,-0.080244394,4.862861611,-0.063152946,0.056744953,2.951387167,0.296565225,-0.280827571,2.985131816,0.456084988,-0.292463891,2.424852740,0.009030918,0.011636320,0.560279076,0.447054070,-3.052589151,450.000000000,42.718089245,-0.113389481,0.001876903,9.498645728,-114.111514144,115.637808720,-110.888485856,109.362191280,-21.359044622,-21.359044622
1786168195.454277515,24.000553045,0.000000000,NONE,0,0.050021222,-0.023499441,7.814248779,0.233412279,-0.080980455,4.984962168,-0.063188415,0.057481014,2.829286610,0.296600694,-0.277521649,2.986266125,0.450703120,-0.289694972,2.424546430,0.004532409,0.012173322,0.561719695,0.446170711,-2.934963717,450.000000000,42.667347148,-0.113296222,0.001919047,9.502098039,-114.141783581,115.609265439,-110.858216419,109.390734561,-21.333673574,-21.333673574
1786168195.504036188,24.050311555,0.000000000,NONE,0,0.049972283,-0.023499441,7.814248779,0.233412279,-0.081584604,5.107030718,-0.063224820,0.058085162,2.707218061,0.296637099,-0.274029647,2.987369937,0.445549259,-0.286666720,2.424247808,0.000247624,0.012637074,0.563122129,0.445301636,-2.816398921,450.000000000,42.617906820,-0.113196298,0.002077083,9.503837120,-114.171859550,115.580059010,-110.828140450,109.419940990,-21.308953410,-21.308953410
1786168195.554069757,24.100345055,0.000000000,TARGET_UPDATED,0,0.050062287,-0.023499441,8.814248779,0.233412279,-0.082045223,5.229066874,-0.063260655,0.058545782,3.585181904,0.296672934,-0.289185458,2.986655731,0.440786437,-0.283392490,2.423965378,-0.003715784,-0.005792968,0.562690353,0.444502221,-4.706971474,450.000000000,42.574496892,-0.113085581,0.002301225,9.504060948,-113.699272369,116.052758105,-111.300727631,108.947241895,-21.287248446,-21.287248446
1786168195.604016066,24.150291652,0.000000000,NONE,0,0.049925942,-0.023499441,8.814248779,0.233412279,-0.082507937,5.351088302,-0.063293728,0.059008496,3.463160477,0.296706007,-0.286894825,2.987519994,0.436455230,-0.285735766,2.423705363,-0.007244797,-0.001159059,0.563814631,0.443700027,-3.905058006,450.000000000,42.529320144,-0.112962384,0.002539585,9.503101066,-113.899510765,115.852039768,-111.100489235,109.147960232,-21.264660072,-21.264660072
1786168195.654061794,24.200337094,0.000000000,NONE,0,0.050018024,-0.023499441,8.814248779,0.233412279,-0.083079141,5.473108550,-0.063321700,0.059579699,3.341140228,0.296733979,-0.284350549,2.988325990,0.432628496,-0.286330954,2.423475914,-0.010332497,0.001980405,0.564850076,0.442960993,-3.677355931,450.000000000,42.489958064,-0.112826922,0.002758296,9.501363756,-113.956001956,115.794679922,-111.043998044,109.205320078,-21.244979032,-21.244979032
1786168195.704009771,24.250285191,0.000000000,NONE,0,0.049976050,-0.023499441,8.814248779,0.233412279,-0.083541319,5.570716598,-0.063339474,0.060041878,3.243532181,0.296751753,-0.282161983,2.988917609,0.429993890,-0.285844761,2.423314860,-0.012449628,0.003682778,0.565602749,0.442443518,-3.544678305,450.000000000,42.469211531,-0.112711023,0.002899297,9.501947573,-113.989317317,115.761656470,-111.010682683,109.238343530,-21.234605765,-21.234605765
1786168195.754031897,24.300307326,0.000000000,NONE,0,0.050010413,-0.023499441,8.814248779,0.233412279,-0.084093347,5.692714134,-0.063354789,0.060593906,3.121534644,0.296767068,-0.279238514,2.989583670,0.427287248,-0.284708257,2.423144857,-0.014566981,0.005469744,0.566438813,0.441854229,-3.357361550,450.000000000,42.437581130,-0.112557889,0.003083493,9.499112988,-114.035437859,115.714118635,-110.964562141,109.285881365,-21.218790565,-21.218790565
1786168195.804014444,24.350289652,0.000000000,NONE,0,0.049989979,-0.023499441,8.814248779,0.233412279,-0.084591734,5.814696457,-0.063361816,0.061092293,2.999552321,0.296774095,-0.276104478,2.990163307,0.425274215,-0.282973603,2.423012068,-0.016141564,0.006869125,0.567151239,0.441415779,-3.197938008,450.000000000,42.420935343,-0.112396446,0.003217886,9.496091023,-114.074538254,115.673507258,-110.925461746,109.326492742,-21.210467671,-21.210467671
1786168195.854052305,24.400327687,0.000000000,NONE,0,0.050023127,-0.023499441,8.814248779,0.233412279,-0.085008618,5.936662138,-0.063363397,0.061509177,2.877586641,0.296775676,-0.272770032,2.990651746,0.423991978,-0.280732226,2.422917513,-0.017166822,0.007962194,0.567734233,0.441158800,-3.050988717,450.000000000,42.417614450,-0.112231003,0.003268794,9.493574812,-114.110646524,115.636140882,-110.889353476,109.363859118,-21.208807225,-21.208807225
1786168195.904015541,24.450291079,0.000000000,NONE,0,0.049983052,-0.023499441,8.814248779,0.233412279,-0.085322122,6.058610490,-0.063361368,0.061822680,2.755638289,0.296773647,-0.269242735,2.991046032,0.423461717,-0.278092700,2.422862017,-0.017600157,0.008849965,0.568184015,0.441061873,-2.910388252,450.000000000,42.425050392,-0.112065958,0.003242784,9.491834067,-114.145361454,115.600555580,-110.854638546,109.399444420,-21.212525196,-21.212525196
1786168195.954129934,24.500405407,0.000000000,TARGET_UPDATED,0,0.050098793,-0.023499441,9.814248779,0.233412279,-0.085515648,6.180541479,-0.063356175,0.062016206,3.633707299,0.296768454,-0.284874415,2.989567535,0.423666649,-0.275164174,2.422846130,-0.017410483,-0.009710241,0.566721405,0.441077132,-4.825681234,450.000000000,42.439410981,-0.111904592,0.003165124,9.490913966,-113.666308183,116.079148800,-111.333691817,108.920851200,-21.219705490,-21.219705490
1786168196.004019499,24.550294889,0.000000000,NONE,0,0.049896450,-0.023499441,9.814248779,0.233412279,-0.085732840,6.302473071,-0.063347000,0.062233399,3.511775707,0.296759279,-0.282529161,2.989652959,0.424618787,-0.277925716,2.422869641,-0.016606492,-0.004603445,0.566783318,0.441225279,-3.983087997,450.000000000,42.463453585,-0.111748431,0.003054338,9.490680701,-113.876898176,115.868442174,-111.123101824,109.131557826,-21.231726792,-21.231726792
1786168196.053994894,24.600270410,0.000000000,NONE,0,0.049996937,-0.023499441,9.814248779,0.233412279,-0.086077455,6.424418914,-0.063332991,0.062578014,3.389829864,0.296745270,-0.279963913,2.989666151,0.426200023,-0.278846068,2.422934052,-0.015269408,-0.001117845,0.566732100,0.441469431,-3.737777434,450.000000000,42.493494529,-0.111597812,0.002940420,9.490929393,-113.938287990,115.807176707,-111.061712010,109.192823293,-21.246747264,-21.246747264
1786168196.104023218,24.650298759,0.000000000,NONE,0,0.050009889,-0.023499441,9.814248779,0.233412279,-0.086442213,6.546368714,-0.063313672,0.062942772,3.267880065,0.296725950,-0.277218636,2.989610866,0.428346645,-0.278537550,2.423032510,-0.013454080,0.001318913,0.566578356,0.441800725,-3.539560321,450.000000000,42.529473540,-0.111452860,0.002838546,9.491499482,-113.987984790,115.757764951,-111.012015210,109.242235049,-21.264736770,-21.264736770
1786168196.154000998,24.700276230,0.000000000,NONE,0,0.049992952,-0.023499441,9.814248779,0.233412279,-0.086721295,6.643929442,-0.063294525,0.063221854,3.170319337,0.296706804,-0.274894582,2.989525697,0.430404069,-0.277753068,2.423132769,-0.011709270,0.002858486,0.566392928,0.442113339,-3.403832928,450.000000000,42.562036419,-0.111340469,0.002773341,9.494292715,-114.022614947,115.724531411,-110.977385053,109.275468589,-21.281018209,-21.281018209
1786168196.204054356,24.750329597,0.000000000,NONE,0,0.050019395,-0.023499441,9.814248779,0.233412279,-0.087031718,6.765880136,-0.063267611,0.063532276,3.048368643,0.296679890,-0.271822162,2.989381309,0.433306766,-0.276434546,2.423279998,-0.009305920,0.004612384,0.566101311,0.442612686,-3.214084293,450.000000000,42.611790184,-0.111202457,0.002757089,9.494538852,-114.070113640,115.677155786,-110.929886360,109.322844214,-21.305895092,-21.305895092
1786168196.254000902,24.800276238,0.000000000,NONE,0,0.049966344,-0.023499441,9.814248779,0.233412279,-0.087318934,6.912218920,-0.063233157,0.063819493,2.902029858,0.296645436,-0.267873071,2.989175543,0.437115831,-0.274258351,2.423480366,-0.006163095,0.006385280,0.565695177,0.443278927,-3.005461190,450.000000000,42.672852277,-0.111036523,0.002776453,9.492166720,-114.121676382,115.624406978,-110.878323618,109.375593022,-21.336426139,-21.336426139
1786168196.304024458,24.850300080,0.000000000,NONE,0,0.050024911,-0.023499441,9.814248779,0.233412279,-0.087437390,7.009775148,-0.063207466,0.063937949,2.804473630,0.296619745,-0.265084766,2.989031530,0.439753277,-0.272319290,2.423622436,-0.003905000,0.007234524,0.565409093,0.443658278,-2.901940129,450.000000000,42.704753266,-0.110926482,0.002740262,9.494823495,-114.148220841,115.599190906,-110.851779159,109.400809094,-21.352376633,-21.352376633
1786168196.354054689,24.900330012,0.000000000,TARGET_UPDATED,0,0.050029324,-0.023499441,10.814248779,0.233412279,-0.087488230,7.131715895,-0.063173048,0.063988789,3.682532883,0.296585327,-0.280766045,2.987109089,0.443019354,-0.269793965,2.423803559,-0.001152348,-0.010972080,0.563305530,0.444171702,-4.783837029,450.000000000,42.754482970,-0.110789967,0.002744008,9.494950316,-113.677778322,116.069696836,-111.322221678,108.930303164,-21.377241485,-21.377241485
1786168196.403996229,24.950271539,0.000000000,NONE,0,0.049960078,-0.023499441,10.814248779,0.233412279,-0.087565180,7.278055993,-0.063133202,0.064065739,3.536192785,0.296545481,-0.277915598,2.986791956,0.446878040,-0.272663615,2.424019860,0.002002141,-0.005251983,0.562772096,0.444875900,-3.886381819,450.000000000,42.818722606,-0.110624154,0.002775634,9.492422589,-113.901510192,115.844701102,-111.098489808,109.155298898,-21.409361303,-21.409361303
1786168196.453999043,25.000274459,0.000000000,NONE,0,0.049933828,-0.023499441,10.814248779,0.233412279,-0.087732846,7.375634738,-0.063106339,0.064233404,3.438614041,0.296518618,-0.275828638,2.986623766,0.449248758,-0.273575882,2.424158914,0.004018449,-0.002252757,0.562464852,0.445230309,-3.705784738,450.000000000,42.847649649,-0.110513645,0.002742204,9.494952907,-113.947292042,115.800184411,-111.052707958,109.199815589,-21.423824824,-21.423824824
1786168196.503998518,25.050273750,0.000000000,NONE,0,0.050066127,-0.023499441,10.814248779,0.233412279,-0.088033189,7.522016244,-0.063067414,0.064533747,3.292232534,0.296479693,-0.272466630,2.986440364,0.452450390,-0.273923304,2.424351557,0.006614906,0.001456674,0.562088808,0.445835484,-3.381219138,450.000000000,42.906162469,-0.110348752,0.002749535,9.492737630,-114.027879623,115.718489192,-110.972120377,109.281510808,-21.453081235,-21.453081235
1786168196.553985596,25.100260853,0.000000000,NONE,0,0.049965395,-0.023499441,10.814248779,0.233412279,-0.088234215,7.619608817,-0.063044029,0.064734773,3.194639961,0.296456308,-0.270075732,2.986370716,0.454305312,-0.273263943,2.424467119,0.008156747,0.003188211,0.561903597,0.446148566,-3.254802926,450.000000000,42.933402663,-0.110238834,0.002719618,9.495259641,-114.060114179,115.687515642,-110.939885821,109.312484358,-21.466701332,-21.466701332
1786168196.603994131,25.150269615,0.000000000,NONE,0,0.050028719,-0.023499441,10.814248779,0.233412279,-0.088492237,7.765998908,-0.063013907,0.064992796,3.048249870,0.296426186,-0.266273754,2.986353347,0.456613694,-0.271893622,2.424616178,0.009980231,0.005619868,0.561737169,0.446633462,-2.997534463,450.000000000,42.981944050,-0.110074423,0.002731779,9.492998926,-114.123866116,115.622633347,-110.876133884,109.377366653,-21.490972025,-21.490972025
1786168196.654051542,25.200327004,0.000000000,NONE,0,0.050000749,-0.023499441,10.814248779,0.233412279,-0.088616993,7.863590298,-0.062997687,0.065117552,2.950658480,0.296409966,-0.263594722,2.986404468,0.457808503,-0.270401788,2.424697644,0.010964983,0.006807066,0.561706825,0.446843520,-2.883276185,450.000000000,43.002328106,-0.109964622,0.002703363,9.495495624,-114.153054860,115.594692952,-110.846945140,109.405307048,-21.501164053,-21.501164053
1786168196.704062700,25.250338151,0.000000000,NONE,0,0.050038643,-0.023499441,10.814248779,0.233412279,-0.088699052,7.985573879,-0.062980978,0.065199611,2.828674899,0.296393257,-0.260085789,2.986542048,0.458892299,-0.268370754,2.424776959,0.011827067,0.008284964,0.561765090,0.447065232,-2.700944042,450.000000000,43.029262895,-0.109827739,0.002712415,9.495445741,-114.198625425,115.549097446,-110.801374575,109.450902554,-21.514631448,-21.514631448
1786168196.754047394,25.300322978,0.000000000,NONE,0,0.049988116,-0.023499441,10.814248779,0.233412279,-0.088688097,8.107548718,-0.062968900,0.065188655,2.706700060,0.296381179,-0.256386098,2.986765032,0.459505026,-0.266027011,2.424830398,0.012315304,0.009640913,0.561934634,0.447189723,-2.530603209,450.000000000,43.047213935,-0.109689202,0.002737240,9.495080855,-114.241119412,115.506421016,-110.758880588,109.493578984,-21.523606967,-21.523606967
1786168196.804064989,25.350340354,0.000000000,TARGET_UPDATED,0,0.050054192,-0.023499441,11.814248779,0.233412279,-0.088566849,8.229511488,-0.062960152,0.065067407,3.584737291,0.296372431,-0.273469944,2.985225739,0.459645369,-0.263357063,2.424856592,0.012435980,-0.010112881,0.560369147,0.447209389,-4.569675405,450.000000000,43.057685449,-0.109549460,0.002749187,9.494748822,-113.731268354,116.016106057,-111.268731646,108.983893943,-21.528842724,-21.528842724
1786168196.854012251,25.400287595,0.000000000,NONE,0,0.049913774,-0.023499441,11.814248779,0.233412279,-0.088486268,8.351477253,-0.062954434,0.064986827,3.462771526,0.296366713,-0.271012898,2.985499768,0.459312433,-0.266714927,2.424854055,0.012170232,-0.004297971,0.560645712,0.447142201,-3.645921140,450.000000000,43.062402537,-0.109409882,0.002743890,9.494557659,-113.962159130,115.785119700,-111.037840870,109.214880300,-21.531201269,-21.531201269
1786168196.904023886,25.450299165,0.000000000,NONE,0,0.050021682,-0.023499441,11.814248779,0.233412279,-0.088569659,8.473458203,-0.062951926,0.065070218,3.340790576,0.296364205,-0.268333497,2.985869394,0.458478480,-0.268316323,2.424826491,0.011487782,-0.000017174,0.561042902,0.446990698,-3.351055406,450.000000000,43.061294288,-0.109271578,0.002728927,9.494574838,-114.035879858,115.711407561,-110.964120142,109.288592439,-21.530647144,-21.530647144
1786168196.953996181,25.500271767,0.000000000,NONE,0,0.049984220,-0.023499441,11.814248779,0.233412279,-0.088701494,8.595440174,-0.062952676,0.065202053,3.218808604,0.296364955,-0.265478522,2.986319217,0.457210137,-0.268533002,2.424771783,0.010438074,0.003054479,0.561547434,0.446772063,-3.118104025,450.000000000,43.055810310,-0.109134516,0.002710784,9.494701307,-114.094149321,115.653201333,-110.905850679,109.346798667,-21.527905155,-21.527905155
1786168197.003944159,25.550219663,0.000000000,NONE,0,0.049932989,-0.023499441,11.814248779,0.233412279,-0.088836065,8.717416853,-0.062956738,0.065336624,3.096831925,0.296369017,-0.262457435,2.986836917,0.455575642,-0.267948361,2.424693142,0.009080775,0.005490927,0.562143775,0.446494868,-2.908352764,450.000000000,43.046376740,-0.108998621,0.002693532,9.494887489,-114.146633681,115.600810063,-110.853366319,109.399189937,-21.523188370,-21.523188370
1786168197.054003000,25.600278247,0.000000000,NONE,0,0.050062861,-0.023499441,11.814248779,0.233412279,-0.088938906,8.839383377,-0.062963928,0.065439464,2.974865401,0.296376207,-0.259274107,2.987409263,0.453652135,-0.266726204,2.424594289,0.007483944,0.007452098,0.562814973,0.446168191,-2.720886887,450.000000000,43.033703635,-0.108863694,0.002679816,9.495130590,-114.193560926,115.554004369,-110.806439074,109.445995631,-21.516851818,-21.516851818
1786168197.103998184,25.650273711,0.000000000,NONE,0,0.049989726,-0.023499441,11.814248779,0.233412279,-0.088983235,8.961335977,-0.062973744,0.065483794,2.852912802,0.296386023,-0.255928102,2.988022859,0.451520449,-0.265015059,2.424479469,0.005720557,0.009086957,0.563543391,0.445799893,-2.546802571,450.000000000,43.018223289,-0.108729457,0.002671829,9.495342225,-114.237134914,115.510536199,-110.762865086,109.489463801,-21.509111644,-21.509111644
1786168197.153999090,25.700274583,0.000000000,NONE,0,0.050016614,-0.023499441,11.814248779,0.233412279,-0.088947431,9.083271709,-0.062985416,0.065447990,2.730977069,0.296397695,-0.252415652,2.988663627,0.449268457,-0.262902347,2.424353771,0.003867432,0.010486695,0.564309857,0.445401025,-2.382096985,450.000000000,43.000834094,-0.108595599,0.002669618,9.495518792,-114.278355452,115.469403944,-110.721644548,109.530596056,-21.500417047,-21.500417047
1786168197.204040289,25.750315632,0.000000000,TARGET_UPDATED,0,0.050054320,-0.023499441,12.814248779,0.233412279,-0.088813128,9.205188349,-0.062998193,0.065313686,3.609060429,0.296410472,-0.269454755,2.987513616,0.447034288,-0.260448542,2.424222568,0.001989482,-0.009006213,0.563291048,0.445044805,-4.393513389,450.000000000,42.987894925,-0.108463087,0.002647392,9.495998261,-113.775621218,115.972377912,-111.224378782,109.027622088,-21.493947462,-21.493947462
1786168197.254029989,25.800305510,0.000000000,NONE,0,0.049942681,-0.023499441,12.814248779,0.233412279,-0.088747115,9.327103786,-0.063011332,0.065247673,3.487144992,0.296423611,-0.267173814,2.988057020,0.444785397,-0.264296542,2.424088039,0.000168201,-0.002877271,0.563968981,0.444617196,-3.455303214,450.000000000,42.967619620,-0.108330298,0.002661062,9.496059000,-114.010188947,115.737840553,-110.989811053,109.262159447,-21.483809810,-21.483809810
1786168197.304068327,25.850343669,0.000000000,TARGET_UPDATED,0,0.050066861,0.020298668,11.271311756,0.771385360,-0.088838141,9.449027998,-0.063024092,0.109136809,1.822283758,0.834409452,-0.128723451,2.736310165,1.249395902,-0.265692269,2.423959712,-0.001611459,0.136968817,0.312350453,1.251007362,10.224129200,450.000000000,111.000000000,-0.108196686,0.002679093,9.496023909,-117.430038277,112.317973677,-107.569961723,112.682026323,-55.500000000,-55.500000000
1786168197.353988171,25.900263575,0.000000000,NONE,0,0.049926567,0.020298668,11.271311756,0.771385360,-0.087868285,9.570819113,-0.055109747,0.108166954,1.700492643,0.826495107,-0.109441511,2.555435408,1.235851433,-0.224913361,2.423890974,0.275383152,0.115471849,0.131544434,0.960468281,5.932506714,450.000000000,73.321722794,-0.108062340,0.002722014,9.495637389,-116.357036026,113.390782669,-108.642963974,111.609217331,-36.660861397,-36.660861397
1786168197.403998375,25.950273943,0.000000000,NONE,0,0.050009675,0.020298668,11.271311756,0.771385360,-0.085137002,9.692391448,-0.039435213,0.105435671,1.578920308,0.810820573,-0.091702650,2.374464714,1.211182891,-0.195593859,2.423707703,0.301786143,0.103891208,-0.049242989,0.909396748,5.609481750,426.271354227,74.567549993,-0.107928374,0.002756255,9.495372597,-110.344052144,107.539311269,-102.791624970,105.596365845,-37.283774997,-37.283774997
1786168197.454060555,26.000335849,0.000000000,TARGET_UPDATED,0,0.050059073,0.020298668,12.271311756,1.771385360,-0.082149406,9.788542697,-0.028726310,0.102448074,2.482769060,1.800111670,-0.188061283,2.996078858,1.496042924,-0.175179722,2.384250488,0.234363170,-0.012881562,0.611828370,1.261679754,-4.784333752,450.000000000,107.317518487,-0.107429594,0.017110409,9.322684330,-113.634587644,116.026754521,-111.365412356,108.973245479,-53.658759244,-53.658759244
1786168197.504012585,26.050287851,0.000000000,NONE,0,0.049938929,0.020298668,12.271311756,1.771385360,-0.078105859,9.908398397,-0.017941690,0.098404528,2.362913359,1.789327050,-0.180553015,2.994971334,1.499182215,-0.178551264,2.405792848,0.224642836,-0.002001751,0.589178487,1.274539379,-1.449004429,450.000000000,101.469678084,-0.106479465,0.017159927,9.256813763,-114.451952334,115.176454548,-110.548047666,109.823545452,-50.734839042,-50.734839042
1786168197.554030657,26.100305860,0.000000000,NONE,0,0.050005528,0.020298668,12.271311756,1.771385360,-0.074536845,10.029447665,-0.006378559,0.094835513,2.241864092,1.777763919,-0.173608426,2.995681258,1.498583970,-0.184403699,2.419081817,0.230134841,0.010795272,0.576599441,1.268449129,-0.525534397,450.000000000,100.669647482,-0.105819659,0.010321963,9.282992058,-114.689364415,114.952131614,-110.310635585,110.047868386,-50.334823741,-50.334823741
1786168197.604046106,26.150321435,0.000000000,NONE,0,0.050024867,0.020298668,12.271311756,1.771385360,-0.071138081,10.150822090,0.005025235,0.091436750,2.120489666,1.766360125,-0.167286189,2.996867936,1.496929492,-0.186102831,2.422422840,0.224134917,0.018816642,0.574445096,1.272794575,-0.036533100,450.000000000,101.182486005,-0.105509158,0.003676343,9.335164342,-114.824657810,114.842924360,-110.175342190,110.157075640,-50.591243002,-50.591243002
1786168197.654172659,26.200448181,0.000000000,NONE,0,0.050064826,0.020298668,12.271311756,1.771385360,-0.067832028,10.272270411,0.016233099,0.088130697,1.999041346,1.755152261,-0.161302944,2.998171548,1.494974492,-0.187235508,2.423080903,0.220142801,0.025932565,0.575090645,1.274831691,0.466645902,450.000000000,101.278907902,-0.105487250,-0.001417337,9.394910860,-114.965389191,114.732066240,-110.034610809,110.267933760,-50.639453951,-50.639453951
1786168197.704064608,26.250339882,0.000000000,NONE,0,0.049924782,0.020298668,12.271311756,1.771385360,-0.064581239,10.393724571,0.027359525,0.084879907,1.877587185,1.744025836,-0.144382942,2.819121262,1.493291634,-0.187968440,2.423020855,0.217409746,0.043585498,0.396100408,1.275881888,1.985102521,450.000000000,101.332767724,-0.105669406,-0.004728636,9.453147427,-115.359562487,114.367011227,-109.640437513,110.632988773,-50.666383862,-50.666383862
1786168197.753993511,26.300268761,0.000000000,NONE,0,0.049979950,0.020298668,12.271311756,1.771385360,-0.061262166,10.515155661,0.038448123,0.081560834,1.756156095,1.732937237,-0.127401533,2.638682913,1.491736650,-0.185070555,2.422778837,0.215295603,0.057669022,0.215904076,1.276441048,2.979916651,450.000000000,101.362061019,-0.105961632,-0.006162404,9.501455065,-115.620342929,114.130384603,-109.379657071,110.869615397,-50.681030510,-50.681030510
1786168197.804018497,26.350293957,0.000000000,NONE,0,0.050015899,0.020298668,12.271311756,1.771385360,-0.057719117,10.636542276,0.049530233,0.078017785,1.634769480,1.721855127,-0.110277286,2.458367791,1.490309459,-0.179909446,2.422481251,0.213572635,0.069632160,0.035886541,1.276736824,3.851009166,450.000000000,101.377491336,-0.106282946,-0.006084991,9.537017730,-115.847006724,113.921502141,-109.152993276,111.078497859,-50.688745668,-50.688745668
1786168197.854001760,26.400277144,0.000000000,NONE,0,0.049978358,0.020298668,12.271311756,1.771385360,-0.053868222,10.757872875,0.060628809,0.074166891,1.513438881,1.710756551,-0.092904146,2.278209969,1.489000873,-0.173176563,2.422159383,0.212086597,0.080272417,-0.143949415,1.276914277,4.633532335,386.301450411,101.387549969,-0.106570274,-0.004885577,9.558662257,-100.123411251,97.806645083,-93.027313955,95.344080122,-50.693774985,-50.693774985
1786168197.904119492,26.450394974,0.000000000,TARGET_UPDATED,0,0.050117938,0.020298668,13.271311756,1.771385360,-0.050059652,10.875352557,0.071733864,0.070358320,2.395959199,1.699651496,-0.185803628,2.996186800,1.496108843,-0.163342427,2.301173589,0.218121389,-0.022461200,0.695013212,1.277987454,-5.028931439,450.000000000,101.480534829,-0.105778242,0.033200544,9.125041282,-113.524027461,116.038493180,-111.475972539,108.961506820,-50.740267415,-50.740267415
1786168197.954065561,26.500340988,0.000000000,TARGET_UPDATED,0,0.049969067,0.020298668,14.271311756,1.771385360,-0.046726108,10.993140039,0.082804597,0.067024777,3.278171717,1.688580763,-0.202973721,2.991423373,1.503392123,-0.183075500,2.383218589,0.223668709,-0.019898221,0.608204784,1.279723414,-3.092963481,450.000000000,101.615379675,-0.104187986,0.027138613,9.068852449,-113.993972242,115.540453982,-111.006027758,109.459546018,-50.807689838,-50.807689838
1786168198.004085541,26.550360942,0.000000000,NONE,0,0.049940555,0.020298668,14.271311756,1.771385360,-0.044740905,11.089519497,0.091621028,0.065039573,3.181792259,1.679764332,-0.197277597,2.992552633,1.501902223,-0.198222468,2.409821761,0.222725335,0.000944871,0.582730872,1.279176888,-1.367527601,450.000000000,101.531438627,-0.103364856,0.016674307,9.117969327,-114.437610432,115.121374232,-110.562389568,109.878625768,-50.765719313,-50.765719313
1786168198.054011106,26.600286559,0.000000000,NONE,0,0.049974514,0.020298668,14.271311756,1.771385360,-0.043035913,11.210803523,0.102615008,0.063334581,3.060508233,1.668770352,-0.191364792,2.995032912,1.497717388,-0.213366927,2.419801095,0.219641282,0.022002135,0.575231816,1.278076106,0.010082781,450.000000000,101.443300562,-0.102905258,0.004682685,9.211402983,-114.805371441,114.800330051,-110.194628559,110.199669949,-50.721650281,-50.721650281
1786168198.104131937,26.650407185,0.000000000,TARGET_UPDATED,0,0.050139628,-1.944917243,12.880153854,0.395959420,-0.041993673,11.332359410,0.113590993,-1.902923569,1.547794444,0.282368427,-2.491142973,1.646421922,0.512736171,-0.224742352,2.421910841,0.216165139,-2.266400621,-0.775488919,0.296571032,-450.000000000,135.135263509,13.184536317,-0.102977200,-0.004710010,9.321411722,61.678504927,120.000000000,-116.236666343,-65.441838584,-6.592268159,-6.592268159
1786168198.153940439,26.700215840,0.000000000,NONE,0,0.049796720,-1.944917243,12.880153854,0.395959420,-0.064979017,11.440226289,0.115907294,-1.879938226,1.439927565,0.280052126,-2.539316971,1.572148069,0.506641347,-1.136016003,1.820015990,-0.090061470,-1.403300967,-0.247867921,0.596702817,-374.545059099,186.010856514,59.796336859,-0.100491250,0.110858087,7.976863075,38.110169815,120.000000000,-116.632653016,-41.477516800,-29.898168430,-29.898168430
1786168198.204104900,26.750380350,0.000000000,NONE,0,0.050113636,-1.944917243,12.880153854,0.395959420,-0.137734797,11.530070699,0.100612244,-1.807182446,1.350083154,0.295347176,-2.557688446,1.553058317,0.492450071,-1.873615949,1.597583554,-0.324639227,-0.684072497,-0.044525237,0.817089298,-338.856002898,187.102894887,73.593985694,-0.092133234,0.211189501,6.314141854,32.788953487,120.000000000,-117.152976138,-35.635977348,-36.796992847,-36.796992847
1786168198.254040718,26.800316254,0.000000000,NONE,0,0.049979655,-1.944917243,12.880153854,0.395959420,-0.235819975,11.616541558,0.079012555,-1.709097267,1.263612296,0.316946865,-2.560039660,1.562161183,0.481532798,-2.209701415,1.562423453,-0.437518369,-0.350338245,-0.000262270,0.919051166,-327.089271271,188.758657425,78.373649112,-0.081199703,0.248446805,5.075003067,30.696811982,120.000000000,-117.661840818,-33.034971164,-39.186824556,-39.186824556
1786168198.304125071,26.850400649,0.000000000,TARGET_UPDATED,0,0.050058534,-1.944917243,13.880153854,0.395959420,-0.345785306,11.702003922,0.055644768,-1.599131937,2.178149931,0.340314652,-1.961576296,2.261581564,0.545938554,-2.347987254,1.568902855,-0.491326045,0.386410958,0.692678709,1.037264598,-145.745564074,448.152200626,86.970025962,-0.069840705,0.243914325,4.218600202,-61.518177013,120.000000000,-118.307245700,59.825422713,-43.485012981,-43.485012981
1786168198.353991747,26.900266952,0.000000000,NONE,0,0.049890650,-1.944917243,13.880153854,0.395959420,-0.450654064,11.795797073,0.031813465,-1.494263179,2.084356781,0.364145955,-1.923610918,2.298469454,0.561350448,-2.025091498,1.932979260,-0.492479010,0.101480580,0.365490194,1.053829458,-176.231206163,421.013174618,86.100085352,-0.061451954,0.123738109,4.755394054,-49.741685550,120.000000000,-118.104161130,47.845846680,-43.050042676,-43.050042676
1786168198.404017687,26.950292979,0.000000000,NONE,0,0.050048511,-1.944917243,13.880153854,0.395959420,-0.541206899,11.901462504,0.008127709,-1.403710344,1.978691350,0.387831710,-1.910085925,2.316395241,0.569486677,-1.844486252,2.063114750,-0.488033234,-0.065599673,0.253280492,1.057519911,-181.411431175,424.933196191,86.100131301,-0.058902612,0.013824824,5.656475558,-48.858390493,120.000000000,-117.781778289,46.640168782,-43.050065651,-43.050065651
1786168198.454064846,27.000340188,0.000000000,NONE,0,0.050016924,-1.944917243,13.880153854,0.395959420,-0.626298835,12.009646739,-0.014588764,-1.318618407,1.870507115,0.410548184,-1.910388737,2.321505182,0.583322927,-1.769151923,2.087152920,-0.479735489,-0.141236814,0.234352262,1.063058416,-184.182245008,427.476311701,86.524821731,-0.060814707,-0.068206184,6.635836728,-48.506971321,120.000000000,-117.424203047,45.931174368,-43.262410866,-43.262410866
1786168198.504030943,27.050306340,0.000000000,NONE,0,0.049983379,-1.944917243,13.880153854,0.395959420,-0.708524474,12.118527560,-0.036095497,-1.236392768,1.761626294,0.432054917,-1.919659626,2.317987946,0.601539331,-1.736187836,2.086641622,-0.459160272,-0.183471790,0.231346324,1.060699603,-187.747558629,426.364380771,86.201780245,-0.065917366,-0.120987672,7.578453918,-47.521135029,120.000000000,-117.074381461,44.595516490,-43.100890123,-43.100890123
1786168198.554022551,27.100298040,0.000000000,NONE,0,0.050004437,-1.944917243,13.880153854,0.395959420,-0.789075285,12.227719590,-0.053424431,-1.155841958,1.652434264,0.449383851,-1.933387322,2.309801576,0.617420679,-1.731900132,2.076186385,-0.339351441,-0.201487191,0.233615190,0.956772120,-190.872058780,423.704283756,76.895683208,-0.072757581,-0.144553226,8.368603001,-46.463334464,120.000000000,-116.775855179,43.239189643,-38.447841604,-38.447841604
1786168198.604039907,27.150315225,0.000000000,NONE,0,0.049987980,-1.944917243,13.880153854,0.395959420,-0.868604487,12.337177111,-0.062979480,-1.076312755,1.542976743,0.458938900,-1.834490637,2.162738291,0.627990914,-1.741444785,2.064530476,-0.182731681,-0.093045852,0.098207815,0.810722595,-164.062213826,362.446368474,65.828888736,-0.080045793,-0.145416458,8.968294957,-46.467541381,120.000000000,-115.980422534,42.447963915,-32.914444368,-32.914444368
1786168198.654083490,27.200359023,0.000000000,TARGET_UPDATED,0,0.050056823,-1.944917243,14.880153854,0.395959420,-0.947335012,12.446945919,-0.065020860,-0.997582231,2.433207934,0.460980280,-1.411878831,2.654062654,0.663838036,-1.747984688,2.057601774,-0.049966188,0.336105857,0.596460880,0.713804224,-66.452714028,450.000000000,60.030128638,-0.086079404,-0.103451800,9.039954987,-89.650097314,120.000000000,-115.871323570,85.521420884,-30.015064319,-30.015064319
1786168198.704112530,27.250387919,0.000000000,NONE,0,0.049994804,-1.944917243,14.880153854,0.395959420,-1.005320568,12.538306736,-0.062766277,-0.939596675,2.341847117,0.458725697,-1.398887695,2.663596442,0.649486766,-1.574657399,2.203375153,0.024096359,0.175769703,0.460221288,0.625390407,-86.106913699,450.000000000,54.008868337,-0.090024794,-0.102348275,9.353552503,-82.113369221,120.000000000,-115.884481571,77.997850792,-27.004434168,-27.004434168
1786168198.754002571,27.300277990,0.000000000,NONE,0,0.049935231,-1.944917243,14.880153854,0.395959420,-1.068764391,12.656954876,-0.057371231,-0.876152851,2.223198977,0.453330651,-1.388790995,2.671875506,0.628279699,-1.445175326,2.256155582,0.061975297,0.056384331,0.415719924,0.566304402,-91.109675608,450.000000000,50.458055254,-0.095058870,-0.100977618,9.752065571,-80.305244472,120.000000000,-115.751210218,76.056454690,-25.229027627,-25.229027627
1786168198.803977728,27.350252923,0.000000000,NONE,0,0.049955953,-1.944917243,14.880153854,0.395959420,-1.127571257,12.776180709,-0.051918059,-0.817345985,2.103973145,0.447877479,-1.381090068,2.677109828,0.614011584,-1.385605433,2.258001367,0.038901950,0.004515365,0.419108461,0.575109634,-91.851627356,450.000000000,52.433934265,-0.099835004,-0.090062743,10.034982244,-80.056304715,120.000000000,-115.636067814,75.692372530,-26.216967132,-26.216967132
1786168198.854023457,27.400298708,0.000000000,NONE,0,0.050035320,-1.944917243,14.880153854,0.395959420,-1.183885127,12.895345811,-0.048710788,-0.761032115,1.984808043,0.444670208,-1.373462075,2.681448975,0.606901481,-1.352655160,2.255253155,-0.013687156,-0.020806915,0.426195820,0.620588637,-91.836931342,450.000000000,56.350142582,-0.103925819,-0.072664517,10.198665148,-80.073474134,120.000000000,-115.566083689,75.639557823,-28.175071291,-28.175071291
1786168198.904033184,27.450308752,0.000000000,NONE,0,0.050029616,-1.944917243,14.880153854,0.395959420,-1.238631806,13.014511616,-0.048243732,-0.706285437,1.865642238,0.444203151,-1.361001635,2.679319585,0.605531398,-1.333023928,2.253623107,-0.063510461,-0.027977707,0.425696478,0.669041859,-90.279712574,450.000000000,59.801420957,-0.107087141,-0.052240122,10.258041999,-80.643696390,120.000000000,-115.528135792,76.171832182,-29.900710479,-29.900710479
1786168198.954013109,27.500288616,0.000000000,NONE,0,0.049980127,-1.944917243,14.880153854,0.395959420,-1.292278923,13.133776214,-0.049692047,-0.652638320,1.746377640,0.445651467,-1.261693070,2.510344914,0.611266690,-1.318569338,2.254955812,-0.090273112,0.056876268,0.255389101,0.701539802,-70.921106557,450.000000000,61.758003411,-0.109222510,-0.031122351,10.228611686,-87.954298027,120.000000000,-115.378201813,83.332499841,-30.879001706,-30.879001706
1786168199.004053831,27.550329121,0.000000000,NONE,0,0.050023079,-1.944917243,14.880153854,0.395959420,-1.344189559,13.253746948,-0.051725471,-0.600727684,1.626406906,0.447684891,-1.161908416,2.341778866,0.616971781,-1.274993763,2.281300167,-0.091817734,0.113085346,0.060478700,0.708789514,-56.583112763,420.767252505,61.760193366,-0.110344592,-0.010628336,10.124477694,-92.142260756,120.000000000,-115.015384524,87.157645280,-30.880096683,-30.880096683
1786168199.053990841,27.600266223,0.000000000,NONE,0,0.049958891,-1.944917243,14.880153854,0.395959420,-1.393226527,13.374804537,-0.053250936,-0.551690716,1.505349317,0.449210355,-1.062743713,2.172995467,0.621435514,-1.218518921,2.306605129,-0.078048919,0.155775207,-0.133609662,0.699484434,-43.763102714,350.764128815,60.777655622,-0.110177026,0.022687119,9.788926454,-79.197488139,101.079039496,-96.184576269,74.303024912,-30.388827811,-30.388827811
1786168199.104148388,27.650423809,0.000000000,TARGET_UPDATED,0,0.050149872,-1.944917243,15.880153854,0.395959420,-1.439422306,13.493156653,-0.053898062,-0.505494937,2.386997201,0.449857481,-0.918934237,2.871642309,0.603793641,-1.145697733,2.204014802,-0.053422093,0.226763496,0.667627508,0.657215734,-25.342144443,450.000000000,57.162253760,-0.107573764,0.085029988,8.968026456,-107.441695360,120.000000000,-115.555892734,102.997588094,-28.581126880,-28.581126880
1786168199.154100418,27.700375773,0.000000000,TARGET_UPDATED,0,0.049961488,-1.944917243,16.880153854,0.395959420,-1.481559355,13.611526165,-0.053814468,-0.463357888,3.268627688,0.449773888,-0.704742437,2.932447718,0.599379441,-1.043509061,2.327702559,-0.040470093,0.338766624,0.604745160,0.639849535,-1.196727385,450.000000000,56.441875717,-0.103290832,0.083371445,8.652298440,-114.363892764,114.962256456,-110.636107236,110.037743544,-28.220937859,-28.220937859
1786168199.204018593,27.750294016,0.000000000,NONE,0,0.049928259,-1.944917243,16.880153854,0.395959420,-1.517405608,13.734458306,-0.053409403,-0.427511635,3.145695548,0.449368823,-0.672130816,2.942313139,0.587691517,-0.904422272,2.393263488,-0.047237585,0.232291456,0.549049651,0.634929102,-9.811771376,450.000000000,56.346487123,-0.100278535,0.056146344,8.693579147,-112.220451943,117.126337631,-112.779548057,107.873662369,-28.173243562,-28.173243562
1786168199.254147530,27.800422915,0.000000000,NONE,0,0.049910170,-1.944917243,16.880153854,0.395959420,-1.547700375,13.858334767,-0.052997246,-0.397216867,3.021819087,0.448956666,-0.647262582,2.949887179,0.576828812,-0.817540288,2.409682804,-0.058239622,0.170277706,0.540204375,0.635068434,-11.073067743,450.000000000,56.457582032,-0.098698689,0.030333345,8.835173567,-111.940526456,117.477060328,-113.059473544,107.522939672,-28.228791016,-28.228791016
1786168199.303997040,27.850272194,0.000000000,NONE,0,0.050059412,-1.944917243,16.880153854,0.395959420,-1.574951395,13.982227334,-0.052788925,-0.369965848,2.897926520,0.448748345,-0.628243525,2.955447307,0.568977337,-0.765387603,2.412620716,-0.069006532,0.137144077,0.542826592,0.637983869,-11.319777861,450.000000000,56.717110334,-0.098287917,0.009292058,9.022565172,-111.925696828,117.585585758,-113.074303172,107.414414242,-28.358555167,-28.358555167
1786168199.354007244,27.900282570,0.000000000,NONE,0,0.050007972,-1.944917243,16.880153854,0.395959420,-1.600164876,14.105968072,-0.052809056,-0.344752367,2.774185782,0.448768476,-0.613578302,2.959502236,0.563917335,-0.730873252,2.412425297,-0.076919627,0.117294950,0.547076939,0.640836962,-11.374055360,450.000000000,56.915640104,-0.098747880,-0.006076413,9.222923304,-111.962216986,117.649244666,-113.037783014,107.350755334,-28.457820052,-28.457820052
1786168199.404052019,27.950327233,0.000000000,NONE,0,0.050030615,-1.944917243,16.880153854,0.395959420,-1.623928577,14.229572107,-0.052970209,-0.320988666,2.650581746,0.448929629,-0.601882064,2.962496636,0.561080866,-0.707549570,2.411759458,-0.080921995,0.105667506,0.550737179,0.642002861,-11.226367349,450.000000000,56.963503962,-0.099760265,-0.015246426,9.405596392,-112.044807261,117.657990935,-112.955192739,107.342009065,-28.481751981,-28.481751981
1786168199.454154015,28.000429317,0.000000000,NONE,0,0.050125642,-1.944917243,16.880153854,0.395959420,-1.646624619,14.353080818,-0.053161435,-0.298292623,2.527073036,0.449120855,-0.591890980,2.964774706,0.560020074,-0.691141817,2.411256118,-0.081370432,0.099250837,0.553518588,0.641390506,-10.935512377,450.000000000,56.885119001,-0.101012608,-0.018562231,9.549068501,-112.153389031,117.621145220,-112.846610969,107.378854780,-28.442559500,-28.442559500
1786168199.504052162,28.050327691,0.000000000,TARGET_UPDATED,0,0.049896222,-2.278660350,15.983038526,-0.240498571,-1.668500182,14.476526229,-0.053302240,-0.610160168,1.506512297,-0.187196331,-1.161590182,2.140893663,-0.300576562,-0.678810295,2.411013036,-0.079257288,-0.482779887,-0.270119373,-0.221319274,-105.060701839,319.341097633,-20.787952899,-0.102249835,-0.017411043,9.646738516,-55.981783577,108.512134497,-103.688765239,51.158414320,10.393976450,10.393976450
1786168199.554157734,28.100433157,0.000000000,TARGET_UPDATED,0,0.050047854,-2.278660350,17.983038526,-0.240498571,-1.696701204,14.593587014,-0.062876235,-0.581959145,3.389451512,-0.177622337,-0.819060440,2.878945258,-0.334366582,-0.919420820,2.169806137,-0.364575345,0.100360380,0.709139121,0.030208763,-14.389216103,450.000000000,19.135598525,-0.099279494,0.096216824,8.282770050,-110.973388487,118.167996538,-114.026611513,106.832003462,-9.567799262,-9.567799262
1786168199.604086637,28.150361758,0.000000000,NONE,0,0.049858694,-2.278660350,17.983038526,-0.240498571,-1.722977733,14.687332838,-0.077744840,-0.555682617,3.295705688,-0.162753731,-0.797142571,2.886754904,-0.301346304,-0.885256486,2.312719414,-0.390284859,0.088113915,0.574035490,0.088938555,-25.329222367,450.000000000,19.401075250,-0.095574538,0.075841071,8.199661557,-107.427817510,120.000000000,-115.930090551,103.357908060,-9.700537625,-9.700537625
1786168199.654050827,28.200326157,0.000000000,NONE,0,0.050070557,-2.278660350,17.983038526,-0.240498571,-1.753085209,14.809664995,-0.093315361,-0.525575141,3.173373531,-0.147183210,-0.777711328,2.892807054,-0.274907180,-0.837224373,2.389286929,-0.292925852,0.059513044,0.503520125,0.018018672,-25.909557148,450.000000000,11.842810817,-0.092761519,0.035059533,8.391724671,-107.160278222,120.000000000,-115.841402869,103.001681091,-5.921405408,-5.921405408
1786168199.704094648,28.250370001,0.000000000,NONE,0,0.050029287,-2.278660350,17.983038526,-0.240498571,-1.782162341,14.933336866,-0.103165052,-0.496498009,3.049701660,-0.137333519,-0.764285472,2.897291558,-0.252993005,-0.809423957,2.407864314,-0.186949573,0.045138484,0.489427244,-0.066043432,-25.499409844,450.000000000,5.692952563,-0.091731714,0.000586560,8.663248541,-107.359912507,120.000000000,-115.705617495,103.065530002,-2.846476281,-2.846476281
1786168199.754032373,28.300307756,0.000000000,NONE,0,0.049960705,-2.278660350,17.983038526,-0.240498571,-1.810488011,15.057177930,-0.109266767,-0.468172339,2.925860596,-0.131231804,-0.755421471,2.900763064,-0.231648592,-0.790949640,2.412278150,-0.121265900,0.035528170,0.488484914,-0.110382692,-25.337566836,450.000000000,3.379222147,-0.092173879,-0.025480614,8.968503564,-107.443857485,120.000000000,-115.555618674,102.999476159,-1.689611073,-1.689611073
1786168199.804014683,28.350290051,0.000000000,NONE,0,0.049972294,-2.278660350,17.983038526,-0.240498571,-1.838126224,15.180986648,-0.113172399,-0.440534126,2.802051878,-0.127326172,-0.749812655,2.903365204,-0.211490830,-0.778739328,2.412748279,-0.074367945,0.028926673,0.490616925,-0.137122885,-25.269932503,450.000000000,1.856364781,-0.093695005,-0.041716846,9.261920334,-107.483209277,120.000000000,-115.412353456,102.895562732,-0.928182391,-0.928182391
1786168199.854101181,28.400376600,0.000000000,NONE,0,0.050072977,-2.278660350,17.983038526,-0.240498571,-1.865151526,15.304745202,-0.115565173,-0.413508824,2.678293324,-0.124933398,-0.746020357,2.905333607,-0.193930541,-0.770658249,2.412117641,-0.038395776,0.024637892,0.493215966,-0.155534765,-25.209580777,450.000000000,0.731038570,-0.095831783,-0.048378032,9.509071585,-107.517915069,120.000000000,-115.291748792,102.809663861,-0.365519285,-0.365519285
1786168199.904058218,28.450333600,0.000000000,TARGET_UPDATED,0,0.049988140,-2.278660350,18.983038526,-0.240498571,-1.891619862,15.428479808,-0.116874206,-0.387040488,3.554558718,-0.123624365,-0.620267607,2.935316398,-0.183227872,-0.764826433,2.411421372,-0.010845070,0.144558826,0.523895026,-0.172382802,-7.329792616,450.000000000,-0.421972337,-0.098144010,-0.047064033,9.690721850,-113.090232308,116.755128616,-111.909767692,108.244871384,0.210986168,0.210986168
1786168199.954078674,28.500354138,0.000000000,NONE,0,0.049976482,-2.278660350,18.983038526,-0.240498571,-1.916305639,15.552334672,-0.117391369,-0.362354710,3.430703853,-0.123107203,-0.615442159,2.936984829,-0.171611995,-0.713153836,2.419163535,0.008784805,0.097711678,0.517821293,-0.180396800,-13.190097970,450.000000000,-0.810774677,-0.100285822,-0.040164651,9.803096785,-111.653249704,118.248298689,-113.346750296,106.751701311,0.405387338,0.405387338
1786168200.004037857,28.550313188,0.000000000,NONE,0,0.049995029,-2.278660350,18.983038526,-0.240498571,-1.938460817,15.676271213,-0.117327839,-0.340199533,3.306767313,-0.123170732,-0.611236350,2.938325769,-0.163605066,-0.679481326,2.422139135,0.024107700,0.068244976,0.516186633,-0.187712767,-14.362288263,450.000000000,-1.313563191,-0.102021214,-0.030080567,9.851288417,-111.372250039,118.553394170,-113.627749961,106.446605830,0.656781596,0.656781596
1786168200.054057360,28.600332911,0.000000000,NONE,0,0.049979242,-2.278660350,18.983038526,-0.240498571,-1.959155325,15.800192685,-0.116833826,-0.319505025,3.182845841,-0.123664745,-0.606391816,2.939624913,-0.159070784,-0.657421062,2.423113798,0.034844148,0.051029246,0.516511115,-0.193914933,-14.867622088,450.000000000,-1.730321620,-0.103233590,-0.018847780,9.846269732,-111.244661911,118.678472955,-113.755338089,106.321527045,0.865160810,0.865160810
1786168200.104089737,28.650365334,0.000000000,TARGET_UPDATED,0,0.050078852,-3.260717047,18.236632042,0.360504907,-1.978800364,15.924072369,-0.116049814,-1.281916684,2.312559674,0.476554721,-1.719656810,2.451568977,0.737275328,-0.640604276,2.423581082,0.040974782,-1.079052534,0.027987895,0.696300546,-228.451704385,450.000000000,78.502567381,-0.103894453,-0.007898010,9.800046868,-40.336695181,120.000000000,-116.582629475,36.919324656,-39.251283690,-39.251283690
1786168200.154019117,28.700294494,0.000000000,NONE,0,0.049927199,-3.260717047,18.236632042,0.360504907,-2.008598423,16.041715757,-0.106516756,-1.252118625,2.194916285,0.467021663,-1.757197191,2.424356172,0.724914450,-1.011852293,2.172189738,0.371166713,-0.745344898,0.252166434,0.353747737,-185.424394699,450.000000000,29.895379871,-0.104190048,-0.000305866,9.758176902,-51.024400400,120.000000000,-116.370077929,47.394478329,-14.947689936,-14.947689936
1786168200.204020739,28.750296179,0.000000000,NONE,0,0.049991381,-3.260717047,18.236632042,0.360504907,-2.056376912,16.154052807,-0.084428555,-1.204340135,2.082579235,0.444933462,-1.781371317,2.408366913,0.686955646,-1.290495337,2.109822306,0.496561150,-0.490875980,0.298544607,0.190394497,-175.842865786,450.000000000,22.058830023,-0.104354447,0.006660429,9.712099507,-53.597737264,120.000000000,-116.332490486,49.930227750,-11.029415012,-11.029415012
1786168200.254131317,28.800406505,0.000000000,NONE,0,0.050015049,-3.260717047,18.236632042,0.360504907,-2.113788882,16.266670612,-0.062519793,-1.146928165,1.969961430,0.423024700,-1.795987800,2.401349105,0.640771072,-1.445113606,2.108557371,0.404970470,-0.350874194,0.292791733,0.235800601,-172.236975167,450.000000000,29.413890946,-0.104306083,0.012197723,9.663291195,-54.583230550,120.000000000,-116.329816570,50.913047120,-14.706945473,-14.706945473
1786168200.304145813,28.850421045,0.000000000,NONE,0,0.050047754,-3.260717047,18.236632042,0.360504907,-2.176579901,16.379960746,-0.047497947,-1.084137146,1.856671296,0.408002854,-1.804293269,2.398973736,0.603324170,-1.524409420,2.117083557,0.227370866,-0.279883848,0.281890179,0.375953305,-170.791752847,450.000000000,41.117110802,-0.104036404,0.016883851,9.605269206,-54.977451908,120.000000000,-116.343154348,51.320606256,-20.558555401,-20.558555401
1786168200.353998423,28.900273690,0.000000000,NONE,0,0.049936336,-3.260717047,18.236632042,0.360504907,-2.229010224,16.470882578,-0.041529161,-1.031706824,1.765749465,0.402034068,-1.808079062,2.398851209,0.583124013,-1.555320552,2.123460428,0.085578389,-0.252758510,0.275390781,0.497545624,-170.698185943,450.000000000,49.263140402,-0.103651663,0.018937845,9.564301879,-54.999202050,120.000000000,-116.357973867,51.357175918,-24.631570201,-24.631570201
1786168200.404040337,28.950315731,0.000000000,NONE,0,0.050010243,-3.260717047,18.236632042,0.360504907,-2.296163291,16.584628310,-0.041056712,-0.964553757,1.652003733,0.401561618,-1.733831813,2.294281884,0.571616059,-1.573353373,2.128068532,-0.073172325,-0.160478440,0.166213352,0.644788384,-151.318241923,411.958768112,60.079438933,-0.103057455,0.020512962,9.511321999,-56.597210470,120.000000000,-116.014728038,52.611938507,-30.039719466,-30.039719466
1786168200.454027891,29.000303131,0.000000000,NONE,0,0.049991392,-3.260717047,18.236632042,0.360504907,-2.364236740,16.698411291,-0.046015848,-0.896480308,1.538220751,0.406520754,-1.617559525,2.135353414,0.572407247,-1.573686586,2.134642296,-0.157221399,-0.043872939,0.000711118,0.729628646,-125.246616560,346.979451868,64.771102669,-0.102015752,0.036042522,9.282889930,-57.572941370,120.000000000,-115.373100449,52.946041819,-32.385551334,-32.385551334
1786168200.504090071,29.050365494,0.000000000,TARGET_UPDATED,0,0.050080735,-3.260717047,19.236632042,0.360504907,-2.432418519,16.812260445,-0.052210004,-0.828298528,2.424371597,0.412714911,-1.296737545,2.702853124,0.629529444,-1.565681713,2.139589703,-0.158677913,0.268944167,0.563263421,0.788207357,-57.955040114,450.000000000,68.344200473,-0.099222433,0.084120925,8.588578692,-93.072536140,120.000000000,-116.009516310,89.082052450,-34.172100236,-34.172100236
1786168200.554041862,29.100317257,0.000000000,NONE,0,0.049946613,-3.260717047,19.236632042,0.360504907,-2.496050831,16.929203411,-0.056794513,-0.764666217,2.307428631,0.417299420,-1.263166365,2.720594925,0.628161047,-1.398742993,2.271199826,-0.103531564,0.135576629,0.449395099,0.731692611,-70.770509259,450.000000000,62.086979697,-0.095170612,0.072575462,8.389394470,-87.902098964,120.000000000,-116.194997658,84.097096622,-31.043489848,-31.043489848
1786168200.604034662,29.150310055,0.000000000,NONE,0,0.049992181,-3.260717047,19.236632042,0.360504907,-2.551691314,17.049691286,-0.058670432,-0.709025733,2.186940756,0.419175339,-1.237329427,2.735520783,0.617482674,-1.286330431,2.308057567,-0.049240846,0.049001004,0.427463217,0.666723520,-71.943462750,450.000000000,57.371061398,-0.092422698,0.040482367,8.499733140,-87.449047902,120.000000000,-116.154280101,83.603328003,-28.685530699,-28.685530699
1786168200.654057264,29.200332512,0.000000000,NONE,0,0.049981637,-3.260717047,19.236632042,0.360504907,-2.603428112,17.170390377,-0.058158894,-0.657288935,2.066241666,0.418663801,-1.215967859,2.747219735,0.607111598,-1.225458503,2.312009505,-0.012103313,0.009490645,0.435210230,0.619214912,-70.872559135,450.000000000,54.394522548,-0.091109998,0.011866783,8.689980676,-87.880254146,120.000000000,-116.061663722,83.941917868,-27.197261274,-27.197261274
1786168200.704065084,29.250340389,0.000000000,TARGET_UPDATED,0,0.050056458,-3.774606787,19.484517185,-0.082141635,-2.652778784,17.290952858,-0.056340277,-1.121828003,2.193564327,-0.025801358,-1.594872199,2.539046179,-0.105475195,-1.186632349,2.312641396,0.002153855,-0.408239850,0.226404783,-0.107629050,-154.308208141,450.000000000,-10.057210584,-0.091048560,-0.011242346,8.925272069,-59.608695303,120.000000000,-116.506933549,56.115628851,5.028605292,5.028605292
1786168200.754014492,29.300289853,0.000000000,NONE,0,0.049945698,-3.774606787,19.484517185,-0.082141635,-2.705388056,17.408508456,-0.060803559,-1.069218731,2.076008729,-0.021338077,-1.605763941,2.532461564,-0.095838648,-1.308115648,2.206753400,-0.250255775,-0.297648293,0.325708164,0.154417127,-138.783719401,450.000000000,28.055820451,-0.091962323,-0.026005695,9.155192803,-64.295157956,120.000000000,-116.325299746,60.620457702,-14.027910225,-14.027910225
1786168200.803986073,29.350261578,0.000000000,NONE,0,0.049983065,-3.774606787,19.484517185,-0.082141635,-2.764123594,17.523478517,-0.073048540,-1.010483193,1.961038668,-0.009093095,-1.611847300,2.529240802,-0.071241065,-1.388861872,2.182047091,-0.294007620,-0.222985428,0.347193711,0.222766554,-135.963750280,450.000000000,28.961110505,-0.093470997,-0.034617129,9.371344988,-65.188347997,120.000000000,-116.222089350,61.410437346,-14.480555252,-14.480555252
1786168200.854154825,29.400430196,0.000000000,NONE,0,0.050027594,-3.774606787,19.484517185,-0.082141635,-2.813051397,17.615394179,-0.081624196,-0.961555390,1.869123006,-0.000517439,-1.614941578,2.527650505,-0.054288373,-1.429041846,2.178447666,-0.240741528,-0.185899733,0.349202839,0.186453155,-134.972024180,450.000000000,24.325853466,-0.094862154,-0.037031687,9.516274576,-65.510641890,120.000000000,-116.158198735,61.668840625,-12.162926733,-12.162926733
1786168200.904031515,29.450306780,0.000000000,NONE,0,0.049993558,-3.774606787,19.484517185,-0.082141635,-2.875484152,17.730528249,-0.088284771,-0.899122635,1.753988936,0.006143135,-1.593488260,2.490043195,-0.039837623,-1.463355125,2.176980262,-0.140950331,-0.130133136,0.313062933,0.101112708,-127.971556857,450.000000000,17.370860651,-0.096608638,-0.036730766,9.662643711,-67.734196519,120.000000000,-116.053608710,63.787805229,-8.685430325,-8.685430325
1786168200.954010010,29.500285426,0.000000000,NONE,0,0.049993628,-3.774606787,19.484517185,-0.082141635,-2.938424847,17.846109777,-0.090088541,-0.836181939,1.638407408,0.007946906,-1.487481376,2.323701461,-0.031712435,-1.475842672,2.183622277,-0.048196239,-0.011638704,0.140079184,0.016483803,-104.027067773,419.519670557,11.461072420,-0.098201454,-0.032858089,9.761161165,-73.185586995,120.000000000,-115.607267993,68.792854989,-5.730536210,-5.730536210
1786168201.004024506,29.550299905,0.000000000,NONE,0,0.050004762,-3.774606787,19.484517185,-0.082141635,-3.000525960,17.962595688,-0.088405832,-0.774080826,1.521921497,0.006264197,-1.380375571,2.157197922,-0.030042908,-1.454451711,2.205819359,0.009491271,0.074076139,-0.048621437,-0.039534179,-84.885347283,350.737344175,8.111366052,-0.099168981,-0.012285433,9.642754582,-68.873687868,111.316361510,-106.494984219,64.052310577,-4.055683026,-4.055683026
1786168201.054100513,29.600375892,0.000000000,TARGET_UPDATED,0,0.050081583,-3.774606787,20.484517185,-0.082141635,-3.060798284,18.078402457,-0.085191381,-0.713808503,2.406114728,0.003049746,-1.130244058,2.778895170,-0.017633199,-1.411073491,2.167939423,0.030528240,0.280829433,0.610955747,-0.048161440,-40.101362452,450.000000000,8.454240633,-0.098082417,0.046497062,8.977828714,-100.715831958,120.000000000,-115.682691385,96.398523344,-4.227120317,-4.227120317
1786168201.104135990,29.650411366,0.000000000,TARGET_UPDATED,0,0.050046562,-3.774606787,21.484517185,-0.082141635,-3.116208643,18.196328389,-0.082205835,-0.658398144,3.288188796,0.000064200,-0.866262716,2.872116652,-0.023126900,-1.267222096,2.300543905,0.020686783,0.400959380,0.571572747,-0.043813683,-9.469423871,450.000000000,9.016625651,-0.095382824,0.047033494,8.766044157,-112.324155071,117.058867007,-112.675844929,107.941132993,-4.508312826,-4.508312826
1786168201.154001474,29.700276880,0.000000000,NONE,0,0.049863063,-3.774606787,21.484517185,-0.082141635,-3.162587263,18.319181552,-0.080492338,-0.612019524,3.165335633,-0.001649298,-0.843603477,2.878636930,-0.042293273,-1.080754941,2.387858145,-0.013972076,0.237151464,0.490778785,-0.028321197,-23.129239301,450.000000000,10.324219980,-0.094067344,0.018883507,8.951686592,-108.485299596,120.000000000,-115.543476900,104.028776496,-5.162109990,-5.162109990
1786168201.204055309,29.750330640,0.000000000,NONE,0,0.050038017,-3.774606787,21.484517185,-0.082141635,-3.201710695,18.443603515,-0.080331711,-0.572896092,3.040913670,-0.001809924,-0.829340913,2.882583082,-0.053998088,-0.977131235,2.409855652,-0.048887806,0.147790321,0.472727430,-0.005110282,-25.849673560,450.000000000,12.102021067,-0.093881783,0.001861228,9.116459817,-107.207515685,120.000000000,-115.488447119,102.695962804,-6.051010534,-6.051010534
1786168201.253956079,29.800231519,0.000000000,NONE,0,0.049895443,-3.774606787,21.484517185,-0.082141635,-3.237154138,18.568037137,-0.081292952,-0.537452649,2.916480049,-0.000848683,-0.819340711,2.885371285,-0.057575766,-0.918467289,2.409798176,-0.067328152,0.099126578,0.475573109,0.009752385,-27.169967463,450.000000000,12.976661779,-0.094435204,-0.009929243,9.288061986,-106.595365281,120.000000000,-115.417621374,102.012986655,-6.488330890,-6.488330890
1786168201.304070711,29.850345944,0.000000000,TARGET_UPDATED,0,0.050134022,-2.784613930,19.695424108,-2.234877774,-3.270264258,18.692175749,-0.082635241,0.485650328,1.003248360,-2.152242533,0.537508017,1.525164473,-1.558934368,-0.881198942,2.406770340,-0.067189923,1.418706959,-0.881605867,-1.491744445,125.144036135,99.177427575,-89.000000000,-0.095414753,-0.016612214,9.442822697,-58.441071602,-4.130946466,8.852357815,53.719660253,44.500000000,44.500000000
1786168201.354031563,29.900306933,0.000000000,NONE,0,0.049940795,-2.784613930,19.695424108,-2.234877774,-3.288770211,18.776427860,-0.091241336,0.504156281,0.918996249,-2.143636439,0.561029015,1.415618271,-1.550293066,-0.512976533,1.829048585,-0.365520147,1.074005548,-0.413430314,-1.184772919,72.498128301,139.028450223,-64.858254749,-0.092954636,0.134671502,7.742460625,-54.817259787,18.568195637,-14.696965324,50.946029475,32.429127374,32.429127374
1786168201.403996944,29.950272208,0.000000000,NONE,0,0.049991895,-2.784613930,19.695424108,-2.234877774,-3.294846861,18.858883014,-0.116968190,0.510232931,0.836541095,-2.117909584,0.569960532,1.322035287,-1.528947235,-0.178018005,1.551101498,-0.578471740,0.747978537,-0.229066211,-0.950475495,53.817690045,124.774675089,-49.941193767,-0.081790320,0.267963771,5.524570339,-46.029233868,19.120388846,-16.358103676,43.266948699,24.970596884,24.970596884
1786168201.454000711,30.000276120,0.000000000,NONE,0,0.050001736,-2.784613930,19.695424108,-2.234877774,-3.289133638,18.931678458,-0.150012693,0.504519708,0.763745650,-2.084865081,0.567056814,1.229747504,-1.517011748,0.043995668,1.421950935,-0.662739351,0.523061146,-0.192203431,-0.854272397,42.201630032,105.993269611,-45.991047488,-0.066615383,0.308110181,3.915773073,-38.027668179,16.926853163,-14.968966626,36.069781643,22.995523744,22.995523744
1786168201.504036665,30.050311891,0.000000000,NONE,0,0.050015830,-2.784613930,19.695424108,-2.234877774,-3.274916087,18.997671705,-0.185663441,0.490302157,0.697752404,-2.049214333,0.553782237,1.140041108,-1.509951789,0.213320083,1.313135217,-0.696970558,0.340462153,-0.173094109,-0.812981231,31.391796793,90.497626423,-44.219430103,-0.050790556,0.302968709,2.706282310,-31.148926382,15.453027985,-14.099886830,29.795785227,22.109715052,22.109715052
1786168201.553952932,30.100228329,0.000000000,NONE,0,0.049922573,-2.784613930,19.695424108,-2.234877774,-3.254528627,19.057992736,-0.222330737,0.469914696,0.637431373,-2.012547037,0.532725208,1.054438795,-1.505132711,0.334028726,1.216133728,-0.713836649,0.198696482,-0.161694933,-0.791296063,22.610521998,76.635470316,-43.112405959,-0.036147704,0.272959079,1.838559550,-25.271137966,13.965876967,-13.046597192,24.351858191,21.556202979,21.556202979
1786168201.603996992,30.150272328,0.000000000,NONE,0,0.050061572,-2.784613930,19.695424108,-2.234877774,-3.230291489,19.113413085,-0.259347204,0.445677559,0.582011023,-1.975530570,0.508174203,0.973197651,-1.501238580,0.409733764,1.125853099,-0.721414847,0.098440440,-0.152655448,-0.779823734,16.215591477,64.509141789,-42.534074170,-0.023437730,0.236142498,1.192274158,-20.479251856,12.371456117,-11.775319039,19.883114777,21.267037085,21.267037085
1786168201.654047728,30.200322941,0.000000000,NONE,0,0.049998865,-2.784613930,19.695424108,-2.234877774,-3.204018123,19.164521607,-0.296446318,0.419404193,0.530902501,-1.938431457,0.484328799,0.895618744,-1.497747208,0.453469505,1.042340818,-0.724562988,0.030859294,-0.146722074,-0.773184221,11.683496163,53.694953011,-42.185008544,-0.012875912,0.199098883,0.719052445,-16.524375405,10.682627323,-10.323101101,16.164849182,21.092504272,21.092504272
1786168201.703992844,30.250268104,0.000000000,NONE,0,0.049996460,-2.784613930,19.695424108,-2.234877774,-3.176978153,19.211737995,-0.333550114,0.392364223,0.483686114,-1.901327660,0.463547021,0.820795489,-1.494723482,0.475933365,0.963704828,-0.725597700,-0.012386345,-0.142909339,-0.769125782,8.635423438,44.040968127,-41.971763365,-0.004427239,0.164101476,0.393575329,-13.267491724,8.949780005,-8.752992340,13.070704059,20.985881683,20.985881683
1786168201.754101753,30.300377154,0.000000000,NONE,0,0.050064735,-2.784613930,19.695424108,-2.234877774,-3.150007617,19.255336795,-0.370641698,0.365393687,0.440087313,-1.864236076,0.445641817,0.747980533,-1.492683697,0.484607154,0.888138422,-0.726085109,-0.038965337,-0.140157889,-0.766598589,6.597202427,35.431906519,-41.844745621,0.002146565,0.132369873,0.184772078,-10.553470256,7.254869043,-7.162483004,10.461084217,20.922372810,20.922372810
1786168201.804030418,30.350305739,0.000000000,NONE,0,0.049955531,-2.784613930,19.695424108,-2.234877774,-3.123611526,19.295531628,-0.407716612,0.338997596,0.399892481,-1.827161162,0.429382040,0.677480600,-1.491652163,0.484449188,0.815261258,-0.726611546,-0.055067148,-0.137780658,-0.765040617,5.159566427,27.866439877,-41.774087961,0.007187737,0.104790058,0.056558334,-8.270641159,5.690857946,-5.662578779,8.242361993,20.887043981,20.887043981
1786168201.854172230,30.400447596,0.000000000,NONE,0,0.049985351,-2.784613930,19.695424108,-2.234877774,-3.098083151,19.332504092,-0.444769913,0.313469220,0.362920016,-1.790107862,0.413704488,0.610436196,-1.491193314,0.478389231,0.745406604,-0.727060400,-0.064684743,-0.134970408,-0.764132914,4.080276266,21.426623734,-41.742674275,0.011031987,0.081654272,-0.020726645,-6.371543339,4.331405206,-4.341768528,6.381906661,20.871337137,20.871337137
1786168201.904036760,30.450312203,0.000000000,TARGET_UPDATED,0,0.050035984,-1.284198252,20.832504092,-0.096042503,-3.078403559,19.359857642,-0.474395307,1.794205307,1.472646451,0.378352804,2.360587427,1.849701758,0.572991976,0.470303885,0.690714883,-0.727262092,1.890283542,1.158986876,1.300254069,418.350555309,358.413827996,111.000000000,0.013435220,0.066337167,-0.061158701,-119.981105039,-9.268163741,9.249268780,120.000000000,-55.500000000,-55.500000000
1786168201.953975201,30.500250754,0.000000000,NONE,0,0.049900308,-1.284198252,20.832504092,-0.096042503,-3.040529323,19.403351548,-0.499690785,1.756331071,1.429152544,0.403648283,2.368036832,1.846523067,0.591059205,1.062895327,1.085219927,-0.255389667,1.305141505,0.761303140,0.846448872,334.157531755,299.841786558,61.939303746,0.013857039,-0.043187014,0.998954597,-120.000000000,-6.296103537,6.673662207,119.622441330,-30.969651873,-30.969651873
1786168202.004039526,30.550314895,0.000000000,NONE,0,0.050069514,-1.284198252,20.832504092,-0.096042503,-2.969760171,19.469921854,-0.499466512,1.685561919,1.362582238,0.403424009,2.370319623,1.865991893,0.515605213,1.635581732,1.442403240,0.085464271,0.734737891,0.423588652,0.430140942,300.801697669,286.350244729,33.588154538,0.008171201,-0.160180028,2.622933510,-120.000000000,-2.406718885,3.474082159,118.932636726,-16.794077269,-16.794077269
1786168202.053991079,30.600266593,0.000000000,NONE,0,0.049979873,-1.284198252,20.832504092,-0.096042503,-2.878660738,19.548436184,-0.485042915,1.594462487,1.284067908,0.389000412,2.362040157,1.894499071,0.414864482,1.944716779,1.632654076,0.228025043,0.417323378,0.261844995,0.186839439,284.939522865,288.371837095,20.008327767,-0.002146579,-0.223736795,4.084138188,-120.000000000,1.562142921,0.135468453,118.302388626,-10.004163884,-10.004163884
1786168202.104138136,30.650413451,0.000000000,TARGET_UPDATED,0,0.050121586,-1.284198252,21.832504092,-0.096042503,-2.777286635,19.632069891,-0.463000815,1.493088383,2.200434201,0.366958312,1.684927188,2.520501266,0.333279380,2.083362616,1.731731532,0.267632498,-0.398435427,0.788769734,0.065646882,95.337487171,450.000000000,13.976512316,-0.014528423,-0.240399286,5.242766991,-120.000000000,78.442031388,-76.156689571,117.714658184,-6.988256158,-6.988256158
1786168202.154000998,30.700276155,0.000000000,NONE,0,0.049883402,-1.284198252,21.832504092,-0.096042503,-2.679505522,19.725160428,-0.437116383,1.395307270,2.107343664,0.341073880,1.620519161,2.561767736,0.270202421,1.812048611,2.063187291,0.302406184,-0.191529449,0.498580445,-0.032203764,118.014353860,450.000000000,7.582547934,-0.027955019,-0.289058741,6.806278165,-120.000000000,70.726464312,-67.884696517,117.158232206,-3.791273967,-3.791273967
1786168202.204031467,30.750306927,0.000000000,NONE,0,0.050024878,-1.284198252,21.832504092,-0.096042503,-2.593302090,19.829018145,-0.409785702,1.309103838,2.003485947,0.313743200,1.560956826,2.595371671,0.221219279,1.621359864,2.190197620,0.319686972,-0.060403038,0.405174051,-0.098467693,115.314087988,450.000000000,3.578577686,-0.042570722,-0.302778413,8.116990380,-120.000000000,71.737214530,-68.339983782,116.602769252,-1.789288843,-1.789288843
1786168202.254110813,30.800385982,0.000000000,NONE,0,0.050105868,-1.284198252,21.832504092,-0.096042503,-2.511817611,19.934615180,-0.382385807,1.227619359,1.897888913,0.286343305,1.505658518,2.622969894,0.193660686,1.514444406,2.222754176,0.329683450,-0.008785888,0.400215718,-0.136022764,108.730212612,450.000000000,1.521420071,-0.056414539,-0.282100726,9.023372245,-120.000000000,74.037716849,-70.223369575,116.185652726,-0.760710035,-0.760710035
1786168202.304049730,30.850324927,0.000000000,NONE,0,0.049889848,-1.284198252,21.832504092,-0.096042503,-2.432755985,20.040277111,-0.355746980,1.148557733,1.792226981,0.259704477,1.455617538,2.645494896,0.185172275,1.441236568,2.236205180,0.340358432,0.014380969,0.409289717,-0.155186157,102.485719096,450.000000000,0.541511763,-0.068687912,-0.247301822,9.664106740,-120.000000000,76.245521296,-72.119600570,115.874079274,-0.270755881,-0.270755881
1786168202.354089499,30.900364755,0.000000000,NONE,0,0.050040714,-1.284198252,21.832504092,-0.096042503,-2.355114074,20.145856306,-0.330340899,1.070915822,1.686647786,0.234298396,1.409642140,2.661121326,0.189871030,1.387168158,2.245265353,0.351981154,0.022473981,0.415855973,-0.162110124,96.385080071,450.000000000,0.298525406,-0.079168420,-0.207595359,10.113405994,-120.000000000,78.432197398,-74.070608824,115.638411426,-0.149262703,-0.149262703
1786168202.404011011,30.950286360,0.000000000,NONE,0,0.049947477,-1.284198252,21.832504092,-0.096042503,-2.278423138,20.251499835,-0.306443292,0.994224887,1.581004258,0.210400789,1.281565297,2.502511050,0.206790986,1.344307372,2.254019053,0.361249240,-0.062742075,0.248491998,-0.154458254,72.959941931,450.000000000,1.121863938,-0.087785354,-0.166733894,10.402915362,-120.000000000,87.169843524,-82.488790742,115.318947218,-0.560931969,-0.560931969
1786168202.454238892,31.000514452,0.000000000,TARGET_UPDATED,0,0.050101882,-1.284198252,22.832504092,-0.096042503,-2.218138605,20.336681389,-0.288437448,0.933940353,2.495822703,0.192394946,0.785940678,2.902566538,0.201718431,1.288770026,2.282051180,0.367609880,-0.502829348,0.620515358,-0.165891449,-9.418498916,450.000000000,-0.064012711,-0.093347168,-0.134215658,10.532031863,-112.778383237,117.487632695,-112.221616763,107.512367305,0.032006355,0.032006355
1786168202.503995895,31.050271395,0.000000000,NONE,0,0.049896252,-1.284198252,22.832504092,-0.096042503,-2.148248283,20.446485286,-0.267305676,0.864050031,2.386018806,0.171263174,0.736852438,2.912479697,0.201259575,1.074417095,2.371176871,0.365979633,-0.337564657,0.541302826,-0.164720058,9.019022799,450.000000000,0.265550700,-0.098497026,-0.094471517,10.556408374,-117.393857793,112.884346394,-107.606142207,112.115653606,-0.132775350,-0.132775350
1786168202.554028749,31.100304153,0.000000000,NONE,0,0.050008140,-1.284198252,22.832504092,-0.096042503,-2.087957598,20.560631344,-0.247756864,0.803759347,2.271872748,0.151714361,0.702557346,2.918830625,0.196544559,0.910019110,2.411010518,0.358618074,-0.207461764,0.507820107,-0.162073514,13.754571228,450.000000000,0.476201939,-0.101843565,-0.057539264,10.464994943,-118.554891543,111.677605929,-106.445108457,113.322394071,-0.238100969,-0.238100969
1786168202.604030371,31.150305846,0.000000000,NONE,0,0.050005448,-1.284198252,22.832504092,-0.096042503,-2.032650062,20.676206082,-0.229657834,0.748451810,2.156298010,0.133615331,0.678148849,2.922918712,0.191910701,0.820145793,2.420524446,0.351025177,-0.141996945,0.502394266,-0.159114476,14.778750255,450.000000000,0.685608398,-0.103583576,-0.025564949,10.294812223,-118.768390620,111.379015492,-106.231609380,113.620984508,-0.342804199,-0.342804199
1786168202.654254436,31.200529772,0.000000000,TARGET_UPDATED,0,0.050231896,-1.284198252,23.832504092,-0.096042503,-1.980478559,20.792369656,-0.212871906,0.696280308,3.040134436,0.116829403,0.354694075,2.979053434,0.173618109,0.761630840,2.422372298,0.343531341,-0.406936766,0.556681136,-0.169913232,-23.648287689,450.000000000,-0.348724400,-0.103983533,0.000451417,10.077091694,-108.266919026,120.000000000,-115.000258185,103.267177211,0.174362200,0.174362200
1786168202.704126835,31.250402192,0.000000000,NONE,0,0.049787591,-1.284198252,23.832504092,-0.096042503,-1.933113272,20.908987275,-0.197262321,0.648915021,2.923516818,0.101219819,0.336363736,2.980279122,0.166877367,0.621839844,2.416364742,0.332183321,-0.285476108,0.563914381,-0.165305954,-9.258128642,450.000000000,0.277186672,-0.103331361,0.019679660,9.842924722,-112.646199020,117.275263341,-112.353800980,107.724736659,-0.138593336,-0.138593336
1786168202.753957748,31.300232957,0.000000000,NONE,0,0.049909597,-1.284198252,23.832504092,-0.096042503,-1.892145625,21.026336636,-0.182681613,0.607947374,2.806167456,0.086639110,0.325415043,2.980892729,0.158974353,0.524295783,2.420105610,0.321817298,-0.198880739,0.560787118,-0.162842945,-5.117548520,450.000000000,0.402344307,-0.101970065,0.031509303,9.625903197,-113.627088669,116.185862929,-111.372911331,108.814137071,-0.201172153,-0.201172153
1786168202.804033518,31.350308968,0.000000000,NONE,0,0.050074867,-1.284198252,23.832504092,-0.096042503,-1.854866816,21.144324938,-0.169008705,0.570668564,2.688179154,0.072966202,0.318746865,2.981343583,0.148222894,0.464303399,2.422054680,0.310618603,-0.145556534,0.559288903,-0.162395709,-2.796803599,450.000000000,0.389166790,-0.100245445,0.036192432,9.451141839,-114.163584560,115.561986360,-110.836415440,109.438013640,-0.194583395,-0.194583395
1786168202.854093552,31.400368806,0.000000000,NONE,0,0.049972023,-1.284198252,23.832504092,-0.096042503,-1.820179387,21.262702730,-0.156146989,0.535981136,2.569801362,0.060104486,0.314472634,2.981800283,0.134544682,0.423031183,2.422797160,0.298027204,-0.108558549,0.559003123,-0.163482522,-1.033265388,450.000000000,0.278325349,-0.098460192,0.035014634,9.329940102,-114.574168679,115.090801373,-110.425831321,109.909198627,-0.139162675,-0.139162675
1786168202.904477358,31.450752824,0.000000000,TARGET_UPDATED,0,0.050338821,-1.284198252,24.832504092,-0.096042503,-1.787411188,21.381347164,-0.144007062,0.503212937,3.451156929,0.047964559,0.139053943,2.995724666,0.107117104,0.393949805,2.423254631,0.283870338,-0.254895862,0.572470036,-0.176753234,-17.262549626,450.000000000,-0.896952629,-0.096833302,0.029948009,9.260204113,-110.499413622,119.130688435,-114.500586378,105.869311565,0.448476314,0.448476314
1786168202.953996897,31.500272084,0.000000000,NONE,0,0.049668769,-1.284198252,24.832504092,-0.096042503,-1.763168743,21.476494864,-0.134778307,0.478970492,3.356009228,0.038735804,0.134564939,2.996127411,0.092134978,0.336394506,2.423661053,0.268439928,-0.201829567,0.572466359,-0.176304950,-10.166727703,450.000000000,-0.597297878,-0.095659666,0.026392673,9.211369153,-112.261160362,117.344524214,-112.738839638,107.655475786,0.298648939,0.298648939
1786168203.004019976,31.550295427,0.000000000,NONE,0,0.050014134,-1.284198252,24.832504092,-0.096042503,-1.736072193,21.595753221,-0.123777057,0.451873942,3.236750872,0.027734555,0.129975820,2.996622810,0.071335341,0.280548534,2.423931353,0.250278214,-0.150572714,0.572691458,-0.178942874,-7.196551585,450.000000000,-0.848196432,-0.094549282,0.017829564,9.217627155,-113.005268893,116.603544685,-111.994731107,108.396455315,0.424098216,0.424098216
1786168203.054039478,31.600314986,0.000000000,NONE,0,0.049996374,-1.284198252,24.832504092,-0.096042503,-1.711329087,21.715236633,-0.113267808,0.427130835,3.117267460,0.017225306,0.125468744,2.997089337,0.048792404,0.243027337,2.424165432,0.232677008,-0.117558593,0.572923906,-0.183884603,-5.638082382,450.000000000,-1.244812471,-0.093874236,0.009225374,9.259052129,-113.405242437,116.224283628,-111.594757563,108.775716372,0.622406236,0.622406236
1786168203.104012251,31.650287573,0.000000000,NONE,0,0.049996078,-1.284198252,24.832504092,-0.096042503,-1.688306166,21.834868426,-0.103218178,0.404107915,2.997635666,0.007175675,0.120611329,2.997485495,0.025484708,0.214617169,2.424303261,0.214902749,-0.094005840,0.573182233,-0.189418040,-4.473527018,450.000000000,-1.648723808,-0.093607698,0.001785785,9.321484961,-113.711989486,115.948752995,-111.288010514,109.051247005,0.824361904,0.824361904
1786168203.154070616,31.700345827,0.000000000,NONE,0,0.050041020,-1.284198252,24.832504092,-0.096042503,-1.666635015,21.954604227,-0.093613518,0.382436764,2.877899866,-0.002428984,0.115336465,2.997783294,0.002469532,0.191770781,2.424350283,0.197513248,-0.076434317,0.573433011,-0.195043716,-3.600470014,450.000000000,-2.049145087,-0.093677633,-0.003821733,9.392530406,-113.948015098,115.748250105,-111.051984902,109.251749895,1.024572543,1.024572543
1786168203.204030514,31.750305773,0.000000000,NONE,0,0.049966086,-1.284198252,24.832504092,-0.096042503,-1.646038805,22.074415134,-0.084838549,0.361840553,2.758088958,-0.011203953,0.109761824,2.997979861,-0.018749233,0.173665561,2.424307614,0.160292241,-0.063903737,0.573672247,-0.179041474,-3.010453757,450.000000000,-0.500777767,-0.093976869,-0.007129199,9.458935276,-114.112120380,115.617347258,-110.887879620,109.382652742,0.250388884,0.250388884
1786168203.254100084,31.800375264,0.000000000,TARGET_UPDATED,0,0.050087445,-1.284198252,25.832504092,-0.096042503,-1.630199306,22.170307685,-0.079819204,0.346001055,3.662196408,-0.016223298,0.000119174,2.999908360,-0.033793612,0.161874061,2.424142270,0.098047637,-0.161754887,0.575766089,-0.131841249,-11.664685558,450.000000000,3.422030515,-0.094305522,-0.008148980,9.504872353,-111.960046699,117.792389478,-113.039953301,107.207610522,-1.711015258,-1.711015258
1786168203.304012775,31.850288108,0.000000000,NONE,0,0.049903151,-1.284198252,25.832504092,-0.096042503,-1.611636948,22.290279685,-0.077220179,0.327438696,3.542224408,-0.018822323,-0.007386810,2.999820047,-0.042687819,0.124828766,2.423827086,0.008933543,-0.132215576,0.575992962,-0.051621362,-7.352690418,450.000000000,9.701289602,-0.094744986,-0.008122211,9.549217983,-113.049131891,116.725477100,-111.950868109,108.274522900,-4.850644801,-4.850644801
1786168203.354139328,31.900414728,0.000000000,NONE,0,0.050065971,-1.284198252,25.832504092,-0.096042503,-1.594992263,22.410434128,-0.078322503,0.310794012,3.422069965,-0.017719999,-0.013563571,2.999754447,-0.044674167,0.092071500,2.423579104,-0.057126139,-0.105635071,0.576175344,0.012451972,-5.827700841,450.000000000,13.859001339,-0.095145918,-0.006784662,9.577444157,-113.437435829,116.351286249,-111.562564171,108.648713751,-6.929500669,-6.929500669
1786168203.403999805,31.950275099,0.000000000,NONE,0,0.049934004,-1.284198252,25.832504092,-0.096042503,-1.579624505,22.530714767,-0.081280184,0.295426253,3.301789325,-0.014762319,-0.018588369,2.999724379,-0.042408198,0.068116041,2.423494264,-0.079950876,-0.086704411,0.576230115,0.037542678,-4.853528920,450.000000000,14.838987347,-0.095445222,-0.004425927,9.587333050,-113.683451033,116.110215493,-111.316548967,108.889784507,-7.419493673,-7.419493673
1786168203.454017639,32.000292879,0.000000000,NONE,0,0.049989580,-1.284198252,25.832504092,-0.096042503,-1.565269178,22.651093462,-0.084228944,0.281070927,3.181410630,-0.011813558,-0.022499620,2.999721106,-0.038484622,0.048613564,2.423547328,-0.068998323,-0.071113185,0.576173778,0.030513701,-3.994723257,450.000000000,13.704635468,-0.095608336,-0.001659112,9.582272891,-113.896887408,115.894249037,-111.103112592,109.105750963,-6.852317734,-6.852317734
1786168203.504043818,32.050319076,0.000000000,NONE,0,0.050039498,-1.284198252,25.832504092,-0.096042503,-1.551753366,22.771549037,-0.086070878,0.267555114,3.060955056,-0.009971625,-0.025388023,2.999732708,-0.034392662,0.032892540,2.423649079,-0.041472696,-0.058280563,0.576083628,0.007080034,-3.288262149,450.000000000,11.736761322,-0.095627994,0.001036125,9.566463498,-114.069550337,115.713681412,-110.930449663,109.286318588,-5.868380661,-5.868380661
1786168203.554070234,32.100345751,0.000000000,NONE,0,0.050001050,-1.284198252,25.832504092,-0.096042503,-1.538927356,22.892065441,-0.086552679,0.254729105,2.940438651,-0.009489824,-0.027405663,2.999752670,-0.030585544,0.020419751,2.423732291,-0.013049916,-0.047825414,0.576020379,-0.017535628,-2.714581562,450.000000000,9.989227117,-0.095519225,0.003284252,9.544832787,-114.207562806,115.564853587,-110.792437194,109.435146413,-4.994613559,-4.994613559
1786168203.604053020,32.150328284,0.000000000,NONE,0,0.049997754,-1.284198252,25.832504092,-0.096042503,-1.529084014,22.988516024,-0.086147910,0.244885762,2.843988069,-0.009894593,-0.028500947,2.999773368,-0.027707724,0.012297455,2.423774823,0.003932349,-0.040798402,0.575998545,-0.031640073,-2.365453922,450.000000000,9.211326354,-0.095359004,0.004590085,9.528492304,-114.290759595,115.473486556,-110.709240405,109.526513444,-4.605663177,-4.605663177
1786168203.654138803,32.200414217,0.000000000,TARGET_UPDATED,0,0.050038663,-1.284198252,26.832504092,-0.096042503,-1.514915664,23.133249472,-0.084847865,0.230717412,3.699254621,-0.011194638,-0.098345172,2.998347524,-0.022854312,0.001670155,2.423827789,0.018078698,-0.100015327,0.574519735,-0.040933010,-7.667575969,450.000000000,8.656183058,-0.095032107,0.006021858,9.497533383,-112.957489354,116.791277338,-112.042510646,108.208722662,-4.328091529,-4.328091529
1786168203.704104424,32.250379739,0.000000000,NONE,0,0.050032298,-1.284198252,26.832504092,-0.096042503,-1.506129668,23.229804327,-0.083963799,0.221931417,3.602699765,-0.012078704,-0.099899346,2.998325922,-0.019749653,-0.018101476,2.423876896,0.017856845,-0.081797870,0.574449026,-0.037606498,-5.043735498,450.000000000,9.140300562,-0.094784611,0.006207969,9.485357153,-113.610405414,116.132273163,-111.389594586,108.867726837,-4.570150281,-4.570150281
1786168203.754016876,32.300292141,0.000000000,NONE,0,0.049902515,-1.284198252,26.832504092,-0.096042503,-1.494388349,23.374780184,-0.083184529,0.210190098,3.457723909,-0.012857973,-0.101201469,2.998318420,-0.014727635,-0.042376030,2.423994602,0.010434851,-0.058825439,0.574323818,-0.025162487,-3.583116909,450.000000000,10.193632632,-0.094417202,0.006015301,9.467314449,-113.971049385,115.762607839,-111.028950615,109.237392161,-5.096816316,-5.096816316
1786168203.804020405,32.350295783,0.000000000,NONE,0,0.050014566,-1.284198252,26.832504092,-0.096042503,-1.487215590,23.471496837,-0.083073681,0.203017338,3.361007255,-0.012968822,-0.101648340,2.998319095,-0.011342328,-0.052825173,2.424079359,0.006404828,-0.048823166,0.574239736,-0.017747155,-3.248884722,450.000000000,10.611159019,-0.094193642,0.005437042,9.464634312,-114.053937398,115.678379758,-110.946062602,109.321620242,-5.305579510,-5.305579510
1786168203.854044676,32.400319947,0.000000000,NONE,0,0.049963225,-1.284198252,26.832504092,-0.096042503,-1.478801392,23.592448018,-0.083269790,0.194603140,3.240056074,-0.012772712,-0.101906235,2.998320540,-0.007492094,-0.064034497,2.424170163,0.002962651,-0.037871738,0.574150376,-0.010454745,-2.576046833,450.000000000,11.119058699,-0.093955584,0.004578381,9.463564953,-114.221879530,115.509902946,-110.778120470,109.490097054,-5.559529349,-5.559529349
1786168203.903996706,32.450271958,0.000000000,NONE,0,0.050021531,-1.284198252,26.832504092,-0.096042503,-1.470901646,23.713450234,-0.083653646,0.186703395,3.119053858,-0.012388857,-0.101890266,2.998323388,-0.004535652,-0.072773089,2.424233593,0.003334339,-0.029117177,0.574089795,-0.007869991,-2.095520091,450.000000000,11.205511878,-0.093766043,0.003665839,9.466907696,-114.342846901,115.390606947,-110.657153099,109.609393053,-5.602755939,-5.602755939
1786168203.954024553,32.500299893,0.000000000,NONE,0,0.049993474,-1.284198252,26.832504092,-0.096042503,-1.463391141,23.834491018,-0.083995783,0.179192889,2.998013075,-0.012046719,-0.101674023,2.998329571,-0.002950771,-0.079387410,2.424267799,0.006493077,-0.022286613,0.574061772,-0.009443849,-1.722530168,450.000000000,11.011951735,-0.093622749,0.002812045,9.473343218,-114.437703262,115.298968346,-110.562296738,109.701031654,-5.505975867,-5.505975867
1786168204.003990412,32.550265860,0.000000000,NONE,0,0.049980683,-1.284198252,26.832504092,-0.096042503,-1.456170791,23.955560413,-0.084174195,0.171972539,2.876943679,-0.011868308,-0.101293010,2.998340834,-0.002982697,-0.084293720,2.424279437,0.009988307,-0.016999291,0.574061397,-0.012971004,-1.432868319,450.000000000,10.725637631,-0.093516813,0.002129009,9.481046699,-114.512044595,115.228478755,-110.487955405,109.771521245,-5.362818816,-5.362818816
1786168204.054011106,32.600286589,0.000000000,NONE,0,0.050021198,-1.284198252,26.832504092,-0.096042503,-1.449165907,24.076650331,-0.084178622,0.164967656,2.755853762,-0.011863881,-0.100757046,2.998356791,-0.004611170,-0.087929486,2.424271618,0.011840832,-0.012827560,0.574085173,-0.016452002,-1.200107402,450.000000000,10.482536131,-0.093436426,0.001658521,9.488668267,-114.572140216,115.172193917,-110.427859784,109.827806083,-5.241268065,-5.241268065
1786168204.104263067,32.650538672,0.000000000,TARGET_UPDATED,0,0.050244542,-1.284198252,27.832504092,-0.096042503,-1.443676847,24.173532202,-0.084099059,0.159478596,3.658971890,-0.011943443,-0.149213929,2.996331313,-0.007403938,-0.090031879,2.424250484,0.011422697,-0.059182050,0.572080829,-0.018826635,-5.566673178,450.000000000,10.338167848,-0.093382134,0.001455819,9.495735842,-113.482265666,116.265602255,-111.517734334,108.734397745,-5.169083924,-5.169083924
1786168204.153982162,32.700257719,0.000000000,NONE,0,0.049727594,-1.284198252,27.832504092,-0.096042503,-1.437192822,24.294667333,-0.083968083,0.152994570,3.537836760,-0.012074420,-0.150006293,2.996281318,-0.011153833,-0.103549790,2.424202416,0.008691037,-0.046456502,0.572078901,-0.019844870,-3.637122908,450.000000000,10.293183232,-0.093317624,0.001389442,9.500519737,-113.965849207,115.784410661,-111.034150793,109.215589339,-5.146591616,-5.146591616
1786168204.204012394,32.750287780,0.000000000,NONE,0,0.049997887,-1.284198252,27.832504092,-0.096042503,-1.431445651,24.415867692,-0.083868045,0.147247400,3.416636400,-0.012174458,-0.150215152,2.996252804,-0.015428280,-0.115487419,2.424140780,0.004155667,-0.034727733,0.572112024,-0.019583946,-2.958575980,450.000000000,10.336653260,-0.093248949,0.001484973,9.503394911,-114.136204733,115.615492723,-110.863795267,109.384507277,-5.168326630,-5.168326630
1786168204.254002333,32.800277877,0.000000000,NONE,0,0.050018536,-1.284198252,27.832504092,-0.096042503,-1.426163518,24.537107190,-0.083841200,0.141965267,3.295396903,-0.012201302,-0.150011974,2.996237907,-0.019742693,-0.123428574,2.424065887,-0.000978312,-0.026583400,0.572172020,-0.018764380,-2.539429974,450.000000000,10.404720148,-0.093169977,0.001684544,9.504401842,-114.241242967,115.510957954,-110.758757033,109.489042046,-5.202360074,-5.202360074
1786168204.304153919,32.850429167,0.000000000,NONE,0,0.050034734,-1.284198252,27.832504092,-0.096042503,-1.421218181,24.658373820,-0.083885034,0.137019930,3.174130273,-0.012157469,-0.149468388,2.996235889,-0.023712027,-0.129208069,2.423988513,-0.005588821,-0.020260319,0.572247376,-0.018123206,-2.189238492,450.000000000,10.445578323,-0.093078228,0.001936663,9.503855033,-114.328654135,115.423273381,-110.671345865,109.576726619,-5.222789162,-5.222789162
1786168204.353986740,32.900262171,0.000000000,NONE,0,0.049908929,-1.284198252,27.832504092,-0.096042503,-1.416522761,24.779659840,-0.083969221,0.132324510,3.052844253,-0.012073282,-0.148634807,2.996248297,-0.027051905,-0.133378933,2.423918097,-0.009014953,-0.015255874,0.572330200,-0.018036952,-1.903600554,450.000000000,10.440079596,-0.092974307,0.002188609,9.502302386,-114.399675458,115.351475735,-110.600324542,109.648524265,-5.220039798,-5.220039798
1786168204.403995275,32.950270823,0.000000000,NONE,0,0.050059534,-1.284198252,27.832504092,-0.096042503,-1.412901052,24.876698733,-0.084041304,0.128702800,2.955805360,-0.012001199,-0.147787720,2.996270066,-0.029129856,-0.135781695,2.423871215,-0.010781818,-0.012006025,0.572398851,-0.018348038,-1.732283706,450.000000000,10.409901819,-0.092884087,0.002362615,9.502644229,-114.442590131,115.308731984,-110.557409869,109.691268016,-5.204950909,-5.204950909
1786168204.454064608,33.000339926,0.000000000,NONE,0,0.049963700,-1.284198252,27.832504092,-0.096042503,-1.407638310,25.022269416,-0.084122116,0.123440058,2.810234676,-0.011920386,-0.146241879,2.996325549,-0.031084256,-0.138593449,2.423820566,-0.011830836,-0.007648430,0.572504984,-0.019253420,-1.427040791,450.000000000,10.334137573,-0.092738700,0.002635524,9.497551268,-114.517627619,115.231148015,-110.482372381,109.768851985,-5.167068787,-5.167068787
1786168204.504323006,33.050598430,0.000000000,TARGET_UPDATED,0,0.050343964,-1.284198252,28.832504092,-0.096042503,-1.404211529,25.119322251,-0.084148661,0.120013277,3.713181841,-0.011893842,-0.180675590,2.994437581,-0.031909208,-0.139586862,2.423800790,-0.011770126,-0.041088728,0.570636791,-0.020139081,-4.722950630,450.000000000,10.272162955,-0.092637079,0.002715429,9.497950038,-113.693749852,116.055225167,-111.306250148,108.944774833,-5.136081478,-5.136081478
1786168204.554102898,33.100378266,0.000000000,NONE,0,0.049723402,-1.284198252,28.832504092,-0.096042503,-1.400187257,25.240660643,-0.084153200,0.115989006,3.591843450,-0.011889303,-0.180414091,2.994458890,-0.031380935,-0.149061802,2.423791472,-0.010930478,-0.031352289,0.570667418,-0.020450457,-3.274990717,450.000000000,10.261188259,-0.092507290,0.002806992,9.495850850,-114.055215033,115.692710392,-110.944784967,109.307289608,-5.130594130,-5.130594130
1786168204.604109764,33.150385223,0.000000000,NONE,0,0.050004667,-1.284198252,28.832504092,-0.096042503,-1.396699109,25.362047778,-0.084134158,0.112500857,3.470456314,-0.011908345,-0.179681957,2.994518660,-0.029857307,-0.157545758,2.423801755,-0.009420238,-0.022136198,0.570716905,-0.020437069,-2.721509506,450.000000000,10.268144363,-0.092373403,0.002858774,9.493860194,-114.193087672,115.553842425,-110.806912328,109.446157575,-5.134072181,-5.134072181
1786168204.653970957,33.200246307,0.000000000,NONE,0,0.049929906,-1.284198252,28.832504092,-0.096042503,-1.393543986,25.483465381,-0.084103296,0.109345734,3.349038712,-0.011939207,-0.178618194,2.994605856,-0.027423245,-0.163001426,2.423829151,-0.007328268,-0.015616769,0.570776704,-0.020094977,-2.366284261,450.000000000,10.298172802,-0.092237555,0.002853470,9.492256232,-114.281492993,115.464635123,-110.718507007,109.535364877,-5.149086401,-5.149086401
1786168204.704062223,33.250337715,0.000000000,NONE,0,0.050058704,-1.284198252,28.832504092,-0.096042503,-1.390627413,25.604905411,-0.084070435,0.106429161,3.227598681,-0.011972067,-0.177278480,2.994712714,-0.024302129,-0.166910186,2.423870784,-0.004790022,-0.010368295,0.570841930,-0.019512107,-2.054615208,450.000000000,10.343277621,-0.092101578,0.002800861,9.491125148,-114.359127485,115.386435089,-110.640872515,109.613564911,-5.171638811,-5.171638811
1786168204.754026890,33.300302290,0.000000000,NONE,0,0.049995955,-1.284198252,28.832504092,-0.096042503,-1.387883171,25.726362372,-0.084040262,0.103684919,3.106141720,-0.012002240,-0.175698334,2.994832568,-0.020787098,-0.169579752,2.423922063,-0.001947990,-0.006118582,0.570910506,-0.018839108,-1.793023394,450.000000000,10.391733949,-0.091967091,0.002712557,9.490445171,-114.424355444,115.320867141,-110.575644556,109.679132859,-5.195866974,-5.195866974
1786168204.804006577,33.350281985,0.000000000,NONE,0,0.049985836,-1.284198252,28.832504092,-0.096042503,-1.385257498,25.847831765,-0.084013351,0.101059247,2.984672327,-0.012029151,-0.173905164,2.994960254,-0.017194424,-0.171271429,2.423977891,0.000996088,-0.002633735,0.570982363,-0.018190512,-1.569377100,450.000000000,10.436195557,-0.091835426,0.002602989,9.490188610,-114.480202878,115.264891427,-110.519797122,109.735108573,-5.218097778,-5.218097778
1786168204.854130983,33.400406242,0.000000000,NONE,0,0.050041387,-1.284198252,28.832504092,-0.096042503,-1.383211682,25.945013588,-0.083992991,0.099013430,2.887490504,-0.012049511,-0.172332284,2.995065758,-0.014469502,-0.171982086,2.424022627,0.003284296,-0.000350198,0.571043132,-0.017753798,-1.430478141,450.000000000,10.462072828,-0.091732875,0.002508147,9.492113809,-114.515408917,115.230647988,-110.484591083,109.769352012,-5.231036414,-5.231036414
1786168204.903942347,33.450217708,0.000000000,NONE,0,0.049891499,-1.284198252,28.832504092,-0.096042503,-1.380696600,26.066496379,-0.083969568,0.096498348,2.766007713,-0.012072935,-0.170198364,2.995200974,-0.011471480,-0.172471520,2.424075150,0.005772360,0.002273155,0.571125824,-0.017243840,-1.231203395,450.000000000,10.498833959,-0.091607948,0.002429991,9.492042159,-114.565209691,115.180811388,-110.434790309,109.819188612,-5.249416980,-5.249416980
1786168204.954154730,33.500430179,0.000000000,TARGET_UPDATED,0,0.050216558,-1.284198252,29.832504092,-0.096042503,-1.378204669,26.187982933,-0.083949919,0.094006418,3.644521160,-0.012092583,-0.197055427,2.993562749,-0.008957981,-0.172390827,2.424120831,0.007729045,-0.024664600,0.569441917,-0.016687026,-3.907625003,450.000000000,10.538258903,-0.091485679,0.002365637,9.492092399,-113.896116849,115.849929351,-111.103883151,109.150070649,-5.269129451,-5.269129451
1786168205.003952742,33.550228023,0.000000000,NONE,0,0.049792574,-1.284198252,29.832504092,-0.096042503,-1.375884533,26.309486366,-0.083933286,0.091686281,3.523017727,-0.012109216,-0.196022659,2.993634988,-0.007389049,-0.179170012,2.424154956,0.009084002,-0.016852646,0.569480032,-0.016473051,-2.726639753,450.000000000,10.546036065,-0.091367366,0.002294727,9.492435275,-114.191448880,115.554768757,-110.808551120,109.445231243,-5.273018032,-5.273018032
1786168205.054036140,33.600311578,0.000000000,NONE,0,0.050063478,-1.284198252,29.832504092,-0.096042503,-1.373930175,26.431023928,-0.083920524,0.089731924,3.401480165,-0.012121978,-0.194623587,2.993727806,-0.006789980,-0.184530839,2.424179874,0.009609934,-0.010092748,0.569547932,-0.016399914,-2.317089501,450.000000000,10.547908700,-0.091254109,0.002227815,9.493180791,-114.294022823,115.452567573,-110.705977177,109.547432427,-5.273954350,-5.273954350
1786168205.104043007,33.650318283,0.000000000,NONE,0,0.050017351,-1.284198252,29.832504092,-0.096042503,-1.372178322,26.552579786,-0.083914116,0.087980070,3.279924306,-0.012128386,-0.192965994,2.993834277,-0.007170425,-0.187644109,2.424189563,0.009256291,-0.005321885,0.569644714,-0.016426716,-2.039964860,450.000000000,10.543625084,-0.091145329,0.002175449,9.494119799,-114.363538735,115.383521165,-110.636461265,109.616478835,-5.271812542,-5.271812542
1786168205.153961182,33.700236619,0.000000000,NONE,0,0.049925820,-1.284198252,29.832504092,-0.096042503,-1.370553716,26.674146105,-0.083916069,0.086355465,3.158357988,-0.012126434,-0.191087931,2.993951320,-0.008470945,-0.189475014,2.424182634,0.008088376,-0.001612917,0.569768686,-0.016559321,-1.804153611,450.000000000,10.531809093,-0.091039714,0.002143577,9.495079792,-114.422731545,115.324808351,-110.577268455,109.675191649,-5.265904546,-5.265904546
1786168205.203977823,33.750253087,0.000000000,NONE,0,0.050010241,-1.284198252,29.832504092,-0.096042503,-1.369308484,26.771402664,-0.083924134,0.085110233,3.061101429,-0.012118368,-0.189442576,2.994050828,-0.010078213,-0.190158105,2.424165180,0.006656475,0.000715529,0.569885649,-0.016734688,-1.662291142,450.000000000,10.518264388,-0.090956317,0.002135324,9.497588054,-114.458824228,115.289969799,-110.541175772,109.710030201,-5.259132194,-5.259132194
1786168205.254101753,33.800377156,0.000000000,NONE,0,0.050088463,-1.284198252,29.832504092,-0.096042503,-1.367785030,26.892973882,-0.083941284,0.083586778,2.939530211,-0.012101219,-0.187216397,2.994181070,-0.012618736,-0.190428245,2.424130521,0.004440170,0.003211848,0.570050548,-0.017058907,-1.469152246,450.000000000,10.492175604,-0.090851040,0.002178341,9.497836845,-114.507171150,115.241747273,-110.492828850,109.758252727,-5.246087802,-5.246087802
1786168205.304036379,33.850311815,0.000000000,NONE,0,0.049929947,-1.284198252,29.832504092,-0.096042503,-1.366267181,27.014542321,-0.083963932,0.082068929,2.817961771,-0.012078571,-0.184806386,2.994316967,-0.015516323,-0.189970263,2.424085761,0.001940558,0.005163876,0.570231206,-0.017456881,-1.319873870,450.000000000,10.462383809,-0.090741826,0.002242683,9.497517849,-114.544410995,115.204347930,-110.455589005,109.795652070,-5.231191904,-5.231191904
1786168205.354080677,33.900356081,0.000000000,TARGET_UPDATED,0,0.050096663,-1.284198252,30.832504092,-0.096042503,-1.364720731,27.136104581,-0.083989946,0.080522479,3.696399512,-0.012052557,-0.206397867,2.992889119,-0.018479299,-0.188886640,2.424035746,-0.000617230,-0.017511226,0.568853373,-0.017862069,-3.575483502,450.000000000,10.433455794,-0.090628289,0.002300333,9.496938658,-113.980363789,115.768105540,-111.019636211,109.231894460,-5.216727897,-5.216727897
1786168205.404030800,33.950306090,0.000000000,NONE,0,0.049941374,-1.284198252,30.832504092,-0.096042503,-1.363268750,27.257671761,-0.084016849,0.079070498,3.574832332,-0.012025654,-0.205018596,2.992964712,-0.021330580,-0.193506181,2.423984483,-0.003005508,-0.011512415,0.568980229,-0.018325072,-2.616028208,450.000000000,10.399405199,-0.090511005,0.002340302,9.496196773,-114.220042141,115.528056245,-110.779957859,109.471943755,-5.199702600,-5.199702600
1786168205.454096317,34.000371777,0.000000000,NONE,0,0.049993799,-1.284198252,30.832504092,-0.096042503,-1.362081673,27.379259638,-0.084041761,0.077883422,3.453244454,-0.012000742,-0.203328839,2.993060851,-0.023836194,-0.197126138,2.423940432,-0.005093400,-0.006202702,0.569120420,-0.018742794,-2.278593813,450.000000000,10.370611542,-0.090390951,0.002362545,9.495407973,-114.304203540,115.443500446,-110.695796460,109.556499554,-5.185305771,-5.185305771
1786168205.503996134,34.050271560,0.000000000,NONE,0,0.049988508,-1.284198252,30.832504092,-0.096042503,-1.361017250,27.500855619,-0.084062833,0.076818998,3.331648474,-0.011979670,-0.201430683,2.993172792,-0.025791868,-0.198685216,2.423903784,-0.006715352,-0.002745467,0.569269008,-0.019076516,-2.071624107,450.000000000,10.348453709,-0.090269463,0.002367288,9.494666443,-114.355760584,115.391572637,-110.644239416,109.608427363,-5.174226855,-5.174226855
1786168205.553993702,34.100269132,0.000000000,NONE,0,0.050000050,-1.284198252,30.832504092,-0.096042503,-1.360014339,27.622454593,-0.084078022,0.075816088,3.210049499,-0.011964481,-0.199364151,2.993299881,-0.027052622,-0.199267771,2.423877627,-0.007735712,-0.000096380,0.569422254,-0.019316910,-1.889348986,450.000000000,10.333011351,-0.090147968,0.002357925,9.494055268,-114.401176571,115.345851064,-110.598823429,109.654148936,-5.166505676,-5.166505676
1786168205.604019642,34.150295052,0.000000000,NONE,0,0.050006521,-1.284198252,30.832504092,-0.096042503,-1.359032157,27.744053376,-0.084086089,0.074833905,3.088450717,-0.011956414,-0.197153954,2.993441822,-0.027532295,-0.199098739,2.423863528,-0.008095963,0.001944785,0.569578294,-0.019436332,-1.737186902,450.000000000,10.326585591,-0.090027734,0.002337835,9.493641395,-114.439113623,115.307707074,-110.560886377,109.692292926,-5.163292796,-5.163292796
1786168205.654119730,34.200394962,0.000000000,NONE,0,0.049973727,-1.284198252,30.832504092,-0.096042503,-1.358037987,27.865649552,-0.084086871,0.073839735,2.966854540,-0.011955632,-0.194818275,2.993597745,-0.027202744,-0.198346648,2.423862258,-0.007782412,0.003528373,0.569735487,-0.019420332,-1.607538787,450.000000000,10.329928588,-0.089909626,0.002312050,9.493436786,-114.471474500,115.275243893,-110.528525500,109.724756107,-5.164964294,-5.164964294
1786168205.703997374,34.250272755,0.000000000,NONE,0,0.050018766,-1.284198252,30.832504092,-0.096042503,-1.357006834,27.987241458,-0.084080917,0.072808582,2.845262634,-0.011961585,-0.192367596,2.993766027,-0.026107717,-0.197153709,2.423874162,-0.006834131,0.004786113,0.569891864,-0.019273587,-1.493232647,450.000000000,10.342332425,-0.089793956,0.002285444,9.493432029,-114.500049846,115.246666169,-110.499950154,109.753333831,-5.171166213,-5.171166213
1786168205.754100800,34.300376141,0.000000000,TARGET_UPDATED,0,0.050104404,-1.284198252,31.832504092,-0.096042503,-1.355919041,28.108827922,-0.084069089,0.071720790,3.723676171,-0.011973414,-0.210961752,2.992526846,-0.024510848,-0.195612310,2.423897831,-0.005346084,-0.015349441,0.568629015,-0.019164764,-3.486529119,450.000000000,10.348707982,-0.089680482,0.002262089,9.493574454,-114.001761334,115.745025893,-110.998238666,109.254974107,-5.174353991,-5.174353991
1786168205.804031372,34.350306876,0.000000000,NONE,0,0.049916105,-1.284198252,31.832504092,-0.096042503,-1.354930322,28.230423409,-0.084052651,0.070732071,3.602080683,-0.011989851,-0.209509207,2.992646341,-0.022298491,-0.200103801,2.423929618,-0.003515904,-0.009405406,0.568716723,-0.018782586,-2.580033787,450.000000000,10.380476133,-0.089568447,0.002241995,9.493754379,-114.228430148,115.518447041,-110.771569852,109.481552959,-5.190238066,-5.190238066
1786168205.854020357,34.400295636,0.000000000,NONE,0,0.049993655,-1.284198252,31.832504092,-0.096042503,-1.354140894,28.352037439,-0.084033038,0.069942642,3.480466653,-0.012009465,-0.207812548,2.992781986,-0.019860461,-0.202472092,2.423969257,-0.001476261,-0.005340456,0.568812730,-0.018384200,-2.340264292,450.000000000,10.408215977,-0.089457064,0.002229166,9.493916629,-114.288413084,115.458545230,-110.711586916,109.541454770,-5.204107989,-5.204107989
1786168205.904003382,34.450278718,0.000000000,NONE,0,0.049995575,-1.284198252,31.832504092,-0.096042503,-1.353574049,28.449335075,-0.084015672,0.069375797,3.383169017,-0.012026831,-0.206330188,2.992897177,-0.017882689,-0.203391182,2.424002085,0.000192541,-0.002939006,0.568895092,-0.018075230,-2.200240855,450.000000000,10.427603235,-0.089367980,0.002222787,9.495789698,-114.323887211,115.424007638,-110.676112789,109.575992362,-5.213801618,-5.213801618
1786168205.954029322,34.500304618,0.000000000,NONE,0,0.050012823,-1.284198252,31.832504092,-0.096042503,-1.352914918,28.570962374,-0.083993988,0.068716666,3.261541719,-0.012048515,-0.204329093,2.993047709,-0.015545458,-0.204052865,2.424042195,0.002126937,-0.000276228,0.569005514,-0.017672395,-1.996070552,450.000000000,10.457234460,-0.089255487,0.002255520,9.495390771,-114.374830055,115.372865331,-110.625169945,109.627134669,-5.228617230,-5.228617230
1786168206.004027843,34.550303191,0.000000000,NONE,0,0.049977692,-1.284198252,31.832504092,-0.096042503,-1.352283307,28.692592975,-0.083974744,0.068085055,3.139911118,-0.012067758,-0.202165140,2.993204615,-0.013529865,-0.204058968,2.424078821,0.003794277,0.001893828,0.569125794,-0.017324143,-1.833678937,450.000000000,10.480092723,-0.089139841,0.002291722,9.494687083,-114.415252037,115.332091505,-110.584747963,109.667908495,-5.240046361,-5.240046361
1786168206.054045439,34.600320939,0.000000000,NONE,0,0.050011692,-1.284198252,31.832504092,-0.096042503,-1.351649748,28.814223973,-0.083959001,0.067451496,3.018280120,-0.012083502,-0.199850880,2.993366750,-0.011985553,-0.203546698,2.424108881,0.005071588,0.003695819,0.569257868,-0.017057142,-1.688473639,450.000000000,10.496726885,-0.089022144,0.002305588,9.494036954,-114.451390829,115.295627648,-110.548609171,109.704372352,-5.248363443,-5.248363443
1786168206.103936434,34.650211918,0.000000000,NONE,0,0.049936055,-1.284198252,31.832504092,-0.096042503,-1.350992260,28.935852987,-0.083947914,0.066794009,2.896651106,-0.012094588,-0.197393851,2.993533590,-0.011020021,-0.202628761,2.424130212,0.005866755,0.005234910,0.569403378,-0.016886775,-1.554646259,450.000000000,10.506303828,-0.088903872,0.002295609,9.493553972,-114.484726928,115.262050058,-110.515273072,109.737949942,-5.253151914,-5.253151914
1786168206.154014349,34.700289900,0.000000000,NONE,0,0.050061718,-1.284198252,31.832504092,-0.096042503,-1.350292926,29.057477897,-0.083942342,0.066094675,2.775026196,-0.012100161,-0.194797993,2.993704856,-0.010696294,-0.201378569,2.424141193,0.006128258,0.006580576,0.569563663,-0.016824552,-1.429116190,450.000000000,10.508069591,-0.088786508,0.002266020,9.493350359,-114.516058542,115.230616637,-110.483941458,109.769383363,-5.254034796,-5.254034796
1786168206.204135656,34.750411120,0.000000000,TARGET_UPDATED,0,0.050078844,-1.284198252,32.832504092,-0.096042503,-1.349537610,29.179096847,-0.083942836,0.065339358,3.653407246,-0.012099667,-0.212227644,2.992518712,-0.010981269,-0.199868263,2.424140708,0.005848211,-0.012359380,0.568378004,-0.016829481,-3.309334922,450.000000000,10.505961778,-0.088671223,0.002225310,9.493415820,-114.046020225,115.700687686,-110.953979775,109.299312314,-5.252980889,-5.252980889
1786168206.254099131,34.800374394,0.000000000,NONE,0,0.049939013,-1.284198252,32.832504092,-0.096042503,-1.348857647,29.300720828,-0.083949342,0.064659396,3.531783264,-0.012093161,-0.210645390,2.992627030,-0.011875621,-0.203731238,2.424127202,0.005090567,-0.006914152,0.568499827,-0.016966189,-2.463635021,450.000000000,10.493329532,-0.088558949,0.002178447,9.493747610,-114.257528147,115.489345658,-110.742471853,109.510654342,-5.246664766,-5.246664766
1786168206.304024220,34.850299807,0.000000000,NONE,0,0.050002673,-1.284198252,32.832504092,-0.096042503,-1.348371708,29.422359900,-0.083961266,0.064173457,3.410144192,-0.012081237,-0.208806377,2.992749809,-0.013299639,-0.206116828,2.424105101,0.003903102,-0.002689549,0.568644707,-0.017202741,-2.197978080,450.000000000,10.474347479,-0.088449913,0.002137264,9.494281994,-114.324075978,115.423065019,-110.675924022,109.576934981,-5.237173740,-5.237173740
1786168206.354032755,34.900307916,0.000000000,NONE,0,0.049994467,-1.284198252,32.832504092,-0.096042503,-1.348047412,29.519675006,-0.083973921,0.063849161,3.312829087,-0.012068581,-0.207198023,2.992854888,-0.014707577,-0.207004285,2.424080853,0.002727008,-0.000193738,0.568774035,-0.017434584,-2.050881970,450.000000000,10.457776048,-0.088364508,0.002114201,9.496515738,-114.361408442,115.386849427,-110.638591558,109.613150573,-5.228888024,-5.228888024
1786168206.404005527,34.950280913,0.000000000,NONE,0,0.049982630,-1.284198252,32.832504092,-0.096042503,-1.347618260,29.665649274,-0.083995898,0.063420008,3.166854818,-0.012046605,-0.204570203,2.993023030,-0.017049736,-0.207620231,2.424038204,0.000813501,0.003050028,0.568984826,-0.017863236,-1.789585183,450.000000000,10.423385325,-0.088236895,0.002142600,9.494843313,-114.426314533,115.321107124,-110.573685467,109.678892876,-5.211692662,-5.211692662
1786168206.454079151,35.000354565,0.000000000,NONE,0,0.050055812,-1.284198252,32.832504092,-0.096042503,-1.347343163,29.762964043,-0.084011724,0.063144911,3.069540050,-0.012030779,-0.202683176,2.993141863,-0.018627525,-0.207273001,2.424008494,-0.000515369,0.004589825,0.569133369,-0.018112155,-1.694558160,450.000000000,10.409110889,-0.088151242,0.002138018,9.496861850,-114.450575923,115.297855003,-110.549424077,109.702144997,-5.204555444,-5.204555444
1786168206.504019976,35.050295488,0.000000000,NONE,0,0.049946346,-1.284198252,32.832504092,-0.096042503,-1.346982288,29.884603324,-0.084031629,0.062784037,2.947900768,-0.012010874,-0.200185660,2.993297796,-0.020459525,-0.206525244,2.423971995,-0.002013126,0.006339585,0.569325801,-0.018446399,-1.537144380,450.000000000,10.383533931,-0.088043928,0.002157597,9.496875870,-114.489932873,115.258505063,-110.510067127,109.741494937,-5.191766966,-5.191766966
1786168206.554059982,35.100335367,0.000000000,NONE,0,0.050025670,-1.284198252,32.832504092,-0.096042503,-1.346584786,30.006236670,-0.084048824,0.062386535,2.826267422,-0.011993678,-0.197527928,2.993463307,-0.021995622,-0.205319292,2.423941538,-0.003253814,0.007791364,0.569521768,-0.018741808,-1.405430693,450.000000000,10.363173433,-0.087933910,0.002210695,9.496341350,-114.522727664,115.225443011,-110.477272336,109.774556989,-5.181586717,-5.181586717
1786168206.604027033,35.150302401,0.000000000,TARGET_UPDATED,0,0.049997181,-1.284198252,33.832504092,-0.096042503,-1.346126729,30.127862264,-0.084062567,0.061928477,3.704641828,-0.011979936,-0.213207929,2.992379423,-0.023036612,-0.203663669,2.423917795,-0.004156235,-0.009544261,0.568461628,-0.018880376,-3.128791035,450.000000000,10.356135273,-0.087820926,0.002255086,9.495640364,-114.091712332,115.656107850,-110.908287668,109.343892150,-5.178067637,-5.178067637
1786168206.654065132,35.200340513,0.000000000,NONE,0,0.049966520,-1.284198252,33.832504092,-0.096042503,-1.345710374,30.249489417,-0.084071780,0.061512123,3.583014675,-0.011970723,-0.211499160,2.992495773,-0.023655374,-0.206564978,2.423901657,-0.004614343,-0.004934181,0.568594116,-0.019041031,-2.378693861,450.000000000,10.343970029,-0.087705634,0.002281675,9.494915755,-114.279055473,115.468402404,-110.720944527,109.531597596,-5.171985015,-5.171985015
1786168206.704034328,35.250309786,0.000000000,NONE,0,0.050024938,-1.284198252,33.832504092,-0.096042503,-1.345458788,30.371129444,-0.084075649,0.061260536,3.461374648,-0.011966854,-0.209544467,2.992632385,-0.023764157,-0.208484851,2.423897037,-0.004668447,-0.001059615,0.568735348,-0.019095710,-2.121795978,450.000000000,10.341787096,-0.087588978,0.002291757,9.494245698,-114.343112430,115.404010419,-110.656887570,109.595989581,-5.170893548,-5.170893548
1786168206.753982067,35.300257382,0.000000000,NONE,0,0.049949519,-1.284198252,33.832504092,-0.096042503,-1.345264762,30.492773333,-0.084074395,0.061066511,3.339730759,-0.011968107,-0.207419817,2.992783683,-0.023347989,-0.208924989,2.423901855,-0.004309048,0.001505172,0.568881828,-0.019038941,-1.951714908,450.000000000,10.347514975,-0.087472205,0.002286448,9.493695391,-114.385495121,115.361352575,-110.614504879,109.638647425,-5.173757487,-5.173757487
1786168206.803958178,35.350233557,0.000000000,NONE,0,0.049962708,-1.284198252,33.832504092,-0.096042503,-1.345083904,30.614417635,-0.084068171,0.060885653,3.218086457,-0.011974331,-0.205152172,2.992946880,-0.022453898,-0.208637218,2.423916117,-0.003561532,0.003485046,0.569030762,-0.018892366,-1.799925454,450.000000000,10.359100419,-0.087356357,0.002269583,9.493325326,-114.423349968,115.323312695,-110.576650032,109.676687305,-5.179550210,-5.179550210
1786168206.853969812,35.400245425,0.000000000,NONE,0,0.050010519,-1.284198252,33.832504092,-0.096042503,-1.344927026,30.711731771,-0.084059822,0.060728774,3.120772322,-0.011982681,-0.203247035,2.993084231,-0.021459179,-0.207950413,2.423933366,-0.002731553,0.004703378,0.569150865,-0.018727626,-1.704856883,450.000000000,10.370524369,-0.087264871,0.002249812,9.494932442,-114.447518890,115.299947331,-110.552481110,109.700052669,-5.185262185,-5.185262185
1786168206.903945208,35.450220686,0.000000000,NONE,0,0.049993951,-1.284198252,33.832504092,-0.096042503,-1.344643544,30.857698801,-0.084043308,0.060445293,2.974805291,-0.011999195,-0.200245232,2.993299087,-0.019656528,-0.206523372,2.423966301,-0.001267800,0.006278141,0.569332786,-0.018388729,-1.545296966,450.000000000,10.397272144,-0.087128766,0.002264616,9.492607864,-114.486827724,115.259476207,-110.513172276,109.740523793,-5.198636072,-5.198636072
1786168206.953978777,35.500254378,0.000000000,NONE,0,0.050017572,-1.284198252,33.832504092,-0.096042503,-1.344340622,30.979332490,-0.084026976,0.060142370,2.853171602,-0.012015527,-0.197618910,2.993483984,-0.018034432,-0.204800554,2.423997313,0.000074671,0.007181644,0.569486672,-0.018109103,-1.454495487,450.000000000,10.415204846,-0.087016334,0.002228920,9.492674938,-114.509544863,115.236792606,-110.490455137,109.763207394,-5.207602423,-5.207602423
1786168207.004225731,35.550501193,0.000000000,TARGET_UPDATED,0,0.050231306,-1.284198252,34.832504092,-0.096042503,-1.343956593,31.100959534,-0.084009103,0.059758342,3.731544558,-0.012033399,-0.212431957,2.992478101,-0.016531411,-0.202812570,2.424028342,0.001359549,-0.009619387,0.568449758,-0.017890960,-3.105096442,450.000000000,10.428777786,-0.086906504,0.002184757,9.493061020,-114.096991145,115.649539366,-110.903008855,109.350460634,-5.214388893,-5.214388893
1786168207.054022551,35.600298074,0.000000000,NONE,0,0.049817897,-1.284198252,34.832504092,-0.096042503,-1.343627851,31.222591757,-0.083991987,0.059429600,3.609912335,-0.012050515,-0.210759533,2.992603769,-0.015160249,-0.205957326,2.424056296,0.002443169,-0.004802207,0.568547473,-0.017603419,-2.351253276,450.000000000,10.449896213,-0.086798885,0.002146263,9.493484743,-114.285557867,115.461184505,-110.714442133,109.538815495,-5.224948107,-5.224948107
1786168207.104008198,35.650283668,0.000000000,NONE,0,0.049995410,-1.284198252,34.832504092,-0.096042503,-1.343465949,31.319906576,-0.083980223,0.059267698,3.512597516,-0.012062279,-0.209273861,2.992712372,-0.014299633,-0.207037684,2.424077139,0.003109212,-0.002236177,0.568635234,-0.017408845,-2.212948826,450.000000000,10.461201207,-0.086713993,0.002123402,9.495592526,-114.320660925,115.427135338,-110.679339075,109.572864662,-5.230600603,-5.230600603
1786168207.154026508,35.700301778,0.000000000,NONE,0,0.050003312,-1.284198252,34.832504092,-0.096042503,-1.343305812,31.441553811,-0.083969273,0.059107561,3.390950282,-0.012073229,-0.207283769,2.992854344,-0.013575027,-0.207530898,2.424097014,0.003627195,0.000247129,0.568757330,-0.017202221,-2.026060488,450.000000000,10.475475141,-0.086607826,0.002140456,9.495589995,-114.367382377,115.380412621,-110.632617623,109.619587379,-5.237737571,-5.237737571
1786168207.204003572,35.750279085,0.000000000,NONE,0,0.050005164,-1.284198252,34.832504092,-0.096042503,-1.343163768,31.563202220,-0.083963440,0.058965517,3.269301872,-0.012079063,-0.205154875,2.993002368,-0.013288666,-0.207365928,2.424108117,0.003795648,0.002211053,0.568894250,-0.017084314,-1.876672086,450.000000000,10.481527175,-0.086500901,0.002142930,9.495662230,-114.404747536,115.343083579,-110.595252464,109.656916421,-5.240763588,-5.240763588
1786168207.254051685,35.800326863,0.000000000,NONE,0,0.050005518,-1.284198252,34.832504092,-0.096042503,-1.343010527,31.684848955,-0.083962383,0.058812276,3.147655138,-0.012080119,-0.202896135,2.993155595,-0.013456739,-0.206685523,2.424112827,0.003608527,0.003789388,0.569042768,-0.017065265,-1.745620273,450.000000000,10.480456963,-0.086392279,0.002171115,9.495330852,-114.437427645,115.310237781,-110.562572355,109.689762219,-5.240228481,-5.240228481
1786168207.304045677,35.850321007,0.000000000,NONE,0,0.050021205,-1.284198252,34.832504092,-0.096042503,-1.342824423,31.806491612,-0.083965745,0.058626172,3.026012480,-0.012076758,-0.200513811,2.993313342,-0.014057180,-0.205609483,2.424107494,0.003082302,0.005095673,0.569205848,-0.017139481,-1.626718065,450.000000000,10.472968541,-0.086282161,0.002189028,9.494974111,-114.467064011,115.280423044,-110.532935989,109.719576956,-5.236484271,-5.236484271
1786168207.354194403,35.900469803,0.000000000,NONE,0,0.050138889,-1.284198252,34.832504092,-0.096042503,-1.342588709,31.928128248,-0.083973109,0.058390458,2.904375844,-0.012069393,-0.198011770,2.993475137,-0.015023305,-0.204227276,2.424092978,0.002268517,0.006215506,0.569382159,-0.017291822,-1.515584972,450.000000000,10.460316547,-0.086171420,0.002193922,9.494706992,-114.494780505,115.252572991,-110.505219495,109.747427009,-5.230158274,-5.230158274
1786168207.404031277,35.950306665,0.000000000,NONE,0,0.049840458,-1.284198252,34.832504092,-0.096042503,-1.342290039,32.049757311,-0.083983987,0.058091787,2.782746781,-0.012058515,-0.195389920,2.993640880,-0.016255052,-0.202599268,2.424070912,0.001247273,0.007209348,0.569569969,-0.017502326,-1.408964893,450.000000000,10.443959894,-0.086060816,0.002188505,9.494491440,-114.521381637,115.225864083,-110.478618363,109.774135917,-5.221979947,-5.221979947
1786168207.454381227,36.000656749,0.000000000,TARGET_UPDATED,0,0.050370101,-1.284198252,35.832504092,-0.096042503,-1.341917547,32.171377588,-0.083997687,0.057719296,3.661126504,-0.012044815,-0.210371959,2.992617391,-0.017641274,-0.200770719,2.424043710,0.000124136,-0.009601241,0.568573681,-0.017765410,-3.061524765,450.000000000,10.424097124,-0.085951248,0.002175613,9.494513711,-114.108247236,115.639009619,-110.891752764,109.360990381,-5.212048562,-5.212048562
1786168207.503961325,36.050236856,0.000000000,NONE,0,0.049565071,-1.284198252,35.832504092,-0.096042503,-1.341587759,32.292998942,-0.084013408,0.057389507,3.539505150,-0.012029095,-0.208725235,2.992724269,-0.018994705,-0.203681221,2.424013311,-0.000994331,-0.005044014,0.568710958,-0.018000374,-2.329607928,450.000000000,10.407686041,-0.085843011,0.002159242,9.494528037,-114.291230027,115.456033991,-110.708769973,109.543966009,-5.203843021,-5.203843021
1786168207.554024696,36.100300205,0.000000000,NONE,0,0.050065155,-1.284198252,35.832504092,-0.096042503,-1.341407612,32.414630671,-0.084029845,0.057209360,3.417873421,-0.012012658,-0.206853253,2.992845815,-0.020256995,-0.205362764,2.423985305,-0.002008714,-0.001490488,0.568860510,-0.018248281,-2.100288219,450.000000000,10.389664598,-0.085736049,0.002144271,9.494705567,-114.348604337,115.398748446,-110.651395663,109.601251554,-5.194832299,-5.194832299
1786168207.604027987,36.150303192,0.000000000,NONE,0,0.049995931,-1.284198252,35.832504092,-0.096042503,-1.341285307,32.536264966,-0.084045063,0.057087055,3.296239126,-0.011997440,-0.204813440,2.992978713,-0.021301187,-0.205932705,2.423959801,-0.002818038,0.001119265,0.569018912,-0.018483149,-1.922395356,450.000000000,10.373015696,-0.085629969,0.002135907,9.494865164,-114.393117452,115.354315130,-110.606882548,109.645684870,-5.186507848,-5.186507848
1786168207.654030800,36.200306349,0.000000000,NONE,0,0.049995508,-1.284198252,35.832504092,-0.096042503,-1.341185122,32.657898968,-0.084057441,0.056986870,3.174605124,-0.011985062,-0.202618259,2.993122723,-0.022031777,-0.205878676,2.423939339,-0.003349965,0.003260417,0.569183384,-0.018681812,-1.760551143,450.000000000,10.359366436,-0.085524216,0.002134844,9.494967170,-114.433604007,115.313879578,-110.566395993,109.686120422,-5.179683218,-5.179683218
1786168207.704011679,36.250287134,0.000000000,NONE,0,0.049999754,-1.284198252,35.832504092,-0.096042503,-1.341079392,32.779530590,-0.084065868,0.056881140,3.052973502,-0.011976635,-0.200274670,2.993277768,-0.022382987,-0.205303980,2.423925466,-0.003561294,0.005029310,0.569352302,-0.018821693,-1.616697614,450.000000000,10.350280238,-0.085418260,0.002140099,9.494979931,-114.469570579,115.277919386,-110.530429421,109.722080614,-5.175140119,-5.175140119
1786168207.753997803,36.300273132,0.000000000,NONE,0,0.049992629,-1.284198252,35.832504092,-0.096042503,-1.340974878,32.876833036,-0.084069400,0.056776627,2.955671057,-0.011973103,-0.198296135,2.993409579,-0.022367037,-0.204502239,2.423919759,-0.003488406,0.006206104,0.569489820,-0.018878631,-1.520154653,450.000000000,10.347481378,-0.085333074,0.002147369,9.496624437,-114.494117446,115.254194772,-110.505882554,109.745805228,-5.173740689,-5.173740689
1786168207.804035902,36.350311195,0.000000000,NONE,0,0.050017327,-1.284198252,35.832504092,-0.096042503,-1.340803945,32.998456517,-0.084069726,0.056605693,2.834047575,-0.011972776,-0.195691210,2.993583912,-0.021973714,-0.203254511,2.423919845,-0.003092415,0.007563301,0.569664067,-0.018881300,-1.385979249,450.000000000,10.347907955,-0.085224973,0.002196254,9.496012901,-114.527508413,115.220498038,-110.472491587,109.779501962,-5.173953978,-5.173953978
1786168207.854301453,36.400576787,0.000000000,TARGET_UPDATED,0,0.050286693,-1.284198252,36.832504092,-0.096042503,-1.340574682,33.120074115,-0.084065813,0.056376431,3.712429978,-0.011976690,-0.209685803,2.992642316,-0.021132320,-0.201669119,2.423928137,-0.002400009,-0.008016684,0.568714179,-0.018732311,-2.928567992,450.000000000,10.360882321,-0.085113709,0.002248587,9.495148625,-114.141645158,115.605929154,-110.858354842,109.394070846,-5.180441161,-5.180441161
1786168207.904046774,36.450322300,0.000000000,NONE,0,0.049727853,-1.284198252,36.832504092,-0.096042503,-1.340378754,33.241693958,-0.084058287,0.056180503,3.590810135,-0.011984216,-0.207968956,2.992769656,-0.020046196,-0.204179362,2.423942660,-0.001447033,-0.003789593,0.568826995,-0.018599162,-2.246002733,450.000000000,10.369455035,-0.085000226,0.002276685,9.494242823,-114.312060022,115.435061389,-110.687939978,109.564938611,-5.184727518,-5.184727518
1786168207.954014301,36.500289630,0.000000000,NONE,0,0.049981460,-1.284198252,36.832504092,-0.096042503,-1.340329886,33.363326119,-0.084047763,0.056131634,3.469177974,-0.011994739,-0.206021200,2.992912603,-0.018791784,-0.205873777,2.423964443,-0.000377055,-0.000147423,0.568948160,-0.018414730,-2.001143896,450.000000000,10.382917572,-0.084885906,0.002280453,9.493544950,-114.373100264,115.373672211,-110.626899736,109.626327789,-5.191458786,-5.191458786
1786168208.003970385,36.550245616,0.000000000,NONE,0,0.049968478,-1.284198252,36.832504092,-0.096042503,-1.340331476,33.484962573,-0.084035232,0.056133225,3.347541520,-0.012007271,-0.203910237,2.993065256,-0.017475190,-0.206215207,2.423989077,0.000719066,0.002304970,0.569076178,-0.018194256,-1.836453440,450.000000000,10.398618422,-0.084772190,0.002262929,9.493094805,-114.414160341,115.332387061,-110.585839659,109.667612939,-5.199309211,-5.199309211
1786168208.054042101,36.600317560,0.000000000,NONE,0,0.050024021,-1.284198252,36.832504092,-0.096042503,-1.340342293,33.606599938,-0.084021824,0.056144041,3.225904154,-0.012020679,-0.201660141,2.993224932,-0.016211399,-0.205880415,2.424014752,0.001748428,0.004220273,0.569210180,-0.017959827,-1.688687257,450.000000000,10.414853282,-0.084660120,0.002230928,9.492919310,-114.451058013,115.295401642,-110.548941987,109.704598358,-5.207426641,-5.207426641
1786168208.104022026,36.650297317,0.000000000,NONE,0,0.050021520,-1.284198252,36.832504092,-0.096042503,-1.340332886,33.728235745,-0.084008665,0.056134634,3.104268347,-0.012033838,-0.199285488,2.993389852,-0.015110206,-0.204997396,2.424039385,0.002624117,0.005711908,0.569350467,-0.017734323,-1.562094622,450.000000000,10.430016819,-0.084550301,0.002191137,9.492990312,-114.482723922,115.263771234,-110.517276078,109.736228766,-5.215008410,-5.215008410
1786168208.154141426,36.700416904,0.000000000,NONE,0,0.050098266,-1.284198252,36.832504092,-0.096042503,-1.340279656,33.849867918,-0.083997013,0.056081405,2.982636175,-0.012045490,-0.196795559,2.993558833,-0.014264817,-0.203689382,2.424061016,0.003268894,0.006893823,0.569497816,-0.017533711,-1.450188320,450.000000000,10.443116733,-0.084442874,0.002150155,9.493266873,-114.510769638,115.235863798,-110.489230362,109.764136202,-5.221558366,-5.221558366
1786168208.204062700,36.750338150,0.000000000,NONE,0,0.049913123,-1.284198252,36.832504092,-0.096042503,-1.340162538,33.971494582,-0.083987768,0.055964287,2.861009511,-0.012054735,-0.194196086,2.993731099,-0.013745987,-0.202013209,2.424077972,0.003635141,0.007817122,0.569653126,-0.017381128,-1.351203809,450.000000000,10.452416328,-0.084337581,0.002113723,9.493626896,-114.535605772,115.211207676,-110.464394228,109.788792324,-5.226208164,-5.226208164
1786168208.254341125,36.800616583,0.000000000,TARGET_UPDATED,0,0.050293839,-1.284198252,37.832504092,-0.096042503,-1.339965624,34.093114132,-0.083981680,0.055767372,3.739389961,-0.012060823,-0.207779378,2.992819680,-0.013615605,-0.200050102,2.424088941,0.003689243,-0.007729276,0.568730740,-0.017304849,-2.872263989,450.000000000,10.455780441,-0.084233918,0.002084469,9.494099250,-114.155458815,115.591590810,-110.844541185,109.408409190,-5.227890220,-5.227890220
1786168208.304057598,36.850332908,0.000000000,NONE,0,0.049699144,-1.284198252,37.832504092,-0.096042503,-1.339813019,34.214736665,-0.083979331,0.055614768,3.617767427,-0.012063172,-0.206085800,2.992935667,-0.013862080,-0.202802909,2.424092257,0.003415214,-0.003282892,0.568843410,-0.017277295,-2.173548568,450.000000000,10.456317626,-0.084131445,0.002063073,9.494477919,-114.330232338,115.417006622,-110.669767662,109.582993378,-5.228158813,-5.228158813
1786168208.354024172,36.900299499,0.000000000,NONE,0,0.049977013,-1.284198252,37.832504092,-0.096042503,-1.339772522,34.336367615,-0.083980963,0.055574271,3.496136478,-0.012061539,-0.204203107,2.993061657,-0.014503056,-0.203744693,2.424089814,0.002812223,-0.000458414,0.568971844,-0.017315280,-2.000192776,450.000000000,10.451911496,-0.084029665,0.002050415,9.494861217,-114.373667110,115.373763498,-110.626332890,109.626236502,-5.225955748,-5.225955748
1786168208.404254436,36.950529837,0.000000000,NONE,0,0.050227161,-1.284198252,37.832504092,-0.096042503,-1.339760464,34.457999504,-0.083986438,0.055562212,3.374504588,-0.012056065,-0.202184563,2.993193819,-0.015466077,-0.203797126,2.424079483,0.001947091,0.001612563,0.569114336,-0.017413168,-1.852044646,450.000000000,10.443433146,-0.083927962,0.002046564,9.495194392,-114.410787436,115.336809759,-110.589212564,109.663190241,-5.221716573,-5.221716573
1786168208.454025507,37.000300803,0.000000000,NONE,0,0.049763331,-1.284198252,37.832504092,-0.096042503,-1.339746599,34.579629446,-0.083995225,0.055548348,3.252874647,-0.012047278,-0.200042016,2.993331290,-0.016659424,-0.203297083,2.424062771,0.000903196,0.003255067,0.569268520,-0.017562620,-1.720528286,450.000000000,10.431480214,-0.083825877,0.002051037,9.495325770,-114.443699371,115.303963514,-110.556300629,109.696036486,-5.215740107,-5.215740107
1786168208.504020214,37.050295617,0.000000000,NONE,0,0.050013965,-1.284198252,37.832504092,-0.096042503,-1.339706770,34.701255156,-0.084006501,0.055508518,3.131248936,-0.012036002,-0.197783910,2.993473649,-0.017971691,-0.202351734,2.424041423,-0.000222455,0.004567823,0.569432226,-0.017749236,-1.605552906,450.000000000,10.417245210,-0.083723191,0.002059360,9.495402308,-114.472462351,115.275238804,-110.527537649,109.724761196,-5.208622605,-5.208622605
1786168208.553949118,37.100224542,0.000000000,NONE,0,0.049934057,-1.284198252,37.832504092,-0.096042503,-1.339621823,34.822874887,-0.084019240,0.055423572,3.009629205,-0.012023262,-0.195415494,2.993620919,-0.019282990,-0.201059371,2.424017600,-0.001326630,0.005643877,0.569603319,-0.017956360,-1.501121994,450.000000000,10.401881500,-0.083619903,0.002070549,9.495378333,-114.498564085,115.249125082,-110.501435915,109.750874918,-5.200940750,-5.200940750
1786168208.603947163,37.150222549,0.000000000,NONE,0,0.049988051,-1.284198252,37.832504092,-0.096042503,-1.339511099,34.920165485,-0.084029723,0.055312848,2.912338607,-0.012012779,-0.193442749,2.993742546,-0.020252500,-0.199805739,2.423998324,-0.002131865,0.006362990,0.569744222,-0.018120635,-1.428385192,450.000000000,10.390791046,-0.083536903,0.002080157,9.496993916,-114.517152181,115.231344777,-110.482847819,109.768655223,-5.195395523,-5.195395523
1786168208.654030085,37.200305537,0.000000000,NONE,0,0.050084649,-1.284198252,37.832504092,-0.096042503,-1.339310735,35.041771595,-0.084041778,0.055112484,2.790732497,-0.012000725,-0.190874117,2.993900200,-0.021276774,-0.198122533,2.423975847,-0.002941751,0.007248416,0.569924353,-0.018335023,-1.324693121,450.000000000,10.374330516,-0.083432012,0.002127731,9.496484260,-114.542947785,115.205294345,-110.457052215,109.794705655,-5.187165258,-5.187165258
1786168208.704061747,37.250337068,0.000000000,TARGET_UPDATED,0,0.050059107,-1.284198252,38.832504092,-0.096042503,-1.339033945,35.163369280,-0.084051433,0.054835693,3.669134812,-0.011991070,-0.204937266,2.992964736,-0.022052737,-0.196241435,2.423957083,-0.003500561,-0.008695831,0.569007653,-0.018552176,-2.883291364,450.000000000,10.358608015,-0.083324554,0.002181926,9.495687935,-114.153099143,115.594744825,-110.846900857,109.405255175,-5.179304007,-5.179304007
1786168208.754048586,37.300323962,0.000000000,NONE,0,0.049944208,-1.284198252,38.832504092,-0.096042503,-1.338769916,35.284966146,-0.084058783,0.054571664,3.547537947,-0.011983719,-0.203312725,2.993072706,-0.022424016,-0.198365493,2.423942408,-0.003777706,-0.004947232,0.569130297,-0.018646310,-2.233296464,450.000000000,10.354006117,-0.083215258,0.002214382,9.494931972,-114.315408877,115.432057109,-110.684591123,109.567942891,-5.177003058,-5.177003058
1786168208.804091454,37.350366686,0.000000000,NONE,0,0.049999497,-1.284198252,38.832504092,-0.096042503,-1.338651521,35.406573594,-0.084063702,0.054453269,3.425930498,-0.011978800,-0.201464820,2.993197524,-0.022435827,-0.200157401,2.423935489,-0.003746031,-0.001307419,0.569262035,-0.018689796,-1.981516717,450.000000000,10.351509919,-0.083105056,0.002226169,9.494308323,-114.378197902,115.368956260,-110.621802098,109.631043740,-5.175754960,-5.175754960
1786168208.854151011,37.400426338,0.000000000,NONE,0,0.049983650,-1.284198252,38.832504092,-0.096042503,-1.338589970,35.528184480,-0.084065545,0.054391718,3.304319613,-0.011976958,-0.199452559,2.993334949,-0.022075212,-0.200647214,2.423934499,-0.003393613,0.001194655,0.569400450,-0.018681599,-1.815616161,450.000000000,10.352650576,-0.082994788,0.002221273,9.493832672,-114.419554128,115.327362208,-110.580445872,109.672637792,-5.176325288,-5.176325288
1786168208.903990984,37.450266545,0.000000000,NONE,0,0.049994996,-1.284198252,38.832504092,-0.096042503,-1.338545564,35.649795793,-0.084064041,0.054347312,3.182708299,-0.011978462,-0.197296114,2.993483017,-0.021366102,-0.200500345,2.423939944,-0.002746421,0.003204231,0.569543073,-0.018619681,-1.664009698,450.000000000,10.357593852,-0.082885072,0.002203667,9.493519124,-114.457377357,115.289382206,-110.542622643,109.710617794,-5.178796926,-5.178796926
1786168208.953983784,37.500259056,0.000000000,NONE,0,0.049966330,-1.284198252,38.832504092,-0.096042503,-1.338492367,35.771405690,-0.084059250,0.054294115,3.061098402,-0.011983252,-0.195004389,2.993640176,-0.020368703,-0.199872963,2.423951363,-0.001859096,0.004868574,0.569688813,-0.018509607,-1.528025452,450.000000000,10.365801094,-0.082776316,0.002177783,9.493349505,-114.491331013,115.255343739,-110.508668987,109.744656261,-5.182900547,-5.182900547
1786168209.004003286,37.550278645,0.000000000,NONE,0,0.050042495,-1.284198252,38.832504092,-0.096042503,-1.338408768,35.893012669,-0.084051551,0.054210516,2.939491423,-0.011990951,-0.192582675,2.993804924,-0.019170403,-0.198847724,2.423967611,-0.000809240,0.006265049,0.569837313,-0.018361163,-1.404707248,450.000000000,10.376496212,-0.082668750,0.002147605,9.493319908,-114.522153165,115.224506789,-110.477846835,109.775493211,-5.188248106,-5.188248106
1786168209.053984404,37.600259766,0.000000000,NONE,0,0.049951711,-1.284198252,38.832504092,-0.096042503,-1.338276561,36.014615458,-0.084041588,0.054078310,2.817888635,-0.012000914,-0.190033112,2.993975938,-0.017875877,-0.197485408,2.423987135,0.000312183,0.007452296,0.569988803,-0.018188060,-1.290888579,450.000000000,10.388658118,-0.082562470,0.002116706,9.493374759,-114.550621545,115.196065834,-110.449378455,109.803934166,-5.194329059,-5.194329059
1786168209.104074955,37.650350503,0.000000000,TARGET_UPDATED,0,0.050120884,-1.284198252,39.832504092,-0.096042503,-1.338080134,36.136212927,-0.084030216,0.053881882,3.696291165,-0.012012287,-0.203534963,2.993096086,-0.016553063,-0.195832316,2.424008166,0.001408951,-0.007702646,0.569087920,-0.017962014,-2.780009368,450.000000000,10.405075833,-0.082457469,0.002087493,9.493532485,-114.178380779,115.568385463,-110.821619221,109.431614537,-5.202537917,-5.202537917
1786168209.154000044,37.700275424,0.000000000,NONE,0,0.049925909,-1.284198252,39.832504092,-0.096042503,-1.337921199,36.257813500,-0.084018525,0.053722947,3.574690592,-0.012023977,-0.201879455,2.993214545,-0.015383971,-0.198410749,2.424028103,0.002402288,-0.003468706,0.569186443,-0.017786259,-2.106869746,450.000000000,10.415945040,-0.082353769,0.002060002,9.493734596,-114.346716212,115.400151085,-110.653283788,109.599848915,-5.207972520,-5.207972520
1786168209.204027891,37.750303352,0.000000000,NONE,0,0.049999543,-1.284198252,39.832504092,-0.096042503,-1.337893469,36.379424952,-0.084007693,0.053695218,3.453079140,-0.012034810,-0.200014731,2.993344420,-0.014462735,-0.199808431,2.424047754,0.003166938,-0.000206300,0.569296666,-0.017629673,-1.894935730,450.000000000,10.426076733,-0.082251367,0.002038075,9.493986814,-114.399762771,115.347230636,-110.600237229,109.652769364,-5.213038367,-5.213038367
1786168209.254022360,37.800297692,0.000000000,NONE,0,0.049983234,-1.284198252,39.832504092,-0.096042503,-1.337910667,36.501039991,-0.083998988,0.053712415,3.331464102,-0.012043514,-0.197995677,2.993481625,-0.013850120,-0.200144140,2.424063359,0.003649274,0.002148463,0.569418266,-0.017499395,-1.733398487,450.000000000,10.434233556,-0.082150053,0.002022256,9.494252125,-114.440213410,115.306912653,-110.559786590,109.693087347,-5.217116778,-5.217116778
1786168209.304128885,37.850404215,0.000000000,NONE,0,0.050067879,-1.284198252,39.832504092,-0.096042503,-1.337938593,36.622655563,-0.083993437,0.053740342,3.209848529,-0.012049065,-0.195836372,2.993624909,-0.013589571,-0.199883590,2.424074066,0.003820727,0.004047217,0.569550843,-0.017410298,-1.587991539,450.000000000,10.439207591,-0.082049584,0.002011899,9.494534251,-114.476635678,115.270631448,-110.523364322,109.729368552,-5.219603796,-5.219603796
1786168209.354048729,37.900324064,0.000000000,NONE,0,0.049972351,-1.284198252,39.832504092,-0.096042503,-1.337950189,36.744269156,-0.083991455,0.053751937,3.088234936,-0.012051048,-0.193546117,2.993773374,-0.013698418,-0.199114186,2.424079030,0.003677896,0.005568069,0.569694344,-0.017376314,-1.461549117,450.000000000,10.440052798,-0.081949647,0.002007125,9.494777452,-114.508307084,115.239081642,-110.491692916,109.760918358,-5.220026399,-5.220026399
1786168209.404123545,37.950398989,0.000000000,NONE,0,0.050013372,-1.284198252,39.832504092,-0.096042503,-1.337922306,36.865878548,-0.083992982,0.053724054,2.966625544,-0.012049521,-0.191131842,2.993926297,-0.014164327,-0.197916287,2.424077682,0.003238091,0.006784445,0.569848615,-0.017402418,-1.350205910,450.000000000,10.436588377,-0.081849894,0.002007017,9.494985479,-114.536194892,115.211297847,-110.463805108,109.788702153,-5.218294188,-5.218294188
1786168209.454182148,38.000457427,0.000000000,NONE,0,0.049935235,-1.284198252,39.832504092,-0.096042503,-1.337858600,36.963161755,-0.083996540,0.053660348,2.869342338,-0.012045962,-0.189113979,2.994051498,-0.014765366,-0.196680422,2.424072044,0.002696611,0.007566443,0.569979454,-0.017461977,-1.275155220,450.000000000,10.431312443,-0.081770008,0.002010001,9.496731157,-114.555393984,115.192971594,-110.444606016,109.807028406,-5.215656221,-5.215656221
1786168209.504008055,38.050283358,0.000000000,TARGET_UPDATED,0,0.050028813,-1.284198252,40.832504092,-0.096042503,-1.337715903,37.084759201,-0.084003310,0.053517652,3.747744891,-0.012039193,-0.202034092,2.993202455,-0.015729185,-0.194961514,2.424059902,0.001844552,-0.007072578,0.569142553,-0.017573738,-2.703027344,450.000000000,10.422008414,-0.081669077,0.002049023,9.496438049,-114.198352676,115.549866348,-110.801647324,109.450133652,-5.211004207,-5.211004207
1786168209.554056644,38.100332203,0.000000000,NONE,0,0.050022442,-1.284198252,40.832504092,-0.096042503,-1.337584020,37.206355708,-0.084011878,0.053385769,3.626148384,-0.012030625,-0.200389261,2.993306679,-0.016879644,-0.196851917,2.424042609,0.000863974,-0.003537344,0.569264071,-0.017743619,-2.096140689,450.000000000,10.408510760,-0.081565531,0.002094199,9.495862890,-114.349930550,115.398000895,-110.650069450,109.601999105,-5.204255380,-5.204255380
1786168209.603993177,38.150268552,0.000000000,NONE,0,0.049971282,-1.284198252,40.832504092,-0.096042503,-1.337578627,37.327960620,-0.084021716,0.053380375,3.504543472,-0.012020787,-0.198536897,2.993422752,-0.018123171,-0.198291600,2.424024143,-0.000198155,-0.000245296,0.569398609,-0.017925016,-1.868166704,450.000000000,10.395131187,-0.081460011,0.002122756,9.495277037,-114.406777583,115.340860935,-110.593222417,109.659139065,-5.197565594,-5.197565594
1786168209.654064417,38.200339640,0.000000000,NONE,0,0.049948511,-1.284198252,40.832504092,-0.096042503,-1.337613937,37.449566821,-0.084032366,0.053415685,3.382937272,-0.012010136,-0.196535417,2.993547102,-0.019342313,-0.198475213,2.424004128,-0.001241464,0.001939796,0.569542975,-0.018100849,-1.721423504,450.000000000,10.382480574,-0.081353340,0.002133839,9.494759482,-114.443333995,115.304045747,-110.556666005,109.695954253,-5.191240287,-5.191240287
1786168209.704005480,38.250280880,0.000000000,NONE,0,0.050062061,-1.284198252,40.832504092,-0.096042503,-1.337651555,37.571171179,-0.084042983,0.053453304,3.261332914,-0.011999520,-0.194407379,2.993678736,-0.020429606,-0.198038574,2.423984760,-0.002164996,0.003631195,0.569693976,-0.018264610,-1.590122357,450.000000000,10.370809212,-0.081246366,0.002130186,9.494372769,-114.476062603,115.271123782,-110.523937397,109.728876218,-5.185404606,-5.185404606
1786168209.754074335,38.300349655,0.000000000,NONE,0,0.050017281,-1.284198252,40.832504092,-0.096042503,-1.337666070,37.692771726,-0.084052516,0.053467819,3.139732366,-0.011989987,-0.192165314,2.993817378,-0.021294535,-0.197132722,2.423967844,-0.002888893,0.004967409,0.569849534,-0.018405642,-1.475550023,450.000000000,10.360928163,-0.081139808,0.002116213,9.494104647,-114.504638656,115.242413667,-110.495361344,109.757586333,-5.180464082,-5.180464082
1786168209.804148436,38.350423806,0.000000000,NONE,0,0.050120461,-1.284198252,40.832504092,-0.096042503,-1.337636852,37.814366966,-0.084060016,0.053438600,3.018137126,-0.011982486,-0.189817780,2.993962940,-0.021867319,-0.195853141,2.423954805,-0.003355303,0.006035361,0.570008135,-0.018512016,-1.373951688,450.000000000,10.353715404,-0.081034182,0.002096234,9.493977302,-114.530006403,115.216982248,-110.469993597,109.783017752,-5.176857702,-5.176857702
1786168209.854545832,38.400821198,0.000000000,NONE,0,0.049946124,-1.284198252,40.832504092,-0.096042503,-1.337547917,37.935955836,-0.084064772,0.053349666,2.896548257,-0.011977731,-0.187368715,2.994115432,-0.022103003,-0.194287775,2.423946666,-0.003529127,0.006919060,0.570168767,-0.018573876,-1.280304615,450.000000000,10.349805146,-0.080929769,0.002074784,9.493923021,-114.553404602,115.193556909,-110.446595398,109.806443091,-5.174902573,-5.174902573
1786168209.903994083,38.450269586,0.000000000,NONE,0,0.049907759,-1.284198252,40.832504092,-0.096042503,-1.337385821,38.057537517,-0.084066501,0.053187569,2.774966576,-0.011976002,-0.184818933,2.994274767,-0.021983760,-0.192475903,2.423944018,-0.003401739,0.007656970,0.570330749,-0.018582021,-1.193475327,450.000000000,10.349846674,-0.080826628,0.002054150,9.493945843,-114.575117629,115.171855293,-110.424882371,109.828144707,-5.174923337,-5.174923337
1786168209.954117060,38.500392465,0.000000000,TARGET_UPDATED,0,0.050115097,-1.284198252,41.832504092,-0.096042503,-1.337139961,38.179111444,-0.084065181,0.052941710,3.653392649,-0.011977322,-0.198511425,2.993401248,-0.021562889,-0.190475345,2.423947114,-0.002984114,-0.008036080,0.569454134,-0.018578775,-2.713572952,450.000000000,10.349836314,-0.080724640,0.002036745,9.494051900,-114.195119737,115.551906213,-110.804880263,109.448093787,-5.174918157,-5.174918157
1786168210.004038095,38.550313626,0.000000000,NONE,0,0.049902970,-1.284198252,41.832504092,-0.096042503,-1.336917577,38.300686535,-0.084061098,0.052719325,3.531817557,-0.011981405,-0.196909513,2.993512508,-0.020796819,-0.192826837,2.423954844,-0.002327963,-0.004082676,0.569557663,-0.018468856,-2.053891274,450.000000000,10.359207710,-0.080623514,0.002022109,9.494154844,-114.360065893,115.387011529,-110.639934107,109.612988471,-5.179603855,-5.179603855
1786168210.053997517,38.600272916,0.000000000,NONE,0,0.049954337,-1.284198252,41.832504092,-0.096042503,-1.336821721,38.422271454,-0.084054684,0.052623470,3.410232638,-0.011987819,-0.195105685,2.993637242,-0.019828662,-0.194167371,2.423968859,-0.001498654,-0.000938314,0.569668384,-0.018330008,-1.847797104,450.000000000,10.369046070,-0.080522918,0.002012745,9.494245784,-114.411612170,115.335510722,-110.588387830,109.664489278,-5.184523035,-5.184523035
1786168210.104031801,38.650307013,0.000000000,NONE,0,0.050002960,-1.284198252,41.832504092,-0.096042503,-1.336766395,38.543859425,-0.084046277,0.052568143,3.288644667,-0.011996225,-0.193155390,2.993770833,-0.018734821,-0.194432924,2.423985589,-0.000563400,0.001277534,0.569785244,-0.018171421,-1.697321856,450.000000000,10.380084907,-0.080422569,0.002007747,9.494310557,-114.449247175,115.297908103,-110.550752825,109.702091897,-5.190042453,-5.190042453
1786168210.153997421,38.700272768,0.000000000,NONE,0,0.050026917,-1.284198252,41.832504092,-0.096042503,-1.336719354,38.665448040,-0.084036612,0.052521103,3.167056053,-0.012005890,-0.191068443,2.993911688,-0.017606117,-0.194154069,2.424004898,0.000396731,0.003085625,0.569906789,-0.018002848,-1.558679324,450.000000000,10.391632789,-0.080321289,0.002027706,9.494045030,-114.483841427,115.263181088,-110.516158573,109.736818912,-5.195816394,-5.195816394
1786168210.204092979,38.750368450,0.000000000,NONE,0,0.050038890,-1.284198252,41.832504092,-0.096042503,-1.336657036,38.787035326,-0.084026616,0.052458784,3.045468766,-0.012015886,-0.188854249,2.994058351,-0.016538550,-0.193432581,2.424022584,0.001299009,0.004578332,0.570035767,-0.017837559,-1.435183855,450.000000000,10.402690290,-0.080219956,0.002018468,9.494059008,-114.514718788,115.232310716,-110.485281212,109.767689284,-5.201345145,-5.201345145
1786168210.254045248,38.800320550,0.000000000,NONE,0,0.049968039,-1.284198252,41.832504092,-0.096042503,-1.336560202,38.908619742,-0.084017335,0.052361950,2.923884350,-0.012025167,-0.186517425,2.994209862,-0.015617657,-0.192359018,2.424039162,0.002069683,0.005841593,0.570170700,-0.017687340,-1.321946729,450.000000000,10.412466784,-0.080118969,0.002007526,9.494096255,-114.543037381,115.204010746,-110.456962619,109.795989254,-5.206233392,-5.206233392
1786168210.304036140,38.850311499,0.000000000,NONE,0,0.049994957,-1.284198252,41.832504092,-0.096042503,-1.336412824,39.030199910,-0.084009695,0.052214573,2.802304183,-0.012032808,-0.184058709,2.994365658,-0.014915489,-0.190987738,2.424052957,0.002650959,0.006929029,0.570312701,-0.017566448,-1.216592566,450.000000000,10.419901918,-0.080018380,0.001996283,9.494162611,-114.569392511,115.177688794,-110.430607489,109.822311206,-5.209950959,-5.209950959
1786168210.354083061,38.900358548,0.000000000,TARGET_UPDATED,0,0.050071908,-1.284198252,42.832504092,-0.096042503,-1.336249330,39.127460139,-0.084005255,0.052051078,3.705043953,-0.012037248,-0.197547848,2.993507924,-0.014531692,-0.189687948,2.424061187,0.002952378,-0.007859900,0.569446737,-0.017484070,-2.666789488,450.000000000,10.424457784,-0.079938238,0.001987585,9.495843535,-114.207263512,115.540658256,-110.792736488,109.459341744,-5.212228892,-5.212228892
1786168210.404028177,38.950303550,0.000000000,NONE,0,0.049936629,-1.284198252,42.832504092,-0.096042503,-1.336067182,39.249036660,-0.084002354,0.051868930,3.583467432,-0.012040148,-0.195982270,2.993611843,-0.014326638,-0.191716409,2.424066446,0.003102486,-0.004265862,0.569545398,-0.017429124,-2.054537225,450.000000000,10.427323893,-0.079837835,0.002009469,9.495566116,-114.360257223,115.387525835,-110.639742777,109.612474165,-5.213661946,-5.213661946
1786168210.454181910,39.000457282,0.000000000,NONE,0,0.049999127,-1.284198252,42.832504092,-0.096042503,-1.336028141,39.370623847,-0.084002615,0.051829890,3.461880245,-0.012039888,-0.194196119,2.993727619,-0.014455730,-0.193546407,2.424068421,0.002981216,-0.000649712,0.569659198,-0.017436945,-1.803986278,450.000000000,10.425083764,-0.079736070,0.002037712,9.495115947,-114.422782417,115.324775556,-110.577217583,109.675224444,-5.212541882,-5.212541882
1786168210.503995895,39.050271273,0.000000000,NONE,0,0.049987196,-1.284198252,42.832504092,-0.096042503,-1.336046488,39.492214527,-0.084005514,0.051848237,3.340289566,-0.012036989,-0.192245130,2.993851375,-0.014891508,-0.194052381,2.424064609,0.002609045,0.001807251,0.569786766,-0.017500553,-1.643729438,450.000000000,10.419077788,-0.079633445,0.002051808,9.494726325,-114.462749222,115.284613941,-110.537250778,109.715386059,-5.209538894,-5.209538894
1786168210.554187775,39.100463102,0.000000000,NONE,0,0.050070201,-1.284198252,42.832504092,-0.096042503,-1.336081419,39.613805149,-0.084010666,0.051883167,3.218698943,-0.012031837,-0.190151681,2.993981474,-0.015588180,-0.193904804,2.424055277,0.002020720,0.003753123,0.569926197,-0.017608900,-1.498983532,450.000000000,10.410161226,-0.079530709,0.002051807,9.494471654,-114.498872030,115.248363796,-110.501127970,109.751636204,-5.205080613,-5.205080613
1786168210.604043722,39.150319158,0.000000000,NONE,0,0.049954362,-1.284198252,42.832504092,-0.096042503,-1.336105563,39.735393289,-0.084017772,0.051907311,3.097110804,-0.012024730,-0.187927615,2.994117092,-0.016473833,-0.193242533,2.424041602,0.001272223,0.005314919,0.570075491,-0.017746057,-1.372628265,450.000000000,10.399535283,-0.079428402,0.002041176,9.494328988,-114.530425181,115.216739313,-110.469574819,109.783260687,-5.199767641,-5.199767641
1786168210.654123306,39.200398664,0.000000000,NONE,0,0.050026454,-1.284198252,42.832504092,-0.096042503,-1.336096306,39.856976983,-0.084026392,0.051898055,2.975527110,-0.012016111,-0.185580997,2.994257787,-0.017460497,-0.192165266,2.424025109,0.000439451,0.006584269,0.570232678,-0.017899948,-1.260381466,450.000000000,10.387984594,-0.079326843,0.002024514,9.494307780,-114.558481579,115.188672311,-110.441518421,109.811327689,-5.193992297,-5.193992297
1786168210.703967571,39.250242878,0.000000000,NONE,0,0.049890582,-1.284198252,42.832504092,-0.096042503,-1.336035010,39.978554686,-0.084035937,0.051836758,2.853949406,-0.012006565,-0.183116310,2.994403453,-0.018458913,-0.190743086,2.424007292,-0.000401644,0.007626776,0.570396161,-0.018057270,-1.158768582,450.000000000,10.376444484,-0.079226141,0.002006263,9.494339389,-114.583892702,115.163276993,-110.416107298,109.836723007,-5.188222242,-5.188222242
1786168210.754121304,39.300396522,0.000000000,TARGET_UPDATED,0,0.050173533,-1.284198252,43.832504092,-0.096042503,-1.335906022,40.100125176,-0.084045680,0.051707770,3.732378917,-0.011996823,-0.195711959,2.993600855,-0.019354013,-0.189030301,2.423989774,-0.001174491,-0.006681658,0.569611081,-0.018179523,-2.551142022,450.000000000,10.368147461,-0.079126337,0.001989425,9.494463553,-114.235830383,115.511401394,-110.764169617,109.488598606,-5.184073730,-5.184073730
1786168210.804036379,39.350311825,0.000000000,NONE,0,0.049911446,-1.284198252,43.832504092,-0.096042503,-1.335807811,40.221696306,-0.084054659,0.051609559,3.610807786,-0.011987843,-0.194093837,2.993701074,-0.020119835,-0.191341413,2.423973610,-0.001798850,-0.002752425,0.569727464,-0.018320986,-1.921464126,450.000000000,10.357390140,-0.079027058,0.001975137,9.494552826,-114.393272175,115.354004238,-110.606727825,109.645995762,-5.178695070,-5.178695070
1786168210.854143143,39.400418510,0.000000000,NONE,0,0.049978118,-1.284198252,43.832504092,-0.096042503,-1.335820403,40.343274643,-0.084061971,0.051622151,3.489229450,-0.011980532,-0.192287686,2.993813636,-0.020695639,-0.192382304,2.423962252,-0.002265252,0.000094617,0.569851384,-0.018430387,-1.739106505,450.000000000,10.349916783,-0.078928155,0.001966189,9.494619455,-114.438878237,115.308431490,-110.561121763,109.691568510,-5.174958391,-5.174958391
1786168210.903987885,39.450263271,0.000000000,NONE,0,0.049970107,-1.284198252,43.832504092,-0.096042503,-1.335865600,40.464854065,-0.084066959,0.051667349,3.367650027,-0.011975544,-0.190347423,2.993935300,-0.021022863,-0.192515557,2.423953468,-0.002524090,0.002168134,0.569981832,-0.018498773,-1.594695702,450.000000000,10.345488023,-0.078830735,0.001935052,9.495015602,-114.475079975,115.272427826,-110.524920025,109.727572174,-5.172744012,-5.172744012
1786168210.954035044,39.500310363,0.000000000,NONE,0,0.050046262,-1.284198252,43.832504092,-0.096042503,-1.335911259,40.586432408,-0.084069192,0.051713008,3.246071684,-0.011973310,-0.188283161,2.994065432,-0.021076124,-0.192073860,2.423951216,-0.002555191,0.003790699,0.570114216,-0.018520934,-1.469035526,450.000000000,10.344399070,-0.078733144,0.001944994,9.494989475,-114.506488487,115.241006250,-110.493511513,109.758993750,-5.172199535,-5.172199535
1786168211.004039526,39.550314715,0.000000000,NONE,0,0.049995029,-1.284198252,43.832504092,-0.096042503,-1.335933186,40.708007949,-0.084068514,0.051734935,3.124496143,-0.011973989,-0.186103298,2.994203292,-0.020851967,-0.191185860,2.423953427,-0.002356930,0.005082562,0.570249865,-0.018495037,-1.359046154,450.000000000,10.346710323,-0.078634988,0.001958391,9.494865706,-114.533954888,115.213477965,-110.466045112,109.786522035,-5.173355161,-5.173355161
1786168211.054002762,39.600278071,0.000000000,NONE,0,0.049917662,-1.284198252,43.832504092,-0.096042503,-1.335911793,40.829579370,-0.084065078,0.051713541,3.002924722,-0.011977424,-0.183814321,2.994348002,-0.020374458,-0.189937575,2.423960269,-0.001950921,0.006123254,0.570387733,-0.018423537,-1.261050691,450.000000000,10.352169786,-0.078536315,0.001970844,9.494688087,-114.558409349,115.188934695,-110.441590651,109.811065305,-5.176084893,-5.176084893
1786168211.104043484,39.650318910,0.000000000,NONE,0,0.050099507,-1.284198252,43.832504092,-0.096042503,-1.335852660,40.926832836,-0.084060602,0.051654408,2.905671257,-0.011981901,-0.181907271,2.994468080,-0.019841542,-0.188708271,2.423968701,-0.001501123,0.006801001,0.570499379,-0.018340419,-1.194264392,450.000000000,10.357755375,-0.078457105,0.001978161,9.496139408,-114.575468754,115.172600950,-110.424531246,109.827399050,-5.178877688,-5.178877688
1786168211.154011488,39.700286844,0.000000000,NONE,0,0.049959788,-1.284198252,43.832504092,-0.096042503,-1.335716616,41.048394482,-0.084053542,0.051518365,2.784109610,-0.011988961,-0.179425705,2.994623064,-0.019040165,-0.187027518,2.423982137,-0.000839834,0.007601813,0.570640926,-0.018200331,-1.100749611,450.000000000,10.368251801,-0.078357085,0.002019029,9.495558552,-114.598702235,115.149077041,-110.401297765,109.850922959,-5.184125900,-5.184125900
1786168211.204137802,39.750412984,0.000000000,TARGET_UPDATED,0,0.050129690,-1.284198252,44.832504092,-0.096042503,-1.335503124,41.169949834,-0.084045725,0.051304873,3.662554259,-0.011996778,-0.192576996,2.993811469,-0.018188305,-0.185136291,2.423997737,-0.000114590,-0.007440705,0.569813732,-0.018073715,-2.552972639,450.000000000,10.376383718,-0.078254784,0.002060605,9.494804503,-114.235457966,115.511944286,-110.764542034,109.488055714,-5.188191859,-5.188191859
1786168211.254151821,39.800427197,0.000000000,NONE,0,0.049907509,-1.284198252,44.832504092,-0.096042503,-1.335289688,41.291504990,-0.084037628,0.051091436,3.540999102,-0.012004874,-0.191007091,2.993917344,-0.017305805,-0.186846694,2.424013071,0.000606812,-0.004160398,0.569904273,-0.017912617,-1.961731168,450.000000000,10.387915776,-0.078151091,0.002078660,9.494129116,-114.383099487,115.363965071,-110.616900513,109.636034929,-5.193957888,-5.193957888
1786168211.304049730,39.850325165,0.000000000,NONE,0,0.049996207,-1.284198252,44.832504092,-0.096042503,-1.335204958,41.413070085,-0.084029813,0.051006707,3.419434008,-0.012012689,-0.189234566,2.994034388,-0.016524233,-0.188409566,2.424029276,0.001243574,-0.000825000,0.570005112,-0.017767807,-1.728490615,450.000000000,10.397276748,-0.078047182,0.002074592,9.493661222,-114.441292652,115.305537959,-110.558707348,109.694462041,-5.198638374,-5.198638374
1786168211.354040384,39.900315811,0.000000000,NONE,0,0.049995876,-1.284198252,44.832504092,-0.096042503,-1.335166830,41.534638595,-0.084022776,0.050968579,3.297865497,-0.012019726,-0.187315239,2.994158509,-0.015902439,-0.188724939,2.424042868,0.001746817,0.001409699,0.570115641,-0.017649256,-1.581911787,450.000000000,10.404608922,-0.077943959,0.002053718,9.493405841,-114.477873514,115.268829407,-110.522126486,109.731170593,-5.202304461,-5.202304461
1786168211.404028654,39.950304107,0.000000000,NONE,0,0.049998980,-1.284198252,44.832504092,-0.096042503,-1.335137218,41.656207397,-0.084017139,0.050938966,3.176296695,-0.012025363,-0.185270053,2.994287988,-0.015486147,-0.188440078,2.424053075,0.002076690,0.003170025,0.570234914,-0.017562837,-1.449352519,450.000000000,10.409576362,-0.077842053,0.002021715,9.493357478,-114.511001240,115.235677499,-110.488998760,109.764322501,-5.204788181,-5.204788181
1786168211.454048872,40.000324039,0.000000000,NONE,0,0.049992846,-1.284198252,44.832504092,-0.096042503,-1.335091447,41.777774385,-0.084013448,0.050893196,3.054729708,-0.012029054,-0.183108709,2.994421899,-0.015305706,-0.187700075,2.424059178,0.002209673,0.004591366,0.570362721,-0.017515379,-1.332751849,450.000000000,10.411681523,-0.077741822,0.001984720,9.493482019,-114.540182542,115.206558467,-110.459817458,109.793441533,-5.205840761,-5.205840761
1786168211.504000425,40.050275782,0.000000000,NONE,0,0.049985438,-1.284198252,44.832504092,-0.096042503,-1.335009028,41.899337753,-0.084012133,0.050810777,2.933166339,-0.012030369,-0.180837060,2.994559619,-0.015371758,-0.186588671,2.424060686,0.002137597,0.005751611,0.570498932,-0.017509355,-1.228772775,450.000000000,10.410836838,-0.077643340,0.001948700,9.493725704,-114.566238232,115.180624620,-110.433761768,109.819375380,-5.205418419,-5.205418419
1786168211.554097652,40.100372928,0.000000000,NONE,0,0.050023746,-1.284198252,44.832504092,-0.096042503,-1.334874728,42.020896095,-0.084013471,0.050676477,2.811607997,-0.012029032,-0.178455559,2.994700910,-0.015673058,-0.185206233,2.424057397,0.001871028,0.006750673,0.570643513,-0.017544086,-1.131081690,450.000000000,10.407152065,-0.077546472,0.001917826,9.494043338,-114.590740412,115.156281257,-110.409259588,109.843718743,-5.203576033,-5.203576033
1786168211.604547977,40.150823532,0.000000000,TARGET_UPDATED,0,0.050507446,-1.284198252,45.832504092,-0.096042503,-1.334676032,42.142448225,-0.084017441,0.050477781,3.690055867,-0.012025061,-0.191184142,2.993912522,-0.016179816,-0.183592006,2.424049594,0.001441204,-0.007592136,0.569862928,-0.017621020,-2.520235849,450.000000000,10.400492741,-0.077450930,0.001895053,9.494451418,-114.243553892,115.503671817,-110.756446108,109.496328183,-5.200246370,-5.200246370
1786168211.654012680,40.200287986,0.000000000,NONE,0,0.049461888,-1.284198252,45.832504092,-0.096042503,-1.334514055,42.264001758,-0.084023715,0.050315804,3.568502335,-0.012018788,-0.189650679,2.994006452,-0.016822536,-0.186048239,2.424037308,0.000895272,-0.003602440,0.569969144,-0.017717807,-1.888447963,450.000000000,10.392845844,-0.077356383,0.001880964,9.494680967,-114.401558251,115.345782233,-110.598441749,109.654217767,-5.196422922,-5.196422922
1786168211.704013824,40.250289311,0.000000000,NONE,0,0.050011064,-1.284198252,45.832504092,-0.096042503,-1.334472797,42.385563138,-0.084031680,0.050274546,3.446940954,-0.012010823,-0.187923639,2.994110944,-0.017576864,-0.187316369,2.424023990,0.000268678,-0.000607269,0.570086954,-0.017845543,-1.698417478,450.000000000,10.382860806,-0.077262454,0.001874534,9.494958863,-114.449135346,115.298344085,-110.550864654,109.701655915,-5.191430403,-5.191430403
1786168211.754030943,40.300306157,0.000000000,NONE,0,0.049989928,-1.284198252,45.832504092,-0.096042503,-1.334472899,42.507126104,-0.084040489,0.050274647,3.325377989,-0.012002014,-0.186052483,2.994223021,-0.018359798,-0.187638832,2.424008893,-0.000373161,0.001586350,0.570214128,-0.017986637,-1.549387701,450.000000000,10.372266294,-0.077168697,0.001876657,9.495152412,-114.486441178,115.261135028,-110.513558822,109.738864972,-5.186133147,-5.186133147
1786168211.804072142,40.350347586,0.000000000,NONE,0,0.050037124,-1.284198252,45.832504092,-0.096042503,-1.334484093,42.628688287,-0.084049298,0.050285841,3.203815805,-0.011993205,-0.184047995,2.994342219,-0.019095679,-0.187427681,2.423993815,-0.000966968,0.003379686,0.570348404,-0.018128711,-1.414354132,450.000000000,10.361850649,-0.077074698,0.001885550,9.495256711,-114.520225645,115.227402711,-110.479774355,109.772597289,-5.180925325,-5.180925325
1786168211.854081392,40.400356570,0.000000000,NONE,0,0.050033951,-1.284198252,45.832504092,-0.096042503,-1.334484906,42.725936253,-0.084055810,0.050286654,3.106567839,-0.011986693,-0.182352977,2.994442576,-0.019604416,-0.186910713,2.423982717,-0.001373097,0.004557736,0.570459859,-0.018231319,-1.326225180,450.000000000,10.355000617,-0.076999110,0.001896172,9.496808616,-114.542645859,115.205758449,-110.457354141,109.794241551,-5.177500308,-5.177500308
1786168211.904068708,40.450344066,0.000000000,NONE,0,0.049966518,-1.284198252,45.832504092,-0.096042503,-1.334460389,42.847492924,-0.084062534,0.050262137,2.985011169,-0.011979969,-0.180121320,2.994574345,-0.020092769,-0.186021591,2.423971612,-0.001743095,0.005900271,0.570602734,-0.018349674,-1.203613180,450.000000000,10.345939362,-0.076903713,0.001930339,9.496520402,-114.573226806,115.175033396,-110.426773194,109.824966604,-5.172969681,-5.172969681
1786168211.954046726,40.500322001,0.000000000,NONE,0,0.049989279,-1.284198252,45.832504092,-0.096042503,-1.334393414,42.969044921,-0.084067104,0.050195162,2.863459171,-0.011975398,-0.177759271,2.994713528,-0.020376430,-0.184787122,2.423962971,-0.001946632,0.007027850,0.570750557,-0.018429798,-1.099769104,450.000000000,10.340635945,-0.076805524,0.001987959,9.495768010,-114.598999726,115.148884279,-110.401000274,109.851115721,-5.170317973,-5.170317973
1786168212.004098415,40.550373590,0.000000000,TARGET_UPDATED,0,0.050071137,-1.284198252,46.832504092,-0.096042503,-1.334267340,43.090591148,-0.084069656,0.050069088,3.741912944,-0.011972846,-0.189879263,2.993969291,-0.020403118,-0.183244640,2.423958612,-0.001966699,-0.006634624,0.570010679,-0.018436418,-2.427660818,450.000000000,10.341181556,-0.076704880,0.002027995,9.494997542,-114.266834181,115.480664590,-110.733165819,109.519335410,-5.170590778,-5.170590778
1786168212.053975344,40.600250779,0.000000000,NONE,0,0.049844437,-1.284198252,46.832504092,-0.096042503,-1.334154910,43.212137354,-0.084070140,0.049956659,3.620366739,-0.011972363,-0.188321061,2.994068979,-0.020214808,-0.185075399,2.423957791,-0.001784015,-0.003245662,0.570111188,-0.018430794,-1.855439242,450.000000000,10.341361018,-0.076602801,0.002045548,9.494292128,-114.409713222,115.337432843,-110.590286778,109.662567157,-5.170680509,-5.170680509
1786168212.104023218,40.650298686,0.000000000,NONE,0,0.050083950,-1.284198252,46.832504092,-0.096042503,-1.334166644,43.333692288,-0.084068484,0.049968393,3.498811805,-0.011974019,-0.186565557,2.994181448,-0.019832978,-0.186542999,2.423962830,-0.001446283,-0.000022558,0.570218618,-0.018386695,-1.634295407,450.000000000,10.344755121,-0.076500345,0.002043187,9.493782135,-114.464871682,115.282019386,-110.535128318,109.717980614,-5.172377560,-5.172377560
1786168212.154253483,40.700529076,0.000000000,NONE,0,0.050172406,-1.284198252,46.832504092,-0.096042503,-1.334222401,43.455249981,-0.084064884,0.050024149,3.377254111,-0.011977618,-0.184666792,2.994302757,-0.019286517,-0.186824947,2.423971254,-0.000981724,0.002158155,0.570331502,-0.018304793,-1.490662246,450.000000000,10.350781003,-0.076398447,0.002026073,9.493467588,-114.500701335,115.246032459,-110.499298665,109.753967541,-5.175390501,-5.175390501
1786168212.204033136,40.750308424,0.000000000,NONE,0,0.049824547,-1.284198252,46.832504092,-0.096042503,-1.334285101,43.576807761,-0.084059634,0.050086849,3.255696331,-0.011982868,-0.182645487,2.994430979,-0.018622988,-0.186506221,2.423982570,-0.000426867,0.003860734,0.570448408,-0.018196121,-1.362286213,450.000000000,10.358483431,-0.076297759,0.001999430,9.493282040,-114.532748957,115.213892063,-110.467251043,109.786107937,-5.179241716,-5.179241716
1786168212.254314184,40.800589607,0.000000000,NONE,0,0.050107557,-1.284198252,46.832504092,-0.096042503,-1.334329609,43.698363842,-0.084053083,0.050131358,3.134140250,-0.011989419,-0.180512934,2.994564743,-0.017902861,-0.185722202,2.423995807,0.000169654,0.005209269,0.570568935,-0.018072515,-1.251557505,450.000000000,10.366968728,-0.076198686,0.001966984,9.493316920,-114.560439854,115.186218606,-110.439560146,109.813781394,-5.183484364,-5.183484364
1786168212.303986549,40.850261811,0.000000000,NONE,0,0.049844219,-1.284198252,46.832504092,-0.096042503,-1.334334496,43.819916679,-0.084045658,0.050136245,3.012587413,-0.011996844,-0.178277496,2.994702894,-0.017191247,-0.184546832,2.424009794,0.000754335,0.006269335,0.570693101,-0.017945581,-1.155181083,450.000000000,10.375486678,-0.076101373,0.001934304,9.493445097,-114.584566004,115.162156545,-110.415433996,109.837843455,-5.187743339,-5.187743339
1786168212.354048967,40.900324329,0.000000000,NONE,0,0.050050362,-1.284198252,46.832504092,-0.096042503,-1.334283610,43.941465119,-0.084038100,0.050085358,2.891038974,-0.012004402,-0.175940521,2.994844772,-0.016551823,-0.183082313,2.424023974,0.001269539,0.007141791,0.570820798,-0.017821362,-1.067001532,450.000000000,10.383671286,-0.076005055,0.001918860,9.493502207,-114.606625169,115.140125935,-110.393374831,109.859874065,-5.191835643,-5.191835643
1786168212.404017448,40.950292897,0.000000000,NONE,0,0.049971240,-1.284198252,46.832504092,-0.096042503,-1.334163336,44.063008015,-0.084031182,0.049965084,2.769496077,-0.012011320,-0.173504634,2.994989732,-0.016039214,-0.181365945,2.424035519,0.001672227,0.007861312,0.570954214,-0.017711440,-0.986060480,450.000000000,10.390641109,-0.075910146,0.001890300,9.493781752,-114.626930318,115.119960558,-110.373069682,109.880039442,-5.195320554,-5.195320554
1786168212.454066515,41.000341868,0.000000000,TARGET_UPDATED,0,0.050071873,-1.284198252,47.832504092,-0.096042503,-1.333962714,44.184544471,-0.084025655,0.049764463,3.647959622,-0.012016848,-0.186391616,2.994217131,-0.015711386,-0.179450556,2.424044773,0.001926559,-0.006941060,0.570172358,-0.017637945,-2.405648922,450.000000000,10.394612293,-0.075816479,0.001867966,9.494104323,-114.272113850,115.474938311,-110.727886150,109.525061689,-5.197306147,-5.197306147
1786168212.504068613,41.050343965,0.000000000,NONE,0,0.049993382,-1.284198252,47.832504092,-0.096042503,-1.333790627,44.306082578,-0.084022192,0.049592375,3.526421515,-0.012020311,-0.184849157,2.994313519,-0.015570465,-0.181784910,2.424050009,0.002006803,-0.003064247,0.570263510,-0.017577268,-1.772631142,450.000000000,10.398166218,-0.075723764,0.001851051,9.494427577,-114.430449109,115.316764680,-110.569550891,109.683235320,-5.199083109,-5.199083109
1786168212.554021597,41.100297130,0.000000000,NONE,0,0.049958666,-1.284198252,47.832504092,-0.096042503,-1.333728236,44.427628394,-0.084021102,0.049529985,3.404875698,-0.012021400,-0.183121688,2.994419168,-0.015666856,-0.182820924,2.424053011,0.001890460,-0.000300764,0.570366157,-0.017557317,-1.598737169,450.000000000,10.398309905,-0.075631666,0.001842550,9.494701682,-114.473991128,115.273359713,-110.526008872,109.726640287,-5.199154952,-5.199154952
1786168212.604279757,41.150555192,0.000000000,NONE,0,0.050233544,-1.284198252,47.832504092,-0.096042503,-1.333696654,44.549175699,-0.084022363,0.049498403,3.283328394,-0.012020139,-0.181260153,2.994530761,-0.015980239,-0.182952778,2.424051376,0.001596887,0.001692624,0.570479384,-0.017577126,-1.462366127,450.000000000,10.395688065,-0.075539729,0.001841032,9.494951155,-114.508146257,115.239329320,-110.491853743,109.760670680,-5.197844032,-5.197844032
1786168212.654220819,41.200496158,0.000000000,NONE,0,0.049733345,-1.284198252,47.832504092,-0.096042503,-1.333667208,44.670722101,-0.084025781,0.049468957,3.161781992,-0.012016721,-0.179275549,2.994647500,-0.016478196,-0.182579380,2.424045610,0.001156347,0.003303831,0.570601890,-0.017634543,-1.338763700,450.000000000,10.390470210,-0.075447610,0.001845820,9.495038284,-114.539068646,115.208450496,-110.460931354,109.791549504,-5.195235105,-5.195235105
1786168212.703949928,41.250225279,0.000000000,NONE,0,0.049953021,-1.284198252,47.832504092,-0.096042503,-1.333629777,44.767957278,-0.084029854,0.049431525,3.064546814,-0.012012648,-0.177604090,2.994744268,-0.016977671,-0.181949903,2.424038431,0.000723820,0.004345814,0.570705837,-0.017701491,-1.259217792,450.000000000,10.385156037,-0.075373594,0.001851578,9.496589738,-114.559342987,115.188951883,-110.440657013,109.811048117,-5.192578019,-5.192578019
1786168212.754028797,41.300304072,0.000000000,NONE,0,0.050076165,-1.284198252,47.832504092,-0.096042503,-1.333551642,44.889497633,-0.084036104,0.049353390,2.943006459,-0.012006398,-0.175410442,2.994869449,-0.017677785,-0.180946056,2.424026950,0.000135862,0.005535614,0.570842500,-0.017813647,-1.147848922,450.000000000,10.375959560,-0.075280042,0.001891205,9.496248786,-114.587099966,115.161024427,-110.412900034,109.838975573,-5.187979780,-5.187979780
1786168212.803950787,41.350226295,0.000000000,NONE,0,0.049924688,-1.284198252,47.832504092,-0.096042503,-1.333426231,45.011032936,-0.084043028,0.049227980,2.821471156,-0.011999474,-0.173096443,2.994999663,-0.018401450,-0.179637842,2.424013926,-0.000464008,0.006541399,0.570985737,-0.017937442,-1.052481520,450.000000000,10.366606224,-0.075184029,0.001937754,9.495609279,-114.610781940,115.137022700,-110.389218060,109.862977300,-5.183303112,-5.183303112
1786168212.854371786,41.400647252,0.000000000,TARGET_UPDATED,0,0.050424068,-1.284198252,48.832504092,-0.096042503,-1.333239657,45.132562092,-0.084050236,0.049041405,3.699942000,-0.011992267,-0.185361960,2.994261162,-0.019095102,-0.178079101,2.424000389,-0.001020389,-0.007282859,0.570260773,-0.018074713,-2.386166759,450.000000000,10.356298862,-0.075086192,0.001968122,9.495050964,-114.277221051,115.470304431,-110.722778949,109.529695569,-5.178149431,-5.178149431
1786168212.904002905,41.450278118,0.000000000,NONE,0,0.049642828,-1.284198252,48.832504092,-0.096042503,-1.333066236,45.254090664,-0.084057313,0.048867984,3.578413428,-0.011985189,-0.183869537,2.994349447,-0.019661700,-0.179921582,2.423986767,-0.001484328,-0.003947955,0.570362681,-0.018177372,-1.818545209,450.000000000,10.349315925,-0.074987489,0.001979468,9.494486463,-114.418985313,115.328257918,-110.581014687,109.671742082,-5.174657962,-5.174657962
1786168212.954131603,41.500407080,0.000000000,NONE,0,0.050070253,-1.284198252,48.832504092,-0.096042503,-1.333018573,45.375627243,-0.084063746,0.048820322,3.456876849,-0.011978757,-0.182182388,2.994449643,-0.020094017,-0.181446753,2.423976561,-0.001826998,-0.000735636,0.570473081,-0.018267019,-1.599384823,450.000000000,10.342860869,-0.074888687,0.001974819,9.494128176,-114.473685838,115.273378250,-110.526314162,109.726621750,-5.171430435,-5.171430435
1786168213.004019976,41.550295463,0.000000000,NONE,0,0.049942367,-1.284198252,48.832504092,-0.096042503,-1.333017327,45.497165968,-0.084068864,0.048819076,3.335338125,-0.011973639,-0.180353590,2.994558600,-0.020345816,-0.181795514,2.423968609,-0.002012088,0.001441924,0.570589991,-0.018333727,-1.457621856,450.000000000,10.338188169,-0.074790569,0.001959202,9.493905331,-114.509070869,115.237881797,-110.490929131,109.762118203,-5.169094085,-5.169094085
1786168213.054012299,41.600287736,0.000000000,NONE,0,0.049937370,-1.284198252,48.832504092,-0.096042503,-1.333027573,45.618704364,-0.084072158,0.048829321,3.213799729,-0.011970344,-0.178400466,2.994675264,-0.020389607,-0.181592490,2.423963922,-0.002018346,0.003192025,0.570711342,-0.018371261,-1.327665711,450.000000000,10.335686195,-0.074693434,0.001937895,9.493807638,-114.541535482,115.205368337,-110.458464518,109.794631663,-5.167843097,-5.167843097
1786168213.103973866,41.650249225,0.000000000,NONE,0,0.050005830,-1.284198252,48.832504092,-0.096042503,-1.333025175,45.740240807,-0.084073359,0.048826924,3.092263285,-0.011969143,-0.176331902,2.994798928,-0.020218252,-0.180936034,2.423962948,-0.001843940,0.004604132,0.570835980,-0.018374312,-1.214626508,450.000000000,10.335703823,-0.074597439,0.001914656,9.493821015,-114.569798627,115.177111881,-110.430201373,109.822888119,-5.167851912,-5.167851912
1786168213.153957844,41.700233259,0.000000000,NONE,0,0.049976294,-1.284198252,48.832504092,-0.096042503,-1.332991119,45.861774075,-0.084072366,0.048792867,2.970730017,-0.011970137,-0.174152357,2.994928972,-0.019844413,-0.179937070,2.423965809,-0.001500758,0.005784713,0.570963162,-0.018343655,-1.111821975,450.000000000,10.338065901,-0.074502541,0.001893188,9.493890571,-114.595517149,115.151428136,-110.404482851,109.848571864,-5.169032950,-5.169032950
1786168213.204248667,41.750523860,0.000000000,NONE,0,0.050088370,-1.284198252,48.832504092,-0.096042503,-1.332909699,45.983303198,-0.084069292,0.048711448,2.849200895,-0.011973211,-0.171863189,2.995064791,-0.019300172,-0.178647138,2.423972236,-0.001018514,0.006783950,0.571092555,-0.018281659,-1.017585310,450.000000000,10.342572070,-0.074408574,0.001875301,9.494006037,-114.619105182,115.127897837,-110.380894818,109.872102163,-5.171286035,-5.171286035
1786168213.254078865,41.800354340,0.000000000,TARGET_UPDATED,0,0.050025026,-1.284198252,49.832504092,-0.096042503,-1.332767759,46.104827374,-0.084064459,0.048569508,3.727676719,-0.011978044,-0.183765059,2.994362475,-0.018616884,-0.177113516,2.423981600,-0.000439345,-0.006651543,0.570380874,-0.018177540,-2.314321119,450.000000000,10.350249366,-0.074315310,0.001862078,9.494112442,-114.294947831,115.452108390,-110.705052169,109.547891610,-5.175124683,-5.175124683
1786168213.304083347,41.850358894,0.000000000,NONE,0,0.049980411,-1.284198252,49.832504092,-0.096042503,-1.332663466,46.226354009,-0.084058375,0.048465215,3.606150083,-0.011984128,-0.182262050,2.994458884,-0.017879603,-0.179463083,2.423992344,0.000192565,-0.002798967,0.570466540,-0.018072168,-1.711335195,450.000000000,10.357200702,-0.074222577,0.001850821,9.494225734,-114.445722635,115.301390232,-110.554277365,109.698609768,-5.178600351,-5.178600351
1786168213.353968620,41.900244035,0.000000000,NONE,0,0.049917274,-1.284198252,49.832504092,-0.096042503,-1.332665393,46.347888364,-0.084051565,0.048467141,3.484615729,-0.011990937,-0.180580937,2.994564963,-0.017167357,-0.180477650,2.424005570,0.000794040,-0.000103287,0.570559393,-0.017961397,-1.543577119,450.000000000,10.364617169,-0.074130253,0.001843941,9.494309331,-114.487683053,115.259471612,-110.512316947,109.740528388,-5.182308585,-5.182308585
1786168213.404017925,41.950293256,0.000000000,NONE,0,0.050036432,-1.284198252,49.832504092,-0.096042503,-1.332692876,46.445117646,-0.084046074,0.048494624,3.387386447,-0.011996428,-0.179139958,2.994654483,-0.016649555,-0.180663506,2.424015797,0.001223895,0.001523548,0.570638686,-0.017873451,-1.442691365,450.000000000,10.369864817,-0.074056597,0.001840563,9.495861689,-114.513292581,115.234638263,-110.486707419,109.765361737,-5.184932409,-5.184932409
1786168213.454033852,42.000309301,0.000000000,NONE,0,0.050038109,-1.284198252,49.832504092,-0.096042503,-1.332738142,46.566654867,-0.084039995,0.048539891,3.265849225,-0.012002508,-0.177223909,2.994771489,-0.016110640,-0.180557398,2.424027587,0.001650092,0.003333489,0.570743901,-0.017760732,-1.297780241,450.000000000,10.377805754,-0.073964020,0.001868681,9.495576449,-114.549449052,115.198339172,-110.450550948,109.801660828,-5.188902877,-5.188902877
1786168213.503986835,42.050262362,0.000000000,NONE,0,0.049933559,-1.284198252,49.832504092,-0.096042503,-1.332775954,46.688191243,-0.084035459,0.048577703,3.144312849,-0.012007044,-0.175181884,2.994893681,-0.015733028,-0.179980738,2.424037542,0.001937885,0.004798853,0.570856139,-0.017670913,-1.182234598,450.000000000,10.383198040,-0.073869588,0.001904114,9.495044638,-114.578202510,115.169319809,-110.421797490,109.830680191,-5.191599020,-5.191599020
1786168213.554357052,42.100632362,0.000000000,NONE,0,0.050388848,-1.284198252,49.832504092,-0.096042503,-1.332783727,46.809724962,-0.084032457,0.048585475,3.022779131,-0.012010045,-0.173023929,2.995020125,-0.015547138,-0.178995952,2.424044623,0.002068624,0.005972023,0.570975502,-0.017615762,-1.081912292,450.000000000,10.385910527,-0.073773851,0.001924077,9.494620823,-114.603177133,115.144133279,-110.396822867,109.855866721,-5.192955263,-5.192955263
1786168213.603993654,42.150269105,0.000000000,NONE,0,0.049652683,-1.284198252,49.832504092,-0.096042503,-1.332743922,46.931254556,-0.084031009,0.048545670,2.901249536,-0.012011494,-0.170756977,2.995150135,-0.015567501,-0.177686944,2.424048206,0.002029298,0.006929967,0.571101929,-0.017596798,-0.991075485,450.000000000,10.386088510,-0.073677624,0.001928255,9.494197464,-114.625780495,115.121318237,-110.374219505,109.878681763,-5.193044255,-5.193044255
1786168213.653982639,42.200258210,0.000000000,NONE,0,0.049977686,-1.284198252,49.832504092,-0.096042503,-1.332642830,47.052778830,-0.084031201,0.048444579,2.779725262,-0.012011302,-0.168384175,2.995283295,-0.015791243,-0.176125799,2.424047959,0.001820699,0.007741624,0.571235336,-0.017611942,-0.906846809,450.000000000,10.383903413,-0.073581601,0.001918136,9.493971677,-114.646781217,115.100204622,-110.353218783,109.899795378,-5.191951707,-5.191951707
1786168213.704117537,42.250392984,0.000000000,TARGET_UPDATED,0,0.050138880,-1.284198252,50.832504092,-0.096042503,-1.332468862,47.174296749,-0.084033096,0.048270610,3.658207343,-0.012009407,-0.180769307,2.994559179,-0.016195296,-0.174347713,2.424043866,0.001460665,-0.006421594,0.570515313,-0.017655961,-2.261809066,450.000000000,10.379804507,-0.073486379,0.001897943,9.493924917,-114.308028963,115.438933496,-110.691971037,109.561066504,-5.189902254,-5.189902254
1786168213.754007816,42.300283324,0.000000000,NONE,0,0.049885407,-1.284198252,50.832504092,-0.096042503,-1.332294220,47.295813425,-0.084036656,0.048095969,3.536690667,-0.012005847,-0.179274791,2.994645975,-0.016743633,-0.175931271,2.424035549,0.000984523,-0.003343520,0.570610426,-0.017728156,-1.707356146,450.000000000,10.373739404,-0.073392337,0.001871762,9.493985797,-114.446657413,115.300335486,-110.553342587,109.699664514,-5.186869702,-5.186869702
1786168213.804073811,42.350349159,0.000000000,NONE,0,0.050059959,-1.284198252,50.832504092,-0.096042503,-1.332238638,47.417337589,-0.084041674,0.048040387,3.415166504,-0.012000829,-0.177592460,2.994742377,-0.017408608,-0.177370606,2.424026167,0.000411570,-0.000221854,0.570716210,-0.017820178,-1.490765882,450.000000000,10.366460821,-0.073299631,0.001845425,9.494171398,-114.500851379,115.246234320,-110.499148621,109.753765680,-5.183230410,-5.183230410
1786168213.854144096,42.400419340,0.000000000,NONE,0,0.049891753,-1.284198252,50.832504092,-0.096042503,-1.332224144,47.538863404,-0.084047833,0.048025892,3.293640688,-0.011994670,-0.175772637,2.994845442,-0.018123799,-0.177619233,2.424014649,-0.000202455,0.001846596,0.570830792,-0.017921344,-1.356835863,450.000000000,10.358742711,-0.073208060,0.001823875,9.494366231,-114.534382592,115.212800523,-110.465617408,109.787199477,-5.179371355,-5.179371355
1786168213.904057026,42.450332471,0.000000000,NONE,0,0.050083675,-1.284198252,50.832504092,-0.096042503,-1.332213952,47.660388123,-0.084054685,0.048015701,3.172115970,-0.011987818,-0.173833613,2.994954252,-0.018821394,-0.177284013,2.424002385,-0.000796957,0.003450400,0.570951868,-0.018024437,-1.237619035,450.000000000,10.351044098,-0.073117317,0.001808823,9.494581228,-114.564240548,115.183050066,-110.435759452,109.816949934,-5.175522049,-5.175522049
1786168213.954025507,42.500300969,0.000000000,NONE,0,0.049976222,-1.284198252,50.832504092,-0.096042503,-1.332184602,47.781910038,-0.084061603,0.047986350,3.050594054,-0.011980900,-0.171783311,2.995068545,-0.019439047,-0.176517397,2.423990577,-0.001315864,0.004734085,0.571077968,-0.018123183,-1.133011994,450.000000000,10.343761587,-0.073027066,0.001801365,9.494734987,-114.590430748,115.156936745,-110.409569252,109.843063255,-5.171880794,-5.171880794
1786168214.003993750,42.550269338,0.000000000,NONE,0,0.049991173,-1.284198252,50.832504092,-0.096042503,-1.332117722,47.903427873,-0.084067817,0.047919470,2.929076220,-0.011974685,-0.169625813,2.995188273,-0.019923009,-0.175416009,2.423980277,-0.001711527,0.005790197,0.571207996,-0.018211482,-1.038922126,450.000000000,10.337335027,-0.072936996,0.001800331,9.494832104,-114.613977494,115.133438558,-110.386022506,109.866561442,-5.168667514,-5.168667514
1786168214.054097176,42.600372574,0.000000000,NONE,0,0.050011038,-1.284198252,50.832504092,-0.096042503,-1.331998524,48.024940656,-0.084072670,0.047800272,2.807563436,-0.011969833,-0.167362297,2.995313491,-0.020231810,-0.174041989,2.423972354,-0.001951627,0.006679692,0.571341137,-0.018280183,-0.952337579,450.000000000,10.332461392,-0.072846866,0.001804193,9.494869420,-114.635632960,115.111801750,-110.364367040,109.888198250,-5.166230696,-5.166230696
1786168214.104188442,42.650463832,0.000000000,TARGET_UPDATED,0,0.050163578,-1.284198252,51.832504092,-0.096042503,-1.331814902,48.146447649,-0.084075736,0.047616651,3.686056444,-0.011966767,-0.179392012,2.994616247,-0.020353068,-0.172443321,2.423967439,-0.002017644,-0.006948691,0.570648808,-0.018335424,-2.258671054,450.000000000,10.328407104,-0.072756503,0.001811400,9.494867773,-114.309049180,115.438384707,-110.690950820,109.561615293,-5.164203552,-5.164203552
1786168214.154017448,42.700293028,0.000000000,NONE,0,0.049834265,-1.284198252,51.832504092,-0.096042503,-1.331652855,48.267955239,-0.084076860,0.047454603,3.564548854,-0.011965643,-0.177939999,2.994703603,-0.020244377,-0.174471290,2.423965193,-0.001907722,-0.003468709,0.570738410,-0.018336656,-1.683697258,450.000000000,10.328940548,-0.072665795,0.001818568,9.494781911,-114.452771163,115.294619792,-110.547228837,109.705380208,-5.164470274,-5.164470274
1786168214.204135418,42.750410863,0.000000000,NONE,0,0.050045866,-1.284198252,51.832504092,-0.096042503,-1.331608436,48.389470659,-0.084076084,0.047410185,3.443033433,-0.011966419,-0.176300581,2.994802471,-0.019961333,-0.175794223,2.423967704,-0.001652134,-0.000506358,0.570834766,-0.018309199,-1.488903087,450.000000000,10.330977709,-0.072574716,0.001825616,9.494689278,-114.501446548,115.245898091,-110.498553452,109.754101909,-5.165488854,-5.165488854
1786168214.254027605,42.800302948,0.000000000,NONE,0,0.049950049,-1.284198252,51.832504092,-0.096042503,-1.331600809,48.510988149,-0.084073496,0.047402557,3.321515944,-0.011969006,-0.174527209,2.994909343,-0.019509182,-0.176005615,2.423973510,-0.001257836,0.001478407,0.570935833,-0.018251345,-1.359558878,450.000000000,10.335181224,-0.072483311,0.001831631,9.494557799,-114.533749730,115.213529169,-110.466250270,109.786470831,-5.167590612,-5.167590612
1786168214.303955317,42.850230673,0.000000000,NONE,0,0.049930423,-1.284198252,51.832504092,-0.096042503,-1.331599503,48.632505648,-0.084069386,0.047401251,3.199998444,-0.011973116,-0.172633725,2.995022834,-0.018930720,-0.175731962,2.423981868,-0.000760929,0.003098237,0.571040966,-0.018169791,-1.238226834,450.000000000,10.340911579,-0.072391671,0.001835104,9.494420956,-114.564048530,115.183161948,-110.435951470,109.816838052,-5.170455790,-5.170455790
1786168214.354026794,42.900302250,0.000000000,NONE,0,0.050084113,-1.284198252,51.832504092,-0.096042503,-1.331583568,48.754021752,-0.084064143,0.047385316,3.078482341,-0.011978359,-0.170626817,2.995141952,-0.018275995,-0.175060495,2.423992129,-0.000203794,0.004433678,0.571149823,-0.018072201,-1.130904098,450.000000000,10.347605465,-0.072299932,0.001835310,9.494321963,-114.590854466,115.156306515,-110.409145534,109.843693485,-5.173802733,-5.173802733
1786168214.404020786,42.950296210,0.000000000,NONE,0,0.049986074,-1.284198252,51.832504092,-0.096042503,-1.331535239,48.875535251,-0.084058258,0.047336988,2.956968841,-0.011984245,-0.168510892,2.995265836,-0.017601218,-0.174062118,2.424003383,0.000366075,0.005551226,0.571262452,-0.017967293,-1.033787120,450.000000000,10.354650111,-0.072208231,0.001832669,9.494231105,-114.615110996,115.132004556,-110.384889004,109.867995444,-5.177325056,-5.177325056
1786168214.454254866,43.000530133,0.000000000,NONE,0,0.050028992,-1.284198252,51.832504092,-0.096042503,-1.331440002,48.997045131,-0.084052281,0.047241750,2.835458961,-0.011990221,-0.166287509,2.995393826,-0.016963549,-0.172795145,2.424014653,0.000900580,0.006507636,0.571379174,-0.017864130,-0.943969471,450.000000000,10.361388065,-0.072116694,0.001827128,9.494179362,-114.637552473,115.109537208,-110.362447527,109.890462792,-5.180694032,-5.180694032
1786168214.504189730,43.050465121,0.000000000,TARGET_UPDATED,0,0.050152030,-1.284198252,52.832504092,-0.096042503,-1.331285790,49.118550510,-0.084046783,0.047087539,3.713953582,-0.011995720,-0.177944561,2.994727060,-0.016411469,-0.171303492,2.424024974,0.001355449,-0.006641069,0.570702086,-0.017766918,-2.205776724,450.000000000,10.367623634,-0.072025444,0.001819303,9.494182066,-114.322101336,115.424989697,-110.677898664,109.575010303,-5.183811817,-5.183811817
1786168214.554022551,43.100297986,0.000000000,NONE,0,0.049801808,-1.284198252,52.832504092,-0.096042503,-1.331172331,49.240058477,-0.084042264,0.046974079,3.592445615,-0.012000239,-0.176487523,2.994815595,-0.015991276,-0.173675043,2.424032826,0.001698100,-0.002812480,0.570782769,-0.017689377,-1.612442491,450.000000000,10.372229700,-0.071934661,0.001808318,9.494194267,-114.470437944,115.276659190,-110.529562056,109.723340810,-5.186114850,-5.186114850
1786168214.604023218,43.150298721,0.000000000,NONE,0,0.050016443,-1.284198252,52.832504092,-0.096042503,-1.331164015,49.361573637,-0.084039141,0.046965763,3.470930455,-0.012003362,-0.174856524,2.994912511,-0.015761570,-0.174687891,2.424039593,0.001878734,-0.000168633,0.570872918,-0.017640305,-1.450496314,450.000000000,10.374647695,-0.071844485,0.001796984,9.494280275,-114.510945990,115.236194147,-110.489054010,109.763805853,-5.187323847,-5.187323847
1786168214.654329538,43.200604388,0.000000000,NONE,0,0.050061343,-1.284198252,52.832504092,-0.096042503,-1.331182265,49.458787166,-0.084037829,0.046984014,3.373716926,-0.012004674,-0.173459334,2.994993991,-0.015719614,-0.174864325,2.424042509,0.001902323,0.001404991,0.570951482,-0.017621938,-1.354253448,450.000000000,10.374878074,-0.071772753,0.001789052,9.495807138,-114.535388423,115.212515146,-110.464611577,109.787484854,-5.187439037,-5.187439037
1786168214.703963995,43.250239287,0.000000000,NONE,0,0.049872238,-1.284198252,52.832504092,-0.096042503,-1.331215348,49.580304184,-0.084037857,0.047017096,3.252199908,-0.012004645,-0.171602168,2.995100320,-0.015843581,-0.174757334,2.424043128,0.001781100,0.003155165,0.571057192,-0.017624681,-1.214934420,450.000000000,10.373824680,-0.071682790,0.001811879,9.495531845,-114.570149356,115.177616566,-110.429850644,109.822383434,-5.186912340,-5.186912340
1786168214.754025221,43.300300589,0.000000000,NONE,0,0.050066953,-1.284198252,52.832504092,-0.096042503,-1.331240852,49.701819789,-0.084039736,0.047042600,3.130684303,-0.012002767,-0.169623664,2.995211370,-0.016149586,-0.174194422,2.424040478,0.001509978,0.004570758,0.571170893,-0.017659564,-1.104497688,450.000000000,10.370299066,-0.071591316,0.001839597,9.495105384,-114.597651924,115.149900768,-110.402348076,109.850099232,-5.185149533,-5.185149533
1786168214.804053068,43.350328391,0.000000000,NONE,0,0.050016500,-1.284198252,52.832504092,-0.096042503,-1.331237778,49.823332301,-0.084043207,0.047039526,3.009171791,-0.011999296,-0.167532446,2.995326538,-0.016606392,-0.173257496,2.424034608,0.001116324,0.005725050,0.571291930,-0.017722716,-1.006658076,450.000000000,10.364869300,-0.071498847,0.001854189,9.494714210,-114.622014033,115.125343072,-110.377985967,109.874656928,-5.182434650,-5.182434650
1786168214.854096651,43.400372077,0.000000000,NONE,0,0.049986989,-1.284198252,52.832504092,-0.096042503,-1.331190135,49.944840429,-0.084047965,0.046991883,2.887663664,-0.011994538,-0.165333506,2.995445498,-0.017169960,-0.172023931,2.424026064,0.000636914,0.006690426,0.571419434,-0.017806874,-0.917416721,450.000000000,10.358112208,-0.071406046,0.001855826,9.494412553,-114.644248958,115.102957318,-110.355751042,109.897042682,-5.179056104,-5.179056104
1786168214.904113293,43.450388883,0.000000000,NONE,0,0.050088983,-1.284198252,52.832504092,-0.096042503,-1.331084698,50.066343130,-0.084053636,0.046886447,2.766160962,-0.011988867,-0.163029022,2.995568149,-0.017787651,-0.170543436,2.424015674,0.000116106,0.007514414,0.571552475,-0.017903756,-0.834553227,450.000000000,10.350631425,-0.071313477,0.001847306,9.494236212,-114.664920746,115.082197360,-110.335079254,109.917802640,-5.175315713,-5.175315713
1786168214.954046726,43.500322107,0.000000000,TARGET_UPDATED,0,0.049944094,-1.284198252,53.832504092,-0.096042503,-1.330910519,50.187839582,-0.084059752,0.046712267,3.644664510,-0.011982751,-0.175130561,2.994881313,-0.018392270,-0.168859325,2.424004435,-0.000397826,-0.006271236,0.570876878,-0.017994444,-2.149538711,450.000000000,10.343952358,-0.071221521,0.001832801,9.494139001,-114.336150072,115.410919428,-110.663849928,109.589080572,-5.171976179,-5.171976179
1786168215.004061222,43.550336458,0.000000000,NONE,0,0.049976965,-1.284198252,53.832504092,-0.096042503,-1.330745796,50.309335333,-0.084065806,0.046547545,3.523168759,-0.011976697,-0.173672740,2.994962694,-0.018946800,-0.170630458,2.423992657,-0.000853903,-0.003042282,0.570970037,-0.018092897,-1.590989754,450.000000000,10.336454345,-0.071130416,0.001813418,9.494154164,-114.475791102,115.271285979,-110.524208898,109.728714021,-5.168227172,-5.168227172
1786168215.054053545,43.600329055,0.000000000,NONE,0,0.050018998,-1.284198252,53.832504092,-0.096042503,-1.330694578,50.430837916,-0.084071307,0.046496327,3.401666177,-0.011971196,-0.172031331,2.995054355,-0.019418534,-0.171912341,2.423983612,-0.001239380,-0.000118990,0.571070742,-0.018179154,-1.394691040,450.000000000,10.330207204,-0.071040237,0.001794585,9.494234921,-114.524885970,115.222231490,-110.475114030,109.777768510,-5.165103602,-5.165103602
1786168215.103993654,43.650268876,0.000000000,NONE,0,0.049940572,-1.284198252,53.832504092,-0.096042503,-1.330680847,50.552341988,-0.084075852,0.046482596,3.280162104,-0.011966651,-0.170255836,2.995153536,-0.019759684,-0.172137824,2.423976171,-0.001516522,0.001881988,0.571177365,-0.018243162,-1.263970534,450.000000000,10.325713945,-0.070950845,0.001779489,9.494321188,-114.557587664,115.189572931,-110.442412336,109.810427069,-5.162856973,-5.162856973
1786168215.154051542,43.700326948,0.000000000,NONE,0,0.050061100,-1.284198252,53.832504092,-0.096042503,-1.330671684,50.673845325,-0.084079095,0.046473433,3.158658768,-0.011963407,-0.168361823,2.995259387,-0.019938043,-0.171821519,2.423971268,-0.001656915,0.003459696,0.571288120,-0.018281128,-1.147178091,450.000000000,10.323121961,-0.070862047,0.001768869,9.494418434,-114.586810086,115.160399131,-110.413189914,109.839600869,-5.161560980,-5.161560980
1786168215.204061508,43.750336895,0.000000000,NONE,0,0.049984923,-1.284198252,53.832504092,-0.096042503,-1.330644695,50.795346478,-0.084080718,0.046446443,3.037157615,-0.011961785,-0.166356841,2.995371400,-0.019937806,-0.171089946,2.423969351,-0.001646171,0.004733105,0.571402049,-0.018291635,-1.044680442,450.000000000,10.322477556,-0.070773641,0.001763030,9.494479563,-114.612449780,115.134790001,-110.387550220,109.865209999,-5.161238778,-5.161238778
1786168215.254037857,43.800313150,0.000000000,NONE,0,0.049994991,-1.284198252,53.832504092,-0.096042503,-1.330597632,50.892545039,-0.084080718,0.046399381,2.939959053,-0.011961785,-0.164676374,2.995465113,-0.019808814,-0.170238061,2.423970106,-0.001528989,0.005561688,0.571495007,-0.018279825,-0.977191594,450.000000000,10.323293719,-0.070703069,0.001761267,9.495921044,-114.629682362,115.118278160,-110.370317638,109.881721840,-5.161646860,-5.161646860
1786168215.303996086,43.850271627,0.000000000,NONE,0,0.049978566,-1.284198252,53.832504092,-0.096042503,-1.330468588,51.038338004,-0.084078629,0.046270336,2.794166088,-0.011963874,-0.162025166,2.995612254,-0.019419618,-0.168736424,2.423974965,-0.001192970,0.006711258,0.571637289,-0.018226648,-0.860302515,450.000000000,10.327388445,-0.070596203,0.001800668,9.494034344,-114.658432957,115.088584215,-110.341567043,109.911415785,-5.163694222,-5.163694222
1786168215.354236126,43.900511486,0.000000000,TARGET_UPDATED,0,0.050212973,-1.284198252,54.832504092,-0.096042503,-1.330334175,51.135529507,-0.084075954,0.046135924,3.696974585,-0.011966548,-0.174027036,2.994941308,-0.019061707,-0.167457434,2.423980423,-0.000876803,-0.006569602,0.570960885,-0.018184903,-2.137214324,450.000000000,10.329621313,-0.070524151,0.001796870,9.495390579,-114.339544064,115.408151226,-110.660455936,109.591848774,-5.164810657,-5.164810657
1786168215.404036760,43.950312141,0.000000000,NONE,0,0.049798785,-1.284198252,54.832504092,-0.096042503,-1.330180666,51.257019541,-0.084071510,0.045982415,3.575484551,-0.011970993,-0.172614613,2.995026503,-0.018517019,-0.169126550,2.423988244,-0.000420838,-0.003488063,0.571038259,-0.018096180,-1.602682183,450.000000000,10.336331649,-0.070433982,0.001813387,9.495026963,-114.473086195,115.274427287,-110.526913805,109.725572713,-5.168165825,-5.168165825
1786168215.454209089,44.000484318,0.000000000,NONE,0,0.050073015,-1.284198252,54.832504092,-0.096042503,-1.330140983,51.378517337,-0.084066446,0.045942731,3.453986756,-0.011976057,-0.171019119,2.995121554,-0.017945695,-0.170466948,2.423998968,0.000052579,-0.000552171,0.571122586,-0.017998274,-1.403635510,450.000000000,10.342908072,-0.070342672,0.001833120,9.494569372,-114.522733466,115.224551220,-110.477266534,109.775448780,-5.171454036,-5.171454036
1786168215.504133463,44.050408816,0.000000000,NONE,0,0.049993560,-1.284198252,54.832504092,-0.096042503,-1.330142206,51.500017770,-0.084061106,0.045943954,3.332486322,-0.011981396,-0.169289023,2.995223152,-0.017392274,-0.170753479,2.424009684,0.000507716,0.001464457,0.571213468,-0.017899990,-1.272809049,450.000000000,10.349351231,-0.070250759,0.001840021,9.494171458,-114.555340602,115.191745127,-110.444659398,109.808254873,-5.174675615,-5.174675615
1786168215.554107666,44.100383138,0.000000000,NONE,0,0.049998208,-1.284198252,54.832504092,-0.096042503,-1.330151005,51.621518475,-0.084055890,0.045952754,3.210985617,-0.011986613,-0.167442765,2.995329788,-0.016901381,-0.170492480,2.424019715,0.000908660,0.003049715,0.571310073,-0.017810041,-1.156591363,450.000000000,10.355035523,-0.070158913,0.001833577,9.493903875,-114.584328128,115.162623809,-110.415671872,109.837376191,-5.177517762,-5.177517762
1786168215.604048014,44.150323584,0.000000000,NONE,0,0.049946425,-1.284198252,54.832504092,-0.096042503,-1.330145329,51.743017849,-0.084051259,0.045947077,3.089486244,-0.011991243,-0.165489829,2.995440528,-0.016513211,-0.169826617,2.424028273,0.001220922,0.004336787,0.571412255,-0.017734133,-1.054178811,450.000000000,10.359626952,-0.070067678,0.001817360,9.493766487,-114.609896919,115.136986325,-110.390103081,109.863013675,-5.179813476,-5.179813476
1786168215.653969526,44.200244689,0.000000000,NONE,0,0.049936651,-1.284198252,54.832504092,-0.096042503,-1.330107169,51.864514593,-0.084047678,0.045908918,2.967989499,-0.011994825,-0.163438555,2.995554573,-0.016259177,-0.168833155,2.424035164,0.001419174,0.005394600,0.571519408,-0.017678351,-0.962974218,450.000000000,10.362687531,-0.069978195,0.001779298,9.493977460,-114.632750810,115.114237919,-110.367249190,109.885762081,-5.181343765,-5.181343765
1786168215.704140663,44.250415912,0.000000000,NONE,0,0.050103001,-1.284198252,54.832504092,-0.096042503,-1.330022150,51.986007509,-0.084045549,0.045823898,2.846496583,-0.011996954,-0.161288467,2.995671677,-0.016157651,-0.167578308,2.424038449,0.001489045,0.006289841,0.571633228,-0.017646696,-0.879110540,450.000000000,10.363976062,-0.069889701,0.001760827,9.494086005,-114.653743866,115.093299136,-110.346256134,109.906700864,-5.181988031,-5.181988031
1786168215.754096746,44.300371997,0.000000000,TARGET_UPDATED,0,0.050028629,-1.284198252,55.832504092,-0.096042503,-1.329879052,52.107495708,-0.084045133,0.045680800,3.725008384,-0.011997369,-0.172514840,2.995045798,-0.016222075,-0.166118002,2.424039106,0.001426893,-0.006396838,0.571006692,-0.017648968,-2.090694586,450.000000000,10.362698304,-0.069802005,0.001744857,9.494214197,-114.350879903,115.396227196,-110.649120097,109.603772804,-5.181349152,-5.181349152
1786168215.803981066,44.350256496,0.000000000,NONE,0,0.049865882,-1.284198252,55.832504092,-0.096042503,-1.329765531,52.228985144,-0.084046504,0.045567280,3.603518948,-0.011995999,-0.171114794,2.995124994,-0.016425076,-0.168199113,2.424036120,0.001241674,-0.002915681,0.571088874,-0.017666750,-1.535548724,450.000000000,10.360701917,-0.069715087,0.001729652,9.494365672,-114.489704237,115.257478599,-110.510295763,109.742521401,-5.180350958,-5.180350958
1786168215.854190111,44.400465382,0.000000000,NONE,0,0.050244295,-1.284198252,55.832504092,-0.096042503,-1.329756455,52.350480970,-0.084049502,0.045558203,3.482023122,-0.011993001,-0.169546200,2.995212210,-0.016778719,-0.169274366,2.424031679,0.000937411,-0.000271833,0.571180531,-0.017716130,-1.368624050,450.000000000,10.356174084,-0.069628880,0.001718206,9.494580422,-114.531489093,115.215801118,-110.468510907,109.784198882,-5.178087042,-5.178087042
1786168215.904043913,44.450319416,0.000000000,NONE,0,0.049824475,-1.284198252,55.832504092,-0.096042503,-1.329780868,52.471978081,-0.084053786,0.045582617,3.360526011,-0.011988716,-0.167853697,2.995304881,-0.017239414,-0.169489851,2.424024425,0.000548018,0.001636154,0.571280456,-0.017787433,-1.241188239,450.000000000,10.350291460,-0.069543102,0.001712647,9.494703722,-114.563378871,115.183972990,-110.436621129,109.816027010,-5.175145730,-5.175145730
1786168215.954403639,44.500679089,0.000000000,NONE,0,0.050358331,-1.284198252,55.832504092,-0.096042503,-1.329812110,52.593474515,-0.084058989,0.045613858,3.239029577,-0.011983514,-0.166047314,2.995402471,-0.017760488,-0.169242660,2.424015390,0.000113163,0.003195345,0.571387081,-0.017873651,-1.126115539,450.000000000,10.343525075,-0.069457509,0.001710957,9.494868699,-114.592188290,115.155246060,-110.407811710,109.844753940,-5.171762538,-5.171762538
1786168216.004015923,44.550291385,0.000000000,NONE,0,0.049626701,-1.284198252,55.832504092,-0.096042503,-1.329830201,52.714968825,-0.084064639,0.045631949,3.117535268,-0.011977863,-0.164132359,2.995504762,-0.018291984,-0.168621873,2.424005455,-0.000324675,0.004489514,0.571499306,-0.017967309,-1.023075500,450.000000000,10.336348069,-0.069371891,0.001714063,9.494873557,-114.617949514,115.129487264,-110.382050486,109.870512736,-5.168174035,-5.168174035
1786168216.054154634,44.600430065,0.000000000,NONE,0,0.050159879,-1.284198252,55.832504092,-0.096042503,-1.329817974,52.836459806,-0.084070285,0.045619722,2.996044287,-0.011972218,-0.162112393,2.995611662,-0.018784195,-0.167680642,2.423995536,-0.000725397,0.005568249,0.571616125,-0.018058798,-0.931346603,450.000000000,10.329554229,-0.069286084,0.001718627,9.494914134,-114.640891883,115.106565184,-110.359108117,109.893434816,-5.164777115,-5.164777115
1786168216.104044199,44.650319753,0.000000000,NONE,0,0.049848088,-1.284198252,55.832504092,-0.096042503,-1.329760892,52.957946485,-0.084075513,0.045562640,2.874557608,-0.011966990,-0.159989167,2.995723178,-0.019191886,-0.166469465,2.423986516,-0.001052028,0.006480298,0.571736662,-0.018139858,-0.847046842,450.000000000,10.323625753,-0.069200018,0.001725075,9.494863404,-114.661954140,115.085477562,-110.338045860,109.914522438,-5.161812876,-5.161812876
1786168216.154160500,44.700435804,0.000000000,NONE,0,0.050113077,-1.284198252,55.832504092,-0.096042503,-1.329647158,53.079428120,-0.084079887,0.045448906,2.753075973,-0.011962615,-0.157761813,2.995839414,-0.019478179,-0.165037186,2.423979177,-0.001273375,0.007275373,0.571860237,-0.018204804,-0.767828578,450.000000000,10.318953520,-0.069113640,0.001731550,9.494815349,-114.681746693,115.065660982,-110.318253307,109.934339018,-5.159476760,-5.159476760
1786168216.204100609,44.750376087,0.000000000,TARGET_UPDATED,0,0.049967545,-1.284198252,56.832504092,-0.096042503,-1.329508093,53.176609365,-0.084082556,0.045309842,3.655894727,-0.011959946,-0.169879364,2.995175975,-0.019588828,-0.163728225,2.423974943,-0.001362435,-0.006151139,0.571201032,-0.018226393,-2.047539133,450.000000000,10.317850840,-0.069044318,0.001736498,9.496120046,-114.362145228,115.385914795,-110.637854772,109.614085205,-5.158925420,-5.158925420
1786168216.254169941,44.800445265,0.000000000,NONE,0,0.049970281,-1.284198252,56.832504092,-0.096042503,-1.329344427,53.298085772,-0.084084521,0.045146175,3.534418321,-0.011957982,-0.168481551,2.995254882,-0.019593205,-0.165307430,2.423971345,-0.001341242,-0.003174122,0.571283537,-0.018251963,-1.518154538,450.000000000,10.315525245,-0.068956723,0.000000000,9.513369069,-114.498803633,115.257880902,-110.501196367,109.742119098,-5.157762622,-5.157762622
1786168216.304032564,44.850308024,0.000000000,NONE,0,0.049935216,-1.284198252,56.832504092,-0.096042503,-1.329292782,53.419569148,-0.084084774,0.045094530,3.412934944,-0.011957729,-0.166865719,2.995346213,-0.019458032,-0.166617492,2.423973266,-0.001207181,-0.000248227,0.571372947,-0.018250851,-1.317739724,450.000000000,10.315681442,-0.068856895,0.002220157,9.490058006,-114.543079570,115.201949433,-110.456920430,109.798050567,-5.157840721,-5.157840721
1786168216.354151011,44.900426192,0.000000000,NONE,0,0.050109790,-1.284198252,56.832504092,-0.096042503,-1.329281492,53.541054586,-0.084083491,0.045083240,3.291449507,-0.011959012,-0.165073549,2.995447253,-0.019190308,-0.166840008,2.423977953,-0.000970868,0.001766459,0.571469300,-0.018219440,-1.186823809,450.000000000,10.318028272,-0.068743372,0.002217329,9.487893843,-114.575267509,115.168679413,-110.424732491,109.831320587,-5.159014136,-5.159014136
1786168216.404064655,44.950340256,0.000000000,NONE,0,0.049920920,-1.284198252,56.832504092,-0.096042503,-1.329278977,53.662539953,-0.084080892,0.045080726,3.169964140,-0.011961611,-0.163184896,2.995553170,-0.018810254,-0.166570329,2.423983254,-0.000647071,0.003385433,0.571569916,-0.018163183,-1.067800475,450.000000000,10.322012962,-0.068637826,0.002029584,9.488180526,-114.605095013,115.138995250,-110.394904987,109.861004750,-5.161006481,-5.161006481
1786168216.454025030,45.000300363,0.000000000,NONE,0,0.049964136,-1.284198252,56.832504092,-0.096042503,-1.329262837,53.784023845,-0.084077208,0.045064586,3.048480248,-0.011965295,-0.161213491,2.995662793,-0.018351346,-0.165900132,2.423989887,-0.000262041,0.004686641,0.571672906,-0.018089305,-0.965491012,450.000000000,10.327084204,-0.068542124,0.001836689,9.489302680,-114.630952917,115.113698423,-110.369047083,109.886301577,-5.163542102,-5.163542102
1786168216.504432678,45.050708052,0.000000000,NONE,0,0.050088437,-1.284198252,56.832504092,-0.096042503,-1.329214830,53.905505162,-0.084072770,0.045016578,2.926998931,-0.011969732,-0.159161595,2.995775554,-0.017854535,-0.164918776,2.423997741,0.000149652,0.005757181,0.571777813,-0.018004187,-0.874424631,450.000000000,10.332812308,-0.068455308,0.001673485,9.490847030,-114.654105600,115.091317915,-110.345894400,109.908682085,-5.166406154,-5.166406154
1786168216.554025412,45.100300751,0.000000000,NONE,0,0.049920556,-1.284198252,56.832504092,-0.096042503,-1.329119833,54.026982989,-0.084067963,0.044921582,2.805521103,-0.011974540,-0.157025862,2.995891185,-0.017364133,-0.163673148,2.424006271,0.000551982,0.006647286,0.571884914,-0.017916115,-0.792180741,450.000000000,10.338595013,-0.068375389,0.001555043,9.492464582,-114.675070960,115.071161331,-110.324929040,109.928838669,-5.169297507,-5.169297507
1786168216.604158401,45.150433953,0.000000000,TARGET_UPDATED,0,0.050142392,-1.284198252,57.832504092,-0.096042503,-1.328965003,54.148456518,-0.084063184,0.044766752,3.684047574,-0.011979318,-0.168358753,2.995278252,-0.016923501,-0.162199149,2.424014752,0.000909650,-0.006159604,0.571263500,-0.017833151,-2.009901128,450.000000000,10.343845752,-0.068299915,0.001486259,9.493964001,-114.371015718,115.375966282,-110.628984282,109.624033718,-5.171922876,-5.171922876
1786168216.654116631,45.200392054,0.000000000,NONE,0,0.049886790,-1.284198252,57.832504092,-0.096042503,-1.328833248,54.269931389,-0.084058893,0.044634997,3.562572703,-0.011983610,-0.167006021,2.995356000,-0.016569094,-0.164177813,2.424021743,0.001191800,-0.002828209,0.571334258,-0.017760894,-1.466256968,450.000000000,10.348254557,-0.068226571,0.001461340,9.495152861,-114.507223973,115.240352457,-110.492776027,109.759647543,-5.174127279,-5.174127279
1786168216.704098225,45.250373701,0.000000000,NONE,0,0.050006265,-1.284198252,57.832504092,-0.096042503,-1.328807028,54.391413250,-0.084055529,0.044608776,3.441090842,-0.011986974,-0.165481122,2.995441845,-0.016353920,-0.165327223,2.424028608,0.001352310,-0.000153898,0.571413237,-0.017706230,-1.294915277,450.000000000,10.351283067,-0.068153410,0.001472904,9.496000549,-114.550271318,115.197728957,-110.449728682,109.802271043,-5.175641533,-5.175641533
1786168216.754102945,45.300378409,0.000000000,NONE,0,0.050013569,-1.284198252,57.832504092,-0.096042503,-1.328813747,54.512897016,-0.084053429,0.044615496,3.319607076,-0.011989073,-0.163826912,2.995533149,-0.016288223,-0.165540328,2.424032956,0.001384190,0.001713415,0.571500193,-0.017672413,-1.172990372,450.000000000,10.352791339,-0.068078828,0.001511516,9.496457609,-114.580866809,115.167361995,-110.419133191,109.832638005,-5.176395670,-5.176395670
1786168216.804128170,45.350403530,0.000000000,NONE,0,0.050049422,-1.284198252,57.832504092,-0.096042503,-1.328824172,54.634380546,-0.084052786,0.044625921,3.198123547,-0.011989716,-0.162053905,2.995629125,-0.016374515,-0.165250149,2.424034685,0.001289141,0.003196245,0.571594440,-0.017663656,-1.064086450,450.000000000,10.352461113,-0.068001774,0.001565814,9.496557165,-114.608117679,115.140160904,-110.391882321,109.859839096,-5.176230557,-5.176230557
1786168216.854110479,45.400385724,0.000000000,NONE,0,0.050003568,-1.284198252,57.832504092,-0.096042503,-1.328817881,54.755862285,-0.084053673,0.044619630,3.076641807,-0.011988830,-0.160167865,2.995729290,-0.016603378,-0.164574592,2.424033607,0.001076810,0.004406727,0.571695684,-0.017680187,-0.967775730,450.000000000,10.350356322,-0.067921823,0.001623801,9.496373937,-114.632149552,115.116037417,-110.367850448,109.883962583,-5.175178161,-5.175178161
1786168216.904024601,45.450299951,0.000000000,NONE,0,0.049906832,-1.284198252,57.832504092,-0.096042503,-1.328778066,54.877340930,-0.084056027,0.044579815,2.955163163,-0.011986476,-0.158173423,2.995833281,-0.016952569,-0.163581919,2.424029781,0.000767995,0.005408496,0.571803500,-0.017720564,-0.881381749,450.000000000,10.346609287,-0.067839060,0.001676587,9.495996298,-114.653653637,115.094344512,-110.346346363,109.905655488,-5.173304644,-5.173304644
1786168216.954487085,45.500762497,0.000000000,NONE,0,0.050440005,-1.284198252,57.832504092,-0.096042503,-1.328691010,54.998815405,-0.084059653,0.044492758,2.833688687,-0.011982850,-0.156073671,2.995940872,-0.017388971,-0.162330246,2.424023562,0.000392114,0.006256575,0.571917310,-0.017781085,-0.802121091,450.000000000,10.341533614,-0.067753942,0.001718150,9.495606251,-114.673371290,115.074431835,-110.326628710,109.925568165,-5.170766807,-5.170766807
1786168217.004083633,45.550359009,0.000000000,TARGET_UPDATED,0,0.049622812,-1.284198252,58.832504092,-0.096042503,-1.328545468,55.120284842,-0.084064239,0.044347216,3.712219251,-0.011978264,-0.167061900,2.995345278,-0.017883363,-0.160865763,2.424015547,-0.000015528,-0.006196138,0.571329731,-0.017867835,-1.986581489,450.000000000,10.334469421,-0.067667099,0.001747565,9.495080302,-114.377124703,115.370415448,-110.622875297,109.629584552,-5.167234711,-5.167234711
1786168217.054076195,45.600351654,0.000000000,NONE,0,0.049943964,-1.284198252,58.832504092,-0.096042503,-1.328442313,55.217460437,-0.084068387,0.044244061,3.615043655,-0.011974116,-0.165977135,2.995403226,-0.018267699,-0.162406441,2.424007641,-0.000341845,-0.003570694,0.571395585,-0.017925854,-1.508394863,450.000000000,10.330546957,-0.067596905,0.001757586,9.496116674,-114.496930453,115.251127884,-110.503069547,109.748872116,-5.165273478,-5.165273478
1786168217.104117155,45.650392500,0.000000000,NONE,0,0.050063111,-1.284198252,58.832504092,-0.096042503,-1.328413784,55.338935701,-0.084073720,0.044215533,3.493568391,-0.011968783,-0.164463236,2.995483807,-0.018732972,-0.163814573,2.423999165,-0.000723150,-0.000648663,0.571484641,-0.018009821,-1.303425800,450.000000000,10.323702916,-0.067508233,0.001789770,9.495460452,-114.548008663,115.199721563,-110.451991337,109.800278437,-5.161851458,-5.161851458
1786168217.154002428,45.700277705,0.000000000,NONE,0,0.049874096,-1.284198252,58.832504092,-0.096042503,-1.328429384,55.460412798,-0.084078562,0.044231133,3.372091295,-0.011963941,-0.162815064,2.995571253,-0.019135818,-0.164157084,2.423990958,-0.001046935,0.001342020,0.571580295,-0.018088882,-1.176672023,450.000000000,10.317809564,-0.067417856,0.001817475,9.494678052,-114.579501507,115.167837519,-110.420498493,109.832162481,-5.158904782,-5.158904782
1786168217.204009533,45.750284998,0.000000000,NONE,0,0.050048551,-1.284198252,58.832504092,-0.096042503,-1.328456041,55.581889518,-0.084082680,0.044257789,3.250614574,-0.011959823,-0.161051798,2.995664600,-0.019435917,-0.163976276,2.423983860,-0.001283466,0.002924479,0.571680740,-0.018152451,-1.062704780,450.000000000,10.313220596,-0.067326752,0.001823454,9.494069097,-114.607841079,115.139193469,-110.392158921,109.860806531,-5.156610298,-5.156610298
1786168217.254020452,45.800295783,0.000000000,NONE,0,0.049989026,-1.284198252,58.832504092,-0.096042503,-1.328472860,55.703364528,-0.084085851,0.044274608,3.129139564,-0.011956651,-0.159183467,2.995763333,-0.019604550,-0.163408595,2.423978521,-0.001408405,0.004225128,0.571784812,-0.018196145,-0.961618300,450.000000000,10.310103282,-0.067235958,0.001810820,9.493654071,-114.633008943,115.113818093,-110.366991057,109.886181907,-5.155051641,-5.155051641
1786168217.304035902,45.850311235,0.000000000,NONE,0,0.050021027,-1.284198252,58.832504092,-0.096042503,-1.328462526,55.824836770,-0.084087876,0.044264275,3.007667323,-0.011954627,-0.157216728,2.995867039,-0.019625009,-0.162522935,2.423975404,-0.001407880,0.005306208,0.571891635,-0.018217129,-0.871341780,450.000000000,10.308633283,-0.067146231,0.001785412,9.493447448,-114.655526417,115.091197307,-110.344473583,109.908802693,-5.154316642,-5.154316642
1786168217.354068995,45.900344401,0.000000000,NONE,0,0.050016064,-1.284198252,58.832504092,-0.096042503,-1.328410829,55.946305422,-0.084088613,0.044212577,2.886198670,-0.011953889,-0.155154753,2.995975386,-0.019493715,-0.161378376,2.423974794,-0.001279295,0.006223622,0.572000592,-0.018214421,-0.788684936,450.000000000,10.308841068,-0.067058014,0.001753458,9.493417592,-114.676183164,115.070525632,-110.323816836,109.929474368,-5.154420534,-5.154420534
1786168217.404016495,45.950291765,0.000000000,NONE,0,0.049958404,-1.284198252,58.832504092,-0.096042503,-1.328305815,56.067769830,-0.084088002,0.044107563,2.764734262,-0.011954501,-0.152997641,2.996088087,-0.019220918,-0.160014022,2.423976775,-0.001031888,0.007016381,0.572111312,-0.018189030,-0.711708247,450.000000000,10.310618134,-0.066971448,0.001720575,9.493512665,-114.695451104,115.051305228,-110.304548896,109.948694772,-5.155309067,-5.155309067
1786168217.454327583,46.000602913,0.000000000,TARGET_UPDATED,0,0.050334605,-1.284198252,59.832504092,-0.096042503,-1.328137623,56.189229480,-0.084086082,0.043939372,3.643274612,-0.011956420,-0.164408596,2.995486142,-0.018821191,-0.158469542,2.423981167,-0.000686155,-0.005939054,0.571504975,-0.018135036,-1.935218894,450.000000000,10.314505810,-0.066886431,0.001690808,9.493742371,-114.389630869,115.357240316,-110.610369131,109.642759684,-5.157252905,-5.157252905
1786168217.504007101,46.050282581,0.000000000,NONE,0,0.049672637,-1.284198252,59.832504092,-0.096042503,-1.327983316,56.310689627,-0.084082994,0.043785065,3.521814465,-0.011959509,-0.163047136,2.995563582,-0.018337850,-0.160240651,2.423986872,-0.000266234,-0.002806485,0.571576710,-0.018071616,-1.405616452,450.000000000,10.318700391,-0.066802706,0.001666269,9.493926315,-114.522077466,115.224885692,-110.477922534,109.775114308,-5.159350196,-5.159350196
1786168217.554017305,46.100292690,0.000000000,NONE,0,0.049997235,-1.284198252,59.832504092,-0.096042503,-1.327937661,56.432156773,-0.084079019,0.043739409,3.400347319,-0.011963484,-0.161511297,2.995649840,-0.017837321,-0.161483089,2.423995138,0.000164091,-0.000028208,0.571654702,-0.018001412,-1.222637144,450.000000000,10.323292080,-0.066719974,0.001648278,9.494159294,-114.567880538,115.179199109,-110.432119462,109.820800891,-5.161646040,-5.161646040
1786168217.604007244,46.150282555,0.000000000,NONE,0,0.049973696,-1.284198252,59.832504092,-0.096042503,-1.327929047,56.553626152,-0.084074531,0.043730796,3.278877940,-0.011967972,-0.159846726,2.995742051,-0.017345302,-0.161744430,2.424004088,0.000579160,0.001897704,0.571737963,-0.017924462,-1.098547010,450.000000000,10.328366352,-0.066637906,0.001637698,9.494359966,-114.598953239,115.148226744,-110.401046761,109.851773256,-5.164183176,-5.164183176
1786168217.654065132,46.200340480,0.000000000,NONE,0,0.050076827,-1.284198252,59.832504092,-0.096042503,-1.327928209,56.675095833,-0.084070054,0.043729958,3.157408259,-0.011972448,-0.158065582,2.995839108,-0.016906264,-0.161526893,2.424012754,0.000941645,0.003461311,0.571826355,-0.017847909,-0.984945846,450.000000000,10.333267111,-0.066556184,0.001633268,9.494532348,-114.627396625,115.119869548,-110.372603375,109.880130452,-5.166633555,-5.166633555
1786168217.703939915,46.250215319,0.000000000,NONE,0,0.049886429,-1.284198252,59.832504092,-0.096042503,-1.327914094,56.796564385,-0.084066030,0.043715843,3.035939708,-0.011976473,-0.156174090,2.995940299,-0.016556240,-0.160909387,2.424020503,0.001224041,0.004735298,0.571919796,-0.017780282,-0.885720378,450.000000000,10.337384392,-0.066474540,0.001633969,9.494626130,-114.652226438,115.095086627,-110.347773562,109.904913373,-5.168692196,-5.168692196
1786168217.754049063,46.300324520,0.000000000,NONE,0,0.050089371,-1.284198252,59.832504092,-0.096042503,-1.327869028,56.918030567,-0.084062844,0.043670776,2.914473525,-0.011979658,-0.154176386,2.996045074,-0.016323658,-0.159965553,2.424026691,0.001403589,0.005789167,0.572018382,-0.017727247,-0.797265157,450.000000000,10.340356033,-0.066392789,0.001637332,9.494703575,-114.674359605,115.072992183,-110.325640395,109.927007817,-5.170178017,-5.170178017
1786168217.804022074,46.350297524,0.000000000,NONE,0,0.049982306,-1.284198252,59.832504092,-0.096042503,-1.327778740,57.039493340,-0.084060812,0.043580489,2.793010753,-0.011981691,-0.152074005,2.996153065,-0.016227109,-0.158756859,2.424030797,0.001466468,0.006682854,0.572122269,-0.017693577,-0.715921943,450.000000000,10.341885580,-0.066310840,0.001642061,9.494729093,-114.694701788,115.052662759,-110.305298212,109.947337241,-5.170942790,-5.170942790
1786168217.854406118,46.400681469,0.000000000,TARGET_UPDATED,0,0.050386504,-1.284198252,60.832504092,-0.096042503,-1.327630286,57.160951731,-0.084060083,0.043432035,3.671552361,-0.011982420,-0.163130345,2.995571224,-0.016265950,-0.157300323,2.424032467,0.001409769,-0.005830022,0.571538758,-0.017675719,-1.899308993,450.000000000,10.342371110,-0.066228644,0.001646906,9.494779057,-114.398867516,115.348522012,-110.601132484,109.651477988,-5.171185555,-5.171185555
1786168217.904092312,46.450367782,0.000000000,NONE,0,0.049666723,-1.284198252,60.832504092,-0.096042503,-1.327527231,57.258118991,-0.084060480,0.043328979,3.574385101,-0.011982022,-0.162054103,2.995628905,-0.016400050,-0.158911685,2.424031216,0.001285534,-0.003142418,0.571597689,-0.017685584,-1.418984709,450.000000000,10.340688384,-0.066162754,0.001649641,9.496052666,-114.519266989,115.228759344,-110.480733011,109.771240656,-5.170344192,-5.170344192
1786168217.954038620,46.500313796,0.000000000,NONE,0,0.049957924,-1.284198252,60.832504092,-0.096042503,-1.327498466,57.379584034,-0.084062146,0.043300215,3.452920059,-0.011980356,-0.160548954,2.995708286,-0.016698400,-0.160316379,2.424029015,0.001021524,-0.000232575,0.571679272,-0.017719925,-1.217103347,450.000000000,10.337353100,-0.066079686,0.001679127,9.495714796,-114.569652862,115.178204536,-110.430347138,109.821795464,-5.168676550,-5.168676550
1786168218.004119396,46.550394688,0.000000000,NONE,0,0.050063307,-1.284198252,60.832504092,-0.096042503,-1.327511123,57.501050946,-0.084064993,0.043312872,3.331453146,-0.011977509,-0.158908974,2.995793386,-0.017108926,-0.160607766,2.424024275,0.000662492,0.001698792,0.571769111,-0.017771418,-1.095853656,450.000000000,10.332962555,-0.065994770,0.001712504,9.495195552,-114.599835474,115.147762302,-110.400164526,109.852237698,-5.166481277,-5.166481277
1786168218.054078817,46.600354022,0.000000000,NONE,0,0.049946760,-1.284198252,60.832504092,-0.096042503,-1.327531807,57.622517396,-0.084068809,0.043333556,3.209986696,-0.011973694,-0.157152996,2.995883190,-0.017590649,-0.160378794,2.424017574,0.000245953,0.003225799,0.571865615,-0.017836603,-0.985682777,450.000000000,10.327677641,-0.065908556,0.001731407,9.494693240,-114.627252616,115.120094004,-110.372747384,109.879905996,-5.163838820,-5.163838820
1786168218.104033947,46.650309320,0.000000000,NONE,0,0.049980420,-1.284198252,60.832504092,-0.096042503,-1.327538783,57.743981867,-0.084073327,0.043340531,3.088522225,-0.011969176,-0.155291798,2.995977172,-0.018099185,-0.159737341,2.424009581,-0.000190593,0.004445544,0.571967591,-0.017908592,-0.890814126,450.000000000,10.322055584,-0.065821851,0.001734143,9.494309082,-114.650873739,115.096280802,-110.349126261,109.903719198,-5.161027792,-5.161027792
1786168218.154064894,46.700340355,0.000000000,NONE,0,0.050041573,-1.284198252,60.832504092,-0.096042503,-1.327514370,57.865443158,-0.084078174,0.043316119,2.967060934,-0.011964328,-0.153332985,2.996075021,-0.018588750,-0.158774754,2.424001051,-0.000605845,0.005441769,0.572073970,-0.017982906,-0.806561959,450.000000000,10.316359012,-0.065735360,0.001724609,9.494064166,-114.671875552,115.075156531,-110.328124448,109.924843469,-5.158179506,-5.158179506
1786168218.204049826,46.750325307,0.000000000,NONE,0,0.049970208,-1.284198252,60.832504092,-0.096042503,-1.327444423,57.986900349,-0.084082905,0.043246171,2.845603743,-0.011959597,-0.151280624,2.996176627,-0.019016181,-0.157552850,2.423992787,-0.000962657,0.006272226,0.572183840,-0.018053524,-0.730043133,450.000000000,10.311036495,-0.065649586,0.001707276,9.493936641,-114.690973377,115.055994943,-110.309026623,109.944005057,-5.155518247,-5.155518247
1786168218.254094124,46.800369346,0.000000000,TARGET_UPDATED,0,0.050059784,-1.284198252,61.832504092,-0.096042503,-1.327317132,58.108352717,-0.084087115,0.043118881,3.724151375,-0.011955388,-0.161866916,2.995621150,-0.019355208,-0.156113658,2.423985542,-0.001230599,-0.005753258,0.571635608,-0.018124609,-1.866700664,450.000000000,10.305600120,-0.065564823,0.001686139,9.493931236,-114.406807643,115.340157975,-110.593192357,109.659842025,-5.152800060,-5.152800060
1786168218.304094553,46.850369807,0.000000000,NONE,0,0.049965399,-1.284198252,61.832504092,-0.096042503,-1.327202750,58.229804926,-0.084090458,0.043004498,3.602699166,-0.011952044,-0.160541943,2.995691141,-0.019552207,-0.157738844,2.423979317,-0.001387495,-0.002803100,0.571711824,-0.018164712,-1.370116250,450.000000000,10.302956482,-0.065481178,0.001663495,9.494009688,-114.530973360,115.216031485,-110.469026640,109.783968515,-5.151478241,-5.151478241
1786168218.354002237,46.900277495,0.000000000,NONE,0,0.049912279,-1.284198252,61.832504092,-0.096042503,-1.327186213,58.351262709,-0.084092669,0.042987962,3.481241383,-0.011949834,-0.159060697,2.995769680,-0.019621806,-0.158801309,2.423976551,-0.001434344,-0.000259388,0.571793129,-0.018187462,-1.202996686,450.000000000,10.301256854,-0.065398582,0.000000000,9.510565328,-114.576892160,115.178390504,-110.423107840,109.821609496,-5.150628427,-5.150628427
1786168218.404053211,46.950328567,0.000000000,NONE,0,0.050060804,-1.284198252,61.832504092,-0.096042503,-1.327201927,58.472721863,-0.084093530,0.043003675,3.359782229,-0.011948972,-0.157434896,2.995856013,-0.019551261,-0.158975709,2.423976758,-0.001362570,0.001540813,0.571879255,-0.018188691,-1.085402812,450.000000000,10.301146842,-0.065306914,0.002024394,9.489526636,-114.601030956,115.143732362,-110.398969044,109.856267638,-5.150573421,-5.150573421
1786168218.454882622,47.001157972,0.000000000,NONE,0,0.050802978,-1.284198252,61.832504092,-0.096042503,-1.327223074,58.594180681,-0.084093005,0.043024823,3.238323411,-0.011949498,-0.155669117,2.995949629,-0.019344889,-0.158669644,2.423979646,-0.001177069,0.003000527,0.571969983,-0.018167820,-0.978596822,450.000000000,10.302581642,-0.065203790,0.002005547,9.488090220,-114.627373350,115.116671761,-110.372626650,109.883328239,-5.151290821,-5.151290821
1786168218.504037857,47.050313323,0.000000000,NONE,0,0.049192800,-1.284198252,61.832504092,-0.096042503,-1.327230822,58.715637991,-0.084091198,0.043032571,3.116866101,-0.011951305,-0.153828377,2.996046808,-0.019019154,-0.158030500,2.423983193,-0.000892978,0.004202123,0.572063616,-0.018126176,-0.883527022,450.000000000,10.305486673,-0.065108947,0.001820158,9.488762467,-114.651308861,115.093072372,-110.348691139,109.906927628,-5.152743337,-5.152743337
1786168218.554148912,47.100424314,0.000000000,NONE,0,0.049996219,-1.284198252,61.832504092,-0.096042503,-1.327208215,58.837092822,-0.084088297,0.043009964,2.995411271,-0.011954205,-0.151920423,2.996146805,-0.018602091,-0.157096133,2.423988114,-0.000533328,0.005175710,0.572158691,-0.018068763,-0.802106875,450.000000000,10.309355669,-0.065023361,0.001643116,9.490187852,-114.672020244,115.073073682,-110.327979756,109.926926318,-5.154677834,-5.154677834
1786168218.603987455,47.150262805,0.000000000,NONE,0,0.049952108,-1.284198252,61.832504092,-0.096042503,-1.327142330,58.958544478,-0.084084602,0.042944078,2.873959615,-0.011957901,-0.149941885,2.996249401,-0.018129756,-0.155950010,2.423994385,-0.000129687,0.006008125,0.572255016,-0.018000068,-0.726329760,450.000000000,10.313941615,-0.064945471,0.001506532,9.491810866,-114.691370277,115.054535156,-110.308629723,109.945464844,-5.156970808,-5.156970808
1786168218.654153109,47.200428640,0.000000000,NONE,0,0.050097876,-1.284198252,61.832504092,-0.096042503,-1.327022891,59.079992408,-0.084080488,0.042824639,2.752511684,-0.011962015,-0.147884298,2.996354605,-0.017642835,-0.154624909,2.424001563,0.000283636,0.006740611,0.572353041,-0.017926471,-0.655021584,450.000000000,10.318738219,-0.064872931,0.001418767,9.493385264,-114.709590920,115.037101712,-110.290409080,109.962898288,-5.159369110,-5.159369110
1786168218.704224825,47.250500176,0.000000000,TARGET_UPDATED,0,0.050154060,-1.284198252,62.832504092,-0.096042503,-1.326882454,59.177147710,-0.084077129,0.042684203,3.655356383,-0.011965374,-0.159347391,2.995769065,-0.017269974,-0.153429783,2.424007549,0.000599822,-0.005917609,0.571761516,-0.017869796,-1.849677037,450.000000000,10.321918313,-0.064817015,0.001387419,9.495727125,-114.411512522,115.336351040,-110.588487478,109.663648960,-5.160959156,-5.160959156
1786168218.754036665,47.300311881,0.000000000,NONE,0,0.049795943,-1.284198252,62.832504092,-0.096042503,-1.326695870,59.322881983,-0.084072670,0.042497619,3.509622109,-0.011969833,-0.157809647,2.995853301,-0.016777564,-0.155398959,2.424015489,0.001001510,-0.002410688,0.571837812,-0.017779074,-1.293243583,450.000000000,10.328518032,-0.064733309,0.001410665,9.495245083,-114.550500375,115.197122167,-110.449499625,109.802877833,-5.164259016,-5.164259016
1786168218.804024458,47.350299991,0.000000000,NONE,0,0.050009302,-1.284198252,62.832504092,-0.096042503,-1.326651580,59.420043217,-0.084070297,0.042453329,3.412460876,-0.011972205,-0.156647968,2.995915616,-0.016538919,-0.156153537,2.424021067,0.001202515,-0.000494431,0.571894549,-0.017741434,-1.192962030,450.000000000,10.329639967,-0.064676297,0.001430355,9.496956079,-114.575998512,115.172479527,-110.424001488,109.827520473,-5.164819983,-5.164819983
1786168218.854033470,47.400308806,0.000000000,NONE,0,0.049988922,-1.284198252,62.832504092,-0.096042503,-1.326627737,59.541496545,-0.084068036,0.042429486,3.291007547,-0.011974467,-0.155078248,2.995998303,-0.016356224,-0.156550398,2.424026004,0.001348648,0.001472150,0.571972300,-0.017704872,-1.050565287,450.000000000,10.331735544,-0.064603186,0.001489262,9.496977039,-114.611602938,115.136885581,-110.388397062,109.863114419,-5.165867772,-5.165867772
1786168218.904083967,47.450358755,0.000000000,NONE,0,0.050043089,-1.284198252,62.832504092,-0.096042503,-1.326619309,59.662950476,-0.084066990,0.042421057,3.169553617,-0.011975513,-0.153378515,2.996086046,-0.016312993,-0.156475477,2.424028974,0.001375210,0.003096962,0.572057072,-0.017688203,-0.934860066,450.000000000,10.332061519,-0.064526462,0.001562650,9.496563393,-114.640425832,115.107855865,-110.359574168,109.892144135,-5.166030759,-5.166030759
1786168218.954042912,47.500318300,0.000000000,NONE,0,0.049974406,-1.284198252,62.832504092,-0.096042503,-1.326603307,59.784403432,-0.084067172,0.042405055,3.048100660,-0.011975331,-0.151560163,2.996178046,-0.016410373,-0.155974810,2.424030256,0.001285154,0.004414646,0.572147791,-0.017695527,-0.835338452,450.000000000,10.330626995,-0.064447055,0.001608315,9.496195661,-114.665214302,115.082883528,-110.334785698,109.917116472,-5.165313497,-5.165313497
1786168219.004013777,47.550289175,0.000000000,NONE,0,0.049953008,-1.284198252,62.832504092,-0.096042503,-1.326561780,59.905854024,-0.084068546,0.042363528,2.926650069,-0.011973956,-0.149628238,2.996273895,-0.016635187,-0.155138904,2.424027741,0.001089039,0.005510667,0.572246154,-0.017724225,-0.746107891,450.000000000,10.327747474,-0.064365034,0.001659260,9.495554940,-114.687361762,115.060415708,-110.312638238,109.939584292,-5.163873737,-5.163873737
1786168219.054049015,47.600324437,0.000000000,NONE,0,0.050039807,-1.284198252,62.832504092,-0.096042503,-1.326480048,60.027301193,-0.084071030,0.042281796,2.805202900,-0.011971473,-0.147586617,2.996373279,-0.016965402,-0.154023528,2.424023381,0.000805606,0.006436912,0.572349898,-0.017771009,-0.664856080,450.000000000,10.323667616,-0.064280972,0.001692375,9.494932078,-114.707518999,115.039947040,-110.292481001,109.960052960,-5.161833808,-5.161833808
1786168219.104086637,47.650361989,0.000000000,TARGET_UPDATED,0,0.050064231,-1.284198252,63.832504092,-0.096042503,-1.326345512,60.148744032,-0.084074472,0.042147261,3.683760061,-0.011968031,-0.158209295,2.995828906,-0.017356799,-0.152667803,2.424017240,0.000461655,-0.005541492,0.571811666,-0.017818454,-1.796430990,450.000000000,10.319887613,-0.064195872,0.001705407,9.494421586,-114.424497649,115.322713144,-110.575502351,109.677286856,-5.159943807,-5.159943807
1786168219.154083490,47.700358929,0.000000000,NONE,0,0.049944165,-1.284198252,63.832504092,-0.096042503,-1.326237302,60.245897516,-0.084077747,0.042039050,3.586606576,-0.011964756,-0.157166364,2.995881746,-0.017702986,-0.153753317,2.424010647,0.000169636,-0.003413046,0.571871099,-0.017872622,-1.371241666,450.000000000,10.315512710,-0.064127691,0.001701838,9.495408382,-114.531041679,115.216662512,-110.468958321,109.783337488,-5.157756355,-5.157756355
1786168219.204088211,47.750363541,0.000000000,NONE,0,0.050007113,-1.284198252,63.832504092,-0.096042503,-1.326198403,60.367344639,-0.084082219,0.042000152,3.465159453,-0.011960284,-0.155711241,2.995954996,-0.018152974,-0.155197098,2.424003429,-0.000205495,-0.000514143,0.571951567,-0.017947479,-1.160248400,450.000000000,10.309411535,-0.064042392,0.001713494,9.494873066,-114.583656166,115.163780367,-110.416343834,109.836219633,-5.154705768,-5.154705768
1786168219.254112720,47.800388284,0.000000000,NONE,0,0.050006852,-1.284198252,63.832504092,-0.096042503,-1.326206663,60.488793751,-0.084086659,0.042008412,3.343710341,-0.011955844,-0.154123370,2.996034436,-0.018581304,-0.155597405,2.423996038,-0.000562854,0.001474036,0.572038398,-0.018018450,-1.035663143,450.000000000,10.304070819,-0.063956329,0.001722651,9.494293001,-114.614657465,115.132489036,-110.385342535,109.867510964,-5.152035409,-5.152035409
1786168219.304134846,47.850410379,0.000000000,NONE,0,0.050007072,-1.284198252,63.832504092,-0.096042503,-1.326226756,60.610242598,-0.084090823,0.042028505,3.222261495,-0.011951679,-0.152423935,2.996119050,-0.018946680,-0.155434714,2.423989209,-0.000868403,0.003010779,0.572129841,-0.018078277,-0.927558949,450.000000000,10.299653702,-0.063870292,0.001714598,9.493878473,-114.641579881,115.105359355,-110.358420119,109.894640645,-5.149826851,-5.149826851
1786168219.354032993,47.900308321,0.000000000,NONE,0,0.049960298,-1.284198252,63.832504092,-0.096042503,-1.326237379,60.731689868,-0.084094335,0.042039128,3.100814224,-0.011948168,-0.150623173,2.996208370,-0.019216384,-0.154886181,2.423983601,-0.001090894,0.004263008,0.572224769,-0.018125491,-0.831951830,450.000000000,10.296147331,-0.063785022,0.001694086,9.493635400,-114.665420893,115.081396808,-110.334579107,109.918603192,-5.148073665,-5.148073665
1786168219.404021025,47.950296425,0.000000000,NONE,0,0.049960437,-1.284198252,63.832504092,-0.096042503,-1.326220590,60.853134504,-0.084096872,0.042022338,2.979369588,-0.011945630,-0.148728423,2.996302028,-0.019367049,-0.154004420,2.423979710,-0.001211947,0.005275997,0.572322318,-0.018155101,-0.748771657,450.000000000,10.293973425,-0.063701019,0.001666039,9.493560744,-114.686197272,115.060583100,-110.313802728,109.939416900,-5.146986712,-5.146986712
1786168219.454264641,48.000539944,0.000000000,NONE,0,0.050232839,-1.284198252,63.832504092,-0.096042503,-1.326161260,60.974575652,-0.084098237,0.041963008,2.857928440,-0.011944265,-0.146744150,2.996399729,-0.019385923,-0.152847414,2.423977878,-0.001221482,0.006103264,0.572421851,-0.018164441,-0.674820604,450.000000000,10.293270159,-0.063618519,0.001635866,9.493653887,-114.704708321,115.042118623,-110.295291679,109.957881377,-5.146635080,-5.146635080
1786168219.504605293,48.050880522,0.000000000,TARGET_UPDATED,0,0.050390243,-1.284198252,64.832504092,-0.096042503,-1.326047371,61.096012673,-0.084098315,0.041849120,3.736491419,-0.011944187,-0.156932030,2.995884122,-0.019278464,-0.151473366,2.423978287,-0.001118723,-0.005458664,0.571905835,-0.018159741,-1.762178408,450.000000000,10.293420867,-0.063537475,0.001608964,9.493842734,-114.432916082,115.314005285,-110.567083918,109.685994715,-5.146710433,-5.146710433
1786168219.554174185,48.100449402,0.000000000,NONE,0,0.049506019,-1.284198252,64.832504092,-0.096042503,-1.325963700,61.217451050,-0.084097121,0.041765449,3.615053042,-0.011945382,-0.155632487,2.995953440,-0.019041368,-0.153408923,2.423980339,-0.000914673,-0.002223564,0.571973101,-0.018126694,-1.253955089,450.000000000,10.295859670,-0.063457644,0.001586972,9.493959240,-114.560001038,115.186978582,-110.439998962,109.813021418,-5.147929835,-5.147929835
1786168219.604025126,48.150300392,0.000000000,NONE,0,0.049894318,-1.284198252,64.832504092,-0.096042503,-1.325965682,61.338894483,-0.084094775,0.041767431,3.493609610,-0.011947728,-0.154188491,2.996030132,-0.018722789,-0.154181053,2.423985571,-0.000644023,-0.000007438,0.572044561,-0.018078767,-1.120576965,450.000000000,10.299056642,-0.063378767,0.001570171,9.494141623,-114.593391165,115.153679647,-110.406608835,109.846320353,-5.149528321,-5.149528321
1786168219.654101610,48.200376931,0.000000000,NONE,0,0.050037884,-1.284198252,64.832504092,-0.096042503,-1.325991969,61.460339140,-0.084091521,0.041793717,3.372164952,-0.011950981,-0.152638670,2.996111863,-0.018343874,-0.154278961,2.423991923,-0.000326979,0.001640291,0.572119940,-0.018016895,-1.010474289,450.000000000,10.303212838,-0.063300572,0.001559584,9.494326689,-114.620963100,115.126200245,-110.379036900,109.873799755,-5.151606419,-5.151606419
1786168219.704063892,48.250339443,0.000000000,NONE,0,0.050012764,-1.284198252,64.832504092,-0.096042503,-1.326019853,61.581783641,-0.084087700,0.041821602,3.250720452,-0.011954803,-0.150991216,2.996197836,-0.017937192,-0.153966654,2.423999142,0.000010251,0.002975438,0.572198694,-0.017947443,-0.912662113,450.000000000,10.307777826,-0.063222736,0.001555166,9.494467896,-114.645451446,115.101782502,-110.354548554,109.898217498,-5.153888913,-5.153888913
1786168219.754057646,48.300333144,0.000000000,NONE,0,0.049991200,-1.284198252,64.832504092,-0.096042503,-1.326031824,61.703226906,-0.084083727,0.041833573,3.129277186,-0.011958776,-0.149250760,2.996287439,-0.017537763,-0.153330168,2.424006598,0.000338025,0.004079409,0.572280840,-0.017875788,-0.826006488,450.000000000,10.312391556,-0.063144989,0.001555131,9.494561885,-114.667138849,115.080142093,-110.332861151,109.919857907,-5.156195778,-5.156195778
1786168219.804129839,48.350405278,0.000000000,NONE,0,0.049997438,-1.284198252,64.832504092,-0.096042503,-1.326019624,61.800379976,-0.084080686,0.041821372,3.032124116,-0.011961817,-0.147793730,2.996361379,-0.017246491,-0.152600971,2.424012304,0.000576955,0.004807240,0.572349075,-0.017823446,-0.769095816,450.000000000,10.315223458,-0.063082719,0.001557451,9.495865079,-114.681692316,115.066240224,-110.318307684,109.933759776,-5.157611729,-5.157611729
1786168219.854124784,48.400400218,0.000000000,NONE,0,0.050041478,-1.284198252,64.832504092,-0.096042503,-1.325968091,61.921818787,-0.084077470,0.041769839,2.910685305,-0.011965032,-0.145889299,2.996456468,-0.016942918,-0.151551967,2.424018606,0.000818169,0.005662667,0.572437862,-0.017761087,-0.688410600,450.000000000,10.319343401,-0.063004072,0.001588315,9.495570267,-114.701789917,115.045995217,-110.298210083,109.954004783,-5.159671701,-5.159671701
1786168219.904073000,48.450348284,0.000000000,NONE,0,0.049954362,-1.284198252,64.832504092,-0.096042503,-1.325867066,62.043254154,-0.084075193,0.041668815,2.789249938,-0.011967310,-0.143888188,2.996554444,-0.016729950,-0.150276660,2.424023578,0.000987926,0.006388472,0.572530866,-0.017717876,-0.619605193,450.000000000,10.321544539,-0.062923507,0.001622694,9.495067923,-114.718865682,115.028668279,-110.281134318,109.971331721,-5.160772270,-5.160772270
1786168219.954283953,48.500559380,0.000000000,TARGET_UPDATED,0,0.050135326,-1.284198252,65.832504092,-0.096042503,-1.325706902,62.164685379,-0.084073901,0.041508651,3.667818713,-0.011968601,-0.154498550,2.996026690,-0.016630593,-0.148829284,2.424026655,0.001071308,-0.005669266,0.572000035,-0.017701900,-1.749275944,450.000000000,10.321672754,-0.062841608,0.001642154,9.494622537,-114.436336648,115.310974620,-110.563663352,109.689025380,-5.160836377,-5.160836377
1786168220.004194736,48.550470096,0.000000000,NONE,0,0.049972946,-1.284198252,65.832504092,-0.096042503,-1.325566637,62.286117294,-0.084073718,0.041368385,3.546386799,-0.011968784,-0.153214374,2.996092632,-0.016631687,-0.150612725,2.424026925,0.001062054,-0.002601648,0.572065707,-0.017693742,-1.244543829,450.000000000,10.321646323,-0.062759223,0.001645110,9.494274738,-114.562432727,115.184704642,-110.437567273,109.815295358,-5.160823162,-5.160823162
1786168220.054118395,48.600393799,0.000000000,NONE,0,0.049917501,-1.284198252,65.832504092,-0.096042503,-1.325524584,62.407554765,-0.084074675,0.041326332,3.424949327,-0.011967827,-0.151770144,2.996165406,-0.016761559,-0.151663144,2.424026232,0.000949500,-0.000107000,0.572139174,-0.017711059,-1.085265585,450.000000000,10.319481887,-0.062677088,0.001636484,9.494047546,-114.602195490,115.144828283,-110.397804510,109.855171717,-5.159740944,-5.159740944
1786168220.104129791,48.650405072,0.000000000,NONE,0,0.050000637,-1.284198252,65.832504092,-0.096042503,-1.325514928,62.528993530,-0.084076649,0.041316676,3.303510562,-0.011965854,-0.150209779,2.996242681,-0.016999267,-0.151877393,2.424023008,0.000748543,0.001667614,0.572219674,-0.017747811,-0.970752393,450.000000000,10.316077492,-0.062595646,0.001619760,9.493959038,-114.630801661,115.116177858,-110.369198339,109.883822142,-5.158038746,-5.158038746
1786168220.154054403,48.700329760,0.000000000,NONE,0,0.049965594,-1.284198252,65.832504092,-0.096042503,-1.325512380,62.650431899,-0.084079531,0.041314129,3.182072193,-0.011962972,-0.148544676,2.996323842,-0.017318190,-0.151666657,2.424017862,0.000481301,0.003121981,0.572305980,-0.017799491,-0.866066068,450.000000000,10.311715893,-0.062515222,0.001599026,9.493979692,-114.656978406,115.090011440,-110.343021594,109.909988560,-5.155857946,-5.155857946
1786168220.204104662,48.750379792,0.000000000,NONE,0,0.050021846,-1.284198252,65.832504092,-0.096042503,-1.325498160,62.771868628,-0.084083159,0.041299908,3.060635465,-0.011959343,-0.146780667,2.996408591,-0.017686206,-0.151103242,2.424011347,0.000174520,0.004322576,0.572397244,-0.017860725,-0.774176364,450.000000000,10.306792933,-0.062435881,0.001578040,9.494088611,-114.679978062,115.067066244,-110.320021938,109.932933756,-5.153396467,-5.153396467
1786168220.254316330,48.800591790,0.000000000,NONE,0,0.050173463,-1.284198252,65.832504092,-0.096042503,-1.325467050,62.869016095,-0.084086480,0.041268799,2.963487998,-0.011956023,-0.145301126,2.996478850,-0.017991994,-0.150412532,2.424005576,-0.000080948,0.005111407,0.572473275,-0.017911045,-0.714382394,450.000000000,10.303042419,-0.062373126,0.001563649,9.495471073,-114.695272170,115.052463367,-110.304727830,109.947536633,-5.151521209,-5.151521209
1786168220.304182291,48.850457749,0.000000000,NONE,0,0.049868918,-1.284198252,65.832504092,-0.096042503,-1.325393284,62.990447362,-0.084090793,0.041195033,2.842056730,-0.011951709,-0.143365114,2.996569843,-0.018358113,-0.149391272,2.423997789,-0.000378250,0.006026158,0.572572054,-0.017979863,-0.630065987,450.000000000,10.297399800,-0.062295103,0.001568844,9.495390453,-114.716331116,115.031364110,-110.283668884,109.968635890,-5.148699900,-5.148699900
1786168220.354162931,48.900438432,0.000000000,TARGET_UPDATED,0,0.050051959,-1.284198252,66.832504092,-0.096042503,-1.325271218,63.111874696,-0.084094858,0.041072966,3.720629396,-0.011947645,-0.153482586,2.996066754,-0.018662351,-0.148136830,2.423991343,-0.000632449,-0.005345756,0.572075410,-0.018029902,-1.701332320,450.000000000,10.293826156,-0.062215986,0.001592167,9.495055947,-114.448430907,115.299097067,-110.551569093,109.700902933,-5.146913078,-5.146913078
1786168220.404066086,48.950341343,0.000000000,NONE,0,0.049875824,-1.284198252,66.832504092,-0.096042503,-1.325189680,63.209017345,-0.084097778,0.040991428,3.623486747,-0.011944725,-0.152454662,2.996118033,-0.018850283,-0.149615739,2.423994932,-0.000780283,-0.002838923,0.572123100,-0.018070000,-1.258527466,450.000000000,10.290764392,-0.062145973,0.001762042,9.493955284,-114.558856954,115.188120688,-110.441143046,109.811879312,-5.145382196,-5.145382196
1786168220.454084158,49.000359399,0.000000000,NONE,0,0.050026513,-1.284198252,66.832504092,-0.096042503,-1.325179358,63.330450216,-0.084100647,0.040981107,3.502053877,-0.011941856,-0.151024424,2.996189366,-0.019020368,-0.150868428,2.423985212,-0.000905037,-0.000155996,0.572204154,-0.018115330,-1.073481210,450.000000000,10.287035992,-0.062058076,0.001749660,9.493256481,-114.604943818,115.141684423,-110.395056182,109.858315577,-5.143517996,-5.143517996
1786168220.504028082,49.050303641,0.000000000,NONE,0,0.049964888,-1.284198252,66.832504092,-0.096042503,-1.325208981,63.451884612,-0.084102369,0.041010730,3.380619481,-0.011940134,-0.149477648,2.996266465,-0.019091326,-0.151166545,2.423981134,-0.000951209,0.001688897,0.572285331,-0.018140117,-0.957278380,450.000000000,10.285257794,-0.061971531,0.001713822,9.492884014,-114.633901408,115.112540598,-110.366098592,109.887459402,-5.142628897,-5.142628897
1786168220.554113388,49.100388687,0.000000000,NONE,0,0.050042811,-1.284198252,66.832504092,-0.096042503,-1.325248344,63.573318853,-0.084102998,0.041050092,3.259185239,-0.011939505,-0.147831723,2.996348357,-0.019053799,-0.150985280,2.423979996,-0.000911880,0.003153557,0.572368361,-0.018141919,-0.853631539,450.000000000,10.285137778,-0.061887176,0.001665448,9.492813368,-114.659795457,115.086611227,-110.340204543,109.913388773,-5.142568889,-5.142568889
1786168220.604038715,49.150314131,0.000000000,NONE,0,0.049967931,-1.284198252,66.832504092,-0.096042503,-1.325277218,63.694751828,-0.084102576,0.041078966,3.137752264,-0.011939926,-0.146095249,2.996434438,-0.018910305,-0.150431084,2.423981136,-0.000787592,0.004335835,0.572453302,-0.018122713,-0.763845819,450.000000000,10.286449815,-0.061805369,0.001613910,9.492960809,-114.682278748,115.064201657,-110.317721252,109.935798343,-5.143224908,-5.143224908
1786168220.654220581,49.200495915,0.000000000,NONE,0,0.050048878,-1.284198252,66.832504092,-0.096042503,-1.325278933,63.816182631,-0.084101164,0.041080681,3.016321461,-0.011941338,-0.144273191,2.996524216,-0.018673719,-0.149575924,2.423984251,-0.000587953,0.005302732,0.572539965,-0.018085767,-0.684802150,450.000000000,10.288937303,-0.061726055,0.001566455,9.493268825,-114.702116669,115.044517744,-110.297883331,109.955482256,-5.144468652,-5.144468652
1786168220.703972101,49.250247435,0.000000000,NONE,0,0.049890587,-1.284198252,66.832504092,-0.096042503,-1.325240070,63.937610545,-0.084098886,0.041041818,2.894893547,-0.011943616,-0.142367071,2.996617306,-0.018365787,-0.148478583,2.423989008,-0.000330923,0.006111513,0.572628298,-0.018034865,-0.613166621,450.000000000,10.292332622,-0.061648887,0.001527988,9.493631491,-114.720116217,115.026699528,-110.279883783,109.973300472,-5.146166311,-5.146166311
1786168220.754216194,49.300491540,0.000000000,NONE,0,0.050141841,-1.284198252,66.832504092,-0.096042503,-1.325148855,64.059034935,-0.084095902,0.040950603,2.773469157,-0.011946600,-0.140376389,2.996713376,-0.018014821,-0.147162783,2.423994956,-0.000039118,0.006786393,0.572718420,-0.017975703,-0.548404860,450.000000000,10.296182847,-0.061573320,0.001501161,9.494029180,-114.736406080,115.010608510,-110.263593920,109.989391490,-5.148091424,-5.148091424
1786168220.804024935,49.350300230,0.000000000,TARGET_UPDATED,0,0.049924327,-1.284198252,67.832504092,-0.096042503,-1.324995755,64.180455278,-0.084092476,0.040797503,3.652048815,-0.011950027,-0.150917916,2.996203165,-0.017654551,-0.145674105,2.424001546,0.000259713,-0.005243811,0.572201619,-0.017914264,-1.671261029,450.000000000,10.300087180,-0.061498753,0.001486489,9.494351145,-114.455772529,115.291403044,-110.544227471,109.708596956,-5.150043590,-5.150043590
1786168220.854094267,49.400369719,0.000000000,NONE,0,0.049996598,-1.284198252,67.832504092,-0.096042503,-1.324854807,64.301876123,-0.084088950,0.040656555,3.530627969,-0.011953552,-0.149662117,2.996268192,-0.017310950,-0.147297432,2.424007554,0.000539964,-0.002364685,0.572260638,-0.017850915,-1.182010555,450.000000000,10.304111829,-0.061424665,0.001480338,9.494627661,-114.578154277,115.169159554,-110.421845723,109.830840446,-5.152055914,-5.152055914
1786168220.904136658,49.450412018,0.000000000,NONE,0,0.050023006,-1.284198252,67.832504092,-0.096042503,-1.324803868,64.423302310,-0.084085643,0.040605617,3.409201782,-0.011956860,-0.148253192,2.996339841,-0.017035925,-0.148220147,2.424014295,0.000759815,-0.000033046,0.572325546,-0.017795740,-1.033064727,450.000000000,10.307364858,-0.061350644,0.001483022,9.494816991,-114.615438066,115.131970429,-110.384561934,109.868029571,-5.153682429,-5.153682429
1786168220.954158545,49.500434083,0.000000000,NONE,0,0.050042906,-1.284198252,67.832504092,-0.096042503,-1.324781300,64.544729983,-0.084082925,0.040583049,3.287774110,-0.011959578,-0.146730143,2.996415904,-0.016846914,-0.148383317,2.424019574,0.000902620,0.001653174,0.572396330,-0.017749534,-0.923333761,450.000000000,10.309975480,-0.061276319,0.001491408,9.494920049,-114.642896572,115.104563452,-110.357103428,109.895436548,-5.154987740,-5.154987740
1786168221.004162073,49.550437240,0.000000000,NONE,0,0.049972123,-1.284198252,67.832504092,-0.096042503,-1.324762613,64.666157557,-0.084081105,0.040564361,3.166346535,-0.011961397,-0.145102878,2.996495660,-0.016758000,-0.148121791,2.424023222,0.000959856,0.003018913,0.572472439,-0.017717857,-0.825025174,450.000000000,10.311460803,-0.061201473,0.001502711,9.494936072,-114.667477725,115.079990312,-110.332522275,109.920009688,-5.155730401,-5.155730401
1786168221.054162264,49.600437577,0.000000000,NONE,0,0.049994235,-1.284198252,67.832504092,-0.096042503,-1.324736980,64.763298658,-0.084080398,0.040538729,3.069205435,-0.011962104,-0.143731019,2.996561752,-0.016763625,-0.147621386,2.424024780,0.000942485,0.003890367,0.572536972,-0.017706109,-0.763637328,450.000000000,10.311441601,-0.061141162,0.001512041,9.496131291,-114.683123491,115.064942155,-110.316876509,109.935057845,-5.155720800,-5.155720800
1786168221.104169369,49.650444944,0.000000000,NONE,0,0.049993617,-1.284198252,67.832504092,-0.096042503,-1.324680104,64.884723041,-0.084080553,0.040481853,2.947781051,-0.011961949,-0.141928773,2.996647086,-0.016864605,-0.146818654,2.424024885,0.000842360,0.004889881,0.572622201,-0.017706965,-0.676422982,450.000000000,10.310686979,-0.061064649,0.000000000,9.511236312,-114.708703333,115.046914824,-110.291296667,109.953085176,-5.155343490,-5.155343490
1786168221.154139996,49.700415345,0.000000000,NONE,0,0.050032136,-1.284198252,67.832504092,-0.096042503,-1.324585154,65.006144467,-0.084081863,0.040386903,2.826359625,-0.011960640,-0.140001236,2.996736639,-0.017060066,-0.145743275,2.424023774,0.000667539,0.005742039,0.572712865,-0.017727605,-0.602186476,450.000000000,10.308403321,-0.060977509,0.001939510,9.490971721,-114.722196311,115.023289549,-110.277803689,109.976710451,-5.154201661,-5.154201661
1786168221.204119205,49.750394666,0.000000000,TARGET_UPDATED,0,0.050035937,-1.284198252,68.832504092,-0.096042503,-1.324440353,65.127562057,-0.084084156,0.040242102,3.704942036,-0.011958346,-0.149969659,2.996252685,-0.017340805,-0.144419660,2.424021135,0.000434474,-0.005549999,0.572231550,-0.017775279,-1.660450055,450.000000000,10.304081162,-0.060876507,0.001981472,9.488563981,-114.457028482,115.287253509,-110.542971518,109.712746491,-5.152040581,-5.152040581
1786168221.254070282,49.800345130,0.000000000,NONE,0,0.049900219,-1.284198252,68.832504092,-0.096042503,-1.324307685,65.248979410,-0.084087253,0.040109433,3.583524682,-0.011955249,-0.148697614,2.996314211,-0.017656587,-0.145887435,2.424014898,0.000164577,-0.002810179,0.572299313,-0.017821164,-1.197422718,450.000000000,10.300457794,-0.060782134,0.001812882,9.488766120,-114.572835850,115.171547210,-110.427164150,109.828452790,-5.150228897,-5.150228897
1786168221.304072142,49.850347572,0.000000000,NONE,0,0.050022499,-1.284198252,68.832504092,-0.096042503,-1.324272420,65.370401727,-0.084090918,0.040074169,3.462102365,-0.011951585,-0.147298789,2.996381186,-0.018006898,-0.147002360,2.424008335,-0.000128554,-0.000296430,0.572372850,-0.017878344,-1.031506967,450.000000000,10.295784519,-0.060696976,0.001630884,9.489845884,-114.614584729,115.130338213,-110.385415271,109.869661787,-5.147892259,-5.147892259
1786168221.354057312,49.900332576,0.000000000,NONE,0,0.050004505,-1.284198252,68.832504092,-0.096042503,-1.324272172,65.491825217,-0.084094789,0.040073921,3.340678875,-0.011947714,-0.145810576,2.996451832,-0.018354249,-0.147261328,2.424000923,-0.000414908,0.001450752,0.572450909,-0.017939341,-0.921142642,450.000000000,10.290989457,-0.060620238,0.001475905,9.491319160,-114.642544130,115.103115450,-110.357455870,109.896884550,-5.145494729,-5.145494729
1786168221.404016733,49.950292051,0.000000000,NONE,0,0.049949857,-1.284198252,68.832504092,-0.096042503,-1.324279589,65.613248268,-0.084098606,0.040081337,3.219255825,-0.011943897,-0.144239788,2.996525908,-0.018663923,-0.147085386,2.423993747,-0.000667161,0.002845597,0.572532162,-0.017996762,-0.822662021,450.000000000,10.286590767,-0.060549960,0.001365355,9.492851351,-114.667547333,115.078878343,-110.332452667,109.921121657,-5.143295383,-5.143295383
1786168221.454478025,50.000753299,0.000000000,NONE,0,0.050011583,-1.284198252,68.832504092,-0.096042503,-1.324276308,65.734669839,-0.084102085,0.040078056,3.097834254,-0.011940417,-0.142585174,2.996603545,-0.018906445,-0.146579669,2.423987526,-0.000859824,0.003994495,0.572616019,-0.018046621,-0.735940819,450.000000000,10.282802031,-0.060483779,0.001302883,9.494231395,-114.689572644,115.057543053,-110.310427356,109.942456947,-5.141401015,-5.141401015
1786168221.504103661,50.050378937,0.000000000,NONE,0,0.050053526,-1.284198252,68.832504092,-0.096042503,-1.324247446,65.856089117,-0.084104924,0.040049194,2.976414976,-0.011937579,-0.140843092,2.996684938,-0.019058886,-0.145804390,2.423982781,-0.000973603,0.004961298,0.572702158,-0.018085283,-0.657911549,450.000000000,10.279867568,-0.060419410,0.001284240,9.495316716,-114.709351292,115.038307066,-110.290648708,109.961692934,-5.139933784,-5.139933784
1786168221.554080725,50.100356105,0.000000000,NONE,0,0.050003111,-1.284198252,68.832504092,-0.096042503,-1.324180235,65.977505423,-0.084106906,0.039981983,2.854998669,-0.011935597,-0.139008953,2.996770259,-0.019106454,-0.144790320,2.423979875,-0.000997889,0.005781367,0.572790384,-0.018108565,-0.586991834,450.000000000,10.278091903,-0.060354824,0.001302608,9.496002000,-114.727252542,115.020748459,-110.272747458,109.979251541,-5.139045951,-5.139045951
1786168221.604060173,50.150335646,0.000000000,TARGET_UPDATED,0,0.050013670,-1.284198252,69.832504092,-0.096042503,-1.324064242,66.098918223,-0.084107871,0.039865990,3.733585870,-0.011934632,-0.148780649,2.996301444,-0.019038302,-0.143578667,2.423978991,-0.000928472,-0.005201982,0.572322452,-0.018109830,-1.616283739,450.000000000,10.277990780,-0.060288561,0.001345074,9.496306784,-114.470005761,115.278147631,-110.529994239,109.721852369,-5.138995390,-5.138995390
1786168221.654246807,50.200522299,0.000000000,NONE,0,0.049975512,-1.284198252,69.832504092,-0.096042503,-1.323977490,66.220332280,-0.084107726,0.039779239,3.612171812,-0.011934776,-0.147574327,2.996362211,-0.018862805,-0.145446870,2.423979594,-0.000765740,-0.002127458,0.572382617,-0.018097066,-1.133683643,450.000000000,10.278712802,-0.060219827,0.001397361,9.496304218,-114.590655144,115.157496965,-110.409344856,109.842503035,-5.139356401,-5.139356401
1786168221.704101562,50.250376867,0.000000000,NONE,0,0.049991825,-1.284198252,69.832504092,-0.096042503,-1.323976692,66.341751154,-0.084106491,0.039778441,3.490752939,-0.011936011,-0.146214695,2.996430443,-0.018612273,-0.146290223,2.423983263,-0.000541978,0.000075527,0.572447180,-0.018070294,-0.999901131,450.000000000,10.280415210,-0.060148349,0.001452037,9.496053109,-114.624037994,115.123988560,-110.375962006,109.876011440,-5.140207605,-5.140207605
1786168221.754028320,50.300303643,0.000000000,NONE,0,0.049975467,-1.284198252,69.832504092,-0.096042503,-1.324003599,66.463171443,-0.084104313,0.039805347,3.369332649,-0.011938190,-0.144742115,2.996503868,-0.018301876,-0.146472134,2.423988786,-0.000273293,0.001730019,0.572515082,-0.018028583,-0.891110006,450.000000000,10.283183649,-0.060075304,0.001480133,9.495933139,-114.651205783,115.096760786,-110.348794217,109.903239214,-5.141591825,-5.141591825
1786168221.803998232,50.350273634,0.000000000,NONE,0,0.049969588,-1.284198252,69.832504092,-0.096042503,-1.324036007,66.584591746,-0.084101454,0.039837756,3.247912347,-0.011941048,-0.143162982,2.996581850,-0.017955491,-0.146247276,2.423994201,0.000020399,0.003084294,0.572587649,-0.017975889,-0.794092228,450.000000000,10.286642936,-0.059999934,0.001525319,9.495448009,-114.675338945,115.072385059,-110.324661055,109.927614941,-5.143321468,-5.143321468
1786168221.854063511,50.400338890,0.000000000,NONE,0,0.050027949,-1.284198252,69.832504092,-0.096042503,-1.324056564,66.706011082,-0.084098242,0.039858312,3.126493010,-0.011944261,-0.141483884,2.996663717,-0.017603325,-0.145693077,2.424000599,0.000313631,0.004209193,0.572663117,-0.017916956,-0.708309392,450.000000000,10.290443553,-0.059922666,0.001557484,9.494940523,-114.696657783,115.050812479,-110.303342217,109.949187521,-5.145221776,-5.145221776
1786168221.904400826,50.450676394,0.000000000,NONE,0,0.050228747,-1.284198252,69.832504092,-0.096042503,-1.324054149,66.803145249,-0.084095614,0.039855897,3.029358843,-0.011946888,-0.140072960,2.996731565,-0.017338655,-0.145026537,2.424005787,0.000532304,0.004953577,0.572725779,-0.017870959,-0.652236627,450.000000000,10.292952298,-0.059860002,0.001571134,9.495804336,-114.710891927,115.037010241,-110.289108073,109.962989759,-5.146476149,-5.146476149
1786168221.953966618,50.500241991,0.000000000,NONE,0,0.049712915,-1.284198252,69.832504092,-0.096042503,-1.324017949,66.924560738,-0.084092623,0.039819697,2.907943354,-0.011949879,-0.138225260,2.996819041,-0.017050242,-0.144040702,2.424011940,0.000761510,0.005815442,0.572807101,-0.017811752,-0.573333189,450.000000000,10.296929270,-0.059780591,0.001604308,9.495063430,-114.730432560,115.017099155,-110.269567440,109.982900845,-5.148464635,-5.148464635
1786168222.004050016,50.550325369,0.000000000,NONE,0,0.050073457,-1.284198252,69.832504092,-0.096042503,-1.323936279,67.045973215,-0.084090307,0.039738028,2.786530878,-0.011952195,-0.136281387,2.996909317,-0.016833173,-0.142842808,2.424017232,0.000930195,0.006561421,0.572892085,-0.017763368,-0.505394010,450.000000000,10.299646710,-0.059699556,0.001628534,9.494317117,-114.747230777,114.999927782,-110.252769223,110.000072218,-5.149823355,-5.149823355
1786168222.054085732,50.600361011,0.000000000,TARGET_UPDATED,0,0.050052486,-1.284198252,70.832504092,-0.096042503,-1.323798603,67.167381988,-0.084088684,0.039600352,3.665122104,-0.011953819,-0.146391169,2.996433250,-0.016700733,-0.141449639,2.424021089,0.001026124,-0.004941531,0.572412161,-0.017726857,-1.576737504,450.000000000,10.301522023,-0.059618010,0.001629405,9.493752736,-114.479253808,115.267622560,-110.520746192,109.732377440,-5.150761011,-5.150761011
1786168222.104035378,50.650310613,0.000000000,NONE,0,0.049938335,-1.284198252,70.832504092,-0.096042503,-1.323658528,67.288790151,-0.084087797,0.039460277,3.543713941,-0.011954705,-0.145156627,2.996493490,-0.016669593,-0.142637476,2.424022524,0.001043839,-0.002519151,0.572470966,-0.017713432,-1.135962296,450.000000000,10.301558911,-0.059537075,0.001609766,9.493420698,-114.589364601,115.157345749,-110.410635399,109.842654251,-5.150779455,-5.150779455
1786168222.154075146,50.700350456,0.000000000,NONE,0,0.050012717,-1.284198252,70.832504092,-0.096042503,-1.323613880,67.410203496,-0.084087706,0.039415628,3.422300596,-0.011954797,-0.143771191,2.996559803,-0.016755723,-0.143805783,2.424023318,0.000962978,0.000034592,0.572536486,-0.017718700,-0.961086822,450.000000000,10.300372822,-0.059457591,0.001576648,9.493340447,-114.633063406,115.113606817,-110.366936594,109.886393183,-5.150186411,-5.150186411
1786168222.204034805,50.750310143,0.000000000,NONE,0,0.049985951,-1.284198252,70.832504092,-0.096042503,-1.323604399,67.531618335,-0.084088495,0.039406148,3.300885758,-0.011954008,-0.142274577,2.996630149,-0.016947506,-0.144042434,2.424021834,0.000790726,0.001767857,0.572608314,-0.017738232,-0.853011411,450.000000000,10.298276914,-0.059379955,0.001538500,9.493447361,-114.660108987,115.086614693,-110.339891013,109.913385307,-5.149138457,-5.149138457
1786168222.254111767,50.800387061,0.000000000,NONE,0,0.050016044,-1.284198252,70.832504092,-0.096042503,-1.323601040,67.653032848,-0.084090211,0.039402789,3.179471244,-0.011952291,-0.140681476,2.996703768,-0.017224275,-0.143819568,2.424018459,0.000546247,0.003138091,0.572685309,-0.017770522,-0.756493973,450.000000000,10.295317357,-0.059304209,0.001501457,9.493690435,-114.684299115,115.062546102,-110.315700885,109.937453898,-5.147658679,-5.147658679
1786168222.304178476,50.850453818,0.000000000,NONE,0,0.050064654,-1.284198252,70.832504092,-0.096042503,-1.323585120,67.774445859,-0.084092780,0.039386869,3.058058234,-0.011949722,-0.138997776,2.996780366,-0.017559781,-0.143253675,2.424013586,0.000253766,0.004255899,0.572766780,-0.017813547,-0.671923836,450.000000000,10.291645832,-0.059230138,0.001470344,9.494006531,-114.705520674,115.041482592,-110.294479326,109.958517408,-5.145822916,-5.145822916
1786168222.354149580,50.900425009,0.000000000,NONE,0,0.049994428,-1.284198252,70.832504092,-0.096042503,-1.323540589,67.895856368,-0.084096040,0.039342337,2.936647725,-0.011946463,-0.137227069,2.996859791,-0.017923109,-0.142391006,2.424007686,-0.000059543,0.005163937,0.572852105,-0.017863566,-0.598144229,450.000000000,10.287556924,-0.059157329,0.001448502,9.494315368,-114.724042785,115.023114899,-110.275957215,109.976885101,-5.143778462,-5.143778462
1786168222.404011488,50.950286931,0.000000000,NONE,0,0.049924242,-1.284198252,70.832504092,-0.096042503,-1.323454023,68.017263560,-0.084099754,0.039255772,2.815240532,-0.011942749,-0.135370599,2.996942027,-0.018281280,-0.141283252,2.424001311,-0.000364644,0.005912653,0.572940716,-0.017916636,-0.532097754,450.000000000,10.283332206,-0.059085284,0.001436905,9.494567328,-114.740617393,115.006666270,-110.259382607,109.993333730,-5.141666103,-5.141666103
1786168222.454266071,51.000541604,0.000000000,TARGET_UPDATED,0,0.050164898,-1.284198252,71.832504092,-0.096042503,-1.323315417,68.138666850,-0.084103526,0.039117166,3.693837243,-0.011938976,-0.145205180,2.996479580,-0.018609065,-0.139994519,2.423995037,-0.000631629,-0.005210661,0.572484543,-0.017977436,-1.567991835,450.000000000,10.278476372,-0.059013569,0.001433536,9.494784580,-114.481698186,115.265694104,-110.518301814,109.734305896,-5.139238186,-5.139238186
1786168222.504010677,51.050286205,0.000000000,NONE,0,0.049826752,-1.284198252,71.832504092,-0.096042503,-1.323195685,68.260070422,-0.084107000,0.038997433,3.572433670,-0.011935502,-0.144012214,2.996535547,-0.018860626,-0.141644252,2.423988842,-0.000838188,-0.002367963,0.572546705,-0.018022438,-1.102243016,450.000000000,10.275186010,-0.058941829,0.001436193,9.494892604,-114.598162397,115.149283905,-110.401837603,109.850716095,-5.137593005,-5.137593005
1786168222.554010868,51.100286340,0.000000000,NONE,0,0.049963906,-1.284198252,71.832504092,-0.096042503,-1.323165762,68.381478567,-0.084109832,0.038967510,3.451025525,-0.011932671,-0.142671157,2.996598539,-0.019039669,-0.142601444,2.423984970,-0.000978900,-0.000069714,0.572613569,-0.018060769,-0.957062981,450.000000000,10.272187702,-0.058869807,0.000000000,9.509375447,-114.638078117,115.116609607,-110.361921883,109.883390393,-5.136093851,-5.136093851
1786168222.604050636,51.150325936,0.000000000,NONE,0,0.050040286,-1.284198252,71.832504092,-0.096042503,-1.323163492,68.502887658,-0.084111782,0.038965241,3.329616435,-0.011930721,-0.141193667,2.996667965,-0.019123962,-0.142738484,2.423983044,-0.001039490,0.001544817,0.572684921,-0.018084472,-0.853878505,450.000000000,10.270369482,-0.058787830,0.000000000,9.508700820,-114.663705579,115.090644831,-110.336294421,109.909355169,-5.135184741,-5.135184741
1786168222.654625893,51.200900941,0.000000000,NONE,0,0.050046789,-1.284198252,71.832504092,-0.096042503,-1.323164964,68.624296294,-0.084112753,0.038966713,3.208207799,-0.011929750,-0.139554289,2.996744877,-0.019103897,-0.142421559,2.423983868,-0.001012354,0.002867270,0.572761010,-0.018091543,-0.758343889,450.000000000,10.269754191,-0.058683926,0.002249794,9.483764480,-114.681355148,115.060527092,-110.318644852,109.939472908,-5.134877096,-5.134877096
1786168222.704020023,51.250295314,0.000000000,NONE,0,0.049949243,-1.284198252,71.832504092,-0.096042503,-1.323157139,68.721422165,-0.084112789,0.038958888,3.111081927,-0.011929713,-0.138166440,2.996809762,-0.019013220,-0.141899681,2.423984998,-0.000927999,0.003733240,0.572824764,-0.018085222,-0.696992936,450.000000000,10.270012851,-0.058597198,0.002069896,9.484479010,-114.696871519,115.045367986,-110.303128481,109.954632014,-5.135006426,-5.135006426
1786168222.754002333,51.300277929,0.000000000,NONE,0,0.049945284,-1.284198252,71.832504092,-0.096042503,-1.323125420,68.842827619,-0.084111961,0.038927169,2.989676474,-0.011930542,-0.136394456,2.996892204,-0.018813069,-0.141117950,2.423986104,-0.000751128,0.004723494,0.572906099,-0.018061941,-0.611760990,450.000000000,10.271530998,-0.058503222,0.001757501,9.485928785,-114.718541949,115.024422444,-110.281458051,109.975577556,-5.135765499,-5.135765499
1786168222.803996325,51.350271687,0.000000000,NONE,0,0.050050717,-1.284198252,71.832504092,-0.096042503,-1.323059313,68.964230531,-0.084110311,0.038861062,2.868273561,-0.011932192,-0.134576397,2.996976153,-0.018533210,-0.140131703,2.423988318,-0.000508958,0.005555306,0.572987835,-0.018024252,-0.541419570,450.000000000,10.274005104,-0.058423752,0.001485507,9.488139400,-114.736679957,115.007389742,-110.263320043,109.992610258,-5.137002552,-5.137002552
1786168222.854171276,51.400446763,0.000000000,TARGET_UPDATED,0,0.050146691,-1.284198252,72.832504092,-0.096042503,-1.322946960,69.085630374,-0.084107999,0.038748709,3.746873719,-0.011934504,-0.143985761,2.996540896,-0.018199759,-0.138961418,2.423991863,-0.000220934,-0.005024343,0.572549033,-0.017978826,-1.528955166,450.000000000,10.276886964,-0.058356002,0.001278320,9.490643976,-114.490422202,115.254899785,-110.509577798,109.745100215,-5.138443482,-5.138443482
1786168222.904063702,51.450339170,0.000000000,NONE,0,0.049859902,-1.284198252,72.832504092,-0.096042503,-1.322858467,69.207031346,-0.084105210,0.038660215,3.625472746,-0.011937292,-0.142845288,2.996597717,-0.017831603,-0.140678916,2.423995979,0.000090744,-0.002166373,0.572601739,-0.017922346,-1.073631787,450.000000000,10.280620601,-0.058296218,0.001148955,9.492968186,-114.604834100,115.141649993,-110.395165900,109.858350007,-5.140310300,-5.140310300
1786168222.953995943,51.500271477,0.000000000,NONE,0,0.049943613,-1.284198252,72.832504092,-0.096042503,-1.322855129,69.328437169,-0.084102198,0.038656877,3.504066924,-0.011940305,-0.141577033,2.996659986,-0.017483118,-0.141590923,2.424001876,0.000384669,0.000013890,0.572658110,-0.017867787,-0.939273286,450.000000000,10.283953263,-0.058240711,0.001091702,9.494917696,-114.638911102,115.108547745,-110.361088898,109.891452255,-5.141976631,-5.141976631
1786168223.004208565,51.550484146,0.000000000,NONE,0,0.050163696,-1.284198252,72.832504092,-0.096042503,-1.322873253,69.425562968,-0.084099796,0.038675001,3.406941124,-0.011942707,-0.140489533,2.996712630,-0.017234166,-0.141779636,2.424006463,0.000593058,0.001290103,0.572706167,-0.017827224,-0.866248511,450.000000000,10.286061715,-0.058197096,0.001094195,9.497242294,-114.657748446,115.090872701,-110.342251554,109.909127299,-5.143030857,-5.143030857
1786168223.054139376,51.600414692,0.000000000,NONE,0,0.049974149,-1.284198252,72.832504092,-0.096042503,-1.322904430,69.546970612,-0.084097149,0.038706179,3.285533481,-0.011945353,-0.139037237,2.996781837,-0.016980039,-0.141745124,2.424011801,0.000798404,0.002707887,0.572770036,-0.017778443,-0.758818661,450.000000000,10.289199609,-0.058140842,0.001156836,9.497926698,-114.684777009,115.064186340,-110.315222991,109.935813660,-5.144599804,-5.144599804
1786168223.104012966,51.650288387,0.000000000,NONE,0,0.049915176,-1.284198252,72.832504092,-0.096042503,-1.322930753,69.668377807,-0.084095230,0.038732501,3.164126285,-0.011947273,-0.137477208,2.996854795,-0.016808162,-0.141355903,2.424016343,0.000933807,0.003878695,0.572838452,-0.017741969,-0.672809561,450.000000000,10.291064613,-0.058080096,0.001255954,9.497873948,-114.706266097,115.042670877,-110.293733903,109.957329123,-5.145532307,-5.145532307
1786168223.154269457,51.700544693,0.000000000,NONE,0,0.050038372,-1.284198252,72.832504092,-0.096042503,-1.322935198,69.789783472,-0.084094086,0.038736946,3.042720621,-0.011948416,-0.135813041,2.996931113,-0.016731546,-0.140647188,2.424019512,0.000990735,0.004834147,0.572911600,-0.017722280,-0.598027098,450.000000000,10.291662183,-0.058014178,0.000000000,9.510965978,-114.728234720,115.027248269,-110.271765280,109.972751731,-5.145831092,-5.145831092
1786168223.204082727,51.750357977,0.000000000,NONE,0,0.049999253,-1.284198252,72.832504092,-0.096042503,-1.322904835,69.911186737,-0.084093797,0.038706584,2.921317355,-0.011948705,-0.134023700,2.997011539,-0.016754741,-0.139674367,2.424021644,0.000964349,0.005650666,0.572989894,-0.017719090,-0.528625433,450.000000000,10.291112889,-0.057935289,0.001774393,9.492704292,-114.741019715,115.005332431,-110.258980285,109.994667569,-5.145556445,-5.145556445
1786168223.254106522,51.800381978,0.000000000,NONE,0,0.049982646,-1.284198252,72.832504092,-0.096042503,-1.322829161,70.032586829,-0.084094426,0.038630909,2.799917263,-0.011948076,-0.132108179,2.997095907,-0.016874692,-0.138467061,2.424022064,0.000857230,0.006358882,0.573073843,-0.017731922,-0.463816214,450.000000000,10.289450932,-0.057843095,0.001822625,9.490628794,-114.756703145,114.988611252,-110.243296855,110.011388748,-5.144725466,-5.144725466
1786168223.304180384,51.850455965,0.000000000,TARGET_UPDATED,0,0.050138088,-1.284198252,73.832504092,-0.096042503,-1.322699237,70.153983077,-0.084095969,0.038500986,3.678521016,-0.011946533,-0.141825698,2.996650659,-0.017071049,-0.137098953,2.424019486,0.000680667,-0.004726745,0.572631173,-0.017751717,-1.491330168,450.000000000,10.287482250,-0.057754989,0.001713530,9.490462689,-114.499783130,115.245448214,-110.500216870,109.754551786,-5.143741125,-5.143741125
1786168223.354090929,51.900366503,0.000000000,NONE,0,0.049895790,-1.284198252,73.832504092,-0.096042503,-1.322586142,70.275379483,-0.084098317,0.038387890,3.557124609,-0.011944185,-0.140605747,2.996706620,-0.017333543,-0.138673450,2.424014374,0.000457530,-0.001932298,0.572692246,-0.017791073,-1.030167365,450.000000000,10.283889503,-0.057673086,0.001586672,9.490934346,-114.615191745,115.130275428,-110.384808255,109.869724572,-5.141944751,-5.141944751
1786168223.404194832,51.950470107,0.000000000,NONE,0,0.050048190,-1.284198252,73.832504092,-0.096042503,-1.322557975,70.372499642,-0.084100680,0.038359724,3.460004450,-0.011941822,-0.139538614,2.996755014,-0.017584911,-0.139344764,2.424010401,0.000243775,-0.000193850,0.572744613,-0.017828687,-0.932874305,450.000000000,10.280847569,-0.057611967,0.001494074,9.492737579,-114.639965819,115.106402971,-110.360034181,109.893597029,-5.140423785,-5.140423785
1786168223.454240084,52.000515280,0.000000000,NONE,0,0.050019433,-1.284198252,73.832504092,-0.096042503,-1.322550532,70.493900715,-0.084103977,0.038352280,3.338603377,-0.011938526,-0.138119233,2.996818751,-0.017920417,-0.139657589,2.424004417,-0.000036814,0.001538356,0.572814334,-0.017883603,-0.810207919,450.000000000,10.276209797,-0.057539759,0.001419955,9.493458288,-114.670812592,115.075916552,-110.329187408,109.924083448,-5.138104899,-5.138104899
1786168223.504269838,52.050545201,0.000000000,NONE,0,0.050048575,-1.284198252,73.832504092,-0.096042503,-1.322554540,70.615301650,-0.084107345,0.038356288,3.217202443,-0.011935158,-0.136605518,2.996886110,-0.018250538,-0.139537758,2.423998369,-0.000312574,0.002932241,0.572887741,-0.017937963,-0.713443417,450.000000000,10.271967470,-0.057470094,0.001378460,9.494052657,-114.695152310,115.051874019,-110.304847690,109.948125981,-5.135983735,-5.135983735
1786168223.554016352,52.100291765,0.000000000,NONE,0,0.049796848,-1.284198252,73.832504092,-0.096042503,-1.322547939,70.736701202,-0.084110707,0.038349687,3.095802890,-0.011931795,-0.135003700,2.996956862,-0.018544467,-0.139020561,2.423992697,-0.000559928,0.004016861,0.572964165,-0.017984539,-0.633581330,450.000000000,10.268410243,-0.057401784,0.001358755,9.494501778,-114.715230112,115.032020777,-110.284769888,109.967979223,-5.134205121,-5.134205121
1786168223.604119301,52.150394644,0.000000000,NONE,0,0.050084712,-1.284198252,73.832504092,-0.096042503,-1.322515815,70.858098556,-0.084113743,0.038317564,2.974405536,-0.011928760,-0.133315377,2.997030972,-0.018775687,-0.138240285,2.423987868,-0.000750709,0.004924908,0.573043104,-0.018024978,-0.561015345,450.000000000,10.265255974,-0.057334003,0.001353725,9.494872664,-114.733464330,115.013972002,-110.266535670,109.986027998,-5.132627987,-5.132627987
1786168223.654219866,52.200495072,0.000000000,NONE,0,0.050029967,-1.284198252,73.832504092,-0.096042503,-1.322445779,70.979493062,-0.084116141,0.038247528,2.853011031,-0.011926362,-0.131540574,2.997108439,-0.018923958,-0.137226391,2.423984282,-0.000869275,0.005685817,0.573124157,-0.018054683,-0.495715581,450.000000000,10.262938712,-0.057266078,0.001361398,9.495092018,-114.749844109,114.997701900,-110.250155891,110.002298100,-5.131469356,-5.131469356
1786168223.704104185,52.250379492,0.000000000,TARGET_UPDATED,0,0.050008262,-1.284198252,74.832504092,-0.096042503,-1.322327662,71.100884210,-0.084117673,0.038129411,3.731619883,-0.011924830,-0.140886465,2.996683299,-0.018977891,-0.136022285,2.423982190,-0.000905958,-0.004864180,0.572701110,-0.018071934,-1.476469677,450.000000000,10.261528057,-0.057197523,0.001377244,9.495169812,-114.504675034,115.242909872,-110.495324966,109.757090128,-5.130764028,-5.130764028
1786168223.754177094,52.300452384,0.000000000,NONE,0,0.050006458,-1.284198252,74.832504092,-0.096042503,-1.322244079,71.197997343,-0.084118183,0.038045827,3.634506750,-0.011924320,-0.139969616,2.996726473,-0.018944149,-0.137300506,2.423981161,-0.000871309,-0.002669110,0.572745311,-0.018072840,-1.077687400,450.000000000,10.261339567,-0.057142050,0.001391572,9.496303685,-114.604654071,115.143497771,-110.395345929,109.856502229,-5.130669784,-5.130669784
1786168223.804069281,52.350344862,0.000000000,NONE,0,0.049940569,-1.284198252,74.832504092,-0.096042503,-1.322222441,71.319393106,-0.084117917,0.038024189,3.513110986,-0.011924586,-0.138689618,2.996786717,-0.018828276,-0.138462232,2.423982777,-0.000767243,-0.000227386,0.572803940,-0.018061034,-0.909177509,450.000000000,10.261969560,-0.057071289,0.001435297,9.495905917,-114.646682102,115.101270856,-110.353317898,109.898729144,-5.130984780,-5.130984780
1786168223.854034662,52.400310074,0.000000000,NONE,0,0.049959978,-1.284198252,74.832504092,-0.096042503,-1.322235498,71.440790473,-0.084116736,0.038037247,3.391713619,-0.011925766,-0.137295237,2.996852134,-0.018636168,-0.138707767,2.423985791,-0.000603239,0.001412530,0.572866343,-0.018032929,-0.808457291,450.000000000,10.263812597,-0.056998074,0.001480769,9.495289224,-114.671707983,115.075936629,-110.328292017,109.924063371,-5.131906298,-5.131906298
1786168223.903997183,52.450272688,0.000000000,NONE,0,0.049955008,-1.284198252,74.832504092,-0.096042503,-1.322255295,71.562187896,-0.084114816,0.038057043,3.270316196,-0.011927687,-0.135802706,2.996921723,-0.018382592,-0.138512313,2.423990026,-0.000390495,0.002709607,0.572931697,-0.017992096,-0.717980090,450.000000000,10.266476277,-0.056923101,0.001508955,9.494696700,-114.694179153,115.053169197,-110.305820847,109.946830803,-5.133238139,-5.133238139
1786168223.954035044,52.500310259,0.000000000,NONE,0,0.050066625,-1.284198252,74.832504092,-0.096042503,-1.322263385,71.659305186,-0.084112842,0.038065134,3.173198906,-0.011929660,-0.134544911,2.996979888,-0.018150261,-0.138084931,2.423994064,-0.000195472,0.003540020,0.572985824,-0.017954789,-0.661224058,450.000000000,10.268566076,-0.056862515,0.001516590,9.495467311,-114.708560813,115.039172842,-110.291439187,109.960827158,-5.134283038,-5.134283038
1786168224.004183054,52.550458493,0.000000000,NONE,0,0.050051751,-1.284198252,74.832504092,-0.096042503,-1.322256550,71.756421460,-0.084110625,0.038058298,3.076082632,-0.011931878,-0.133232725,2.997040001,-0.017905514,-0.137509506,2.423998446,0.000007019,0.004276781,0.573041555,-0.017912533,-0.602015464,450.000000000,10.271174849,-0.056801393,0.001537152,9.496057940,-114.723510619,115.024518351,-110.276489381,109.975481649,-5.135587424,-5.135587424
1786168224.054248333,52.600523765,0.000000000,NONE,0,0.050044167,-1.284198252,74.832504092,-0.096042503,-1.322219188,71.877814942,-0.084107840,0.038020937,2.954689151,-0.011934663,-0.131513221,2.997117764,-0.017602927,-0.136617555,2.424004156,0.000253064,0.005104334,0.573113608,-0.017855991,-0.528701623,450.000000000,10.274971598,-0.056723289,0.001581328,9.495045180,-114.741585889,115.005936701,-110.258414111,109.994063299,-5.137485799,-5.137485799
1786168224.104179859,52.650455342,0.000000000,NONE,0,0.049962490,-1.284198252,74.832504092,-0.096042503,-1.322159259,71.974927836,-0.084105720,0.037961008,2.857576256,-0.011936783,-0.130075187,2.997181838,-0.017380147,-0.135718076,2.424008583,0.000436852,0.005642889,0.573173256,-0.017816999,-0.484059545,450.000000000,10.276906498,-0.056659515,0.001599465,9.495423616,-114.752841018,114.994870790,-110.247158982,110.005129210,-5.138453249,-5.138453249
1786168224.154060364,52.700335798,0.000000000,TARGET_UPDATED,0,0.049950990,-1.284198252,75.832504092,-0.096042503,-1.322039305,72.096316143,-0.084103383,0.037841054,3.736187949,-0.011939120,-0.139292586,2.996768944,-0.017152026,-0.134484758,2.424013408,0.000626301,-0.004807828,0.572755537,-0.017778328,-1.449664700,450.000000000,10.279163228,-0.056578791,0.001625312,9.494359531,-114.511173708,115.236006058,-110.488826292,109.763993942,-5.139581614,-5.139581614
1786168224.204021931,52.750297531,0.000000000,NONE,0,0.049980423,-1.284198252,75.832504092,-0.096042503,-1.321934495,72.217704941,-0.084101681,0.037736243,3.614799151,-0.011940822,-0.138118417,2.996824295,-0.016978248,-0.135936308,2.424016660,0.000762538,-0.002182108,0.572807635,-0.017740786,-1.014883107,450.000000000,10.281324783,-0.056497313,0.001626569,9.493476285,-114.619648294,115.127089848,-110.380351706,109.872910152,-5.140662392,-5.140662392
1786168224.254256487,52.800531698,0.000000000,NONE,0,0.049982577,-1.284198252,75.832504092,-0.096042503,-1.321911546,72.339097990,-0.084100668,0.037713294,3.493406102,-0.011941835,-0.136811320,2.996884712,-0.016898357,-0.136764575,2.424019534,0.000823529,-0.000046745,0.572865178,-0.017721886,-0.879432315,450.000000000,10.281831861,-0.056416709,0.001598372,9.492949609,-114.653379323,115.093095481,-110.346620677,109.906904519,-5.140915930,-5.140915930
1786168224.304067135,52.850342441,0.000000000,NONE,0,0.050016065,-1.284198252,75.832504092,-0.096042503,-1.321915911,72.460492117,-0.084100401,0.037717660,3.372011975,-0.011942102,-0.135409049,2.996948320,-0.016912717,-0.136921825,2.424020391,0.000805636,0.001512776,0.572927928,-0.017718353,-0.779154987,450.000000000,10.281328584,-0.056338095,0.001551850,9.492761363,-114.678401594,115.067979088,-110.321598406,109.932020912,-5.140664292,-5.140664292
1786168224.354044676,52.900320063,0.000000000,NONE,0,0.050010818,-1.284198252,75.832504092,-0.096042503,-1.321926145,72.581886032,-0.084100970,0.037727894,3.250618061,-0.011941532,-0.133921995,2.997014545,-0.017016745,-0.136715578,2.424019442,0.000712901,0.002793583,0.572995102,-0.017729646,-0.688700505,450.000000000,10.279798320,-0.056262075,0.001497535,9.492850337,-114.701037458,115.045387710,-110.298962542,109.954612290,-5.139899160,-5.139899160
1786168224.404056072,52.950331573,0.000000000,NONE,0,0.050013783,-1.284198252,75.832504092,-0.096042503,-1.321926075,72.703278755,-0.084102392,0.037727823,3.129225337,-0.011940110,-0.132355324,2.997083090,-0.017198685,-0.136212143,2.424016829,0.000555910,0.003856819,0.573066261,-0.017754594,-0.609260908,450.000000000,10.277334893,-0.056188777,0.001444065,9.493141596,-114.720970172,115.025600626,-110.279029828,109.974399374,-5.138667447,-5.138667447
1786168224.454003811,53.000279069,0.000000000,NONE,0,0.049963693,-1.284198252,75.832504092,-0.096042503,-1.321901824,72.824669452,-0.084104608,0.037703573,3.007834641,-0.011937895,-0.130711487,2.997153818,-0.017439994,-0.135457313,2.424012820,0.000350868,0.004745826,0.573140998,-0.017790862,-0.538638537,450.000000000,10.274124697,-0.056117944,0.001398330,9.493540040,-114.738725376,115.008044644,-110.261274624,109.991955356,-5.137062349,-5.137062349
1786168224.504001141,53.050276311,0.000000000,NONE,0,0.049996442,-1.284198252,75.832504092,-0.096042503,-1.321842412,72.946057466,-0.084107443,0.037644161,2.886446627,-0.011935060,-0.128989713,2.997226761,-0.017717169,-0.134504756,2.424007801,0.000118980,0.005515044,0.573218960,-0.017836149,-0.473424396,450.000000000,10.270328764,-0.056049085,0.001363909,9.493980031,-114.755138909,114.991851107,-110.244861091,110.008148893,-5.135164382,-5.135164382
1786168224.554101944,53.100377494,0.000000000,NONE,0,0.050060039,-1.284198252,75.832504092,-0.096042503,-1.321738201,73.067442238,-0.084110678,0.037539949,2.765061855,-0.011931825,-0.127187427,2.997302045,-0.018003877,-0.133373203,2.424002239,-0.000117920,0.006185776,0.573299806,-0.017885958,-0.412987250,450.000000000,10.266305292,-0.055981558,0.001342988,9.494391966,-114.770351179,114.976844804,-110.229648821,110.023155196,-5.133152646,-5.133152646
1786168224.604172468,53.150447822,0.000000000,TARGET_UPDATED,0,0.050086780,-1.284198252,76.832504092,-0.096042503,-1.321581181,73.188823320,-0.084114022,0.037382929,3.643680772,-0.011928481,-0.136929738,2.996871158,-0.018266401,-0.132093178,2.423996591,-0.000336753,-0.004836560,0.572874567,-0.017929648,-1.430660250,450.000000000,10.262920641,-0.055914747,0.001334848,9.494729660,-114.516017353,115.231347477,-110.483982647,109.768652523,-5.131460320,-5.131460320
1786168224.654044390,53.200319901,0.000000000,NONE,0,0.049865377,-1.284198252,76.832504092,-0.096042503,-1.321452484,73.310205242,-0.084117189,0.037254233,3.522298850,-0.011925313,-0.135781883,2.996922006,-0.018486502,-0.133933484,2.423990915,-0.000511568,-0.001848399,0.572931091,-0.017974934,-0.956494320,450.000000000,10.259266599,-0.055848005,0.001336378,9.494944745,-114.634612606,115.112859766,-110.365387394,109.887140234,-5.129633299,-5.129633299
1786168224.704076052,53.250351459,0.000000000,NONE,0,0.050041385,-1.284198252,76.832504092,-0.096042503,-1.321405335,73.431591075,-0.084119874,0.037207084,3.400913018,-0.011922629,-0.134491794,2.996979081,-0.018659533,-0.134709526,2.423987241,-0.000644761,0.000217733,0.572991841,-0.018014772,-0.834523668,450.000000000,10.256139269,-0.055780932,0.000000000,9.508525424,-114.668500439,115.085762273,-110.331499561,109.914237727,-5.128069635,-5.128069635
1786168224.754015684,53.300291218,0.000000000,NONE,0,0.049954793,-1.284198252,76.832504092,-0.096042503,-1.321383357,73.552977690,-0.084121851,0.037185105,3.279526403,-0.011920652,-0.133066327,2.997042052,-0.018762237,-0.134850603,2.423985197,-0.000720119,0.001784277,0.573056854,-0.018042118,-0.732221523,450.000000000,10.254023106,-0.055703593,0.000000000,9.507903595,-114.693920518,115.060031279,-110.306079482,109.939968721,-5.127011553,-5.127011553
1786168224.803955793,53.350231171,0.000000000,NONE,0,0.049933758,-1.284198252,76.832504092,-0.096042503,-1.321366599,73.674363975,-0.084122995,0.037168347,3.158140118,-0.011919507,-0.131481156,2.997111865,-0.018784132,-0.134577520,2.423985497,-0.000729006,0.003096364,0.573126368,-0.018055126,-0.638496731,450.000000000,10.252948646,-0.055605480,0.002123909,9.484368644,-114.711467978,115.030716344,-110.288532022,109.969283656,-5.126474323,-5.126474323
1786168224.853977680,53.400253075,0.000000000,NONE,0,0.050044251,-1.284198252,76.832504092,-0.096042503,-1.321337847,73.795748939,-0.084123269,0.037139596,3.036755154,-0.011919234,-0.129793821,2.997185793,-0.018722678,-0.133961749,2.423986205,-0.000670514,0.004167928,0.573199588,-0.018052164,-0.557932021,450.000000000,10.253024003,-0.055503939,0.001906508,9.483974651,-114.731510658,115.010476668,-110.268489342,109.989523332,-5.126512001,-5.126512001
1786168224.904073000,53.450348346,0.000000000,NONE,0,0.050038893,-1.284198252,76.832504092,-0.096042503,-1.321282655,73.917131829,-0.084122694,0.037084404,2.915372263,-0.011919808,-0.128065528,2.997261018,-0.018582040,-0.133116915,2.423986785,-0.000547980,0.005051387,0.573274233,-0.018034060,-0.487295242,450.000000000,10.254142666,-0.055418132,0.001587397,9.485847407,-114.749638041,114.993285662,-110.250361959,110.006714338,-5.127071333,-5.127071333
1786168224.954029799,53.500305252,0.000000000,NONE,0,0.049984060,-1.284198252,76.832504092,-0.096042503,-1.321189150,74.038512130,-0.084121351,0.036990898,2.793991962,-0.011921151,-0.126294572,2.997337453,-0.018374697,-0.132087947,2.423988412,-0.000371737,0.005793375,0.573349041,-0.018002960,-0.423953264,450.000000000,10.256130122,-0.055346982,0.001317691,9.488385353,-114.766108022,114.978084654,-110.233891978,110.021915346,-5.128065061,-5.128065061
1786168225.004055500,53.550330925,0.000000000,TARGET_UPDATED,0,0.050051697,-1.284198252,77.832504092,-0.096042503,-1.321047394,74.159889447,-0.084119378,0.036849143,3.672614645,-0.011923125,-0.135720745,2.996927017,-0.018116157,-0.130901623,2.423991333,-0.000157521,-0.004819121,0.572935684,-0.017958636,-1.405518873,450.000000000,10.259046767,-0.055287109,0.001123602,9.491070851,-114.521387995,115.224147431,-110.478612005,109.775852569,-5.129523384,-5.129523384
1786168225.053992510,53.600267910,0.000000000,NONE,0,0.049941489,-1.284198252,77.832504092,-0.096042503,-1.320934509,74.281268140,-0.084116954,0.036736257,3.551235952,-0.011925549,-0.134628526,2.996978001,-0.017832985,-0.132728755,2.423994808,0.000078907,-0.001899771,0.572983192,-0.017911891,-0.945833007,450.000000000,10.261922028,-0.055234554,0.001009542,9.493524042,-114.636922759,115.109839262,-110.363077241,109.890160738,-5.130961014,-5.130961014
1786168225.103998423,53.650273942,0.000000000,NONE,0,0.050003406,-1.284198252,77.832504092,-0.096042503,-1.320900793,74.402651129,-0.084114298,0.036702541,3.429852963,-0.011928205,-0.133410375,2.997034076,-0.017565630,-0.133515706,2.424000056,0.000298396,0.000105331,0.573034020,-0.017864025,-0.828304415,450.000000000,10.264847283,-0.055185420,0.000971622,9.495491457,-114.666796761,115.080948968,-110.333203239,109.919051032,-5.132423642,-5.132423642
1786168225.153981924,53.700257291,0.000000000,NONE,0,0.049969940,-1.284198252,77.832504092,-0.096042503,-1.320890933,74.524035365,-0.084111692,0.036692682,3.308468728,-0.011930811,-0.132092093,2.997093857,-0.017331137,-0.133696530,2.424005155,0.000485701,0.001604436,0.573088701,-0.017816838,-0.731720322,450.000000000,10.267692322,-0.055136306,0.000995517,9.496833657,-114.691278334,115.057138495,-110.308721666,109.942861505,-5.133846161,-5.133846161
1786168225.204027176,53.750302467,0.000000000,NONE,0,0.050037651,-1.284198252,77.832504092,-0.096042503,-1.320884766,74.645419764,-0.084109409,0.036686515,3.187084329,-0.011933094,-0.130676250,2.997156988,-0.017149383,-0.133506913,2.424010327,0.000626135,0.002830663,0.573146661,-0.017775518,-0.645822118,450.000000000,10.270021463,-0.055085420,0.001047590,9.497754768,-114.712983162,115.035894222,-110.287016838,109.964105778,-5.135010732,-5.135010732
1786168225.253977060,53.800252485,0.000000000,NONE,0,0.049946600,-1.284198252,77.832504092,-0.096042503,-1.320866041,74.766803294,-0.084107688,0.036667789,3.065700798,-0.011934814,-0.129160648,2.997223355,-0.017034546,-0.133003609,2.424013823,0.000708897,0.003842960,0.573209532,-0.017743443,-0.570440421,450.000000000,10.271639962,-0.055030275,0.001143559,9.497880638,-114.731860054,115.017080265,-110.268139946,109.982919735,-5.135819981,-5.135819981
1786168225.304183483,53.850458903,0.000000000,NONE,0,0.050087940,-1.284198252,77.832504092,-0.096042503,-1.320821097,74.888185147,-0.084106702,0.036622846,2.944318945,-0.011935801,-0.127546265,2.997292713,-0.016996651,-0.132235345,2.424016387,0.000727429,0.004689080,0.573276326,-0.017724080,-0.503161005,450.000000000,10.272295899,-0.054970072,0.001245847,9.497548142,-114.748596784,115.000177287,-110.251403216,109.999822713,-5.136147949,-5.136147949
1786168225.354011297,53.900286666,0.000000000,NONE,0,0.049966514,-1.284198252,77.832504092,-0.096042503,-1.320738886,75.009564620,-0.084106549,0.036540634,2.822939472,-0.011935954,-0.125834638,2.997364824,-0.017038451,-0.131250704,2.424017522,0.000680680,0.005416066,0.573347302,-0.017719131,-0.441060646,450.000000000,10.271912171,-0.054904965,0.000000000,9.510284898,-114.767306063,114.987836386,-110.232693937,110.012163614,-5.135956086,-5.135956086
1786168225.404054642,53.950329888,0.000000000,TARGET_UPDATED,0,0.050024982,-1.284198252,78.832504092,-0.096042503,-1.320609937,75.130941086,-0.084107248,0.036411685,3.701563006,-0.011935254,-0.134911785,2.996969261,-0.017163128,-0.130059970,2.424017743,0.000573883,-0.004851815,0.572951518,-0.017737011,-1.389967505,450.000000000,10.269760410,-0.054826533,0.001759280,9.491902903,-114.525483850,115.220467602,-110.474516150,109.779532398,-5.134880205,-5.134880205
1786168225.454080582,54.000355844,0.000000000,NONE,0,0.050015171,-1.284198252,78.832504092,-0.096042503,-1.320509027,75.252318467,-0.084108781,0.036310776,3.580185625,-0.011933722,-0.133730397,2.997021177,-0.017339940,-0.131741327,2.424015859,0.000415947,-0.001989070,0.573005319,-0.017755886,-0.940619971,450.000000000,10.267975152,-0.054737440,0.001748333,9.490360388,-114.637435104,115.107745090,-110.362564896,109.892254910,-5.133987576,-5.133987576
1786168225.504010677,54.050286094,0.000000000,NONE,0,0.049952389,-1.284198252,78.832504092,-0.096042503,-1.320485035,75.373699374,-0.084111016,0.036286784,3.458804718,-0.011931487,-0.132433727,2.997077352,-0.017577371,-0.132419175,2.424012645,0.000212203,-0.000014551,0.573064708,-0.017789574,-0.823394715,450.000000000,10.264875649,-0.054653626,0.001624132,9.490357389,-114.666740668,115.078438026,-110.333259332,109.921561974,-5.132437824,-5.132437824
1786168225.554032803,54.100308375,0.000000000,NONE,0,0.050012456,-1.284198252,78.832504092,-0.096042503,-1.320484129,75.495080790,-0.084113746,0.036285878,3.337423302,-0.011928756,-0.131060098,2.997136119,-0.017846544,-0.132521308,2.424007757,-0.000015432,0.001461210,0.573128362,-0.017831112,-0.727566419,450.000000000,10.261366000,-0.054576317,0.001494117,9.490931822,-114.690841351,115.054624560,-110.309158649,109.945375440,-5.130683000,-5.130683000
1786168225.603950739,54.150226249,0.000000000,NONE,0,0.049920759,-1.284198252,78.832504092,-0.096042503,-1.320487611,75.616461687,-0.084116743,0.036289359,3.216042405,-0.011925759,-0.129614886,2.997197292,-0.018121211,-0.132301995,2.424002221,-0.000243810,0.002687109,0.573195071,-0.017877401,-0.640924705,450.000000000,10.257582807,-0.054505094,0.001379565,9.491821404,-114.712724175,115.033186527,-110.287275825,109.966813473,-5.128791404,-5.128791404
1786168225.654089212,54.200364318,0.000000000,NONE,0,0.050088977,-1.284198252,78.832504092,-0.096042503,-1.320479713,75.737841230,-0.084119788,0.036281462,3.094662863,-0.011922714,-0.128099416,2.997260870,-0.018375363,-0.131798164,2.423996648,-0.000452046,0.003698747,0.573264222,-0.017923317,-0.565862588,450.000000000,10.253930385,-0.054438815,0.001292013,9.492848134,-114.731746386,115.014677680,-110.268253614,109.985322320,-5.126965193,-5.126965193
1786168225.703976154,54.250251407,0.000000000,NONE,0,0.049915806,-1.284198252,78.832504092,-0.096042503,-1.320447553,75.859218761,-0.084122643,0.036249302,2.973285331,-0.011919860,-0.126511792,2.997326984,-0.018585108,-0.131066914,2.423991560,-0.000619703,0.004555122,0.573335424,-0.017965406,-0.498123524,450.000000000,10.250609287,-0.054375999,0.001235782,9.493813666,-114.748922535,114.997984297,-110.251077465,110.002015703,-5.125304644,-5.125304644
1786168225.753998518,54.300273949,0.000000000,NONE,0,0.050041546,-1.284198252,78.832504092,-0.096042503,-1.320380550,75.980593764,-0.084125078,0.036182299,2.851910328,-0.011917424,-0.124847856,2.997395824,-0.018730789,-0.130143676,2.423987396,-0.000730839,0.005295820,0.573408429,-0.017999950,-0.435951756,450.000000000,10.247893733,-0.054315101,0.001209857,9.494637054,-114.764671325,114.982647203,-110.235328675,110.017352797,-5.123946867,-5.123946867
1786168225.804088116,54.350363546,0.000000000,TARGET_UPDATED,0,0.050068913,-1.284198252,79.832504092,-0.096042503,-1.320269796,76.101965824,-0.084126906,0.036071544,3.730538268,-0.011915596,-0.133714417,2.997012941,-0.018797505,-0.129055289,2.423984490,-0.000774556,-0.004659129,0.573028451,-0.018022949,-1.356356663,450.000000000,10.246063519,-0.054254717,0.001210228,9.495235623,-114.534719740,115.212898071,-110.465280260,109.787101929,-5.123031760,-5.123031760
