wall_time_unix_sec,elapsed_sec,ros_time_sec,event,logger_queue_overflow,control_dt_sec,target_position_x,target_position_y,target_position_z,current_position_x,current_position_y,current_position_z,position_error_x,position_error_y,position_error_z,target_velocity_x,target_velocity_y,target_velocity_z,current_velocity_x,current_velocity_y,current_velocity_z,velocity_error_x,velocity_error_y,velocity_error_z,body_command_x,body_command_y,body_command_z,yaw,yaw_rate,yaw_command,motor1_command,motor2_command,motor3_command,motor4_command,motor5_command,motor6_command
1786024466.030241013,13.250397790,0.000000000,TARGET_UPDATED,0,0.050000000,0.000000000,-2.767742798,-0.001336323,0.000073705,-0.000000000,-0.091248849,-0.000073705,-2.767742798,0.089912525,-0.000080151,-2.999999999,0.134868788,0.000004071,-0.000000000,0.021679063,-0.000084222,-2.999999999,0.113189725,-0.005055709,-450.000000000,18.926110503,0.000000000,0.000000000,0.000000000,112.501263927,-112.498736073,112.498736073,-112.501263927,-9.463055251,-9.463055251
1786024466.080406666,13.300563518,0.000000000,TARGET_UPDATED,0,0.050175776,0.000000000,-3.767742798,-0.001336323,0.000100148,-0.026370368,-0.088435798,-0.000100148,-3.741372430,0.087099475,-0.014671350,-3.002056781,0.067149466,-0.002698889,-1.088433351,0.075083566,-0.011972460,-1.913623430,-0.007934101,-0.965850180,-450.000000000,8.033253576,0.004862682,0.203451780,-2.424020332,113.347467628,-112.864542538,111.652532372,-112.135457462,-4.016626788,-4.016626788
1786024466.130094290,13.350250935,0.000000000,NONE,0,0.049657084,0.000000000,-3.767742798,-0.001336323,0.000368266,-0.110304789,-0.081859175,-0.000368266,-3.657438009,0.080522851,-0.062615808,-3.001382673,-0.048684222,-0.029590741,-1.976641101,0.035559960,-0.033025067,-1.024741572,-0.084244182,-2.593622200,-450.000000000,3.566705174,0.020744911,0.372877261,-5.390913717,114.496133979,-113.199322879,110.503866021,-111.800677121,-1.783352587,-1.783352587
1786024466.180171013,13.400327633,0.000000000,NONE,0,0.050068318,0.000000000,-3.767742798,-0.001336323,0.000865981,-0.219910843,-0.075718985,-0.000865981,-3.547831955,0.074382662,-0.123374171,-2.996798943,-0.128154848,-0.079554420,-2.290261823,-0.080954958,-0.043819751,-0.706537120,-0.047199890,-3.573118845,-450.000000000,8.435240032,0.040807256,0.406258339,-7.333798422,115.226729317,-113.440169894,109.773270683,-111.559830106,-4.217620016,-4.217620016
1786024466.230074406,13.450231036,0.000000000,NONE,0,0.049945268,0.000000000,-3.767742798,-0.001336323,0.001246574,-0.337872420,-0.073033200,-0.001246574,-3.429870378,0.071696877,-0.182210637,-2.991417336,-0.172590855,-0.134676997,-2.378113268,-0.195598169,-0.047533640,-0.613304067,0.023007313,-4.513599340,-450.000000000,14.016126701,0.060252207,0.374699887,-8.579828588,115.773356982,-113.516557312,109.226643018,-111.483442688,-7.008063351,-7.008063351
1786024466.280092239,13.500248750,0.000000000,NONE,0,0.049999410,0.000000000,-3.767742798,-0.001336323,0.001291230,-0.458483786,-0.073409540,-0.001291230,-3.309259012,0.072073217,-0.233752823,-2.986693986,-0.191589109,-0.185999564,-2.401190065,-0.264205934,-0.047753260,-0.585503921,0.072616826,-5.480766878,-450.000000000,17.077127139,0.077363495,0.323245949,-9.441928534,116.230673853,-113.490290414,108.769326147,-111.509709586,-8.538563569,-8.538563569
1786024466.330099821,13.550256471,0.000000000,NONE,0,0.050028484,0.000000000,-3.767742798,-0.001336323,0.000910167,-0.580053189,-0.075185134,-0.000910167,-3.187689609,0.073848810,-0.276657911,-2.983143101,-0.191280797,-0.231099531,-2.408340540,-0.283863449,-0.045558380,-0.574802562,0.092582652,-6.346634468,-450.000000000,17.883938067,0.091732572,0.267935976,-10.047533426,116.598541974,-113.425224739,108.401458026,-111.574775261,-8.941969034,-8.941969034
1786024466.380106688,13.600263417,0.000000000,NONE,0,0.049988378,0.000000000,-3.767742798,-0.001336323,0.000074109,-0.702033259,-0.077017217,-0.000074109,-3.065709539,0.075680894,-0.310773299,-2.980942926,-0.174029663,-0.269451509,-2.412207518,-0.268174921,-0.041321790,-0.568735408,0.094145258,-7.008607312,-450.000000000,17.627843826,0.103335337,0.213139799,-10.438123974,116.861682821,-113.357379166,108.138317179,-111.642620834,-8.813921913,-8.813921913
1786024466.430100203,13.650256816,0.000000000,NONE,0,0.050009275,0.000000000,-3.767742798,-0.001336323,-0.001199376,-0.824222323,-0.078302894,0.001199376,-2.943520475,0.076966571,-0.336526346,-2.979775009,-0.144981312,-0.300691876,-2.415281220,-0.234611464,-0.035834470,-0.564493789,0.089630151,-7.450516500,-450.000000000,17.192482717,0.112330401,0.161840928,-10.655975528,117.026623007,-113.301364757,107.973376993,-111.698635243,-8.596241358,-8.596241358
1786024466.480104685,13.700261336,0.000000000,NONE,0,0.049999687,0.000000000,-3.767742798,-0.001336323,-0.002867179,-0.946532817,-0.078958633,0.002867179,-2.821209981,0.077622310,-0.354475492,-2.979199352,-0.110793051,-0.324925338,-2.417583782,-0.196437122,-0.029550154,-0.561615570,0.085644072,-7.649906028,-450.000000000,16.926161534,0.118911642,0.114400420,-10.719960778,117.092466701,-113.267513688,107.907533299,-111.732486312,-8.463080767,-8.463080767
1786024466.530197144,13.750353897,0.000000000,TARGET_UPDATED,0,0.050095908,0.000000000,-4.767742798,-0.001336323,-0.004869054,-1.068919722,-0.079140507,0.004869054,-3.698823076,0.077804184,-0.366712161,-2.978824283,-0.075818439,-0.342347095,-2.419196325,-0.160692000,-0.024365066,-0.559627958,0.084873560,-7.782581752,-450.000000000,16.938692998,0.123293631,0.071510468,-10.653973460,117.109138803,-113.217847927,107.890861197,-111.782152073,-8.469346499,-8.469346499
1786024466.580070972,13.800227470,0.000000000,NONE,0,0.049862230,0.000000000,-4.767742798,-0.001336323,-0.007142949,-1.191357418,-0.079064983,0.007142949,-3.576385381,0.077728660,-0.371919665,-2.978841905,-0.042078423,-0.353787730,-2.420381155,-0.129664942,-0.018131936,-0.558460750,0.087586519,-7.571033172,-450.000000000,17.200573531,0.125721449,0.033952953,-10.485161225,117.014048599,-113.228532013,107.985951401,-111.771467987,-8.600286765,-8.600286765
1786024466.630118608,13.850275294,0.000000000,NONE,0,0.050063579,0.000000000,-4.767742798,-0.001336323,-0.009628886,-1.313826808,-0.078911313,0.009628886,-3.453915990,0.077574990,-0.371750677,-2.979133095,-0.010376286,-0.359616829,-2.421347320,-0.103105226,-0.012133848,-0.557785774,0.092728939,-7.210654177,-450.000000000,17.611172843,0.126476894,0.002558746,-10.244318533,116.863743178,-113.258416089,108.136256822,-111.741583911,-8.805586422,-8.805586422
1786024466.680094957,13.900251624,0.000000000,NONE,0,0.049983160,0.000000000,-4.767742798,-0.001336323,-0.012252572,-1.436307483,-0.078783731,0.012252572,-3.331435315,0.077447408,-0.367207813,-2.979646574,0.018985414,-0.360604879,-2.422189345,-0.079838536,-0.006602934,-0.557457228,0.098823950,-6.727975645,-450.000000000,18.059516860,0.125885308,-0.021655793,-9.967430584,116.673851557,-113.309863735,108.326148443,-111.690136265,-9.029758430,-9.029758430
1786024466.730105877,13.950262455,0.000000000,NONE,0,0.049999599,0.000000000,-4.767742798,-0.001336323,-0.014945548,-1.558780125,-0.078712922,0.014945548,-3.208962673,0.077376598,-0.359501124,-2.980289876,0.045850352,-0.357835603,-2.422916306,-0.058725308,-0.001665521,-0.557373570,0.104575659,-6.176510400,-450.000000000,18.457844712,0.124341807,-0.037169287,-9.701249625,116.469440006,-113.381184806,108.530559994,-111.618815194,-9.228922356,-9.228922356
1786024466.780140877,14.000297519,0.000000000,NONE,0,0.050013559,0.000000000,-4.767742798,-0.001336323,-0.017645544,-1.681229213,-0.078679902,0.017645544,-3.086513585,0.077343579,-0.349961082,-2.980952147,0.070079252,-0.352519822,-2.423509911,-0.039124337,0.002558740,-0.557442237,0.109203590,-5.614400830,-450.000000000,18.762029080,0.122281427,-0.043956167,-9.480781862,116.273795673,-113.466595258,108.726204327,-111.533404742,-9.381014540,-9.381014540
1786024466.830130100,14.050286920,0.000000000,NONE,0,0.050003657,0.000000000,-4.767742798,-0.001336323,-0.020298168,-1.803645455,-0.078646707,0.020298168,-2.964097343,0.077310384,-0.339784828,-2.981546035,0.091528840,-0.345805283,-2.423967313,-0.020971013,0.006020455,-0.557578721,0.112499852,-5.086942983,-450.000000000,18.968967078,0.120094121,-0.043525877,-9.322110564,116.102263387,-113.558791895,108.897736613,-111.441208105,-9.484483539,-9.484483539
1786024466.880130291,14.100287028,0.000000000,NONE,0,0.050006880,0.000000000,-4.767742798,-0.001336323,-0.022858620,-1.926026102,-0.078581625,0.022858620,-2.841716696,0.077245301,-0.329885045,-2.982027047,0.110072378,-0.338636021,-2.424306978,-0.004617226,0.008750976,-0.557720069,0.114689603,-4.621259748,-450.000000000,19.102985857,0.118075003,-0.038022507,-9.227423959,115.962170927,-113.651541053,109.037829073,-111.348458947,-9.551492928,-9.551492928
1786024466.930159092,14.150315639,0.000000000,TARGET_UPDATED,0,0.050047670,0.000000000,-5.767742798,-0.001336323,-0.025292325,-2.048373371,-0.078473167,0.025292325,-3.719369428,0.077136843,-0.328310756,-2.981580340,0.125612241,-0.331698432,-2.424557678,0.009406277,0.003387676,-0.557022662,0.116205964,-5.055309028,-450.000000000,19.198548364,0.116413319,-0.029576495,-9.190601778,116.061477702,-113.533823188,108.938522298,-111.466176812,-9.599274182,-9.599274182
1786024466.980131865,14.200288431,0.000000000,NONE,0,0.049939964,0.000000000,-5.767742798,-0.001336323,-0.027625503,-2.170698038,-0.078335580,0.027625503,-3.597044760,0.076999257,-0.321753813,-2.981732921,0.138142196,-0.327540629,-2.424747530,0.020507453,0.005786816,-0.556985391,0.117634742,-4.552675452,-450.000000000,19.299811728,0.115202928,-0.020003268,-9.201009257,115.938421177,-113.662083451,109.061578823,-111.337916549,-9.649905864,-9.649905864
1786024467.030092716,14.250249535,0.000000000,NONE,0,0.049985077,0.000000000,-5.767742798,-0.001336323,-0.029910357,-2.293013173,-0.078201766,0.029910357,-3.474729626,0.076865443,-0.316470155,-2.981834874,0.147651934,-0.324232324,-2.424892566,0.028447651,0.007762169,-0.556942308,0.119204283,-4.281615670,-450.000000000,19.415449100,0.114460634,-0.010710127,-9.245999736,115.881903851,-113.741096017,109.118096149,-111.258903983,-9.707724550,-9.707724550
1786024467.080138445,14.300295066,0.000000000,NONE,0,0.050040102,0.000000000,-5.767742798,-0.001336323,-0.032105508,-2.415319235,-0.078101698,0.032105508,-3.352423563,0.076765375,-0.312365600,-2.981931712,0.154175458,-0.321413450,-2.424998924,0.033412449,0.009047849,-0.556932788,0.120763009,-4.094945377,-450.000000000,19.527330722,0.114145009,-0.002704754,-9.312227193,115.851793143,-113.804320454,109.148206857,-111.195679546,-9.763665361,-9.763665361
1786024467.130124331,14.350281064,0.000000000,NONE,0,0.049988900,0.000000000,-5.767742798,-0.001336323,-0.034194885,-2.537617539,-0.078049287,0.034194885,-3.230125259,0.076712963,-0.309207093,-2.982072158,0.157726330,-0.319226291,-2.425065947,0.035751333,0.010019198,-0.557006211,0.121974997,-3.949020704,-450.000000000,19.608314238,0.114175040,0.003372037,-9.386812498,115.833958301,-113.859447948,109.166041699,-111.140552052,-9.804157119,-9.804157119
1786024467.180140018,14.400296605,0.000000000,NONE,0,0.049981416,0.000000000,-5.767742798,-0.001336323,-0.036170012,-2.659908138,-0.078041441,0.036170012,-3.107834660,0.076705118,-0.306682956,-2.982302134,0.158296611,-0.317503271,-2.425090148,0.035756110,0.010820315,-0.557211986,0.122540501,-3.829925755,-450.000000000,19.638031015,0.114446195,0.007186713,-9.458092065,115.822004455,-113.907041578,109.177995545,-111.092958422,-9.819015508,-9.819015508
1786024467.230130434,14.450287045,0.000000000,NONE,0,0.050010352,0.000000000,-5.767742798,-0.001336323,-0.038024675,-2.782189104,-0.078065050,0.038024675,-2.985553694,0.076728726,-0.304453561,-2.982656034,0.155940476,-0.315997065,-2.425059251,0.033598223,0.011543503,-0.557596783,0.122342253,-3.722817911,-450.000000000,19.611934430,0.114846127,0.008751326,-9.517219745,115.810009414,-113.948600459,109.189990586,-111.051399541,-9.805967215,-9.805967215
1786024467.280128241,14.500284779,0.000000000,NONE,0,0.049990306,0.000000000,-5.767742798,-0.001336323,-0.039753440,-2.904456422,-0.078105762,0.039753440,-2.863286376,0.076769438,-0.302202665,-2.983140973,0.151009814,-0.314452308,-2.424962193,0.029519717,0.012249643,-0.558178781,0.121490097,-3.615337456,-450.000000000,19.542237874,0.115271604,0.008394931,-9.559218833,115.793639072,-113.985970344,109.206360928,-111.014029656,-9.771118937,-9.771118937
1786024467.330177784,14.550334389,0.000000000,TARGET_UPDATED,0,0.050074919,0.000000000,-6.767742798,-0.001336323,-0.041350247,-3.026705111,-0.078153786,0.041350247,-3.741037688,0.076817463,-0.311704908,-2.982499033,0.144279741,-0.312642430,-2.424805973,0.023919419,0.000937521,-0.557693060,0.120360323,-4.812353506,-450.000000000,19.460651936,0.115640536,0.006630587,-9.582671364,116.098756218,-113.692579465,108.901243782,-111.307420535,-9.730325968,-9.730325968
1786024467.380200624,14.600357227,0.000000000,NONE,0,0.049917473,0.000000000,-6.767742798,-0.001336323,-0.042888796,-3.148939869,-0.078205015,0.042888796,-3.618802930,0.076868692,-0.310105997,-2.983048108,0.136209562,-0.313760906,-2.424609051,0.017330790,0.003654909,-0.558439057,0.118878771,-4.321448957,-450.000000000,19.352792085,0.115897929,0.004027982,-9.588807383,115.977564085,-113.816839606,109.022435915,-111.183160394,-9.676396043,-9.676396043
1786024467.430110931,14.650267754,0.000000000,NONE,0,0.050018466,0.000000000,-6.767742798,-0.001336323,-0.044463600,-3.271168770,-0.078259741,0.044463600,-3.496574028,0.076923417,-0.307957086,-2.983652599,0.127645319,-0.314086043,-2.424390770,0.010218325,0.006128956,-0.559261829,0.117426994,-4.114468730,-450.000000000,19.254759588,0.116015730,0.001125350,-9.580811010,115.923819935,-113.866585570,109.076180065,-111.133414430,-9.627379794,-9.627379794
1786024467.480138302,14.700294964,0.000000000,NONE,0,0.050001266,0.000000000,-6.767742798,-0.001336323,-0.046005640,-3.393382099,-0.078318685,0.046005640,-3.374360699,0.076982362,-0.305275754,-2.984279590,0.119231624,-0.313055316,-2.424172265,0.003141054,0.007779562,-0.560107325,0.116090570,-3.953250076,-450.000000000,19.166409319,0.115990035,-0.001622239,-9.562878853,115.879032232,-113.902407194,109.120967768,-111.097592806,-9.583204660,-9.583204660
1786024467.530130863,14.750287597,0.000000000,NONE,0,0.050001293,0.000000000,-6.767742798,-0.001336323,-0.047480055,-3.515575131,-0.078381538,0.047480055,-3.252167667,0.077045215,-0.302114562,-2.984904448,0.111481603,-0.311101840,-2.423967967,-0.003442714,0.008987278,-0.560936482,0.114924317,-3.797824162,-450.000000000,19.091048056,0.115837339,-0.003872603,-9.539743531,115.834391923,-113.935479842,109.165608077,-111.064520158,-9.545524028,-9.545524028
1786024467.580087662,14.800244251,0.000000000,NONE,0,0.049960166,0.000000000,-6.767742798,-0.001336323,-0.048860966,-3.637745003,-0.078444615,0.048860966,-3.129997795,0.077108292,-0.298559538,-2.985508370,0.104784409,-0.308415875,-2.423788300,-0.009107307,0.009856336,-0.561720070,0.113891716,-3.650324994,-450.000000000,19.024267030,0.115587816,-0.005435029,-9.515707060,115.791508014,-113.966345516,109.208491986,-111.033654484,-9.512133515,-9.512133515
1786024467.630110264,14.850266975,0.000000000,NONE,0,0.050036508,0.000000000,-6.767742798,-0.001336323,-0.050126142,-3.759889904,-0.078500701,0.050126142,-3.007852894,0.077164377,-0.294713771,-2.986077098,0.099421443,-0.305157565,-2.423640262,-0.013555236,0.010443794,-0.562436837,0.112976679,-3.511629065,-450.000000000,18.965422006,0.115278262,-0.006254196,-9.494287288,115.751479088,-113.995664556,109.248520912,-111.004335444,-9.482711003,-9.482711003
1786024467.680118322,14.900274955,0.000000000,NONE,0,0.050011230,0.000000000,-6.767742798,-0.001336323,-0.051256782,-3.882008907,-0.078542721,0.051256782,-2.885733891,0.077206397,-0.290678394,-2.986600207,0.095588380,-0.301485916,-2.423528182,-0.016638853,0.010807522,-0.563072025,0.112227233,-3.381312107,-450.000000000,18.919068976,0.114945538,-0.006390925,-9.477799186,115.714777823,-114.024121770,109.285222177,-110.975878230,-9.459534488,-9.459534488
1786024467.730465174,14.950622015,0.000000000,NONE,0,0.050267009,0.000000000,-6.767742798,-0.001336323,-0.052237224,-4.004101842,-0.078566723,0.052237224,-2.763640956,0.077230399,-0.286537663,-2.987070542,0.093412789,-0.297541240,-2.423454599,-0.018312787,0.011003577,-0.563615942,0.111725577,-3.258627148,-450.000000000,18.891766790,0.114621472,-0.005984961,-9.467456911,115.681521015,-114.052207441,109.318478985,-110.947792559,-9.445883395,-9.445883395
1786024467.780248880,15.000405434,0.000000000,TARGET_UPDATED,0,0.049819324,0.000000000,-7.767742798,-0.001336323,-0.052903187,-4.101757556,-0.078573177,0.052903187,-3.665985242,0.077236853,-0.299351256,-2.985829089,0.092929671,-0.294212459,-2.423424277,-0.018652297,-0.005138797,-0.562404811,0.111581968,-4.913348301,-450.000000000,18.891590867,0.114385710,-0.005354999,-9.466292800,116.094910275,-113.638236125,108.905089725,-111.361763875,-9.445795434,-9.445795434
1786024467.830205202,15.050361868,0.000000000,NONE,0,0.049950354,0.000000000,-7.767742798,-0.001336323,-0.053682922,-4.223816784,-0.078566412,0.053682922,-3.543926014,0.077230089,-0.296653756,-2.986070924,0.093792751,-0.294417283,-2.423426538,-0.017832992,-0.002236473,-0.562644386,0.111625742,-4.280447009,-450.000000000,18.901201918,0.114130429,-0.004491117,-9.465910882,115.936589473,-113.796365968,109.063410527,-111.203634032,-9.450600959,-9.450600959
1786024467.880119801,15.100276505,0.000000000,NONE,0,0.049938111,0.000000000,-7.767742798,-0.001336323,-0.054526613,-4.345880762,-0.078545550,0.054526613,-3.421862036,0.077209227,-0.293872508,-2.986268346,0.096193339,-0.294284962,-2.423472227,-0.015819386,0.000412453,-0.562796119,0.112012726,-4.048211658,-450.000000000,18.937960480,0.113921003,-0.003605903,-9.469386937,115.879399649,-113.855293820,109.120600351,-111.144706180,-9.468980240,-9.468980240
1786024467.930106640,15.150263186,0.000000000,NONE,0,0.049956546,0.000000000,-7.767742798,-0.001336323,-0.055346717,-4.467941970,-0.078514745,0.055346717,-3.299800828,0.077178421,-0.291049848,-2.986422894,0.099852020,-0.293038597,-2.423557003,-0.012807364,0.001988749,-0.562865891,0.112659384,-3.896313569,-450.000000000,18.991235760,0.113757010,-0.002799969,-9.475692689,115.843001565,-113.894844780,109.156998435,-111.105155220,-9.495617880,-9.495617880
1786024467.980087996,15.200244706,0.000000000,NONE,0,0.050023901,0.000000000,-7.767742798,-0.001336323,-0.056106162,-4.589998428,-0.078476744,0.056106162,-3.177744371,0.077140420,-0.288175849,-2.986544520,0.104381310,-0.291303894,-2.423670583,-0.009082747,0.003128044,-0.562873938,0.113464057,-3.757242975,-450.000000000,19.053542194,0.113631827,-0.002165216,-9.483394132,115.810159277,-113.931537789,109.189840723,-111.068462211,-9.526771097,-9.526771097
1786024468.030125380,15.250281924,0.000000000,NONE,0,0.050042987,0.000000000,-7.767742798,-0.001336323,-0.056781373,-4.712049242,-0.078433612,0.056781373,-3.055693556,0.077097288,-0.285220022,-2.986647508,0.109362613,-0.289215268,-2.423801821,-0.004974222,0.003995246,-0.562845687,0.114336835,-3.629704822,-450.000000000,19.118852300,0.113534671,-0.001752667,-9.491110357,115.780203795,-113.965351384,109.219796205,-111.034648616,-9.559426150,-9.559426150
1786024468.080271959,15.300428471,0.000000000,NONE,0,0.050126321,0.000000000,-7.767742798,-0.001336323,-0.057354298,-4.834093573,-0.078387274,0.057354298,-2.933649225,0.077050951,-0.282143549,-2.986748393,0.114398275,-0.286847773,-2.423940162,-0.000808145,0.004704224,-0.562808231,0.115206420,-3.506966717,-450.000000000,19.182518024,0.113452941,-0.001572046,-9.497752184,115.751179725,-113.997696367,109.248820275,-111.002303633,-9.591259012,-9.591259012
1786024468.130119562,15.350276384,0.000000000,NONE,0,0.049859700,0.000000000,-7.767742798,-0.001336323,-0.057811538,-4.956130472,-0.078339968,0.057811538,-2.811612326,0.077003645,-0.278905472,-2.986864292,0.119142570,-0.284252599,-2.424076327,0.003118954,0.005347128,-0.562787965,0.116023616,-3.382843559,-450.000000000,19.241656227,0.113374364,-0.001599091,-9.502501207,115.721336192,-114.029914412,109.278663808,-110.970085588,-9.620828114,-9.620828114
1786024468.180258512,15.400415245,0.000000000,TARGET_UPDATED,0,0.050108162,0.000000000,-8.767742798,-0.001336323,-0.058143056,-5.078158724,-0.078294781,0.058143056,-3.689584074,0.076958458,-0.292960437,-2.985351923,0.123182545,-0.281461121,-2.424202403,0.006550207,-0.011499316,-0.561149519,0.116632338,-5.126439678,-450.000000000,19.282947129,0.113288725,-0.001783560,-9.505158752,116.157899608,-113.594679768,108.842100392,-111.405320232,-9.641473565,-9.641473565
1786024468.230113268,15.450269811,0.000000000,NONE,0,0.049893231,0.000000000,-8.767742798,-0.001336323,-0.058479760,-5.200192587,-0.078255582,0.058479760,-3.567550211,0.076919259,-0.290711229,-2.985429759,0.126524410,-0.283801893,-2.424312878,0.009219460,-0.006909336,-0.561116880,0.117304949,-4.360389493,-450.000000000,19.334289154,0.113189143,-0.002070813,-9.505614383,115.966500969,-113.786306223,109.033499031,-111.213693777,-9.667144577,-9.667144577
1786024468.280114889,15.500271590,0.000000000,NONE,0,0.049993248,0.000000000,-8.767742798,-0.001336323,-0.058931875,-5.322243261,-0.078225963,0.058931875,-3.445499537,0.076889640,-0.288154124,-2.985574476,0.128896412,-0.284743814,-2.424399260,0.011065316,-0.003410310,-0.561175216,0.117831097,-4.101926495,-450.000000000,19.371108199,0.113072539,-0.002390826,-9.504391705,115.901579550,-113.850616302,109.098420450,-111.149383698,-9.685554099,-9.685554099
1786024468.330128908,15.550285522,0.000000000,NONE,0,0.049999621,0.000000000,-8.767742798,-0.001336323,-0.059403533,-5.444298232,-0.078207451,0.059403533,-3.323444566,0.076871127,-0.285346792,-2.985786066,0.130209100,-0.284486330,-2.424459134,0.012045009,-0.000860462,-0.561326932,0.118164091,-3.891145594,-450.000000000,19.393507429,0.112938791,-0.002691427,-9.501979654,115.848281312,-113.902708515,109.151718688,-111.097291485,-9.696753714,-9.696753714
1786024468.380119801,15.600276547,0.000000000,NONE,0,0.050003752,0.000000000,-8.767742798,-0.001336323,-0.059859938,-5.566351666,-0.078200271,0.059859938,-3.201391132,0.076863947,-0.282312415,-2.986065096,0.130415088,-0.283598055,-2.424488542,0.012135368,0.001285640,-0.561576554,0.118279721,-3.688255650,-450.000000000,19.400211204,0.112790466,-0.002937051,-9.498937281,115.796798233,-113.952670408,109.203201767,-111.047329592,-9.700105602,-9.700105602
1786024468.430129766,15.650286232,0.000000000,NONE,0,0.050017322,0.000000000,-8.767742798,-0.001336323,-0.060274679,-5.688398551,-0.078203510,0.060274679,-3.079344247,0.076867187,-0.279073691,-2.986408354,0.129527183,-0.282185110,-2.424484089,0.011358084,0.003111419,-0.561924264,0.118169099,-3.498312308,-450.000000000,19.390898844,0.112631525,-0.003103430,-9.495825221,115.748534382,-113.999378228,109.251465618,-111.000621772,-9.695449422,-9.695449422
1786024468.480114222,15.700270759,0.000000000,NONE,0,0.049986194,0.000000000,-8.767742798,-0.001336323,-0.060626923,-5.810434501,-0.078215815,0.060626923,-2.957308297,0.076879491,-0.275653131,-2.986807224,0.127657694,-0.280374938,-2.424444844,0.009798720,0.004721807,-0.562362380,0.117858974,-3.315339605,-450.000000000,19.368143222,0.112467048,-0.003186482,-9.493080145,115.702104937,-114.044435135,109.297895063,-110.955564865,-9.684071611,-9.684071611
1786024468.530137539,15.750294128,0.000000000,NONE,0,0.050004024,0.000000000,-8.767742798,-0.001336323,-0.060900039,-5.932455877,-0.078235728,0.060900039,-2.835286921,0.076899405,-0.272068869,-2.987249088,0.125007323,-0.278248501,-2.424374797,0.007614877,0.006179632,-0.562874291,0.117392446,-3.137126091,-450.000000000,19.335295708,0.112301815,-0.003193160,-9.491025867,115.657037989,-114.088474944,109.342962011,-110.911525056,-9.667647854,-9.667647854
1786024468.580159664,15.800316346,0.000000000,TARGET_UPDATED,0,0.050031040,0.000000000,-9.767742798,-0.001336323,-0.061080047,-6.054459828,-0.078261682,0.061080047,-3.713282970,0.076925359,-0.286435656,-2.986037343,0.121860585,-0.275861572,-2.424281346,0.005013006,-0.010574083,-0.561755997,0.116847579,-4.889409011,-450.000000000,19.298517291,0.112139753,-0.003139817,-9.489815222,116.094806058,-113.650101553,108.905193942,-111.349898447,-9.649258645,-9.649258645
1786024468.630106688,15.850263214,0.000000000,NONE,0,0.049956688,0.000000000,-9.767742798,-0.001336323,-0.061297751,-6.176460429,-0.078291959,0.061297751,-3.591282370,0.076955636,-0.283966095,-2.986413085,0.118427308,-0.278721726,-2.424174993,0.002202224,-0.005244369,-0.562238091,0.116225084,-4.061005794,-450.000000000,19.256275624,0.111983506,-0.003050537,-9.489396956,115.887600687,-113.857097790,109.112399313,-111.142902210,-9.628137812,-9.628137812
1786024468.680175066,15.900331782,0.000000000,NONE,0,0.050054152,0.000000000,-9.767742798,-0.001336323,-0.061661249,-6.298469559,-0.078324588,0.061661249,-3.469273239,0.076988264,-0.281289029,-2.986802839,0.114984643,-0.280080624,-2.424062408,-0.000601603,-0.001208405,-0.562740430,0.115586245,-3.772745674,-450.000000000,19.214147426,0.111834083,-0.002941784,-9.489726173,115.815617962,-113.929245125,109.184382038,-111.070754875,-9.607073713,-9.607073713
1786024468.730096340,15.950253150,0.000000000,NONE,0,0.049938922,0.000000000,-9.767742798,-0.001336323,-0.062065712,-6.420475732,-0.078357084,0.062065712,-3.347267067,0.077020761,-0.278466307,-2.987190502,0.111789389,-0.280150757,-2.423954612,-0.003179307,0.001684451,-0.563235890,0.114968696,-3.546462028,-450.000000000,19.174186506,0.111691201,-0.002834196,-9.490526923,115.759247238,-113.986016224,109.240752762,-111.013983776,-9.587093253,-9.587093253
1786024468.780177832,16.000334672,0.000000000,NONE,0,0.050042304,0.000000000,-9.767742798,-0.001336323,-0.062468968,-6.542474859,-0.078386747,0.062468968,-3.225267939,0.077050423,-0.275512638,-2.987567333,0.109050187,-0.279500248,-2.423858555,-0.005353736,0.003987610,-0.563708778,0.114403923,-3.342019286,-450.000000000,19.138595129,0.111553722,-0.002741887,-9.491616556,115.708408960,-114.037399318,109.291591040,-110.962600682,-9.569297564,-9.569297564
1786024468.830139160,16.050295712,0.000000000,NONE,0,0.049977804,0.000000000,-9.767742798,-0.001336323,-0.062839139,-6.664464254,-0.078411025,0.062839139,-3.103278544,0.077074702,-0.272434035,-2.987927655,0.106930688,-0.278265130,-2.423779844,-0.006995641,0.005831095,-0.564147811,0.113926328,-3.159929872,-450.000000000,19.109740166,0.111420048,-0.002673360,-9.492744893,115.663168691,-114.083203755,109.336831309,-110.916796245,-9.554870083,-9.554870083
1786024468.880208015,16.100364665,0.000000000,NONE,0,0.050037784,0.000000000,-9.767742798,-0.001336323,-0.063149797,-6.786441985,-0.078428087,0.063149797,-2.981300813,0.077091764,-0.269231951,-2.988267995,0.105549104,-0.276547744,-2.423722341,-0.008022281,0.007315793,-0.564545654,0.113571386,-2.995138334,-450.000000000,19.090198266,0.111288479,-0.002630500,-9.493785245,115.622230895,-114.124661728,109.377769105,-110.875338272,-9.545099133,-9.545099133
1786024468.930115938,16.150272388,0.000000000,NONE,0,0.049947095,0.000000000,-9.767742798,-0.001336323,-0.063378617,-6.908406657,-0.078437149,0.063378617,-2.859336141,0.077100825,-0.265904656,-2.988586497,0.104979378,-0.274416576,-2.423688323,-0.008390436,0.008511920,-0.564898174,0.113369815,-2.843941680,-450.000000000,19.081977343,0.111157514,-0.002611952,-9.494597526,115.584634802,-114.162663961,109.415365198,-110.837336039,-9.540988672,-9.540988672
1786024468.980516672,16.200672972,0.000000000,TARGET_UPDATED,0,0.050217238,0.000000000,-10.767742798,-0.001336323,-0.063507330,-7.030357364,-0.078438094,0.063507330,-3.737385434,0.077101771,-0.280985086,-2.987192696,0.105369419,-0.271944030,-2.423678900,-0.008083174,-0.009041056,-0.563513796,0.113452593,-4.664268792,-450.000000000,19.096304522,0.111026111,-0.002611020,-9.495245478,116.039878567,-113.707744172,108.960121433,-111.292255828,-9.548152261,-9.548152261
1786024469.030183792,16.250340329,0.000000000,NONE,0,0.049814482,0.000000000,-10.767742798,-0.001336323,-0.063632356,-7.127919203,-0.078433020,0.063632356,-3.639823595,0.077096697,-0.279248297,-2.987327980,0.106140023,-0.274368434,-2.423690894,-0.007353722,-0.004879863,-0.563637086,0.113493745,-3.935227528,-450.000000000,19.101189701,0.110919952,-0.002624350,-9.497670287,115.858224454,-113.890610690,109.141775546,-111.109389310,-9.550594851,-9.550594851
1786024469.080191135,16.300347804,0.000000000,NONE,0,0.050016092,0.000000000,-10.767742798,-0.001336323,-0.063925037,-7.249886079,-0.078420120,0.063925037,-3.517856719,0.077083796,-0.276872302,-2.987491958,0.107716438,-0.276090602,-2.423725631,-0.005991763,-0.000781700,-0.563766327,0.113708202,-3.627920639,-450.000000000,19.122506935,0.110784485,-0.002692165,-9.497236767,115.781289352,-113.967329032,109.218710648,-111.032670968,-9.561253467,-9.561253467
1786024469.130125284,16.350281841,0.000000000,NONE,0,0.049964865,0.000000000,-10.767742798,-0.001336323,-0.064262664,-7.371858273,-0.078401889,0.064262664,-3.395884525,0.077065566,-0.274321857,-2.987648580,0.109847435,-0.276146911,-2.423781635,-0.004218687,0.001825054,-0.563866945,0.114066121,-3.434172788,-450.000000000,19.153286644,0.110645009,-0.002765450,-9.496402587,115.732643844,-114.015557450,109.267356156,-110.984442550,-9.576643322,-9.576643322
1786024469.180225372,16.400381787,0.000000000,NONE,0,0.050019328,0.000000000,-10.767742798,-0.001336323,-0.064591684,-7.493830705,-0.078379491,0.064591684,-3.273912094,0.077043168,-0.271620388,-2.987801150,0.112347081,-0.275330256,-2.423852873,-0.002160422,0.003709868,-0.563948276,0.114507503,-3.265124756,-450.000000000,19.188707939,0.110503167,-0.002813762,-9.495626686,115.690187861,-114.057625483,109.309812139,-110.942374517,-9.594353970,-9.594353970
1786024469.230229855,16.450386295,0.000000000,NONE,0,0.050046333,0.000000000,-10.767742798,-0.001336323,-0.064877311,-7.615800153,-0.078353791,0.064877311,-3.151942645,0.077017467,-0.268779204,-2.987955322,0.115008846,-0.273874398,-2.423933086,0.000022004,0.005095193,-0.564022237,0.114986842,-3.118634724,-450.000000000,19.225892725,0.110360710,-0.002836590,-9.495048156,115.653420720,-114.094103358,109.346579280,-110.905896642,-9.612946363,-9.612946363
1786024469.280312777,16.500469464,0.000000000,NONE,0,0.050049525,0.000000000,-10.767742798,-0.001336323,-0.065091797,-7.737763924,-0.078325908,0.065091797,-3.029978874,0.076989584,-0.265804169,-2.988117862,0.117628341,-0.271913352,-2.424016181,0.002158108,0.006109182,-0.564101682,0.115470233,-2.989194598,-450.000000000,19.262699989,0.110218895,-0.002840046,-9.494701184,115.620973946,-114.126376647,109.379026054,-110.873623353,-9.631349995,-9.631349995
1786024469.330541134,16.550697654,0.000000000,NONE,0,0.050174233,0.000000000,-10.767742798,-0.001336323,-0.065212583,-7.859719616,-0.078297246,0.065212583,-2.908023182,0.076960923,-0.262696442,-2.988295936,0.120019544,-0.269540466,-2.424096529,0.004091975,0.006844024,-0.564199407,0.115927568,-2.872195149,-450.000000000,19.297078493,0.110078350,-0.002831583,-9.494588448,115.591695899,-114.155598325,109.408304101,-110.844401675,-9.648539247,-9.648539247
1786024469.380346775,16.600503413,0.000000000,NONE,0,0.049756584,0.000000000,-10.767742798,-0.001336323,-0.065221953,-7.981665081,-0.078269831,0.065221953,-2.786077717,0.076933507,-0.259452198,-2.988496535,0.122025568,-0.266848298,-2.424169182,0.005683308,0.007396100,-0.564327352,0.116342260,-2.761626913,-450.000000000,19.328220752,0.109939068,-0.002819925,-9.494502849,115.564032440,-114.183218984,109.435967560,-110.816781016,-9.664110376,-9.664110376
1786024469.430361032,16.650517777,0.000000000,TARGET_UPDATED,0,0.050189968,0.000000000,-11.767742798,-0.001336323,-0.065106041,-8.103598326,-0.078245969,0.065106041,-3.664144472,0.076909646,-0.275984217,-2.986954364,0.123471858,-0.263902776,-2.424229933,0.006830735,-0.012081441,-0.562724431,0.116641123,-4.752025131,-450.000000000,19.349688512,0.109800631,-0.002808426,-9.494564631,116.061647440,-113.685634875,108.938352560,-111.314365125,-9.674844256,-9.674844256
1786024469.480189800,16.700346347,0.000000000,NONE,0,0.049792124,0.000000000,-11.767742798,-0.001336323,-0.065023595,-8.225536205,-0.078227865,0.065023595,-3.542206593,0.076891541,-0.273899929,-2.987110411,0.124309772,-0.267002009,-2.424276774,0.007409591,-0.006897920,-0.562833636,0.116900181,-3.894331364,-450.000000000,19.369981089,0.109662647,-0.002805803,-9.494472839,115.847201051,-113.900035369,109.152798949,-111.099964631,-9.684990544,-9.684990544
1786024469.530142307,16.750298925,0.000000000,NONE,0,0.049967497,0.000000000,-11.767742798,-0.001336323,-0.065072886,-8.347488495,-0.078216935,0.065072886,-3.420254303,0.076880611,-0.271567862,-2.987315782,0.124475814,-0.267997247,-2.424303794,0.007416023,-0.003570615,-0.563011988,0.117059791,-3.671613042,-450.000000000,19.382069830,0.109524686,-0.002804982,-9.494389510,115.791500638,-113.955694117,109.208499362,-111.044305883,-9.691034915,-9.691034915
1786024469.580404282,16.800560882,0.000000000,NONE,0,0.049978423,0.000000000,-11.767742798,-0.001336323,-0.065149228,-8.469442641,-0.078213538,0.065149228,-3.298300157,0.076877214,-0.269044756,-2.987564782,0.123973097,-0.267855978,-2.424311600,0.006879987,-0.001188777,-0.563253183,0.117093109,-3.482594881,-450.000000000,19.384800579,0.109386203,-0.002806433,-9.494230274,115.744206289,-114.002908848,109.255793711,-110.997091152,-9.692400289,-9.692400289
1786024469.630094528,16.850251234,0.000000000,NONE,0,0.050004716,0.000000000,-11.767742798,-0.001336323,-0.065214403,-8.591393330,-0.078217098,0.065214403,-3.176349468,0.076880775,-0.266341293,-2.987853726,0.122847047,-0.267024300,-2.424298432,0.005850444,0.000683007,-0.563555294,0.116996603,-3.311448903,-450.000000000,19.378373751,0.109246904,-0.002808598,-9.493990436,115.701359835,-114.045635383,109.298640165,-110.954364617,-9.689186876,-9.689186876
1786024469.680105448,16.900262134,0.000000000,NONE,0,0.050006285,0.000000000,-11.767742798,-0.001336323,-0.065238846,-8.713336246,-0.078226585,0.065238846,-3.054406552,0.076890262,-0.263464570,-2.988176692,0.121197080,-0.265649126,-2.424265197,0.004414406,0.002184556,-0.563911495,0.116782675,-3.156000103,-450.000000000,19.363970586,0.109106808,-0.002808954,-9.493691231,115.662422833,-114.084422782,109.337577167,-110.915577218,-9.681985293,-9.681985293
1786024469.730125666,16.950282138,0.000000000,NONE,0,0.050025536,0.000000000,-11.767742798,-0.001336323,-0.065213179,-8.810882623,-0.078237694,0.065213179,-2.956860175,0.076901371,-0.261041689,-2.988454521,0.119594765,-0.264211750,-2.424226134,0.003045314,0.003170061,-0.564228387,0.116549451,-3.046494294,-450.000000000,19.350176087,0.108994381,-0.002805696,-9.495634640,115.635532234,-114.112285087,109.364467766,-110.887714913,-9.675088044,-9.675088044
1786024469.780327320,17.000483870,0.000000000,NONE,0,0.049982805,0.000000000,-11.767742798,-0.001336323,-0.065111362,-8.932803635,-0.078254400,0.065111362,-2.834939163,0.076918077,-0.257857623,-2.988819819,0.117377243,-0.262231109,-2.424165733,0.001206006,0.004373486,-0.564654085,0.116171237,-2.890985369,-450.000000000,19.323699598,0.108852770,-0.002845752,-9.494786694,115.596443016,-114.150950331,109.403556984,-110.849049669,-9.661849799,-9.661849799
1786024469.830179691,17.050336218,0.000000000,TARGET_UPDATED,0,0.050071948,0.000000000,-12.767742798,-0.001336323,-0.064921099,-9.054709767,-0.078272494,0.064921099,-3.713033031,0.076936170,-0.273743254,-2.987499859,0.115010280,-0.259970633,-2.424097497,-0.000674902,-0.013772621,-0.563402362,0.115685182,-4.769427594,-450.000000000,19.290431771,0.108708801,-0.002886831,-9.493744932,116.065793131,-113.681079335,108.934206869,-111.318920665,-9.645215886,-9.645215886
1786024469.880084753,17.100241413,0.000000000,NONE,0,0.049911824,0.000000000,-12.767742798,-0.001336323,-0.064743204,-9.176611913,-0.078291711,0.064743204,-3.591130885,0.076955388,-0.271608059,-2.987780388,0.112792770,-0.262411925,-2.424028034,-0.002514311,-0.009196134,-0.563752354,0.115307081,-3.985427434,-450.000000000,19.268974117,0.108564021,-0.002901040,-9.492857741,115.869571294,-113.876857577,109.130428706,-111.123142423,-9.634487058,-9.634487058
1786024469.930137873,17.150294369,0.000000000,NONE,0,0.050039010,0.000000000,-12.767742798,-0.001336323,-0.064742656,-9.298528067,-0.078311325,0.064742656,-3.469214732,0.076975002,-0.269205716,-2.988073679,0.110795125,-0.264595447,-2.423959398,-0.004155616,-0.004610269,-0.564114281,0.114950741,-3.648458219,-450.000000000,19.247360400,0.108419983,-0.002885046,-9.492345081,115.785200825,-113.960971715,109.214799175,-111.039028285,-9.623680200,-9.623680200
1786024469.980129719,17.200286367,0.000000000,NONE,0,0.049969335,0.000000000,-12.767742798,-0.001336323,-0.064809861,-9.420446595,-0.078329473,0.064809861,-3.347296203,0.076993150,-0.266605007,-2.988367761,0.109168540,-0.265096178,-2.423898582,-0.005453354,-0.001508829,-0.564469179,0.114621893,-3.425513167,-450.000000000,19.227745117,0.108278054,-0.002846180,-9.492200558,115.729428431,-114.016671848,109.270571569,-110.983328152,-9.613872559,-9.613872559
1786024470.030110836,17.250267471,0.000000000,NONE,0,0.049995930,0.000000000,-12.767742798,-0.001336323,-0.064892439,-9.542362315,-0.078344364,0.064892439,-3.225380483,0.077008041,-0.263834521,-2.988656200,0.108020837,-0.264771848,-2.423849017,-0.006325497,0.000937327,-0.564807183,0.114346334,-3.221755136,-450.000000000,19.212383745,0.108139011,-0.002794957,-9.492402407,115.678539386,-114.067661818,109.321460614,-110.932338182,-9.606191873,-9.606191873
1786024470.080092907,17.300249509,0.000000000,NONE,0,0.049998756,0.000000000,-12.767742798,-0.001336323,-0.064957587,-9.664272313,-0.078354702,0.064957587,-3.103470486,0.077018379,-0.260907895,-2.988935163,0.107425688,-0.263854009,-2.423813435,-0.006721634,0.002946114,-0.565121729,0.114147322,-3.036644016,-450.000000000,19.202837822,0.108003042,-0.002741245,-9.492862048,115.632376516,-114.114054508,109.367623484,-110.885945492,-9.601418911,-9.601418911
1786024470.130102873,17.350259548,0.000000000,NONE,0,0.049999909,0.000000000,-12.767742798,-0.001336323,-0.064978922,-9.786174472,-0.078359781,0.064978922,-2.981568326,0.077023457,-0.257833225,-2.989202383,0.107422176,-0.262459046,-2.423793621,-0.006620719,0.004625821,-0.565408762,0.114042895,-2.866242180,-450.000000000,19.200270763,0.107869820,-0.002693081,-9.493472886,115.589928767,-114.156807677,109.410071233,-110.843192323,-9.600135382,-9.600135382
1786024470.180128336,17.400284910,0.000000000,NONE,0,0.050026098,0.000000000,-12.767742798,-0.001336323,-0.064935248,-9.908067302,-0.078359438,0.064935248,-2.859675496,0.077023115,-0.254613626,-2.989457024,0.108013247,-0.260679747,-2.423790548,-0.006029228,0.006066121,-0.565666476,0.114042476,-2.705769735,-450.000000000,19.205174159,0.107738659,-0.002655817,-9.494132147,115.549975470,-114.197090603,109.450024530,-110.802909397,-9.602587080,-9.602587080
1786024470.230413675,17.450570146,0.000000000,TARGET_UPDATED,0,0.050217163,0.000000000,-13.767742798,-0.001336323,-0.064809281,-10.029949774,-0.078353893,0.064809281,-3.737793024,0.077017570,-0.270167381,-2.988047833,0.109206550,-0.258582213,-2.423804479,-0.004985904,-0.011585167,-0.564243355,0.114192454,-4.534805172,-450.000000000,19.221534828,0.107608694,-0.002632151,-9.494779174,116.007396086,-113.739993500,108.992603914,-111.260006500,-9.610767414,-9.610767414
1786024470.280125141,17.500281739,0.000000000,NONE,0,0.049775032,0.000000000,-13.767742798,-0.001336323,-0.064709117,-10.151834446,-0.078343431,0.064709117,-3.615908352,0.077007108,-0.268036632,-2.988180655,0.110794625,-0.261307436,-2.423835326,-0.003573882,-0.006729196,-0.564345329,0.114368508,-3.739850710,-450.000000000,19.237255337,0.107478782,-0.002626967,-9.495137567,115.808747069,-113.938821714,109.191252931,-111.061178286,-9.618627668,-9.618627668
1786024470.330117464,17.550274049,0.000000000,NONE,0,0.050001802,0.000000000,-13.767742798,-0.001336323,-0.064779447,-10.273737558,-0.078328678,0.064779447,-3.494005240,0.076992355,-0.265668767,-2.988320659,0.112682492,-0.263312645,-2.423877240,-0.001931215,-0.002356122,-0.564443419,0.114613707,-3.427339306,-450.000000000,19.258651508,0.107348040,-0.002631440,-9.495368704,115.730677002,-114.017007349,109.269322998,-110.982992651,-9.629325754,-9.629325754
1786024470.380175591,17.600332152,0.000000000,NONE,0,0.050071669,0.000000000,-13.767742798,-0.001336323,-0.064909611,-10.395647739,-0.078310699,0.064909611,-3.372095059,0.076974375,-0.263127513,-2.988466082,0.114742147,-0.263721522,-2.423928863,-0.000168503,0.000594009,-0.564537219,0.114910651,-3.214751524,-450.000000000,19.283341051,0.107216446,-0.002641328,-9.495479298,115.677557706,-114.070181943,109.322442294,-110.929818057,-9.641670525,-9.641670525
1786024470.430128813,17.650285591,0.000000000,NONE,0,0.049918485,0.000000000,-13.767742798,-0.001336323,-0.065049608,-10.517559997,-0.078290671,0.065049608,-3.250182801,0.076954348,-0.260434882,-2.988620067,0.116825534,-0.263307942,-2.423985707,0.001592102,0.002873060,-0.564634360,0.115233431,-3.023947868,-450.000000000,19.309347627,0.107084022,-0.002654742,-9.495442157,115.629847506,-114.117873572,109.370152494,-110.882126428,-9.654673814,-9.654673814
1786024470.480128765,17.700285280,0.000000000,NONE,0,0.050006891,0.000000000,-13.767742798,-0.001336323,-0.065165653,-10.639470890,-0.078269956,0.065165653,-3.128271908,0.076933633,-0.257601936,-2.988787016,0.118788392,-0.262265163,-2.424043564,0.003227222,0.004663227,-0.564743451,0.115561170,-2.856269031,-450.000000000,19.335266465,0.106950894,-0.002668755,-9.495348345,115.587904344,-114.159769829,109.412095656,-110.840230171,-9.667633233,-9.667633233
1786024470.530164242,17.750320798,0.000000000,NONE,0,0.050014728,0.000000000,-13.767742798,-0.001336323,-0.065230035,-10.761377420,-0.078250080,0.065230035,-3.006365378,0.076913757,-0.254635704,-2.988971482,0.120501128,-0.260710253,-2.424098493,0.004627912,0.006074548,-0.564872989,0.115873216,-2.706535494,-450.000000000,19.359692560,0.106817256,-0.002682043,-9.495209287,115.550436195,-114.197168448,109.449563805,-110.802831552,-9.679846280,-9.679846280
1786024470.580137014,17.800293539,0.000000000,NONE,0,0.049966729,0.000000000,-13.767742798,-0.001336323,-0.065220330,-10.883276954,-0.078232479,0.065220330,-2.884465844,0.076896156,-0.251538791,-2.989177755,0.121855975,-0.258739204,-2.424146950,0.005708593,0.007200413,-0.565030805,0.116147382,-2.569709370,-450.000000000,19.381033869,0.106683263,-0.002693986,-9.495031662,115.516185258,-114.231330573,109.483814742,-110.768669427,-9.690516935,-9.690516935
1786024470.630109787,17.850266406,0.000000000,NONE,0,0.050024654,0.000000000,-13.767742798,-0.001336323,-0.065117767,-11.005167069,-0.078218180,0.065117767,-2.762575729,0.076881857,-0.248310266,-2.989409399,0.122771335,-0.256415001,-2.424185924,0.006410891,0.008104735,-0.565223475,0.116360444,-2.442718175,-450.000000000,19.397630794,0.106549024,-0.002703828,-9.494854260,115.484393109,-114.263034021,109.515606891,-110.736965979,-9.698815397,-9.698815397
1786024470.680197477,17.900354016,0.000000000,TARGET_UPDATED,0,0.050055887,0.000000000,-14.767742798,-0.001336323,-0.064907048,-11.127045559,-0.078207937,0.064907048,-3.640697239,0.076871614,-0.265116465,-2.987945836,0.123242614,-0.253803817,-2.424213038,0.006695080,-0.011312648,-0.563732798,0.116547534,-4.425664042,-450.000000000,19.413122543,0.106414581,-0.002711790,-9.494672563,115.980084151,-113.767252130,109.019915849,-111.232747870,-9.706561271,-9.706561271
1786024470.730091810,17.950248460,0.000000000,NONE,0,0.049925343,0.000000000,-14.767742798,-0.001336323,-0.064718516,-11.248925726,-0.078202029,0.064718516,-3.518817072,0.076865706,-0.263092408,-2.988130223,0.123101241,-0.256650667,-2.424228049,0.006533956,-0.006441740,-0.563902173,0.116567285,-3.597090669,-450.000000000,19.414072930,0.106280042,-0.002720987,-9.494429657,115.772880081,-113.974334747,109.227119919,-111.025665253,-9.707036465,-9.707036465
1786024470.780104160,18.000260888,0.000000000,NONE,0,0.049991132,0.000000000,-14.767742798,-0.001336323,-0.064690810,-11.370821483,-0.078200600,0.064690810,-3.396921315,0.076864276,-0.260825389,-2.988357064,0.122415034,-0.258317531,-2.424226405,0.005897889,-0.002507858,-0.564130658,0.116517145,-3.323332790,-450.000000000,19.412076945,0.106145491,-0.002726281,-9.494225309,115.704389525,-114.042723130,109.295610475,-110.957276870,-9.706038472,-9.706038472
1786024470.830111504,18.050268122,0.000000000,NONE,0,0.050009527,0.000000000,-14.767742798,-0.001336323,-0.064708613,-11.492719727,-0.078203843,0.064708613,-3.275023071,0.076867520,-0.258379212,-2.988617064,0.121254335,-0.258451335,-2.424210381,0.004858558,0.000072124,-0.564406683,0.116395777,-3.135046310,-450.000000000,19.405067713,0.106010779,-0.002727545,-9.494038763,115.657271268,-114.089748113,109.342728732,-110.910251887,-9.702533857,-9.702533857
1786024470.880092621,18.100249424,0.000000000,NONE,0,0.049992133,0.000000000,-14.767742798,-0.001336323,-0.064724535,-11.614614681,-0.078211283,0.064724535,-3.153128117,0.076874960,-0.255769829,-2.988904006,0.119714649,-0.257791805,-2.424180847,0.003507757,0.002021976,-0.564723159,0.116206892,-2.966590677,-450.000000000,19.393399046,0.105875819,-0.002725370,-9.493849646,115.615110081,-114.131814742,109.384889919,-110.868185258,-9.696699523,-9.696699523
1786024470.930166960,18.150323649,0.000000000,NONE,0,0.050047719,0.000000000,-14.767742798,-0.001336323,-0.064705578,-11.736502247,-0.078222106,0.064705578,-3.031240551,0.076885782,-0.253004281,-2.989211443,0.117917291,-0.256520075,-2.424140334,0.001952543,0.003515794,-0.565071109,0.115964748,-2.818907238,-450.000000000,19.378290954,0.105740635,-0.002719322,-9.493679566,115.578146701,-114.168693082,109.421853299,-110.831306918,-9.689145477,-9.689145477
1786024470.980108976,18.200265774,0.000000000,NONE,0,0.049950172,0.000000000,-14.767742798,-0.001336323,-0.064624750,-11.858379164,-0.078235382,0.064624750,-2.909363634,0.076899059,-0.250086862,-2.989532784,0.115998234,-0.254754296,-2.424092305,0.000308784,0.004667434,-0.565440480,0.115689450,-2.686467468,-450.000000000,19.361236172,0.105605396,-0.002709127,-9.493512381,115.544994962,-114.201761228,109.455005038,-110.798238772,-9.680618086,-9.680618086
1786024471.030212402,18.250368881,0.000000000,NONE,0,0.050004381,0.000000000,-14.767742798,-0.001336323,-0.064461707,-11.980243089,-0.078249916,0.064461707,-2.787499709,0.076913592,-0.247017656,-2.989861991,0.114095915,-0.252621533,-2.424040671,-0.001301388,0.005603877,-0.565821320,0.115397303,-2.561686172,-450.000000000,19.343340115,0.105470394,-0.002694482,-9.493406651,115.513773206,-114.232930120,109.486226794,-110.767069880,-9.671670058,-9.671670058
1786024471.080143690,18.300300332,0.000000000,TARGET_UPDATED,0,0.050064393,0.000000000,-15.767742798,-0.001336323,-0.064199284,-12.102092228,-0.078264617,0.064199284,-3.665650571,0.076928293,-0.263426341,-2.988530094,0.112293605,-0.250170684,-2.423989391,-0.002770177,-0.013255657,-0.564540703,0.115063782,-4.488580009,-450.000000000,19.322054592,0.105336020,-0.002675831,-9.493390444,115.995492613,-113.751202609,109.004507387,-111.248797391,-9.661027296,-9.661027296
1786024471.130074978,18.350231603,0.000000000,NONE,0,0.049876675,0.000000000,-15.767742798,-0.001336323,-0.063970614,-12.223940912,-0.078278133,0.063970614,-3.543801886,0.076941810,-0.261454459,-2.988761450,0.110754944,-0.253182793,-2.423943453,-0.004042703,-0.008271665,-0.564817996,0.114797647,-3.663740908,-450.000000000,19.307613980,0.105202451,-0.002658089,-9.493376601,115.789279377,-113.957408923,109.210720623,-111.042591077,-9.653806990,-9.653806990
1786024471.180085897,18.400242671,0.000000000,NONE,0,0.050051539,0.000000000,-15.767742798,-0.001336323,-0.063901727,-12.345802671,-0.078289361,0.063901727,-3.421940127,0.076953038,-0.259228412,-2.989000570,0.109545450,-0.254830728,-2.423902786,-0.005033770,-0.004397684,-0.565097784,0.114579220,-3.398646212,-450.000000000,19.296163258,0.105069851,-0.002637001,-9.493497311,115.723035881,-114.023712775,109.276964119,-110.976287225,-9.648081629,-9.648081629
1786024471.230092525,18.450249169,0.000000000,NONE,0,0.050005243,0.000000000,-15.767742798,-0.001336323,-0.063881384,-12.467666204,-0.078297388,0.063881384,-3.300076594,0.076961064,-0.256812723,-2.989238497,0.108752921,-0.255068568,-2.423872310,-0.005663342,-0.001744155,-0.565366187,0.114416263,-3.204345061,-450.000000000,19.288722238,0.104938420,-0.002615363,-9.493694128,115.674509797,-114.072337267,109.325490203,-110.927662733,-9.644361119,-9.644361119
1786024471.280090332,18.500246994,0.000000000,NONE,0,0.050002341,0.000000000,-15.767742798,-0.001336323,-0.063865807,-12.589527417,-0.078301556,0.063865807,-3.178215381,0.076965233,-0.254224288,-2.989471777,0.108428363,-0.254572025,-2.423853252,-0.005894325,0.000347737,-0.565618525,0.114322688,-3.026949468,-450.000000000,19.286417651,0.104808235,-0.002595532,-9.493958968,115.630227109,-114.116752375,109.369772891,-110.883247625,-9.643208825,-9.643208825
1786024471.330133438,18.550290148,0.000000000,NONE,0,0.050023637,0.000000000,-15.767742798,-0.001336323,-0.063823954,-12.711383621,-0.078301624,0.063823954,-3.056359177,0.076965301,-0.251471716,-2.989698613,0.108592860,-0.253507285,-2.423846553,-0.005713550,0.002035569,-0.565852060,0.114306409,-2.867321181,-450.000000000,19.289683101,0.104679200,-0.002579423,-9.494270112,115.590397823,-114.156737233,109.409602177,-110.843262767,-9.644841550,-9.644841550
1786024471.380091190,18.600247709,0.000000000,NONE,0,0.049964376,0.000000000,-15.767742798,-0.001336323,-0.063731049,-12.833232827,-0.078297693,0.063731049,-2.934509971,0.076961369,-0.248559997,-2.989918513,0.109234062,-0.251996603,-2.423852619,-0.005134050,0.003436606,-0.566065894,0.114368112,-2.719418015,-450.000000000,19.298419821,0.104551123,-0.002568339,-9.494582470,115.553500121,-114.193791114,109.446499879,-110.806208886,-9.649209911,-9.649209911
1786024471.430178165,18.650334784,0.000000000,TARGET_UPDATED,0,0.050086183,0.000000002,-16.500000000,0.109252032,-0.063567718,-12.955073623,-0.078290066,0.063567720,-3.544926377,0.187542098,-0.259848392,-2.989206618,0.276151577,-0.250135507,-2.423870866,-0.004197220,-0.009712885,-0.565335752,0.280348797,-4.072988815,-450.000000000,34.236755287,0.104423688,-0.002562735,-9.494904118,115.891973233,-113.855478826,109.108026767,-111.144521174,-17.118377644,-17.118377644
1786024471.480119228,18.700275836,0.000000000,NONE,0,0.049926082,0.000000002,-16.500000000,0.109252032,-0.063422007,-13.076913822,-0.076781217,0.063422008,-3.423086178,0.186033249,-0.257535462,-2.989274106,0.275290092,-0.252134012,-2.423890637,0.054537099,-0.005401450,-0.565383469,0.220752993,-3.408457554,-450.000000000,25.562977219,0.104296181,-0.002565855,-9.495086517,115.725886018,-114.021657241,109.274113982,-110.978342759,-12.781488609,-12.781488609
1786024471.530088425,18.750244985,0.000000000,NONE,0,0.049995345,0.000000002,-16.500000000,0.109252032,-0.063376668,-13.198762307,-0.073205785,0.063376669,-3.301237693,0.182457818,-0.254994342,-2.989339806,0.271532385,-0.252921716,-2.423904243,0.070232520,-0.002072626,-0.565435563,0.201299865,-3.166423623,-450.000000000,25.010872327,0.104168139,-0.002572814,-9.495189415,115.665403259,-114.082191448,109.334596741,-110.917808552,-12.505436163,-12.505436163
1786024471.580103397,18.800260019,0.000000000,NONE,0,0.049997233,0.000000002,-16.500000000,0.109252032,-0.063350915,-13.320614620,-0.070149754,0.063350916,-3.179385380,0.179401787,-0.252272555,-2.989416265,0.268635827,-0.252630194,-2.423945429,0.049709158,0.000357639,-0.565470836,0.218926669,-2.972709547,-450.000000000,26.991875767,0.104037776,-0.002617659,-9.494715097,115.616856161,-114.130501387,109.383143839,-110.869498613,-13.495937884,-13.495937884
1786024471.630126476,18.850283099,0.000000000,NONE,0,0.050026210,0.000000002,-16.500000000,0.109252032,-0.063310607,-13.442467819,-0.068602470,0.063310609,-3.057532181,0.177854502,-0.249388145,-2.989508309,0.267989048,-0.251762887,-2.424011064,0.018436298,0.002374743,-0.565497245,0.249552750,-2.790883113,-450.000000000,29.401588735,0.103906820,-0.002614967,-9.494661689,115.571386201,-114.175944644,109.428613799,-110.824055356,-14.700794367,-14.700794367
1786024471.680106401,18.900263112,0.000000000,NONE,0,0.049988253,0.000000002,-16.500000000,0.109252032,-0.063230121,-13.564318661,-0.068590691,0.063230122,-2.935681339,0.177842723,-0.246346405,-2.989617913,0.269557528,-0.250455413,-2.424087479,-0.007852728,0.004109008,-0.565530434,0.277410256,-2.620418928,-450.000000000,31.303628081,0.103775848,-0.002608645,-9.494622284,115.528760303,-114.218550839,109.471239697,-110.781449161,-15.651814041,-15.651814041
1786024471.730089188,18.950245896,0.000000000,NONE,0,0.049976881,0.000000002,-16.500000000,0.109252032,-0.063088026,-13.686164063,-0.069570057,0.063088028,-2.813835937,0.178822089,-0.243148304,-2.989747898,0.272461781,-0.248771854,-2.424155573,-0.020576504,0.005623550,-0.565592325,0.293038285,-2.459115757,-450.000000000,32.160336786,0.103644903,-0.002602089,-9.494571967,115.488421931,-114.258864052,109.511578069,-110.741135948,-16.080168393,-16.080168393
1786024471.780227423,19.000383920,0.000000000,TARGET_UPDATED,0,0.050142855,0.000000002,-17.500000000,0.109252032,-0.062867390,-13.808001853,-0.070817217,0.062867392,-3.691998147,0.180069249,-0.258696243,-2.988325111,0.275581911,-0.246770547,-2.424205427,-0.019416275,-0.011925696,-0.564119684,0.294998186,-4.264878799,-450.000000000,32.031307065,0.103514016,-0.002595759,-9.494545296,115.939856024,-113.807416624,109.060143976,-111.192583376,-16.015653533,-16.015653533
1786024471.830154181,19.050310827,0.000000000,NONE,0,0.049893685,0.000000002,-17.500000000,0.109252032,-0.062705957,-13.929846433,-0.071762390,0.062705958,-3.570153567,0.181014422,-0.256552310,-2.988422248,0.277916133,-0.250188178,-2.424238689,-0.009442330,-0.006364132,-0.564183559,0.287358463,-3.417193562,-450.000000000,31.311488738,0.103383295,-0.002594154,-9.494419960,115.727903380,-114.019306599,109.272096620,-110.980693401,-15.655744369,-15.655744369
1786024471.880054474,19.100211118,0.000000000,NONE,0,0.049926224,0.000000002,-17.500000000,0.109252032,-0.062698421,-14.051707526,-0.072157720,0.062698422,-3.448292474,0.181409752,-0.254207785,-2.988569009,0.279069973,-0.251688724,-2.424258124,0.002526800,-0.002519061,-0.564310886,0.276543173,-3.163880098,-450.000000000,30.497816438,0.103252892,-0.002591122,-9.494328129,115.664552057,-114.082612008,109.335447943,-110.917387992,-15.248908219,-15.248908219
1786024471.930095673,19.150252310,0.000000000,NONE,0,0.050044181,0.000000002,-17.500000000,0.109252032,-0.062731707,-14.149200654,-0.072098157,0.062731708,-3.350799346,0.181350189,-0.252224879,-2.988720424,0.279160514,-0.251980900,-2.424268494,0.009922247,-0.000243979,-0.564451930,0.269238267,-3.011029856,-450.000000000,30.063866251,0.103148838,-0.002588195,-9.496357087,115.626846736,-114.121331808,109.373153264,-110.878668192,-15.031933126,-15.031933126
1786024471.980437040,19.200593067,0.000000000,NONE,0,0.050012681,0.000000002,-17.500000000,0.109252032,-0.062791412,-14.271068538,-0.071712417,0.062791414,-3.228931462,0.180964449,-0.249617143,-2.988951297,0.278468536,-0.251873217,-2.424275176,0.015293066,0.002256074,-0.564676120,0.263175470,-2.794014105,-450.000000000,29.670795421,0.103018115,-0.002629177,-9.495793831,115.572451984,-114.175444932,109.427548016,-110.824555068,-14.835397711,-14.835397711
1786024472.030461073,19.250617739,0.000000000,TARGET_UPDATED,0,0.050271000,0.000000000,-17.500000000,0.399708992,-0.062842916,-14.392934108,-0.071221836,0.062842917,-3.107065892,0.470930829,-0.245516486,-2.988381153,0.712948380,-0.251097868,-2.424272123,0.014761530,0.005581383,-0.564109030,0.698186850,-2.481338626,-450.000000000,68.913693068,0.102884879,-0.002679019,-9.494980827,115.494079863,-114.253410550,109.505920137,-110.746589450,-34.456846534,-34.456846534
1786024472.080112934,19.300269456,0.000000000,NONE,0,0.049706543,0.000000000,-17.500000000,0.399708992,-0.062854519,-14.514800026,-0.067132508,0.062854519,-2.985199974,0.466841500,-0.242619325,-2.988813653,0.706042512,-0.249366814,-2.424277684,0.156025285,0.006747489,-0.564535969,0.550017227,-2.386428652,-450.000000000,46.921274881,0.102747859,-0.002752677,-9.493497079,115.469981433,-114.276767107,109.530018567,-110.723232893,-23.460637440,-23.460637440
1786024472.130131483,19.350287894,0.000000000,NONE,0,0.050045400,0.000000000,-17.500000000,0.399708992,-0.062802967,-14.636665685,-0.057939791,0.062802967,-2.863334315,0.457648783,-0.239619532,-2.989306665,0.691283995,-0.247456913,-2.424313526,0.186769350,0.007837381,-0.564993140,0.504514644,-2.253510965,-450.000000000,45.820380079,0.102610446,-0.002739451,-9.492906652,115.436604404,-114.309848922,109.563395596,-110.690151078,-22.910190040,-22.910190040
1786024472.180198193,19.400354755,0.000000000,NONE,0,0.049996904,0.000000000,-17.500000000,0.399708992,-0.062667054,-14.758517020,-0.050347389,0.062667054,-2.741482980,0.450056381,-0.236470593,-2.989811201,0.678859206,-0.245476790,-2.424317403,0.126710955,0.009006197,-0.565493798,0.552148251,-2.110039976,-450.000000000,51.030492631,0.102474461,-0.002703666,-9.492632561,115.400668134,-114.345648146,109.599331866,-110.654351854,-25.515246315,-25.515246315
1786024472.230079412,19.450236193,0.000000000,NONE,0,0.049968710,0.000000000,-17.500000000,0.399708992,-0.062431724,-14.880349228,-0.046464535,0.062431725,-2.619650772,0.446173527,-0.233141079,-2.990309652,0.672013956,-0.243287450,-2.424267476,0.047780363,0.010146371,-0.566042176,0.624233592,-1.967346723,-450.000000000,56.581941059,0.102340612,-0.002656993,-9.492619008,115.364991433,-114.381318071,109.635008567,-110.618681929,-28.290970530,-28.290970530
1786024472.280239820,19.500396432,0.000000000,TARGET_UPDATED,0,0.050097053,0.000000000,-18.500000000,0.399708992,-0.062086300,-15.002161597,-0.046225695,0.062086300,-3.497838403,0.445934688,-0.250849760,-2.989080081,0.670749277,-0.240873799,-2.424181390,-0.018989980,-0.009975962,-0.564898692,0.689739258,-4.008286821,-450.000000000,61.049580202,0.102209148,-0.002608847,-9.492824127,115.875277737,-113.871134327,109.124722263,-111.128865673,-30.524790101,-30.524790101
1786024472.330083609,19.550240321,0.000000000,NONE,0,0.049903390,0.000000000,-18.500000000,0.399708992,-0.061798563,-15.123973055,-0.048464854,0.061798563,-3.376026945,0.448173846,-0.248741970,-2.989472556,0.673138775,-0.244719017,-2.424086143,-0.055720964,-0.004022953,-0.565386413,0.728859739,-3.080014732,-450.000000000,63.282549309,0.102079895,-0.002569418,-9.493066448,115.643270295,-114.103262929,109.356729705,-110.896737071,-31.641274654,-31.641274654
1786024472.380090475,19.600246897,0.000000000,NONE,0,0.049997095,0.000000000,-18.500000000,0.399708992,-0.061671303,-15.245795500,-0.051468743,0.061671304,-3.254204500,0.451177735,-0.246433924,-2.989879180,0.676687406,-0.246242629,-2.423998513,-0.058255168,-0.000191294,-0.565880667,0.734942574,-2.838252434,-450.000000000,63.064459645,0.101952437,-0.002535844,-9.493400147,115.582913145,-114.163786928,109.417086855,-110.836213072,-31.532229822,-31.532229822
1786024472.430092096,19.650248716,0.000000000,NONE,0,0.050014612,0.000000000,-18.500000000,0.399708992,-0.061593925,-15.367618231,-0.053859319,0.061593926,-3.132381769,0.453568311,-0.243966571,-2.990293263,0.679342326,-0.246488142,-2.423928085,-0.038920004,0.002521571,-0.566365178,0.718262330,-2.640091849,-450.000000000,61.459633221,0.101826370,-0.002511148,-9.493747380,115.533459807,-114.213413883,109.466540193,-110.786586117,-30.729816611,-30.729816611
1786024472.480087042,19.700243668,0.000000000,NONE,0,0.049990167,0.000000000,-18.500000000,0.399708992,-0.061524765,-15.489436868,-0.054987507,0.061524765,-3.010563132,0.454696500,-0.241346824,-2.990708220,0.680147849,-0.245955287,-2.423870140,-0.012715976,0.004608463,-0.566838080,0.692863825,-2.466607520,-450.000000000,59.524493452,0.101701204,-0.002496189,-9.494051814,115.490164834,-114.256861074,109.509835166,-110.743138926,-29.762246726,-29.762246726
1786024472.530116320,19.750272969,0.000000000,NONE,0,0.050019820,0.000000000,-18.500000000,0.399708992,-0.061430334,-15.611247701,-0.054879038,0.061430334,-2.888752299,0.454588030,-0.238573305,-2.991117575,0.679162391,-0.244824383,-2.423816732,0.008504811,0.006251078,-0.567300843,0.670657580,-2.313303442,-450.000000000,58.050950509,0.101576488,-0.002489785,-9.494300237,115.451900920,-114.295249199,109.548099080,-110.704750801,-29.025475254,-29.025475254
1786024472.580106974,19.800263764,0.000000000,NONE,0,0.049981351,0.000000000,-18.500000000,0.399708992,-0.061283491,-15.733047967,-0.053993533,0.061283492,-2.766952033,0.453702525,-0.235638132,-2.991517520,0.677090140,-0.243235291,-2.423762183,0.018496398,0.007597159,-0.567755336,0.658593742,-2.171857116,-450.000000000,57.425522645,0.101451863,-0.002490199,-9.494467516,115.416581158,-114.330652600,109.583418842,-110.669347400,-28.712761322,-28.712761322
1786024472.630210638,19.850367245,0.000000000,TARGET_UPDATED,0,0.050113569,-0.000000000,-19.500000000,-0.234850607,-0.061113278,-15.830479347,-0.053125148,0.061113278,-3.669520653,-0.181725459,-0.254588090,-2.988816494,-0.276523393,-0.241668461,-2.423717102,0.018153500,-0.012919629,-0.565099393,-0.294676893,-4.282686985,-450.000000000,-28.091644737,0.101352061,-0.002494019,-9.496603381,115.944822592,-113.803479099,109.055177408,-111.196520901,14.045822369,14.045822369
1786024472.680051565,19.900208097,0.000000000,NONE,0,0.049841005,-0.000000000,-19.500000000,-0.234850607,-0.060907594,-15.976643912,-0.062071772,0.060907594,-3.523356088,-0.172778835,-0.252158027,-2.988974989,-0.263842804,-0.245774665,-2.423655430,-0.340319594,-0.006383362,-0.565319560,0.076476790,-3.291377623,-450.000000000,24.359978561,0.101200213,-0.002561088,-9.493872683,115.696312577,-114.050623765,109.303687423,-110.949376235,-12.179989281,-12.179989281
1786024472.730108500,19.950264850,0.000000000,NONE,0,0.050025884,-0.000000000,-19.500000000,-0.234850607,-0.060893944,-16.074115406,-0.076905215,0.060893944,-3.425884594,-0.157945392,-0.250273534,-2.989136481,-0.241984376,-0.246994335,-2.423703373,-0.369210090,-0.003279198,-0.565433107,0.127225715,-3.129133274,-450.000000000,21.483285337,0.101097262,-0.002558453,-9.495777879,115.656227788,-114.091661151,109.343772212,-110.908338849,-10.741642668,-10.741642668
1786024472.780173063,20.000329612,0.000000000,NONE,0,0.050014908,-0.000000000,-19.500000000,-0.234850607,-0.060943967,-16.220329756,-0.095031834,0.060943966,-3.279670244,-0.139818773,-0.247217859,-2.989427524,-0.214923966,-0.247294477,-2.423900975,-0.244654280,0.000076618,-0.565526548,0.029730314,-2.850218530,-450.000000000,11.695570607,0.100941921,-0.002591642,-9.493115935,115.585833616,-114.160724351,109.414166384,-110.839275649,-5.847785304,-5.847785304
1786024472.830083132,20.050239669,0.000000000,NONE,0,0.049981732,-0.000000000,-19.500000000,-0.234850607,-0.060989185,-16.317802545,-0.102695406,0.060989185,-3.182197455,-0.132155201,-0.245052389,-2.989651749,-0.203046774,-0.246604445,-2.423987378,-0.169840207,0.001552056,-0.565664371,-0.033206567,-2.748377687,-450.000000000,7.979288201,0.100838025,-0.002563344,-9.495167403,115.560886273,-114.186697429,109.439113727,-110.813302571,-3.989644100,-3.989644100
1786024472.880054712,20.100211359,0.000000000,NONE,0,0.049979703,-0.000000000,-19.500000000,-0.234850607,-0.061025443,-16.463999818,-0.109795042,0.061025442,-3.036000182,-0.125055565,-0.241638703,-2.990026966,-0.191146527,-0.245250761,-2.424031190,-0.091816980,0.003612058,-0.565995776,-0.099329546,-2.533733724,-450.000000000,3.284398471,0.100683518,-0.002561476,-9.492889755,115.506655870,-114.239789008,109.493344130,-110.760210992,-1.642199236,-1.642199236
1786024472.930124998,20.150281743,0.000000000,NONE,0,0.050069894,-0.000000000,-19.500000000,-0.234850607,-0.061009118,-16.561455645,-0.112616814,0.061009117,-2.938544355,-0.122233793,-0.239259868,-2.990297325,-0.185725868,-0.243852616,-2.424037576,-0.062995338,0.004592748,-0.566259749,-0.122730530,-2.441835084,-450.000000000,2.498887310,0.100581457,-0.002520171,-9.495210094,115.484261295,-114.263343752,109.515738705,-110.736656248,-1.249443655,-1.249443655
1786024472.980196953,20.200353483,0.000000000,NONE,0,0.050064259,-0.000000000,-19.500000000,-0.234850607,-0.060921789,-16.683264793,-0.114797456,0.060921789,-2.816735207,-0.120053151,-0.236182546,-2.990648625,-0.180741016,-0.241947625,-2.424036867,-0.033501334,0.005765079,-0.566611758,-0.147239682,-2.297725216,-450.000000000,0.757373481,0.100455810,-0.002509015,-9.495328424,115.448263410,-114.299400802,109.551736590,-110.700599198,-0.378686741,-0.378686741
1786024473.030096054,20.250252692,0.000000000,TARGET_UPDATED,0,0.049920214,-0.000000000,-20.500000000,-0.234850607,-0.060701940,-16.829420375,-0.115881581,0.060701940,-3.670579625,-0.118969026,-0.250838813,-2.989580066,-0.177021422,-0.239323892,-2.424031567,-0.008166606,-0.011514921,-0.565548499,-0.168854815,-4.044890398,-450.000000000,-0.703340238,0.100304929,-0.002522427,-9.493138287,115.884507171,-113.862061972,109.115492829,-111.137938028,0.351670119,0.351670119
1786024473.080076694,20.300233345,0.000000000,NONE,0,0.049948396,-0.000000000,-20.500000000,-0.234850607,-0.060569103,-16.951220003,-0.116002552,0.060569103,-3.548779997,-0.118848055,-0.248798346,-2.989839522,-0.175328119,-0.242671005,-2.424029827,0.003871938,-0.006127342,-0.565809696,-0.179200057,-3.219139279,-450.000000000,-1.206107489,0.100180423,-0.002478357,-9.493626264,115.678191386,-114.068621746,109.321808614,-110.931378254,0.603053744,0.603053744
1786024473.130084038,20.350240855,0.000000000,NONE,0,0.050040688,-0.000000000,-20.500000000,-0.234850607,-0.060563540,-17.073031388,-0.115680657,0.060563539,-3.426968612,-0.119169950,-0.246544090,-2.990092808,-0.174683527,-0.243706070,-2.424028733,0.012630590,-0.002838020,-0.566064075,-0.187314117,-3.010712983,-450.000000000,-1.733809026,0.100058169,-0.002443697,-9.494206471,115.626229863,-114.120873372,109.373770137,-110.879126628,0.866904513,0.866904513
1786024473.180273056,20.400429766,0.000000000,NONE,0,0.050076337,-0.000000000,-20.500000000,-0.234850607,-0.060583810,-17.170482404,-0.115193565,0.060583810,-3.329517596,-0.119657042,-0.244638388,-2.990282304,-0.174868151,-0.243769590,-2.424029656,0.017259851,-0.000868798,-0.566252647,-0.192128002,-2.874336576,-450.000000000,-2.009573198,0.099961198,-0.002431998,-9.496577142,115.592728430,-114.155560142,109.407271570,-110.844439858,1.004786599,1.004786599
1786024473.230071306,20.450227868,0.000000000,NONE,0,0.049887325,-0.000000000,-20.500000000,-0.234850607,-0.060613855,-17.292295866,-0.114387581,0.060613855,-3.207704134,-0.120463026,-0.242137615,-2.990498221,-0.175898501,-0.243429145,-2.424032301,0.021315930,0.001291530,-0.566465920,-0.197214431,-2.682633677,-450.000000000,-2.376369862,0.099839081,-0.002474457,-9.496344622,115.544744575,-114.203427736,109.455255425,-110.796572264,1.188184931,1.188184931
1786024473.280107021,20.500263727,0.000000000,NONE,0,0.050034801,-0.000000000,-20.500000000,-0.234850607,-0.060624358,-17.414106228,-0.113439178,0.060624358,-3.085893772,-0.121411429,-0.239510390,-2.990688815,-0.177712803,-0.242491436,-2.424035396,0.023133809,0.002981046,-0.566653419,-0.200846612,-2.530360685,-450.000000000,-2.606281955,0.099713541,-0.002537358,-9.495650700,115.506502846,-114.241322504,109.493497154,-110.758677496,1.303140977,1.303140977
1786024473.330068111,20.550224993,0.000000000,NONE,0,0.049962716,-0.000000000,-20.500000000,-0.234850607,-0.060587673,-17.535910276,-0.112430461,0.060587673,-2.964089724,-0.122420146,-0.236772084,-2.990854548,-0.180133581,-0.241051629,-2.424036977,0.023166210,0.004279545,-0.566817572,-0.203299791,-2.397905073,-450.000000000,-2.759590312,0.099584891,-0.002587163,-9.494811673,115.473179187,-114.274226650,109.526820813,-110.725773350,1.379795156,1.379795156
1786024473.380176306,20.600333001,0.000000000,NONE,0,0.050079919,-0.000000000,-20.500000000,-0.234850607,-0.060484123,-17.657705637,-0.111412595,0.060484123,-2.842294363,-0.123438012,-0.233930273,-2.991000494,-0.182963908,-0.239247970,-2.424035959,0.022025741,0.005317697,-0.566964536,-0.204989649,-2.276930783,-450.000000000,-2.867656332,0.099454175,-0.002616770,-9.494019654,115.442737609,-114.304272218,109.557262391,-110.695727782,1.433828166,1.433828166
1786024473.430161953,20.650318613,0.000000000,TARGET_UPDATED,0,0.050034574,-0.000000000,-21.500000000,-1.234850607,-0.060298518,-17.779490526,-0.110419024,0.060298518,-3.720509474,-1.124431583,-0.246892798,-2.990142544,-1.499363703,-0.237157952,-2.424032303,0.020125222,-0.009734846,-0.566110241,-1.519488925,-3.799225056,-450.000000000,-89.000000000,0.099322687,-0.002624926,-9.493358210,115.823145816,-113.923533289,109.176854184,-111.076466711,44.500000000,44.500000000
1786024473.480121136,20.700277615,0.000000000,NONE,0,0.049938783,-0.000000000,-21.500000000,-1.234850607,-0.060129757,-17.901274404,-0.117120979,0.060129757,-3.598725596,-1.117729628,-0.245895315,-2.989426540,-1.500954516,-0.239141714,-2.423975044,-0.296894313,-0.006753601,-0.565451496,-1.204060203,-3.236529237,-450.000000000,-66.520622293,0.099191622,-0.002615482,-9.492874449,115.682350921,-114.064086303,109.317649079,-110.935913697,33.260311147,33.260311147
1786024473.530147076,20.750303684,0.000000000,NONE,0,0.050001302,-0.000000000,-21.500000000,-1.234850607,-0.060109009,-18.023078565,-0.140900646,0.060109009,-3.476921435,-1.093949961,-0.244624871,-2.988787189,-1.502434629,-0.240966383,-2.423858366,-0.569140209,-0.003658489,-0.564928822,-0.933294420,-3.018983022,-450.000000000,-48.491483535,0.099061865,-0.002588909,-9.492666052,115.627912268,-114.118420757,109.372087732,-110.881579243,24.245741767,24.245741767
1786024473.580106735,20.800263367,0.000000000,NONE,0,0.049942364,-0.000000000,-21.500000000,-1.234850607,-0.060142793,-18.144902690,-0.172970071,0.060142793,-3.355097310,-1.061880536,-0.243157338,-2.988299593,-1.503642262,-0.241710664,-2.423808987,-0.674397290,-0.001446675,-0.564490606,-0.829244972,-2.869775180,-450.000000000,-44.560513509,0.098934078,-0.002550862,-9.492705612,115.590620198,-114.155732608,109.409379802,-110.844267392,22.280256755,22.280256755
1786024473.630124331,20.850280817,0.000000000,NONE,0,0.050061641,-0.000000000,-21.500000000,-1.234850607,-0.060189923,-18.266742631,-0.207803814,0.060189923,-3.233257369,-1.027046793,-0.241491584,-2.988029921,-1.504446412,-0.241847152,-2.423833943,-0.711656350,0.000355569,-0.564195979,-0.792790062,-2.731406611,-450.000000000,-43.383704047,0.098808530,-0.002508066,-9.492982738,115.556097337,-114.190394032,109.443902663,-110.809605968,21.691852024,21.691852024
1786024473.680124998,20.900281463,0.000000000,NONE,0,0.049998823,-0.000000000,-21.500000000,-1.234850607,-0.060224305,-18.388592164,-0.243709788,0.060224305,-3.111407836,-0.991140819,-0.239590856,-2.988051690,-1.491460222,-0.241474701,-2.423904793,-0.726683348,0.001883846,-0.564146897,-0.764776874,-2.601476021,-450.000000000,-41.609823374,0.098685136,-0.002466897,-9.493391240,115.523716815,-114.222978805,109.476283185,-110.777021195,20.804911687,20.804911687
1786024473.730096340,20.950253022,0.000000000,NONE,0,0.049973167,-0.000000000,-21.500000000,-1.234850607,-0.060224627,-18.510443264,-0.279963277,0.060224627,-2.989556736,-0.954887330,-0.237370942,-2.988436279,-1.436828355,-0.240643305,-2.424000056,-0.728727950,0.003272363,-0.564436223,-0.708100405,-2.470354242,-450.000000000,-37.086302482,0.098563550,-0.002431649,-9.493867852,115.491055523,-114.255878402,109.508944477,-110.744121598,18.543151241,18.543151241
1786024473.780328035,21.000484357,0.000000000,NONE,0,0.050024257,-0.000000000,-21.500000000,-1.234850607,-0.060173095,-18.632286748,-0.315865916,0.060173095,-2.867713252,-0.918984691,-0.234855544,-2.989086096,-1.382174419,-0.239376517,-2.424101914,-0.714147459,0.004520972,-0.564984182,-0.668026960,-2.341484915,-450.000000000,-34.630927862,0.098443298,-0.002404968,-9.494363609,115.458962131,-114.288219674,109.541037869,-110.711780326,17.315463931,17.315463931
1786024473.830263138,21.050419647,0.000000000,TARGET_UPDATED,0,0.050128276,0.000000001,-20.500000000,-1.266151506,-0.060053430,-18.754113812,-0.350851467,0.060053431,-1.745886188,-0.915300040,-0.170433475,-2.613678132,-1.375140779,-0.237694276,-2.424192850,-0.693802104,0.067260801,-0.189485282,-0.681338675,3.896753096,-450.000000000,-36.646458429,0.098323855,-0.002388861,-9.494826847,113.899518438,-115.847894986,111.100481562,-109.152105014,18.323229214,18.323229214
1786024473.880205631,21.100362165,0.000000000,NONE,0,0.049919420,0.000000001,-20.500000000,-1.266151506,-0.059430960,-18.875876298,-0.385199348,0.059430962,-1.624123702,-0.880952158,-0.153536481,-2.432620035,-1.322083974,-0.219121545,-2.424265639,-0.686083994,0.065585065,-0.008354395,-0.635999980,2.773830152,-450.000000000,-32.314833481,0.098205100,-0.002373946,-9.495280277,114.180362531,-115.567277607,110.819637469,-109.432722393,16.157416741,16.157416741
1786024473.930097103,21.150253696,0.000000000,NONE,0,0.049918988,0.000000001,-20.500000000,-1.266151506,-0.057790781,-18.997519874,-0.419035019,0.057790782,-1.502480126,-0.847116487,-0.138725449,-2.251598914,-1.269819291,-0.200871721,-2.424306352,-0.668420075,0.062146273,0.172707438,-0.601399216,2.740232571,-375.313572133,-30.122889874,0.098086690,-0.002369138,-9.495648355,95.517246979,-96.887363265,92.139539087,-90.769422802,15.061444937,15.061444937
1786024473.980404139,21.200560787,0.000000000,TARGET_UPDATED,0,0.050316627,0.000000001,-21.500000000,-1.266151506,-0.055684604,-19.115319555,-0.451932932,0.055684605,-2.384680445,-0.814218574,-0.226064584,-2.997216472,-1.207157804,-0.183108975,-2.293358958,-0.641220265,-0.042955609,-0.703857515,-0.565937539,-7.106762441,-450.000000000,-27.643178378,0.097024525,-0.039826268,-9.045867773,116.538157553,-112.984776333,108.461842447,-112.015223667,13.821589189,13.821589189
1786024474.030090570,21.250247209,0.000000000,NONE,0,0.049666896,0.000000001,-21.500000000,-1.266151506,-0.053609005,-19.232149966,-0.483968247,0.053609006,-2.267850034,-0.782183259,-0.219680824,-3.001692221,-1.148110670,-0.191185355,-2.374678701,-0.614577935,-0.028495469,-0.627013520,-0.533532735,-3.724165198,-450.000000000,-25.440419315,0.094910564,-0.036435447,-8.920086930,115.661063032,-113.798980433,109.338936968,-111.201019567,12.720209658,12.720209658
1786024474.080130816,21.300287468,0.000000000,NONE,0,0.050071035,0.000000001,-21.500000000,-1.266151506,-0.051914376,-19.352298745,-0.515154467,0.051914377,-2.147701255,-0.750997040,-0.214077845,-3.000821349,-1.103736450,-0.196965291,-2.410939386,-0.597383967,-0.017112554,-0.589881963,-0.506352483,-2.989488211,-450.000000000,-23.660087361,0.093592915,-0.019193521,-8.996466863,115.496488768,-114.001744663,109.503511232,-110.998255337,11.830043680,11.830043680
1786024474.130146265,21.350303010,0.000000000,TARGET_UPDATED,0,0.050022300,0.000000001,-22.500000000,-1.266151506,-0.050398142,-19.473366920,-0.545320629,0.050398144,-3.026633080,-0.720830877,-0.234495145,-2.996384347,-1.065732832,-0.199417151,-2.419850108,-0.581700908,-0.035077994,-0.576534238,-0.484031924,-5.091682343,-450.000000000,-22.206376148,0.093107404,-0.003692196,-9.121954075,116.053409105,-113.507567933,108.946590895,-111.492432067,11.103188074,11.103188074
1786024474.180099726,21.400256597,0.000000000,NONE,0,0.049938414,0.000000001,-22.500000000,-1.266151506,-0.049207670,-19.594753801,-0.574389159,0.049207671,-2.905246199,-0.691762348,-0.233031052,-2.993129476,-1.031298476,-0.208998024,-2.421919464,-0.566686954,-0.024033028,-0.571210012,-0.464611522,-3.816610468,-450.000000000,-20.915874046,0.093288166,0.008057780,-9.263232147,115.769960654,-113.861655420,109.230039346,-111.138344580,10.457937023,10.457937023
1786024474.230113268,21.450269931,0.000000000,NONE,0,0.050026330,0.000000001,-22.500000000,-1.266151506,-0.048416910,-19.716317331,-0.602329882,0.048416911,-2.783682669,-0.663821624,-0.232004620,-2.990031384,-0.998683767,-0.215850070,-2.422408172,-0.551574064,-0.016154550,-0.567623211,-0.447109703,-3.385220461,-450.000000000,-19.740965251,0.093925746,0.015485367,-9.397911930,115.695783098,-114.003172867,109.304216902,-110.996827133,9.870482625,9.870482625
1786024474.280124903,21.500281694,0.000000000,NONE,0,0.049992002,0.000000001,-22.500000000,-1.266151506,-0.047847702,-19.838001585,-0.629141565,0.047847704,-2.661998415,-0.637009941,-0.231165742,-2.987447134,-0.966814755,-0.220843797,-2.422622475,-0.536013819,-0.010321946,-0.564824659,-0.430800935,-3.057802915,-450.000000000,-18.633744448,0.094802604,0.018690071,-9.509586348,115.641847316,-114.112945858,109.358152684,-110.887054142,9.316872224,9.316872224
1786024474.330125570,21.550282160,0.000000000,NONE,0,0.050001304,0.000000001,-22.500000000,-1.266151506,-0.047413796,-19.959779781,-0.654847753,0.047413797,-2.540220219,-0.611303753,-0.230182640,-2.985591551,-0.934915328,-0.224429804,-2.422858079,-0.519793545,-0.005752836,-0.562733472,-0.415121783,-2.787454725,-450.000000000,-17.559234748,0.095727586,0.018380240,-9.590059589,115.594378579,-114.200651216,109.405621421,-110.799348784,8.779617374,8.779617374
1786024474.380183697,21.600340499,0.000000000,TARGET_UPDATED,0,0.050070673,0.000000001,-23.500000000,-1.266151506,-0.047048553,-20.081627231,-0.679489095,0.047048554,-3.418372769,-0.586662411,-0.245820713,-2.983211140,-0.902447916,-0.226660063,-2.423156732,-0.502754795,-0.019160649,-0.560054408,-0.399693121,-4.306660508,-450.000000000,-16.494672040,0.096556137,0.015551007,-9.637720608,115.986095279,-113.832765025,109.013904721,-111.167234975,8.247336020,8.247336020
1786024474.430103302,21.650260036,0.000000000,NONE,0,0.049913755,0.000000001,-23.500000000,-1.266151506,-0.046841718,-20.203531663,-0.703117026,0.046841719,-3.296468337,-0.563034480,-0.245129951,-2.982953487,-0.869003688,-0.232816100,-2.423497912,-0.484815441,-0.012313851,-0.559455574,-0.384188247,-3.475031667,-450.000000000,-15.416423433,0.097195189,0.011231633,-9.655353794,115.782596365,-114.045080532,109.217403635,-110.954919468,7.708211717,7.708211717
1786024474.480123758,21.700280377,0.000000000,NONE,0,0.050020127,0.000000001,-23.500000000,-1.266151506,-0.046846390,-20.325475478,-0.725788295,0.046846391,-3.174524522,-0.540363211,-0.243704046,-2.983540544,-0.834312329,-0.236240727,-2.423854526,-0.465867987,-0.007463319,-0.559686018,-0.368444341,-3.191136017,-450.000000000,-14.319446711,0.097600416,0.006347808,-9.648697713,115.709958433,-114.114390424,109.290041567,-110.885609576,7.159723355,7.159723355
1786024474.530076265,21.750232841,0.000000000,NONE,0,0.049938472,0.000000001,-23.500000000,-1.266151506,-0.046948967,-20.447425301,-0.747561409,0.046948969,-3.052574699,-0.518590097,-0.241699627,-2.984840571,-0.798381710,-0.237808920,-2.424196865,-0.445948068,-0.003890707,-0.560643707,-0.352433642,-2.955893768,-450.000000000,-13.201640679,0.097768237,0.001633067,-9.624740773,115.645158635,-114.167211751,109.354841365,-110.832788249,6.600820339,6.600820339
1786024474.580117464,21.800274101,0.000000000,NONE,0,0.050035106,0.000000001,-23.500000000,-1.266151506,-0.047098767,-20.569356649,-0.768491801,0.047098769,-2.930643351,-0.497659705,-0.239243066,-2.986624052,-0.761633894,-0.238122104,-2.424478752,-0.425326772,-0.001120962,-0.562145300,-0.336307121,-2.749560501,-450.000000000,-12.079502184,0.097723757,-0.002390124,-9.590729712,115.585072553,-114.210292303,109.414927447,-110.789707697,6.039751092,6.039751092
1786024474.630126476,21.850283195,0.000000000,NONE,0,0.050034390,0.000000001,-23.500000000,-1.266151506,-0.047256906,-20.691251235,-0.788627113,0.047256907,-2.808748765,-0.477524394,-0.236477287,-2.988619796,-0.724773541,-0.237492011,-2.424664410,-0.404434194,0.001014723,-0.563955386,-0.320339347,-2.571299405,-450.000000000,-10.972940073,0.097510846,-0.005392276,-9.553433073,115.531183120,-114.245533417,109.468816880,-110.754466583,5.486470036,5.486470036
1786024474.680135012,21.900291665,0.000000000,NONE,0,0.049999007,0.000000001,-23.500000000,-1.266151506,-0.047392894,-20.813098034,-0.808003947,0.047392895,-2.686901966,-0.458147559,-0.233541753,-2.990578303,-0.688602087,-0.236206523,-2.424742284,-0.383724181,0.002664770,-0.565836019,-0.304877905,-2.416092514,-450.000000000,-9.908162008,0.097182925,-0.007245230,-9.518387977,115.483620123,-114.275573866,109.516379877,-110.724426134,4.954081004,4.954081004
1786024474.730206490,21.950363120,0.000000000,TARGET_UPDATED,0,0.050085483,0.000000001,-24.500000000,-2.266151506,-0.047483049,-20.934893253,-0.826646808,0.047483050,-3.565106747,-1.439504698,-0.240878361,-2.992966306,-1.494700742,-0.234505256,-2.424722819,-0.363614309,-0.006373105,-0.568243487,-1.131086433,-3.338016209,-450.000000000,-84.576287429,0.096793867,-0.008007717,-9.489334392,115.706837650,-114.037829546,109.293162350,-110.962170454,42.288143714,42.288143714
1786024474.780185938,22.000342357,0.000000000,NONE,0,0.049883451,0.000000001,-24.500000000,-2.266151506,-0.047643401,-21.056627314,-0.852632022,0.047643402,-3.443372686,-1.413519484,-0.240007252,-2.995899793,-1.488952971,-0.235883191,-2.424793721,-0.631029063,-0.004124061,-0.571106071,-0.857923908,-2.957657942,-450.000000000,-43.504325795,0.096391381,-0.007867621,-9.468153118,115.606452765,-114.127623794,109.393547235,-110.872376206,21.752162897,21.752162897
1786024474.830113173,22.050269862,0.000000000,NONE,0,0.050010760,0.000000001,-24.500000000,-2.266151506,-0.047928721,-21.178292974,-0.887144343,0.047928722,-3.321707026,-1.379007163,-0.239354938,-2.998070751,-1.484682117,-0.236854389,-2.424780982,-0.691597321,-0.002500549,-0.573289769,-0.793084795,-2.858015656,-450.000000000,-43.164931032,0.096013113,-0.007071538,-9.455455909,115.578367891,-114.149360063,109.421632109,-110.850639937,21.582465516,21.582465516
1786024474.880131006,22.100287645,0.000000000,NONE,0,0.050020441,0.000000001,-24.500000000,-2.266151506,-0.048248946,-21.299908192,-0.923024424,0.048248947,-3.200091808,-1.343127082,-0.238926696,-2.999325412,-1.482214932,-0.237565669,-2.424548819,-0.711276329,-0.001361028,-0.574776594,-0.770938604,-2.789589737,-450.000000000,-42.487739370,0.095684627,-0.005885413,-9.450610639,115.560050094,-114.165255226,109.439949906,-110.834744774,21.243869685,21.243869685
1786024474.930088043,22.150244576,0.000000000,NONE,0,0.049971921,0.000000001,-24.500000000,-2.266151506,-0.048581011,-21.421489241,-0.959655652,0.048581012,-3.078510759,-1.306495855,-0.238602589,-2.999571020,-1.481770056,-0.238187621,-2.424213782,-0.721674451,-0.000414968,-0.575357238,-0.760095605,-2.729302619,-450.000000000,-41.973482157,0.095419642,-0.004551942,-9.452283126,115.545396436,-114.180745127,109.454603564,-110.819254873,20.986741078,20.986741078
1786024474.980102301,22.200259111,0.000000000,NONE,0,0.050000894,0.000000001,-24.500000000,-2.266151506,-0.048907461,-21.543059179,-0.996622728,0.048907462,-2.956940821,-1.269528778,-0.238226816,-2.998793331,-1.483403701,-0.238686782,-2.423835708,-0.727047958,0.000459966,-0.574957624,-0.756355743,-2.669680851,-450.000000000,-41.872786989,0.095220785,-0.003280146,-9.458614791,115.532073910,-114.197233485,109.467926090,-110.802766515,20.936393495,20.936393495
1786024475.030206442,22.250362900,0.000000000,NONE,0,0.050037846,0.000000001,-24.500000000,-2.266151506,-0.049154251,-21.640323412,-1.026284171,0.049154252,-2.859676588,-1.239867335,-0.237775175,-2.997513194,-1.486061109,-0.238933358,-2.423540542,-0.730145310,0.001158183,-0.573972651,-0.755915799,-2.621047941,-450.000000000,-41.926906769,0.095105398,-0.002419223,-9.467510795,115.522139684,-114.211615713,109.477860316,-110.788384287,20.963453384,20.963453384
1786024475.080154896,22.300311468,0.000000000,TARGET_UPDATED,0,0.050031952,0.000000001,-25.500000000,-2.266151506,-0.049485020,-21.786259886,-1.070789214,0.049485021,-3.713740114,-1.195362292,-0.251325031,-2.993628953,-1.491650569,-0.239039131,-2.423177868,-0.734090103,-0.012285900,-0.570451086,-0.757560466,-4.026811392,-450.000000000,-42.102649119,0.094991327,-0.001426023,-9.477822362,115.876158439,-113.862752743,109.123841561,-111.137247257,21.051324560,21.051324560
1786024475.130132198,22.350288753,0.000000000,NONE,0,0.049949542,0.000000001,-25.500000000,-2.266151506,-0.049836003,-21.907940668,-1.107822128,0.049836004,-3.592059332,-1.158329378,-0.250864816,-2.990899084,-1.497193879,-0.243189042,-2.422992302,-0.737113065,-0.007675774,-0.567906782,-0.760080814,-3.378364687,-450.000000000,-42.315641944,0.094933541,-0.000951800,-9.487425409,115.716447524,-114.027265181,109.283552476,-110.972734819,21.157820972,21.157820972
1786024475.180079937,22.400236408,0.000000000,NONE,0,0.049950987,0.000000001,-25.500000000,-2.266151506,-0.050322017,-22.029699905,-1.144770193,0.050322019,-3.470300095,-1.121381314,-0.249548877,-2.988197376,-1.502797991,-0.245259288,-2.422933850,-0.739755188,-0.004289589,-0.565263526,-0.763042803,-3.168392396,-450.000000000,-42.550878487,0.094892256,-0.000766699,-9.495453564,115.665961490,-114.081765292,109.334038510,-110.918234708,21.275439244,21.275439244
1786024475.230108023,22.450264654,0.000000000,NONE,0,0.050022286,0.000000001,-25.500000000,-2.266151506,-0.050748249,-22.127159705,-1.174257565,0.050748250,-3.372840295,-1.091893941,-0.247916696,-2.986260452,-1.506912680,-0.245894956,-2.422976446,-0.741569569,-0.002021740,-0.563284006,-0.765343110,-3.016091705,-450.000000000,-42.717729897,0.094861096,-0.000805449,-9.502063637,115.629538836,-114.121492983,109.370461164,-110.878507017,21.358864948,21.358864948
1786024475.280093431,22.500250193,0.000000000,NONE,0,0.050007550,0.000000001,-25.500000000,-2.266151506,-0.051407999,-22.273426351,-1.218363900,0.051408000,-3.226573649,-1.047787606,-0.244511796,-2.984035540,-1.511868340,-0.245819758,-2.423169169,-0.743161392,0.001307961,-0.560866371,-0.768706948,-2.715045448,-450.000000000,-42.993700075,0.094803162,-0.001070993,-9.504255185,115.554825158,-114.197302434,109.445174842,-110.802697566,21.496850038,21.496850038
1786024475.330069542,22.550226245,0.000000000,NONE,0,0.049955610,0.000000001,-25.500000000,-2.266151506,-0.051834065,-22.370977480,-1.247697744,0.051834066,-3.129022520,-1.018453762,-0.241654318,-2.983152443,-1.514068919,-0.244724733,-2.423366164,-0.743982843,0.003070415,-0.559786279,-0.770086076,-2.574253937,-450.000000000,-43.069814573,0.094751547,-0.001321202,-9.507090665,115.520336150,-114.233209182,109.479663850,-110.766790818,21.534907287,21.534907287
1786024475.380249023,22.600405745,0.000000000,NONE,0,0.050059953,0.000000001,-25.500000000,-2.266151506,-0.052318893,-22.492943484,-1.284310095,0.052318894,-3.007056516,-0.981841411,-0.237421351,-2.982990082,-1.488095939,-0.242739781,-2.423666262,-0.744030710,0.005318430,-0.559323821,-0.744065229,-2.332873876,-450.000000000,-40.719578428,0.094669729,-0.001693325,-9.506302354,115.459794057,-114.293357120,109.540205943,-110.706642880,20.359789214,20.359789214
1786024475.430302382,22.650459207,0.000000000,TARGET_UPDATED,0,0.050171353,0.000000002,-25.500000000,-2.051293425,-0.052731177,-22.614917871,-1.320699689,0.052731179,-2.885082129,-0.730593736,-0.231765337,-2.985564711,-1.110704462,-0.239986918,-2.424001596,-0.735907585,0.008221581,-0.561563114,-0.374796878,-2.018926223,-450.000000000,-8.039846205,0.094567942,-0.002057571,-9.504006122,115.380733086,-114.371269975,109.619266914,-110.628730025,4.019923103,4.019923103
1786024475.480100393,22.700256896,0.000000000,NONE,0,0.049798671,0.000000002,-25.500000000,-2.051293425,-0.053044714,-22.736863495,-1.354232997,0.053044716,-2.763136505,-0.697060428,-0.227244462,-2.986969800,-1.058126251,-0.236385238,-2.424308153,-0.628206268,0.009140777,-0.562661647,-0.429919983,-1.903961063,-450.000000000,-20.376230847,0.094450022,-0.002351822,-9.501036957,115.351249505,-114.399268974,109.648750495,-110.600731026,10.188115423,10.188115423
1786024475.530122280,22.750278867,0.000000000,NONE,0,0.050045356,0.000000002,-25.500000000,-2.051293425,-0.053233394,-22.858752881,-1.383184822,0.053233396,-2.641247119,-0.668108603,-0.222712863,-2.988752910,-1.010982449,-0.232551540,-2.424515246,-0.571539126,0.009838677,-0.564237664,-0.439443324,-1.769083538,-450.000000000,-20.137235760,0.094321760,-0.002545653,-9.498278414,115.316840488,-114.432298719,109.683159512,-110.567701281,10.068617880,10.068617880
1786024475.580058813,22.800215478,0.000000000,NONE,0,0.049913843,0.000000002,-25.500000000,-2.051293425,-0.053282114,-22.980588031,-1.410566869,0.053282116,-2.519411969,-0.640726556,-0.218245814,-2.990704836,-0.965270438,-0.228631180,-2.424649143,-0.541903538,0.010385365,-0.566055693,-0.423366899,-1.645048682,-450.000000000,-18.510074312,0.094188624,-0.002646919,-9.496017528,115.285266552,-114.462742211,109.714733448,-110.537257789,9.255037156,9.255037156
1786024475.630190849,22.850347614,0.000000000,TARGET_UPDATED,0,0.050146469,0.000000002,-26.500000000,-2.051293425,-0.053181816,-23.102364246,-1.436807165,0.053181818,-3.397635754,-0.614486261,-0.233423196,-2.991136793,-0.920977397,-0.224674102,-2.424699176,-0.516048822,-0.008749094,-0.566437618,-0.404928575,-3.512879592,-450.000000000,-17.183938535,0.094054752,-0.002672208,-9.494487934,115.751841882,-113.995402085,109.248158118,-111.004597915,8.591969268,8.591969268
1786024475.680121899,22.900278573,0.000000000,NONE,0,0.049928782,0.000000002,-26.500000000,-2.051293425,-0.053061337,-23.224093877,-1.462024449,0.053061340,-3.275906123,-0.589268976,-0.230738558,-2.992706269,-0.878495441,-0.226112089,-2.424668292,-0.492759146,-0.004626469,-0.568037977,-0.385736295,-2.742051557,-450.000000000,-15.833404918,0.093922651,-0.002649451,-9.493526276,115.558894458,-114.187868680,109.441105542,-110.812131320,7.916702459,7.916702459
1786024475.730131388,22.950288152,0.000000000,NONE,0,0.049950725,0.000000002,-26.500000000,-2.051293425,-0.053057132,-23.345794383,-1.486305041,0.053057134,-3.154205617,-0.564988385,-0.227978824,-2.993941056,-0.838194087,-0.226665075,-2.424572942,-0.471288910,-0.001313749,-0.569368114,-0.366905177,-2.499180871,-450.000000000,-14.531789437,0.093793541,-0.002597507,-9.493086991,115.498066965,-114.248476530,109.501933035,-110.751523470,7.265894719,7.265894719
1786024475.780138493,23.000295114,0.000000000,NONE,0,0.050035769,0.000000002,-26.500000000,-2.051293425,-0.053070640,-23.467464608,-1.509691391,0.053070642,-3.032535392,-0.541602034,-0.225279172,-2.994768546,-0.800380765,-0.226125478,-2.424433081,-0.451317294,0.000846306,-0.570335465,-0.349063471,-2.334333131,-450.000000000,-13.312017767,0.093667389,-0.002536034,-9.492983054,115.456829046,-114.289662481,109.543170954,-110.710337519,6.656008884,6.656008884
1786024475.830092192,23.050248923,0.000000000,NONE,0,0.049993975,0.000000002,-26.500000000,-2.051293425,-0.053064523,-23.589111484,-1.532196001,0.053064525,-2.910888516,-0.519097425,-0.222668964,-2.995168066,-0.765295105,-0.225127702,-2.424267428,-0.432575924,0.002458738,-0.570900637,-0.332719182,-2.192665804,-450.000000000,-12.205888290,0.093543381,-0.002479509,-9.492980828,115.421411658,-114.325078756,109.578588342,-110.674921244,6.102944145,6.102944145
1786024475.880093098,23.100249771,0.000000000,NONE,0,0.050004938,0.000000002,-26.500000000,-2.051293425,-0.053013932,-23.710744168,-1.553825933,0.053013935,-2.789255832,-0.497467492,-0.220145080,-2.995157784,-0.733063626,-0.223832442,-2.424093199,-0.415169038,0.003687361,-0.571064586,-0.317894588,-2.073223929,-450.000000000,-11.206577497,0.093420536,-0.002435357,-9.492937750,115.391540420,-114.354928455,109.608459580,-110.645071545,5.603288748,5.603288748
1786024475.930352449,23.150508898,0.000000000,NONE,0,0.050204849,0.000000002,-26.500000000,-2.051293425,-0.052928195,-23.808046498,-1.570501269,0.052928197,-2.691953502,-0.480792157,-0.218173170,-2.994890387,-0.709326802,-0.222626346,-2.423957001,-0.401932662,0.004453176,-0.570933386,-0.307394139,-1.995247548,-450.000000000,-10.566572915,0.093322659,-0.002409711,-9.494734520,115.372495517,-114.374871743,109.627504483,-110.625128257,5.283286458,5.283286458
1786024475.980211258,23.200367753,0.000000000,TARGET_UPDATED,0,0.049892972,0.000000002,-27.500000000,-2.051293425,-0.052751496,-23.929676939,-1.590558866,0.052751498,-3.570323061,-0.460734559,-0.232920389,-2.993011586,-0.682093460,-0.221019642,-2.423805637,-0.386976686,-0.011900747,-0.569205950,-0.295116774,-3.637160300,-450.000000000,-9.677597484,0.093199650,-0.002432463,-9.493966328,115.782781657,-113.964201507,109.217218343,-111.035798493,4.838798742,4.838798742
1786024476.030185223,23.250341822,0.000000000,TARGET_UPDATED,0,0.049971462,-1.999999998,-25.500000000,-1.539610943,-0.052628508,-24.026995273,-1.605986504,-1.947371489,-1.473004727,0.066375562,-2.550748028,-1.579315853,0.096740854,-0.223408577,-2.423711072,-0.375269463,-2.327339451,0.844395219,0.472010317,-450.000000000,-113.070246036,59.138322092,0.093100117,-0.002456600,-9.495066976,120.000000000,68.624769167,-72.604779871,-116.019989296,-29.569161046,-29.569161046
1786024476.080145359,23.300302035,0.000000000,NONE,0,0.049959255,-1.999999998,-25.500000000,-1.539610943,-0.080395874,-24.132267272,-1.617665160,-1.919604123,-1.367732728,0.078054218,-2.590446607,-1.514259491,0.101550991,-1.216599705,-1.765711712,-0.089929870,-1.373846903,0.251452220,0.191480862,-383.560429751,-173.382224353,18.539574686,0.089398486,-0.146459396,-7.767841139,120.000000000,43.011851056,-46.313156573,-116.698694483,-9.269787343,-9.269787343
1786024476.130127430,23.350284060,0.000000000,NONE,0,0.049977635,-1.999999998,-25.500000000,-1.539610943,-0.139576908,-24.202742615,-1.617988262,-1.860423089,-1.297257385,0.078377319,-2.595709275,-1.507172562,0.067423959,-1.823788097,-1.579070534,0.015254814,-0.771921177,0.071897972,0.052169145,-355.807670306,-174.237764527,11.616741840,0.082003434,-0.222906256,-6.419965030,120.000000000,39.178655129,-42.050772525,-117.127882604,-5.808370920,-5.808370920
1786024476.180206060,23.400362587,0.000000000,NONE,0,0.050015959,-1.999999998,-25.500000000,-1.539610943,-0.237827498,-24.286999104,-1.613225832,-1.762172499,-1.213000896,0.073614889,-2.586504187,-1.523808220,0.014060278,-2.226977866,-1.509929423,0.062173617,-0.359526321,-0.013878797,-0.048113340,-332.595983264,-181.369054271,5.378236186,0.070448469,-0.262234556,-5.109331959,120.000000000,33.779575095,-36.141933443,-117.637641652,-2.689118093,-2.689118093
1786024476.230261087,23.450417741,0.000000000,TARGET_UPDATED,0,0.050076808,-1.999999998,-26.500000000,-1.539610943,-0.326414331,-24.353332579,-1.606664096,-1.673585666,-2.146667421,0.067053153,-1.986434022,-2.249657626,0.056892218,-2.368851789,-1.510625976,0.071024965,0.382417767,-0.739031650,-0.014132747,-150.594442221,-447.450534650,10.440102955,0.060728798,-0.257403405,-4.386151967,120.000000000,-60.005314462,58.257933854,-118.252619392,-5.220051477,-5.220051477
1786024476.280211926,23.500368490,0.000000000,NONE,0,0.049981403,-1.999999998,-26.500000000,-1.539610943,-0.432132373,-24.445084326,-1.597124680,-1.567867625,-2.054915674,0.057513737,-1.939679882,-2.290152412,0.016926426,-2.066823270,-1.885111092,0.100038263,0.127143388,-0.405041319,-0.083111837,-177.074544928,-420.339033661,3.550825106,0.051238809,-0.138709139,-4.819017481,120.000000000,-49.432762258,47.512301288,-118.079539030,-1.775412553,-1.775412553
1786024476.330152035,23.550308492,0.000000000,NONE,0,0.049951761,-1.999999998,-26.500000000,-1.539610943,-0.506211258,-24.528163978,-1.589072565,-1.493788740,-1.971836022,0.049461623,-1.923257608,-2.303539482,-0.017045429,-1.916049101,-2.017095889,0.107647809,-0.007208507,-0.286443593,-0.124693239,-179.691811595,-422.241637517,1.184676620,0.047778209,-0.051779808,-5.416236002,120.000000000,-48.993072953,46.852795824,-117.859722871,-0.592338310,-0.592338310
1786024476.380116224,23.600272945,0.000000000,NONE,0,0.049965884,-1.999999998,-26.500000000,-1.539610943,-0.593578976,-24.635085857,-1.578510099,-1.406421022,-1.864914143,0.038899156,-1.917623279,-2.307422143,-0.043915677,-1.827286681,-2.065516905,0.116036750,-0.090336598,-0.241905238,-0.159952428,-182.623460590,-422.423450024,-1.160696810,0.047612330,0.034782926,-6.273351047,120.000000000,-48.303324312,45.840451174,-117.537126862,0.580348405,0.580348405
1786024476.430120468,23.650277126,0.000000000,NONE,0,0.050008425,-1.999999998,-26.500000000,-1.539610943,-0.677937110,-24.743002010,-1.567642376,-1.322062888,-1.756997990,0.028031433,-1.923529992,-2.301816954,-0.058643360,-1.788956410,-2.073087198,0.123395091,-0.134573582,-0.228729756,-0.182038451,-185.584280272,-420.281979749,-2.447250948,0.051263194,0.098366364,-7.206381728,120.000000000,-47.349184693,44.528097114,-117.178912421,1.223625474,1.223625474
1786024476.480203629,23.700360078,0.000000000,NONE,0,0.050053071,-1.999999998,-26.500000000,-1.539610943,-0.760777507,-24.851164698,-1.556851521,-1.239222491,-1.648835302,0.017240579,-1.936314882,-2.290619419,-0.066454064,-1.776626886,-2.067671573,0.128462241,-0.159687995,-0.222947846,-0.194916305,-189.066401306,-416.144257268,-3.169216748,0.057365747,0.132881720,-8.045482176,120.000000000,-46.008182718,42.859554284,-116.851371566,1.584608374,1.584608374
1786024476.530159950,23.750316425,0.000000000,NONE,0,0.049964244,-1.999999998,-26.500000000,-1.539610943,-0.842861463,-24.959410478,-1.546383333,-1.157138535,-1.540589522,0.006772390,-1.880463850,-2.193698910,-0.067169469,-1.778194663,-2.057926136,0.131946228,-0.102269188,-0.135772774,-0.199115697,-173.803709631,-375.995134269,-3.294912523,0.064459251,0.140924370,-8.699830282,120.000000000,-45.312463145,41.573941705,-116.261478560,1.647456261,1.647456261
1786024476.580279827,23.800436336,0.000000000,TARGET_UPDATED,0,0.050116087,-1.999999998,-27.500000000,-1.539610943,-0.924535903,-25.067747424,-1.536362033,-1.075464095,-2.432252576,-0.003248910,-1.404693707,-2.649972703,-0.067111945,-1.782720567,-2.049483247,0.135372849,0.378026861,-0.600489456,-0.202484794,-61.981215859,-450.000000000,-3.519001061,0.071076273,0.116805466,-8.995127131,120.000000000,-91.446895802,87.303079023,-115.856183221,1.759500531,1.759500531
1786024476.630213976,23.850370391,0.000000000,TARGET_UPDATED,0,0.049933780,-0.999999997,-28.500000000,-1.340335735,-1.000433430,-25.180323066,-1.526829383,0.000433432,-3.319676934,0.186493648,-0.231098988,-2.996203599,0.218201695,-1.584548761,-2.211988471,0.135126261,1.353449773,-0.784215128,0.083075434,98.109212967,-450.000000000,22.258293456,0.076861580,0.112527962,-9.422852652,77.767072848,-120.000000000,115.943758618,-73.710831466,-11.129146728,-11.129146728
1786024476.680048943,23.900205492,0.000000000,NONE,0,0.049860887,-0.999999997,-28.500000000,-1.340335735,-1.046625581,-25.273460663,-1.517784455,0.046625584,-3.226539337,0.177448720,-0.198396391,-2.999149493,0.191283288,-1.162152182,-2.237804799,0.214777996,0.963755791,-0.761344694,-0.023494708,48.071682184,-450.000000000,6.941669732,0.081633648,0.108072856,-9.768207708,97.281808787,-120.000000000,115.383643750,-92.665452537,-3.470834866,-3.470834866
1786024476.730133533,23.950290152,0.000000000,NONE,0,0.050076133,-0.999999997,-28.500000000,-1.340335735,-1.083805982,-25.390471758,-1.502805463,0.083805984,-3.109528242,0.162469728,-0.172805646,-3.000882136,0.155680896,-0.813108367,-2.310090425,0.268135587,0.640302721,-0.690791712,-0.112454691,30.490087262,-450.000000000,1.072510081,0.087277602,0.094379152,-10.091528024,105.083784808,-120.000000000,115.063070750,-100.146855558,-0.536255040,-0.536255040
1786024476.780200005,24.000356612,0.000000000,NONE,0,0.050046818,-0.999999997,-28.500000000,-1.340335735,-1.108285800,-25.510044162,-1.486770627,0.108285803,-2.989955838,0.146434892,-0.155908587,-3.001604156,0.119633405,-0.616932342,-2.369738784,0.268021171,0.461023755,-0.631865372,-0.148387765,22.886850749,-450.000000000,-0.388012792,0.091983187,0.072743197,-10.260822191,108.631127733,-120.000000000,114.903013170,-103.534140903,0.194006396,0.194006396
1786024476.830150843,24.050307586,0.000000000,NONE,0,0.049957252,-0.999999997,-28.500000000,-1.340335735,-1.121984113,-25.606847187,-1.473967828,0.121984116,-2.893152813,0.133632093,-0.145225872,-3.001674070,0.095087743,-0.509951989,-2.398316750,0.259128351,0.364726117,-0.603357320,-0.164040609,18.926188503,-450.000000000,-1.083144909,0.094810741,0.052277970,-10.291847189,110.341414671,-119.804508923,114.658585329,-105.195491077,0.541572455,0.541572455
1786024476.880125523,24.100282126,0.000000000,NONE,0,0.049996852,-0.999999997,-28.500000000,-1.340335735,-1.133766208,-25.728452382,-1.458227976,0.133766211,-2.771547618,0.117892241,-0.133306042,-3.001360534,0.073049654,-0.406314219,-2.415715986,0.249790797,0.273008177,-0.585644548,-0.176741143,13.681443970,-450.000000000,-1.917302480,0.097076275,0.027116321,-10.231180438,111.637434117,-118.478156102,113.362565883,-106.521843898,0.958651240,0.958651240
1786024476.930352449,24.150509016,0.000000000,TARGET_UPDATED,0,0.050075670,-0.999999997,-29.500000000,-1.340335735,-1.141101743,-25.850192671,-1.442959982,0.141101745,-3.649807329,0.102624247,-0.165212018,-2.998687010,0.065403428,-0.330934557,-2.420974042,0.243966816,0.165722539,-0.577712968,-0.178563388,6.486099399,-450.000000000,-1.831693649,0.097985327,0.004373898,-10.086293781,113.400048596,-116.643098295,111.599951404,-108.356901705,0.915846825,0.915846825
1786024476.980159044,24.200315558,0.000000000,NONE,0,0.049917157,-0.999999997,-29.500000000,-1.340335735,-1.145536214,-25.971873586,-1.428338099,0.145536216,-3.528126414,0.088002364,-0.158038166,-2.998079045,0.063015196,-0.285491535,-2.422364387,0.243124707,0.127453368,-0.575714658,-0.180109511,5.679570603,-450.000000000,-1.939001476,0.097713916,-0.014136460,-9.889232516,113.552415478,-116.392200780,111.447584522,-108.607799220,0.969500738,0.969500738
1786024477.030077219,24.250233895,0.000000000,NONE,0,0.049954323,-0.999999997,-29.500000000,-1.340335735,-1.147736399,-26.069186902,-1.417156071,0.147736402,-3.430813098,0.076820336,-0.151589963,-2.997699660,0.063994530,-0.257047012,-2.422741944,0.243507556,0.105457049,-0.574957716,-0.179513026,4.783994134,-450.000000000,-1.858816819,0.096858408,-0.024161584,-9.730217567,113.736555858,-116.128552925,111.263444142,-108.871447075,0.929408410,0.929408410
1786024477.080133200,24.300289637,0.000000000,NONE,0,0.050056703,-0.999999997,-29.500000000,-1.340335735,-1.149072636,-26.190791818,-1.403857052,0.149072638,-3.309208182,0.063521317,-0.143175862,-2.997369521,0.065994540,-0.226650144,-2.422971715,0.243643400,0.083474282,-0.574397806,-0.177648860,3.586604261,-450.000000000,-1.707471007,0.095304607,-0.031944869,-9.537621939,113.987754419,-115.781056550,111.012245581,-109.218943450,0.853735503,0.853735503
1786024477.130179882,24.350336324,0.000000000,NONE,0,0.050026956,-0.999999997,-29.500000000,-1.340335735,-1.149127411,-26.312367846,-1.391313389,0.149127414,-3.187632154,0.050977654,-0.134893859,-2.997191646,0.067029873,-0.202642759,-2.423127345,0.242674144,0.067748900,-0.574064302,-0.175644272,2.879456792,-450.000000000,-1.568714224,0.093549428,-0.033704333,-9.388972984,114.127379048,-115.567107444,110.872620952,-109.432892556,0.784357112,0.784357112
1786024477.180187702,24.400344349,0.000000000,NONE,0,0.049969861,-0.999999997,-29.500000000,-1.340335735,-1.148430150,-26.409614791,-1.381809730,0.148430153,-3.090385209,0.041473995,-0.128716820,-2.997146125,0.066462707,-0.187031698,-2.423239325,0.240838196,0.058314877,-0.573906800,-0.174375489,2.518094780,-450.000000000,-1.498935400,0.092215564,-0.031433100,-9.314192206,114.199024356,-115.458071746,110.800975644,-109.541928254,0.749467700,0.749467700
1786024477.230048656,24.450205274,0.000000000,NONE,0,0.049920406,-0.999999997,-29.500000000,-1.340335735,-1.146782548,-26.531157750,-1.370567013,0.146782551,-2.968842250,0.030231278,-0.121862251,-2.997193250,0.063549647,-0.170573798,-2.423382500,0.236903146,0.048711546,-0.573810749,-0.173353499,2.021469537,-450.000000000,-1.436641622,0.090808365,-0.026140735,-9.263606314,114.310534194,-115.321268963,110.689465806,-109.678731037,0.718320811,0.718320811
1786024477.280127525,24.500284239,0.000000000,NONE,0,0.050074868,-0.999999997,-29.500000000,-1.340335735,-1.144397546,-26.652681300,-1.359995604,0.144397549,-2.847318700,0.019659870,-0.116100591,-2.997338742,0.057885832,-0.157397565,-2.423539997,0.231165415,0.041296974,-0.573798745,-0.173279583,1.687337701,-450.000000000,-1.454802245,0.089770455,-0.019238172,-9.258589576,114.392812969,-115.236481819,110.607187031,-109.763518181,0.727401123,0.727401123
1786024477.330194950,24.550351623,0.000000000,TARGET_UPDATED,0,0.050092328,-0.999999997,-30.500000000,-1.340335735,-1.141401543,-26.774182884,-1.350049586,0.141401546,-3.725817116,0.009713851,-0.153073085,-2.995704868,0.050331725,-0.146955722,-2.423712328,0.223474823,-0.006117362,-0.571992540,-0.173143098,-2.430898592,-450.000000000,-1.448336300,0.089125751,-0.012000875,-9.288315321,115.429803478,-114.214354182,109.570196522,-110.785645818,0.724168150,0.724168150
1786024477.380103111,24.600259798,0.000000000,NONE,0,0.049882934,-0.999999997,-30.500000000,-1.340335735,-1.138178881,-26.895683518,-1.340681209,0.138178884,-3.604316482,0.000345474,-0.151457107,-2.995931430,0.038155999,-0.149787953,-2.423901492,0.213967760,-0.001669154,-0.572029938,-0.175811761,-1.104859967,-450.000000000,-1.695750869,0.088834981,-0.005558067,-9.338344483,115.110801113,-114.558371129,109.889198887,-110.441628871,0.847875435,0.847875435
1786024477.430077076,24.650233878,0.000000000,NONE,0,0.049973702,-0.999999997,-30.500000000,-1.340335735,-1.135665746,-26.992894781,-1.333575473,0.135665749,-3.507105219,-0.006760262,-0.150435193,-2.996129102,0.026124357,-0.151014244,-2.424052074,0.204354193,0.000579051,-0.572077028,-0.178229837,-0.999421193,-450.000000000,-1.864358041,0.088801932,-0.001582073,-9.384335993,115.095939297,-114.596228700,109.904060703,-110.403771300,0.932179020,0.932179020
1786024477.480115175,24.700271942,0.000000000,NONE,0,0.050041330,-0.999999997,-30.500000000,-1.340335735,-1.132484471,-27.114401048,-1.325149045,0.132484473,-3.385598952,-0.015186690,-0.149403785,-2.996352294,0.008388778,-0.151786962,-2.424215665,0.190467850,0.002383177,-0.572136629,-0.182079072,-0.885296246,-450.000000000,-2.166894396,0.088929239,0.002062581,-9.439867382,115.081290907,-114.638642784,109.918709093,-110.361357216,1.083447198,1.083447198
1786024477.530247450,24.750404095,0.000000000,NONE,0,0.050036300,-0.999999997,-30.500000000,-1.340335735,-1.129899134,-27.211591973,-1.318748392,0.129899137,-3.288408027,-0.021587343,-0.148652670,-2.996480433,-0.007478674,-0.152111722,-2.424299192,0.177887284,0.003459052,-0.572181240,-0.185365958,-0.824528219,-450.000000000,-2.390382824,0.089108976,0.003636558,-9.478903453,115.075857918,-114.663593809,109.924142082,-110.336406191,1.195191412,1.195191412
1786024477.580110312,24.800267092,0.000000000,NONE,0,0.049964462,-0.999999997,-30.500000000,-1.340335735,-1.126607978,-27.333055375,-1.311147007,0.126607981,-3.166944625,-0.029188728,-0.147660161,-2.996549121,-0.028404300,-0.152177643,-2.424336625,0.161503034,0.004517481,-0.572212496,-0.189907334,-0.747198405,-450.000000000,-2.738225578,0.089361784,0.004400234,-9.515694685,115.065723273,-114.692124070,109.934276727,-110.307875930,1.369112789,1.369112789
1786024477.630153656,24.850310279,0.000000000,NONE,0,0.050038887,-0.999999997,-30.500000000,-1.340335735,-1.123244400,-27.454486969,-1.303965620,0.123244402,-3.045513031,-0.036370115,-0.146503970,-2.996511098,-0.049336555,-0.151741582,-2.424314415,0.144802813,0.005237612,-0.572196682,-0.194139368,-0.694427049,-450.000000000,-3.033008010,0.089590865,0.003938572,-9.538370607,115.058199414,-114.710985890,109.941800586,-110.289014110,1.516504005,1.516504005
1786024477.680238962,24.900395391,0.000000000,NONE,0,0.050007394,-0.999999997,-30.500000000,-1.340335735,-1.120496874,-27.551609347,-1.298518516,0.120496876,-2.948390653,-0.041817219,-0.145415808,-2.996418552,-0.065304160,-0.151017389,-2.424270413,0.131732974,0.005601581,-0.572148139,-0.197037134,-0.664408418,-450.000000000,-3.214150125,0.089728326,0.002939350,-9.548349439,115.053189464,-114.720985255,109.946810536,-110.279014745,1.607075063,1.607075063
1786024477.730075359,24.950231886,0.000000000,NONE,0,0.049902989,-0.999999997,-30.500000000,-1.340335735,-1.116989181,-27.672986520,-1.292069572,0.116989184,-2.827013480,-0.048266163,-0.143844892,-2.996259487,-0.083542699,-0.149718855,-2.424201441,0.116789128,0.005873963,-0.572058046,-0.200331826,-0.628061986,-450.000000000,-3.457852340,0.089826408,0.001341950,-9.549187186,115.044312293,-114.730281300,109.955687707,-110.269718700,1.728926170,1.728926170
1786024477.780172348,25.000329022,0.000000000,TARGET_UPDATED,0,0.050110885,-0.999999997,-31.500000000,-1.340335735,-1.113398763,-27.794339628,-1.286010679,0.113398766,-3.705660372,-0.054325056,-0.175902866,-2.994278532,-0.099972413,-0.147990642,-2.424130514,0.103413349,-0.027912224,-0.570148018,-0.203385762,-3.824610084,-450.000000000,-3.671645398,0.089840476,-0.000366824,-9.542228896,115.841709745,-113.929404703,109.158290255,-111.070595297,1.835822699,1.835822699
1786024477.830159903,25.050316357,0.000000000,NONE,0,0.049977603,-0.999999997,-31.500000000,-1.340335735,-1.109957129,-27.915694995,-1.280343461,0.109957132,-3.584305005,-0.059992274,-0.175386254,-2.994095867,-0.112816298,-0.155016277,-2.424067489,0.091759383,-0.020369977,-0.570028378,-0.204575681,-2.538785847,-450.000000000,-3.722917286,0.089779462,-0.001911248,-9.530877491,115.517415834,-114.248022911,109.482584166,-110.751977089,1.861458643,1.861458643
1786024477.880089760,25.100246474,0.000000000,NONE,0,0.049929508,-0.999999997,-31.500000000,-1.340335735,-1.107469837,-28.012798407,-1.276087297,0.107469840,-3.487201593,-0.064248437,-0.174700933,-2.994023077,-0.120801856,-0.158852978,-2.424019940,0.084143202,-0.015847954,-0.570003136,-0.204945058,-2.316759243,-450.000000000,-3.737479007,0.089687853,-0.002868084,-9.522936486,115.459923932,-114.301544311,109.540076068,-110.698455689,1.868739504,1.868739504
1786024477.930056334,25.150213157,0.000000000,NONE,0,0.049968051,-0.999999997,-31.500000000,-1.340335735,-1.104549586,-28.134192065,-1.271100576,0.104549589,-3.365807935,-0.069235159,-0.173654898,-2.994040427,-0.127872152,-0.161979084,-2.423969123,0.076964811,-0.011675814,-0.570071304,-0.204836964,-2.056411393,-450.000000000,-3.725468865,0.089534267,-0.003797313,-9.510305038,115.391679108,-114.363473411,109.608320892,-110.636526589,1.862734432,1.862734432
1786024477.980099440,25.200255987,0.000000000,NONE,0,0.050018939,-0.999999997,-31.500000000,-1.340335735,-1.102328885,-28.231317391,-1.267366730,0.102328888,-3.268682609,-0.072969005,-0.172705545,-2.994147311,-0.131281179,-0.163521996,-2.423937412,0.073039285,-0.009183548,-0.570209899,-0.204320463,-1.925088841,-450.000000000,-3.686260941,0.089389741,-0.004206395,-9.503594533,115.357170843,-114.394626423,109.642829157,-110.605373577,1.843130470,1.843130470
1786024478.030154705,25.250311439,0.000000000,NONE,0,0.050077966,-0.999999997,-31.500000000,-1.340335735,-1.100183794,-28.328451196,-1.263849530,0.100183796,-3.171548804,-0.076486205,-0.171679935,-2.994330731,-0.132937154,-0.164562264,-2.423917881,0.070580705,-0.007117671,-0.570412850,-0.203517859,-1.793038302,-450.000000000,-3.629473509,0.089234129,-0.004412220,-9.498024641,115.322765736,-114.426246585,109.677234264,-110.573753415,1.814736755,1.814736755
1786024478.080152988,25.300309651,0.000000000,NONE,0,0.049993793,-0.999999997,-31.500000000,-1.340335735,-1.098098864,-28.425593318,-1.260538922,0.098098867,-3.074406682,-0.079796813,-0.170576013,-2.994576214,-0.133206864,-0.165224526,-2.423910260,0.069302958,-0.005351488,-0.570665954,-0.202509821,-1.675102411,-450.000000000,-3.559836826,0.089071094,-0.004473648,-9.493273564,115.292093994,-114.454542788,109.707906006,-110.545457212,1.779918413,1.779918413
1786024478.130106211,25.350262655,0.000000000,NONE,0,0.049975023,-0.999999997,-31.500000000,-1.340335735,-1.096057471,-28.522743064,-1.257423020,0.096057474,-2.977256936,-0.082912715,-0.169392940,-2.994863897,-0.132529006,-0.165497406,-2.423911963,0.068918676,-0.003895534,-0.570951934,-0.201447682,-1.574849895,-450.000000000,-3.489430587,0.088904682,-0.004391800,-9.489665092,115.266128747,-114.478703799,109.733871253,-110.521296201,1.744715294,1.744715294
1786024478.180168152,25.400324871,0.000000000,NONE,0,0.050010044,-0.999999997,-31.500000000,-1.340335735,-1.093546242,-28.644189646,-1.253784516,0.093546245,-2.855810354,-0.086551219,-0.167795564,-2.995251309,-0.131031485,-0.165467712,-2.423922991,0.069085625,-0.002327853,-0.571328318,-0.200117111,-1.452939227,-450.000000000,-3.395941873,0.088697467,-0.004160756,-9.484269846,115.234302268,-114.507832655,109.765697732,-110.492167345,1.697970937,1.697970937
1786024478.230207920,25.450364576,0.000000000,TARGET_UPDATED,0,0.050093083,-0.999999997,-32.500000000,-1.340335735,-1.091059662,-28.765644722,-1.250411528,0.091059665,-3.734355278,-0.089924207,-0.192740368,-2.994042094,-0.129450411,-0.165066425,-2.423940324,0.069413480,-0.027673943,-0.570101770,-0.198863891,-3.940753024,-450.000000000,-3.314785607,0.088498279,-0.003779861,-9.481010097,115.855440780,-113.885064268,109.144559220,-111.114935732,1.657392804,1.657392804
1786024478.280164957,25.500321625,0.000000000,NONE,0,0.049918194,-0.999999997,-32.500000000,-1.340335735,-1.089207786,-28.862825037,-1.247889915,0.089207788,-3.637174963,-0.092445820,-0.192228477,-2.994280846,-0.128683513,-0.170574282,-2.423959468,0.069425207,-0.021654196,-0.570321378,-0.198108721,-2.944135910,-450.000000000,-3.276757979,0.088350763,-0.003404797,-9.481780027,115.606478984,-114.134411029,109.393521016,-110.865588971,1.638378990,1.638378990
1786024478.330093384,25.550250069,0.000000000,NONE,0,0.049974249,-0.999999997,-32.500000000,-1.340335735,-1.087218569,-28.984333115,-1.244945742,0.087218571,-3.515666885,-0.095389993,-0.191253900,-2.994548606,-0.128739689,-0.175963416,-2.423983917,0.068622561,-0.015290484,-0.570564689,-0.197362250,-2.538119038,-450.000000000,-3.229627578,0.088185543,-0.002960533,-9.481819139,115.504984544,-114.235925025,109.495015456,-110.764074975,1.614813789,1.614813789
1786024478.380157709,25.600314231,0.000000000,NONE,0,0.050004330,-0.999999997,-32.500000000,-1.340335735,-1.085783120,-29.081555410,-1.242747670,0.085783122,-3.418444590,-0.097588065,-0.190271939,-2.994724654,-0.129801986,-0.178518904,-2.424005867,0.067212580,-0.011753035,-0.570718787,-0.197014566,-2.364890861,-450.000000000,-3.218199483,0.088069397,-0.002628268,-9.484657794,115.462387164,-114.279941733,109.537612836,-110.720058267,1.609099742,1.609099742
1786024478.430099010,25.650255547,0.000000000,NONE,0,0.049994940,-0.999999997,-32.500000000,-1.340335735,-1.084123818,-29.203096221,-1.240184996,0.084123820,-3.296903779,-0.100150739,-0.188811034,-2.994885991,-0.132575170,-0.180940168,-2.424034569,0.064241336,-0.007870867,-0.570851422,-0.196816506,-2.098830298,-450.000000000,-3.212246677,0.087943720,-0.002294762,-9.486732182,115.396390620,-114.346975471,109.603609380,-110.653024529,1.606123338,1.606123338
1786024478.480205297,25.700361830,0.000000000,NONE,0,0.050047831,-0.999999997,-32.500000000,-1.340335735,-1.082568520,-29.324645559,-1.237817979,0.082568523,-3.175354441,-0.102517756,-0.187090310,-2.994974677,-0.137007863,-0.182362970,-2.424060759,0.059881074,-0.004727340,-0.570913917,-0.196888938,-1.894321582,-450.000000000,-3.227652715,0.087835676,-0.002056187,-9.489266393,115.345896994,-114.398736203,109.654103006,-110.601263797,1.613826357,1.613826357
1786024478.530164003,25.750320670,0.000000000,NONE,0,0.049974300,-0.999999997,-32.500000000,-1.340335735,-1.081365528,-29.421886916,-1.236058749,0.081365531,-3.078113084,-0.104276986,-0.185531354,-2.994991923,-0.141659097,-0.182873436,-2.424074169,0.055412683,-0.002657917,-0.570917754,-0.197071780,-1.763911905,-450.000000000,-3.247587381,0.087758627,-0.001935317,-9.493082482,115.314248597,-114.432292644,109.685751403,-110.567707356,1.623793690,1.623793690
1786024478.580135107,25.800291809,0.000000000,NONE,0,0.049961003,-0.999999997,-32.500000000,-1.340335735,-1.079883263,-29.543436932,-1.234021526,0.079883265,-2.956563068,-0.106314209,-0.183352624,-2.994953862,-0.148540501,-0.183040628,-2.424077968,0.048841932,-0.000311996,-0.570875893,-0.197382433,-1.579279240,-450.000000000,-3.276823045,0.087667777,-0.001895747,-9.494970147,115.268562347,-114.478922727,109.731437653,-110.521077273,1.638411523,1.638411523
1786024478.630111456,25.850268142,0.000000000,NONE,0,0.050027521,-0.999999997,-32.500000000,-1.340335735,-1.078695624,-29.640673283,-1.232517329,0.078695627,-2.859326717,-0.107818406,-0.181428620,-2.994887148,-0.154565341,-0.182671117,-2.424071168,0.043030005,0.001242497,-0.570815980,-0.197595347,-1.468380088,-450.000000000,-3.294707601,0.087594849,-0.001919640,-9.497661238,115.241510332,-114.507320288,109.758489668,-110.492679712,1.647353801,1.647353801
1786024478.680214882,25.900371528,0.000000000,TARGET_UPDATED,0,0.050100689,-0.999999997,-33.500000000,-1.340335735,-1.077185382,-29.762211872,-1.230789272,0.077185384,-3.737788128,-0.109546463,-0.201380318,-2.993353850,-0.162110011,-0.181833112,-2.424054242,0.035520326,-0.019547206,-0.569299609,-0.197630337,-3.526633403,-450.000000000,-3.298550109,0.087498494,-0.002019702,-9.497719714,115.756088279,-113.992771578,109.243911721,-111.007228422,1.649275054,1.649275054
1786024478.730134487,25.950291255,0.000000000,NONE,0,0.049907267,-0.999999997,-33.500000000,-1.340335735,-1.076051280,-29.859445876,-1.229524546,0.076051283,-3.640554124,-0.110811189,-0.200101281,-2.993215469,-0.168073347,-0.185778772,-2.424038986,0.029617031,-0.014322509,-0.569176483,-0.197690378,-2.669365820,-450.000000000,-3.308190735,0.087414771,-0.002114159,-9.498802568,115.542042097,-114.207359187,109.457957903,-110.792640813,1.654095368,1.654095368
1786024478.780105591,26.000261975,0.000000000,NONE,0,0.049934204,-0.999999997,-33.500000000,-1.340335735,-1.075085289,-29.956692001,-1.228360914,0.075085291,-3.543307999,-0.111974821,-0.198582103,-2.993101407,-0.173552381,-0.188911276,-2.424021585,0.024012447,-0.009670827,-0.569079822,-0.197564829,-2.373145094,-450.000000000,-3.300617524,0.087324463,-0.002223391,-9.499206567,115.468087915,-114.281515368,109.531912085,-110.718484632,1.650308762,1.650308762
1786024478.830127478,26.050284024,0.000000000,NONE,0,0.050084225,-0.999999997,-33.500000000,-1.340335735,-1.074000109,-30.078257499,-1.227043503,0.074000111,-3.421742501,-0.113292232,-0.196457563,-2.993009909,-0.179374331,-0.190956037,-2.424003294,0.017747144,-0.005501527,-0.569006615,-0.197121474,-2.092998219,-450.000000000,-3.268181194,0.087201879,-0.002374265,-9.496625981,115.397406050,-114.350906941,109.602593950,-110.649093059,1.634090597,1.634090597
1786024478.880127668,26.100284354,0.000000000,NONE,0,0.049976676,-0.999999997,-33.500000000,-1.340335735,-1.072989527,-30.199827227,-1.225869457,0.072989530,-3.300172773,-0.114466278,-0.194161746,-2.992994266,-0.183758611,-0.191746065,-2.423989627,0.012662805,-0.002415682,-0.569004640,-0.196421417,-1.886627251,-450.000000000,-3.218929874,0.087071421,-0.002461187,-9.494023245,115.345162624,-114.401848999,109.654837376,-110.598151001,1.609464937,1.609464937
1786024478.930088758,26.150245380,0.000000000,NONE,0,0.049948927,-0.999999997,-33.500000000,-1.340335735,-1.072201502,-30.297083653,-1.225024483,0.072201505,-3.202916347,-0.115311252,-0.192255117,-2.993045729,-0.186098831,-0.191719908,-2.423982078,0.009639256,-0.000535209,-0.569063651,-0.195738087,-1.762763774,-450.000000000,-3.176312386,0.086965608,-0.002464057,-9.494217178,115.314245238,-114.432863351,109.685754762,-110.567136649,1.588156193,1.588156193
1786024478.980148077,26.200304552,0.000000000,NONE,0,0.050061220,-0.999999997,-33.500000000,-1.340335735,-1.071214428,-30.418653020,-1.224074568,0.071214431,-3.081346980,-0.116261167,-0.189830939,-2.993195458,-0.187503720,-0.191233618,-2.423976734,0.007186581,0.001402679,-0.569218724,-0.194690301,-1.601207112,-450.000000000,-3.100591067,0.086835311,-0.002451896,-9.492609203,115.273454079,-114.472850523,109.726545921,-110.527149477,1.550295533,1.550295533
1786024479.030149221,26.250305672,0.000000000,NONE,0,0.050012580,-0.999999997,-33.500000000,-1.340335735,-1.070202376,-30.540219473,-1.223228228,0.070202378,-2.959780527,-0.117107507,-0.187395862,-2.993436278,-0.187293672,-0.190223759,-2.423977333,0.006308611,0.002827897,-0.569458945,-0.193602283,-1.482016457,-450.000000000,-3.028446265,0.086709395,-0.002393614,-9.491791856,115.243452078,-114.502443850,109.756547922,-110.497556150,1.514223132,1.514223132
1786024479.080068588,26.300225188,0.000000000,NONE,0,0.049906307,-0.999999997,-33.500000000,-1.340335735,-1.069358388,-30.637469343,-1.222612129,0.069358391,-2.862530657,-0.117723606,-0.185463203,-2.993683049,-0.186138686,-0.189099915,-2.423981809,0.006668087,0.003636712,-0.569701239,-0.192806773,-1.411311275,-450.000000000,-2.983386507,0.086613657,-0.002315749,-9.493556567,115.226216960,-114.520561323,109.773783040,-110.479438677,1.491693253,1.491693253
1786024479.130151272,26.350307867,0.000000000,NONE,0,0.050071847,-0.999999997,-33.500000000,-1.340335735,-1.068248897,-30.759026802,-1.221905139,0.068248900,-2.740973198,-0.118430596,-0.183073738,-2.994037568,-0.183796382,-0.187542715,-2.423990442,0.008030026,0.004468978,-0.570047126,-0.191826407,-1.318839988,-450.000000000,-2.915924383,0.086499665,-0.002247110,-9.493785962,115.203156488,-114.543736494,109.796843512,-110.456263506,1.457962192,1.457962192
1786024479.180295944,26.400452454,0.000000000,TARGET_UPDATED,0,0.050179979,-0.999999997,-34.500000000,-1.340335735,-1.067069382,-30.880578200,-1.221255191,0.067069384,-3.619421800,-0.119080544,-0.201873963,-2.993052558,-0.181076455,-0.185765331,-2.424000047,0.010152955,-0.016108632,-0.569052511,-0.191229410,-3.325838851,-450.000000000,-2.886614527,0.086389341,-0.002190222,-9.494198962,115.705009453,-114.042090028,109.294990547,-110.957909972,1.443307263,1.443307263
1786024479.230109215,26.450265792,0.000000000,NONE,0,0.049804783,-0.999999997,-34.500000000,-1.340335735,-1.066181214,-30.977824252,-1.220766435,0.066181216,-3.522175748,-0.119569300,-0.200965157,-2.993300508,-0.178697837,-0.189195163,-2.424008725,0.012038600,-0.011769994,-0.569291782,-0.190736437,-2.551160059,-450.000000000,-2.858855243,0.086302424,-0.002154919,-9.496195189,115.511838812,-114.236258783,109.488161188,-110.763741217,1.429427622,1.429427622
1786024479.280141354,26.500297922,0.000000000,NONE,0,0.050029371,-0.999999997,-34.500000000,-1.340335735,-1.065258317,-31.099398092,-1.220187825,0.065258319,-3.400601908,-0.120147910,-0.199661958,-2.993599706,-0.175999496,-0.192051262,-2.424016604,0.014280410,-0.007610696,-0.569583102,-0.190279906,-2.280862094,-450.000000000,-2.832430748,0.086193020,-0.002161655,-9.495999871,115.444215491,-114.303784444,109.555784509,-110.696215556,1.416215374,1.416215374
1786024479.330113173,26.550269967,0.000000000,NONE,0,0.049978101,-0.999999997,-34.500000000,-1.340335735,-1.064596385,-31.196663776,-1.219747520,0.064596388,-3.303336224,-0.120588215,-0.198526780,-2.993815415,-0.174283663,-0.193151869,-2.424022726,0.015809092,-0.005374911,-0.569792689,-0.190092755,-2.163688083,-450.000000000,-2.829461009,0.086103363,-0.002177042,-9.497280030,115.415242028,-114.333397987,109.584757972,-110.666602013,1.414730505,1.414730505
1786024479.380253553,26.600410043,0.000000000,NONE,0,0.049990335,-0.999999997,-34.500000000,-1.340335735,-1.063826773,-31.318250716,-1.219222645,0.063826775,-3.181749284,-0.121113090,-0.196992728,-2.994043025,-0.172927980,-0.193976738,-2.424030098,0.017096515,-0.003015991,-0.570012927,-0.190024495,-1.990831579,-450.000000000,-2.831811689,0.085987877,-0.002232249,-9.496086226,115.371729451,-114.376313662,109.628270549,-110.623686338,1.415905844,1.415905844
1786024479.430142403,26.650299180,0.000000000,NONE,0,0.050017541,-0.999999997,-34.500000000,-1.340335735,-1.063095715,-31.439840505,-1.218726705,0.063095718,-3.060159495,-0.121609030,-0.195316380,-2.994216080,-0.172615992,-0.194186424,-2.424036996,0.017508910,-0.001129956,-0.570179083,-0.190124902,-1.855805302,-450.000000000,-2.846967884,0.085868227,-0.002283135,-9.494595191,115.337600123,-114.409697472,109.662399877,-110.590302528,1.423483942,1.423483942
1786024479.480123758,26.700280231,0.000000000,NONE,0,0.050002424,-0.999999997,-34.500000000,-1.340335735,-1.062517604,-31.537112301,-1.218352346,0.062517607,-2.962887699,-0.121983389,-0.193871639,-2.994312057,-0.173173241,-0.193920738,-2.424041529,0.017113748,0.000049099,-0.570270529,-0.190286989,-1.772365310,-450.000000000,-2.864305492,0.085771207,-0.002297021,-9.495272290,115.316909400,-114.430726745,109.683090600,-110.569273255,1.432152746,1.432152746
1786024479.530146599,26.750303272,0.000000000,NONE,0,0.050014371,-0.999999997,-34.500000000,-1.340335735,-1.061786100,-31.658700106,-1.217915597,0.061786103,-2.841299894,-0.122420137,-0.191924143,-2.994380539,-0.174843830,-0.193317753,-2.424043598,0.015724060,0.001393610,-0.570336941,-0.190567890,-1.652515346,-450.000000000,-2.891108952,0.085649596,-0.002332465,-9.493756318,115.286567916,-114.460310243,109.713432084,-110.539689757,1.445554476,1.445554476
1786024479.580827475,26.800983694,0.000000000,TARGET_UPDATED,0,0.050028513,-0.999999997,-35.500000000,-1.340335735,-1.061028016,-31.780283847,-1.217518334,0.061028019,-3.719716153,-0.122817401,-0.207854322,-2.993205629,-0.177358120,-0.192320791,-2.424040110,0.013417105,-0.015533531,-0.569165518,-0.190775225,-3.337571303,-450.000000000,-2.908922451,0.085528248,-0.002345036,-9.492480474,115.707512944,-114.038727293,109.292487056,-110.961272707,1.454461226,1.454461226
1786024479.630137444,26.850294033,0.000000000,NONE,0,0.049980713,-0.999999997,-35.500000000,-1.340335735,-1.060485284,-31.877553345,-1.217232455,0.060485287,-3.622446655,-0.123103280,-0.206908082,-2.993147968,-0.179865862,-0.195508565,-2.424010381,0.011075054,-0.011399517,-0.569137586,-0.190940916,-2.650031009,-450.000000000,-2.924463223,0.085432428,-0.002340608,-9.493399094,115.535857526,-114.210842021,109.464142474,-110.789157979,1.462231612,1.462231612
1786024479.680218220,26.900374696,0.000000000,NONE,0,0.050045667,-0.999999997,-35.500000000,-1.340335735,-1.059986023,-31.999154778,-1.216918289,0.059986026,-3.500845222,-0.123417445,-0.205433768,-2.993070871,-0.183290554,-0.198284099,-2.424017173,0.007777268,-0.007149669,-0.569053698,-0.191067821,-2.364011421,-450.000000000,-2.937348395,0.085314805,-0.002337335,-9.492561299,115.464143180,-114.282137469,109.535856820,-110.717862531,1.468674198,1.468674198
1786024479.730072975,26.950229719,0.000000000,NONE,0,0.049874849,-0.999999997,-35.500000000,-1.340335735,-1.059661668,-32.096441115,-1.216702984,0.059661670,-3.403558885,-0.123632751,-0.204064295,-2.993016018,-0.186022190,-0.199342345,-2.424011764,0.005036055,-0.004721950,-0.569004255,-0.191058245,-2.227956831,-450.000000000,-2.938714729,0.085221699,-0.002321597,-9.493771001,115.430431958,-114.316453542,109.569568042,-110.683546458,1.469357365,1.469357365
1786024479.780200481,27.000356965,0.000000000,NONE,0,0.050111998,-0.999999997,-35.500000000,-1.340335735,-1.059306795,-32.218051736,-1.216480077,0.059306798,-3.281948264,-0.123855658,-0.202135319,-2.992972653,-0.189133590,-0.199998819,-2.424002321,0.001756122,-0.002136500,-0.568970332,-0.190889712,-2.032587499,-450.000000000,-2.928529254,0.085106004,-0.002318623,-9.493074862,115.381415590,-114.365121841,109.618584410,-110.634878159,1.464264627,1.464264627
1786024479.830123425,27.050280227,0.000000000,NONE,0,0.049939723,-0.999999997,-35.500000000,-1.340335735,-1.059043271,-32.315340806,-1.216337895,0.059043273,-3.184659194,-0.123997840,-0.200424510,-2.992969896,-0.191196261,-0.199993945,-2.423995494,-0.000558253,-0.000430565,-0.568974402,-0.190638009,-1.914821651,-450.000000000,-2.913993189,0.085013221,-0.002304437,-9.494285173,115.352276706,-114.394865881,109.647723294,-110.605134119,1.456996594,1.456996594
1786024479.880099535,27.100256350,0.000000000,NONE,0,0.049981712,-0.999999997,-35.500000000,-1.340335735,-1.058712265,-32.436950766,-1.216202421,0.058712268,-3.063049234,-0.124133314,-0.198093010,-2.993018603,-0.193052410,-0.199540715,-2.423989499,-0.002879506,0.001447705,-0.569029104,-0.190172904,-1.754345946,-450.000000000,-2.881923100,0.084896869,-0.002300366,-9.493504230,115.311962544,-114.434789571,109.688037456,-110.565210429,1.440961550,1.440961550
1786024479.930100679,27.150257496,0.000000000,NONE,0,0.050009941,-0.999999997,-35.500000000,-1.340335735,-1.058356759,-32.558557441,-1.216108200,0.058356761,-2.941442559,-0.124227535,-0.195564032,-2.993134370,-0.193970191,-0.198558903,-2.423986545,-0.004363477,0.002994871,-0.569147825,-0.189606714,-1.620591022,-450.000000000,-2.845014863,0.084779777,-0.002280222,-9.492818016,115.278352260,-114.468056748,109.721647740,-110.531943252,1.422507432,1.422507432
1786024479.980094910,27.200251593,0.000000000,NONE,0,0.049954537,-0.999999997,-35.500000000,-1.340335735,-1.058037400,-32.655839013,-1.216056105,0.058037403,-2.844160987,-0.124279630,-0.193420354,-2.993277449,-0.193986822,-0.197415998,-2.423986127,-0.004856253,0.003995644,-0.569291322,-0.189130569,-1.531569842,-450.000000000,-2.818198650,0.084686882,-0.002241038,-9.494239263,115.256452276,-114.490667355,109.743547724,-110.509332645,1.409099325,1.409099325
1786024480.030271530,27.250428247,0.000000000,TARGET_UPDATED,0,0.050199540,-0.999999997,-36.500000000,-1.340335735,-1.057580282,-32.777435134,-1.216012772,0.057580285,-3.722564866,-0.124322963,-0.207610194,-2.992388185,-0.193099473,-0.195772608,-2.423988733,-0.004674696,-0.011837586,-0.568399452,-0.188424777,-3.088764241,-450.000000000,-2.768994513,0.084572389,-0.002214936,-9.493831777,115.645649005,-114.101266884,109.354350995,-110.898733116,1.384497257,1.384497257
1786024480.080131054,27.300287732,0.000000000,NONE,0,0.049858339,-0.999999997,-36.500000000,-1.340335735,-1.057166212,-32.899034013,-1.215984832,0.057166214,-3.600965987,-0.124350903,-0.205781621,-2.992619999,-0.191498170,-0.198520126,-2.423995628,-0.003639805,-0.007261495,-0.568624370,-0.187858365,-2.371131523,-450.000000000,-2.736728067,0.084459374,-0.002188408,-9.493477851,115.466152344,-114.280586582,109.533847656,-110.719413418,1.368364034,1.368364034
1786024480.130140305,27.350296959,0.000000000,NONE,0,0.050009804,-0.999999997,-36.500000000,-1.340335735,-1.056938575,-32.996321251,-1.215966159,0.056938578,-3.503678749,-0.124369576,-0.204159872,-2.992839935,-0.189816763,-0.199716669,-2.424001071,-0.002346067,-0.004443203,-0.568838863,-0.187470696,-2.205857364,-450.000000000,-2.717887563,0.084370874,-0.002155613,-9.495164587,115.425255488,-114.322326806,109.574744512,-110.677673194,1.358943781,1.358943781
1786024480.180355072,27.400511619,0.000000000,NONE,0,0.050052386,-0.999999997,-36.500000000,-1.340335735,-1.056700810,-33.117933548,-1.215941112,0.056700813,-3.382066452,-0.124394623,-0.202013465,-2.993136567,-0.187458260,-0.200272490,-2.424008747,-0.000403560,-0.001740975,-0.569127820,-0.187054700,-2.004544805,-450.000000000,-2.692889737,0.084262411,-0.002152398,-9.494954798,115.374874901,-114.372602498,109.625125099,-110.627397502,1.346444869,1.346444869
1786024480.230156183,27.450312889,0.000000000,NONE,0,0.049952667,-0.999999997,-36.500000000,-1.340335735,-1.056525626,-33.215224132,-1.215916183,0.056525629,-3.284775868,-0.124419552,-0.200222258,-2.993377691,-0.185557415,-0.200152890,-2.424014408,0.001277537,-0.000069368,-0.569363282,-0.186834952,-1.890404054,-450.000000000,-2.686085906,0.084176500,-0.002152659,-9.496488972,115.346723257,-114.401521230,109.653276743,-110.598478770,1.343042953,1.343042953
1786024480.280156136,27.500312516,0.000000000,NONE,0,0.049993143,-0.999999997,-36.500000000,-1.340335735,-1.056345776,-33.312513933,-1.215884156,0.056345778,-3.187486067,-0.124451579,-0.198380759,-2.993611245,-0.183807588,-0.199716642,-2.424020458,0.002897180,0.001335882,-0.569590786,-0.186704768,-1.776394351,-450.000000000,-2.683435058,0.084090193,-0.002194944,-9.497569440,115.318490948,-114.430293772,109.681509052,-110.569706228,1.341717529,1.341717529
1786024480.330164433,27.550321013,0.000000000,NONE,0,0.050026735,-0.999999997,-36.500000000,-1.340335735,-1.056097532,-33.434123565,-1.215833151,0.056097534,-3.065876435,-0.124502583,-0.196019792,-2.993880435,-0.182025243,-0.198800824,-2.424025242,0.004644619,0.002781031,-0.569855194,-0.186669862,-1.644416569,-450.000000000,-2.687567232,0.083979939,-0.002265571,-9.496445309,115.285215470,-114.463007185,109.714784530,-110.536992815,1.343783616,1.343783616
1786024480.380132675,27.600289333,0.000000000,NONE,0,0.049956178,-0.999999997,-36.500000000,-1.340335735,-1.055866888,-33.531408036,-1.215783773,0.055866891,-2.968591964,-0.124551962,-0.194093763,-2.994069926,-0.181045773,-0.197727501,-2.424028725,0.005694962,0.003633738,-0.570041200,-0.186740735,-1.569138328,-450.000000000,-2.699309196,0.083889138,-0.002310389,-9.497114614,115.266563236,-114.481994071,109.733436764,-110.518005929,1.349654598,1.349654598
1786024480.430126667,27.650283190,0.000000000,NONE,0,0.050016199,-0.999999997,-36.500000000,-1.340335735,-1.055524021,-33.653008292,-1.215713263,0.055524024,-2.846991708,-0.124622472,-0.191649743,-2.994267566,-0.180489135,-0.196167501,-2.424032348,0.006445331,0.004517758,-0.570235218,-0.186934466,-1.470404657,-450.000000000,-2.719999883,0.083772288,-0.002379008,-9.495460351,115.241466252,-114.506263924,109.758533748,-110.493736076,1.359999942,1.359999942
1786024480.480305195,27.700461886,0.000000000,TARGET_UPDATED,0,0.050138813,-0.999999997,-37.500000000,-1.340335735,-1.055110097,-33.774601599,-1.215637158,0.055110099,-3.725398401,-0.124698576,-0.205409764,-2.993342581,-0.180814608,-0.194352368,-2.424034716,0.006476865,-0.011057395,-0.569307866,-0.187291473,-2.994140810,-450.000000000,-2.752932675,0.083651661,-0.002417737,-9.493811332,115.621988036,-114.124917630,109.378011964,-110.875082370,1.376466338,1.376466338
1786024480.530142307,27.750298816,0.000000000,NONE,0,0.049857222,-0.999999997,-37.500000000,-1.340335735,-1.054795391,-33.871876811,-1.215576199,0.054795393,-3.628123189,-0.124759535,-0.204259065,-2.993381012,-0.181574979,-0.196279894,-2.424035851,0.005932007,-0.007979170,-0.569345160,-0.187506986,-2.414776701,-450.000000000,-2.769895113,0.083553986,-0.002418001,-9.494326226,115.477275732,-114.269887381,109.522724268,-110.730112619,1.384947557,1.384947557
1786024480.580159903,27.800316639,0.000000000,NONE,0,0.049988930,-0.999999997,-37.500000000,-1.340335735,-1.054535700,-33.993480727,-1.215505235,0.054535703,-3.506519273,-0.124830500,-0.202673322,-2.993401058,-0.183124557,-0.198213221,-2.424032429,0.004663822,-0.004460101,-0.569368628,-0.187788379,-2.164304785,-450.000000000,-2.795592817,0.083431653,-0.002425652,-9.492804390,115.414277294,-114.332124901,109.585722706,-110.667875099,1.397796408,1.397796408
1786024480.630360126,27.850516736,0.000000000,NONE,0,0.050127201,-0.999999997,-37.500000000,-1.340335735,-1.054339321,-34.115088321,-1.215445498,0.054339324,-3.384911679,-0.124890237,-0.200980278,-2.993397137,-0.185135196,-0.198773844,-2.424026197,0.002881532,-0.002206435,-0.569370941,-0.188016728,-2.021976885,-450.000000000,-2.815215849,0.083309573,-0.002407028,-9.491576321,115.378388301,-114.367399859,109.621611699,-110.632600141,1.407607925,1.407607925
1786024480.680065393,27.900221991,0.000000000,NONE,0,0.049821499,-0.999999997,-37.500000000,-1.340335735,-1.054199539,-34.212374624,-1.215409887,0.054199541,-3.287625376,-0.124925848,-0.199562340,-2.993385609,-0.186901089,-0.198747874,-2.424019620,0.001226451,-0.000814466,-0.569365989,-0.188127540,-1.928405541,-450.000000000,-2.825327926,0.083213729,-0.002363684,-9.492633918,115.355259865,-114.391057094,109.644740135,-110.608942906,1.412663963,1.412663963
1786024480.730120420,27.950276999,0.000000000,NONE,0,0.050052038,-0.999999997,-37.500000000,-1.340335735,-1.054026781,-34.333981181,-1.215384176,0.054026783,-3.166018819,-0.124951559,-0.197707872,-2.993374479,-0.189076263,-0.198394669,-2.424010810,-0.000904243,0.000686797,-0.569363669,-0.188172020,-1.801112694,-450.000000000,-2.831815200,0.083096935,-0.002325518,-9.491990386,115.323275770,-114.422719423,109.676724230,-110.577280577,1.415907600,1.415907600
1786024480.780217409,28.000373920,0.000000000,NONE,0,0.050043707,-0.999999997,-37.500000000,-1.340335735,-1.053837559,-34.455584841,-1.215381599,0.053837562,-3.044415159,-0.124954136,-0.195752082,-2.993382639,-0.190976314,-0.197616944,-2.424002749,-0.002892100,0.001864862,-0.569379890,-0.188084214,-1.700125874,-450.000000000,-2.827731762,0.082983053,-0.002278464,-9.491655966,115.297945460,-114.447882523,109.702054540,-110.552117477,1.413865881,1.413865881
1786024480.830225468,28.050382019,0.000000000,NONE,0,0.050041625,-0.999999997,-37.500000000,-1.340335735,-1.053661966,-34.552864769,-1.215396509,0.053661969,-2.947135231,-0.124939226,-0.194108865,-2.993412993,-0.192152224,-0.196758706,-2.423997490,-0.004221435,0.002649841,-0.569415502,-0.187930789,-1.630254374,-450.000000000,-2.820382769,0.082894574,-0.002228387,-9.493374780,115.280907288,-114.465780102,109.719092712,-110.534219898,1.410191385,1.410191385
1786024480.880122185,28.100278691,0.000000000,NONE,0,0.049907697,-0.999999997,-37.500000000,-1.340335735,-1.053399988,-34.674460053,-1.215434811,0.053399990,-2.825539947,-0.124900924,-0.191942378,-2.993490887,-0.193056929,-0.195487068,-2.423993017,-0.005420276,0.003544691,-0.569497869,-0.187636653,-1.534332781,-450.000000000,-2.801647914,0.082786406,-0.002199906,-9.493269469,115.256900562,-114.489734172,109.743099438,-110.510265828,1.400823957,1.400823957
1786024480.930243731,28.150400603,0.000000000,TARGET_UPDATED,0,0.050123977,-0.999999997,-38.500000000,-1.340335735,-1.053148982,-34.771732035,-1.215478841,0.053148985,-3.728267965,-0.124856893,-0.205743564,-2.992559567,-0.193216510,-0.194265101,-2.423991149,-0.005912232,-0.011478462,-0.568568418,-0.187304278,-3.015486180,-450.000000000,-2.782338344,0.082700803,-0.002177083,-9.494940052,115.627606558,-114.119863468,109.372393442,-110.880136532,1.391169172,1.391169172
1786024480.980127335,28.200283800,0.000000000,NONE,0,0.049887651,-0.999999997,-38.500000000,-1.340335735,-1.052885351,-34.893325253,-1.215546436,0.052885353,-3.606674747,-0.124789298,-0.204361807,-2.992673738,-0.192815922,-0.196934758,-2.423991952,-0.005931405,-0.007427049,-0.568681786,-0.186884517,-2.364623646,-450.000000000,-2.755833713,0.082593752,-0.002184324,-9.494544406,115.464792013,-114.282480190,109.535207987,-110.717519810,1.377916856,1.377916856
1786024481.030127525,28.250284218,0.000000000,NONE,0,0.049997160,-0.999999997,-38.500000000,-1.340335735,-1.052774874,-34.990607372,-1.215606869,0.052774877,-3.509392628,-0.124728866,-0.203060221,-2.992809334,-0.191996714,-0.198141022,-2.423993196,-0.005448831,-0.004919198,-0.568816139,-0.186547884,-2.220029138,-450.000000000,-2.738613830,0.082507241,-0.002183687,-9.495880169,115.428977327,-114.318962758,109.571022673,-110.681037242,1.369306915,1.369306915
1786024481.080144882,28.300301548,0.000000000,NONE,0,0.050022161,-0.999999997,-38.500000000,-1.340335735,-1.052690344,-35.112213544,-1.215685205,0.052690346,-3.387786456,-0.124650530,-0.201236733,-2.993024264,-0.190445471,-0.198870173,-2.423997376,-0.004338956,-0.002366560,-0.569026888,-0.186106515,-2.030890708,-450.000000000,-2.710282303,0.082397934,-0.002206909,-9.495146807,115.381509379,-114.366064025,109.618490621,-110.633935975,1.355141152,1.355141152
1786024481.130105019,28.350261769,0.000000000,NONE,0,0.049953102,-0.999999997,-38.500000000,-1.340335735,-1.052636590,-35.233821299,-1.215761705,0.052636592,-3.266178701,-0.124574030,-0.199205816,-2.993277103,-0.188484150,-0.198943879,-2.424002997,-0.002768914,-0.000261937,-0.569274106,-0.185715236,-1.874721805,-450.000000000,-2.688521876,0.082287046,-0.002218708,-9.494378812,115.342275154,-114.404914252,109.657724846,-110.595085748,1.344260938,1.344260938
1786024481.180112600,28.400269247,0.000000000,NONE,0,0.050010201,-0.999999997,-38.500000000,-1.340335735,-1.052591790,-35.331106701,-1.215816695,0.052591793,-3.168893299,-0.124519040,-0.197450478,-2.993495240,-0.186777380,-0.198496540,-2.424007710,-0.001288848,0.001046062,-0.569487530,-0.185488532,-1.778978211,-450.000000000,-2.680590552,0.082198423,-0.002206240,-9.495635124,115.318653334,-114.429164228,109.681346666,-110.570835772,1.340295276,1.340295276
1786024481.230899572,28.451055972,0.000000000,NONE,0,0.050748420,-0.999999997,-38.500000000,-1.340335735,-1.052513882,-35.452710888,-1.215874052,0.052513885,-3.047289112,-0.124461683,-0.195106630,-2.993773621,-0.184680821,-0.197635717,-2.424013374,0.000595951,0.002529087,-0.569760247,-0.185276772,-1.642971721,-450.000000000,-2.670829002,0.082087976,-0.002217868,-9.495014777,115.284496625,-114.463010764,109.715503375,-110.536989236,1.335414501,1.335414501
1786024481.280124426,28.500281004,0.000000000,NONE,0,0.049265147,-0.999999997,-38.500000000,-1.340335735,-1.052422331,-35.549991254,-1.215909353,0.052422334,-2.950008746,-0.124426382,-0.193119893,-2.993991416,-0.183178699,-0.196623827,-2.424017413,0.002016914,0.003503934,-0.569974003,-0.185195613,-1.557035354,-450.000000000,-2.672235049,0.081999547,-0.002222421,-9.495974347,115.263252425,-114.484734748,109.736747575,-110.515265252,1.336117525,1.336117525
1786024481.330097675,28.550254345,0.000000000,NONE,0,0.049991883,-0.999999997,-38.500000000,-1.340335735,-1.052255521,-35.671586705,-1.215939095,0.052255523,-2.828413295,-0.124396640,-0.190511396,-2.994246475,-0.181689669,-0.195109658,-2.424021783,0.003502223,0.004598261,-0.570224692,-0.185191892,-1.441420802,-450.000000000,-2.678176633,0.081888847,-0.002250057,-9.495029516,115.234112579,-114.513402178,109.765887421,-110.486597822,1.339088316,1.339088316
1786024481.380199194,28.600355902,0.000000000,TARGET_UPDATED,0,0.050092352,-0.999999997,-39.500000000,-1.340335735,-1.052017906,-35.793175540,-1.215953846,0.052017909,-3.706824460,-0.124381889,-0.203290740,-2.993461080,-0.180756914,-0.193296625,-2.424025270,0.004517498,-0.009994115,-0.569435810,-0.185274412,-2.870486464,-450.000000000,-2.690315176,0.081777528,-0.002263362,-9.494183819,115.591167571,-114.155924339,109.408832429,-110.844075661,1.345157588,1.345157588
1786024481.430102825,28.650259527,0.000000000,NONE,0,0.049914893,-0.999999997,-39.500000000,-1.340335735,-1.051849982,-35.890447840,-1.215956604,0.051849985,-3.609552160,-0.124379131,-0.201876793,-2.993570029,-0.180532881,-0.195303906,-2.424028394,0.004892422,-0.006572886,-0.569541635,-0.185425303,-2.278197012,-450.000000000,-2.706880908,0.081688741,-0.002257251,-9.495296987,115.443373500,-114.304274994,109.556626500,-110.695725006,1.353440454,1.353440454
1786024481.480135202,28.700291928,0.000000000,NONE,0,0.050015319,-0.999999997,-39.500000000,-1.340335735,-1.051748323,-36.012046179,-1.215952106,0.051748325,-3.487953821,-0.124383629,-0.199927672,-2.993679831,-0.180887787,-0.196666914,-2.424029661,0.004771763,-0.003260759,-0.569650170,-0.185659550,-2.044509537,-450.000000000,-2.729581702,0.081577615,-0.002276920,-9.494370470,115.384720002,-114.362465233,109.615279998,-110.637534767,1.364790851,1.364790851
1786024481.530223846,28.750380479,0.000000000,NONE,0,0.050021897,-0.999999997,-39.500000000,-1.340335735,-1.051697579,-36.109326547,-1.215945445,0.051697581,-3.390673453,-0.124390290,-0.198272690,-2.993744487,-0.181648036,-0.196827225,-2.424029489,0.004198039,-0.001445464,-0.569714998,-0.185846075,-1.934122514,-450.000000000,-2.746331953,0.081487974,-0.002281001,-9.495310711,115.357358306,-114.390297049,109.642641694,-110.609702951,1.373165976,1.373165976
1786024481.580118895,28.800275353,0.000000000,NONE,0,0.049974821,-0.999999997,-39.500000000,-1.340335735,-1.051643508,-36.230926624,-1.215937551,0.051643511,-3.269073376,-0.124398184,-0.196110720,-2.993799503,-0.183094685,-0.196625695,-2.424027036,0.002996401,0.000514975,-0.569772468,-0.186091087,-1.772869938,-450.000000000,-2.769306529,0.081374774,-0.002306650,-9.494131606,115.316750386,-114.430315417,109.683249614,-110.569684583,1.384653264,1.384653264
1786024481.630159140,28.850315733,0.000000000,NONE,0,0.050014919,-0.999999997,-39.500000000,-1.340335735,-1.051576647,-36.352524249,-1.215935048,0.051576650,-3.147475751,-0.124400687,-0.193865177,-2.993833834,-0.184919467,-0.195870331,-2.424022182,0.001357390,0.002005155,-0.569811653,-0.186276857,-1.651067873,-450.000000000,-2.785780362,0.081259930,-0.002313586,-9.493003127,115.286017750,-114.460483814,109.713982250,-110.539516186,1.392890181,1.392890181
1786024481.680159807,28.900316371,0.000000000,NONE,0,0.050014371,-0.999999997,-39.500000000,-1.340335735,-1.051497484,-36.449799198,-1.215940504,0.051497486,-3.050200802,-0.124395231,-0.192026415,-2.993853729,-0.186500926,-0.194943655,-2.424017035,-0.000137161,0.002917240,-0.569836694,-0.186363765,-1.573978871,-450.000000000,-2.794547747,0.081168060,-0.002293148,-9.493977049,115.266988980,-114.479999544,109.733011020,-110.520000456,1.397273873,1.397273873
1786024481.730123997,28.950280618,0.000000000,NONE,0,0.049960213,-0.999999997,-39.500000000,-1.340335735,-1.051353272,-36.571387898,-1.215959651,0.051353275,-2.928612102,-0.124376084,-0.189685069,-2.993880261,-0.188432294,-0.193587101,-2.424010118,-0.002035021,0.003902033,-0.569870144,-0.186397272,-1.470684595,-450.000000000,-2.800482480,0.081053765,-0.002285617,-9.493007683,115.240923069,-114.505580772,109.759076931,-110.494419228,1.400241240,1.400241240
1786024481.780104637,29.000261416,0.000000000,NONE,0,0.049960763,-0.999999997,-39.500000000,-1.340335735,-1.051147471,-36.692970227,-1.215994367,0.051147474,-2.807029773,-0.124341368,-0.187299538,-2.993921463,-0.190104973,-0.191964132,-2.424003712,-0.003778477,0.004664594,-0.569917752,-0.186326495,-1.386361885,-450.000000000,-2.798095258,0.080940142,-0.002261457,-9.492247127,115.219652253,-114.526471310,109.780347747,-110.473528690,1.399047629,1.399047629
1786024481.830266953,29.050423507,0.000000000,TARGET_UPDATED,0,0.050150298,-0.999999997,-40.500000000,-1.340335735,-1.050930088,-36.790230901,-1.216033730,0.050930090,-3.709769099,-0.124302005,-0.200526524,-2.992992276,-0.191183349,-0.190500486,-2.423999439,-0.004926405,-0.010026039,-0.568992837,-0.186256944,-2.820958404,-450.000000000,-2.797926867,0.080850932,-0.002221298,-9.493621338,115.578644935,-114.168165734,109.421355065,-110.831834266,1.398963434,1.398963434
1786024481.880120516,29.100277283,0.000000000,NONE,0,0.049898384,-0.999999997,-40.500000000,-1.340335735,-1.050683548,-36.911807787,-1.216096561,0.050683551,-3.588192213,-0.124239174,-0.199110672,-2.993030563,-0.191970245,-0.192559767,-2.423996755,-0.005971324,-0.006550905,-0.569033809,-0.185998920,-2.223045182,-450.000000000,-2.780721623,0.080741530,-0.002197936,-9.493160489,115.429051418,-114.317528827,109.570948582,-110.682471173,1.390360812,1.390360812
1786024481.930069208,29.150225781,0.000000000,NONE,0,0.049926569,-0.999999997,-40.500000000,-1.340335735,-1.050580289,-37.009076102,-1.216156254,0.050580292,-3.490923898,-0.124179481,-0.197858343,-2.993096779,-0.192145700,-0.193737529,-2.423994891,-0.006396845,-0.004120814,-0.569101888,-0.185748855,-2.074597930,-450.000000000,-2.768016310,0.080655035,-0.002174507,-9.494528901,115.392281708,-114.354982743,109.607718292,-110.645017257,1.384008155,1.384008155
1786024481.980381727,29.200538197,0.000000000,NONE,0,0.050110544,-0.999999997,-40.500000000,-1.340335735,-1.050484532,-37.154982079,-1.216256864,0.050484535,-3.345017921,-0.124078871,-0.195841664,-2.993254320,-0.191610653,-0.194370409,-2.423994901,-0.006312368,-0.001471256,-0.569259419,-0.185298286,-1.873584789,-450.000000000,-2.737136281,0.080526784,-0.002164733,-9.492436976,115.341505441,-114.404713047,109.658494559,-110.595286953,1.368568140,1.368568140
1786024482.030142546,29.250299014,0.000000000,NONE,0,0.049972269,-0.999999997,-40.500000000,-1.340335735,-1.050422890,-37.276570716,-1.216345263,0.050422893,-3.223429284,-0.123990472,-0.194045277,-2.993435377,-0.190477706,-0.194121313,-2.423996756,-0.005529621,0.000076036,-0.569438622,-0.184948084,-1.769245130,-450.000000000,-2.719226926,0.080422141,-0.002103704,-9.492713566,115.315489674,-114.430867109,109.684510326,-110.569132891,1.359613463,1.359613463
1786024482.080223322,29.300379931,0.000000000,NONE,0,0.050066381,-0.999999997,-40.500000000,-1.340335735,-1.050349367,-37.398157425,-1.216431432,0.050349370,-3.101842575,-0.123904303,-0.192147378,-2.993652746,-0.188852442,-0.193500889,-2.424000184,-0.004236648,0.001353511,-0.569652562,-0.184615794,-1.663045103,-450.000000000,-2.700958999,0.080320071,-0.002037925,-9.493248469,115.289073393,-114.457550842,109.710926607,-110.542449158,1.350479500,1.350479500
1786024482.130215406,29.350372030,0.000000000,NONE,0,0.049925702,-0.999999997,-40.500000000,-1.340335735,-1.050270767,-37.495424551,-1.216495838,0.050270770,-3.004575449,-0.123839896,-0.190550921,-2.993845140,-0.187318832,-0.192752372,-2.424003494,-0.002928649,0.002201451,-0.569841646,-0.184390182,-1.591499884,-450.000000000,-2.691887176,0.080240244,-0.001994608,-9.495307549,115.271701858,-114.475951916,109.728298142,-110.524048084,1.345943588,1.345943588
1786024482.180114746,29.400271416,0.000000000,NONE,0,0.049967010,-0.999999997,-40.500000000,-1.340335735,-1.050136617,-37.617004833,-1.216567755,0.050136619,-2.882995167,-0.123767980,-0.188444624,-2.994098064,-0.185289129,-0.191647219,-2.424007987,-0.001136186,0.003202595,-0.570090077,-0.184152943,-1.490217970,-450.000000000,-2.679652241,0.080141334,-0.001985632,-9.495493427,115.246427849,-114.501318864,109.753572151,-110.498681136,1.339826120,1.339826120
1786024482.230126619,29.450283182,0.000000000,NONE,0,0.050017998,-0.999999997,-40.500000000,-1.340335735,-1.049952048,-37.738580309,-1.216627733,0.049952051,-2.761419691,-0.123708002,-0.186198281,-2.994353101,-0.183338393,-0.190282616,-2.424012410,0.000676609,0.004084334,-0.570340690,-0.184015002,-1.399472332,-450.000000000,-2.676588460,0.080041444,-0.001999156,-9.495373977,115.223711577,-114.523975411,109.776288423,-110.476024589,1.338294230,1.338294230
1786024482.280249119,29.500405714,0.000000000,TARGET_UPDATED,0,0.050125538,-0.999999997,-41.500000000,-1.340335735,-1.049703737,-37.860149957,-1.216673463,0.049703739,-3.639850043,-0.123662272,-0.199285851,-2.993610850,-0.181623332,-0.188665934,-2.424016328,0.002315213,-0.010619916,-0.569594522,-0.183938546,-2.833640837,-450.000000000,-2.677079086,0.079940510,-0.002013594,-9.495168991,115.582202457,-114.165382038,109.417797543,-110.834617962,1.338539543,1.338539543
1786024482.330134630,29.550291264,0.000000000,NONE,0,0.049880940,-0.999999997,-41.500000000,-1.340335735,-1.049514979,-37.957405992,-1.216699669,0.049514982,-3.542594008,-0.123636066,-0.198146066,-2.993745072,-0.180615074,-0.190339496,-2.424020043,0.003373355,-0.007806571,-0.569725028,-0.183988429,-2.293675688,-450.000000000,-2.687685042,0.079859233,-0.002025232,-9.496517389,115.447548269,-114.300710425,109.552451731,-110.699289575,1.343842521,1.343842521
1786024482.380153179,29.600309629,0.000000000,NONE,0,0.050013266,-0.999999997,-41.500000000,-1.340335735,-1.049399876,-38.078985019,-1.216721046,0.049399879,-3.421014981,-0.123614689,-0.196482744,-2.993897460,-0.179871797,-0.192104165,-2.424022531,0.004244047,-0.004378579,-0.569874929,-0.184115844,-2.044652426,-450.000000000,-2.702755766,0.079756418,-0.002074657,-9.495775653,115.385107020,-114.362780807,109.614892980,-110.637219193,1.351377883,1.351377883
1786024482.430138350,29.650295028,0.000000000,NONE,0,0.049986739,-0.999999997,-41.500000000,-1.340335735,-1.049350802,-38.176251077,-1.216731167,0.049350804,-3.323748923,-0.123604568,-0.194999089,-2.994002342,-0.179724877,-0.192527764,-2.424024183,0.004520613,-0.002471325,-0.569978159,-0.184245490,-1.932957630,-450.000000000,-2.716481838,0.079672671,-0.002108325,-9.496704411,115.357415510,-114.390936695,109.642584490,-110.609063305,1.358240919,1.358240919
1786024482.480169535,29.700326190,0.000000000,NONE,0,0.049945562,-0.999999997,-41.500000000,-1.340335735,-1.049316962,-38.273517755,-1.216737367,0.049316964,-3.226482245,-0.123598368,-0.193393757,-2.994090478,-0.179981427,-0.192580759,-2.424025187,0.004416202,-0.000812998,-0.570065292,-0.184397630,-1.808687267,-450.000000000,-2.732189105,0.079587475,-0.002160477,-9.497317251,115.326501130,-114.422157496,109.673498870,-110.577842504,1.366094553,1.366094553
1786024482.530155659,29.750312402,0.000000000,NONE,0,0.050065476,-0.999999997,-41.500000000,-1.340335735,-1.049278112,-38.395100417,-1.216742653,0.049278114,-3.104899583,-0.123593082,-0.191222021,-2.994178487,-0.180827657,-0.192240577,-2.424024899,0.003780023,0.001018556,-0.570153588,-0.184607680,-1.655541455,-450.000000000,-2.752663232,0.079477627,-0.002248001,-9.495612362,115.287788454,-114.460017727,109.712211546,-110.539982273,1.376331616,1.376331616
1786024482.580132961,29.800289322,0.000000000,NONE,0,0.049990453,-0.999999997,-41.500000000,-1.340335735,-1.049232801,-38.492364538,-1.216748052,0.049232804,-3.007635462,-0.123587683,-0.189366071,-2.994233898,-0.181852040,-0.191525109,-2.424023117,0.002891392,0.002159038,-0.570210781,-0.184743432,-1.567131685,-450.000000000,-2.765303615,0.079387237,-0.002287733,-9.495921068,115.265763188,-114.482197346,109.734236812,-110.517802654,1.382651808,1.382651808
1786024482.630175829,29.850332257,0.000000000,NONE,0,0.050039546,-0.999999997,-41.500000000,-1.340335735,-1.049140720,-38.613940672,-1.216759963,0.049140723,-2.886059328,-0.123575772,-0.186914807,-2.994290598,-0.183429429,-0.190367708,-2.424019232,0.001456840,0.003452900,-0.570271366,-0.184886269,-1.442370112,-450.000000000,-2.780066972,0.079271944,-0.002338995,-9.494118448,115.234122140,-114.512937084,109.765877860,-110.487062916,1.390033486,1.390033486
1786024482.680486917,29.900642795,0.000000000,NONE,0,0.050273839,-0.999999997,-41.500000000,-1.340335735,-1.049028426,-38.711197511,-1.216775890,0.049028429,-2.788802489,-0.123559845,-0.184858804,-2.994332066,-0.184806733,-0.189151836,-2.424015146,0.000136262,0.004293032,-0.570316921,-0.184942995,-1.364536354,-450.000000000,-2.786960527,0.079178289,-0.002346563,-9.494511546,115.214761975,-114.532493798,109.785238025,-110.467506202,1.393480264,1.393480264
1786024482.730387688,29.950544349,0.000000000,NONE,0,0.049919301,-0.999999997,-41.500000000,-1.340335735,-1.048956543,-38.759824348,-1.216786578,0.048956546,-2.740175652,-0.123549157,-0.183802751,-2.994353354,-0.185497780,-0.188492907,-2.424012899,-0.000543956,0.004690155,-0.570340455,-0.184953824,-1.330775232,-450.000000000,-2.791423518,0.079131347,-0.002348042,-9.498641782,115.207354254,-114.541966638,109.792645746,-110.458033362,1.395711759,1.395711759
1786024482.780644178,30.000800635,0.000000000,TARGET_UPDATED,0,0.050268492,-0.999999997,-42.500000000,-1.340335735,-1.048776297,-38.857074477,-1.216814327,0.048776299,-3.642925523,-0.123521408,-0.196798465,-2.993442541,-0.186819650,-0.187021508,-2.424008669,-0.001899782,-0.009776957,-0.569433871,-0.184919868,-2.730753899,-450.000000000,-2.792801998,0.079035688,-0.002425662,-9.498158856,115.557228189,-114.191851239,109.442771811,-110.808148761,1.396400999,1.396400999
1786024482.830253601,30.050410132,0.000000000,NONE,0,0.049578946,-0.999999997,-42.500000000,-1.340335735,-1.048651665,-38.930012382,-1.216841048,0.048651668,-3.569987618,-0.123494687,-0.195771857,-2.993450232,-0.187733047,-0.188338624,-2.424006988,-0.002865635,-0.007433233,-0.569443245,-0.184867411,-2.236019729,-450.000000000,-2.793330284,0.078961082,-0.002500850,-9.499268121,115.433821963,-114.315812098,109.566178037,-110.684187902,1.396665142,1.396665142
1786024482.880113840,30.100270490,0.000000000,NONE,0,0.049919309,-0.999999997,-42.500000000,-1.340335735,-1.048555256,-39.027267695,-1.216884634,0.048555258,-3.472732305,-0.123451101,-0.194281580,-2.993478716,-0.188759733,-0.189623003,-2.424003851,-0.004020489,-0.004658577,-0.569474865,-0.184739244,-2.033616485,-450.000000000,-2.787460143,0.078857548,-0.002618491,-9.497682053,115.382824634,-114.366016392,109.617175366,-110.633983608,1.393730071,1.393730071
1786024482.930121183,30.150277946,0.000000000,NONE,0,0.049989649,-0.999999997,-42.500000000,-1.340335735,-1.048490189,-39.148840044,-1.216951324,0.048490191,-3.351159956,-0.123384411,-0.192273747,-2.993546804,-0.189635685,-0.190254215,-2.424001723,-0.005134072,-0.002019532,-0.569545081,-0.184501613,-1.841090152,-450.000000000,-2.773251426,0.078721940,-0.002734120,-9.493547679,115.333659458,-114.413114382,109.666340542,-110.586885618,1.386625713,1.386625713
1786024482.980125189,30.200281908,0.000000000,NONE,0,0.050024560,-0.999999997,-42.500000000,-1.340335735,-1.048450338,-39.270413076,-1.217029217,0.048450340,-3.229586924,-0.123306517,-0.190147744,-2.993654092,-0.189971398,-0.190140275,-2.424000738,-0.005762050,-0.000007470,-0.569653354,-0.184209348,-1.694151984,-450.000000000,-2.756311519,0.078583695,-0.002735998,-9.490331477,115.296120865,-114.449044873,109.703879135,-110.550955127,1.378155759,1.378155759
1786024483.030139208,30.250295652,0.000000000,NONE,0,0.050004170,-0.999999997,-42.500000000,-1.340335735,-1.048404919,-39.391984365,-1.217114467,0.048404922,-3.108015635,-0.123221268,-0.187946568,-2.993800567,-0.189728970,-0.189499843,-2.424000560,-0.005844617,0.001553275,-0.569800008,-0.183884353,-1.569775723,-450.000000000,-2.737502511,0.078448967,-0.002629800,-9.488460769,115.264559123,-114.479671262,109.735440877,-110.520328738,1.368751255,1.368751255
1786024483.080139637,30.300296141,0.000000000,NONE,0,0.049988226,-0.999999997,-42.500000000,-1.340335735,-1.048331126,-39.513552165,-1.217202654,0.048331128,-2.986447835,-0.123133081,-0.185699329,-2.993982843,-0.188935033,-0.188463907,-2.424001386,-0.005380823,0.002764578,-0.569981457,-0.183554210,-1.463953026,-450.000000000,-2.718875200,0.078322232,-0.002452517,-9.487925194,115.237969555,-114.505993042,109.762030445,-110.494006958,1.359437600,1.359437600
1786024483.130190849,30.350347458,0.000000000,NONE,0,0.050057222,-0.999999997,-42.500000000,-1.340335735,-1.048239004,-39.610802968,-1.217272076,0.048239006,-2.889197032,-0.123063659,-0.183879895,-2.994149868,-0.187963412,-0.187389000,-2.424002753,-0.004649865,0.003509105,-0.570147116,-0.183313547,-1.396474331,-450.000000000,-2.708413495,0.078228177,-0.002288171,-9.489876000,115.221587583,-114.523350417,109.778412417,-110.476649583,1.354206748,1.354206748
1786024483.180125237,30.400281638,0.000000000,NONE,0,0.049926547,-0.999999997,-42.500000000,-1.340335735,-1.048109588,-39.708050174,-1.217338163,0.048109591,-2.791949826,-0.122997572,-0.182041734,-2.994330745,-0.186770195,-0.186190012,-2.424004679,-0.003679890,0.004148278,-0.570326066,-0.183090305,-1.328004625,-450.000000000,-2.697693457,0.078140255,-0.002154678,-9.491979775,115.204996100,-114.540993787,109.795003900,-110.459006213,1.348846728,1.348846728
1786024483.230281353,30.450438068,0.000000000,TARGET_UPDATED,0,0.050162885,-0.999999997,-43.500000000,-1.340335735,-1.047888045,-39.829603656,-1.217413799,0.047888048,-3.670396344,-0.122921936,-0.194329835,-2.993652638,-0.185140097,-0.184551030,-2.424007702,-0.002243686,-0.009778805,-0.569644936,-0.182896411,-2.674941390,-450.000000000,-2.689314281,0.078036069,-0.002049732,-9.492523342,115.541866183,-114.204395488,109.458133817,-110.795604512,1.344657141,1.344657141
1786024483.280190706,30.500347406,0.000000000,NONE,0,0.049907396,-0.999999997,-43.500000000,-1.340335735,-1.047734299,-39.926847707,-1.217466823,0.047734302,-3.573152293,-0.122868912,-0.193235332,-2.993801579,-0.183793213,-0.186507605,-2.424011286,-0.001024305,-0.006727727,-0.569790293,-0.182768908,-2.133036878,-450.000000000,-2.686260320,0.077955513,-0.001991514,-9.494442168,115.406869761,-114.340351323,109.593130239,-110.659648677,1.343130160,1.343130160
1786024483.330069542,30.550226156,0.000000000,NONE,0,0.049879248,-0.999999997,-43.500000000,-1.340335735,-1.047648614,-40.048410369,-1.217522219,0.047648617,-3.451589631,-0.122813516,-0.191717541,-2.993989107,-0.182238087,-0.187926988,-2.424014214,0.000438955,-0.003790553,-0.569974893,-0.182677041,-1.931277519,-450.000000000,-2.685098602,0.077856492,-0.001968869,-9.494513765,115.356447821,-114.390809061,109.643552179,-110.609190939,1.342549301,1.342549301
1786024483.380179167,30.600335923,0.000000000,NONE,0,0.050115895,-0.999999997,-43.500000000,-1.340335735,-1.047614491,-40.145662640,-1.217557598,0.047614494,-3.354337360,-0.122778137,-0.190413438,-2.994132536,-0.181192272,-0.188237522,-2.424016550,0.001476557,-0.002175916,-0.570115986,-0.182668829,-1.837348596,-450.000000000,-2.690778901,0.077777404,-0.001962422,-9.496047017,115.333348903,-114.414674605,109.666651097,-110.585325395,1.345389450,1.345389450
1786024483.430147409,30.650304034,0.000000000,NONE,0,0.049962662,-0.999999997,-43.500000000,-1.340335735,-1.047593287,-40.242915437,-1.217585306,0.047593290,-3.257084563,-0.122750428,-0.189032299,-2.994265681,-0.180394209,-0.188270066,-2.424018623,0.002314289,-0.000762233,-0.570247059,-0.182708498,-1.731469713,-450.000000000,-2.699077953,0.077697812,-0.001984892,-9.497218934,115.307172162,-114.441437305,109.692827838,-110.558562695,1.349538977,1.349538977
1786024483.480156183,30.700312662,0.000000000,NONE,0,0.050002815,-0.999999997,-43.500000000,-1.340335735,-1.047568722,-40.364480873,-1.217610793,0.047568725,-3.135519127,-0.122724942,-0.187190103,-2.994414023,-0.179812957,-0.187935939,-2.424020781,0.003002191,0.000745835,-0.570393242,-0.182815147,-1.606039420,-450.000000000,-2.712452878,0.077595581,-0.002056697,-9.496082334,115.275530439,-114.472510728,109.724469561,-110.527489272,1.356226439,1.356226439
1786024483.530557394,30.750713988,0.000000000,NONE,0,0.050376433,-0.999999997,-43.500000000,-1.340335735,-1.047527902,-40.486044179,-1.217628666,0.047527905,-3.013955821,-0.122707069,-0.185215901,-2.994539887,-0.179733808,-0.187190203,-2.424022123,0.003233360,0.001974302,-0.570517764,-0.182967167,-1.502983274,-450.000000000,-2.728587709,0.077489838,-0.002115121,-9.494845980,115.249457313,-114.497965677,109.750542687,-110.502034323,1.364293855,1.364293855
1786024483.580172062,30.800328521,0.000000000,NONE,0,0.049609880,-0.999999997,-43.500000000,-1.340335735,-1.047450930,-40.607603697,-1.217642882,0.047450933,-2.892396303,-0.122692853,-0.183114445,-2.994643083,-0.180145390,-0.186079185,-2.424021931,0.002983917,0.002964740,-0.570621152,-0.183129307,-1.410980067,-450.000000000,-2.744730654,0.077382453,-0.002137162,-9.493712688,115.226173189,-114.520683155,109.773826811,-110.479316845,1.372365327,1.372365327
1786024483.630259514,30.850415948,0.000000000,NONE,0,0.050018750,-0.999999997,-43.500000000,-1.340335735,-1.047323562,-40.729158210,-1.217657501,0.047323565,-2.770841790,-0.122678234,-0.180885219,-2.994727022,-0.180977870,-0.184708157,-2.424019862,0.002304077,0.003822939,-0.570707160,-0.183281946,-1.323490556,-450.000000000,-2.759782501,0.077275202,-0.002127268,-9.492961930,115.204113121,-114.542367844,109.795886879,-110.457632156,1.379891250,1.379891250
1786024483.680131912,30.900288483,0.000000000,TARGET_UPDATED,0,0.049986156,-0.999999997,-44.500000000,-1.340335735,-1.047134374,-40.850706843,-1.217676304,0.047134377,-3.649293157,-0.122659431,-0.193118502,-2.993894851,-0.182073809,-0.183123381,-2.424017127,0.001287985,-0.009995121,-0.569877724,-0.183361794,-2.664680163,-450.000000000,-2.768500350,0.077169428,-0.002095364,-9.492533857,115.539303505,-114.206963423,109.460696495,-110.793036577,1.384250175,1.384250175
1786024483.730226278,30.950382697,0.000000000,NONE,0,0.050013859,-0.999999997,-44.500000000,-1.340335735,-1.047008950,-40.947946872,-1.217696553,0.047008953,-3.552053128,-0.122639182,-0.191960791,-2.993904182,-0.183110980,-0.185120776,-2.424013744,0.000313214,-0.006840015,-0.569890439,-0.183424195,-2.114755419,-450.000000000,-2.777105566,0.077086364,-0.002061680,-9.493936407,115.402172957,-114.344795247,109.597827043,-110.655204753,1.388552783,1.388552783
1786024483.780197382,31.000354061,0.000000000,NONE,0,0.050008304,-0.999999997,-44.500000000,-1.340335735,-1.046967189,-41.069504678,-1.217730449,0.046967191,-3.430495322,-0.122605286,-0.190296101,-2.993926193,-0.184432839,-0.186710822,-2.424008382,-0.000992516,-0.003585279,-0.569917811,-0.183440323,-1.887205565,-450.000000000,-2.781896149,0.076983737,-0.002047819,-9.493564449,115.345192504,-114.401589721,109.654807496,-110.598410279,1.390948075,1.390948075
1786024483.830261946,31.050418621,0.000000000,NONE,0,0.050030852,-0.999999997,-44.500000000,-1.340335735,-1.046968805,-41.166752778,-1.217765528,0.046968808,-3.333247222,-0.122570207,-0.188832366,-2.993955619,-0.185404602,-0.186979649,-2.424004691,-0.002015089,-0.001852717,-0.569950927,-0.183389513,-1.787279058,-450.000000000,-2.781588907,0.076902011,-0.002036549,-9.494834054,115.320528278,-114.426888749,109.679471722,-110.573111251,1.390794453,1.390794453
1786024483.880165815,31.100322439,0.000000000,NONE,0,0.049966148,-0.999999997,-44.500000000,-1.340335735,-1.046984242,-41.288312941,-1.217819808,0.046984245,-3.211687059,-0.122515927,-0.186855512,-2.994013346,-0.186391906,-0.186904514,-2.424001041,-0.003137820,0.000049002,-0.570012306,-0.183254087,-1.634315354,-450.000000000,-2.774992558,0.076799708,-0.002047739,-9.494212694,115.282132012,-114.464974335,109.717867988,-110.535025665,1.387496279,1.387496279
1786024483.930255651,31.150411847,0.000000000,NONE,0,0.050005274,-0.999999997,-44.500000000,-1.340335735,-1.046993431,-41.385560067,-1.217871028,0.046993434,-3.114439933,-0.122464707,-0.185163223,-2.994080374,-0.186927533,-0.186457600,-2.423998942,-0.003827919,0.001294377,-0.570081433,-0.183099615,-1.542682962,-450.000000000,-2.768378731,0.076717265,-0.002049754,-9.495269582,115.259488136,-114.488146655,109.740511864,-110.511853345,1.384189366,1.384189366
1786024483.980403423,31.200560050,0.000000000,NONE,0,0.050249963,-0.999999997,-44.500000000,-1.340335735,-1.046981247,-41.507116246,-1.217943171,0.046981249,-2.992883754,-0.122392564,-0.182924634,-2.994193426,-0.187214242,-0.185578421,-2.423997542,-0.004366388,0.002653787,-0.570195883,-0.182847854,-1.419595448,-450.000000000,-2.753428464,0.076613659,-0.002067323,-9.494505066,115.228525128,-114.518727405,109.771474872,-110.481272595,1.376714232,1.376714232
1786024484.030083656,31.250240281,0.000000000,NONE,0,0.049660024,-0.999999997,-44.500000000,-1.340335735,-1.046941230,-41.604358158,-1.218005591,0.046941233,-2.895641842,-0.122330144,-0.181043352,-2.994308247,-0.187114725,-0.184568731,-2.423997340,-0.004485294,0.003525380,-0.570310907,-0.182629431,-1.344049728,-450.000000000,-2.743285337,0.076530131,-0.002071494,-9.495382106,115.209857959,-114.537833094,109.790142041,-110.462166906,1.371642668,1.371642668
1786024484.080183268,31.300339913,0.000000000,NONE,0,0.050059049,-0.999999997,-44.500000000,-1.340335735,-1.046863959,-41.701596603,-1.218069993,0.046863962,-2.798403397,-0.122265742,-0.179091307,-2.994443827,-0.186728472,-0.183370052,-2.423998065,-0.004330235,0.004278745,-0.570445762,-0.182398237,-1.267706353,-450.000000000,-2.731447029,0.076446314,-0.002086293,-9.496182478,115.190972208,-114.557119031,109.809027792,-110.442880969,1.365723515,1.365723515
1786024484.130276918,31.350433446,0.000000000,TARGET_UPDATED,0,0.050118785,-0.999999997,-45.500000000,-1.340335735,-1.046706686,-41.823139183,-1.218150935,0.046706688,-3.676860817,-0.122184800,-0.190760851,-2.993767844,-0.185889548,-0.181696430,-2.424000287,-0.003789642,-0.009064421,-0.569767558,-0.182099907,-2.555695662,-450.000000000,-2.713793223,0.076340252,-0.002125903,-9.494953507,115.512662292,-114.234814461,109.487337708,-110.765185539,1.356896611,1.356896611
1786024484.180196285,31.400352832,0.000000000,NONE,0,0.049862926,-0.999999997,-45.500000000,-1.340335735,-1.046559820,-41.944681709,-1.218229111,0.046559823,-3.555318291,-0.122106624,-0.189146612,-2.993931812,-0.184779407,-0.183411271,-2.424004454,-0.002930907,-0.005735340,-0.569927358,-0.181848500,-1.993843139,-450.000000000,-2.701639024,0.076232846,-0.002143091,-9.493791546,115.371908671,-114.374987102,109.628091329,-110.625012898,1.350819512,1.350819512
1786024484.230124235,31.450280851,0.000000000,NONE,0,0.049975390,-0.999999997,-45.500000000,-1.340335735,-1.046524269,-42.066231860,-1.218300625,0.046524272,-3.433768140,-0.122035110,-0.187352627,-2.994115577,-0.183518892,-0.184605743,-2.424007726,-0.001870836,-0.002746884,-0.570107851,-0.181648057,-1.789349404,-450.000000000,-2.693178068,0.076125977,-0.002122288,-9.493058969,115.320602093,-114.425927391,109.679397907,-110.574072609,1.346589034,1.346589034
1786024484.280188084,31.500344749,0.000000000,NONE,0,0.050050506,-0.999999997,-45.500000000,-1.340335735,-1.046523609,-42.187783829,-1.218362848,0.046523612,-3.312216171,-0.121972887,-0.185448911,-2.994306170,-0.182245381,-0.184737041,-2.424011090,-0.000732492,-0.000711871,-0.570295079,-0.181512889,-1.652549693,-450.000000000,-2.689568923,0.076021273,-0.002075009,-9.492765209,115.286328726,-114.460053879,109.713671274,-110.539946121,1.344784461,1.344784461
1786024484.330141544,31.550298072,0.000000000,NONE,0,0.049992454,-0.999999997,-45.500000000,-1.340335735,-1.046524590,-42.285024932,-1.218404810,0.046524592,-3.214975068,-0.121930925,-0.183867450,-2.994456536,-0.181311627,-0.184405992,-2.424013423,0.000146471,0.000538543,-0.570443113,-0.181458098,-1.565296466,-450.000000000,-2.691873966,0.075939617,-0.002027808,-9.494297560,115.264898506,-114.482250273,109.735101494,-110.517749727,1.345936983,1.345936983
1786024484.380461454,31.600618040,0.000000000,NONE,0,0.050088003,-0.999999997,-45.500000000,-1.340335735,-1.046509910,-42.406574392,-1.218447276,0.046509913,-3.093425608,-0.121888459,-0.181826867,-2.994634997,-0.180355259,-0.183711638,-2.424015917,0.001092227,0.001884771,-0.570619080,-0.181447486,-1.447012033,-450.000000000,-2.696559466,0.075839358,-0.002004662,-9.494105578,115.235279403,-114.511773386,109.764720597,-110.488226614,1.348279733,1.348279733
1786024484.430301189,31.650457711,0.000000000,NONE,0,0.049995434,-0.999999997,-45.500000000,-1.340335735,-1.046474314,-42.503811579,-1.218473891,0.046474317,-2.996188421,-0.121861844,-0.180146406,-2.994766382,-0.179818757,-0.182857395,-2.424017487,0.001663357,0.002710989,-0.570748895,-0.181482114,-1.378704930,-450.000000000,-2.704424535,0.075759565,-0.001992451,-9.495419498,115.218531107,-114.529178642,109.781468893,-110.470821358,1.352212268,1.352212268
1786024484.480397224,31.700553989,0.000000000,NONE,0,0.050009136,-0.999999997,-45.500000000,-1.340335735,-1.046387388,-42.625354115,-1.218499328,0.046387391,-2.874645885,-0.121836406,-0.177987935,-2.994912949,-0.179488081,-0.181609294,-2.424018901,0.002088496,0.003621359,-0.570894048,-0.181576578,-1.285437525,-450.000000000,-2.712249346,0.075659575,-0.002008269,-9.494829446,115.195066743,-114.552347980,109.804933257,-110.447652020,1.356124673,1.356124673
1786024484.530215979,31.750372697,0.000000000,NONE,0,0.049980944,-0.999999997,-45.500000000,-1.340335735,-1.046243179,-42.746891453,-1.218518068,0.046243182,-2.753108547,-0.121817667,-0.175760544,-2.995038609,-0.179557611,-0.180115291,-2.424019478,0.002164632,0.004354747,-0.571019131,-0.181722244,-1.207268176,-450.000000000,-2.723471482,0.075558276,-0.002024319,-9.494118005,115.175346545,-114.571712457,109.824653455,-110.428287543,1.361735741,1.361735741
1786024484.580326080,31.800482751,0.000000000,TARGET_UPDATED,0,0.050111479,-0.999999997,-46.500000000,-1.340335735,-1.046078305,-42.844116875,-1.218529983,0.046078308,-3.655883125,-0.121805752,-0.188138038,-2.994263814,-0.179918690,-0.178748023,-2.424018331,0.001964200,-0.009390015,-0.570245483,-0.181882889,-2.536013494,-450.000000000,-2.735007993,0.075477359,-0.002010694,-9.495345481,115.507839744,-114.239832997,109.492160256,-110.760167003,1.367503997,1.367503997
1786024484.630340338,31.850496931,0.000000000,NONE,0,0.049936322,-0.999999997,-46.500000000,-1.340335735,-1.045887106,-42.965648949,-1.218543288,0.045887109,-3.534351051,-0.121792447,-0.186800898,-2.994302854,-0.180640516,-0.180462576,-2.424017865,0.001416044,-0.006338321,-0.570284989,-0.182056560,-1.993758386,-450.000000000,-2.747437032,0.075375710,-0.002037247,-9.494475998,115.372058596,-114.375179403,109.627941404,-110.624820597,1.373718516,1.373718516
1786024484.680146217,31.900302804,0.000000000,NONE,0,0.049880226,-0.999999997,-46.500000000,-1.340335735,-1.045811749,-43.087188704,-1.218557602,0.045811752,-3.412811296,-0.121778133,-0.185280879,-2.994337538,-0.181606750,-0.181796631,-2.424014749,0.000597837,-0.003484247,-0.570322789,-0.182204588,-1.799513854,-450.000000000,-2.757288794,0.075272863,-0.002055333,-9.493576582,115.323272609,-114.423515682,109.676727391,-110.576484318,1.378644397,1.378644397
1786024484.730067253,31.950223955,0.000000000,NONE,0,0.049933060,-0.999999997,-46.500000000,-1.340335735,-1.045784564,-43.184422199,-1.218571837,0.045784566,-3.315577801,-0.121763898,-0.183968478,-2.994365039,-0.182464024,-0.182084516,-2.424011780,-0.000173589,-0.001883963,-0.570353259,-0.182290435,-1.705596106,-450.000000000,-2.762049708,0.075190611,-0.002049277,-9.494566049,115.300040539,-114.447242486,109.699959461,-110.552757514,1.381024854,1.381024854
1786024484.780248880,32.000405370,0.000000000,NONE,0,0.050194452,-0.999999997,-46.500000000,-1.340335735,-1.045761915,-43.330272461,-1.218600393,0.045761917,-3.169727539,-0.121735342,-0.181851176,-2.994414710,-0.183724125,-0.182010671,-2.424007097,-0.001363517,0.000159494,-0.570407613,-0.182360608,-1.537373128,-450.000000000,-2.766640557,0.075067596,-0.002059543,-9.492158109,115.257382809,-114.488696245,109.742617191,-110.511303755,1.383320279,1.383320279
1786024484.830198765,32.050355473,0.000000000,NONE,0,0.049931555,-0.999999997,-46.500000000,-1.340335735,-1.045742320,-43.427504750,-1.218625121,0.045742323,-3.072495250,-0.121710614,-0.180343288,-2.994459190,-0.184447208,-0.181500402,-2.424004062,-0.002095769,0.001157114,-0.570455128,-0.182351439,-1.472164539,-450.000000000,-2.764417092,0.074986240,-0.002020393,-9.493529501,115.241423510,-114.505341241,109.758576490,-110.494658759,1.382208546,1.382208546
1786024484.880162954,32.100319682,0.000000000,NONE,0,0.049971058,-0.999999997,-46.500000000,-1.340335735,-1.045693842,-43.549042364,-1.218662808,0.045693845,-2.950957636,-0.121672927,-0.178356250,-2.994533351,-0.185118171,-0.180659214,-2.424000841,-0.002831149,0.002302964,-0.570532509,-0.182287022,-1.366404244,-450.000000000,-2.758802484,0.074886767,-0.001989598,-9.493363935,115.214942045,-114.531739923,109.785057955,-110.468260077,1.379401242,1.379401242
1786024484.930143595,32.150300007,0.000000000,NONE,0,0.049979071,-0.999999997,-46.500000000,-1.340335735,-1.045607804,-43.670576166,-1.218707123,0.045607807,-2.829423834,-0.121628612,-0.176245534,-2.994633471,-0.185454315,-0.179543212,-2.423998628,-0.003285338,0.003297678,-0.570634843,-0.182168977,-1.273961768,-450.000000000,-2.749466462,0.074788526,-0.001962994,-9.493246415,115.191802046,-114.554821162,109.808197954,-110.445178838,1.374733231,1.374733231
1786024484.980187178,32.200343698,0.000000000,TARGET_UPDATED,0,0.050048316,-0.999999997,-47.500000000,-1.340335735,-1.045469301,-43.792105099,-1.218756188,0.045469304,-3.707894901,-0.121579547,-0.187567678,-2.993945768,-0.185379815,-0.178153058,-2.423997482,-0.003398225,-0.009414621,-0.569948286,-0.181981590,-2.507339179,-450.000000000,-2.734967192,0.074691799,-0.001928440,-9.493330199,115.500167345,-114.246497755,109.499832655,-110.753502245,1.367483596,1.367483596
1786024485.030127048,32.250283860,0.000000000,NONE,0,0.049953473,-0.999999997,-47.500000000,-1.340335735,-1.045353500,-43.913634879,-1.218807331,0.045353502,-3.586365121,-0.121528404,-0.186172499,-2.994053513,-0.184970146,-0.180075964,-2.423998392,-0.003156475,-0.006096535,-0.570055122,-0.181813670,-1.963107567,-450.000000000,-2.723595396,0.074596667,-0.001893271,-9.493524015,115.364157896,-114.382604112,109.635842104,-110.617395888,1.361797698,1.361797698
1786024485.080145597,32.300302238,0.000000000,NONE,0,0.050014040,-0.999999997,-47.500000000,-1.340335735,-1.045351204,-44.035172292,-1.218857431,0.045351207,-3.464827708,-0.121478304,-0.184561651,-2.994193659,-0.184240418,-0.181351923,-2.423999356,-0.002597100,-0.003209728,-0.570194303,-0.181643318,-1.770194238,-450.000000000,-2.711626193,0.074502992,-0.001859992,-9.493815216,115.316002364,-114.430905244,109.683997636,-110.569094756,1.355813096,1.355813096
1786024485.130138159,32.350294634,0.000000000,NONE,0,0.049987444,-0.999999997,-47.500000000,-1.340335735,-1.045388641,-44.156711883,-1.218903405,0.045388643,-3.343288117,-0.121432330,-0.182789978,-2.994357806,-0.183268186,-0.181627849,-2.424001589,-0.001776352,-0.001162129,-0.570356217,-0.181491834,-1.633077785,-450.000000000,-2.701397895,0.074410712,-0.001832358,-9.494148402,115.281806547,-114.465267654,109.718193453,-110.534732346,1.350698948,1.350698948
1786024485.180284262,32.400440760,0.000000000,NONE,0,0.050146793,-0.999999997,-47.500000000,-1.340335735,-1.045433632,-44.278251303,-1.218942327,0.045433635,-3.221748697,-0.121393408,-0.180877900,-2.994537620,-0.182165953,-0.181362218,-2.424004418,-0.000785192,0.000484318,-0.570533202,-0.181380761,-1.509236821,-450.000000000,-2.694438359,0.074319575,-0.001813556,-9.494499202,115.250934006,-114.496315595,109.749065994,-110.503684405,1.347219179,1.347219179
1786024485.230026960,32.450183759,0.000000000,NONE,0,0.049752482,-0.999999997,-47.500000000,-1.340335735,-1.045464110,-44.399788955,-1.218972033,0.045464112,-3.100211045,-0.121363702,-0.178838888,-2.994724409,-0.181060616,-0.180688058,-2.424007431,0.000260006,0.001849170,-0.570716978,-0.181320622,-1.397710008,-450.000000000,-2.691234807,0.074229227,-0.001804706,-9.494746034,115.223114011,-114.524259006,109.776885989,-110.475740994,1.345617403,1.345617403
1786024485.280111074,32.500267826,0.000000000,NONE,0,0.050070095,-0.999999997,-47.500000000,-1.340335735,-1.045460087,-44.521323382,-1.218991141,0.045460090,-2.978676618,-0.121344594,-0.176686355,-2.994909719,-0.180077356,-0.179639752,-2.424010317,0.001244300,0.002953397,-0.570899402,-0.181321656,-1.300254487,-450.000000000,-2.692536521,0.074139233,-0.001804863,-9.494969288,115.198805944,-114.548678700,109.801194056,-110.451321300,1.346268260,1.346268260
1786024485.330156326,32.550312871,0.000000000,NONE,0,0.050038186,-0.999999997,-47.500000000,-1.340335735,-1.045421470,-44.618547825,-1.218998621,0.045421473,-2.881452175,-0.121337114,-0.174889481,-2.995051979,-0.179452995,-0.178578128,-2.424012361,0.001910060,0.003688647,-0.571039617,-0.181363054,-1.233270517,-450.000000000,-2.696241145,0.074067207,-0.001811254,-9.496555652,115.182456542,-114.565821284,109.817543458,-110.434178716,1.348120572,1.348120572
1786024485.380136013,32.600292669,0.000000000,NONE,0,0.049993392,-0.999999997,-47.500000000,-1.340335735,-1.045319571,-44.740073804,-1.218998743,0.045319574,-2.759926196,-0.121336992,-0.172552197,-2.995217751,-0.178947932,-0.177107943,-2.424014564,0.002520045,0.004555746,-0.571203187,-0.181467976,-1.139741032,-450.000000000,-2.704857073,0.073976038,-0.001856195,-9.496209321,115.158987588,-114.589117072,109.841012412,-110.410882928,1.352428537,1.352428537
1786024485.430236816,32.650393381,0.000000000,TARGET_UPDATED,0,0.050102055,-0.999999997,-48.500000000,-1.340335735,-1.045149231,-44.861594006,-1.218989996,0.045149234,-3.638405994,-0.121345739,-0.184194972,-2.994533482,-0.178807744,-0.175413526,-2.424016216,0.002819356,-0.008781446,-0.570517267,-0.181627101,-2.421878189,-450.000000000,-2.717073034,0.073882095,-0.001909732,-9.495561823,115.479360003,-114.268420908,109.520639997,-110.731579092,1.358536517,1.358536517
1786024485.480160713,32.700317462,0.000000000,NONE,0,0.049888605,-0.999999997,-48.500000000,-1.340335735,-1.044985367,-44.983113952,-1.218974877,0.044985370,-3.516886048,-0.121360858,-0.182683231,-2.994612530,-0.179057703,-0.177069930,-2.424017981,0.002754060,-0.005613301,-0.570594549,-0.181811764,-1.875766669,-450.000000000,-2.730524970,0.073785803,-0.001950258,-9.494815379,115.342645512,-114.404762178,109.657354488,-110.595237822,1.365262485,1.365262485
1786024485.530130625,32.750287221,0.000000000,NONE,0,0.049996608,-0.999999997,-48.500000000,-1.340335735,-1.044929560,-45.104641005,-1.218956505,0.044929563,-3.395358995,-0.121379230,-0.180991362,-2.994680410,-0.179667567,-0.178246516,-2.424017285,0.002328060,-0.002744846,-0.570663124,-0.181995628,-1.680507460,-450.000000000,-2.743371483,0.073688001,-0.001970901,-9.494153092,115.293665138,-114.453411408,109.706334862,-110.546588592,1.371685741,1.371685741
1786024485.580134392,32.800290929,0.000000000,NONE,0,0.049975178,-0.999999997,-48.500000000,-1.340335735,-1.044907920,-45.226169613,-1.218938265,0.044907923,-3.273830387,-0.121397470,-0.179183002,-2.994737338,-0.180556792,-0.178393135,-2.424015519,0.001605423,-0.000789867,-0.570721819,-0.182162215,-1.550411447,-450.000000000,-2.754688457,0.073589607,-0.001972346,-9.493622414,115.261008465,-114.485802742,109.738991535,-110.514197258,1.377344228,1.377344228
1786024485.630098581,32.850255446,0.000000000,NONE,0,0.050008136,-0.999999997,-48.500000000,-1.340335735,-1.044889474,-45.347697428,-1.218923239,0.044889477,-3.152302572,-0.121412496,-0.177282995,-2.994787690,-0.181616813,-0.178036915,-2.424012596,0.000677526,0.000753920,-0.570775095,-0.182294340,-1.433704194,-450.000000000,-2.763245853,0.073491647,-0.001958505,-9.493274405,115.231744650,-114.514892553,109.768255350,-110.485107447,1.381622927,1.381622927
1786024485.680116892,32.900273703,0.000000000,NONE,0,0.050017598,-0.999999997,-48.500000000,-1.340335735,-1.044852853,-45.469222855,-1.218914008,0.044852856,-3.030777145,-0.121421727,-0.175304443,-2.994837800,-0.182721603,-0.177283124,-2.424009035,-0.000343817,0.001978681,-0.570828765,-0.182377786,-1.333273985,-450.000000000,-2.768113371,0.073394444,-0.001933665,-9.493088589,115.206590644,-114.539953651,109.793409356,-110.460046349,1.384056685,1.384056685
1786024485.730038166,32.950194951,0.000000000,NONE,0,0.049906913,-0.999999997,-48.500000000,-1.340335735,-1.044780532,-45.590744623,-1.218912378,0.044780534,-2.909255377,-0.121423357,-0.173256782,-2.994894699,-0.183741665,-0.176212957,-2.424005310,-0.001337341,0.002956175,-0.570889389,-0.182404324,-1.245402663,-450.000000000,-2.768834427,0.073298711,-0.001902182,-9.493060996,115.184615915,-114.561914583,109.815384085,-110.438085417,1.384417213,1.384417213
1786024485.780103445,33.000260060,0.000000000,NONE,0,0.050044829,-0.999999997,-48.500000000,-1.340335735,-1.044658896,-45.712261780,-1.218919113,0.044658898,-2.787738220,-0.121416622,-0.171142425,-2.994965354,-0.184559712,-0.174898988,-2.424001939,-0.002185570,0.003756564,-0.570963415,-0.182374142,-1.166140866,-450.000000000,-2.765586865,0.073204763,-0.001868073,-9.493213234,115.164838525,-114.581768092,109.835161475,-110.418231908,1.382793432,1.382793432
1786024485.830210924,33.050367337,0.000000000,TARGET_UPDATED,0,0.050085227,-0.999999997,-49.500000000,-1.340335735,-1.044477245,-45.833773605,-1.218933935,0.044477247,-3.666226395,-0.121401800,-0.182581422,-2.994255012,-0.185100896,-0.173392742,-2.423999303,-0.002791162,-0.009188680,-0.570255709,-0.182309734,-2.410566465,-450.000000000,-2.760395394,0.073112672,-0.001835603,-9.493494396,115.476015215,-114.270731983,109.523984785,-110.729268017,1.380197697,1.380197697
1786024485.880161285,33.100317873,0.000000000,NONE,0,0.049994390,-0.999999997,-49.500000000,-1.340335735,-1.044325484,-45.955286786,-1.218955629,0.044325487,-3.544713214,-0.121380106,-0.181279032,-2.994320678,-0.185286622,-0.175510833,-2.423998549,-0.003107465,-0.005768199,-0.570322129,-0.182179157,-1.855993706,-450.000000000,-2.749929198,0.073022130,-0.001810404,-9.493804473,115.337449545,-114.409452692,109.662550455,-110.590547308,1.374964599,1.374964599
1786024485.930047512,33.150204024,0.000000000,NONE,0,0.049884452,-0.999999997,-49.500000000,-1.340335735,-1.044280816,-46.076806952,-1.218982218,0.044280819,-3.423193048,-0.121353517,-0.179805388,-2.994418240,-0.185106591,-0.176625752,-2.423997670,-0.003086576,-0.003179636,-0.570420570,-0.182020015,-1.691901447,-450.000000000,-2.738210861,0.072932686,-0.001790725,-9.494122123,115.296505893,-114.450555169,109.703494107,-110.549444831,1.369105431,1.369105431
1786024485.980106592,33.200263059,0.000000000,NONE,0,0.050060240,-0.999999997,-49.500000000,-1.340335735,-1.044272334,-46.198328965,-1.219011050,0.044272336,-3.301671035,-0.121324685,-0.178206806,-2.994544096,-0.184573202,-0.176888239,-2.423998219,-0.002721533,-0.001318567,-0.570545877,-0.181851670,-1.567683177,-450.000000000,-2.726254008,0.072844019,-0.001776961,-9.494459608,115.265535696,-114.481694108,109.734464304,-110.518305892,1.363127004,1.363127004
1786024486.030107498,33.250264113,0.000000000,NONE,0,0.049998504,-0.999999997,-49.500000000,-1.340335735,-1.044273177,-46.319850906,-1.219039229,0.044273180,-3.180149094,-0.121296506,-0.176490027,-2.994694157,-0.183744584,-0.176685239,-2.423999812,-0.002052213,0.000195211,-0.570694345,-0.181692371,-1.454702904,-450.000000000,-2.715279921,0.072755738,-0.001770275,-9.494739293,115.237360549,-114.510009097,109.762639451,-110.489990903,1.357639960,1.357639960
1786024486.080070972,33.300227667,0.000000000,NONE,0,0.049957252,-0.999999997,-49.500000000,-1.340335735,-1.044262893,-46.441371328,-1.219063927,0.044262896,-3.058628672,-0.121271808,-0.174656759,-2.994862418,-0.182714335,-0.176097972,-2.424002146,-0.001153471,0.001441213,-0.570860272,-0.181560865,-1.354532489,-450.000000000,-2.706628131,0.072667454,-0.001770118,-9.494938738,115.212367807,-114.535101562,109.787632193,-110.464898438,1.353314065,1.353314065
1786024486.130051851,33.350208514,0.000000000,NONE,0,0.049983403,-0.999999997,-49.500000000,-1.340335735,-1.044224277,-46.562889018,-1.219082682,0.044224280,-2.937110982,-0.121253053,-0.172706742,-2.995041623,-0.181599113,-0.175191138,-2.424004866,-0.000126353,0.002484396,-0.571036758,-0.181472760,-1.263637014,-450.000000000,-2.701330527,0.072578872,-0.001775216,-9.495056633,115.189673412,-114.557854905,109.810326588,-110.442145095,1.350665263,1.350665263
1786024486.180108309,33.400265051,0.000000000,NONE,0,0.049995819,-0.999999997,-49.500000000,-1.340335735,-1.044143049,-46.684402970,-1.219093690,0.044143051,-2.815597030,-0.121242044,-0.170637859,-2.995224216,-0.180523661,-0.174016445,-2.424007635,0.000914467,0.003378586,-0.571216581,-0.181438128,-1.179000235,-450.000000000,-2.699976223,0.072489796,-0.001784240,-9.495088684,115.168522230,-114.579022112,109.831477770,-110.420977888,1.349988112,1.349988112
1786024486.230160952,33.450317562,0.000000000,TARGET_UPDATED,0,0.050118433,-0.999999997,-50.500000000,-1.340335735,-1.044007103,-46.805912322,-1.219096042,0.044007106,-3.694087678,-0.121239692,-0.181686969,-2.994630695,-0.179582125,-0.172611902,-2.424010189,0.001853590,-0.009075067,-0.570620506,-0.181435715,-2.378523313,-450.000000000,-2.700451898,0.072400131,-0.001795634,-9.495058675,115.468395497,-114.279133840,109.531604503,-110.720866160,1.350225949,1.350225949
1786024486.280056477,33.500213098,0.000000000,NONE,0,0.049892031,-0.999999997,-50.500000000,-1.340335735,-1.043902317,-46.927423341,-1.219089795,0.043902320,-3.572576659,-0.121245940,-0.180309270,-2.994752970,-0.178939974,-0.174692765,-2.424013245,0.002580424,-0.005616505,-0.570739726,-0.181520398,-1.829553161,-450.000000000,-2.708125183,0.072309848,-0.001810399,-9.494903798,115.331114240,-114.416337659,109.668885760,-110.583662341,1.354062591,1.354062591
1786024486.330109358,33.550266037,0.000000000,NONE,0,0.050062283,-0.999999997,-50.500000000,-1.340335735,-1.043901931,-47.048941239,-1.219076038,0.043901934,-3.451058761,-0.121259697,-0.178725460,-2.994867225,-0.178637393,-0.175759127,-2.424014615,0.003005201,-0.002966334,-0.570852611,-0.181642594,-1.659873863,-450.000000000,-2.717422473,0.072219025,-0.001823100,-9.494741856,115.288653930,-114.458716998,109.711346070,-110.541283002,1.358711236,1.358711236
1786024486.380108118,33.600264612,0.000000000,NONE,0,0.049936114,-0.999999997,-50.500000000,-1.340335735,-1.043934736,-47.170460811,-1.219056802,0.043934739,-3.329539189,-0.121278933,-0.176990285,-2.994968247,-0.178700712,-0.175948055,-2.424015575,0.003090554,-0.001042230,-0.570952672,-0.181791266,-1.529415398,-450.000000000,-2.728365878,0.072127799,-0.001832972,-9.494548648,115.255991012,-114.491283312,109.744008988,-110.508716688,1.364182939,1.364182939
1786024486.430095911,33.650252633,0.000000000,NONE,0,0.050061114,-0.999999997,-50.500000000,-1.340335735,-1.043965972,-47.267676261,-1.219039123,0.043965974,-3.232323739,-0.121296611,-0.175505456,-2.995038791,-0.179009576,-0.175725663,-2.424015641,0.002907461,0.000220207,-0.571023150,-0.181917037,-1.442008850,-450.000000000,-2.736704919,0.072054595,-0.001838093,-9.495855379,115.234466057,-114.513461632,109.765533943,-110.486538368,1.368352459,1.368352459
1786024486.480126381,33.700283080,0.000000000,NONE,0,0.050012794,-0.999999997,-50.500000000,-1.340335735,-1.043994174,-47.389194022,-1.219016296,0.043994177,-3.110805978,-0.121319439,-0.173537268,-2.995115432,-0.179679656,-0.175160875,-2.424014801,0.002403646,0.001623607,-0.571100631,-0.182083302,-1.322149391,-450.000000000,-2.749155603,0.071962159,-0.001873461,-9.495304826,115.204363554,-114.543288859,109.795636446,-110.456711141,1.374577802,1.374577802
1786024486.530153513,33.750310139,0.000000000,NONE,0,0.050011055,-0.999999997,-50.500000000,-1.340335735,-1.043995421,-47.510708917,-1.218994912,0.043995423,-2.989291083,-0.121340823,-0.171450272,-2.995182880,-0.180589056,-0.174240879,-2.424012967,0.001640267,0.002790607,-0.571169913,-0.182229324,-1.222439162,-450.000000000,-2.758972449,0.071867574,-0.001909923,-9.494561804,115.179250241,-114.568030661,109.820749759,-110.431969339,1.379486224,1.379486224
1786024486.580095768,33.800252329,0.000000000,NONE,0,0.049969920,-0.999999997,-50.500000000,-1.340335735,-1.043951933,-47.632219616,-1.218977875,0.043951936,-2.867780384,-0.121357860,-0.169259576,-2.995246081,-0.181630128,-0.172992066,-2.424010289,0.000702132,0.003732490,-0.571235792,-0.182332259,-1.134712657,-450.000000000,-2.765318106,0.071771646,-0.001925434,-9.493905254,115.157154478,-114.589798149,109.842845522,-110.410201851,1.382659053,1.382659053
1786024486.630141735,33.850298377,0.000000000,NONE,0,0.050035388,-0.999999997,-50.500000000,-1.340335735,-1.043850324,-47.753725141,-1.218967334,0.043850327,-2.746274859,-0.121368401,-0.166976590,-2.995311147,-0.182683057,-0.171499975,-2.424007114,-0.000297289,0.004523385,-0.571304033,-0.182385768,-1.053569236,-450.000000000,-2.768073183,0.071675422,-0.001920520,-9.493429066,115.136749576,-114.609964958,109.863250424,-110.390035042,1.384036591,1.384036591
1786024486.680261135,33.900417739,0.000000000,TARGET_UPDATED,0,0.050105886,-0.999999997,-51.500000000,-1.340335735,-1.043679820,-47.875224741,-1.218964574,0.043679823,-3.624775259,-0.121371161,-0.178356495,-2.994596867,-0.183638830,-0.169807428,-2.424003894,-0.001244503,-0.008549067,-0.570592973,-0.182394327,-2.302304708,-450.000000000,-2.767773739,0.071579850,-0.001899254,-9.493169164,115.448868468,-114.297716114,109.551131532,-110.702283886,1.383886869,1.383886869
1786024486.730144024,33.950300694,0.000000000,NONE,0,0.049889728,-0.999999997,-51.500000000,-1.340335735,-1.043514762,-47.996723831,-1.218969949,0.043514765,-3.503276169,-0.121365785,-0.176909660,-2.994635438,-0.184399808,-0.171403090,-2.424001984,-0.002052785,-0.005506570,-0.570633454,-0.182347023,-1.773490724,-450.000000000,-2.763343431,0.071485579,-0.001869093,-9.493061872,115.316638149,-114.429892787,109.683361851,-110.570107213,1.381671715,1.381671715
1786024486.780151606,34.000308304,0.000000000,NONE,0,0.049997668,-0.999999997,-51.500000000,-1.340335735,-1.043456124,-48.118229638,-1.218982887,0.043456126,-3.381770362,-0.121352848,-0.175294748,-2.994699284,-0.184885384,-0.172587786,-2.423999612,-0.002637439,-0.002706962,-0.570699672,-0.182247945,-1.583438407,-450.000000000,-2.755374511,0.071392961,-0.001832441,-9.493157885,115.269149073,-114.477429870,109.730850927,-110.522570130,1.377687255,1.377687255
1786024486.830285311,34.050441650,0.000000000,NONE,0,0.050044679,-0.999999997,-51.500000000,-1.340335735,-1.043431520,-48.239737027,-1.219001952,0.043431523,-3.260262973,-0.121333783,-0.173570935,-2.994788550,-0.185037615,-0.172753895,-2.423998390,-0.002924529,-0.000817039,-0.570790159,-0.182113087,-1.459605207,-450.000000000,-2.745221293,0.071302276,-0.001794428,-9.493419859,115.238256266,-114.508453663,109.761743734,-110.491546337,1.372610646,1.372610646
1786024486.880128145,34.100284834,0.000000000,NONE,0,0.049952123,-0.999999997,-51.500000000,-1.340335735,-1.043414895,-48.336942574,-1.219020100,0.043414897,-3.163057426,-0.121315635,-0.172127944,-2.994878223,-0.184907380,-0.172500547,-2.423998077,-0.002913783,0.000372604,-0.570880146,-0.181993597,-1.378369541,-450.000000000,-2.737159751,0.071231091,-0.001767443,-9.495111146,115.218370172,-114.529185401,109.781629828,-110.470814599,1.368579875,1.368579875
1786024486.930127144,34.150283662,0.000000000,NONE,0,0.049996983,-0.999999997,-51.500000000,-1.340335735,-1.043387789,-48.434146882,-1.219039160,0.043387792,-3.065853118,-0.121296575,-0.170633237,-2.994983241,-0.184563311,-0.171984392,-2.423998509,-0.002690214,0.001351155,-0.570984732,-0.181873097,-1.299425936,-450.000000000,-2.728706620,0.071160239,-0.001775657,-9.496476444,115.198975595,-114.549262627,109.801024405,-110.450737373,1.364353310,1.364353310
1786024486.980069160,34.200225772,0.000000000,NONE,0,0.049937842,-0.999999997,-51.500000000,-1.340335735,-1.043329086,-48.555649840,-1.219062639,0.043329089,-2.944350160,-0.121273096,-0.168688302,-2.995133663,-0.183874182,-0.171130967,-2.424000087,-0.002157195,0.002442665,-0.571133576,-0.181716987,-1.200106416,-450.000000000,-2.717062996,0.071070325,-0.001821075,-9.495927367,115.174008446,-114.573955238,109.825991554,-110.426044762,1.358531498,1.358531498
1786024487.030059338,34.250215830,0.000000000,NONE,0,0.049982248,-0.999999997,-51.500000000,-1.340335735,-1.043230431,-48.677149251,-1.219083471,0.043230433,-2.822850749,-0.121252263,-0.166656660,-2.995300607,-0.182974263,-0.169988968,-2.424002444,-0.001385320,0.003332308,-0.571298164,-0.181588943,-1.118201736,-450.000000000,-2.708664230,0.070978017,-0.001862997,-9.495218756,115.153355123,-114.594254255,109.846644877,-110.405745745,1.354332115,1.354332115
1786024487.080176592,34.300333379,0.000000000,TARGET_UPDATED,0,0.050142176,-0.999999997,-52.500000000,-1.340335735,-1.043078689,-48.798644201,-1.219099100,0.043078692,-3.701355799,-0.121236634,-0.177442163,-2.994740061,-0.181982063,-0.168610033,-2.424005080,-0.000463764,-0.008832130,-0.570734981,-0.181518299,-2.285731365,-450.000000000,-2.704872059,0.070884200,-0.001883288,-9.494619100,115.445087616,-114.302221934,109.554912384,-110.697778066,1.352436029,1.352436029
1786024487.130137205,34.350293814,0.000000000,NONE,0,0.049939790,-0.999999997,-52.500000000,-1.340335735,-1.042945571,-48.920139838,-1.219107766,0.042945574,-3.579860162,-0.121227969,-0.176157605,-2.994874630,-0.180999848,-0.170364827,-2.424008508,0.000482292,-0.005792778,-0.570866122,-0.181482140,-1.778387476,-450.000000000,-2.703025736,0.070789830,-0.001885821,-9.494114627,115.318125526,-114.428931788,109.681874474,-110.571068212,1.351512868,1.351512868
1786024487.180085659,34.400242511,0.000000000,NONE,0,0.049975476,-0.999999997,-52.500000000,-1.340335735,-1.042919571,-49.041642390,-1.219108632,0.042919573,-3.458357610,-0.121227103,-0.174701744,-2.995011199,-0.180147839,-0.171570972,-2.424010548,0.001350125,-0.003130772,-0.571000650,-0.181497964,-1.601971932,-450.000000000,-2.705174140,0.070695693,-0.001873127,-9.493776686,115.273937155,-114.472951189,109.726062845,-110.527048811,1.352587070,1.352587070
1786024487.230118752,34.450275370,0.000000000,NONE,0,0.050025546,-0.999999997,-52.500000000,-1.340335735,-1.042932096,-49.163146988,-1.219101705,0.042932098,-3.336853012,-0.121234030,-0.173122823,-2.995141711,-0.179511624,-0.171844582,-2.424012403,0.002052670,-0.001278240,-0.571129308,-0.181564294,-1.480887978,-450.000000000,-2.710826481,0.070602440,-0.001850325,-9.493608329,115.243624077,-114.503180088,109.756375923,-110.496819912,1.355413241,1.355413241
1786024487.280141830,34.500298417,0.000000000,NONE,0,0.050000633,-0.999999997,-52.500000000,-1.340335735,-1.042954419,-49.284651581,-1.219087899,0.042954421,-3.215348419,-0.121247836,-0.171433334,-2.995261422,-0.179156248,-0.171644576,-2.424013684,0.002515679,0.000211242,-0.571247738,-0.181671927,-1.370986424,-450.000000000,-2.719187486,0.070510429,-0.001823439,-9.493567439,115.216138466,-114.530645254,109.783861534,-110.469354746,1.359593743,1.359593743
1786024487.330122948,34.550279704,0.000000000,NONE,0,0.050001409,-0.999999997,-52.500000000,-1.340335735,-1.042966434,-49.406154719,-1.219068907,0.042966437,-3.093845281,-0.121266828,-0.169637882,-2.995367805,-0.179115612,-0.171070948,-2.424014276,0.002692747,0.001433066,-0.571353528,-0.181808359,-1.273781670,-450.000000000,-2.729313674,0.070419766,-0.001796987,-9.493621093,115.191850691,-114.554959856,109.808149309,-110.445040144,1.364656837,1.364656837
1786024487.380100727,34.600257229,0.000000000,NONE,0,0.049962862,-0.999999997,-52.500000000,-1.340335735,-1.042951248,-49.527655171,-1.219046976,0.042951251,-2.972344829,-0.121288759,-0.167738243,-2.995460419,-0.179389039,-0.170187194,-2.424014019,0.002569293,0.002448952,-0.571446400,-0.181958332,-1.186296982,-450.000000000,-2.740084958,0.070330372,-0.001774132,-9.493725914,115.170005724,-114.576857233,109.829994276,-110.423142767,1.370042479,1.370042479
1786024487.430124044,34.650280687,0.000000000,NONE,0,0.050027559,-0.999999997,-52.500000000,-1.340335735,-1.042894616,-49.649151888,-1.219024705,0.042894619,-2.850848112,-0.121311030,-0.165733846,-2.995541030,-0.179939023,-0.169039961,-2.424012785,0.002164417,0.003306115,-0.571528245,-0.182103440,-1.106097480,-450.000000000,-2.750141382,0.070242041,-0.001756428,-9.493864584,115.149990516,-114.596941776,109.850009484,-110.403058224,1.375070691,1.375070691
1786024487.480217695,34.700374272,0.000000000,TARGET_UPDATED,0,0.050087002,-0.999999997,-53.500000000,-1.340335735,-1.042784838,-49.770644010,-1.219004656,0.042784841,-3.729355990,-0.121331078,-0.176209269,-2.994900430,-0.180677819,-0.167676416,-2.424010670,0.001532466,-0.008532853,-0.570889760,-0.182210284,-2.241027723,-450.000000000,-2.756853072,0.070154507,-0.001744366,-9.494010136,115.433759465,-114.313245603,109.566240535,-110.686754397,1.378426536,1.378426536
1786024487.530168295,34.750325006,0.000000000,NONE,0,0.049910790,-0.999999997,-53.500000000,-1.340335735,-1.042695545,-49.892136727,-1.218989073,0.042695548,-3.607863273,-0.121346662,-0.174881467,-2.994926003,-0.181565380,-0.169450129,-2.424008797,0.000742952,-0.005431338,-0.570917206,-0.182308332,-1.734324398,-450.000000000,-2.763547728,0.070067445,-0.001739296,-9.494090118,115.307103629,-114.439941430,109.692896371,-110.560058570,1.381773864,1.381773864
1786024487.580134392,34.800290908,0.000000000,NONE,0,0.050005024,-0.999999997,-53.500000000,-1.340335735,-1.042707236,-50.013635629,-1.218979724,0.042707239,-3.486364371,-0.121356011,-0.173362548,-2.994959766,-0.182476876,-0.170539295,-2.424005615,-0.000119982,-0.002823253,-0.570954151,-0.182356894,-1.562661188,-450.000000000,-2.765953743,0.069980557,-0.001736522,-9.494165541,115.264206682,-114.482876088,109.735793318,-110.517123912,1.382976871,1.382976871
1786024487.630132914,34.850289579,0.000000000,NONE,0,0.049996576,-0.999999997,-53.500000000,-1.340335735,-1.042752290,-50.135135989,-1.218977739,0.042752293,-3.364864011,-0.121357996,-0.171703035,-2.995005151,-0.183302162,-0.170736325,-2.424002853,-0.000949424,-0.000966710,-0.571002298,-0.182352738,-1.438998466,-450.000000000,-2.764608517,0.069893717,-0.001734645,-9.494226010,115.233306119,-114.513806886,109.766693881,-110.486193114,1.382304259,1.382304259
1786024487.680130720,34.900287324,0.000000000,NONE,0,0.050020267,-0.999999997,-53.500000000,-1.340335735,-1.042802799,-50.256635879,-1.218983296,0.042802802,-3.243364121,-0.121352439,-0.169920558,-2.995066711,-0.183947914,-0.170460468,-2.424000558,-0.001648835,0.000539910,-0.571066153,-0.182299079,-1.326552083,-450.000000000,-2.759862770,0.069806869,-0.001732854,-9.494279608,115.205207923,-114.541931881,109.794792077,-110.458068119,1.379931385,1.379931385
1786024487.730106831,34.950263500,0.000000000,NONE,0,0.049969365,-0.999999997,-53.500000000,-1.340335735,-1.042838439,-50.378133913,-1.218995673,0.042838441,-3.121866087,-0.121340062,-0.168027868,-2.995148073,-0.184342970,-0.169803097,-2.423998937,-0.002139679,0.001775229,-0.571149136,-0.182203292,-1.227274145,-450.000000000,-2.752313489,0.069720039,-0.001730516,-9.494324363,115.180399627,-114.566762555,109.819600373,-110.433237445,1.376156745,1.376156745
1786024487.780131578,35.000288197,0.000000000,NONE,0,0.049991720,-0.999999997,-53.500000000,-1.340335735,-1.042841819,-50.499628913,-1.219013341,0.042841822,-3.000371087,-0.121322393,-0.166036405,-2.995251228,-0.184445166,-0.168823067,-2.423998105,-0.002367573,0.002786662,-0.571253123,-0.182077593,-1.139271448,-450.000000000,-2.742917106,0.069633314,-0.001727173,-9.494381923,115.158413343,-114.588777619,109.841586657,-110.411222381,1.371458553,1.371458553
1786024487.830098629,35.050255228,0.000000000,NONE,0,0.050000324,-0.999999997,-53.500000000,-1.340335735,-1.042798961,-50.621119941,-1.219034216,0.042798964,-2.878880059,-0.121301519,-0.163954810,-2.995376283,-0.184245423,-0.167586261,-2.423998131,-0.002309862,0.003631452,-0.571378152,-0.181935561,-1.059061213,-450.000000000,-2.732648682,0.069546798,-0.001723042,-9.494456714,115.138379482,-114.608848875,109.861620518,-110.391151125,1.366324341,1.366324341
1786024487.880094051,35.100250516,0.000000000,NONE,0,0.050005831,-0.999999997,-53.500000000,-1.340335735,-1.042698375,-50.742606240,-1.219055885,0.042698378,-2.757393760,-0.121279849,-0.161788886,-2.995521260,-0.183770353,-0.166135917,-2.423999041,-0.001976715,0.004347031,-0.571522219,-0.181793639,-0.984946438,-450.000000000,-2.722716586,0.069460563,-0.001718822,-9.494546954,115.119873348,-114.627400129,109.880126652,-110.372599871,1.361358293,1.361358293
1786024487.930182934,35.150339449,0.000000000,TARGET_UPDATED,0,0.050078607,-0.999999997,-54.500000000,-1.340335735,-1.042530165,-50.864087169,-1.219075822,0.042530168,-3.635912831,-0.121259913,-0.172831611,-2.994944455,-0.183087062,-0.164500380,-2.424000670,-0.001410015,-0.008331231,-0.570943785,-0.181677047,-2.189600953,-450.000000000,-2.715065135,0.069374607,-0.001715462,-9.494652482,115.421063359,-114.326262882,109.578936641,-110.673737118,1.357532567,1.357532567
1786024487.980137587,35.200294110,0.000000000,NONE,0,0.049948815,-0.999999997,-54.500000000,-1.340335735,-1.042382168,-50.985568911,-1.219091779,0.042382171,-3.514431089,-0.121243955,-0.171451539,-2.995070939,-0.182290041,-0.166385453,-2.424003644,-0.000700799,-0.005066086,-0.571067295,-0.181589243,-1.652615731,-450.000000000,-2.709489085,0.069288782,-0.001716092,-9.494701971,115.286829425,-114.460521560,109.713170575,-110.539478440,1.354744543,1.354744543
1786024488.030117035,35.250273796,0.000000000,NONE,0,0.049978693,-0.999999997,-54.500000000,-1.340335735,-1.042329823,-51.107056667,-1.219102041,0.042329825,-3.392943333,-0.121233694,-0.169908759,-2.995207754,-0.181469399,-0.167310754,-2.424005676,0.000067601,-0.002598005,-0.571202078,-0.181537000,-1.495459836,-450.000000000,-2.706544687,0.069202938,-0.001717750,-9.494735207,115.247548761,-114.499818843,109.752451239,-110.500181157,1.353272343,1.353272343
1786024488.080127478,35.300284229,0.000000000,NONE,0,0.050007188,-0.999999997,-54.500000000,-1.340335735,-1.042305154,-51.228545740,-1.219105553,0.042305157,-3.271454260,-0.121230182,-0.168257174,-2.995346183,-0.180716543,-0.167423353,-2.424007938,0.000813637,-0.000833821,-0.571338245,-0.181530181,-1.377090386,-450.000000000,-2.706976299,0.069117023,-0.001720490,-9.494747315,115.217959425,-114.529414232,109.782040575,-110.470585768,1.353488149,1.353488149
1786024488.130103588,35.350260103,0.000000000,NONE,0,0.049992812,-0.999999997,-54.500000000,-1.340335735,-1.042282875,-51.350034375,-1.219101982,0.042282878,-3.149965625,-0.121233753,-0.166511457,-2.995480236,-0.180115909,-0.167097820,-2.424009914,0.001452916,0.000586363,-0.571470322,-0.181568825,-1.270856618,-450.000000000,-2.710590771,0.069030925,-0.001724668,-9.494719786,115.191394101,-114.555965792,109.808605899,-110.444034208,1.355295385,1.355295385
1786024488.180126190,35.400282932,0.000000000,NONE,0,0.049977507,-0.999999997,-54.500000000,-1.340335735,-1.042243917,-51.471521239,-1.219091828,0.042243919,-3.028478761,-0.121243907,-0.164680244,-2.995605387,-0.179733055,-0.166415312,-2.424011435,0.001914892,0.001735068,-0.571593952,-0.181647947,-1.178382506,-450.000000000,-2.716939438,0.068944537,-0.001729738,-9.494649352,115.168257965,-114.579066712,109.831742035,-110.420933288,1.358469719,1.358469719
1786024488.230128527,35.450285176,0.000000000,NONE,0,0.050035226,-0.999999997,-54.500000000,-1.340335735,-1.042172488,-51.593005211,-1.219076332,0.042172491,-2.906994789,-0.121259403,-0.162768478,-2.995718754,-0.179608501,-0.165441899,-2.424012380,0.002150046,0.002673421,-0.571706374,-0.181758547,-1.096381953,-450.000000000,-2.725308736,0.068857802,-0.001735018,-9.494548449,115.147732601,-114.599541624,109.852267399,-110.400458376,1.362654368,1.362654368
1786024488.280061007,35.500217318,0.000000000,NONE,0,0.049930962,-0.999999997,-54.500000000,-1.340335735,-1.042055253,-51.714485334,-1.219057403,0.042055256,-2.785514666,-0.121278332,-0.160777755,-2.995819274,-0.179753629,-0.164220399,-2.424012613,0.002132953,0.003442644,-0.571806661,-0.181886582,-1.022764839,-450.000000000,-2.734624959,0.068770744,-0.001739619,-9.494405331,115.129292543,-114.617910123,109.870707457,-110.382089877,1.367312479,1.367312479
1786024488.330181837,35.550338487,0.000000000,TARGET_UPDATED,0,0.050129985,-0.999999997,-55.500000000,-1.340335735,-1.041881560,-51.835960830,-1.219037285,0.041881563,-3.664039170,-0.121298450,-0.171555556,-2.995199034,-0.180156585,-0.162801688,-2.424011956,0.001870147,-0.008753868,-0.571187078,-0.182026732,-2.184346573,-450.000000000,-2.744666988,0.068683466,-0.001742271,-9.494282812,115.419657346,-114.327484060,109.580342654,-110.672515940,1.372333494,1.372333494
1786024488.380121946,35.600277991,0.000000000,NONE,0,0.049924299,-0.999999997,-55.500000000,-1.340335735,-1.041763132,-51.933142107,-1.219021916,0.041763135,-3.566857893,-0.121313819,-0.170560770,-2.995228604,-0.180632172,-0.164496149,-2.424011649,0.001489325,-0.006064620,-0.571216954,-0.182121497,-1.709743551,-450.000000000,-2.750403004,0.068613575,-0.001744517,-9.495519989,115.301315885,-114.446444109,109.698684115,-110.553555891,1.375201502,1.375201502
1786024488.430137157,35.650293792,0.000000000,NONE,0,0.050028688,-0.999999997,-55.500000000,-1.340335735,-1.041714416,-52.054624767,-1.219005307,0.041714418,-3.445375233,-0.121330428,-0.169155317,-2.995265912,-0.181358782,-0.165877128,-2.424009387,0.000869396,-0.003278189,-0.571256526,-0.182228178,-1.518032910,-450.000000000,-2.758104853,0.068525538,-0.001774338,-9.495035346,115.253267064,-114.494250609,109.746732936,-110.505749391,1.379052427,1.379052427
1786024488.480129004,35.700285593,0.000000000,NONE,0,0.049991862,-0.999999997,-55.500000000,-1.340335735,-1.041709190,-52.176109550,-1.218993149,0.041709192,-3.323890450,-0.121342586,-0.167614165,-2.995306004,-0.182144127,-0.166224673,-2.424007053,0.000154027,-0.001389492,-0.571298951,-0.182298154,-1.397903298,-450.000000000,-2.762270517,0.068435831,-0.001804274,-9.494401882,115.223076295,-114.524124646,109.776923705,-110.475875354,1.381135259,1.381135259
1786024488.530130863,35.750287508,0.000000000,NONE,0,0.050002167,-0.999999997,-55.500000000,-1.340335735,-1.041715944,-52.297594281,-1.218987054,0.041715946,-3.202405719,-0.121348681,-0.165954977,-2.995353328,-0.182892781,-0.166070250,-2.424004600,-0.000571134,0.000115273,-0.571348728,-0.182321647,-1.288898416,-450.000000000,-2.762985124,0.068345229,-0.001815596,-9.493875293,115.195693427,-114.551244219,109.804306573,-110.448755781,1.381492562,1.381492562
1786024488.580118418,35.800275160,0.000000000,NONE,0,0.049972119,-0.999999997,-55.500000000,-1.340335735,-1.041714408,-52.419077579,-1.218987762,0.041714411,-3.080922421,-0.121347973,-0.164186374,-2.995412616,-0.183515902,-0.165537324,-2.424002267,-0.001217155,0.001350950,-0.571410349,-0.182298747,-1.192236791,-450.000000000,-2.760454080,0.068254666,-0.001808744,-9.493520414,115.171439301,-114.575320906,109.828560699,-110.424679094,1.380227040,1.380227040
1786024488.630149364,35.850306035,0.000000000,NONE,0,0.050029677,-0.999999997,-55.500000000,-1.340335735,-1.041687274,-52.540558288,-1.218995142,0.041687277,-2.959441712,-0.121340593,-0.162314582,-2.995487892,-0.183940835,-0.164683321,-2.424000330,-0.001707011,0.002368739,-0.571487562,-0.182233825,-1.106339748,-450.000000000,-2.755070036,0.068164921,-0.001787632,-9.493372519,115.149928067,-114.596758193,109.850071933,-110.403241807,1.377535018,1.377535018
1786024488.680094242,35.900250916,0.000000000,NONE,0,0.049964417,-0.999999997,-55.500000000,-1.340335735,-1.041620454,-52.662035485,-1.219008272,0.041620456,-2.837964515,-0.121327463,-0.160342427,-2.995581994,-0.184118483,-0.163572727,-2.423998981,-0.001983491,0.003230300,-0.571583013,-0.182134992,-1.027309973,-450.000000000,-2.747471400,0.068076507,-0.001758176,-9.493396792,115.130176691,-114.616521705,109.869823309,-110.383478295,1.373735700,1.373735700
1786024488.730168819,35.950325584,0.000000000,TARGET_UPDATED,0,0.050077811,-0.999999997,-56.500000000,-1.340335735,-1.041502270,-52.783508421,-1.219025583,0.041502273,-3.716491579,-0.121310152,-0.170581586,-2.995021258,-0.184013399,-0.162246653,-2.423998328,-0.002014118,-0.008334933,-0.571022930,-0.181999281,-2.131261718,-450.000000000,-2.737239637,0.067989657,-0.001725669,-9.493583406,115.406211281,-114.340580422,109.593788719,-110.659419578,1.368619819,1.368619819
1786024488.780128241,36.000284756,0.000000000,NONE,0,0.049928844,-0.999999997,-56.500000000,-1.340335735,-1.041397030,-52.904981558,-1.219045013,0.041397033,-3.595018442,-0.121290721,-0.169289923,-2.995113232,-0.183680125,-0.163812274,-2.423999303,-0.001803342,-0.005477649,-0.571113929,-0.181876783,-1.650846840,-450.000000000,-2.728921343,0.067904287,-0.001696985,-9.493821344,115.286167046,-114.460743626,109.713832954,-110.539256374,1.364460672,1.364460672
1786024488.830084085,36.050240775,0.000000000,NONE,0,0.049965296,-0.999999997,-56.500000000,-1.340335735,-1.041390035,-53.026460694,-1.219064229,0.041390038,-3.473539306,-0.121271506,-0.167819616,-2.995227138,-0.183142628,-0.164911061,-2.424000027,-0.001383394,-0.002908555,-0.571227110,-0.181759234,-1.478938625,-450.000000000,-2.720793775,0.067820108,-0.001673377,-9.494100467,115.243259773,-114.503790460,109.756740227,-110.496209540,1.360396888,1.360396888
1786024488.880129576,36.100286202,0.000000000,NONE,0,0.050055563,-0.999999997,-56.500000000,-1.340335735,-1.041417496,-53.147941533,-1.219081101,0.041417499,-3.352058467,-0.121254633,-0.166218075,-2.995356574,-0.182459830,-0.165138419,-2.424001632,-0.000800586,-0.001079656,-0.571354943,-0.181659244,-1.358591309,-450.000000000,-2.714149507,0.067736915,-0.001656207,-9.494397908,115.213247304,-114.533951650,109.786752696,-110.466048350,1.357074754,1.357074754
1786024488.930134535,36.150291162,0.000000000,NONE,0,0.050006223,-0.999999997,-56.500000000,-1.340335735,-1.041451290,-53.269422201,-1.219093708,0.041451292,-3.230577799,-0.121242027,-0.164502535,-2.995495592,-0.181711969,-0.164893625,-2.424003613,-0.000121280,0.000391090,-0.571491979,-0.181590688,-1.250397184,-450.000000000,-2.709977245,0.067654376,-0.001647259,-9.494650529,115.186261928,-114.561063336,109.813738072,-110.438936664,1.354988623,1.354988623
1786024488.980133772,36.200290642,0.000000000,NONE,0,0.049974812,-0.999999997,-56.500000000,-1.340335735,-1.041471274,-53.390901356,-1.219100617,0.041471276,-3.109098644,-0.121235118,-0.162684240,-2.995638206,-0.180986111,-0.164273159,-2.424005697,0.000575202,0.001588920,-0.571632509,-0.181561312,-1.155549975,-450.000000000,-2.708704035,0.067572111,-0.001646222,-9.494833510,115.162595871,-114.584820884,109.837404129,-110.415179116,1.354352018,1.354352018
1786024489.030126572,36.250283244,0.000000000,NONE,0,0.050028089,-0.999999997,-56.500000000,-1.340335735,-1.041461022,-53.512377899,-1.219101102,0.041461025,-2.987622101,-0.121234633,-0.160771879,-2.995778817,-0.180365770,-0.163350166,-2.424007667,0.001207628,0.002578288,-0.571771150,-0.181573399,-1.070807674,-450.000000000,-2.710379491,0.067489768,-0.001651625,-9.494944855,115.141438132,-114.606034295,109.858561868,-110.393965705,1.355189745,1.355189745
1786024489.080116987,36.300273752,0.000000000,NONE,0,0.049978470,-0.999999997,-56.500000000,-1.340335735,-1.041407082,-53.633850918,-1.219095190,0.041407084,-2.866149082,-0.121240544,-0.158771608,-2.995912751,-0.179921429,-0.162176892,-2.424009340,0.001703831,0.003405284,-0.571903411,-0.181625260,-0.993840672,-450.000000000,-2.714805844,0.067407046,-0.001661902,-9.494962085,115.122200689,-114.625280353,109.877799311,-110.374719647,1.357402922,1.357402922
1786024489.130125046,36.350281592,0.000000000,NONE,0,0.050023141,-0.999999997,-56.500000000,-1.340335735,-1.041298283,-53.755319645,-1.219083635,0.041298286,-2.744680355,-0.121252100,-0.156687153,-2.996036646,-0.179703122,-0.160794107,-2.424010566,0.002007790,0.004106954,-0.572026080,-0.181710911,-0.922789507,-450.000000000,-2.721476049,0.067323723,-0.001674775,-9.494903017,115.104423131,-114.643028378,109.895576869,-110.356971622,1.360738025,1.360738025
1786024489.180197239,36.400353718,0.000000000,TARGET_UPDATED,0,0.050067942,-0.999999997,-57.500000000,-1.340335735,-1.041125238,-53.876783417,-1.219067817,0.041125241,-3.623216583,-0.121267918,-0.167479446,-2.995451766,-0.179743273,-0.159233679,-2.424011216,0.002085390,-0.008245766,-0.571440550,-0.181828664,-2.091798590,-450.000000000,-2.730358307,0.067239693,-0.001688196,-9.494779546,115.396644534,-114.350745239,109.603355466,-110.649254761,1.365179153,1.365179153
1786024489.230145693,36.450302373,0.000000000,NONE,0,0.049920234,-0.999999997,-57.500000000,-1.340335735,-1.040976954,-53.998248230,-1.219049639,0.040976956,-3.501751770,-0.121286096,-0.166151147,-2.995509220,-0.180045898,-0.161165895,-2.424012008,0.001907453,-0.004985252,-0.571497211,-0.181953351,-1.563117867,-450.000000000,-2.739232290,0.067154956,-0.001702121,-9.494566072,115.264420985,-114.482862051,109.735579015,-110.517137949,1.369616145,1.369616145
1786024489.280105829,36.500262269,0.000000000,NONE,0,0.049978369,-0.999999997,-57.500000000,-1.340335735,-1.040927397,-54.095424194,-1.219034890,0.040927399,-3.404575806,-0.121300844,-0.164970885,-2.995551450,-0.180450497,-0.161876865,-2.424011062,0.001594597,-0.003094020,-0.571540387,-0.182045094,-1.458551366,-450.000000000,-2.744992227,0.067086741,-0.001709424,-9.495741655,115.238573255,-114.509297572,109.761426745,-110.490702428,1.372496113,1.372496113
1786024489.330111504,36.550268215,0.000000000,NONE,0,0.050006938,-0.999999997,-57.500000000,-1.340335735,-1.040894154,-54.216895386,-1.219017857,0.040894157,-3.283104614,-0.121317878,-0.163392319,-2.995599888,-0.181107208,-0.162169688,-2.424009682,0.001048958,-0.001222631,-0.571590207,-0.182156167,-1.321989925,-450.000000000,-2.753152807,0.067000460,-0.001743930,-9.495195052,115.204296244,-114.543301282,109.795703756,-110.456698718,1.376576404,1.376576404
1786024489.380270004,36.600426681,0.000000000,NONE,0,0.049983321,-0.999999997,-57.500000000,-1.340335735,-1.040872772,-54.338366567,-1.219003931,0.040872774,-3.161633433,-0.121331804,-0.161706073,-2.995647229,-0.181857060,-0.162000943,-2.424007767,0.000382562,0.000294870,-0.571639462,-0.182239622,-1.211843635,-450.000000000,-2.758443245,0.066912182,-0.001777723,-9.494483855,115.176581872,-114.570660055,109.823418128,-110.429339945,1.379221622,1.379221622
1786024489.430113077,36.650269764,0.000000000,NONE,0,0.050020272,-0.999999997,-57.500000000,-1.340335735,-1.040841228,-54.459836234,-1.218994908,0.040841231,-3.040163766,-0.121340826,-0.159926091,-2.995697772,-0.182610496,-0.161431213,-2.424005518,-0.000327482,0.001505122,-0.571692254,-0.182283014,-1.118045088,-450.000000000,-2.760678501,0.066822779,-0.001791440,-9.493879496,115.152981146,-114.593958602,109.847018854,-110.406041398,1.380339250,1.380339250
1786024489.480057716,36.700214331,0.000000000,NONE,0,0.049933404,-0.999999997,-57.500000000,-1.340335735,-1.040782224,-54.581303229,-1.218991890,0.040782226,-2.918696771,-0.121343845,-0.158062140,-2.995756128,-0.183279351,-0.160544552,-2.424003195,-0.000995581,0.002482412,-0.571752933,-0.182283770,-1.035694130,-450.000000000,-2.759879031,0.066733340,-0.001784965,-9.493453556,115.132286921,-114.614439857,109.867713079,-110.385560143,1.379939516,1.379939516
1786024489.530144930,36.750301697,0.000000000,NONE,0,0.050067843,-0.999999997,-57.500000000,-1.340335735,-1.040682190,-54.702766668,-1.218995178,0.040682192,-2.797233332,-0.121340557,-0.156118915,-2.995826649,-0.183786617,-0.159411539,-2.424001086,-0.001542495,0.003292624,-0.571825562,-0.182244122,-0.961263912,-450.000000000,-2.756296668,0.066644771,-0.001762954,-9.493261668,115.113631395,-114.632999439,109.886368605,-110.367000561,1.378148334,1.378148334
1786024489.580222130,36.800378968,0.000000000,TARGET_UPDATED,0,0.050084642,-0.999999997,-58.500000000,-1.340335735,-1.040530100,-54.824225852,-1.219004320,0.040530102,-3.675774148,-0.121331415,-0.166438963,-2.995252256,-0.184078636,-0.158077079,-2.423999431,-0.001905069,-0.008361884,-0.571252826,-0.182173567,-2.068420815,-450.000000000,-2.750740981,0.066557689,-0.001731492,-9.493276756,115.390424393,-114.356213985,109.609575607,-110.643786015,1.375370490,1.375370490
1786024489.630132198,36.850288781,0.000000000,NONE,0,0.049922533,-0.999999997,-58.500000000,-1.340335735,-1.040394038,-54.945685399,-1.219018165,0.040394040,-3.554314601,-0.121317569,-0.165217624,-2.995315577,-0.184128007,-0.159717935,-2.423999210,-0.002054776,-0.005499689,-0.571316367,-0.182073231,-1.587474131,-450.000000000,-2.743116307,0.066472293,-0.001698484,-9.493412070,115.270221550,-114.476484485,109.729778450,-110.523515515,1.371558154,1.371558154
1786024489.680126667,36.900283281,0.000000000,NONE,0,0.049996771,-0.999999997,-58.500000000,-1.340335735,-1.040355601,-55.067150964,-1.219035035,0.040355603,-3.432849036,-0.121300700,-0.163844967,-2.995401442,-0.183932633,-0.160799927,-2.424001239,-0.001974568,-0.003045041,-0.571400203,-0.181958065,-1.426960414,-450.000000000,-2.734761116,0.066391839,-0.001591918,-9.494680209,115.230410156,-114.516929949,109.769589844,-110.483070051,1.367380558,1.367380558
1786024489.730127096,36.950283649,0.000000000,NONE,0,0.049963544,-0.999999997,-58.500000000,-1.340335735,-1.040352349,-55.188618056,-1.219053007,0.040352351,-3.311381944,-0.121282728,-0.162353017,-2.995507376,-0.183503217,-0.161069662,-2.423999524,-0.001664377,-0.001283355,-0.571507853,-0.181838840,-1.311911728,-450.000000000,-2.726332536,0.066312592,-0.001588846,-9.494997527,115.201727314,-114.545771450,109.798272686,-110.454228550,1.363166268,1.363166268
1786024489.780114889,37.000271531,0.000000000,NONE,0,0.050027911,-0.999999997,-58.500000000,-1.340335735,-1.040356663,-55.310084995,-1.219069858,0.040356665,-3.189915005,-0.121265877,-0.160750185,-2.995629738,-0.182890762,-0.160862466,-2.424000256,-0.001156006,0.000112281,-0.571629482,-0.181734756,-1.210827982,-450.000000000,-2.719352387,0.066232899,-0.001600285,-9.495134709,115.176490673,-114.571076682,109.823509327,-110.428923318,1.359676193,1.359676193
1786024489.830134153,37.050290917,0.000000000,NONE,0,0.050027492,-0.999999997,-58.500000000,-1.340335735,-1.040350120,-55.431550623,-1.219083692,0.040350123,-3.068449377,-0.121252043,-0.159041172,-2.995763891,-0.182165440,-0.160315581,-2.424001911,-0.000512973,0.001274410,-0.571761980,-0.181652466,-1.119664052,-450.000000000,-2.714027770,0.066152481,-0.001615187,-9.495171106,115.153708790,-114.593876764,109.846291210,-110.406123236,1.357013885,1.357013885
1786024489.880123377,37.100280121,0.000000000,NONE,0,0.049977914,-0.999999997,-58.500000000,-1.340335735,-1.040317157,-55.553013942,-1.219092961,0.040317160,-2.946986058,-0.121242774,-0.157229225,-2.995904538,-0.181409867,-0.159475252,-2.424003899,0.000193261,0.002246027,-0.571900640,-0.181603128,-1.037762103,-450.000000000,-2.711231757,0.066071250,-0.001631020,-9.495118522,115.133220156,-114.614339105,109.866779844,-110.385660895,1.355615878,1.355615878
1786024489.930125237,37.150281862,0.000000000,NONE,0,0.049998107,-0.999999997,-58.500000000,-1.340335735,-1.040244677,-55.674474098,-1.219096617,0.040244680,-2.825525902,-0.121239118,-0.155315926,-2.996046344,-0.180709286,-0.158389159,-2.424005896,0.000882994,0.003073233,-0.572040448,-0.181592280,-0.962422342,-450.000000000,-2.711242659,0.065989232,-0.001645772,-9.495008291,115.114357658,-114.633146487,109.885642342,-110.366853513,1.355621330,1.355621330
1786024489.980368853,37.200525607,0.000000000,TARGET_UPDATED,0,0.050071117,-0.999999997,-59.500000000,-1.340335735,-1.040121397,-55.795930352,-1.219094277,0.040121400,-3.704069648,-0.121241458,-0.165299634,-2.995547117,-0.180131502,-0.157089021,-2.424007682,0.001478841,-0.008210613,-0.571539435,-0.181610343,-2.034257865,-450.000000000,-2.713084786,0.065906537,-0.001658182,-9.494868579,115.382281611,-114.365152678,109.617718389,-110.634847322,1.356542393,1.356542393
1786024490.030051470,37.250208266,0.000000000,NONE,0,0.049855365,-0.999999997,-59.500000000,-1.340335735,-1.040041893,-55.893096245,-1.219088297,0.040041896,-3.606903755,-0.121247438,-0.164293191,-2.995621141,-0.179830046,-0.158651903,-2.424009647,0.001833065,-0.005641288,-0.571611493,-0.181663111,-1.587522701,-450.000000000,-2.717476140,0.065839980,-0.001667315,-9.496017605,115.270885076,-114.477123726,109.729114924,-110.522876274,1.358738070,1.358738070
1786024490.080069780,37.300226491,0.000000000,NONE,0,0.050010180,-0.999999997,-59.500000000,-1.340335735,-1.040035236,-56.014559181,-1.219076343,0.040035239,-3.485440819,-0.121259392,-0.162869618,-2.995709437,-0.179672197,-0.159936433,-2.424010533,0.002084807,-0.002933185,-0.571698903,-0.181757003,-1.400276608,-450.000000000,-2.724867716,0.065755777,-0.001703515,-9.495496292,115.223943225,-114.523804921,109.776056775,-110.476195079,1.362433858,1.362433858
1786024490.130124569,37.350281164,0.000000000,NONE,0,0.050063889,-0.999999997,-59.500000000,-1.340335735,-1.040068362,-56.136024100,-1.219060637,0.040068364,-3.363975900,-0.121275098,-0.161307712,-2.995789636,-0.179767872,-0.160226630,-2.424011198,0.002101472,-0.001081081,-0.571778439,-0.181869344,-1.282179422,-450.000000000,-2.733098050,0.065669525,-0.001740920,-9.494797433,115.194244214,-114.553154503,109.805755786,-110.446845497,1.366549025,1.366549025
1786024490.180117846,37.400274433,0.000000000,NONE,0,0.049986405,-0.999999997,-59.500000000,-1.340335735,-1.040109175,-56.257488834,-1.219043147,0.040109177,-3.242511166,-0.121292588,-0.159631741,-2.995860803,-0.180104173,-0.159992170,-2.424011129,0.001880141,0.000360430,-0.571849674,-0.181984314,-1.178177059,-450.000000000,-2.741202007,0.065581989,-0.001758962,-9.494170565,115.168086906,-114.578998377,109.831913094,-110.421001623,1.370601003,1.370601003
1786024490.230126619,37.450283142,0.000000000,NONE,0,0.050017890,-0.999999997,-59.500000000,-1.340335735,-1.040137841,-56.378952024,-1.219025909,0.040137844,-3.121047976,-0.121309826,-0.157856363,-2.995924143,-0.180640699,-0.159396839,-2.424010184,0.001451768,0.001540477,-0.571913959,-0.182092467,-1.085692234,-450.000000000,-2.748634999,0.065494088,-0.001758763,-9.493692247,115.144846120,-114.602000003,109.855153880,-110.397999997,1.374317500,1.374317500
1786024490.280099869,37.500256586,0.000000000,NONE,0,0.049989879,-0.999999997,-59.500000000,-1.340335735,-1.040138562,-56.500412597,-1.219010830,0.040138565,-2.999587403,-0.121324905,-0.155992652,-2.995982463,-0.181314016,-0.158509819,-2.424008478,0.000868195,0.002517168,-0.571973985,-0.182182210,-1.003179229,-450.000000000,-2.754549945,0.065406597,-0.001744234,-9.493377558,115.124139197,-114.622549582,109.875860803,-110.377450418,1.377274973,1.377274973
1786024490.330294847,37.550451306,0.000000000,NONE,0,0.050089754,-0.999999997,-59.500000000,-1.340335735,-1.040097766,-56.621869647,-1.218999639,0.040097768,-2.878130353,-0.121336096,-0.154049190,-2.996039691,-0.182045402,-0.157370871,-2.424006255,0.000195867,0.003321682,-0.572033436,-0.182241269,-0.929557115,-450.000000000,-2.758067897,0.065320119,-0.001719161,-9.493253804,115.105702730,-114.640924172,109.894297270,-110.359075828,1.379033949,1.379033949
1786024490.380147457,37.600304183,0.000000000,NONE,0,0.049907449,-0.999999997,-59.500000000,-1.340335735,-1.040004176,-56.743322448,-1.218993622,0.040004179,-2.756677552,-0.121342113,-0.152031214,-2.996100381,-0.182750681,-0.156026734,-2.424003828,-0.000487077,0.003995520,-0.572096553,-0.182263604,-0.862121676,-450.000000000,-2.758899782,0.065235039,-0.001688811,-9.493262351,115.088846007,-114.657785169,109.911153993,-110.342214831,1.379449891,1.379449891
1786024490.430223465,37.650380047,0.000000000,TARGET_UPDATED,0,0.050125767,-0.999999997,-60.500000000,-1.340335735,-1.039848690,-56.864770436,-1.218993418,0.039848693,-3.635229564,-0.121342317,-0.162400147,-2.995519271,-0.183355918,-0.154517094,-2.424001514,-0.001101908,-0.007883053,-0.571517758,-0.182254010,-1.981041761,-450.000000000,-2.757589290,0.065151520,-0.001657217,-9.493428265,115.368617506,-114.378096626,109.631382494,-110.621903374,1.378794645,1.378794645
1786024490.480101347,37.700257968,0.000000000,NONE,0,0.049874629,-0.999999997,-60.500000000,-1.340335735,-1.039705199,-56.986218506,-1.218998979,0.039705202,-3.513781494,-0.121336756,-0.161132365,-2.995559912,-0.183801647,-0.156114200,-2.424000408,-0.001595444,-0.005018164,-0.571559504,-0.182206203,-1.495289608,-450.000000000,-2.753475662,0.065069462,-0.001630281,-9.493623681,115.247228322,-114.499583518,109.752771678,-110.500416482,1.376737831,1.376737831
1786024490.530182123,37.750338736,0.000000000,NONE,0,0.050038788,-0.999999997,-60.500000000,-1.340335735,-1.039656224,-57.107672023,-1.219009657,0.039656227,-3.392327977,-0.121326078,-0.159708724,-2.995620694,-0.184037556,-0.157125927,-2.423998825,-0.001913122,-0.002582796,-0.571621869,-0.182124434,-1.336214840,-450.000000000,-2.747076293,0.064988613,-0.001607129,-9.493891169,115.207526502,-114.539419082,109.792473498,-110.460580918,1.373538146,1.373538146
1786024490.580135822,37.800292502,0.000000000,NONE,0,0.049984061,-0.999999997,-60.500000000,-1.340335735,-1.039636379,-57.229126763,-1.219024201,0.039636381,-3.270873237,-0.121311534,-0.158179086,-2.995700814,-0.184032901,-0.157270877,-2.423998184,-0.002011376,-0.000908210,-0.571702630,-0.182021525,-1.227733166,-450.000000000,-2.739447913,0.064908780,0.000000000,-9.510064626,115.184449448,-114.570582865,109.815550552,-110.429417135,1.369723957,1.369723957
1786024490.630244017,37.850400589,0.000000000,NONE,0,0.050019735,-0.999999997,-60.500000000,-1.340335735,-1.039619489,-57.350581051,-1.219040835,0.039619491,-3.149418949,-0.121294900,-0.156525866,-2.995801147,-0.183788350,-0.156963756,-2.423999236,-0.001877995,0.000437890,-0.571801911,-0.181910355,-1.128727918,-450.000000000,-2.731502324,0.064819211,-0.001979233,-9.489591239,115.154579789,-114.590215830,109.845420211,-110.409784170,1.365751162,1.365751162
1786024490.680245399,37.900402150,0.000000000,NONE,0,0.050016023,-0.999999997,-60.500000000,-1.340335735,-1.039587752,-57.472033698,-1.219057636,0.039587755,-3.027966302,-0.121278099,-0.154756697,-2.995919570,-0.183330699,-0.156294273,-2.424001104,-0.001529061,0.001537576,-0.571918466,-0.181801638,-1.041361649,-450.000000000,-2.723941013,0.064719608,-0.001933173,-9.488557609,115.132479815,-114.611798990,109.867520185,-110.388201010,1.361970507,1.361970507
1786024490.730093241,37.950250070,0.000000000,NONE,0,0.049935167,-0.999999997,-60.500000000,-1.340335735,-1.039526071,-57.593483703,-1.219072657,0.039526074,-2.906516297,-0.121263078,-0.152930387,-2.996049682,-0.182713570,-0.155363496,-2.424002034,-0.001004239,0.002433108,-0.572047648,-0.181709331,-0.964815250,-450.000000000,-2.717804624,0.064628283,-0.001753441,-9.489503400,115.113579663,-114.631172037,109.886420337,-110.368827963,1.358902312,1.358902312
1786024490.780224800,38.000381263,0.000000000,NONE,0,0.049986481,-0.999999997,-60.500000000,-1.340335735,-1.039422299,-57.714930341,-1.219084193,0.039422301,-2.785069659,-0.121251542,-0.151048551,-2.996187000,-0.182008661,-0.154230637,-2.424002879,-0.000365394,0.003182086,-0.572184121,-0.181643267,-0.895458693,-450.000000000,-2.713707061,0.064545534,-0.001592875,-9.490941964,115.096600164,-114.648870818,109.903399836,-110.351129182,1.356853531,1.356853531
1786024490.830139875,38.050296393,0.000000000,TARGET_UPDATED,0,0.050043414,-0.999999997,-61.500000000,-1.340335735,-1.039266212,-57.836373030,-1.219090931,0.039266215,-3.663626970,-0.121244804,-0.161156805,-2.995702778,-0.181298178,-0.152923543,-2.424003887,0.000315086,-0.008233262,-0.571698892,-0.181613264,-1.974225570,-450.000000000,-2.712328903,0.064469529,-0.001474735,-9.492495509,115.366680270,-114.379567485,109.633319730,-110.620432515,1.356164451,1.356164451
1786024490.880122662,38.100279273,0.000000000,NONE,0,0.049978088,-0.999999997,-61.500000000,-1.340335735,-1.039157215,-57.933527871,-1.219092368,0.039157218,-3.566472129,-0.121243367,-0.160233150,-2.995782911,-0.180789898,-0.154435097,-2.424005580,0.000825991,-0.005798053,-0.571777330,-0.181615888,-1.537262322,-450.000000000,-2.713164710,0.064411999,-0.001418376,-9.494895042,115.258039341,-114.489408180,109.741960659,-110.510591820,1.356582355,1.356582355
1786024490.930145741,38.150302423,0.000000000,NONE,0,0.050015267,-0.999999997,-61.500000000,-1.340335735,-1.039112111,-58.054976859,-1.219089125,0.039112114,-3.445023141,-0.121246610,-0.158931039,-2.995883009,-0.180284742,-0.155726290,-2.424006563,0.001364784,-0.003204750,-0.571876446,-0.181649526,-1.358794287,-450.000000000,-2.716139355,0.064341615,-0.001409640,-9.495787833,115.213645530,-114.534248387,109.786354470,-110.465751613,1.358069677,1.358069677
1786024490.980195284,38.200352022,0.000000000,NONE,0,0.049966115,-0.999999997,-61.500000000,-1.340335735,-1.039107919,-58.176428004,-1.219080687,0.039107922,-3.323571996,-0.121255048,-0.157500127,-2.995978242,-0.179970423,-0.156093817,-2.424007768,0.001745720,-0.001406310,-0.571970474,-0.181716143,-1.245180298,-450.000000000,-2.721463258,0.064270241,-0.001441470,-9.496182283,115.185340645,-114.562750496,109.814659355,-110.437249504,1.360731629,1.360731629
1786024491.030151129,38.250307884,0.000000000,NONE,0,0.050044827,-0.999999997,-61.500000000,-1.340335735,-1.039115417,-58.297879398,-1.219068009,0.039115420,-3.202120602,-0.121267726,-0.155952443,-2.996065845,-0.179879051,-0.155984479,-2.424008717,0.001928785,0.000032035,-0.572057128,-0.181807836,-1.142988304,-450.000000000,-2.728380730,0.064196690,-0.001490808,-9.496230231,115.159804634,-114.588310482,109.840195366,-110.411689518,1.364190365,1.364190365
1786024491.080120325,38.300276853,0.000000000,NONE,0,0.049977497,-0.999999997,-61.500000000,-1.340335735,-1.039114763,-58.419329718,-1.219052610,0.039114765,-3.080670282,-0.121283125,-0.154294442,-2.996144752,-0.180017891,-0.155496149,-2.424009169,0.001894395,0.001201708,-0.572135584,-0.181912286,-1.053576504,-450.000000000,-2.735950000,0.064120457,-0.001546170,-9.495987135,115.137390910,-114.610602658,109.862609090,-110.389397342,1.367975000,1.367975000
1786024491.130331993,38.350488575,0.000000000,NONE,0,0.050222216,-0.999999997,-61.500000000,-1.340335735,-1.039089908,-58.540777877,-1.219036272,0.039089910,-2.959222123,-0.121299463,-0.152531268,-2.996215453,-0.180368180,-0.154706909,-2.424008940,0.001650806,0.002175641,-0.572206513,-0.182018986,-0.973289973,-450.000000000,-2.743453532,0.064041552,-0.001597606,-9.495592968,115.117220735,-114.630575749,109.882779265,-110.369424251,1.371726766,1.371726766
1786024491.180251837,38.400408595,0.000000000,NONE,0,0.049779216,-0.999999997,-61.500000000,-1.340335735,-1.039027473,-58.662222961,-1.219020885,0.039027475,-2.837777039,-0.121314850,-0.150667045,-2.996279943,-0.180886306,-0.153661828,-2.424007997,0.001228417,0.002994782,-0.572271946,-0.182114723,-0.900040133,-450.000000000,-2.749953836,0.063960369,-0.001639088,-9.495051333,115.098772866,-114.648752800,109.901227134,-110.351247200,1.374976918,1.374976918
1786024491.230197430,38.450354022,0.000000000,TARGET_UPDATED,0,0.050035488,-0.999999997,-62.500000000,-1.340335735,-1.038916437,-58.783664223,-1.219008200,0.038916440,-3.716335777,-0.121327535,-0.160252459,-2.995746445,-0.181502677,-0.152407009,-2.424006449,0.000679570,-0.007845450,-0.571739995,-0.182182247,-1.925929300,-450.000000000,-2.754106805,0.063877547,-0.001665735,-9.494551366,115.355120166,-114.392155516,109.644879834,-110.607844484,1.377053402,1.377053402
1786024491.280143499,38.500300253,0.000000000,NONE,0,0.049978282,-0.999999997,-62.500000000,-1.340335735,-1.038823154,-58.905105920,-1.218999631,0.038823156,-3.594894080,-0.121336104,-0.159015405,-2.995772407,-0.182173824,-0.153984520,-2.424005278,0.000058887,-0.005030886,-0.571767129,-0.182232711,-1.465373671,-450.000000000,-2.757299453,0.063793816,-0.001678754,-9.494099330,115.239868250,-114.507181415,109.760131750,-110.492818585,1.378649727,1.378649727
1786024491.330165148,38.550321768,0.000000000,NONE,0,0.050018813,-0.999999997,-62.500000000,-1.340335735,-1.038819209,-59.026552567,-1.218996169,0.038819212,-3.473447433,-0.121339566,-0.157615346,-2.995807957,-0.182809988,-0.154913753,-2.424003016,-0.000566309,-0.002701593,-0.571804940,-0.182243679,-1.314283699,-450.000000000,-2.757276842,0.063709863,-0.001676676,-9.493777219,115.202015230,-114.544873380,109.797984770,-110.455126620,1.378638421,1.378638421
1786024491.380051851,38.600208600,0.000000000,NONE,0,0.049902502,-0.999999997,-62.500000000,-1.340335735,-1.038844667,-59.148000349,-1.218998238,0.038844669,-3.351999651,-0.121337497,-0.156099892,-2.995855034,-0.183334967,-0.155073266,-2.424001159,-0.001117458,-0.001026626,-0.571853875,-0.182217509,-1.204135223,-450.000000000,-2.754701231,0.063626345,-0.001662701,-9.493585798,115.174430255,-114.572362644,109.825569745,-110.427637356,1.377350615,1.377350615
1786024491.430078268,38.650234842,0.000000000,NONE,0,0.050019639,-0.999999997,-62.500000000,-1.340335735,-1.038875162,-59.269447736,-1.219005543,0.038875165,-3.230552264,-0.121330192,-0.154485542,-2.995916332,-0.183689501,-0.154818496,-2.423999667,-0.001531065,0.000332954,-0.571916666,-0.182158436,-1.105017396,-450.000000000,-2.749909481,0.063543748,-0.001640649,-9.493555394,115.149643198,-114.597134500,109.850356802,-110.402865500,1.374954740,1.374954740
1786024491.480153084,38.700309796,0.000000000,NONE,0,0.050062588,-0.999999997,-62.500000000,-1.340335735,-1.038892671,-59.390893611,-1.219017190,0.038892673,-3.109106389,-0.121318545,-0.152783315,-2.995993691,-0.183834138,-0.154228887,-2.423998673,-0.001760597,0.001445571,-0.571995017,-0.182073540,-1.018229254,-450.000000000,-2.743452043,0.063462364,-0.001614989,-9.493655514,115.127971192,-114.618856565,109.872028808,-110.381143435,1.371726022,1.371726022
1786024491.530120134,38.750276918,0.000000000,NONE,0,0.049969866,-0.999999997,-62.500000000,-1.340335735,-1.038881821,-59.512337031,-1.219031806,0.038881823,-2.987662969,-0.121303929,-0.151001562,-2.996087655,-0.183753204,-0.153357671,-2.423998271,-0.001780610,0.002356109,-0.572089383,-0.181972594,-0.941720067,-450.000000000,-2.736061444,0.063382275,-0.001589802,-9.493834634,115.108888675,-114.638028642,109.891111325,-110.361971358,1.368030722,1.368030722
1786024491.580201149,38.800357833,0.000000000,NONE,0,0.050033975,-0.999999997,-62.500000000,-1.340335735,-1.038830278,-59.633777254,-1.219047655,0.038830281,-2.866222746,-0.121288079,-0.149145052,-2.996197343,-0.183457161,-0.152262346,-2.423998529,-0.001589108,0.003117294,-0.572198815,-0.181868054,-0.872397367,-450.000000000,-2.728674359,0.063303387,-0.001567893,-9.494077313,115.091618670,-114.655419987,109.908381330,-110.344580013,1.364337180,1.364337180
1786024491.630105019,38.850261672,0.000000000,NONE,0,0.049970395,-0.999999997,-62.500000000,-1.340335735,-1.038727656,-59.755213664,-1.219062878,0.038727658,-2.744786336,-0.121272857,-0.147215629,-2.996320438,-0.182981917,-0.150975345,-2.423999396,-0.001209956,0.003759717,-0.572321042,-0.181771961,-0.808837777,-450.000000000,-2.722114286,0.063225468,-0.001551578,-9.494325771,115.075790887,-114.671371998,109.924209113,-110.328628002,1.361057143,1.361057143
1786024491.680240870,38.900397189,0.000000000,TARGET_UPDATED,0,0.050130659,-0.999999997,-63.500000000,-1.340335735,-1.038565635,-59.876645776,-1.219075776,0.038565638,-3.623354224,-0.121259959,-0.157365968,-2.995839467,-0.182389117,-0.149535293,-2.424000721,-0.000690150,-0.007830675,-0.571838746,-0.181698967,-1.896000097,-450.000000000,-2.717471651,0.063148208,-0.001541561,-9.494576427,115.347644131,-114.399644083,109.652355869,-110.600355917,1.358735825,1.358735825
1786024491.730200291,38.950356960,0.000000000,NONE,0,0.049932613,-0.999999997,-63.500000000,-1.340335735,-1.038423561,-59.998078674,-1.219084904,0.038423564,-3.501921326,-0.121250831,-0.156153282,-2.995940462,-0.181757725,-0.151272258,-2.424003106,-0.000105900,-0.004881023,-0.571937356,-0.181651824,-1.410729355,-450.000000000,-2.714683578,0.063071195,-0.001540449,-9.494725159,115.226363628,-114.520998951,109.773636372,-110.479001049,1.357341789,1.357341789
1786024491.780186176,39.000342788,0.000000000,NONE,0,0.049956370,-0.999999997,-63.500000000,-1.340335735,-1.038364906,-60.119516327,-1.219089245,0.038364909,-3.380483673,-0.121246490,-0.154791582,-2.996047177,-0.181155949,-0.152048560,-2.424004539,0.000479285,-0.002743022,-0.572042638,-0.181635234,-1.278594451,-450.000000000,-2.714134264,0.062994067,-0.001544322,-9.494810134,115.193351146,-114.554053921,109.806648854,-110.445946079,1.357067132,1.357067132
1786024491.830271006,39.050427568,0.000000000,NONE,0,0.050049508,-0.999999997,-63.500000000,-1.340335735,-1.038333105,-60.240955176,-1.219088403,0.038333107,-3.259044824,-0.121247332,-0.153322418,-2.996153353,-0.180649887,-0.152204562,-2.424006141,0.001002036,-0.001117856,-0.572147212,-0.181651923,-1.169844380,-450.000000000,-2.715968092,0.062916651,-0.001551273,-9.494845220,115.166172400,-114.581250210,109.833827600,-110.418749790,1.357984046,1.357984046
1786024491.880138159,39.100294923,0.000000000,NONE,0,0.049941375,-0.999999997,-63.500000000,-1.340335735,-1.038305988,-60.362393811,-1.219082556,0.038305990,-3.137606189,-0.121253179,-0.151756268,-2.996255017,-0.180294637,-0.151957133,-2.424007466,0.001404948,0.000200865,-0.572247551,-0.181699585,-1.073988867,-450.000000000,-2.719925293,0.062838804,-0.001560508,-9.494801562,115.142197607,-114.605203174,109.857802393,-110.394796826,1.359962646,1.359962646
1786024491.930312634,39.150469272,0.000000000,NONE,0,0.050046240,-0.999999997,-63.500000000,-1.340335735,-1.038275717,-60.459543798,-1.219074767,0.038275719,-3.040456202,-0.121260968,-0.150438166,-2.996331192,-0.180145067,-0.151503721,-2.424008224,0.001609816,0.001065555,-0.572322969,-0.181754883,-1.012206628,-450.000000000,-2.723946725,0.062776169,-0.001568035,-9.495998926,115.127051389,-114.620948075,109.872948611,-110.379051925,1.361973363,1.361973363
1786024491.980327845,39.200484526,0.000000000,NONE,0,0.050056646,-0.999999997,-63.500000000,-1.340335735,-1.038216108,-60.580979414,-1.219061988,0.038216111,-2.919020586,-0.121273747,-0.148709107,-2.996418785,-0.180143108,-0.150762357,-2.424008817,0.001704698,0.002053250,-0.572409968,-0.181847806,-0.925765143,-450.000000000,-2.731202779,0.062696800,-0.001604568,-9.495560871,115.105331504,-114.642448932,109.894668496,-110.357551068,1.365601389,1.365601389
1786024492.030209303,39.250365873,0.000000000,NONE,0,0.049942917,-0.999999997,-63.500000000,-1.340335735,-1.038122369,-60.702412294,-1.219047047,0.038122371,-2.797587706,-0.121288688,-0.146885974,-2.996497991,-0.180343924,-0.149777589,-2.424008887,0.001607155,0.002891615,-0.572489104,-0.181951080,-0.852627823,-450.000000000,-2.738643415,0.062615262,-0.001643790,-9.494899977,115.086881950,-114.660568039,109.913118050,-110.339431961,1.369321708,1.369321708
1786024492.080288172,39.300444887,0.000000000,TARGET_UPDATED,0,0.050102833,-0.999999997,-64.500000000,-1.340335735,-1.037982159,-60.823841619,-1.219031808,0.037982161,-3.676158381,-0.121303927,-0.156537546,-2.995987956,-0.180721090,-0.148561395,-2.424008271,0.001327948,-0.007976151,-0.571979685,-0.182049037,-1.878291844,-450.000000000,-2.745387721,0.062532259,-0.001665500,-9.494308756,115.343150150,-114.404004228,109.656849850,-110.595995772,1.372693861,1.372693861
1786024492.130102873,39.350259500,0.000000000,NONE,0,0.049800921,-0.999999997,-64.500000000,-1.340335735,-1.037851936,-60.945270918,-1.219018035,0.037851939,-3.554729082,-0.121317699,-0.155367805,-2.996018663,-0.181241504,-0.149955211,-2.424007755,0.000894441,-0.005412594,-0.572010907,-0.182135945,-1.438823085,-450.000000000,-2.751261274,0.062448675,-0.001671697,-9.493780099,115.233150796,-114.513739254,109.766849204,-110.486260746,1.375630637,1.375630637
1786024492.180527210,39.400683822,0.000000000,NONE,0,0.050394418,-0.999999997,-64.500000000,-1.340335735,-1.037816964,-61.066705453,-1.219007353,0.037816967,-3.433294547,-0.121328381,-0.154035941,-2.996052099,-0.181840707,-0.151073237,-2.424005767,0.000355355,-0.002962704,-0.572046332,-0.182196062,-1.275107939,-450.000000000,-2.754917288,0.062365311,-0.001661460,-9.493499020,115.192151740,-114.554597770,109.807848260,-110.445402230,1.377458644,1.377458644
1786024492.230341196,39.450497699,0.000000000,NONE,0,0.049722821,-0.999999997,-64.500000000,-1.340335735,-1.037818215,-61.188141521,-1.219001003,0.037818217,-3.311858479,-0.121334732,-0.152586172,-2.996090281,-0.182442466,-0.151346724,-2.424003770,-0.000217568,-0.001239448,-0.572086511,-0.182224899,-1.164494457,-450.000000000,-2.756322872,0.062282823,-0.001640605,-9.493302343,115.164449200,-114.582201972,109.835550800,-110.417798028,1.378161436,1.378161436
1786024492.280688047,39.500844604,0.000000000,NONE,0,0.050249051,-0.999999997,-64.500000000,-1.340335735,-1.037828503,-61.309577436,-1.218999702,0.037828505,-3.190422564,-0.121336033,-0.151034694,-2.996136488,-0.182975785,-0.151169754,-2.424001797,-0.000756892,0.000135059,-0.572134691,-0.182218893,-1.066852341,-450.000000000,-2.755202984,0.062201620,-0.001612176,-9.493341469,115.140048453,-114.606622282,109.859951547,-110.393377718,1.377601492,1.377601492
1786024492.330157757,39.550314498,0.000000000,NONE,0,0.049690031,-0.999999997,-64.500000000,-1.340335735,-1.037829650,-61.431012089,-1.219003571,0.037829652,-3.068987911,-0.121332164,-0.149389679,-2.996193965,-0.183378870,-0.150662375,-2.424000064,-0.001199078,0.001272696,-0.572193901,-0.182179791,-0.979446158,-450.000000000,-2.751798493,0.062121916,-0.001582010,-9.493440527,115.118221671,-114.628498592,109.881778329,-110.371501408,1.375899246,1.375899246
1786024492.380082846,39.600239556,0.000000000,NONE,0,0.049942145,-0.999999997,-64.500000000,-1.340335735,-1.037805831,-61.552444528,-1.219012093,0.037805834,-2.947555472,-0.121323641,-0.147657103,-2.996265195,-0.183605479,-0.149859399,-2.423998764,-0.001492292,0.002202296,-0.572266431,-0.182113186,-0.903345068,-450.000000000,-2.746589406,0.062043691,0.000000000,-9.509199792,115.103136215,-114.651463681,109.896863785,-110.348536319,1.373294703,1.373294703
1786024492.430357218,39.650513981,0.000000000,NONE,0,0.050271369,-0.999999997,-64.500000000,-1.340335735,-1.037744070,-61.673873979,-1.219024210,0.037744072,-2.826126021,-0.121311524,-0.145811604,-2.996352953,-0.183630196,-0.148803999,-2.423998828,-0.001603217,0.002992395,-0.572354125,-0.182026978,-0.832924269,-450.000000000,-2.740173628,0.061957452,0.000000000,-9.508530033,115.085363576,-114.668901441,109.914636424,-110.331098559,1.370086814,1.370086814
1786024492.480211020,39.700367635,0.000000000,TARGET_UPDATED,0,0.049873692,-0.999999997,-65.500000000,-1.340335735,-1.037633694,-61.795299755,-1.219038466,0.037633697,-3.704700245,-0.121297269,-0.155065374,-2.995898339,-0.183445320,-0.147495904,-2.424000751,-0.001518499,-0.007569470,-0.571897588,-0.181926821,-1.827134301,-450.000000000,-2.732869229,0.061849428,-0.002330551,-9.482751975,115.327471569,-114.413904419,109.672528431,-110.586095581,1.366434615,1.366434615
1786024492.530126333,39.750283003,0.000000000,NONE,0,0.049899868,-0.999999997,-65.500000000,-1.340335735,-1.037548756,-61.892440070,-1.219050315,0.037548759,-3.607559930,-0.121285420,-0.154036846,-2.995966753,-0.183176719,-0.148493806,-2.424002868,-0.001322160,-0.005543040,-0.571963885,-0.181854559,-1.438138474,-450.000000000,-2.728371028,0.061757042,-0.002207663,-9.482753263,115.230222934,-114.511153697,109.769777066,-110.488846303,1.364185514,1.364185514
1786024492.580225945,39.800382660,0.000000000,NONE,0,0.050042964,-0.999999997,-65.500000000,-1.340335735,-1.037526866,-62.013869967,-1.219064259,0.037526869,-3.486130033,-0.121271476,-0.152655218,-2.996064276,-0.182716927,-0.149650338,-2.424002713,-0.000950201,-0.003004880,-0.572061563,-0.181766726,-1.255600444,-450.000000000,-2.721915700,0.061657409,-0.001848144,-9.484548849,115.185037323,-114.557237101,109.814962677,-110.442762899,1.360957850,1.360957850
1786024492.630089998,39.850246739,0.000000000,NONE,0,0.049925081,-0.999999997,-65.500000000,-1.340335735,-1.037550586,-62.159588018,-1.219077984,0.037550588,-3.340411982,-0.121257751,-0.150908302,-2.996192078,-0.182050710,-0.149992565,-2.424002432,-0.000367560,-0.000915737,-0.572189646,-0.181683150,-1.113851157,-450.000000000,-2.716146435,0.061560269,-0.001464899,-9.486756958,115.150152029,-114.593226450,109.849847971,-110.406773550,1.358073217,1.358073217
1786024492.680089951,39.900246393,0.000000000,NONE,0,0.050027160,-0.999999997,-65.500000000,-1.340335735,-1.037575975,-62.281019460,-1.219085105,0.037575977,-3.218980540,-0.121250630,-0.149392444,-2.996302277,-0.181475670,-0.149700349,-2.424002462,0.000177577,0.000307905,-0.572299816,-0.181653247,-1.036095391,-450.000000000,-2.715129553,0.061494541,-0.001219492,-9.490105590,115.131550245,-114.613502550,109.868449755,-110.386497450,1.357564777,1.357564777
1786024492.730137587,39.950294263,0.000000000,NONE,0,0.050014528,-0.999999997,-65.500000000,-1.340335735,-1.037585704,-62.378163643,-1.219087308,0.037585707,-3.121836357,-0.121248427,-0.148139954,-2.996389957,-0.181050928,-0.149264416,-2.424002750,0.000598765,0.001124462,-0.572387207,-0.181649693,-0.977429646,-450.000000000,-2.715407447,0.061448947,-0.001099677,-9.493802904,115.117808137,-114.629093314,109.882191863,-110.370906686,1.357703723,1.357703723
1786024492.780084133,40.000240800,0.000000000,NONE,0,0.049949241,-0.999999997,-65.500000000,-1.340335735,-1.037575165,-62.499592142,-1.219085596,0.037575168,-3.000407858,-0.121250139,-0.146513806,-2.996496366,-0.180615124,-0.148568545,-2.424003463,0.001057362,0.002054739,-0.572492903,-0.181672487,-0.896406161,-450.000000000,-2.717530399,0.061396116,-0.001046811,-9.496238425,115.098161147,-114.649958066,109.901838853,-110.350041934,1.358765199,1.358765199
1786024492.830105305,40.050261959,0.000000000,NONE,0,0.050012319,-0.999999997,-65.500000000,-1.340335735,-1.037529881,-62.621018167,-1.219079166,0.037529884,-2.878981833,-0.121256568,-0.144808178,-2.996597042,-0.180329859,-0.147646946,-2.424004407,0.001395484,0.002838768,-0.572592635,-0.181725343,-0.828537566,-450.000000000,-2.721830867,0.061343179,-0.000971034,-9.498897054,115.081858655,-114.667589872,109.918141345,-110.332410128,1.360915433,1.360915433
1786024492.880110741,40.100267610,0.000000000,NONE,0,0.050008369,-0.999999997,-65.500000000,-1.340335735,-1.037438493,-62.742441013,-1.219068768,0.037438496,-2.757558987,-0.121266967,-0.143014068,-2.996690367,-0.180226511,-0.146509341,-2.424005416,0.001575155,0.003495273,-0.572684951,-0.181801666,-0.766974895,-450.000000000,-2.727642835,0.061286143,0.000000000,-9.510174124,115.069287255,-114.685799807,109.930712745,-110.314200193,1.363821417,1.363821417
1786024492.930231094,40.150387621,0.000000000,TARGET_UPDATED,0,0.050145091,-0.999999997,-66.500000000,-1.340335735,-1.037292183,-62.863860092,-1.219055619,0.037292186,-3.636139908,-0.121280116,-0.152759898,-2.996204948,-0.180319919,-0.145180594,-2.424006782,0.001576771,-0.007579304,-0.572198166,-0.181896690,-1.803128653,-450.000000000,-2.734663258,0.061216151,-0.001587193,-9.494842247,115.324492725,-114.422928398,109.675507275,-110.577071602,1.367331629,1.367331629
1786024492.980260372,40.200416871,0.000000000,NONE,0,0.050013342,-0.999999997,-66.500000000,-1.340335735,-1.037149673,-62.985278923,-1.219041226,0.037149675,-3.514721077,-0.121294509,-0.151573619,-2.996249360,-0.180604586,-0.146463642,-2.424008672,0.001390120,-0.005109977,-0.572240688,-0.181994705,-1.367650420,-450.000000000,-2.741589156,0.061130367,-0.001728054,-9.492685572,115.215083998,-114.531258788,109.784916002,-110.468741212,1.370794578,1.370794578
1786024493.030160427,40.250316918,0.000000000,NONE,0,0.049883534,-0.999999997,-66.500000000,-1.340335735,-1.037098055,-63.106702675,-1.219027321,0.037098058,-3.393297325,-0.121308414,-0.150233389,-2.996291462,-0.181046404,-0.147497095,-2.424007853,0.001035554,-0.002736294,-0.572283609,-0.182081958,-1.207790560,-450.000000000,-2.747486162,0.061044656,-0.001694973,-9.492249779,115.175010085,-114.571114805,109.824989915,-110.428885195,1.373743081,1.373743081
1786024493.080201626,40.300358341,0.000000000,NONE,0,0.049998883,-0.999999997,-66.500000000,-1.340335735,-1.037078340,-63.228127682,-1.219015572,0.037078342,-3.271872318,-0.121320163,-0.148790562,-2.996331808,-0.181587092,-0.147686314,-2.424006286,0.000563140,-0.001104249,-0.572325523,-0.182150231,-1.104256846,-450.000000000,-2.751881673,0.060961621,-0.001635901,-9.492293676,115.149137631,-114.597009207,109.850862369,-110.402990793,1.375940836,1.375940836
1786024493.130135775,40.350292506,0.000000000,NONE,0,0.049991770,-0.999999997,-66.500000000,-1.340335735,-1.037064923,-63.349552373,-1.219007308,0.037064925,-3.150447627,-0.121328426,-0.147260464,-2.996373255,-0.182161994,-0.147470401,-2.424004273,0.000030877,0.000209938,-0.572368983,-0.182192872,-1.010144545,-450.000000000,-2.754353958,0.060881652,-0.001575164,-9.492590713,115.125683815,-114.620611542,109.874316185,-110.379388458,1.377176979,1.377176979
1786024493.180154324,40.400310928,0.000000000,NONE,0,0.050018446,-0.999999997,-66.500000000,-1.340335735,-1.037040594,-63.470975714,-1.219003448,0.037040596,-3.029024286,-0.121332287,-0.145649180,-2.996419408,-0.182703240,-0.146938124,-2.424002152,-0.000498212,0.001288944,-0.572417257,-0.182205028,-0.927573293,-450.000000000,-2.754595007,0.060804546,-0.001521505,-9.493041542,115.105153709,-114.641367062,109.894846291,-110.358632938,1.377297503,1.377297503
1786024493.230081558,40.450238162,0.000000000,NONE,0,0.049930952,-0.999999997,-66.500000000,-1.340335735,-1.036990801,-63.592396852,-1.219004396,0.036990804,-2.907603148,-0.121331339,-0.143959517,-2.996473835,-0.183147829,-0.146142050,-2.424000216,-0.000962017,0.002182533,-0.572473619,-0.182185812,-0.854235549,-450.000000000,-2.752621973,0.060729798,-0.001479765,-9.493543697,115.086944811,-114.659827037,109.913055189,-110.340172963,1.376310987,1.376310987
1786024493.280061483,40.500218010,0.000000000,NONE,0,0.049980883,-0.999999997,-66.500000000,-1.340335735,-1.036903520,-63.713815092,-1.219009996,0.036903523,-2.786184908,-0.121325739,-0.142191125,-2.996539610,-0.183444549,-0.145127096,-2.423998678,-0.001306628,0.002935971,-0.572540932,-0.182137921,-0.787638179,-450.000000000,-2.748696294,0.060656749,-0.001451818,-9.494042632,115.070420203,-114.676601113,109.929579797,-110.323398887,1.374348147,1.374348147
1786024493.330153465,40.550310211,0.000000000,TARGET_UPDATED,0,0.050092266,-0.999999997,-67.500000000,-1.340335735,-1.036768722,-63.835229865,-1.219019557,0.036768724,-3.664770135,-0.121316178,-0.151621184,-2.996069499,-0.183557098,-0.143927213,-2.423997673,-0.001492192,-0.007693971,-0.572071826,-0.182064906,-1.785081824,-450.000000000,-2.743085772,0.060584709,-0.001437470,-9.494492521,115.319893586,-114.427352674,109.680106414,-110.572647326,1.371542886,1.371542886
1786024493.380151510,40.600308075,0.000000000,NONE,0,0.049958766,-0.999999997,-67.500000000,-1.340335735,-1.036648009,-63.956644975,-1.219031943,0.036648012,-3.543355025,-0.121303792,-0.150497103,-2.996129138,-0.183490274,-0.145413365,-2.423997997,-0.001508076,-0.005083739,-0.572131141,-0.181982198,-1.347939261,-450.000000000,-2.737098347,0.060512961,-0.001437022,-9.494803461,115.210685681,-114.536716050,109.789314319,-110.463283950,1.368549174,1.368549174
1786024493.430107594,40.650264324,0.000000000,NONE,0,0.050003528,-0.999999997,-67.500000000,-1.340335735,-1.036617368,-64.078065008,-1.219045738,0.036617371,-3.421934992,-0.121289997,-0.149214436,-2.996207008,-0.183245631,-0.146434321,-2.423998001,-0.001354129,-0.002780115,-0.572209007,-0.181891502,-1.197630910,-450.000000000,-2.730591308,0.060440908,-0.001445224,-9.495001730,115.173158160,-114.574342705,109.826841840,-110.425657295,1.365295654,1.365295654
1786024493.480197430,40.700354001,0.000000000,NONE,0,0.050044606,-0.999999997,-67.500000000,-1.340335735,-1.036617751,-64.199486410,-1.219059366,0.036617754,-3.300513590,-0.121276369,-0.147815962,-2.996299428,-0.182847160,-0.146648183,-2.423998838,-0.001041610,-0.001167780,-0.572300590,-0.181805551,-1.094955434,-450.000000000,-2.724671059,0.060368264,-0.001458518,-9.495099451,115.147513721,-114.600036004,109.852486279,-110.399963996,1.362335530,1.362335530
1786024493.530128956,40.750285464,0.000000000,NONE,0,0.049983075,-0.999999997,-67.500000000,-1.340335735,-1.036624888,-64.320907733,-1.219071262,0.036624891,-3.179092267,-0.121264473,-0.146314515,-2.996402889,-0.182340897,-0.146459679,-2.424000125,-0.000606899,0.000145164,-0.572402764,-0.181733999,-1.001058174,-450.000000000,-2.719948386,0.060294871,-0.001474145,-9.495099187,115.124039340,-114.623510253,109.875960660,-110.376489747,1.359974193,1.359974193
1786024493.580313921,40.800470420,0.000000000,NONE,0,0.049980983,-0.999999997,-67.500000000,-1.340335735,-1.036621663,-64.442327957,-1.219080074,0.036621666,-3.057672043,-0.121255661,-0.144717475,-2.996513411,-0.181785132,-0.145946399,-2.424001654,-0.000099802,0.001228924,-0.572511757,-0.181685329,-0.918413723,-450.000000000,-2.716999299,0.060220694,-0.001489638,-9.495029934,115.103360914,-114.644154053,109.896639086,-110.355845947,1.358499649,1.358499649
1786024493.630130768,40.850287214,0.000000000,NONE,0,0.050006571,-0.999999997,-67.500000000,-1.340335735,-1.036593264,-64.563746198,-1.219084785,0.036593267,-2.936253802,-0.121250950,-0.143030935,-2.996626767,-0.181243491,-0.145155733,-2.424003241,0.000422115,0.002124798,-0.572623527,-0.181665606,-0.845225660,-450.000000000,-2.716198011,0.060145801,-0.001503278,-9.494917446,115.085035776,-114.662422946,109.914964224,-110.337577054,1.358099006,1.358099006
1786024493.680113316,40.900270117,0.000000000,NONE,0,0.049985970,-0.999999997,-67.500000000,-1.340335735,-1.036527439,-64.685161720,-1.219084877,0.036527441,-2.814838280,-0.121250858,-0.141258813,-2.996738972,-0.180777384,-0.144136528,-2.424004714,0.000898931,0.002877715,-0.572734258,-0.181676315,-0.778798033,-450.000000000,-2.717556298,0.060070315,-0.001513999,-9.494776718,115.068393688,-114.678994671,109.931606312,-110.321005329,1.358778149,1.358778149
1786024493.730224609,40.950381328,0.000000000,TARGET_UPDATED,0,0.050122202,-0.999999997,-68.500000000,-1.340335735,-1.036414223,-64.806573921,-1.219080392,0.036414226,-3.693426079,-0.121255343,-0.150369572,-2.996316516,-0.180437691,-0.142930415,-2.424005931,0.001276640,-0.007439157,-0.572310585,-0.181714331,-1.745641869,-450.000000000,-2.720761633,0.059994386,-0.001521413,-9.494642346,115.310071054,-114.437250119,109.689928946,-110.562749881,1.360380817,1.360380817
1786024493.780205011,41.000361786,0.000000000,NONE,0,0.049888837,-0.999999997,-68.500000000,-1.340335735,-1.036329281,-64.927987365,-1.219071923,0.036329283,-3.572012635,-0.121263812,-0.149201575,-2.996385032,-0.180282237,-0.144670714,-2.424007499,0.001499517,-0.004530860,-0.572377533,-0.181781753,-1.290435504,-450.000000000,-2.726074191,0.059918148,-0.001527617,-9.494459749,115.196223813,-114.551006061,109.803776187,-110.448993939,1.363037096,1.363037096
1786024493.830139875,41.050296416,0.000000000,NONE,0,0.050008457,-0.999999997,-68.500000000,-1.340335735,-1.036320666,-65.049404856,-1.219060559,0.036320668,-3.450595144,-0.121275175,-0.147891739,-2.996448939,-0.180316508,-0.145345048,-2.424007682,0.001544272,-0.002546691,-0.572441257,-0.181860780,-1.171504081,-450.000000000,-2.731834857,0.059841760,-0.001529175,-9.494318279,115.166455590,-114.580703550,109.833544410,-110.419296450,1.365917429,1.365917429
1786024493.880101919,41.100258565,0.000000000,NONE,0,0.049984712,-0.999999997,-68.500000000,-1.340335735,-1.036335165,-65.170823180,-1.219047677,0.036335167,-3.329176820,-0.121288058,-0.146480889,-2.996506263,-0.180534903,-0.145448592,-2.424007580,0.001412097,-0.001032298,-0.572498683,-0.181947000,-1.070233539,-450.000000000,-2.738014953,0.059765397,-0.001527539,-9.494200370,115.141108477,-114.605991708,109.858891523,-110.394008292,1.369007477,1.369007477
1786024493.930105448,41.150262091,0.000000000,NONE,0,0.049997994,-0.999999997,-68.500000000,-1.340335735,-1.036353024,-65.292241120,-1.219034756,0.036353026,-3.207758880,-0.121300979,-0.144980053,-2.996557771,-0.180910599,-0.145189403,-2.424006878,0.001119746,0.000209350,-0.572550893,-0.182030345,-0.980325127,-450.000000000,-2.743791126,0.059689183,-0.001523399,-9.494113336,115.118609616,-114.628447052,109.881390384,-110.371552948,1.371895563,1.371895563
1786024493.980142355,41.200298867,0.000000000,NONE,0,0.050007243,-0.999999997,-68.500000000,-1.340335735,-1.036358596,-65.389374512,-1.219025401,0.036358599,-3.110625488,-0.121310333,-0.143720358,-2.996596105,-0.181294467,-0.144744097,-2.424005917,0.000792530,0.001023738,-0.572590188,-0.182086997,-0.922635932,-450.000000000,-2.747222704,0.059628386,-0.001518546,-9.495261781,115.104474428,-114.643156462,109.895525572,-110.356843538,1.373611352,1.373611352
1786024494.030114412,41.250270939,0.000000000,NONE,0,0.049988841,-0.999999997,-68.500000000,-1.340335735,-1.036338017,-65.535072120,-1.219014413,0.036338019,-2.964927880,-0.121321322,-0.141734438,-2.996652491,-0.181941308,-0.143874131,-2.424004140,0.000216309,0.002139693,-0.572648351,-0.182157617,-0.822543399,-450.000000000,-2.752445936,0.059536640,-0.001543279,-9.493627117,115.079042629,-114.667770929,109.920957371,-110.332229071,1.376222968,1.376222968
1786024494.080089808,41.300246385,0.000000000,NONE,0,0.049995746,-0.999999997,-68.500000000,-1.340335735,-1.036296268,-65.632201678,-1.219009905,0.036296270,-2.867798322,-0.121325830,-0.140348775,-2.996691943,-0.182371937,-0.143041002,-2.424002765,-0.000194846,0.002692227,-0.572689178,-0.182177091,-0.781950240,-450.000000000,-2.752785905,0.059475103,-0.001532238,-9.494761530,115.069177942,-114.678202823,109.930822058,-110.321797177,1.376392952,1.376392952
1786024494.130133867,41.350290296,0.000000000,NONE,0,0.050021665,-0.999999997,-68.500000000,-1.340335735,-1.036202511,-65.753610582,-1.219008195,0.036202514,-2.746389418,-0.121327540,-0.138551785,-2.996746369,-0.182853599,-0.141897560,-2.424001070,-0.000674981,0.003345774,-0.572745299,-0.182178618,-0.716731605,-450.000000000,-2.752533764,0.059398559,-0.001535778,-9.494545098,115.052819176,-114.694453373,109.947180824,-110.305546627,1.376266882,1.376266882
1786024494.180396318,41.400552988,0.000000000,TARGET_UPDATED,0,0.050237908,-0.999999997,-69.500000000,-1.340335735,-1.036056939,-65.875015788,-1.219010870,0.036056942,-3.624984212,-0.121324865,-0.148029318,-2.996270345,-0.183223136,-0.140604713,-2.423999616,-0.001069652,-0.007424605,-0.572270729,-0.182153484,-1.720162268,-450.000000000,-2.750243570,0.059321525,-0.001543722,-9.494263266,115.303606383,-114.443525249,109.696393617,-110.556474751,1.375121785,1.375121785
1786024494.230241537,41.450398202,0.000000000,NONE,0,0.049764609,-0.999999997,-69.500000000,-1.340335735,-1.035915467,-65.996420668,-1.219017669,0.035915470,-3.503579332,-0.121318066,-0.146903851,-2.996311375,-0.183447717,-0.141866838,-2.423999256,-0.001345778,-0.005037013,-0.572312120,-0.182101939,-1.298832084,-450.000000000,-2.746099950,0.059244342,-0.001543831,-9.493984123,115.198204052,-114.548788010,109.801795948,-110.451211990,1.373049975,1.373049975
1786024494.280139685,41.500296384,0.000000000,NONE,0,0.049999665,-0.999999997,-69.500000000,-1.340335735,-1.035863635,-66.117830274,-1.219027845,0.035863638,-3.382169726,-0.121307890,-0.145625871,-2.996369558,-0.183501192,-0.142920112,-2.423998372,-0.001472669,-0.002705759,-0.572371186,-0.182028523,-1.142542670,-450.000000000,-2.740528293,0.059167429,0.000000000,-9.509186081,115.162932188,-114.591660853,109.837067812,-110.408339147,1.370264146,1.370264146
1786024494.330136776,41.550293480,0.000000000,NONE,0,0.049992725,-0.999999997,-69.500000000,-1.340335735,-1.035843232,-66.239241171,-1.219040202,0.035843235,-3.260758829,-0.121295533,-0.144212891,-2.996444664,-0.183372247,-0.143100851,-2.423998947,-0.001427890,-0.001112040,-0.572445717,-0.181944358,-1.042157060,-450.000000000,-2.734421482,0.059082437,-0.001875118,-9.489542917,115.132924994,-114.611846464,109.867075006,-110.388153536,1.367210741,1.367210741
1786024494.380053759,41.600210359,0.000000000,NONE,0,0.049939334,-0.999999997,-69.500000000,-1.340335735,-1.035829024,-66.360651834,-1.219053301,0.035829027,-3.139348166,-0.121282434,-0.142671644,-2.996535493,-0.183073909,-0.142849756,-2.424000362,-0.001215743,0.000178112,-0.572535131,-0.181858166,-0.949695253,-450.000000000,-2.728345725,0.058986630,-0.001860504,-9.487915970,115.109402806,-114.634555179,109.890597194,-110.365444821,1.364172863,1.364172863
1786024494.430110455,41.650267234,0.000000000,NONE,0,0.050065142,-0.999999997,-69.500000000,-1.340335735,-1.035804339,-66.482061256,-1.219065629,0.035804341,-3.017938744,-0.121270106,-0.141065459,-2.996636866,-0.182640395,-0.142302272,-2.424000865,-0.000860037,0.001236813,-0.572636001,-0.181780358,-0.869089673,-450.000000000,-2.723070963,0.058899140,-0.001669387,-9.488725548,115.089453805,-114.654908969,109.910546195,-110.345091031,1.361535481,1.361535481
1786024494.480170012,41.700326640,0.000000000,NONE,0,0.050036379,-0.999999997,-69.500000000,-1.340335735,-1.035754687,-66.603468629,-1.219075735,0.035754690,-2.896531371,-0.121260000,-0.139402738,-2.996745308,-0.182121955,-0.141509008,-2.424001235,-0.000401130,0.002106270,-0.572744074,-0.181720824,-0.798393122,-450.000000000,-2.719267879,0.058821279,-0.001485872,-9.490218250,115.072152843,-114.672956282,109.927847157,-110.327043718,1.359633940,1.359633940
1786024494.530117273,41.750274080,0.000000000,NONE,0,0.049948622,-0.999999997,-69.500000000,-1.340335735,-1.035668356,-66.724873342,-1.219082448,0.035668358,-2.775126658,-0.121253287,-0.137680460,-2.996857302,-0.181578394,-0.140519895,-2.424001780,0.000107499,0.002839435,-0.572855522,-0.181685894,-0.734265234,-450.000000000,-2.717313218,0.058751440,-0.001343270,-9.491926273,115.056547877,-114.689415260,109.943452123,-110.310584740,1.358656609,1.358656609
1786024494.580330849,41.800487337,0.000000000,TARGET_UPDATED,0,0.050094343,-0.999999997,-70.500000000,-1.340335735,-1.035535647,-66.846274893,-1.219085000,0.035535650,-3.653725107,-0.121250735,-0.146872039,-2.996451487,-0.181069071,-0.139363350,-2.424002522,0.000607924,-0.007508689,-0.572448965,-0.181676995,-1.701361708,-450.000000000,-2.717212005,0.058687216,-0.001251603,-9.493584816,115.298736631,-114.448055777,109.701263369,-110.551944223,1.358606002,1.358606002
1786024494.630146980,41.850303641,0.000000000,NONE,0,0.049918625,-0.999999997,-70.500000000,-1.340335735,-1.035425538,-66.967677414,-1.219083105,0.035425540,-3.532322586,-0.121252630,-0.145789398,-2.996528508,-0.180671806,-0.141020449,-2.424004084,0.001031948,-0.004768950,-0.572524424,-0.181703755,-1.260524610,-450.000000000,-2.719798888,0.058625890,-0.001215121,-9.494896594,115.188855301,-114.558592996,109.811144699,-110.441407004,1.359899444,1.359899444
1786024494.680129766,41.900286504,0.000000000,NONE,0,0.050000943,-0.999999997,-70.500000000,-1.340335735,-1.035398014,-67.089084391,-1.219077054,0.035398017,-3.410915609,-0.121258681,-0.144558565,-2.996603789,-0.180421180,-0.141886347,-2.424004697,0.001331313,-0.002672218,-0.572599092,-0.181752493,-1.130689704,-450.000000000,-2.723649244,0.058565097,0.000000000,-9.508040961,115.159682666,-114.594337814,109.840317334,-110.405662186,1.361824622,1.361824622
1786024494.730148077,41.950304653,0.000000000,NONE,0,0.050008394,-0.999999997,-70.500000000,-1.340335735,-1.035397276,-67.210492544,-1.219067624,0.035397278,-3.289507456,-0.121268111,-0.143191643,-2.996675019,-0.180342403,-0.142062923,-2.424006076,0.001477998,-0.001128720,-0.572668943,-0.181820402,-1.030413454,-450.000000000,-2.728786086,0.058495027,-0.001566332,-9.492622532,115.130758997,-114.615552270,109.869241003,-110.384447730,1.364393043,1.364393043
1786024494.780118942,42.000275311,0.000000000,NONE,0,0.049938901,-0.999999997,-70.500000000,-1.340335735,-1.035402021,-67.331900545,-1.219055915,0.035402024,-3.168099455,-0.121279820,-0.141697360,-2.996741116,-0.180442034,-0.141836324,-2.424007236,0.001457905,0.000138964,-0.572733880,-0.181899940,-0.939521138,-450.000000000,-2.734588478,0.058414474,-0.001590939,-9.491766525,115.107821916,-114.638061347,109.892178084,-110.361938653,1.367294239,1.367294239
1786024494.830178022,42.050334626,0.000000000,NONE,0,0.050087115,-0.999999997,-70.500000000,-1.340335735,-1.035395792,-67.453307349,-1.219043275,0.035395795,-3.046692651,-0.121292460,-0.140124076,-2.996800251,-0.180707455,-0.141306682,-2.424006898,0.001274905,0.001182606,-0.572793353,-0.181982359,-0.860269798,-450.000000000,-2.740410694,0.058337138,-0.001515685,-9.492176083,115.088111470,-114.657976571,109.911888530,-110.342023429,1.370205347,1.370205347
1786024494.880195379,42.100351806,0.000000000,NONE,0,0.049988202,-0.999999997,-70.500000000,-1.340335735,-1.035364669,-67.574712117,-1.219031146,0.035364672,-2.925287883,-0.121304589,-0.138478755,-2.996853734,-0.181106709,-0.140528678,-2.424005740,0.000951614,0.002049923,-0.572847994,-0.182058322,-0.789798442,-450.000000000,-2.745602180,0.058263470,-0.001447429,-9.492790194,115.070647159,-114.675747938,109.929352841,-110.324252062,1.372801090,1.372801090
1786024494.930288315,42.150444857,0.000000000,NONE,0,0.050045455,-0.999999997,-70.500000000,-1.340335735,-1.035297153,-67.696114175,-1.219020900,0.035297155,-2.803885825,-0.121314835,-0.136762286,-2.996904099,-0.181592405,-0.139544020,-2.424004140,0.000526700,0.002781734,-0.572899959,-0.182119105,-0.726010148,-450.000000000,-2.749551927,0.058192666,-0.001397636,-9.493448353,115.054864625,-114.691859551,109.945135375,-110.308140449,1.374775964,1.374775964
1786024494.980259418,42.200416079,0.000000000,TARGET_UPDATED,0,0.050046678,-0.999999997,-71.500000000,-1.340335735,-1.035183613,-67.817512974,-1.219013693,0.035183615,-3.682487026,-0.121322042,-0.145644841,-2.996454926,-0.182107919,-0.138384096,-2.424002348,0.000050262,-0.007260744,-0.572452577,-0.182158181,-1.663691687,-450.000000000,-2.751853470,0.058123740,-0.001368035,-9.494048069,115.289434939,-114.457589096,109.710565061,-110.542410904,1.375926735,1.375926735
1786024495.030408621,42.250565215,0.000000000,NONE,0,0.049896508,-0.999999997,-71.500000000,-1.340335735,-1.035091240,-67.938912471,-1.219010326,0.035091242,-3.561087529,-0.121325409,-0.144538219,-2.996478340,-0.182608694,-0.139956592,-2.424001269,-0.000434626,-0.004581626,-0.572477070,-0.182174069,-1.233384243,-450.000000000,-2.752503236,0.058055688,-0.001358413,-9.494493672,115.181969479,-114.565277357,109.818030521,-110.434722643,1.376251618,1.376251618
1786024495.080134392,42.300290928,0.000000000,NONE,0,0.049969484,-0.999999997,-71.500000000,-1.340335735,-1.035078119,-68.060316010,-1.219011188,0.035078122,-3.439683990,-0.121324547,-0.143291518,-2.996512435,-0.183029978,-0.140754277,-2.423999508,-0.000871305,-0.002537241,-0.572512927,-0.182158673,-1.106447232,-450.000000000,-2.750799015,0.057987678,-0.001362091,-9.494811291,115.150314631,-114.597091015,109.849685369,-110.402908985,1.375399508,1.375399508
1786024495.130381584,42.350538184,0.000000000,NONE,0,0.050234921,-0.999999997,-71.500000000,-1.340335735,-1.035089860,-68.181720453,-1.219016179,0.035089862,-3.318279547,-0.121319556,-0.141944471,-2.996558257,-0.183321727,-0.140897270,-2.423998359,-0.001204801,-0.001047201,-0.572559898,-0.182116926,-1.009993128,-450.000000000,-2.747353806,0.057919193,-0.001374712,-9.495025405,115.126254633,-114.621258069,109.873745367,-110.378741931,1.373676903,1.373676903
1786024495.180119038,42.400275601,0.000000000,NONE,0,0.049745620,-0.999999997,-71.500000000,-1.340335735,-1.035105552,-68.303124601,-1.219024646,0.035105555,-3.196875399,-0.121311088,-0.140507651,-2.996617313,-0.183450638,-0.140672491,-2.423997668,-0.001395990,0.000164840,-0.572619645,-0.182054648,-0.923203359,-450.000000000,-2.742573392,0.057849893,0.000000000,-9.508984079,115.108046860,-114.646445180,109.891953140,-110.353554820,1.371286696,1.371286696
1786024495.230286121,42.450442717,0.000000000,NONE,0,0.050144210,-0.999999997,-71.500000000,-1.340335735,-1.035110002,-68.400247081,-1.219033237,0.035110005,-3.099752919,-0.121302498,-0.139279341,-2.996675381,-0.183425983,-0.140244294,-2.423997974,-0.001430083,0.000964953,-0.572677407,-0.181995900,-0.867186553,-450.000000000,-2.738541441,0.057787507,0.000000000,-9.509788633,115.094243796,-114.660650520,109.905756204,-110.339349480,1.369270720,1.369270720
1786024495.280193567,42.500350012,0.000000000,NONE,0,0.049912233,-0.999999997,-71.500000000,-1.340335735,-1.035095062,-68.521648500,-1.219045287,0.035095064,-2.978351500,-0.121290448,-0.137614569,-2.996762708,-0.183237802,-0.139496203,-2.423999944,-0.001327488,0.001881634,-0.572762764,-0.181910314,-0.787739164,-450.000000000,-2.732007242,0.057689317,-0.002148657,-9.486205729,115.068486223,-114.674616641,109.931513777,-110.325383359,1.366003621,1.366003621
1786024495.330142260,42.550298940,0.000000000,NONE,0,0.049975474,-0.999999997,-71.500000000,-1.340335735,-1.035048263,-68.643047439,-1.219057645,0.035048266,-2.856952561,-0.121278090,-0.135840861,-2.996863473,-0.182894577,-0.138496717,-2.424001809,-0.001067903,0.002655856,-0.572861665,-0.181826674,-0.720955289,-450.000000000,-2.726193517,0.057579792,-0.002101444,-9.483670958,115.051156562,-114.690678917,109.948843438,-110.309321083,1.363096759,1.363096759
1786024495.380274057,42.600430888,0.000000000,TARGET_UPDATED,0,0.050125115,-0.999999997,-72.500000000,-1.340335735,-1.034958535,-68.764443221,-1.219068739,0.034958538,-3.735556779,-0.121266996,-0.144284682,-2.996495606,-0.182438494,-0.137324407,-2.424002082,-0.000678845,-0.006960276,-0.572493523,-0.181759649,-1.618268542,-450.000000000,-2.721838272,0.057483735,-0.001789509,-9.484868524,115.275784266,-114.466649996,109.724215734,-110.533350004,1.360919136,1.360919136
1786024495.430411339,42.650568027,0.000000000,NONE,0,0.050173258,-0.999999997,-72.500000000,-1.340335735,-1.034874908,-68.885838768,-1.219077236,0.034874911,-3.614161232,-0.121258499,-0.143187832,-2.996578274,-0.181931426,-0.138471781,-2.424002584,-0.000217926,-0.004716051,-0.572575690,-0.181713500,-1.232119476,-450.000000000,-2.719025172,0.057403588,-0.001484874,-9.487263375,115.179845713,-114.563785975,109.820154287,-110.436214025,1.359512586,1.359512586
1786024495.480181932,42.700338701,0.000000000,NONE,0,0.049690990,-0.999999997,-72.500000000,-1.340335735,-1.034874441,-69.007238576,-1.219082181,0.034874443,-3.492761424,-0.121253554,-0.141991891,-2.996665036,-0.181431585,-0.139468072,-2.424002325,0.000259533,-0.002523819,-0.572662711,-0.181691118,-1.084990505,-450.000000000,-2.717927858,0.057336977,-0.001242232,-9.490059141,115.143762411,-114.601267159,109.856237589,-110.398732841,1.358963929,1.358963929
1786024495.530230045,42.750386607,0.000000000,NONE,0,0.050072278,-0.999999997,-72.500000000,-1.340335735,-1.034903421,-69.128639653,-1.219083017,0.034903424,-3.371360347,-0.121252718,-0.140723980,-2.996751391,-0.180991329,-0.139684284,-2.424002524,0.000705409,-0.001039697,-0.572748867,-0.181696737,-0.993346919,-450.000000000,-2.718883849,0.057280030,-0.001083157,-9.492830419,115.121544335,-114.624870875,109.878455665,-110.375129125,1.359441925,1.359441925
1786024495.580343485,42.800500066,0.000000000,NONE,0,0.050001897,-0.999999997,-72.500000000,-1.340335735,-1.034937829,-69.250040688,-1.219079648,0.034937832,-3.249959312,-0.121256087,-0.139384600,-2.996834299,-0.180659772,-0.139534735,-2.424002961,0.001069486,0.000150134,-0.572831338,-0.181729259,-0.909899899,-450.000000000,-2.721698501,0.057228471,-0.001009401,-9.495166349,115.101266562,-114.646316612,109.898733438,-110.353683388,1.360849250,1.360849250
1786024495.630252838,42.850409405,0.000000000,NONE,0,0.049993614,-0.999999997,-72.500000000,-1.340335735,-1.034962175,-69.371440826,-1.219072476,0.034962177,-3.128559174,-0.121263259,-0.137967622,-2.996911772,-0.180473041,-0.139098710,-2.424003508,0.001311650,0.001131088,-0.572908264,-0.181784691,-0.836440641,-450.000000000,-2.726037172,0.057178263,0.000000000,-9.506960820,115.085850365,-114.667630045,109.914149635,-110.332369955,1.363018586,1.363018586
1786024495.680354357,42.900510694,0.000000000,NONE,0,0.050089538,-0.999999997,-72.500000000,-1.340335735,-1.034963340,-69.492839311,-1.219062339,0.034963343,-3.007160689,-0.121273396,-0.136451098,-2.996983453,-0.180451004,-0.138404734,-2.424004461,0.001405744,0.001953637,-0.572978991,-0.181856748,-0.770386122,-450.000000000,-2.731410917,0.057120834,0.000000000,-9.508088824,115.069618737,-114.684425675,109.930381263,-110.315574325,1.365705459,1.365705459
1786024495.730489016,42.950645845,0.000000000,NONE,0,0.050178005,-0.999999997,-72.500000000,-1.340335735,-1.034930485,-69.614235517,-1.219050405,0.034930488,-2.885764483,-0.121285330,-0.134800664,-2.997050581,-0.180594554,-0.137463412,-2.424006953,0.001342682,0.002662748,-0.573043627,-0.181937236,-0.708705917,-450.000000000,-2.737210595,0.057044034,-0.001701217,-9.490657355,115.049840818,-114.695487860,109.950159182,-110.304512140,1.368605298,1.368605298
1786024495.780123949,43.000280420,0.000000000,NONE,0,0.049644394,-0.999999997,-72.500000000,-1.340335735,-1.034854103,-69.735628675,-1.219038066,0.034854105,-2.764371325,-0.121297669,-0.133041680,-2.997112835,-0.180884201,-0.136308763,-2.424006943,0.001131931,0.003267083,-0.573105892,-0.182016132,-0.651848443,-450.000000000,-2.742718463,0.056956034,-0.001719845,-9.489086126,115.035233642,-114.709309421,109.964766358,-110.290690579,1.371359232,1.371359232
1786024495.830225706,43.050382332,0.000000000,TARGET_UPDATED,0,0.050133631,-0.999999997,-73.500000000,-1.340335735,-1.034726215,-69.857018267,-1.219026731,0.034726217,-3.642981733,-0.121309004,-0.142031493,-2.996677295,-0.181281443,-0.135018600,-2.424005584,0.000800381,-0.007012893,-0.572671711,-0.182081824,-1.604013309,-450.000000000,-2.747038046,0.056874259,-0.001571425,-9.489730993,115.273436075,-114.471429421,109.726563925,-110.528570579,1.373519023,1.373519023
1786024495.880144358,43.100300144,0.000000000,NONE,0,0.049876662,-0.999999997,-73.500000000,-1.340335735,-1.034603582,-69.978407563,-1.219017674,0.034603585,-3.521592437,-0.121318061,-0.140942353,-2.996700678,-0.181757982,-0.136251845,-2.424004248,0.000378482,-0.004690509,-0.572696429,-0.182136464,-1.198470817,-450.000000000,-2.750647934,0.056800077,-0.001428029,-9.490896387,115.172341801,-114.573106393,109.827658199,-110.426893607,1.375323967,1.375323967
1786024495.930138826,43.150295492,0.000000000,NONE,0,0.050023439,-0.999999997,-73.500000000,-1.340335735,-1.034563710,-70.099800964,-1.219011933,0.034563713,-3.400199036,-0.121323802,-0.139722562,-2.996728340,-0.182251627,-0.137194989,-2.424001842,-0.000086890,-0.002527573,-0.572726499,-0.182164737,-1.055750293,-450.000000000,-2.752096789,0.056732180,-0.001316326,-9.492257490,115.137001946,-114.609126799,109.862998054,-110.390873201,1.376048394,1.376048394
1786024495.980159760,43.200316403,0.000000000,NONE,0,0.050017628,-0.999999997,-73.500000000,-1.340335735,-1.034552475,-70.196916457,-1.219010216,0.034552477,-3.303083543,-0.121325519,-0.138678143,-2.996754762,-0.182617086,-0.137343063,-2.424000193,-0.000450516,-0.001335080,-0.572754569,-0.182166569,-0.989760335,-450.000000000,-2.751696481,0.056681065,-0.001258854,-9.494413178,115.121043378,-114.626163211,109.878956622,-110.373836789,1.375848241,1.375848241
1786024496.030525684,43.250682294,0.000000000,NONE,0,0.049999498,-0.999999997,-73.500000000,-1.340335735,-1.034544576,-70.318310707,-1.219011840,0.034544578,-3.181689293,-0.121323895,-0.137291458,-2.996795511,-0.182993347,-0.137245206,-2.423998568,-0.000848481,-0.000046252,-0.572796943,-0.182144866,-0.892240819,-450.000000000,-2.749706562,0.056618906,-0.001242660,-9.495264179,115.096876250,-114.650755840,109.903123750,-110.349244160,1.374853281,1.374853281
1786024496.080178261,43.300334773,0.000000000,NONE,0,0.049999798,-0.999999997,-73.500000000,-1.340335735,-1.034530476,-70.439704118,-1.219017410,0.034530478,-3.060295882,-0.121318325,-0.135812180,-2.996847324,-0.183240213,-0.136836537,-2.423997468,-0.001141870,0.001024357,-0.572849856,-0.182098343,-0.813070873,-450.000000000,-2.745953562,0.056556240,-0.001263187,-9.495701264,115.077193034,-114.670657598,109.922806966,-110.329342402,1.372976781,1.372976781
1786024496.130181551,43.350337883,0.000000000,NONE,0,0.050006710,-0.999999997,-73.500000000,-1.340335735,-1.034494556,-70.561095826,-1.219026238,0.034494559,-2.938904174,-0.121309496,-0.134244816,-2.996911683,-0.183329433,-0.136139835,-2.423996925,-0.001296170,0.001895019,-0.572914758,-0.182033264,-0.744592972,-450.000000000,-2.741027028,0.056492006,-0.001299455,-9.495849806,115.060110695,-114.687814208,109.939889305,-110.312185792,1.370513514,1.370513514
1786024496.180333614,43.400490018,0.000000000,NONE,0,0.050065487,-0.999999997,-73.500000000,-1.340335735,-1.034424358,-70.682485141,-1.219037205,0.034424361,-2.817514859,-0.121298530,-0.132592905,-2.996989023,-0.183250967,-0.135209339,-2.423996907,-0.001292705,0.002616434,-0.572992116,-0.181958262,-0.683216378,-450.000000000,-2.735580277,0.056425766,-0.001341010,-9.495785017,115.044750349,-114.703142160,109.955249651,-110.296857840,1.367790139,1.367790139
1786024496.230213642,43.450370349,0.000000000,TARGET_UPDATED,0,0.050002981,-0.999999997,-74.500000000,-1.340335735,-1.034310151,-70.803871526,-1.219048995,0.034310154,-3.696128474,-0.121286740,-0.141175315,-2.996610421,-0.183013885,-0.134094065,-2.423997391,-0.001133305,-0.007081250,-0.572613030,-0.181880580,-1.585691513,-450.000000000,-2.730087012,0.056357515,-0.001380047,-9.495570649,115.270315540,-114.477469784,109.729684460,-110.522530216,1.365043506,1.365043506
1786024496.280107737,43.500264275,0.000000000,NONE,0,0.049865124,-0.999999997,-74.500000000,-1.340335735,-1.034219694,-70.925258850,-1.219060252,0.034219696,-3.574741150,-0.121275483,-0.140085421,-2.996681950,-0.182663034,-0.135667937,-2.423998956,-0.000849604,-0.004417484,-0.572682995,-0.181813430,-1.163990724,-450.000000000,-2.725593455,0.056287468,-0.001413657,-9.495244341,115.164808766,-114.582813404,109.835191234,-110.417186596,1.362796727,1.362796727
1786024496.330355883,43.550512519,0.000000000,NONE,0,0.050261874,-0.999999997,-74.500000000,-1.340335735,-1.034204150,-71.046649951,-1.219069723,0.034204152,-3.453350049,-0.121266012,-0.138857914,-2.996764545,-0.182230603,-0.136379337,-2.423999946,-0.000474087,-0.002478576,-0.572764599,-0.181756516,-1.046227632,-450.000000000,-2.721823800,0.056216045,-0.001436591,-9.494952208,115.135294960,-114.612181144,109.864705040,-110.387818856,1.360911900,1.360911900
1786024496.380182266,43.600338842,0.000000000,NONE,0,0.049780315,-0.999999997,-74.500000000,-1.340335735,-1.034209235,-71.143763510,-1.219075313,0.034209238,-3.356236490,-0.121260422,-0.137806028,-2.996835190,-0.181858578,-0.136482224,-2.424001027,-0.000132860,-0.001323803,-0.572834164,-0.181725719,-0.978470101,-450.000000000,-2.720181648,0.056158286,-0.001447420,-9.495814377,115.118571120,-114.629336069,109.881428880,-110.370663931,1.360090824,1.360090824
1786024496.430208445,43.650365263,0.000000000,NONE,0,0.050057484,-0.999999997,-74.500000000,-1.340335735,-1.034221784,-71.265155425,-1.219079169,0.034221787,-3.234844575,-0.121256566,-0.136411737,-2.996926043,-0.181406258,-0.136359622,-2.424002467,0.000300045,-0.000052115,-0.572923576,-0.181706303,-0.881723706,-450.000000000,-2.719053344,0.056085141,-0.001477817,-9.495273769,115.094249369,-114.653387516,109.905750631,-110.346612484,1.359526672,1.359526672
1786024496.480178833,43.700335680,0.000000000,NONE,0,0.049972322,-0.999999997,-74.500000000,-1.340335735,-1.034228196,-71.386546563,-1.219079202,0.034228198,-3.113453437,-0.121256533,-0.134933062,-2.997016607,-0.181015488,-0.135924521,-2.424003828,0.000698148,0.000991458,-0.573012779,-0.181713637,-0.804465689,-450.000000000,-2.720101326,0.056010406,-0.001503974,-9.494631370,115.074774265,-114.672541420,109.925225735,-110.327458580,1.360050663,1.360050663
1786024496.530429125,43.750585897,0.000000000,NONE,0,0.050023168,-0.999999997,-74.500000000,-1.340335735,-1.034213575,-71.507936078,-1.219075327,0.034213578,-2.992063922,-0.121260408,-0.133379502,-2.997103722,-0.180730142,-0.135220477,-2.424004934,0.001017021,0.001840975,-0.573098787,-0.181747163,-0.737464183,-450.000000000,-2.722971598,0.055934885,-0.001512124,-9.494104254,115.057892109,-114.689160018,109.942107891,-110.310839982,1.361485799,1.361485799
1786024496.580219984,43.800376450,0.000000000,NONE,0,0.050004247,-0.999999997,-74.500000000,-1.340335735,-1.034166200,-71.629323266,-1.219067995,0.034166202,-2.870676734,-0.121267740,-0.131758709,-2.997185010,-0.180581995,-0.134300861,-2.424005164,0.001219625,0.002542152,-0.573179846,-0.181801620,-0.677789975,-450.000000000,-2.727202441,0.055859880,0.000000000,-9.508811562,115.046650384,-114.707755397,109.953349616,-110.292244603,1.363601221,1.363601221
1786024496.630160093,43.850316870,0.000000000,NONE,0,0.049947635,-0.999999997,-74.500000000,-1.340335735,-1.034076612,-71.750707632,-1.219058059,0.034076614,-2.749292368,-0.121277676,-0.130045933,-2.997260431,-0.180586763,-0.133191398,-2.424006429,0.001284201,0.003145465,-0.573254002,-0.181870965,-0.622064859,-450.000000000,-2.732355886,0.055777024,-0.001827212,-9.489482834,115.027886923,-114.716854494,109.972113077,-110.283145506,1.366177943,1.366177943
1786024496.680381298,43.900537856,0.000000000,TARGET_UPDATED,0,0.050241964,-0.999999997,-75.500000000,-1.340335735,-1.033936952,-71.872088662,-1.219046662,0.033936955,-3.627911338,-0.121289073,-0.138899287,-2.996854717,-0.180744660,-0.131903892,-2.424007235,0.001205059,-0.006995395,-0.572847482,-0.181949720,-1.558198550,-450.000000000,-2.738047877,0.055683633,-0.001811356,-9.487765431,115.261490995,-114.482391720,109.738509005,-110.517608280,1.369023938,1.369023938
1786024496.730332851,43.950489529,0.000000000,NONE,0,0.049856655,-0.999999997,-75.500000000,-1.340335735,-1.033803231,-71.993469437,-1.219035097,0.033803233,-3.506530563,-0.121300638,-0.137812644,-2.996887893,-0.181043590,-0.133102525,-2.424006943,0.000982355,-0.004710118,-0.572880950,-0.182025945,-1.159177983,-450.000000000,-2.743345080,0.055598417,-0.001624068,-9.488364880,115.161885716,-114.582296724,109.838114284,-110.417703276,1.371672540,1.371672540
1786024496.780143023,44.000299718,0.000000000,NONE,0,0.049901325,-0.999999997,-75.500000000,-1.340335735,-1.033750563,-72.114854098,-1.219024747,0.033750565,-3.385145902,-0.121310988,-0.136613895,-2.996919356,-0.181446454,-0.133997924,-2.424004888,0.000642117,-0.002615971,-0.572914468,-0.182088571,-1.021772361,-450.000000000,-2.747454914,0.055522821,-0.001438973,-9.489709476,115.127870459,-114.616984279,109.872129541,-110.383015721,1.373727457,1.373727457
1786024496.830322027,44.050478590,0.000000000,NONE,0,0.050140618,-0.999999997,-75.500000000,-1.340335735,-1.033725797,-72.236239725,-1.219016845,0.033725800,-3.263760275,-0.121318890,-0.135337457,-2.996950418,-0.181901291,-0.134180946,-2.424002743,0.000230919,-0.001156511,-0.572947675,-0.182132210,-0.930532688,-450.000000000,-2.750125075,0.055455471,-0.001290762,-9.491364747,115.105474359,-114.640208015,109.894525641,-110.359791985,1.375062538,1.375062538
1786024496.880144596,44.100301281,0.000000000,NONE,0,0.049883552,-0.999999997,-75.500000000,-1.340335735,-1.033706986,-72.357625143,-1.219012273,0.033706989,-3.142374857,-0.121323462,-0.133987480,-2.996983975,-0.182354106,-0.134020376,-2.424000639,-0.000201441,0.000032896,-0.572983335,-0.182152665,-0.847086699,-450.000000000,-2.751096601,0.055394122,-0.001191080,-9.492980173,115.085016718,-114.661473368,109.914983282,-110.338526632,1.375548301,1.375548301
1786024496.930172920,44.150329549,0.000000000,NONE,0,0.049996940,-0.999999997,-75.500000000,-1.340335735,-1.033678859,-72.479009551,-1.219011529,0.033678861,-3.020990449,-0.121324206,-0.132561702,-2.997023235,-0.182751578,-0.133580187,-2.423998801,-0.000603944,0.001018485,-0.573024435,-0.182147634,-0.773926978,-450.000000000,-2.750233721,0.055336292,-0.001140304,-9.494394830,115.067080452,-114.680116963,109.932919548,-110.319883037,1.375116861,1.375116861
1786024496.980183363,44.200339901,0.000000000,NONE,0,0.050033691,-0.999999997,-75.500000000,-1.340335735,-1.033628364,-72.600392264,-1.219014664,0.033628366,-2.899607736,-0.121321070,-0.131056697,-2.997071090,-0.183047346,-0.132901202,-2.423997396,-0.000929288,0.001844504,-0.573073693,-0.182118058,-0.708596962,-450.000000000,-2.747672980,0.055279693,-0.001132989,-9.495471768,115.051017182,-114.696718702,109.948982818,-110.303281298,1.373836490,1.373836490
1786024497.030133724,44.250290290,0.000000000,NONE,0,0.049947252,-0.999999997,-75.500000000,-1.340335735,-1.033544628,-72.721772710,-1.219021287,0.033544631,-2.778227290,-0.121314447,-0.129468048,-2.997129767,-0.183207181,-0.132018133,-2.423996527,-0.001139723,0.002550085,-0.573133241,-0.182067458,-0.648837191,-450.000000000,-2.743708986,0.055222400,0.000000000,-9.507734601,115.039142948,-114.714724353,109.960857052,-110.285275647,1.371854493,1.371854493
1786024497.080365658,44.300522098,0.000000000,TARGET_UPDATED,0,0.050171138,-0.999999997,-76.500000000,-1.340335735,-1.033418482,-72.843150400,-1.219030611,0.033418484,-3.656849600,-0.121305124,-0.138077494,-2.996744557,-0.183208252,-0.130944340,-2.423996746,-0.001210862,-0.007133154,-0.572747811,-0.181997390,-1.547024047,-450.000000000,-2.738420754,0.055156119,-0.000152191,-9.506444707,115.263367188,-114.489855165,109.736632812,-110.510144835,1.369210377,1.369210377
1786024497.130308151,44.350464698,0.000000000,NONE,0,0.049902959,-0.999999997,-76.500000000,-1.340335735,-1.033308190,-72.964528548,-1.219041535,0.033308192,-3.535471452,-0.121294200,-0.136979018,-2.996802363,-0.183070984,-0.132307327,-2.423998956,-0.001142898,-0.004671691,-0.572803407,-0.181928086,-1.142710159,-450.000000000,-2.733577278,0.055070513,-0.001858332,-9.488031174,115.157685333,-114.586330254,109.842314667,-110.413669746,1.366788639,1.366788639
1786024497.180822372,44.400978701,0.000000000,NONE,0,0.050097775,-0.999999997,-76.500000000,-1.340335735,-1.033279313,-73.085910647,-1.219052837,0.033279315,-3.414089353,-0.121282898,-0.135712705,-2.996875414,-0.182801203,-0.133143620,-2.424000106,-0.000945460,-0.002569086,-0.572875309,-0.181855743,-1.007500249,-450.000000000,-2.728457967,0.054977291,-0.001789678,-9.486768463,115.123567178,-114.619817054,109.876432822,-110.380182946,1.364228984,1.364228984
1786024497.230102301,44.450258128,0.000000000,NONE,0,0.049780103,-0.999999997,-76.500000000,-1.340335735,-1.033277102,-73.207293653,-1.219063221,0.033277104,-3.292706347,-0.121272513,-0.134374050,-2.996957562,-0.182427492,-0.133266814,-2.424000431,-0.000635129,-0.001107235,-0.572957131,-0.181792363,-0.915173054,-450.000000000,-2.724192181,0.054894530,-0.001560208,-9.487907547,115.100770150,-114.643183623,109.899229850,-110.356816377,1.362096090,1.362096090
1786024497.280201435,44.500358088,0.000000000,NONE,0,0.050061286,-0.999999997,-76.500000000,-1.340335735,-1.033279978,-73.328676431,-1.219071493,0.033279980,-3.171323569,-0.121264242,-0.132977620,-2.997045460,-0.181993814,-0.133062361,-2.424000599,-0.000249175,0.000084741,-0.573044862,-0.181744640,-0.831398392,-450.000000000,-2.721171502,0.054822900,-0.001351256,-9.489755673,115.080288516,-114.664589320,109.919711484,-110.335410680,1.360585751,1.360585751
1786024497.330220699,44.550377411,0.000000000,NONE,0,0.050029189,-0.999999997,-76.500000000,-1.340335735,-1.033272117,-73.450058185,-1.219076689,0.033272120,-3.049941815,-0.121259046,-0.131524812,-2.997135979,-0.181550545,-0.132580149,-2.424000937,0.000168360,0.001055337,-0.573135042,-0.181718905,-0.759214526,-450.000000000,-2.719808980,0.054760144,-0.001196679,-9.491760191,115.062743679,-114.683136416,109.937256321,-110.316863584,1.359904490,1.359904490
1786024497.380160570,44.600317205,0.000000000,NONE,0,0.049947669,-0.999999997,-76.500000000,-1.340335735,-1.033240405,-73.571438263,-1.219078233,0.033240408,-2.928561737,-0.121257502,-0.130012688,-2.997226117,-0.181148865,-0.131871768,-2.424001491,0.000568420,0.001859079,-0.573224626,-0.181717285,-0.695386574,-450.000000000,-2.720177521,0.054703270,-0.001103920,-9.493602479,115.047247263,-114.699553976,109.952752737,-110.300446024,1.360088760,1.360088760
1786024497.430172682,44.650329247,0.000000000,NONE,0,0.049998188,-0.999999997,-76.500000000,-1.340335735,-1.033174329,-73.692816133,-1.219075998,0.033174332,-2.807183867,-0.121259737,-0.128435771,-2.997313280,-0.180834684,-0.130976116,-2.424002176,0.000904919,0.002540344,-0.573311104,-0.181739602,-0.637471132,-450.000000000,-2.722218511,0.054649308,-0.001068511,-9.495104350,115.033143870,-114.714408305,109.966856130,-110.285591695,1.361109255,1.361109255
1786024497.480275154,44.700431784,0.000000000,TARGET_UPDATED,0,0.050148672,-0.999999997,-77.500000000,-1.340335735,-1.033065070,-73.814191329,-1.219070283,0.033065073,-3.685808671,-0.121265452,-0.136797019,-2.996955252,-0.180645347,-0.129916471,-2.424002866,0.001139864,-0.006880548,-0.572952386,-0.181785211,-1.510174890,-450.000000000,-2.725874266,0.054595648,0.000000000,-9.506972425,115.254286829,-114.499199384,109.745713171,-110.500800616,1.362937133,1.362937133
1786024497.530278206,44.750434843,0.000000000,NONE,0,0.049934343,-0.999999997,-77.500000000,-1.340335735,-1.032981358,-73.935567627,-1.219061787,0.032981360,-3.564432373,-0.121273948,-0.135752804,-2.997005357,-0.180614641,-0.131506445,-2.424004646,0.001234146,-0.004246359,-0.573000711,-0.181848787,-1.098040556,-450.000000000,-2.730688310,0.054532510,-0.001138916,-9.495978356,115.148504728,-114.599484450,109.851495272,-110.400515550,1.365344155,1.365344155
1786024497.580187321,44.800344096,0.000000000,NONE,0,0.049965475,-0.999999997,-77.500000000,-1.340335735,-1.032967158,-74.032671253,-1.219053705,0.032967160,-3.467328747,-0.121282030,-0.134800200,-2.997043922,-0.180700392,-0.132020468,-2.424005295,0.001201493,-0.002779732,-0.573038626,-0.181901886,-1.021217853,-450.000000000,-2.734194697,0.054473476,-0.001490845,-9.493179873,115.128599432,-114.617990505,109.871400568,-110.382009495,1.367097348,1.367097348
1786024497.630171061,44.850327887,0.000000000,NONE,0,0.049968757,-0.999999997,-77.500000000,-1.340335735,-1.032972106,-74.154051600,-1.219042917,0.032972108,-3.345948400,-0.121292818,-0.133525475,-2.997087816,-0.180934941,-0.132245066,-2.424005396,0.001041521,-0.001280408,-0.573082420,-0.181976462,-0.914321117,-450.000000000,-2.739844807,0.054398978,-0.001477180,-9.492793188,115.101778576,-114.644618018,109.898221424,-110.355381982,1.369922403,1.369922403
1786024497.680242062,44.900398708,0.000000000,NONE,0,0.050069912,-0.999999997,-77.500000000,-1.340335735,-1.032987157,-74.275431980,-1.219032378,0.032987160,-3.224568020,-0.121303357,-0.132172340,-2.997127689,-0.181283536,-0.132120237,-2.424004593,0.000761655,-0.000052103,-0.573123096,-0.182045191,-0.828946644,-450.000000000,-2.744536067,0.054326414,-0.001432828,-9.492871881,115.080454631,-114.665981309,109.919545369,-110.334018691,1.372268033,1.372268033
1786024497.730211258,44.950368100,0.000000000,NONE,0,0.049969752,-0.999999997,-77.500000000,-1.340335735,-1.032994822,-74.396811427,-1.219023427,0.032994825,-3.103188573,-0.121312308,-0.130751005,-2.997165380,-0.181704104,-0.131683662,-2.424003295,0.000394101,0.000932657,-0.573162085,-0.182098205,-0.756835296,-450.000000000,-2.747935260,0.054256142,-0.001387756,-9.493123145,115.062489610,-114.684071962,109.937510390,-110.315928038,1.373967630,1.373967630
1786024497.780833006,45.000989220,0.000000000,NONE,0,0.049959752,-0.999999997,-77.500000000,-1.340335735,-1.032981715,-74.518189213,-1.219017123,0.032981718,-2.981810787,-0.121318612,-0.129266099,-2.997203487,-0.182146903,-0.131009028,-2.424001752,-0.000015751,0.001742929,-0.573201735,-0.182131152,-0.693245368,-450.000000000,-2.749840120,0.054187941,-0.001349341,-9.493465616,115.046677746,-114.700055062,109.953322254,-110.299944938,1.374920060,1.374920060
1786024497.830323696,45.050480378,0.000000000,NONE,0,0.050123715,-0.999999997,-77.500000000,-1.340335735,-1.032937096,-74.639564771,-1.219014186,0.032937099,-2.860435229,-0.121321549,-0.127718695,-2.997244955,-0.182560082,-0.130139340,-2.424000178,-0.000419465,0.002420645,-0.573244776,-0.182140617,-0.636249343,-450.000000000,-2.750032000,0.054121390,-0.001320549,-9.493854997,115.032526085,-114.714401413,109.967473915,-110.285598587,1.375016000,1.375016000
1786024497.880444765,45.100601429,0.000000000,TARGET_UPDATED,0,0.050172103,-0.999999997,-78.500000000,-1.340335735,-1.032851871,-74.760937628,-1.219014938,0.032851874,-3.739062372,-0.121320796,-0.135720160,-2.996872637,-0.182897765,-0.129102310,-2.423998760,-0.000769704,-0.006617851,-0.572873877,-0.182128061,-1.472951458,-450.000000000,-2.748714012,0.054055964,-0.001302955,-9.494221093,115.241793138,-114.505317409,109.758206862,-110.494682591,1.374357006,1.374357006
1786024497.930197954,45.150354704,0.000000000,NONE,0,0.049747191,-0.999999997,-78.500000000,-1.340335735,-1.032777474,-74.882310618,-1.219019270,0.032777476,-3.617689382,-0.121316465,-0.134726226,-2.996903018,-0.183128201,-0.130318856,-2.423998255,-0.001035636,-0.004407369,-0.572904763,-0.182092565,-1.103024886,-450.000000000,-2.745766035,0.053991084,-0.001297035,-9.494461659,115.149371636,-114.597859193,109.850628364,-110.402140807,1.372883018,1.372883018
1786024497.980348587,45.200505342,0.000000000,NONE,0,0.050060566,-0.999999997,-78.500000000,-1.340335735,-1.032777783,-75.003687176,-1.219026669,0.032777786,-3.496312824,-0.121309066,-0.133604715,-2.996946761,-0.183222935,-0.131145683,-2.423997342,-0.001185395,-0.002459032,-0.572949419,-0.182037539,-0.977344909,-450.000000000,-2.741528579,0.053926259,-0.001298019,-9.494665019,115.118002482,-114.629330027,109.881997518,-110.370669973,1.370764289,1.370764289
1786024498.030205727,45.250362318,0.000000000,NONE,0,0.049933210,-0.999999997,-78.500000000,-1.340335735,-1.032803206,-75.125064642,-1.219036277,0.032803208,-3.374935358,-0.121299458,-0.132390154,-2.997003183,-0.183167340,-0.131298373,-2.423997086,-0.001196877,-0.001091781,-0.573006097,-0.181970463,-0.891463488,-450.000000000,-2.736589072,0.053861231,-0.001043193,-9.497389964,115.097213363,-114.651481619,109.902786637,-110.348518381,1.368294536,1.368294536
1786024498.080222130,45.300378959,0.000000000,NONE,0,0.050019561,-0.999999997,-78.500000000,-1.340335735,-1.032833801,-75.246441958,-1.219046991,0.032833804,-3.253558042,-0.121288743,-0.131086979,-2.997071734,-0.182966898,-0.131119457,-2.423997420,-0.001068357,0.000032477,-0.573074313,-0.181898541,-0.812532834,-450.000000000,-2.731460034,0.053794318,-0.001373316,-9.494117258,115.076662523,-114.670396106,109.923337477,-110.329603894,1.365730017,1.365730017
1786024498.130522251,45.350678848,0.000000000,NONE,0,0.050295663,-0.999999997,-78.500000000,-1.340335735,-1.032855234,-75.367818360,-1.219057569,0.032855237,-3.132181640,-0.121278166,-0.129698538,-2.997150886,-0.182643751,-0.130661628,-2.423998222,-0.000813125,0.000963090,-0.573152664,-0.181830626,-0.743372348,-450.000000000,-2.726793461,0.053724932,-0.001383940,-9.493864372,115.059309180,-114.687623006,109.940690820,-110.312376994,1.363396730,1.363396730
1786024498.180336714,45.400493028,0.000000000,NONE,0,0.049715142,-0.999999997,-78.500000000,-1.340335735,-1.032854994,-75.489193184,-1.219066759,0.032854996,-3.010806816,-0.121268976,-0.128238043,-2.997237786,-0.182234818,-0.129972362,-2.423999138,-0.000459624,0.001734319,-0.573238648,-0.181775194,-0.682074507,-450.000000000,-2.723148592,0.053656294,-0.001364607,-9.493901723,115.043994058,-114.702956804,109.956005942,-110.297043196,1.361574296,1.361574296
1786024498.230151176,45.450307687,0.000000000,NONE,0,0.049907536,-0.999999997,-78.500000000,-1.340335735,-1.032822873,-75.610565899,-1.219073496,0.032822876,-2.889434101,-0.121262239,-0.126707789,-2.997329449,-0.181786972,-0.129096468,-2.424000174,-0.000048843,0.002388678,-0.573329275,-0.181738129,-0.626543884,-450.000000000,-2.720926333,0.053588685,-0.001344125,-9.494046750,115.030147659,-114.716875717,109.969852341,-110.283124283,1.360463166,1.360463166
1786024498.280128956,45.500285686,0.000000000,NONE,0,0.050003999,-0.999999997,-78.500000000,-1.340335735,-1.032749810,-75.731936038,-1.219076977,0.032749812,-2.768063962,-0.121258758,-0.125107700,-2.997422743,-0.181351204,-0.128051612,-2.424001258,0.000373181,0.002943912,-0.573421484,-0.181724386,-0.575942585,-450.000000000,-2.720432151,0.053521983,-0.001327553,-9.494228974,115.017542890,-114.729571597,109.982457110,-110.270428403,1.360216076,1.360216076
1786024498.330461264,45.550617787,0.000000000,TARGET_UPDATED,0,0.050338650,-0.999999997,-79.500000000,-1.340335735,-1.032628590,-75.853303229,-1.219076836,0.032628593,-3.646696771,-0.121258899,-0.133566351,-2.997080660,-0.180972144,-0.126874254,-2.424002286,0.000757276,-0.006692097,-0.573078375,-0.181729420,-1.461177523,-450.000000000,-2.721159379,0.053455933,-0.001316663,-9.494435643,115.238903292,-114.508314530,109.761096708,-110.491685470,1.360579689,1.360579689
1786024498.380143404,45.600299870,0.000000000,NONE,0,0.049679389,-0.999999997,-79.500000000,-1.340335735,-1.032538803,-75.950397127,-1.219074139,0.032538806,-3.549602873,-0.121261596,-0.132757476,-2.997129929,-0.180755309,-0.127965420,-2.424003643,0.001000940,-0.004792056,-0.573126286,-0.181756249,-1.107347756,-450.000000000,-2.723477503,0.053403329,-0.001183032,-9.496869732,115.151054372,-114.597380494,109.848945628,-110.402619506,1.361738752,1.361738752
1786024498.430302143,45.650458984,0.000000000,NONE,0,0.050094925,-0.999999997,-79.500000000,-1.340335735,-1.032499927,-76.071768071,-1.219067858,0.032499930,-3.428231929,-0.121267877,-0.131613216,-2.997189848,-0.180608000,-0.128989813,-2.424004204,0.001199004,-0.002623403,-0.573185643,-0.181807003,-0.957818526,-450.000000000,-2.727503402,0.053336488,0.000000000,-9.508696583,115.116628777,-114.637719514,109.883371223,-110.362280486,1.363751701,1.363751701
1786024498.480144739,45.700301251,0.000000000,NONE,0,0.049911567,-0.999999997,-79.500000000,-1.340335735,-1.032492974,-76.193140371,-1.219059012,0.032492976,-3.306859629,-0.121276722,-0.130336987,-2.997246377,-0.180608765,-0.129214127,-2.424006199,0.001262101,-0.001122860,-0.573240178,-0.181870866,-0.865092841,-450.000000000,-2.732240144,0.053261394,-0.001665079,-9.491354924,115.089111941,-114.656565521,109.910888059,-110.343434479,1.366120072,1.366120072
1786024498.530136347,45.750292884,0.000000000,NONE,0,0.049985838,-0.999999997,-79.500000000,-1.340335735,-1.032492694,-76.338786878,-1.219046496,0.032492696,-3.161213122,-0.121289239,-0.128642962,-2.997308979,-0.180803206,-0.128950242,-2.424006390,0.001152961,0.000307280,-0.573302589,-0.181956167,-0.759801179,-450.000000000,-2.738638186,0.053156780,-0.001705573,-9.487895110,115.061924072,-114.682023483,109.938075928,-110.317976517,1.369319093,1.369319093
1786024498.580216169,45.800372604,0.000000000,NONE,0,0.050072204,-0.999999997,-79.500000000,-1.340335735,-1.032483711,-76.435883621,-1.219038071,0.032483714,-3.064116379,-0.121297664,-0.127464270,-2.997346170,-0.181034041,-0.128476545,-2.424005617,0.000970121,0.001012275,-0.573340553,-0.182004162,-0.717606962,-450.000000000,-2.741249827,0.053092086,-0.001558843,-9.489503755,115.051777679,-114.692974198,109.948222321,-110.307025802,1.370624913,1.370624913
1786024498.630122423,45.850279248,0.000000000,NONE,0,0.049897017,-0.999999997,-79.500000000,-1.340335735,-1.032450755,-76.557252887,-1.219028547,0.032450758,-2.942747113,-0.121307188,-0.125948151,-2.997388562,-0.181407267,-0.127772223,-2.424004034,0.000655979,0.001824073,-0.573384528,-0.182063246,-0.648335530,-450.000000000,-2.745611357,0.053019279,-0.001396743,-9.490591186,115.034731679,-114.710563914,109.965268321,-110.289436086,1.372805678,1.372805678
1786024498.680444002,45.900600469,0.000000000,NONE,0,0.050152453,-0.999999997,-79.500000000,-1.340335735,-1.032386658,-76.678619965,-1.219020879,0.032386661,-2.821380035,-0.121314856,-0.124378768,-2.997428948,-0.181833814,-0.126905003,-2.424002174,0.000274710,0.002526235,-0.573426774,-0.182108524,-0.589670277,-450.000000000,-2.748499465,0.052953356,-0.001272328,-9.491873008,115.020385821,-114.725550683,109.979614179,-110.274449317,1.374249732,1.374249732
1786024498.730355978,45.950512555,0.000000000,TARGET_UPDATED,0,0.050087488,-0.999999997,-80.500000000,-1.340335735,-1.032281411,-76.799984365,-1.219016051,0.032281414,-3.700015635,-0.121319684,-0.132437858,-2.997057913,-0.182265266,-0.125863092,-2.424000312,-0.000133189,-0.006574766,-0.573057601,-0.182132077,-1.430331604,-450.000000000,-2.749715626,0.052892483,-0.001186951,-9.493155420,115.230871756,-114.515705954,109.769128244,-110.484294046,1.374857813,1.374857813
1786024498.780385494,46.000541935,0.000000000,NONE,0,0.049913603,-0.999999997,-80.500000000,-1.340335735,-1.032178673,-76.921348463,-1.219014641,0.032178676,-3.578651537,-0.121321093,-0.131452228,-2.997077277,-0.182662059,-0.126908391,-2.423999249,-0.000527718,-0.004543837,-0.573078028,-0.182134341,-1.073790438,-450.000000000,-2.749449200,0.052834709,-0.001140756,-9.494269780,115.142015054,-114.605119835,109.857984946,-110.394880165,1.374724600,1.374724600
1786024498.830301285,46.050457741,0.000000000,NONE,0,0.049958159,-0.999999997,-80.500000000,-1.340335735,-1.032151013,-77.042716094,-1.219016819,0.032151016,-3.457283906,-0.121318916,-0.130343014,-2.997106324,-0.182976807,-0.127812879,-2.423997709,-0.000865843,-0.002530135,-0.573108614,-0.182110964,-0.939560003,-450.000000000,-2.747299541,0.052778092,-0.001130623,-9.495115158,115.108668790,-114.638888789,109.891331210,-110.361111211,1.373649770,1.373649770
1786024498.880180597,46.100336904,0.000000000,NONE,0,0.049928246,-0.999999997,-80.500000000,-1.340335735,-1.032150533,-77.164084748,-1.219022341,0.032150535,-3.335915252,-0.121313394,-0.129141837,-2.997146001,-0.183170279,-0.128011690,-2.423996819,-0.001103564,-0.001130147,-0.573149181,-0.182066715,-0.852987827,-450.000000000,-2.743783835,0.052721123,-0.001147478,-9.495653608,115.087160359,-114.660666445,109.912839641,-110.339333555,1.371891918,1.371891918
1786024498.930201054,46.150357793,0.000000000,NONE,0,0.050029227,-0.999999997,-80.500000000,-1.340335735,-1.032155454,-77.285453292,-1.219030530,0.032155456,-3.214546708,-0.121305205,-0.127858952,-2.997197184,-0.183220556,-0.127854091,-2.423996429,-0.001213104,-0.000004861,-0.573200755,-0.182007452,-0.775290083,-450.000000000,-2.739337022,0.052662746,0.000000000,-9.507727585,115.070754417,-114.683109376,109.929245583,-110.316890624,1.369668511,1.369668511
1786024498.980171204,46.200328017,0.000000000,NONE,0,0.049979950,-0.999999997,-80.500000000,-1.340335735,-1.032151339,-77.406820972,-1.219040416,0.032151342,-3.093179028,-0.121295318,-0.126477727,-2.997260915,-0.183121920,-0.127408395,-2.423997043,-0.001182328,0.000930668,-0.573263873,-0.181939592,-0.706151238,-450.000000000,-2.734413742,0.052595270,0.000000000,-9.507586895,115.053434533,-114.700358914,109.946565467,-110.299641086,1.367206871,1.367206871
1786024499.030170918,46.250327486,0.000000000,NONE,0,0.050003382,-0.999999997,-80.500000000,-1.340335735,-1.032125772,-77.528187099,-1.219050832,0.032125775,-2.971812901,-0.121284903,-0.124970977,-2.997337631,-0.182885061,-0.126682901,-2.423998946,-0.001013690,0.001711924,-0.573338684,-0.181871371,-0.644253318,-450.000000000,-2.729631628,0.052507897,-0.001906169,-9.486786559,115.032759969,-114.710633310,109.967240031,-110.289366690,1.364815814,1.364815814
1786024499.080120325,46.300277018,0.000000000,NONE,0,0.049968681,-0.999999997,-80.500000000,-1.340335735,-1.032068339,-77.649551050,-1.219060548,0.032068341,-2.850448950,-0.121275187,-0.123383239,-2.997423772,-0.182536475,-0.125742594,-2.424000416,-0.000725873,0.002359355,-0.573423357,-0.181810602,-0.589205086,-450.000000000,-2.725526010,0.052414412,-0.001776677,-9.485840790,115.018761469,-114.724158926,109.981238531,-110.275841074,1.362763005,1.362763005
1786024499.130202770,46.350359623,0.000000000,TARGET_UPDATED,0,0.050110546,-0.999999997,-81.500000000,-1.340335735,-1.031970621,-77.770912366,-1.219068453,0.031970624,-3.729087634,-0.121267282,-0.131184100,-2.997117137,-0.182119583,-0.124675250,-2.424000709,-0.000352827,-0.006508850,-0.573116428,-0.181766756,-1.406123201,-450.000000000,-2.722797946,0.052333330,-0.001515593,-9.487209996,115.223333299,-114.520271699,109.776666701,-110.479728301,1.361398973,1.361398973
1786024499.180231094,46.400387675,0.000000000,NONE,0,0.050020913,-0.999999997,-81.500000000,-1.340335735,-1.031896614,-77.892274490,-1.219073630,0.031896617,-3.607725510,-0.121262105,-0.130197005,-2.997185771,-0.181690169,-0.126130716,-2.424001376,0.000051383,-0.004066289,-0.573184395,-0.181741552,-1.021559585,-450.000000000,-2.721404730,0.052264502,-0.001287614,-9.489212217,115.127692950,-114.616913158,109.872307050,-110.383086842,1.360702365,1.360702365
1786024499.230206966,46.450363502,0.000000000,NONE,0,0.049908343,-0.999999997,-81.500000000,-1.340335735,-1.031889904,-78.013639728,-1.219075551,0.031889906,-3.486360272,-0.121260184,-0.129120174,-2.997256284,-0.181292089,-0.126770838,-2.424001342,0.000443718,-0.002349336,-0.573254942,-0.181735806,-0.919708731,-450.000000000,-2.721391308,0.052205409,-0.001116909,-9.491402798,115.102777882,-114.642923517,109.897222118,-110.357076483,1.360695654,1.360695654
1786024499.280057669,46.500214258,0.000000000,NONE,0,0.049892599,-0.999999997,-81.500000000,-1.340335735,-1.031902928,-78.135005662,-1.219074041,0.031902931,-3.364994338,-0.121261694,-0.127977755,-2.997324939,-0.180969053,-0.126886687,-2.424001673,0.000783656,-0.001091068,-0.573323266,-0.181752709,-0.839411059,-450.000000000,-2.723028447,0.052152744,-0.001015142,-9.493411312,115.083205593,-114.663500063,109.916794407,-110.336499937,1.361514223,1.361514223
1786024499.330118656,46.550275356,0.000000000,NONE,0,0.050078180,-0.999999997,-81.500000000,-1.340335735,-1.031919473,-78.256371482,-1.219069298,0.031919476,-3.243628518,-0.121266437,-0.126766537,-2.997389666,-0.180756522,-0.126724023,-2.424002074,0.001033205,-0.000042513,-0.573387592,-0.181789726,-0.766060810,-450.000000000,-2.726020013,0.052103332,-0.000974681,-9.495081466,115.065285569,-114.682255164,109.934714431,-110.317744836,1.363010007,1.363010007
1786024499.380187988,46.600344428,0.000000000,NONE,0,0.050020702,-0.999999997,-81.500000000,-1.340335735,-1.031926005,-78.353463582,-1.219063570,0.031926007,-3.146536418,-0.121272165,-0.125745117,-2.997437730,-0.180681565,-0.126394226,-2.424002372,0.001148079,0.000649109,-0.573435359,-0.181829644,-0.719355017,-450.000000000,-2.728873130,0.052064160,-0.000294902,-9.503954081,115.055827274,-114.696149766,109.944172726,-110.303850234,1.364436565,1.364436565
1786024499.430038691,46.650195307,0.000000000,NONE,0,0.049899820,-0.999999997,-81.500000000,-1.340335735,-1.031917178,-78.474827554,-1.219054611,0.031917180,-3.025172446,-0.121281124,-0.124386417,-2.997493216,-0.180715082,-0.125836700,-2.424002949,0.001179190,0.001450282,-0.573490267,-0.181894272,-0.652807009,-450.000000000,-2.733894191,0.052009882,-0.001196038,-9.495791009,115.037149504,-114.710746000,109.962850496,-110.289254000,1.366947095,1.366947095
1786024499.480099916,46.700256470,0.000000000,NONE,0,0.050051615,-0.999999997,-81.500000000,-1.340335735,-1.031881629,-78.596189789,-1.219044500,0.031881631,-2.903810211,-0.121291235,-0.122923709,-2.997544300,-0.180883799,-0.125064529,-2.424003520,0.001079768,0.002140819,-0.573540780,-0.181963567,-0.596323716,-450.000000000,-2.738834189,0.051945406,-0.001310349,-9.494689741,115.022753364,-114.724591506,109.977246636,-110.275408494,1.369417095,1.369417095
1786024499.530165911,46.750322570,0.000000000,NONE,0,0.050033811,-0.999999997,-81.500000000,-1.340335735,-1.031809877,-78.717549729,-1.219034465,0.031809880,-2.782450271,-0.121301270,-0.121382639,-2.997590949,-0.181166373,-0.124112991,-2.424003225,0.000861826,0.002730351,-0.573587724,-0.182028199,-0.544937000,-450.000000000,-2.743265725,0.051879124,-0.001329608,-9.494386004,115.009830751,-114.737362251,109.990169249,-110.262637749,1.371632863,1.371632863
1786024499.580175877,46.800332613,0.000000000,TARGET_UPDATED,0,0.050056470,-0.999999997,-82.500000000,-1.340335735,-1.031694206,-78.838906939,-1.219025685,0.031694209,-3.661093061,-0.121310050,-0.129516044,-2.997229722,-0.181523771,-0.123015790,-2.424002356,0.000552744,-0.006500254,-0.573227365,-0.182076514,-1.392470667,-450.000000000,-2.746321183,0.051812474,-0.001333256,-9.494204601,115.221668817,-114.525433484,109.778331183,-110.474566516,1.373160592,1.373160592
1786024499.630056858,46.850213567,0.000000000,NONE,0,0.049863868,-0.999999997,-82.500000000,-1.340335735,-1.031581991,-78.960263884,-1.219019182,0.031581994,-3.539736116,-0.121316553,-0.128530942,-2.997247906,-0.181933030,-0.124078891,-2.424001785,0.000182123,-0.004452050,-0.573246121,-0.182115152,-1.032083188,-450.000000000,-2.748835521,0.051745834,-0.001331737,-9.494049139,115.131533082,-114.615491488,109.868466918,-110.384508512,1.374417761,1.374417761
1786024499.680090427,46.900246901,0.000000000,NONE,0,0.050056871,-0.999999997,-82.500000000,-1.340335735,-1.031545534,-79.081624270,-1.219015714,0.031545537,-3.418375730,-0.121320021,-0.127408989,-2.997271444,-0.182339162,-0.124962368,-2.424000275,-0.000208915,-0.002446621,-0.573271169,-0.182130247,-0.899133160,-450.000000000,-2.749418825,0.051679418,-0.001325067,-9.493976338,115.098277375,-114.648710794,109.901722625,-110.351289206,1.374709412,1.374709412
1786024499.730057478,46.950214024,0.000000000,NONE,0,0.049948222,-0.999999997,-82.500000000,-1.340335735,-1.031535307,-79.202985535,-1.219015720,0.031535310,-3.297014465,-0.121320015,-0.126188046,-2.997301647,-0.182691385,-0.125118457,-2.423999021,-0.000570529,-0.001069589,-0.573302626,-0.182120856,-0.814261186,-450.000000000,-2.748271911,0.051613451,-0.001314510,-9.493960543,115.077055432,-114.669924839,109.922944568,-110.330075161,1.374135956,1.374135956
1786024499.780187130,47.000343609,0.000000000,NONE,0,0.049998793,-0.999999997,-82.500000000,-1.340335735,-1.031529406,-79.324346559,-1.219019164,0.031529409,-3.175653441,-0.121316571,-0.124882017,-2.997340297,-0.182949375,-0.124924250,-2.423997975,-0.000859524,0.000042233,-0.573342322,-0.182089851,-0.737240586,-450.000000000,-2.745669468,0.051548055,-0.001302181,-9.494006849,115.057811859,-114.689191566,109.942188141,-110.310808434,1.372834734,1.372834734
1786024499.830103397,47.050260002,0.000000000,NONE,0,0.050055014,-0.999999997,-82.500000000,-1.340335735,-1.031513658,-79.445706628,-1.219025599,0.031513660,-3.054293372,-0.121310136,-0.123498147,-2.997388838,-0.183083849,-0.124466157,-2.423997223,-0.001042830,0.000968010,-0.573391615,-0.182041019,-0.669014373,-450.000000000,-2.741895739,0.051483274,-0.001289781,-9.494102316,115.040779172,-114.706271986,109.959220828,-110.293728014,1.370947870,1.370947870
1786024499.880110264,47.100267021,0.000000000,NONE,0,0.049987419,-0.999999997,-82.500000000,-1.340335735,-1.031476029,-79.567065144,-1.219034249,0.031476032,-2.932934856,-0.121301486,-0.122041908,-2.997447947,-0.183079743,-0.123784989,-2.423996838,-0.001099826,0.001743080,-0.573451109,-0.181979917,-0.608399082,-450.000000000,-2.737371869,0.051419074,-0.001278671,-9.494218069,115.025654288,-114.721454747,109.974345712,-110.278545253,1.368685934,1.368685934
1786024499.930147648,47.150304323,0.000000000,NONE,0,0.050055216,-0.999999997,-82.500000000,-1.340335735,-1.031406421,-79.688421611,-1.219044094,0.031406424,-2.811578389,-0.121291641,-0.120516798,-2.997517414,-0.182937949,-0.122916891,-2.423996861,-0.001024413,0.002400093,-0.573520553,-0.181913536,-0.553650643,-450.000000000,-2.732621373,0.051355371,-0.001269917,-9.494350539,115.012000296,-114.735174974,109.987999704,-110.264825026,1.366310686,1.366310686
1786024499.980170012,47.200326521,0.000000000,TARGET_UPDATED,0,0.049996350,-0.999999997,-83.500000000,-1.340335735,-1.031296334,-79.809775617,-1.219053990,0.031296336,-3.690224383,-0.121281745,-0.128372698,-2.997206291,-0.182676596,-0.121890592,-2.423997285,-0.000826001,-0.006482106,-0.573209006,-0.181850595,-1.370801131,-450.000000000,-2.728282692,0.051292040,-0.001263946,-9.494472634,115.216318441,-114.530917876,109.783681559,-110.469082124,1.364141346,1.364141346
1786024500.030155182,47.250311875,0.000000000,NONE,0,0.049940103,-0.999999997,-83.500000000,-1.340335735,-1.031201485,-79.931130073,-1.219062795,0.031201488,-3.568869927,-0.121272940,-0.127383603,-2.997268276,-0.182338517,-0.123184903,-2.423998633,-0.000538629,-0.004198699,-0.573269642,-0.181799888,-0.998454064,-450.000000000,-2.724976827,0.051228893,-0.001262313,-9.494553919,115.123251996,-114.624024964,109.876748004,-110.375975036,1.362488414,1.362488414
1786024500.080117702,47.300274531,0.000000000,NONE,0,0.050024981,-0.999999997,-83.500000000,-1.340335735,-1.031176730,-80.052487767,-1.219069529,0.031176732,-3.447512233,-0.121266206,-0.126273382,-2.997337805,-0.181957347,-0.123903665,-2.423999415,-0.000195549,-0.002369717,-0.573338390,-0.181761798,-0.884501723,-450.000000000,-2.722564430,0.051165763,-0.001262703,-9.494618810,115.094780133,-114.652529272,109.905219867,-110.347470728,1.361282215,1.361282215
1786024500.130141735,47.350298361,0.000000000,NONE,0,0.050005919,-0.999999997,-83.500000000,-1.340335735,-1.031173957,-80.173846248,-1.219073456,0.031173959,-3.326153752,-0.121262279,-0.125078988,-2.997410682,-0.181575508,-0.124019924,-2.424000510,0.000167751,-0.001059065,-0.573410172,-0.181743259,-0.801918983,-450.000000000,-2.721657435,0.051102579,-0.001264756,-9.494654391,115.074143343,-114.673183852,109.925856657,-110.326816148,1.360828718,1.360828718
1786024500.180119753,47.400276441,0.000000000,NONE,0,0.049985529,-0.999999997,-83.500000000,-1.340335735,-1.031174929,-80.295204583,-1.219074143,0.031174932,-3.204795417,-0.121261592,-0.123810700,-2.997483774,-0.181236793,-0.123825209,-2.424001579,0.000509267,0.000014508,-0.573482195,-0.181746060,-0.727178000,-450.000000000,-2.722280213,0.051039256,-0.001268203,-9.494656513,115.055458628,-114.691869628,109.944541372,-110.308130372,1.361140107,1.361140107
1786024500.230102301,47.450258858,0.000000000,NONE,0,0.050015334,-0.999999997,-83.500000000,-1.340335735,-1.031166028,-80.416562074,-1.219071539,0.031166030,-3.083437926,-0.121264196,-0.122474712,-2.997554449,-0.180979371,-0.123373180,-2.424002494,0.000790400,0.000898468,-0.573551955,-0.181769771,-0.662225546,-450.000000000,-2.724358066,0.050975732,-0.000636041,-9.500995364,115.040805227,-114.709692455,109.959194773,-110.290307545,1.362179033,1.362179033
1786024500.280057430,47.500213896,0.000000000,NONE,0,0.049934492,-0.999999997,-83.500000000,-1.340335735,-1.031135730,-80.537918122,-1.219065967,0.031135732,-2.962081878,-0.121269768,-0.121062410,-2.997621221,-0.180832002,-0.122699288,-2.424003464,0.000979697,0.001636878,-0.573617756,-0.181811698,-0.604358482,-450.000000000,-2.727658532,0.050907795,0.000000000,-9.507004902,115.027840846,-114.725661605,109.972159154,-110.274338395,1.363829266,1.363829266
1786024500.330116034,47.550272625,0.000000000,NONE,0,0.050062105,-0.999999997,-83.500000000,-1.340335735,-1.031074492,-80.659272200,-1.219058089,0.031074494,-2.840727800,-0.121277646,-0.119547294,-2.997684042,-0.180810490,-0.121816236,-2.424004824,0.001056552,0.002268941,-0.573679218,-0.181867042,-0.551149212,-450.000000000,-2.731798449,0.050826009,-0.001787160,-9.487679369,115.009707145,-114.734132539,109.990292855,-110.265867461,1.365899224,1.365899224
1786024500.380654812,47.600811484,0.000000000,TARGET_UPDATED,0,0.050526157,-0.999999997,-84.500000000,-1.340335735,-1.030974215,-80.780623815,-1.219048822,0.030974217,-3.719376185,-0.121286913,-0.127130827,-2.997366315,-0.180918729,-0.120759892,-2.424005411,0.001014017,-0.006370935,-0.573360904,-0.181932746,-1.342566348,-450.000000000,-2.736592614,0.050737873,-0.001680864,-9.486818602,115.207346237,-114.536063063,109.792653763,-110.463936937,1.368296307,1.368296307
1786024500.430105925,47.650262405,0.000000000,NONE,0,0.049479159,-0.999999997,-84.500000000,-1.340335735,-1.030894301,-80.901975965,-1.219039269,0.030894303,-3.598024035,-0.121296466,-0.126147337,-2.997394824,-0.181149089,-0.122090942,-2.424004988,0.000846557,-0.004056394,-0.573389836,-0.181995646,-0.974135137,-450.000000000,-2.740966466,0.050660490,-0.001455218,-9.487897697,115.115508209,-114.628440640,109.884491791,-110.371559360,1.370483233,1.370483233
1786024500.480092049,47.700248777,0.000000000,NONE,0,0.049988034,-0.999999997,-84.500000000,-1.340335735,-1.030880078,-81.023330920,-1.219030563,0.030880081,-3.476669080,-0.121305172,-0.125080625,-2.997420915,-0.181469890,-0.122706391,-2.424003120,0.000579224,-0.002374235,-0.573417795,-0.182049114,-0.873607565,-450.000000000,-2.744507590,0.050593825,-0.001254491,-9.489629982,115.090809387,-114.654005604,109.909190613,-110.345994396,1.372253795,1.372253795
1786024500.530124187,47.750281000,0.000000000,NONE,0,0.050008169,-0.999999997,-84.500000000,-1.340335735,-1.030886557,-81.144686448,-1.219023710,0.030886559,-3.355313552,-0.121312025,-0.123956086,-2.997445720,-0.181841721,-0.122830198,-2.424001254,0.000247440,-0.001125888,-0.573444466,-0.182089161,-0.794063670,-450.000000000,-2.747042113,0.050535763,-0.001103960,-9.491544710,115.071402095,-114.674370260,109.928597905,-110.325629740,1.373521056,1.373521056
1786024500.580130816,47.800287485,0.000000000,NONE,0,0.049983795,-0.999999997,-84.500000000,-1.340335735,-1.030897304,-81.266041761,-1.219019478,0.030897307,-3.233958239,-0.121316257,-0.122771891,-2.997471860,-0.182220168,-0.122675707,-2.423999452,-0.000109344,-0.000096183,-0.573472408,-0.182110824,-0.722707942,-450.000000000,-2.748191080,0.050483527,-0.001011029,-9.493341829,115.054012443,-114.692658472,109.945987557,-110.307341528,1.374095540,1.374095540
1786024500.630199194,47.850355115,0.000000000,NONE,0,0.050027327,-0.999999997,-84.500000000,-1.340335735,-1.030899873,-81.363125423,-1.219018313,0.030899875,-3.136874577,-0.121317422,-0.121778624,-2.997495621,-0.182497343,-0.122362099,-2.423998175,-0.000384307,0.000583475,-0.573497446,-0.182113036,-0.677341334,-450.000000000,-2.747956739,0.050443975,-0.000980067,-9.495534447,115.043218945,-114.704548278,109.956781055,-110.295451722,1.373978369,1.373978369
1786024500.680074215,47.900230813,0.000000000,NONE,0,0.049947358,-0.999999997,-84.500000000,-1.340335735,-1.030881612,-81.508749364,-1.219020432,0.030881615,-2.991250636,-0.121315303,-0.120202759,-2.997539218,-0.182822559,-0.121720227,-2.423996786,-0.000731194,0.001517468,-0.573542432,-0.182091365,-0.597958980,-450.000000000,-2.745961648,0.050384771,-0.001004189,-9.495590108,115.023387272,-114.724407782,109.976612728,-110.275592218,1.372980824,1.372980824
1786024500.730103254,47.950259982,0.000000000,NONE,0,0.050000420,-0.999999997,-84.500000000,-1.340335735,-1.030847562,-81.605830609,-1.219024235,0.030847564,-2.894169391,-0.121311500,-0.119091023,-2.997575179,-0.182954786,-0.121084348,-2.423996177,-0.000891354,0.001993325,-0.573579002,-0.182063432,-0.565849373,-450.000000000,-2.743881602,0.050343895,-0.001033476,-9.497061562,115.015727734,-114.732803047,109.984272266,-110.267196953,1.371940801,1.371940801
1786024500.780217171,48.000373775,0.000000000,NONE,0,0.050130588,-0.999999997,-84.500000000,-1.340335735,-1.030772197,-81.727180208,-1.219031229,0.030772199,-2.772819792,-0.121304506,-0.117630659,-2.997629012,-0.183007098,-0.120198088,-2.423995848,-0.000995131,0.002567429,-0.573633164,-0.182011966,-0.512912297,-450.000000000,-2.739811023,0.050290474,-0.001100218,-9.497162696,115.002518748,-114.746062600,109.997481252,-110.253937400,1.369905512,1.369905512
1786024500.830402851,48.050559536,0.000000000,TARGET_UPDATED,0,0.050168723,-0.999999997,-85.500000000,-1.340335735,-1.030655580,-81.848527397,-1.219040061,0.030655582,-3.651472603,-0.121295674,-0.125573790,-2.997311114,-0.182922797,-0.119175673,-2.423995983,-0.000977698,-0.006398117,-0.573315131,-0.181945099,-1.333320907,-450.000000000,-2.734824100,0.050233065,-0.001181519,-9.496797236,115.207529536,-114.540869082,109.792470464,-110.459130918,1.367412050,1.367412050
1786024500.880156994,48.100313574,0.000000000,NONE,0,0.049757609,-0.999999997,-85.500000000,-1.340335735,-1.030538368,-81.969874242,-1.219049674,0.030538371,-3.530125758,-0.121286061,-0.124633558,-2.997361215,-0.182730444,-0.120112772,-2.423997129,-0.000845291,-0.004520786,-0.573364087,-0.181885153,-0.993133577,-450.000000000,-2.730755943,0.050171717,0.000000000,-9.508697419,115.125457749,-114.628890961,109.874542251,-110.371109039,1.365377972,1.365377972
1786024500.930427790,48.150584578,0.000000000,NONE,0,0.050222995,-0.999999997,-85.500000000,-1.340335735,-1.030496756,-82.091224532,-1.219058947,0.030496759,-3.408775468,-0.121276788,-0.123529242,-2.997423396,-0.182446283,-0.121044716,-2.423998222,-0.000617209,-0.002484526,-0.573425174,-0.181829074,-0.855132143,-450.000000000,-2.726918582,0.050101155,-0.001575656,-9.492328349,115.086865123,-114.659299051,109.913134877,-110.340700949,1.363459291,1.363459291
1786024500.980185270,48.200342080,0.000000000,NONE,0,0.049782232,-0.999999997,-85.500000000,-1.340335735,-1.030484282,-82.212575891,-1.219066855,0.030484285,-3.287424109,-0.121268880,-0.122283477,-2.997494910,-0.182098410,-0.121207370,-2.424000099,-0.000315243,-0.001076107,-0.573494812,-0.181783167,-0.768298362,-450.000000000,-2.723899542,0.050017218,-0.001662279,-9.489727129,115.064506373,-114.680357192,109.935493627,-110.319642808,1.361949771,1.361949771
1786024501.030332088,48.250488852,0.000000000,NONE,0,0.050081715,-0.999999997,-85.500000000,-1.340335735,-1.030477728,-82.333927113,-1.219072470,0.030477730,-3.166072887,-0.121263265,-0.120963835,-2.997570484,-0.181726980,-0.121002963,-2.424001101,0.000027528,0.000039128,-0.573569384,-0.181754508,-0.692093528,-450.000000000,-2.722243298,0.049937506,-0.001536444,-9.489610416,115.045425986,-114.699379222,109.954574014,-110.300620778,1.361121649,1.361121649
1786024501.080283403,48.300440017,0.000000000,NONE,0,0.049993023,-0.999999997,-85.500000000,-1.340335735,-1.030462695,-82.455277486,-1.219075147,0.030462698,-3.044722514,-0.121260588,-0.119587110,-2.997646795,-0.181375048,-0.120553963,-2.424001647,0.000370443,0.000966853,-0.573645148,-0.181745491,-0.624318719,-450.000000000,-2.722003986,0.049865165,-0.001387001,-9.490303368,115.028655522,-114.716496162,109.971344478,-110.283503838,1.361001993,1.361001993
1786024501.130200386,48.350356853,0.000000000,NONE,0,0.049938161,-0.999999997,-85.500000000,-1.340335735,-1.030427018,-82.576626500,-1.219074586,0.030427021,-2.923373500,-0.121261149,-0.118158669,-2.997721127,-0.181083323,-0.119893209,-2.424002935,0.000674298,0.001734540,-0.573718193,-0.181757621,-0.565197913,-450.000000000,-2.723276342,0.049800008,-0.001251840,-9.491416242,115.014153539,-114.731554582,109.985846461,-110.268445418,1.361638171,1.361638171
1786024501.180286884,48.400443412,0.000000000,NONE,0,0.050030547,-0.999999997,-85.500000000,-1.340335735,-1.030360421,-82.697973580,-1.219070859,0.030360424,-2.802026420,-0.121264876,-0.116678798,-2.997791404,-0.180885012,-0.119056594,-2.424002477,0.000904275,0.002377796,-0.573788927,-0.181789287,-0.512479936,-450.000000000,-2.725883025,0.049740714,-0.001148557,-9.492682658,115.001290648,-114.745050680,109.998709352,-110.254949320,1.362941513,1.362941513
1786024501.230678082,48.450834673,0.000000000,TARGET_UPDATED,0,0.050040035,-0.999999997,-86.500000000,-1.340335735,-1.030254312,-82.819318348,-1.219064414,0.030254315,-3.680681652,-0.121271321,-0.124334867,-2.997489075,-0.180804423,-0.118069642,-2.424002407,0.001033783,-0.006265225,-0.573486667,-0.181838206,-1.304822029,-450.000000000,-2.729652034,0.049685424,-0.000543446,-9.499283108,115.201026284,-114.548615270,109.798973716,-110.451384730,1.364826017,1.364826017
1786024501.280145168,48.500301786,0.000000000,NONE,0,0.049910305,-0.999999997,-86.500000000,-1.340335735,-1.030153144,-82.940662702,-1.219055987,0.030153147,-3.559337298,-0.121279748,-0.123410756,-2.997524972,-0.180855123,-0.119126895,-2.423997646,0.001043683,-0.004283861,-0.573527327,-0.181898806,-0.962704833,-450.000000000,-2.734130598,0.049634282,-0.001061473,-9.494966013,115.114417711,-114.633065295,109.885582289,-110.366934705,1.367065299,1.367065299
1786024501.330109119,48.550265826,0.000000000,NONE,0,0.049979749,-0.999999997,-86.500000000,-1.340335735,-1.030121670,-83.062010432,-1.219046601,0.030121673,-3.437989568,-0.121289134,-0.122356339,-2.997558023,-0.181037830,-0.119932111,-2.424001182,0.000923161,-0.002424227,-0.573556841,-0.181960991,-0.841316055,-450.000000000,-2.738513560,0.049579255,-0.001109587,-9.495038614,115.084088667,-114.663430640,109.915911333,-110.336569360,1.369256780,1.369256780
1786024501.380148411,48.600305209,0.000000000,NONE,0,0.050004916,-0.999999997,-86.500000000,-1.340335735,-1.030114843,-83.183359122,-1.219037370,0.030114846,-3.316640878,-0.121298365,-0.121214714,-2.997587971,-0.181323637,-0.120105539,-2.424001701,0.000695269,-0.001109175,-0.573586270,-0.182018906,-0.760084946,-450.000000000,-2.742481615,0.049523210,-0.001129742,-9.495306251,115.063847799,-114.683805326,109.936152201,-110.316194674,1.371240808,1.371240808
1786024501.430245161,48.650401869,0.000000000,NONE,0,0.050113143,-0.999999997,-86.500000000,-1.340335735,-1.030112153,-83.304707664,-1.219029422,0.030112156,-3.195292336,-0.121306313,-0.119998095,-2.997616163,-0.181678406,-0.119932027,-2.424001185,0.000386053,-0.000066068,-0.573614979,-0.182064459,-0.688984126,-450.000000000,-2.745421127,0.049465919,-0.001157791,-9.495400295,115.046096105,-114.701604042,109.953903895,-110.298395958,1.372710563,1.372710563
1786024501.480121374,48.700277948,0.000000000,NONE,0,0.049888773,-0.999999997,-86.500000000,-1.340335735,-1.030103479,-83.401785895,-1.219024615,0.030103482,-3.098214105,-0.121311119,-0.118974976,-2.997638856,-0.181983840,-0.119590029,-2.424000465,0.000105197,0.000615052,-0.573638391,-0.182089037,-0.643600234,-450.000000000,-2.746725259,0.049418976,-0.001183335,-9.496320287,115.034980130,-114.713180013,109.965019870,-110.286819987,1.373362630,1.373362630
1786024501.530605078,48.750761643,0.000000000,NONE,0,0.050322380,-0.999999997,-86.500000000,-1.340335735,-1.030075981,-83.523132495,-1.219021036,0.030075983,-2.976867505,-0.121314699,-0.117634604,-2.997669488,-0.182355601,-0.119023801,-2.423999491,-0.000249324,0.001389197,-0.573669997,-0.182106277,-0.580256525,-450.000000000,-2.747782009,0.049358359,-0.001236021,-9.495911746,115.019042068,-114.728913805,109.980957932,-110.271086195,1.373891004,1.373891004
1786024501.580132723,48.800289116,0.000000000,NONE,0,0.049676996,-0.999999997,-86.500000000,-1.340335735,-1.030022177,-83.644477382,-1.219020449,0.030022180,-2.855522618,-0.121315286,-0.116224721,-2.997705041,-0.182675795,-0.118264939,-2.423998566,-0.000573177,0.002040218,-0.573706475,-0.182102618,-0.527694411,-450.000000000,-2.747109564,0.049294996,-0.001286495,-9.495235626,115.005732509,-114.741885304,109.994267491,-110.258114696,1.373554782,1.373554782
1786024501.630134821,48.850291543,0.000000000,NONE,0,0.049997994,-0.999999997,-86.500000000,-1.340335735,-1.029953727,-83.741551734,-1.219022214,0.029953729,-2.758448266,-0.121313521,-0.115049416,-2.997738418,-0.182869339,-0.117519635,-2.423997903,-0.000784053,0.002470219,-0.573740515,-0.182085285,-0.493370465,-450.000000000,-2.745623324,0.049242882,-0.001311249,-9.495743042,114.997278377,-114.750593144,110.002721623,-110.249406856,1.372811662,1.372811662
1786024501.680206060,48.900362835,0.000000000,TARGET_UPDATED,0,0.050105403,-0.999999997,-87.500000000,-1.340335735,-1.029829930,-83.862892414,-1.219026958,0.029829932,-3.637107586,-0.121308777,-0.122842825,-2.997420043,-0.183011802,-0.116477397,-2.423997287,-0.000961767,-0.006365428,-0.573422756,-0.182050035,-1.297053620,-450.000000000,-2.742798937,0.049176284,-0.001349049,-9.494965258,115.198004719,-114.549477909,109.801995281,-110.450522091,1.371399468,1.371399468
1786024501.730131626,48.950288241,0.000000000,NONE,0,0.049896936,-0.999999997,-87.500000000,-1.340335735,-1.029723213,-83.984233546,-1.219033996,0.029723215,-3.515766454,-0.121301739,-0.121910482,-2.997456044,-0.183035106,-0.117782640,-2.423997540,-0.001034626,-0.004127842,-0.573458504,-0.182000480,-0.930830218,-450.000000000,-2.739040430,0.049108173,-0.001370323,-9.494204295,115.106258628,-114.640843519,109.893741372,-110.359156481,1.369520215,1.369520215
1786024501.780096292,49.000252863,0.000000000,NONE,0,0.049995231,-0.999999997,-87.500000000,-1.340335735,-1.029684062,-84.105577580,-1.219042511,0.029684065,-3.394422420,-0.121293224,-0.120857207,-2.997504220,-0.182931936,-0.118441467,-2.423997298,-0.000990318,-0.002415740,-0.573506922,-0.181941618,-0.826565312,-450.000000000,-2.734735948,0.049039721,-0.001366872,-9.493666153,115.080057866,-114.666775210,109.919942134,-110.333224790,1.367367974,1.367367974
1786024501.830096960,49.050253423,0.000000000,NONE,0,0.049980541,-0.999999997,-87.500000000,-1.340335735,-1.029666418,-84.226922269,-1.219051507,0.029666421,-3.273077731,-0.121284228,-0.119719499,-2.997562490,-0.182711663,-0.118553057,-2.423997546,-0.000829556,-0.001166442,-0.573564945,-0.181882106,-0.747829294,-450.000000000,-2.730556736,0.048972109,-0.001344332,-9.493377896,115.060301798,-114.686387150,109.939698202,-110.313612850,1.365278368,1.365278368
1786024501.880108595,49.100265237,0.000000000,NONE,0,0.050019598,-0.999999997,-87.500000000,-1.340335735,-1.029653762,-84.348266824,-1.219059928,0.029653765,-3.151733176,-0.121275807,-0.118505165,-2.997628983,-0.182399570,-0.118381269,-2.423998085,-0.000570968,-0.000123896,-0.573630898,-0.181828603,-0.675632443,-450.000000000,-2.726932539,0.048905810,-0.001311053,-9.493299255,115.042232924,-114.704416703,109.957767076,-110.295583297,1.363466270,1.363466270
1786024501.930093288,49.150249927,0.000000000,NONE,0,0.049970737,-0.999999997,-87.500000000,-1.340335735,-1.029633024,-84.469610625,-1.219066804,0.029633026,-3.030389375,-0.121268931,-0.117219582,-2.997701331,-0.182030612,-0.117965307,-2.423998793,-0.000243669,0.000745725,-0.573702538,-0.181786944,-0.612420240,-450.000000000,-2.724252397,0.048841379,-0.001273666,-9.493399943,115.026455046,-114.720244926,109.973544954,-110.279755074,1.362126199,1.362126199
1786024501.980138540,49.200295155,0.000000000,NONE,0,0.050039885,-0.999999997,-87.500000000,-1.340335735,-1.029592735,-84.590953134,-1.219071320,0.029592737,-2.909046866,-0.121264415,-0.115865211,-2.997776866,-0.181646618,-0.117340183,-2.423999621,0.000116018,0.001474972,-0.573777245,-0.181762636,-0.556398338,-450.000000000,-2.722898731,0.048778767,-0.001238242,-9.493626950,115.012506322,-114.734307153,109.987493678,-110.265692847,1.361449366,1.361449366
1786024502.030106544,49.250263273,0.000000000,NONE,0,0.049981634,-0.999999997,-87.500000000,-1.340335735,-1.029523693,-84.712293921,-1.219072957,0.029523696,-2.787706079,-0.121262778,-0.114441853,-2.997852916,-0.181291041,-0.116548245,-2.424000473,0.000466738,0.002106392,-0.573852444,-0.181757780,-0.504762944,-450.000000000,-2.722947406,0.048717744,-0.001209113,-9.493906419,114.999667341,-114.747285869,110.000332659,-110.252714131,1.361473703,1.361473703
1786024502.080192327,49.300348818,0.000000000,TARGET_UPDATED,0,0.050099411,-0.999999997,-88.500000000,-1.340335735,-1.029417898,-84.833632609,-1.219071527,0.029417900,-3.666367391,-0.121264207,-0.121967508,-2.997573944,-0.180999027,-0.115607433,-2.424001253,0.000769333,-0.006360074,-0.573572691,-0.181768360,-1.279408889,-450.000000000,-2.723996386,0.048657920,-0.001188587,-9.494201199,115.193402522,-114.553698077,109.806597478,-110.446301923,1.361998193,1.361998193
1786024502.130069017,49.350225627,0.000000000,NONE,0,0.049856227,-0.999999997,-88.500000000,-1.340335735,-1.029333270,-84.954972047,-1.219067192,0.029333273,-3.545027953,-0.121268543,-0.121040643,-2.997622454,-0.180824276,-0.116976866,-2.424002440,0.000981842,-0.004063778,-0.573620015,-0.181806118,-0.915936010,-450.000000000,-2.727185641,0.048598799,0.000000000,-9.506203315,115.105534831,-114.647566826,109.894465169,-110.352433174,1.363592821,1.363592821
1786024502.180030823,49.400187453,0.000000000,NONE,0,0.049983300,-0.999999997,-88.500000000,-1.340335735,-1.029312718,-85.076314270,-1.219060498,0.029312720,-3.423685730,-0.121275237,-0.119965965,-2.997669270,-0.180774449,-0.117570917,-2.424003216,0.001079879,-0.002395048,-0.573666054,-0.181854328,-0.816189102,-450.000000000,-2.730767491,0.048531500,-0.001489209,-9.490778835,115.076741984,-114.668647433,109.923258016,-110.331352567,1.365383745,1.365383745
1786024502.230119705,49.450276278,0.000000000,NONE,0,0.050080255,-0.999999997,-88.500000000,-1.340335735,-1.029312659,-85.197657111,-1.219052266,0.029312662,-3.302342889,-0.121283468,-0.118781480,-2.997712432,-0.180853291,-0.117655096,-2.424003885,0.001057147,-0.001126384,-0.573708548,-0.181910439,-0.734660101,-450.000000000,-2.734851106,0.048457382,-0.001438802,-9.490206980,115.056216770,-114.688886720,109.943783230,-110.311113280,1.367425553,1.367425553
1786024502.280136108,49.500292799,0.000000000,NONE,0,0.050008302,-0.999999997,-88.500000000,-1.340335735,-1.029317058,-85.318999743,-1.219043421,0.029317060,-3.181000257,-0.121292314,-0.117533713,-2.997750458,-0.181051449,-0.117463261,-2.424003396,0.000917279,-0.000070452,-0.573747061,-0.181968728,-0.661457132,-450.000000000,-2.738976589,0.048389192,-0.001313619,-9.490843305,115.038075109,-114.707346543,109.961924891,-110.292653457,1.369488295,1.369488295
1786024502.330120087,49.550276747,0.000000000,NONE,0,0.049981590,-0.999999997,-88.500000000,-1.340335735,-1.029312533,-85.440341514,-1.219034976,0.029312536,-3.059658486,-0.121300759,-0.116229703,-2.997784292,-0.181345563,-0.117033592,-2.424002334,0.000676456,0.000803890,-0.573781958,-0.182022018,-0.598056662,-450.000000000,-2.742607452,0.048326919,-0.001203199,-9.491796571,115.022463308,-114.723434977,109.977536692,-110.276565023,1.371303726,1.371303726
1786024502.380102158,49.600258843,0.000000000,NONE,0,0.049982506,-0.999999997,-88.500000000,-1.340335735,-1.029287958,-85.561681900,-1.219027882,0.029287961,-2.938318100,-0.121307853,-0.114871207,-2.997815751,-0.181701457,-0.116410314,-2.424001003,0.000363279,0.001539107,-0.573814748,-0.182064736,-0.541712209,-450.000000000,-2.745386195,0.048269363,-0.001120321,-9.492846110,115.008639580,-114.737783475,109.991360420,-110.262216525,1.372693098,1.372693098
1786024502.430205584,49.650362420,0.000000000,NONE,0,0.050100157,-0.999999997,-88.500000000,-1.340335735,-1.029247142,-85.658752900,-1.219023753,0.029247145,-2.841247100,-0.121311982,-0.113744882,-2.997840780,-0.182003025,-0.115772678,-2.423999870,0.000083531,0.002027796,-0.573840911,-0.182086557,-0.505011704,-450.000000000,-2.746494494,0.048225635,-0.001079560,-9.494587722,114.999899857,-114.747394004,110.000100143,-110.252605996,1.373247247,1.373247247
1786024502.480120420,49.700276930,0.000000000,TARGET_UPDATED,0,0.049930264,-0.999999997,-89.500000000,-1.340335735,-1.029163531,-85.780089736,-1.219020987,0.029163533,-3.719910264,-0.121314748,-0.120923280,-2.997537941,-0.182366952,-0.114883586,-2.423998557,-0.000265351,-0.006039694,-0.573539384,-0.182101601,-1.240901055,-450.000000000,-2.747413395,0.048172155,-0.001071389,-9.495201510,115.184025641,-114.563575114,109.815974359,-110.436424886,1.373706697,1.373706697
1786024502.530062914,49.750219585,0.000000000,NONE,0,0.049921988,-0.999999997,-89.500000000,-1.340335735,-1.029092445,-85.901426832,-1.219021131,0.029092448,-3.598573168,-0.121314603,-0.120012332,-2.997555127,-0.182685728,-0.116025715,-2.423997997,-0.000588860,-0.003986617,-0.573557129,-0.182096868,-0.904645004,-450.000000000,-2.746685985,0.048117964,-0.001094100,-9.495443413,115.100022104,-114.647699602,109.899977896,-110.352300398,1.373342993,1.373342993
1786024502.580145121,49.800301737,0.000000000,NONE,0,0.050064296,-0.999999997,-89.500000000,-1.340335735,-1.029086405,-86.022766691,-1.219024238,0.029086408,-3.477233309,-0.121311497,-0.118986578,-2.997581518,-0.182918878,-0.116721009,-2.423996990,-0.000848693,-0.002265569,-0.573584528,-0.182070186,-0.796492890,-450.000000000,-2.744380022,0.048062307,-0.001125664,-9.495487629,115.072995130,-114.674748685,109.927004870,-110.325251315,1.372190011,1.372190011
1786024502.630136013,49.850292719,0.000000000,NONE,0,0.050016952,-0.999999997,-89.500000000,-1.340335735,-1.029101889,-86.144107226,-1.219029985,0.029101891,-3.355892774,-0.121305750,-0.117878668,-2.997617484,-0.183038192,-0.116851319,-2.423996492,-0.001011356,-0.001027349,-0.573620992,-0.182026836,-0.719327303,-450.000000000,-2.741011841,0.048005009,-0.000346880,-9.503493768,115.055705268,-114.696041616,109.944294732,-110.303958384,1.370505920,1.370505920
1786024502.680126905,49.900283670,0.000000000,NONE,0,0.049984932,-0.999999997,-89.500000000,-1.340335735,-1.029121382,-86.265447600,-1.219037702,0.029121384,-3.234552400,-0.121298033,-0.116684778,-2.997663978,-0.183030227,-0.116670578,-2.423996658,-0.001057964,-0.000014200,-0.573667320,-0.181972263,-0.649666348,-450.000000000,-2.736966587,0.047941490,0.000000000,-9.506673741,115.039085022,-114.714251848,109.960914978,-110.285748152,1.368483293,1.368483293
1786024502.730136633,49.950293195,0.000000000,NONE,0,0.050011535,-0.999999997,-89.500000000,-1.340335735,-1.029132042,-86.386787176,-1.219046492,0.029132045,-3.113212824,-0.121289243,-0.115383311,-2.997721783,-0.182895412,-0.116212419,-2.423997838,-0.000982681,0.000829108,-0.573723945,-0.181912732,-0.588045948,-450.000000000,-2.732700864,0.047862537,-0.001556855,-9.489576313,115.019405565,-114.725382591,109.980594435,-110.274617409,1.366350432,1.366350432
1786024502.780197144,50.000353763,0.000000000,NONE,0,0.050040988,-0.999999997,-89.500000000,-1.340335735,-1.029122939,-86.508125374,-1.219055335,0.029122942,-2.991874626,-0.121280400,-0.113999390,-2.997788984,-0.182648432,-0.115525428,-2.423999043,-0.000793246,0.001526038,-0.573789942,-0.181855186,-0.533983441,-450.000000000,-2.728713052,0.047775007,-0.001694656,-9.485977369,115.004990202,-114.737998482,109.995009798,-110.262001518,1.364356526,1.364356526
1786024502.830136061,50.050292735,0.000000000,NONE,0,0.049954191,-0.999999997,-89.500000000,-1.340335735,-1.029084682,-86.629461725,-1.219063167,0.029084684,-2.870538275,-0.121272568,-0.112589197,-2.997861687,-0.182317882,-0.114684475,-2.423999323,-0.000510470,0.002095278,-0.573862364,-0.181807411,-0.487065523,-450.000000000,-2.725562437,0.047697103,-0.001454444,-9.486912447,114.993494492,-114.749961731,110.006505508,-110.250038269,1.362781218,1.362781218
1786024502.880178928,50.100335507,0.000000000,NONE,0,0.050031017,-0.999999997,-89.500000000,-1.340335735,-1.029009816,-86.750795918,-1.219069081,0.029009818,-2.749204082,-0.121266654,-0.111160112,-2.997937312,-0.181942047,-0.113737348,-2.423999310,-0.000168112,0.002577236,-0.573938002,-0.181773935,-0.444591847,-450.000000000,-2.723506295,0.047631630,-0.001216512,-9.488820065,114.983352978,-114.761057055,110.016647022,-110.238942945,1.361753148,1.361753148
1786024502.930200338,50.150357031,0.000000000,TARGET_UPDATED,0,0.050044035,-0.999999997,-90.500000000,-1.340335735,-1.028892189,-86.872127732,-1.219072401,0.028892192,-3.627872268,-0.121263334,-0.118787134,-2.997667355,-0.181564961,-0.112700610,-2.423999386,0.000194868,-0.006086524,-0.573667969,-0.181759829,-1.230990016,-450.000000000,-2.722906188,0.047576561,-0.001031253,-9.491029035,115.180504763,-114.565009755,109.819495237,-110.434990245,1.361453094,1.361453094
1786024502.980194807,50.200351427,0.000000000,NONE,0,0.049949110,-0.999999997,-90.500000000,-1.340335735,-1.028786507,-86.993459862,-1.219072758,0.028786509,-3.506540138,-0.121262977,-0.117942133,-2.997720511,-0.181237374,-0.113923167,-2.424000192,0.000528241,-0.004018966,-0.573720320,-0.181765615,-0.882978260,-450.000000000,-2.723708882,0.047528759,-0.000913206,-9.493133369,115.094027907,-114.652538777,109.905972093,-110.347461223,1.361854441,1.361854441
1786024503.030191660,50.250348212,0.000000000,NONE,0,0.050028729,-0.999999997,-90.500000000,-1.340335735,-1.028745418,-87.114794816,-1.219070152,0.028745421,-3.385205184,-0.121265583,-0.116990759,-2.997772878,-0.180991577,-0.114611964,-2.424000363,0.000797125,-0.002378795,-0.573772515,-0.181788702,-0.782573892,-450.000000000,-2.725670603,0.047484823,-0.000861525,-9.494886494,115.069365097,-114.678078151,109.930634903,-110.321921849,1.362835302,1.362835302
1786024503.080183983,50.300340786,0.000000000,NONE,0,0.049986183,-0.999999997,-90.500000000,-1.340335735,-1.028725199,-87.236130537,-1.219064925,0.028725201,-3.263869463,-0.121270810,-0.115954843,-2.997821975,-0.180852848,-0.114775611,-2.424000790,0.000974909,-0.001179232,-0.573821185,-0.181827757,-0.707904670,-450.000000000,-2.728724301,0.047441716,-0.000866626,-9.496129774,115.051008611,-114.697056276,109.948991389,-110.302943724,1.364362151,1.364362151
1786024503.130246878,50.350403443,0.000000000,NONE,0,0.049998408,-0.999999997,-90.500000000,-1.340335735,-1.028709684,-87.357466253,-1.219057693,0.028709686,-3.142533747,-0.121278042,-0.114833640,-2.997866837,-0.180835509,-0.114656235,-2.424001157,0.001042806,-0.000177405,-0.573865680,-0.181878315,-0.639416231,-450.000000000,-2.732493231,0.047397085,0.000000000,-9.505965138,115.036345342,-114.716637227,109.963654658,-110.283362773,1.366246616,1.366246616
1786024503.180240631,50.400397270,0.000000000,NONE,0,0.050040290,-0.999999997,-90.500000000,-1.340335735,-1.028686405,-87.478801347,-1.219049295,0.028686407,-3.021198653,-0.121286440,-0.113606888,-2.997908025,-0.180940179,-0.114280373,-2.424001755,0.000994457,0.000673485,-0.573906270,-0.181934636,-0.578010408,-450.000000000,-2.736550026,0.047343110,0.000000000,-9.506385264,115.021098918,-114.732093714,109.978901082,-110.267906286,1.368275013,1.368275013
1786024503.230207682,50.450364391,0.000000000,NONE,0,0.049989561,-0.999999997,-90.500000000,-1.340335735,-1.028644527,-87.600135238,-1.219040697,0.028644530,-2.899864762,-0.121295038,-0.112251850,-2.997947002,-0.181152943,-0.113658683,-2.424002644,0.000837263,0.001406833,-0.573944358,-0.181990206,-0.521708690,-450.000000000,-2.740426097,0.047271292,-0.001581846,-9.489547508,115.002814050,-114.741959705,109.997185950,-110.258040295,1.370213048,1.370213048
1786024503.280167580,50.500324287,0.000000000,NONE,0,0.049981613,-0.999999997,-90.500000000,-1.340335735,-1.028574570,-87.721467384,-1.219032899,0.028574572,-2.778532616,-0.121302836,-0.110805575,-2.997983725,-0.181447124,-0.112837494,-2.424002595,0.000591068,0.002031919,-0.573981130,-0.182038192,-0.470926983,-450.000000000,-2.743633490,0.047193301,-0.001500911,-9.488835172,114.989940539,-114.754477047,110.010059461,-110.245522953,1.371816745,1.371816745
1786024503.330302477,50.550459201,0.000000000,TARGET_UPDATED,0,0.050124800,-0.999999997,-91.500000000,-1.340335735,-1.028468613,-87.842797364,-1.219026779,0.028468615,-3.657202636,-0.121308956,-0.118090896,-2.997685805,-0.181782971,-0.111886242,-2.424001308,0.000285830,-0.006204654,-0.573684496,-0.182068801,-1.221655370,-450.000000000,-2.745426727,0.047123168,-0.001335231,-9.489605371,115.177815185,-114.566987500,109.822184815,-110.433012500,1.372713364,1.372713364
1786024503.380168438,50.600325148,0.000000000,NONE,0,0.049817776,-0.999999997,-91.500000000,-1.340335735,-1.028385612,-87.964128002,-1.219023002,0.028385614,-3.535871998,-0.121312733,-0.117166686,-2.997700550,-0.182143159,-0.113250759,-2.424000184,-0.000050499,-0.003915928,-0.573700366,-0.182092660,-0.863793804,-450.000000000,-2.746965134,0.047060860,-0.001188825,-9.490773764,115.088641892,-114.656744990,109.911358108,-110.343255010,1.373482567,1.373482567
1786024503.430290937,50.650447632,0.000000000,NONE,0,0.050128628,-0.999999997,-91.500000000,-1.340335735,-1.028363035,-88.085461059,-1.219022011,0.028363038,-3.414538941,-0.121313724,-0.116143457,-2.997720384,-0.182473254,-0.113800916,-2.423998362,-0.000379341,-0.002342541,-0.573722023,-0.182093913,-0.772615882,-450.000000000,-2.746598917,0.047004850,-0.001076461,-9.492129181,115.066186266,-114.679878325,109.933813734,-110.320121675,1.373299459,1.373299459
1786024503.480140686,50.700297537,0.000000000,NONE,0,0.049891675,-0.999999997,-91.500000000,-1.340335735,-1.028359474,-88.206794634,-1.219023929,0.028359476,-3.293205366,-0.121311806,-0.115047480,-2.997746484,-0.182735716,-0.113922345,-2.423997008,-0.000659537,-0.001125135,-0.573749476,-0.182076179,-0.694498311,-450.000000000,-2.744977115,0.046953252,-0.001004087,-9.493410245,115.046977139,-114.699727983,109.953022861,-110.300272017,1.372488557,1.372488557
1786024503.530118704,50.750275244,0.000000000,NONE,0,0.049990572,-0.999999997,-91.500000000,-1.340335735,-1.028359672,-88.328128046,-1.219028500,0.028359675,-3.171871954,-0.121307235,-0.113881723,-2.997780512,-0.182900809,-0.113767789,-2.423996039,-0.000859257,-0.000113934,-0.573784473,-0.182041552,-0.625271151,-450.000000000,-2.742215946,0.046904102,-0.000970036,-9.494508284,115.029944859,-114.717309283,109.970055141,-110.282690717,1.371107973,1.371107973
1786024503.580180883,50.800337683,0.000000000,NONE,0,0.050025617,-0.999999997,-91.500000000,-1.340335735,-1.028353814,-88.425194270,-1.219033697,0.028353816,-3.074805730,-0.121302038,-0.112900274,-2.997814166,-0.182949913,-0.113458586,-2.423995577,-0.000944540,0.000558312,-0.573818589,-0.182005373,-0.581094421,-450.000000000,-2.739652926,0.046865347,-0.000968538,-9.496111763,115.019301546,-114.728754335,109.980698454,-110.271245665,1.369826463,1.369826463
1786024503.630136251,50.850292950,0.000000000,NONE,0,0.049968146,-0.999999997,-91.500000000,-1.340335735,-1.028330613,-88.546526043,-1.219041546,0.028330616,-2.953473957,-0.121294189,-0.111611385,-2.997864619,-0.182902312,-0.112937437,-2.423995470,-0.000953455,0.001326052,-0.573869149,-0.181948857,-0.519266089,-450.000000000,-2.735288924,0.046815971,-0.001005922,-9.496466477,115.003933142,-114.744300097,109.996066858,-110.255699903,1.367644462,1.367644462
1786024503.680251598,50.900408229,0.000000000,NONE,0,0.050062991,-0.999999997,-91.500000000,-1.340335735,-1.028282049,-88.667856351,-1.219050123,0.028282052,-2.832143649,-0.121285612,-0.110251302,-2.997924088,-0.182739601,-0.112226052,-2.423995842,-0.000849259,0.001974750,-0.573928246,-0.181890342,-0.468306953,-450.000000000,-2.731155110,0.046763955,-0.001063452,-9.496412139,114.991179773,-114.757026296,110.008820227,-110.242973704,1.365577555,1.365577555
1786024503.730155706,50.950312487,0.000000000,TARGET_UPDATED,0,0.049983797,-0.999999997,-92.500000000,-1.340335735,-1.028199229,-88.789184782,-1.219058372,0.028199232,-3.710815218,-0.121277363,-0.117225536,-2.997674257,-0.182484715,-0.111347047,-2.423996587,-0.000644091,-0.005878489,-0.573677669,-0.181840624,-1.185403217,-450.000000000,-2.727848993,0.046709009,-0.001121525,-9.496105141,115.170377090,-114.577675481,109.829622910,-110.422324519,1.363924496,1.363924496
1786024503.780302048,51.000458741,0.000000000,NONE,0,0.050098391,-0.999999997,-92.500000000,-1.340335735,-1.028121404,-88.910513197,-1.219065340,0.028121407,-3.589486803,-0.121270395,-0.116336194,-2.997727290,-0.182171978,-0.112285874,-2.423998091,-0.000371571,-0.004050320,-0.573729199,-0.181800407,-0.872298293,-450.000000000,-2.725225691,0.046651349,-0.001172767,-9.495654244,115.091988134,-114.655838988,109.908011866,-110.344161012,1.362612846,1.362612846
1786024503.830355883,51.050512661,0.000000000,NONE,0,0.050051794,-0.999999997,-92.500000000,-1.340335735,-1.028109383,-89.031844399,-1.219070236,0.028109386,-3.468155601,-0.121265499,-0.115332767,-2.997785958,-0.181836940,-0.113049052,-2.423998999,-0.000063122,-0.002283715,-0.573786960,-0.181773818,-0.756465739,-450.000000000,-2.723636009,0.046591493,-0.001211057,-9.495146841,115.062903145,-114.684670276,109.937096855,-110.315329724,1.361818005,1.361818005
1786024503.880347252,51.100503772,0.000000000,NONE,0,0.049951047,-0.999999997,-92.500000000,-1.340335735,-1.028120207,-89.153176376,-1.219072501,0.028120210,-3.346823624,-0.121263234,-0.114249959,-2.997846701,-0.181515408,-0.113176622,-2.424000068,0.000250275,-0.001073337,-0.573846633,-0.181765682,-0.683075150,-450.000000000,-2.723434895,0.046530207,-0.001233455,-9.494668455,115.044435901,-114.702898326,109.955564099,-110.297101674,1.361717448,1.361717448
1786024503.930366278,51.150522838,0.000000000,NONE,0,0.049948533,-0.999999997,-92.500000000,-1.340335735,-1.028135549,-89.274508266,-1.219071873,0.028135552,-3.225491734,-0.121263861,-0.113100599,-2.997906753,-0.181244137,-0.113013088,-2.424001019,0.000532241,-0.000087510,-0.573905734,-0.181776378,-0.615956626,-450.000000000,-2.724560597,0.046468227,-0.001241658,-9.494270051,115.027556669,-114.719578356,109.972443331,-110.280421644,1.362280299,1.362280299
1786024503.980280399,51.200437077,0.000000000,NONE,0,0.049983489,-0.999999997,-92.500000000,-1.340335735,-1.028142907,-89.395839479,-1.219068437,0.028142910,-3.104160521,-0.121267298,-0.111891863,-2.997963951,-0.181053349,-0.112611368,-2.424001739,0.000751230,0.000719505,-0.573962212,-0.181804579,-0.558135504,-450.000000000,-2.726884702,0.046406215,0.000000000,-9.506364764,115.016125067,-114.737057315,109.983874933,-110.262942685,1.363442351,1.363442351
1786024504.030139446,51.250296162,0.000000000,NONE,0,0.049928429,-0.999999997,-92.500000000,-1.340335735,-1.028131594,-89.517169503,-1.219062604,0.028131596,-2.982830497,-0.121273131,-0.110605782,-2.998017593,-0.180964122,-0.111998776,-2.424002661,0.000882764,0.001392994,-0.574014931,-0.181846886,-0.506697326,-450.000000000,-2.730129380,0.046337231,-0.001521521,-9.490257923,114.999238812,-114.745890149,110.000761188,-110.254109851,1.365064690,1.365064690
1786024504.080166817,51.300323665,0.000000000,NONE,0,0.050012540,-0.999999997,-92.500000000,-1.340335735,-1.028092748,-89.638497882,-1.219055066,0.028092750,-2.861502118,-0.121280669,-0.109241535,-2.998067044,-0.180984911,-0.111198084,-2.424003379,0.000913341,0.001956549,-0.574063665,-0.181898252,-0.460748194,-450.000000000,-2.733904731,0.046260399,-0.001486587,-9.489087931,114.987459031,-114.757084934,110.012540969,-110.242915066,1.366952365,1.366952365
1786024504.130241394,51.350397837,0.000000000,NONE,0,0.050050295,-0.999999997,-92.500000000,-1.340335735,-1.028019177,-89.759824243,-1.219046687,0.028019180,-2.740175757,-0.121289048,-0.107841750,-2.998110787,-0.181112375,-0.110279530,-2.424002913,0.000841007,0.002437780,-0.574107874,-0.181953382,-0.418970713,-450.000000000,-2.737838199,0.046190562,-0.001330942,-9.489681071,114.977162946,-114.767677590,110.022837054,-110.232322410,1.368919100,1.368919100
1786024504.180432796,51.400589646,0.000000000,TARGET_UPDATED,0,0.050211299,-0.999999997,-93.500000000,-1.340335735,-1.027904650,-89.881148301,-1.219038436,0.027904652,-3.618851699,-0.121297299,-0.115231430,-2.997823442,-0.181330234,-0.109262058,-2.424001848,0.000675029,-0.005969373,-0.573821595,-0.182005263,-1.179237784,-450.000000000,-2.741401670,0.046128415,-0.001184632,-9.490804780,115.167510641,-114.577891749,109.832489359,-110.422108251,1.370700835,1.370700835
1786024504.230143070,51.450299532,0.000000000,NONE,0,0.049726782,-0.999999997,-93.500000000,-1.340335735,-1.027804537,-90.002472664,-1.219031250,0.027804540,-3.497527336,-0.121304485,-0.114384678,-2.997838856,-0.181622100,-0.110482255,-2.424001057,0.000427922,-0.003902424,-0.573837799,-0.182050023,-0.837041230,-450.000000000,-2.744401710,0.046072655,-0.001071831,-9.492054093,115.082273831,-114.663753216,109.917726169,-110.336246784,1.372200855,1.372200855
1786024504.280170202,51.500326710,0.000000000,NONE,0,0.050004349,-0.999999997,-93.500000000,-1.340335735,-1.027767076,-90.123799539,-1.219025962,0.027767078,-3.376200461,-0.121309773,-0.113434710,-2.997855715,-0.181947287,-0.111118955,-2.423999454,0.000131991,-0.002315755,-0.573856261,-0.182079278,-0.741410278,-450.000000000,-2.746134548,0.046021440,-0.000996489,-9.493312854,115.058680783,-114.687975644,109.941319217,-110.312024356,1.373067274,1.373067274
1786024504.330154896,51.550311715,0.000000000,NONE,0,0.050009709,-0.999999997,-93.500000000,-1.340335735,-1.027749715,-90.245126994,-1.219023176,0.027749717,-3.254873006,-0.121312559,-0.112405899,-2.997875361,-0.182265987,-0.111261186,-2.423998132,-0.000174573,-0.001144713,-0.573877229,-0.182091414,-0.668406787,-450.000000000,-2.746641680,0.045972869,-0.000959092,-9.494399267,115.040701513,-114.706498120,109.959298487,-110.293501880,1.373320840,1.373320840
1786024504.380655289,51.600812059,0.000000000,NONE,0,0.050080229,-0.999999997,-93.500000000,-1.340335735,-1.027736881,-90.366454332,-1.219023186,0.027736884,-3.133545668,-0.121312549,-0.111298896,-2.997899964,-0.182540448,-0.111132650,-2.423997017,-0.000455443,-0.000166246,-0.573902947,-0.182085005,-0.601767674,-450.000000000,-2.745822412,0.045925150,-0.000955135,-9.495221223,115.024247224,-114.723363387,109.975752776,-110.276636613,1.372911206,1.372911206
1786024504.430094481,51.650251328,0.000000000,NONE,0,0.049883562,-0.999999997,-93.500000000,-1.340335735,-1.027715934,-90.487780985,-1.219025960,0.027715936,-3.012219015,-0.121309775,-0.110113322,-2.997931442,-0.182738245,-0.110762218,-2.423996192,-0.000677164,0.000648896,-0.573935250,-0.182061081,-0.543517630,-450.000000000,-2.743796094,0.045876786,0.000000000,-9.505480427,115.012249514,-114.740490699,109.987750486,-110.259509301,1.371898047,1.371898047
1786024504.480096102,51.700252578,0.000000000,NONE,0,0.050002389,-0.999999997,-93.500000000,-1.340335735,-1.027686229,-90.584841495,-1.219029934,0.027686232,-2.915158505,-0.121305801,-0.109094633,-2.997963005,-0.182825467,-0.110304344,-2.423996059,-0.000793459,0.001209711,-0.573966946,-0.182032008,-0.504311032,-450.000000000,-2.741659120,0.045832555,0.000000000,-9.506525469,115.002709125,-114.750553609,109.997290875,-110.249446391,1.370829560,1.370829560
1786024504.530218840,51.750375506,0.000000000,NONE,0,0.050064074,-0.999999997,-93.500000000,-1.340335735,-1.027625936,-90.706165779,-1.219036635,0.027625938,-2.793834221,-0.121299100,-0.107708186,-2.998011961,-0.182834727,-0.109580707,-2.423996849,-0.000851853,0.001872521,-0.574015113,-0.181982874,-0.448132917,-450.000000000,-2.737819746,0.045761603,0.000000000,-9.505431341,114.988391065,-114.764324606,110.011608935,-110.235675394,1.368909873,1.368909873
1786024504.580492496,51.800649193,0.000000000,TARGET_UPDATED,0,0.050320269,-0.999999997,-94.500000000,-1.340335735,-1.027533569,-90.827488212,-1.219044606,0.027533572,-3.672511788,-0.121291129,-0.114603985,-2.997762124,-0.182726948,-0.108660685,-2.423998174,-0.000804529,-0.005943300,-0.573763950,-0.181922419,-1.158924025,-450.000000000,-2.733367916,0.045672939,-0.001906286,-9.483871877,115.160698976,-114.581236963,109.839301024,-110.418763037,1.366683958,1.366683958
1786024504.630259275,51.850415752,0.000000000,NONE,0,0.049746462,-0.999999997,-94.500000000,-1.340335735,-1.027447328,-90.948810496,-1.219052865,0.027447330,-3.551189504,-0.121282870,-0.113614477,-2.997810848,-0.182533080,-0.109522986,-2.423999624,-0.000661081,-0.004091491,-0.573811224,-0.181872000,-0.844597986,-450.000000000,-2.730026462,0.045578957,-0.001759232,-9.482358618,115.081739151,-114.659440158,109.918260849,-110.340559842,1.365013231,1.365013231
1786024504.680123091,51.900279758,0.000000000,NONE,0,0.049890979,-0.999999997,-94.500000000,-1.340335735,-1.027426457,-91.070135290,-1.219060419,0.027426460,-3.429864710,-0.121275316,-0.112555416,-2.997866236,-0.182268038,-0.110226346,-2.423999217,-0.000441229,-0.002329070,-0.573867019,-0.181826809,-0.729383897,-450.000000000,-2.726970883,0.045501522,-0.001400644,-9.484289927,115.053418456,-114.688726507,109.946581544,-110.311273493,1.363485441,1.363485441
1786024504.730523109,51.950679678,0.000000000,NONE,0,0.050097955,-0.999999997,-94.500000000,-1.340335735,-1.027429115,-91.191460755,-1.219066432,0.027429118,-3.308539245,-0.121269302,-0.111461701,-2.997925206,-0.181960983,-0.110372276,-2.423998747,-0.000168551,-0.001089425,-0.573926459,-0.181792433,-0.653925381,-450.000000000,-2.724784108,0.045441517,-0.001074607,-9.487303019,115.035307100,-114.708344410,109.964692900,-110.291655590,1.362392054,1.362392054
1786024504.780130386,52.000286822,0.000000000,NONE,0,0.049901942,-0.999999997,-94.500000000,-1.340335735,-1.027436751,-91.312786137,-1.219070214,0.027436753,-3.187213863,-0.121265521,-0.110335365,-2.997985481,-0.181648422,-0.110249225,-2.423998483,0.000125284,-0.000086139,-0.573986997,-0.181773706,-0.586452325,-450.000000000,-2.723784165,0.045395474,-0.000832159,-9.490574654,115.019256745,-114.726030582,109.980743255,-110.273969418,1.361892082,1.361892082
1786024504.830434799,52.050591453,0.000000000,NONE,0,0.050265119,-0.999999997,-94.500000000,-1.340335735,-1.027436652,-91.434110939,-1.219071323,0.027436655,-3.065889061,-0.121264412,-0.109169867,-2.998045080,-0.181367073,-0.109911174,-2.423998520,0.000405920,0.000741307,-0.574046560,-0.181772993,-0.528226099,-450.000000000,-2.724095346,0.045358672,-0.000687572,-9.493636273,115.005465593,-114.741352544,109.994534407,-110.258647456,1.362047673,1.362047673
1786024504.880144119,52.100300688,0.000000000,NONE,0,0.049737134,-0.999999997,-94.500000000,-1.340335735,-1.027417529,-91.555434702,-1.219069636,0.027417531,-2.944565298,-0.121266099,-0.107956396,-2.998102318,-0.181149683,-0.109372925,-2.423998844,0.000640571,0.001416530,-0.574103474,-0.181790254,-0.477994366,-450.000000000,-2.725664809,0.045325982,-0.000643758,-9.495967975,114.993490585,-114.754493402,110.006509415,-110.245506598,1.362832405,1.362832405
1786024504.930115223,52.150271839,0.000000000,NONE,0,0.049978245,-0.999999997,-94.500000000,-1.340335735,-1.027370709,-91.676757056,-1.219065359,0.027370712,-2.823242944,-0.121270375,-0.106686082,-2.998155922,-0.181021496,-0.108677588,-2.423999333,0.000801877,0.001991506,-0.574156589,-0.181823373,-0.432510124,-450.000000000,-2.728298741,0.045293192,-0.000674311,-9.497566637,114.982519190,-114.766264128,110.017480810,-110.233735872,1.364149370,1.364149370
1786024504.980179310,52.200335935,0.000000000,TARGET_UPDATED,0,0.050083020,-0.999999997,-95.500000000,-1.340335735,-1.027288924,-91.798077666,-1.219059001,0.027288927,-3.701922334,-0.121276734,-0.113529889,-2.997906336,-0.181001841,-0.107837935,-2.423999841,0.000871346,-0.005691954,-0.573906496,-0.181873187,-1.130475073,-450.000000000,-2.732117716,0.045257154,0.000000000,-9.505959930,115.159108751,-114.593871214,109.840891249,-110.406128786,1.366058858,1.366058858
1786024505.030101061,52.250257582,0.000000000,NONE,0,0.049922197,-0.999999997,-95.500000000,-1.340335735,-1.027217387,-91.919398576,-1.219051312,0.027217390,-3.580601424,-0.121284423,-0.112696241,-2.997932851,-0.181095216,-0.108906915,-2.424001018,0.000831618,-0.003789326,-0.573931833,-0.181926834,-0.815888993,-450.000000000,-2.735953008,0.045211275,0.000000000,-9.506803685,115.080673170,-114.672728673,109.919326830,-110.327271327,1.367976504,1.367976504
1786024505.080104589,52.300261320,0.000000000,NONE,0,0.049963282,-0.999999997,-95.500000000,-1.340335735,-1.027206419,-92.040721960,-1.219043215,0.027206422,-3.459278040,-0.121292520,-0.111708296,-2.997958873,-0.181288636,-0.109528105,-2.424001772,0.000690218,-0.002180191,-0.573957102,-0.181978854,-0.714724874,-450.000000000,-2.739560955,0.045147352,-0.001429617,-9.491905092,115.051657491,-114.694295054,109.948342509,-110.305704946,1.369780477,1.369780477
1786024505.130119324,52.350276165,0.000000000,NONE,0,0.050039277,-0.999999997,-95.500000000,-1.340335735,-1.027215111,-92.162045875,-1.219035665,0.027215114,-3.337954125,-0.121300070,-0.110621560,-2.997983632,-0.181556749,-0.109591290,-2.424002038,0.000468253,-0.001030270,-0.573981594,-0.182025003,-0.643455313,-450.000000000,-2.742672418,0.045073518,-0.001449193,-9.490313530,115.033442211,-114.711714554,109.966557789,-110.288285446,1.371336209,1.371336209
1786024505.180220604,52.400377338,0.000000000,NONE,0,0.049987557,-0.999999997,-95.500000000,-1.340335735,-1.027227315,-92.283369528,-1.219029519,0.027227318,-3.216630472,-0.121306216,-0.109487448,-2.998006971,-0.181867804,-0.109392078,-2.424001140,0.000192270,-0.000095370,-0.574005831,-0.182060074,-0.579733082,-450.000000000,-2.744906828,0.045004259,-0.001336060,-9.490403460,115.017534136,-114.727667595,109.982465864,-110.272332405,1.372453414,1.372453414
1786024505.230152130,52.450308697,0.000000000,NONE,0,0.050026600,-0.999999997,-95.500000000,-1.340335735,-1.027231289,-92.404692386,-1.219025472,0.027231292,-3.095307614,-0.121310262,-0.108314518,-2.998030686,-0.182185003,-0.108986848,-2.423999764,-0.000104972,0.000672330,-0.574030922,-0.182080031,-0.524824279,-450.000000000,-2.746001059,0.044941092,-0.001215214,-9.491055058,115.003969834,-114.741557695,109.996030166,-110.258442305,1.373000530,1.373000530
1786024505.280066490,52.500223111,0.000000000,NONE,0,0.049919700,-0.999999997,-95.500000000,-1.340335735,-1.027217112,-92.526014029,-1.219023975,0.027217115,-2.973985971,-0.121311760,-0.107103451,-2.998056936,-0.182471047,-0.108412055,-2.423998315,-0.000388290,0.001308604,-0.574058620,-0.182082757,-0.476769658,-450.000000000,-2.745847631,0.044883560,-0.001110585,-9.491979903,114.992187390,-114.753802561,110.007812610,-110.246197439,1.372923815,1.372923815
1786024505.330098152,52.550254868,0.000000000,NONE,0,0.050055976,-0.999999997,-95.500000000,-1.340335735,-1.027176445,-92.647334116,-1.219025175,0.027176448,-2.852665884,-0.121310560,-0.105850791,-2.998087835,-0.182692388,-0.107693150,-2.423997026,-0.000624201,0.001842359,-0.574090809,-0.182068187,-0.434055554,-450.000000000,-2.744482034,0.044830504,-0.001032550,-9.493003837,114.981764848,-114.764737071,110.018235152,-110.235262929,1.372241017,1.372241017
1786024505.380172253,52.600328913,0.000000000,TARGET_UPDATED,0,0.050073438,-0.999999997,-96.500000000,-1.340335735,-1.027102602,-92.768652385,-1.219028909,0.027102605,-3.731347615,-0.121306826,-0.112522060,-2.997836562,-0.182823037,-0.106858224,-2.423996038,-0.000784865,-0.005663836,-0.573840524,-0.182038171,-1.114632603,-450.000000000,-2.742072542,0.044780510,-0.000983784,-9.493976657,115.152152315,-114.594836014,109.847847685,-110.405163986,1.371036271,1.371036271
1786024505.430461407,52.650617940,0.000000000,NONE,0,0.050278277,-0.999999997,-96.500000000,-1.340335735,-1.027039880,-92.889970875,-1.219034729,0.027039882,-3.610029125,-0.121301006,-0.111732520,-2.997863590,-0.182855376,-0.107910699,-2.423995919,-0.000858394,-0.003821821,-0.573867671,-0.181996981,-0.809221273,-450.000000000,-2.738969457,0.044732055,-0.000965174,-9.494784435,115.076001427,-114.671390791,109.923998573,-110.328609209,1.369484728,1.369484728
1786024505.480123758,52.700280401,0.000000000,NONE,0,0.049651351,-0.999999997,-96.500000000,-1.340335735,-1.027037444,-93.011291778,-1.219041969,0.027037446,-3.488708222,-0.121293766,-0.110835614,-2.997900755,-0.182781096,-0.108572548,-2.423995549,-0.000834013,-0.002263066,-0.573905206,-0.181947083,-0.711471674,-450.000000000,-2.735290830,0.044683757,-0.000970977,-9.495299730,115.051692851,-114.695957014,109.948307149,-110.304042986,1.367645415,1.367645415
1786024505.530145884,52.750302393,0.000000000,NONE,0,0.050018168,-0.999999997,-96.500000000,-1.340335735,-1.027054921,-93.132613308,-1.219049763,0.027054924,-3.367386692,-0.121285972,-0.109856175,-2.997946759,-0.182606132,-0.108703916,-2.423995776,-0.000709906,-0.001152258,-0.573950982,-0.181896227,-0.643726480,-450.000000000,-2.731719137,0.044634602,-0.000993719,-9.495605069,115.034832887,-114.712969647,109.965167113,-110.287030353,1.365859569,1.365859569
1786024505.580121517,52.800278155,0.000000000,NONE,0,0.049984430,-0.999999997,-96.500000000,-1.340335735,-1.027076772,-93.253934782,-1.219057201,0.027076774,-3.246065218,-0.121278534,-0.108798828,-2.998000229,-0.182350011,-0.108573207,-2.423996367,-0.000500706,-0.000225622,-0.574003862,-0.181849306,-0.580774544,-450.000000000,-2.728512691,0.044583994,-0.001025913,-9.495691460,115.019116501,-114.728729229,109.980883499,-110.271270771,1.364256346,1.364256346
1786024505.630085230,52.850241657,0.000000000,NONE,0,0.049953866,-0.999999997,-96.500000000,-1.340335735,-1.027091601,-93.375255700,-1.219063430,0.027091603,-3.124744300,-0.121272305,-0.107666055,-2.998059301,-0.182041572,-0.108220611,-2.423997209,-0.000229755,0.000554556,-0.574062092,-0.181811817,-0.525173255,-450.000000000,-2.726076750,0.044531653,-0.001061165,-9.495600723,115.005193495,-114.742606867,109.994806505,-110.257393133,1.363038375,1.363038375
1786024505.680182457,52.900338984,0.000000000,NONE,0,0.050034889,-0.999999997,-96.500000000,-1.340335735,-1.027089472,-93.496575619,-1.219067728,0.027089474,-3.003424381,-0.121268006,-0.106460452,-2.998121722,-0.181715855,-0.107678227,-2.423998187,0.000072359,0.001217775,-0.574123536,-0.181788214,-0.475397551,-450.000000000,-2.724703204,0.044477595,-0.001094179,-9.495396840,114.992698598,-114.754999822,110.007301402,-110.245000178,1.362351602,1.362351602
1786024505.730112553,52.950269244,0.000000000,NONE,0,0.050012026,-0.999999997,-96.500000000,-1.340335735,-1.027061974,-93.617894164,-1.219069599,0.027061977,-2.882105836,-0.121266136,-0.105184172,-2.998185128,-0.181409889,-0.106974500,-2.423999180,0.000371323,0.001790328,-0.574185948,-0.181781212,-0.429920674,-450.000000000,-2.724544848,0.044422048,-0.001121529,-9.495122820,114.981260873,-114.766300537,110.018739127,-110.233699463,1.362272424,1.362272424
1786024505.780139446,53.000296088,0.000000000,NONE,0,0.050045221,-0.999999997,-96.500000000,-1.340335735,-1.027001898,-93.739211010,-1.219068829,0.027001901,-2.760788990,-0.121266906,-0.103838750,-2.998247306,-0.181158353,-0.106131740,-2.424000078,0.000633160,0.002292990,-0.574247228,-0.181791513,-0.387692143,-450.000000000,-2.725611777,0.044365364,-0.000227933,-9.503964611,114.972914188,-114.779068117,110.027085812,-110.220931883,1.362805889,1.362805889
1786024505.830279112,53.050435727,0.000000000,TARGET_UPDATED,0,0.050107137,-0.999999997,-97.500000000,-1.340335735,-1.026903108,-93.860525876,-1.219065505,0.026903111,-3.639474124,-0.121270230,-0.110802936,-2.998008764,-0.180985407,-0.105159578,-2.424001141,0.000828166,-0.005643358,-0.574007622,-0.181813573,-1.103754647,-450.000000000,-2.727390321,0.044302197,0.000000000,-9.505630306,115.152346238,-114.600468915,109.847653762,-110.399531085,1.363695160,1.363695160
1786024505.880109787,53.100266531,0.000000000,NONE,0,0.049803498,-0.999999997,-97.500000000,-1.340335735,-1.026815024,-93.981840934,-1.219060004,0.026815027,-3.518159066,-0.121275731,-0.109863875,-2.998047187,-0.180929691,-0.106190185,-2.424003085,0.000927725,-0.003673690,-0.574044101,-0.181857416,-0.777844428,-450.000000000,-2.730899476,0.044223611,-0.001707270,-9.486675664,115.066130023,-114.677207809,109.933869977,-110.322792191,1.365449738,1.365449738
1786024505.930128574,53.150285153,0.000000000,NONE,0,0.050053205,-0.999999997,-97.500000000,-1.340335735,-1.026784049,-94.103158125,-1.219053000,0.026784051,-3.396841875,-0.121282735,-0.108802507,-2.998083139,-0.180985870,-0.106667258,-2.424003496,0.000919919,-0.002135249,-0.574079643,-0.181905789,-0.683332655,-450.000000000,-2.734371661,0.044141108,-0.001556930,-9.485997667,115.042332580,-114.700666253,109.957667420,-110.299333747,1.367185831,1.367185831
1786024505.980259418,53.200415921,0.000000000,NONE,0,0.050141012,-0.999999997,-97.500000000,-1.340335735,-1.026770574,-94.224475666,-1.219045345,0.026770577,-3.275524334,-0.121290390,-0.107697893,-2.998113990,-0.181146960,-0.106706850,-2.424002732,0.000809299,-0.000991043,-0.574111259,-0.181956260,-0.611213002,-450.000000000,-2.737944737,0.044070851,-0.001303707,-9.487328860,115.024635466,-114.719028965,109.975364534,-110.280971035,1.368972369,1.368972369
1786024506.030127287,53.250283938,0.000000000,NONE,0,0.049857976,-0.999999997,-97.500000000,-1.340335735,-1.026759755,-94.345792922,-1.219037891,0.026759757,-3.154207078,-0.121297844,-0.106558095,-2.998140421,-0.181394630,-0.106515194,-2.424001397,0.000609028,-0.000042901,-0.574139025,-0.182003658,-0.546478657,-450.000000000,-2.741206708,0.044012496,-0.001081926,-9.489267034,115.008936423,-114.735697094,109.991063577,-110.264302906,1.370603354,1.370603354
1786024506.080110312,53.300267035,0.000000000,NONE,0,0.050000777,-0.999999997,-97.500000000,-1.340335735,-1.026739517,-94.467109403,-1.219031506,0.026739519,-3.032890597,-0.121304229,-0.105382670,-2.998164036,-0.181700347,-0.106118276,-2.423999877,0.000341404,0.000735606,-0.574164159,-0.182041751,-0.491312715,-450.000000000,-2.743684462,0.043963520,-0.000917905,-9.491385580,114.995674574,-114.750018216,110.004325426,-110.249981784,1.371842231,1.371842231
1786024506.130141735,53.350298390,0.000000000,NONE,0,0.049997780,-0.999999997,-97.500000000,-1.340335735,-1.026699846,-94.588424710,-1.219026917,0.026699848,-2.911575290,-0.121308818,-0.104167615,-2.998186972,-0.182029140,-0.105553273,-2.423998390,0.000037736,0.001385658,-0.574188581,-0.182066876,-0.442697016,-450.000000000,-2.745183870,0.043920823,-0.000817849,-9.493362255,114.984014818,-114.762666310,110.015985182,-110.237333690,1.372591935,1.372591935
1786024506.180167198,53.400323879,0.000000000,NONE,0,0.050041313,-0.999999997,-97.500000000,-1.340335735,-1.026632333,-94.709738509,-1.219024643,0.026632336,-2.790261491,-0.121311092,-0.102906837,-2.998211616,-0.182343485,-0.104839510,-2.423997082,-0.000267433,0.001932674,-0.574214534,-0.182076052,-0.399443691,-450.000000000,-2.745506989,0.043881221,-0.000779769,-9.494966591,114.973602571,-114.773880725,110.026397429,-110.226119275,1.372753495,1.372753495
1786024506.230251074,53.450407687,0.000000000,TARGET_UPDATED,0,0.050075307,0.000000003,-98.500000000,-1.340335735,-1.026530216,-94.831050527,-1.219024924,1.026530219,-3.668949473,-0.121310811,0.681018532,-2.921665899,-0.182191751,-0.104001594,-2.423996047,-0.000538969,0.785020126,-0.497669853,-0.181652782,84.862477981,-450.000000000,-2.707242117,0.043842031,0.000000000,-9.504019889,82.585877722,-120.000000000,115.809872976,-78.395750698,1.353621058,1.353621058
1786024506.280120373,53.500276946,0.000000000,NONE,0,0.049880066,0.000000003,-98.500000000,-1.340335735,-1.020281278,-94.949007620,-1.219021578,1.020281281,-3.550992380,-0.121314157,0.700833894,-2.917397496,-0.175320380,0.127611872,-2.324586561,0.005966654,0.573222022,-0.592810934,-0.181287033,53.590778227,-450.000000000,-2.682759766,0.043796572,-0.000756453,-9.497187840,94.932589293,-120.000000000,115.557632936,-90.490222228,1.341379883,1.341379883
1786024506.330145597,53.550302238,0.000000000,NONE,0,0.050001956,0.000000003,-98.500000000,-1.340335735,-1.003113099,-95.064800237,-1.218974074,1.003113102,-3.435199763,-0.121361661,0.711991684,-2.914983480,-0.170524548,0.308490223,-2.335679643,0.013609655,0.403501460,-0.579303838,-0.184134202,45.021511625,-450.000000000,-2.946335301,0.043721030,-0.000452356,-9.498557701,98.583284498,-120.000000000,115.481539810,-94.064824308,1.473167651,1.473167651
1786024506.380142450,53.600298869,0.000000000,NONE,0,0.050043325,0.000000003,-98.500000000,-1.340335735,-0.978504050,-95.181266429,-1.218866424,0.978504053,-3.318733571,-0.121469311,0.717856137,-2.913389678,-0.173324650,0.439896134,-2.355611698,0.013171432,0.277960003,-0.557777980,-0.186496082,38.781615549,-450.000000000,-3.101922424,0.043620972,-0.000316522,-9.496277309,101.320488295,-120.000000000,115.426033170,-96.746521465,1.550961212,1.550961212
1786024506.430207968,53.650364617,0.000000000,NONE,0,0.050027431,0.000000003,-98.500000000,-1.340335735,-0.948422606,-95.298384918,-1.218720247,0.948422609,-3.201615082,-0.121615488,0.719871810,-2.912405767,-0.181536393,0.534545722,-2.372097195,0.006288437,0.185326088,-0.540308571,-0.187824830,34.023455766,-450.000000000,-3.174298466,0.043520980,-0.000307917,-9.492718428,103.454180814,-120.000000000,115.383631699,-98.837812512,1.587149233,1.587149233
1786024506.480108976,53.700265633,0.000000000,NONE,0,0.049919863,0.000000003,-98.500000000,-1.340335735,-0.914490972,-95.416038718,-1.218558968,0.914490974,-3.083961282,-0.121776767,0.719181572,-2.911837187,-0.193257905,0.599589794,-2.384980605,-0.004837015,0.119591778,-0.526856582,-0.188420890,30.569863716,-450.000000000,-3.201402648,0.043443320,-0.000333835,-9.490583861,105.028852404,-120.000000000,115.352124135,-100.380976539,1.600701324,1.600701324
1786024506.530119181,53.750275856,0.000000000,NONE,0,0.050001568,0.000000003,-98.500000000,-1.340335735,-0.885451011,-95.510486390,-1.218438845,0.885451014,-2.989513610,-0.121896889,0.717317822,-2.911593354,-0.203744203,0.634465699,-2.393550163,-0.015236753,0.082852122,-0.518043190,-0.188507450,28.821864945,-450.000000000,-3.197252672,0.043403372,-0.000342828,-9.491638568,105.834412653,-120.000000000,115.334977960,-101.169390613,1.598626336,1.598626336
1786024506.580156565,53.800313417,0.000000000,NONE,0,0.050002585,0.000000003,-98.500000000,-1.340335735,-0.847556153,-95.628836382,-1.218318035,0.847556156,-2.871163618,-0.122017700,0.713913121,-2.911533615,-0.216330257,0.665075683,-2.400109500,-0.028035619,0.048837438,-0.511424116,-0.188294639,26.604257804,-450.000000000,-3.176368695,0.043375784,-0.000358188,-9.493615697,106.864740167,-120.000000000,115.312738666,-102.177478832,1.588184347,1.588184347
1786024506.630131245,53.850287775,0.000000000,NONE,0,0.050005825,0.000000003,-98.500000000,-1.340335735,-0.808480763,-95.747424385,-1.218239087,0.808480766,-2.752575615,-0.122096648,0.709768938,-2.911765011,-0.226703902,0.683527019,-2.405640663,-0.038802070,0.026241918,-0.506124347,-0.187901832,25.196128424,-450.000000000,-3.145273005,0.043357604,-0.000376627,-9.496313202,107.523901133,-120.000000000,115.297811617,-102.821712750,1.572636503,1.572636503
1786024506.680187464,53.900344016,0.000000000,TARGET_UPDATED,0,0.050079359,0.000000000,-100.000000000,-1.000000000,-0.768751977,-95.866236839,-1.218207177,0.768751977,-4.133763161,0.218207177,0.435575387,-2.972072016,0.290162627,0.693392443,-2.409940800,-0.046270987,-0.257817055,-0.562131216,0.336433613,-12.055515408,-450.000000000,44.028868117,0.043329350,-0.000412512,-9.498033792,117.888387300,-111.860629596,107.111612700,-113.139370404,-22.014434059,-22.014434059
1786024506.730169535,53.950326198,0.000000000,NONE,0,0.049970695,0.000000000,-100.000000000,-1.000000000,-0.730843458,-95.985432944,-1.214475568,0.730843458,-4.014567056,0.214475568,0.422491149,-2.974301953,0.280229551,0.613666515,-2.418818120,0.115892932,-0.191175366,-0.555483833,0.164336619,-1.591581157,-450.000000000,18.072135152,0.043266257,-0.000493365,-9.496501983,115.272020785,-114.476230206,109.727979215,-110.523769794,-9.036067576,-9.036067576
1786024506.780223131,54.000379877,0.000000000,NONE,0,0.049994641,0.000000000,-100.000000000,-1.000000000,-0.697838373,-96.105100085,-1.201993438,0.697838373,-3.894899915,0.201993438,0.410915924,-2.975717680,0.260874352,0.540373738,-2.422748224,0.244435898,-0.129457814,-0.552969456,0.016438454,1.548906909,-450.000000000,8.205352515,0.043152337,-0.000517803,-9.491458721,114.485637953,-115.260091407,110.514362047,-109.739908593,-4.102676257,-4.102676257
1786024506.830204248,54.050360786,0.000000000,NONE,0,0.049971613,0.000000000,-100.000000000,-1.000000000,-0.667464488,-96.224929071,-1.186297209,0.667464488,-3.775070929,0.186297209,0.400772183,-2.976531392,0.240275866,0.495700768,-2.423675166,0.288525881,-0.094928585,-0.552856226,-0.048250015,2.682006732,-450.000000000,5.339730201,0.043016784,-0.000428873,-9.485803042,114.200949078,-115.541952444,110.799050922,-109.458047556,-2.669865101,-2.669865101
1786024506.880085230,54.100241814,0.000000000,NONE,0,0.049925950,0.000000000,-100.000000000,-1.000000000,-0.638788499,-96.344838330,-1.169670448,0.638788499,-3.655161670,0.169670448,0.391999510,-2.976919129,0.221499483,0.462984266,-2.423736123,0.306242652,-0.070984756,-0.553183006,-0.084743169,3.573704411,-450.000000000,3.346652694,0.042891403,-0.000213972,-9.482204374,113.977124991,-115.763977196,111.022875009,-109.236022804,-1.673326347,-1.673326347
1786024506.930299759,54.150456097,0.000000000,NONE,0,0.050135874,0.000000000,-100.000000000,-1.000000000,-0.611342465,-96.464812283,-1.152928952,0.611342465,-3.535187717,0.152928952,0.384438902,-2.977033929,0.205175679,0.438209502,-2.423589506,0.312274782,-0.053770600,-0.553444424,-0.107099103,4.188928605,-450.000000000,2.064091204,0.042800195,0.000094149,-9.482280610,113.823338001,-115.917802304,111.176661999,-109.082197696,-1.032045602,-1.032045602
1786024506.980247259,54.200403867,0.000000000,NONE,0,0.049970667,0.000000000,-100.000000000,-1.000000000,-0.584801783,-96.584852274,-1.136559077,0.584801783,-3.415147726,0.136559077,0.377869742,-2.977025956,0.191022973,0.419337295,-2.423452718,0.311599000,-0.041467554,-0.553573237,-0.120576028,4.590040697,-450.000000000,1.293904084,0.042754524,0.000419136,-9.486149693,113.724027249,-116.019047597,111.275972751,-108.980952403,-0.646952042,-0.646952042
1786024507.030262709,54.250419405,0.000000000,NONE,0,0.050014163,0.000000000,-100.000000000,-1.000000000,-0.558946753,-96.704960456,-1.120820463,0.558946753,-3.295039544,0.120820463,0.372084638,-2.977015446,0.178259985,0.404766804,-2.423388968,0.307259972,-0.032682166,-0.553626478,-0.128999987,4.838831361,-450.000000000,0.802266243,0.042752267,0.000669743,-9.492751693,113.663480083,-116.082895763,111.336519917,-108.917104237,-0.401133121,-0.401133121
1786024507.080194712,54.300351292,0.000000000,NONE,0,0.049964452,0.000000000,-100.000000000,-1.000000000,-0.533625575,-96.825134794,-1.105828629,0.533625575,-3.174865206,0.105828629,0.366912017,-2.977083262,0.165982372,0.393426005,-2.423401914,0.300711378,-0.026513987,-0.553681347,-0.134729006,4.973701214,-450.000000000,0.454307669,0.042780513,0.000761522,-9.500204171,113.631625739,-116.118476346,111.368374261,-108.881523654,-0.227153834,-0.227153834
1786024507.130429506,54.350585830,0.000000000,NONE,0,0.050066065,0.000000000,-100.000000000,-1.000000000,-0.508734487,-96.945368990,-1.091619634,0.508734487,-3.054631010,0.091619634,0.362215278,-2.977273809,0.153387132,0.384472283,-2.423475179,0.292533838,-0.022257005,-0.553798630,-0.139146705,5.026774713,-450.000000000,0.171493237,0.042820599,0.000657830,-9.506661814,113.619971775,-116.133359132,111.380028225,-108.866640868,-0.085746619,-0.085746619
1786024507.180154085,54.400310822,0.000000000,NONE,0,0.049908377,0.000000000,-100.000000000,-1.000000000,-0.484202637,-97.065653757,-1.078185511,0.484202637,-2.934346243,0.078185511,0.357880071,-2.977602833,0.139847830,0.377317781,-2.423588938,0.282929081,-0.019437709,-0.554013895,-0.143081251,5.017988216,-450.000000000,-0.094522905,0.042853182,0.000368089,-9.510648538,113.623165081,-116.132159189,111.376834919,-108.867840811,0.047261453,0.047261453
1786024507.230303526,54.450460017,0.000000000,NONE,0,0.050156098,0.000000000,-100.000000000,-1.000000000,-0.459982109,-97.185978279,-1.065496375,0.459982109,-2.814021721,0.065496375,0.353800734,-2.978065155,0.124919846,0.371523550,-2.423725596,0.271893433,-0.017722816,-0.554339559,-0.146973587,4.959644687,-450.000000000,-0.365755510,0.042862223,-0.000060667,-9.511383855,113.637934792,-116.117757136,111.362065208,-108.882242864,0.182877755,0.182877755
1786024507.280148745,54.500305224,0.000000000,NONE,0,0.049857206,0.000000000,-100.000000000,-1.000000000,-0.436041902,-97.306331460,-1.053507594,0.436041902,-2.693668540,0.053507594,0.349866136,-2.978641039,0.108319621,0.366727369,-2.423870730,0.259489798,-0.016861232,-0.554770308,-0.151170177,4.861933152,-450.000000000,-0.666084555,0.042838524,-0.000541387,-9.508952313,113.661754790,-116.092721366,111.338245210,-108.907278634,0.333042277,0.333042277
1786024507.330358982,54.550515774,0.000000000,NONE,0,0.050154337,0.000000000,-100.000000000,-1.000000000,-0.412364658,-97.426702832,-1.042169352,0.412364658,-2.573297168,0.042169352,0.345945372,-2.979300450,0.089953862,0.362581670,-2.424011827,0.245731672,-0.016636298,-0.555288623,-0.155777810,4.732073244,-450.000000000,-0.996315758,0.042781481,-0.000991871,-9.504175448,113.693025551,-116.059062173,111.306974449,-108.940937827,0.498157879,0.498157879
1786024507.380230904,54.600387449,0.000000000,NONE,0,0.049893493,0.000000000,-100.000000000,-1.000000000,-0.388943784,-97.547083044,-1.031432906,0.388943784,-2.452916956,0.031432906,0.341895141,-2.980005304,0.069994008,0.358760375,-2.424129881,0.230771707,-0.016865234,-0.555875423,-0.160777699,4.575943081,-450.000000000,-1.354650147,0.042698714,-0.001345724,-9.498276294,113.730583303,-116.018554844,111.269416697,-108.981445156,0.677325073,0.677325073
1786024507.430208921,54.650365552,0.000000000,NONE,0,0.049939421,0.000000000,-100.000000000,-1.000000000,-0.365780436,-97.667464411,-1.021255646,0.365780436,-2.332535589,0.021255646,0.337584146,-2.980714246,0.048949815,0.354981675,-2.424206748,0.214930272,-0.017397528,-0.556507498,-0.165980457,4.397763936,-450.000000000,-1.722813387,0.042602883,-0.001557479,-9.492747369,113.773745858,-115.972627826,111.226254142,-109.027372174,0.861406693,0.861406693
1786024507.480128288,54.700284972,0.000000000,NONE,0,0.049965151,0.000000000,-100.000000000,-1.000000000,-0.342879625,-97.787841904,-1.011600868,0.342879625,-2.212158096,0.011600868,0.332911346,-2.981394609,0.027550488,0.351052701,-2.424237463,0.198751072,-0.018141355,-0.557157145,-0.171200584,4.198991185,-450.000000000,-2.088516274,0.042506927,-0.001622679,-9.488666680,113.822418874,-115.921914466,111.177581126,-109.078085534,1.044258137,1.044258137
1786024507.530161381,54.750317945,0.000000000,NONE,0,0.050019642,0.000000000,-100.000000000,-1.000000000,-0.320248886,-97.908213503,-1.002441747,0.320248886,-2.091786497,0.002441747,0.327808818,-2.982031427,0.006584950,0.346827470,-2.424227252,0.182727420,-0.019018652,-0.557804175,-0.176142469,3.982398235,-450.000000000,-2.428771746,0.042421953,-0.001533793,-9.487001456,113.876150805,-115.867349923,111.123849195,-109.132650077,1.214385873,1.214385873
1786024507.580447197,54.800603777,0.000000000,NONE,0,0.050246114,0.000000000,-100.000000000,-1.000000000,-0.297897461,-98.028580281,-0.993757910,0.297897461,-1.971419719,-0.006242090,0.321252062,-2.973381390,-0.013219324,0.342218421,-2.424190661,0.167395202,-0.020966359,-0.549190730,-0.180614526,3.640768115,-450.000000000,-2.732019827,0.042351361,-0.001403179,-9.486916231,113.961537029,-115.781921087,111.038462971,-109.218078913,1.366009914,1.366009914
1786024507.630199194,54.850355779,0.000000000,NONE,0,0.049787689,0.000000000,-100.000000000,-1.000000000,-0.280230754,-98.124872442,-0.987145539,0.280230754,-1.875127558,-0.012854461,0.300964037,-2.827890483,-0.027409490,0.337913150,-2.424148727,0.155788548,-0.036949112,-0.403741756,-0.183198038,1.796431991,-450.000000000,-2.875753239,0.042305078,-0.001277966,-9.488678281,114.423061573,-115.321277568,110.576938427,-109.678722432,1.437876619,1.437876619
1786024507.680278063,54.900434581,0.000000000,NONE,0,0.050012679,0.000000000,-100.000000000,-1.000000000,-0.258523898,-98.245243733,-0.979281777,0.258523898,-1.754756267,-0.020718223,0.276052453,-2.646023982,-0.042746850,0.328262251,-2.424090699,0.142992570,-0.052209798,-0.221933284,-0.185739420,0.209647382,-450.000000000,-3.052574151,0.042256808,-0.001140283,-9.490420263,114.820193220,-114.925016911,110.179806780,-110.074983089,1.526287076,1.526287076
1786024507.730245352,54.950401927,0.000000000,NONE,0,0.050017346,0.000000000,-100.000000000,-1.000000000,-0.237471445,-98.365634115,-0.971840577,0.237471445,-1.634365885,-0.028159423,0.252058184,-2.464173900,-0.055434672,0.313935893,-2.424009126,0.132096591,-0.061877708,-0.040164774,-0.187531263,-0.864620089,-450.000000000,-3.163012801,0.042213315,-0.001042503,-9.492141396,115.089190371,-114.656880327,109.910809629,-110.343119673,1.581506400,1.581506400
1786024507.780190229,55.000346858,0.000000000,NONE,0,0.049982361,0.000000000,-100.000000000,-1.000000000,-0.217246842,-98.486057182,-0.964809940,0.217246842,-1.513942818,-0.035190060,0.229303795,-2.282352920,-0.065681370,0.296739490,-2.423970232,0.123174770,-0.067435695,0.141617312,-0.188856141,-1.640201799,-387.849964305,-3.246436749,0.042169998,-0.000966670,-9.493649862,99.745953991,-98.925853092,94.179028161,-94.999129060,1.623218374,1.623218374
1786024507.830332518,55.050489096,0.000000000,NONE,0,0.050080127,0.000000000,-100.000000000,-1.000000000,-0.198056421,-98.603753203,-0.958190465,0.198056421,-1.396246797,-0.041809535,0.209421427,-2.104777225,-0.068076231,0.279259411,-2.318511305,0.121399668,-0.069837984,0.213734080,-0.189475899,-2.138977049,-326.044275955,-3.275688276,0.041440289,-0.029821972,-9.150870790,84.333530948,-83.264042424,78.688607029,-79.758095553,1.637844138,1.637844138
1786024507.880250692,55.100407258,0.000000000,NONE,0,0.049994846,0.000000000,-100.000000000,-1.000000000,-0.180111784,-98.714530312,-0.951991134,0.180111784,-1.285469688,-0.048008866,0.195471610,-1.937627766,-0.059486968,0.266023026,-2.161782260,0.132062235,-0.070551416,0.224154494,-0.191549203,-2.419290183,-274.891697522,-3.449914545,0.038314016,-0.088336426,-8.319455438,71.407610786,-70.197965694,66.038237975,-67.247883067,1.724957272,1.724957272
1786024507.930198669,55.150355348,0.000000000,NONE,0,0.049902314,0.000000000,-100.000000000,-1.000000000,-0.163445225,-98.817431276,-0.946215759,0.163445225,-1.182568724,-0.053784241,0.187760667,-1.782037924,-0.047512974,0.258559696,-2.001735520,0.146679588,-0.070799029,0.219697596,-0.194192562,-2.567575300,-231.123304216,-3.646450003,0.032006912,-0.152099421,-7.180451580,60.217832774,-58.934045124,55.343819334,-56.627606984,1.823225001,1.823225001
1786024507.980210066,55.200366694,0.000000000,NONE,0,0.049979601,0.000000000,-100.000000000,-1.000000000,-0.148007995,-98.912760454,-0.940892925,0.148007995,-1.087239546,-0.059107075,0.184267878,-1.637516691,-0.037902281,0.255392575,-1.849528164,0.157940939,-0.071124697,0.212011473,-0.195843220,-2.652434546,-193.791120983,-3.742052005,0.022939704,-0.200816820,-5.970194020,50.603437387,-49.277220114,46.292123104,-47.618340377,1.871026002,1.871026002
1786024508.030953884,55.251110704,0.000000000,NONE,0,0.050780305,0.000000000,-100.000000000,-1.000000000,-0.133731479,-99.000990699,-0.936043932,0.133731479,-0.999009301,-0.063956068,0.182459563,-1.503544080,-0.032409336,0.254027101,-1.707112362,0.163896895,-0.071567538,0.203568282,-0.196306231,-2.714662258,-162.073119778,-3.750554097,0.012131319,-0.227640615,-4.838517322,42.406574840,-41.049243710,38.629985050,-39.987316179,1.875277049,1.875277049
1786024508.080357075,55.300513728,0.000000000,NONE,0,0.049228740,0.000000000,-100.000000000,-1.000000000,-0.120544315,-99.082543324,-0.931656123,0.120544315,-0.917456676,-0.068343877,0.180409783,-1.379702796,-0.031012694,0.252359130,-1.573611041,0.164989944,-0.071949346,0.193908245,-0.196002638,-2.773859406,-135.328940369,-3.714017642,0.000624560,-0.235041675,-3.844027475,35.486706813,-34.099777110,32.177763372,-33.564693075,1.857008821,1.857008821
1786024508.130205154,55.350361882,0.000000000,NONE,0,0.050034954,0.000000000,-100.000000000,-1.000000000,-0.108376017,-99.157874642,-0.927692424,0.108376017,-0.842125358,-0.072307576,0.177073554,-1.265453139,-0.033290473,0.249176553,-1.449960148,0.162069805,-0.072102999,0.184507009,-0.195360278,-2.837091767,-112.732791195,-3.662381218,-0.010797984,-0.228807907,-2.991481114,29.640341019,-28.221795136,26.726054579,-28.144600462,1.831190609,1.831190609
1786024508.180336475,55.400492836,0.000000000,NONE,0,0.050146522,0.000000000,-100.000000000,-1.000000000,-0.097160761,-99.227491851,-0.924106698,0.097160761,-0.772508149,-0.075893302,0.172088554,-1.160091199,-0.038779445,0.244033763,-1.336774904,0.155855973,-0.071945210,0.176683706,-0.194635418,-2.906243643,-93.591557392,-3.610024382,-0.021645992,-0.214272285,-2.266825705,24.691156685,-23.238034864,22.104622011,-23.557743832,1.805012191,1.805012191
1786024508.230128527,55.450285188,0.000000000,NONE,0,0.049818287,0.000000000,-100.000000000,-1.000000000,-0.086838124,-99.291831617,-0.920846936,0.086838124,-0.708168383,-0.079153064,0.165476855,-1.062946462,-0.046972471,0.236910774,-1.232632559,0.146971833,-0.071433919,0.169686097,-0.193944304,-2.976699202,-77.450717465,-3.562228595,-0.031635628,-0.194892938,-1.658296248,20.521428229,-19.033078628,18.203930504,-19.692280105,1.781114297,1.781114297
1786024508.280330181,55.500486941,0.000000000,NONE,0,0.050090733,0.000000000,-100.000000000,-1.000000000,-0.077353593,-99.351315885,-0.917864388,0.077353593,-0.648684115,-0.082135612,0.157451087,-0.973307500,-0.057478087,0.228019809,-1.137423321,0.135818546,-0.070568722,0.164115820,-0.193296632,-3.043182557,-63.771074213,-3.517834293,-0.040617904,-0.172999000,-1.154584357,16.992210282,-15.470619003,14.893326825,-16.414918103,1.758917147,1.758917147
1786024508.330207348,55.550363982,0.000000000,NONE,0,0.049958892,0.000000000,-100.000000000,-1.000000000,-0.068653878,-99.406238258,-0.915108763,0.068653878,-0.593761742,-0.084891237,0.148282707,-0.890626906,-0.069713283,0.217623313,-1.048456650,0.122917823,-0.069340606,0.157829744,-0.192631106,-3.097636721,-52.354953793,-3.470855899,-0.048509688,-0.149732751,-0.751057176,14.050911922,-12.502093562,12.126564974,-13.675383335,1.735427950,1.735427950
1786024508.380295992,55.600452599,0.000000000,NONE,0,0.050005376,0.000000000,-100.000000000,-1.000000000,-0.060692302,-99.456943421,-0.912542474,0.060692302,-0.543056579,-0.087457526,0.138269769,-0.814301055,-0.082714035,0.206057636,-0.966968369,0.109208276,-0.067787867,0.152667313,-0.191922311,-3.136572972,-42.671137106,-3.420387425,-0.055285736,-0.126350772,-0.437263949,11.561243507,-9.992957021,9.774325046,-11.342611532,1.710193712,1.710193712
1786024508.430192947,55.650349505,0.000000000,NONE,0,0.049970691,0.000000000,-100.000000000,-1.000000000,-0.053419788,-99.503645970,-0.910129344,0.053419788,-0.496354030,-0.089870656,0.127688853,-0.743988702,-0.095374330,0.193607036,-0.889848791,0.095884090,-0.065918183,0.145860089,-0.191258420,-3.153918541,-34.716757993,-3.374803818,-0.060943965,-0.103341069,-0.208611841,9.519822094,-7.942862823,7.838556903,-9.415516173,1.687401909,1.687401909
1786024508.480240345,55.700397117,0.000000000,NONE,0,0.050017339,0.000000000,-100.000000000,-1.000000000,-0.046796387,-99.546652325,-0.907849534,0.046796387,-0.453347675,-0.092150466,0.116812015,-0.679236377,-0.107031665,0.180579092,-0.819287034,0.083625404,-0.063767076,0.140050657,-0.190657070,-3.147719839,-27.983079740,-3.333972034,-0.065520035,-0.081596790,-0.053414774,7.796053588,-6.222193669,6.195486282,-7.769346201,1.666986017,1.666986017
1786024508.530326366,55.750482654,0.000000000,NONE,0,0.050066483,0.000000000,-100.000000000,-1.000000000,-0.040785270,-99.586256166,-0.905691857,0.040785270,-0.413743834,-0.094308143,0.105889668,-0.619620538,-0.117371088,0.167246352,-0.754344794,0.072736177,-0.061356684,0.134724256,-0.190107265,-3.115532625,-22.358683761,-3.296527044,-0.069077895,-0.061681331,0.038976425,6.358809990,-4.801043678,4.820531890,-6.378298203,1.648263522,1.648263522
1786024508.580152035,55.800308796,0.000000000,NONE,0,0.049903172,0.000000000,-100.000000000,-1.000000000,-0.035349554,-99.622700030,-0.903649142,0.035349554,-0.377299970,-0.096350858,0.095148442,-0.564795198,-0.126300976,0.153859206,-0.694152633,0.063307703,-0.058710764,0.129357435,-0.189608680,-3.056377504,-17.704928427,-3.262616524,-0.071709663,-0.044060076,0.080462363,5.170210892,-3.642022140,3.682253321,-5.210442074,1.631308262,1.631308262
1786024508.630441904,55.850598518,0.000000000,NONE,0,0.050100518,0.000000000,-100.000000000,-1.000000000,-0.031391211,-99.649733166,-0.902095203,0.031391211,-0.350266834,-0.097904797,0.086819684,-0.524161909,-0.132462310,0.143281532,-0.648550116,0.056787320,-0.056461848,0.124388207,-0.189249629,-3.003288993,-14.602490809,-3.240307465,-0.073226848,-0.031979604,0.088369909,4.379352473,-2.877707977,2.921892931,-4.423537428,1.620153733,1.620153733
1786024508.680129051,55.900285670,0.000000000,NONE,0,0.049887352,0.000000000,-100.000000000,-1.000000000,-0.026906132,-99.681090165,-0.900252842,0.026906132,-0.318909835,-0.099747158,0.076877882,-0.477076492,-0.139053507,0.130292456,-0.597751685,0.049755770,-0.053414574,0.120675193,-0.188809277,-2.883226095,-11.186586878,-3.207822485,-0.074492738,-0.019013885,0.067416409,3.500599141,-2.058986094,2.092694298,-3.534307345,1.603911242,1.603911242
1786024508.730211496,55.950368179,0.000000000,NONE,0,0.050049207,0.000000000,-100.000000000,-1.000000000,-0.022910477,-99.709993378,-0.898522625,0.022910477,-0.290006622,-0.101477375,0.067575806,-0.433728199,-0.144560485,0.117801138,-0.551000114,0.043836282,-0.050225332,0.117271916,-0.188396767,-2.754590525,-8.357355889,-3.179531588,-0.075176719,-0.008885852,0.028379619,2.770891699,-1.393596436,1.407786246,-2.785081508,1.589765794,1.589765794
1786024508.780445337,56.000602059,0.000000000,NONE,0,0.050241952,0.000000000,-100.000000000,-1.000000000,-0.019364731,-99.736584052,-0.896900884,0.019364731,-0.263415948,-0.103099116,0.059010940,-0.393913100,-0.149107475,0.105977607,-0.506912108,0.038941698,-0.046966667,0.112999009,-0.188049173,-2.610834041,-6.103973015,-3.156523680,-0.075436734,-0.001935609,-0.012741446,2.181887125,-0.876470105,0.870099382,-2.175516402,1.578261840,1.578261840
1786024508.830193996,56.050350500,0.000000000,NONE,0,0.049658524,0.000000000,-100.000000000,-1.000000000,-0.016232195,-99.761010342,-0.895384457,0.016232195,-0.238989658,-0.104615543,0.051243135,-0.357410633,-0.152841990,0.094916075,-0.465814949,0.034923962,-0.043672940,0.108404316,-0.187765952,-2.453682142,-4.283844021,-3.137913298,-0.075427099,0.002125521,-0.046632340,1.696039626,-0.469198555,0.445882385,-1.672723456,1.568956649,1.568956649
1786024508.880193233,56.100349864,0.000000000,NONE,0,0.050082551,0.000000000,-100.000000000,-1.000000000,-0.013480046,-99.783440742,-0.893970818,0.013480046,-0.216559258,-0.106029182,0.044293410,-0.323961848,-0.155919500,0.084661440,-0.427967722,0.031612070,-0.040368030,0.104005874,-0.187531570,-2.288410107,-2.794788490,-3.122529969,-0.075276060,0.003888199,-0.068802196,1.288000198,-0.143795145,0.109394047,-1.253599100,1.561264985,1.561264985
1786024508.930224180,56.150380720,0.000000000,NONE,0,0.050039520,0.000000000,-100.000000000,-1.000000000,-0.011076888,-99.804034349,-0.892657141,0.011076888,-0.195965651,-0.107342859,0.038160435,-0.293305931,-0.158501702,0.075227205,-0.393094625,0.028827626,-0.037066770,0.099788694,-0.187329327,-2.115401510,-1.592398004,-3.109011266,-0.075083932,0.003904620,-0.076822372,0.946155471,0.111545284,-0.149956470,-0.907744285,1.554505633,1.554505633
1786024508.980375051,56.200531646,0.000000000,NONE,0,0.050063837,0.000000000,-100.000000000,-1.000000000,-0.008990642,-99.822936822,-0.891440144,0.008990642,-0.177063178,-0.108559856,0.032791821,-0.265242059,-0.160656756,0.066649290,-0.360955907,0.026495583,-0.033857469,0.095713848,-0.187152339,-1.943731082,-0.630999476,-3.097128498,-0.074921355,0.002807420,-0.071354763,0.661521330,0.310344211,-0.346021592,-0.625843949,1.548564249,1.548564249
1786024509.030424118,56.250580622,0.000000000,NONE,0,0.049945366,0.000000000,-100.000000000,-1.000000000,-0.007189115,-99.840278437,-0.890316002,0.007189115,-0.159721563,-0.109683998,0.028113618,-0.239592473,-0.162449568,0.058914242,-0.331251275,0.024555318,-0.030800624,0.091658802,-0.187004886,-1.777582293,0.119987705,-3.087389766,-0.074829808,0.001140189,-0.054531438,0.428031506,0.460759640,-0.488025359,-0.400765787,1.543694883,1.543694883
1786024509.080168962,56.300325665,0.000000000,NONE,0,0.049940342,0.000000000,-100.000000000,-1.000000000,-0.005642787,-99.856180493,-0.889280523,0.005642787,-0.143819507,-0.110719477,0.024064408,-0.216142741,-0.164000858,0.051948139,-0.303849922,0.022870812,-0.027883732,0.087707181,-0.186871670,-1.616140171,0.705691233,-3.078349354,-0.074822132,-0.000604329,-0.030227080,0.235169004,0.572901081,-0.588014621,-0.220055465,1.539174677,1.539174677
1786024509.130288124,56.350444809,0.000000000,NONE,0,0.050073259,0.000000000,-100.000000000,-1.000000000,-0.004324459,-99.870758534,-0.888329559,0.004324459,-0.129241466,-0.111670441,0.020575833,-0.194677875,-0.165408391,0.045697586,-0.278636395,0.021311876,-0.025121753,0.083958520,-0.186720267,-1.461728222,1.162557169,-3.067395025,-0.074890447,-0.002056533,-0.002739786,0.075477710,0.655386401,-0.656756294,-0.074107817,1.533697513,1.533697513
1786024509.180469275,56.400625614,0.000000000,NONE,0,0.049836873,0.000000000,-100.000000000,-1.000000000,-0.003207670,-99.884117369,-0.887458831,0.003207670,-0.115882631,-0.112541169,0.017572347,-0.174996545,-0.166741552,0.040123485,-0.255393824,0.019788277,-0.022551138,0.080397280,-0.186529830,-1.317097255,1.511564069,-3.053266874,-0.075013112,-0.002991421,0.023899119,-0.054591483,0.713140111,-0.701190551,0.042641924,1.526633437,1.526633437
1786024509.230700254,56.450856883,0.000000000,NONE,0,0.050606712,0.000000000,-100.000000000,-1.000000000,-0.002268054,-99.896354359,-0.886663850,0.002268054,-0.103645641,-0.113336150,0.014976192,-0.156903475,-0.168049000,0.035162460,-0.233999456,0.018234457,-0.020186268,0.077095980,-0.186283457,-1.184597144,1.781613125,-3.034973621,-0.075163522,-0.003344170,0.047066961,-0.161020736,0.753319308,-0.729785827,0.137487255,1.517486811,1.517486811
1786024509.280276299,56.500432973,0.000000000,NONE,0,0.049524819,0.000000000,-100.000000000,-1.000000000,-0.001484947,-99.907554660,-0.885939756,0.001484947,-0.092445340,-0.114060244,0.012744657,-0.140275252,-0.169310718,0.030710115,-0.214202525,0.016682541,-0.017965458,0.073927273,-0.185993258,-1.056632409,1.973065926,-3.013668410,-0.075313429,-0.003151740,0.064595033,-0.245257137,0.773573342,-0.741275825,0.212959621,1.506834205,1.506834205
1786024509.330394983,56.550551524,0.000000000,NONE,0,0.050081768,0.000000000,-100.000000000,-1.000000000,-0.000838147,-99.917796688,-0.885281196,0.000838147,-0.082203312,-0.114718804,0.010824212,-0.124981758,-0.170525661,0.026761997,-0.195903908,0.015149969,-0.015937786,0.070922150,-0.185675631,-0.941885511,2.109231026,-2.990951960,-0.075439593,-0.002515336,0.075880339,-0.310806464,0.781749219,-0.743809049,0.272866294,1.495475980,1.495475980
1786024509.380112886,56.600269651,0.000000000,NONE,0,0.049839846,0.000000000,-100.000000000,-1.000000000,-0.000309068,-99.927152621,-0.884682707,0.000309068,-0.072847379,-0.115317293,0.009166210,-0.110912275,-0.171684318,0.023261346,-0.178966152,0.013654095,-0.014095136,0.068053877,-0.185338414,-0.836774661,2.195492788,-2.966922949,-0.075525844,-0.001589745,0.081052939,-0.359942767,0.778330097,-0.737803628,0.319416297,1.483461475,1.483461475
1786024509.430225849,56.650382626,0.000000000,NONE,0,0.050023690,0.000000000,-100.000000000,-1.000000000,0.000118339,-99.935688485,-0.884139016,-0.000118339,-0.064311515,-0.115860984,0.007728923,-0.097979083,-0.172770964,0.020155236,-0.163280617,0.012222300,-0.012426313,0.065301534,-0.184993264,-0.741725338,2.241442799,-2.942628749,-0.075563867,-0.000537777,0.081135063,-0.395213131,0.766075800,-0.725508268,0.354645600,1.471314374,1.471314374
1786024509.480195522,56.700352244,0.000000000,NONE,0,0.050013464,0.000000000,-100.000000000,-1.000000000,0.000458408,-99.943464795,-0.883644972,-0.000458408,-0.056535205,-0.116355028,0.006475539,-0.086113805,-0.173770186,0.017403759,-0.148741166,0.010885761,-0.010928220,0.062627361,-0.184655946,-0.656369164,2.251415131,-2.919171705,-0.075552040,0.000507034,0.077297995,-0.418085990,0.746270573,-0.707621575,0.379436993,1.459585853,1.459585853
1786024509.530663490,56.750820074,0.000000000,NONE,0,0.050218374,0.000000000,-100.000000000,-1.000000000,0.000723790,-99.950537445,-0.883195667,-0.000723790,-0.049462555,-0.116804333,0.005374081,-0.075261191,-0.174671386,0.014969936,-0.135265396,0.009669217,-0.009595855,0.060004205,-0.184340603,-0.580713181,2.230908313,-2.897562731,-0.075493931,0.001441422,0.070887823,-0.430270739,0.720627329,-0.685183418,0.394826827,1.448781365,1.448781365
1786024509.580252171,56.800408870,0.000000000,NONE,0,0.049792904,0.000000000,-100.000000000,-1.000000000,0.000925496,-99.956958695,-0.882786578,-0.000925496,-0.043041305,-0.117213422,0.004397218,-0.065372616,-0.175470734,0.012818332,-0.122786623,0.008586564,-0.008421114,0.057414007,-0.184057298,-0.513832636,2.183657968,-2.878321192,-0.075396709,0.002198322,0.063049468,-0.433218700,0.690135018,-0.658610284,0.401693966,1.439160596,1.439160596
1786024509.630217791,56.850374476,0.000000000,NONE,0,0.050035409,0.000000000,-100.000000000,-1.000000000,0.001073192,-99.962777994,-0.882413544,-0.001073192,-0.037222006,-0.117586456,0.003521922,-0.056401029,-0.176171022,0.010921723,-0.111255169,0.007643055,-0.007399801,0.054854140,-0.183814077,-0.456250414,2.115975578,-2.862124439,-0.075269726,0.002741329,0.054993096,-0.428679565,0.656804772,-0.629308224,0.401183017,1.431062219,1.431062219
1786024509.680186510,56.900343138,0.000000000,NONE,0,0.049937329,0.000000000,-100.000000000,-1.000000000,0.001174820,-99.968042031,-0.882073028,-0.001174820,-0.031957969,-0.117926972,0.002730016,-0.048298466,-0.176779797,0.009241583,-0.100617803,0.006829124,-0.006511567,0.052319336,-0.183608920,-0.405979922,2.030572220,-2.848516135,-0.075122663,0.003076872,0.047375476,-0.417991944,0.620981905,-0.597294167,0.394304205,1.424258067,1.424258067
1786024509.730228901,56.950385633,0.000000000,NONE,0,0.050041605,0.000000000,-100.000000000,-1.000000000,0.001237054,-99.972795292,-0.881761928,-0.001237054,-0.027204708,-0.118238072,0.002008665,-0.041014349,-0.177307618,0.007753146,-0.090836145,0.006134304,-0.005744481,0.049821795,-0.183441923,-0.362719623,1.932646015,-2.837597407,-0.074964699,0.003225496,0.040754806,-0.402670300,0.584030111,-0.563652708,0.382292897,1.418798703,1.418798703
1786024509.780485392,57.000642010,0.000000000,NONE,0,0.050264543,0.000000000,-100.000000000,-1.000000000,0.001262013,-99.976258229,-0.881532505,-0.001262013,-0.023741771,-0.118467495,0.001477525,-0.035741100,-0.177679395,0.006683856,-0.083607281,0.005653731,-0.005206331,0.047866180,-0.183333126,-0.335272393,1.858516333,-2.831154298,-0.074835586,0.003235122,0.037852637,-0.390274144,0.557910341,-0.538984022,0.371347826,1.415577149,1.415577149
1786024509.830114841,57.050271531,0.000000000,NONE,0,0.049636797,0.000000000,-100.000000000,-1.000000000,0.001265535,-99.980193838,-0.881268342,-0.001265535,-0.019806162,-0.118731658,0.000867877,-0.029798495,-0.178090579,0.005445192,-0.075164389,0.005120214,-0.004577315,0.045365894,-0.183210793,-0.295747203,1.727991332,-2.822290916,-0.074675028,0.003197068,0.032801807,-0.366261484,0.514135085,-0.497734182,0.349860581,1.411145458,1.411145458
1786024509.880176306,57.100332951,0.000000000,NONE,0,0.050036621,0.000000000,-100.000000000,-1.000000000,0.001241077,-99.983725282,-0.881027664,-0.001241077,-0.016274718,-0.118972336,0.000321700,-0.024527437,-0.178452106,0.004334194,-0.067456407,0.004661561,-0.004012495,0.042928971,-0.183113667,-0.263373613,1.606451792,-2.816015584,-0.074517927,0.003099928,0.028662376,-0.342935139,0.474621945,-0.460290757,0.328603951,1.408007792,1.408007792
1786024509.930388451,57.150545228,0.000000000,NONE,0,0.050060684,0.000000000,-100.000000000,-1.000000000,0.001192366,-99.986890449,-0.880808471,-0.001192366,-0.013109551,-0.119191529,-0.000158748,-0.019862791,-0.178774230,0.003347729,-0.060467127,0.004261747,-0.003506477,0.040604336,-0.183035977,-0.234286539,1.486116380,-2.810966448,-0.074367662,0.002950447,0.025581793,-0.319352908,0.436496178,-0.423705282,0.306562012,1.405483224,1.405483224
1786024509.980051517,57.200208118,0.000000000,NONE,0,0.049882885,0.000000000,-100.000000000,-1.000000000,0.001122442,-99.989723734,-0.880609153,-0.001122442,-0.010276266,-0.119390847,-0.000569746,-0.015737153,-0.179065206,0.002469874,-0.054138013,0.003903615,-0.003039620,0.038400860,-0.182968820,-0.207114207,1.368378463,-2.806471143,-0.074226362,0.002776884,0.023418694,-0.296170738,0.399727841,-0.388018494,0.284461391,1.403235571,1.403235571
1786024510.030199051,57.250355753,0.000000000,NONE,0,0.050087046,0.000000000,-100.000000000,-1.000000000,0.001034136,-99.992257735,-0.880428272,-0.001034136,-0.007742265,-0.119571728,-0.000907488,-0.012080742,-0.179331133,0.001696097,-0.048438308,0.003575091,-0.002603586,0.036357566,-0.182906223,-0.181694672,1.257860119,-2.802185883,-0.074094474,0.002606612,0.021992653,-0.274539525,0.365386861,-0.354390534,0.263543198,1.401092941,1.401092941
1786024510.080242634,57.300399379,0.000000000,NONE,0,0.050050925,0.000000000,-100.000000000,-1.000000000,0.000930122,-99.994522210,-0.880264516,-0.000930122,-0.005477790,-0.119735484,-0.001168756,-0.008826625,-0.179575900,0.001017567,-0.043302654,0.003266763,-0.002186323,0.034476029,-0.182842664,-0.157108277,1.154244142,-2.797716563,-0.073970986,0.002459842,0.020986015,-0.254530470,0.333084608,-0.322591601,0.244037462,1.398858281,1.398858281
1786024510.130407572,57.350564393,0.000000000,NONE,0,0.050183130,0.000000000,-100.000000000,-1.000000000,0.000812968,-99.996543586,-0.880116649,-0.000812968,-0.003456414,-0.119883351,-0.001351287,-0.005914553,-0.179801557,0.000428295,-0.038668094,0.002973654,-0.001779582,0.032753541,-0.182775211,-0.133002085,1.058273102,-2.792920595,-0.073853983,0.002346266,0.020173978,-0.236361249,0.302862291,-0.292775302,0.226274260,1.396460298,1.396460298
1786024510.180164337,57.400320962,0.000000000,NONE,0,0.049747965,0.000000000,-100.000000000,-1.000000000,0.000685249,-99.998345296,-0.879983439,-0.000685249,-0.001654704,-0.120016561,-0.001454406,-0.003292486,-0.180008902,-0.000075800,-0.034476235,0.002694317,-0.001378606,0.031183749,-0.182703219,-0.109036548,0.969479462,-2.787778182,-0.073741138,0.002267697,0.019269001,-0.219927979,0.274446253,-0.264811752,0.210293478,1.393889091,1.393889091
1786024510.230417728,57.450574387,0.000000000,NONE,0,0.050228154,0.000000000,-100.000000000,-1.000000000,0.000549729,-99.999948850,-0.879863612,-0.000549729,-0.000051150,-0.120136388,-0.001479678,-0.000916016,-0.180198081,-0.000492583,-0.030693969,0.002430191,-0.000987095,0.029777953,-0.182628272,-0.085839702,0.890212313,-2.782486958,-0.073630472,0.002220560,0.018283748,-0.205664090,0.248583941,-0.239442067,0.196522216,1.391243479,1.391243479
1786024510.280495644,57.500652246,0.000000000,NONE,0,0.049973361,0.000000000,-100.000000000,-1.000000000,0.000409238,-100.001373213,-0.879755880,-0.000409238,0.001373213,-0.120244120,-0.001430929,0.001249886,-0.180368979,-0.000826214,-0.027265149,0.002182758,-0.000604716,0.028515035,-0.182551738,-0.063048300,0.818050014,-2.777090141,-0.073520352,0.002196553,0.017062275,-0.193015997,0.224540147,-0.216009010,0.184484860,1.388545070,1.388545070
1786024510.330249786,57.550406277,0.000000000,NONE,0,0.049855934,0.000000000,-100.000000000,-1.000000000,0.000266702,-100.002635157,-0.879658941,-0.000266702,0.002635157,-0.120341059,-0.001314519,0.003230112,-0.180521623,-0.001076817,-0.024150946,0.001955008,-0.000237702,0.027381058,-0.182476631,-0.041308311,0.753900168,-2.771857700,-0.073409956,0.002185756,0.015658404,-0.182062565,0.202716721,-0.194887519,0.174233363,1.385928850,1.385928850
1786024510.380140066,57.600296752,0.000000000,NONE,0,0.049948266,0.000000000,-100.000000000,-1.000000000,0.000125118,-100.003749345,-0.879571518,-0.000125118,0.003749345,-0.120428482,-0.001139977,0.005038436,-0.180656504,-0.001246855,-0.021307871,0.001749111,0.000106879,0.026346307,-0.182405615,-0.021073133,0.695646978,-2.766971286,-0.073299303,0.002177438,0.014211714,-0.172196390,0.182732956,-0.175627099,0.165090533,1.383485643,1.383485643
1786024510.430140734,57.650297316,0.000000000,NONE,0,0.050005565,0.000000000,-100.000000000,-1.000000000,-0.000012605,-100.004728302,-0.879492439,0.000012605,0.004728302,-0.120507561,-0.000919767,0.006678894,-0.180774756,-0.001342157,-0.018697290,0.001565906,0.000422390,0.025376185,-0.182340662,-0.002699490,0.640862529,-2.762547440,-0.073189010,0.002165335,0.012829029,-0.162748017,0.164097762,-0.157683248,0.156333502,1.381273720,1.381273720
1786024510.480209351,57.700366020,0.000000000,NONE,0,0.049994030,0.000000000,-100.000000000,-1.000000000,-0.000143740,-100.005583201,-0.879420639,0.000143740,0.005583201,-0.120579361,-0.000668551,0.008149696,-0.180878217,-0.001368662,-0.016297800,0.001405790,0.000700111,0.024447496,-0.182284008,0.013245884,0.588247168,-2.758747296,-0.073079862,0.002147760,0.011580087,-0.153268285,0.146645343,-0.140855299,0.147478241,1.379373648,1.379373648
1786024510.530118704,57.750275170,0.000000000,NONE,0,0.049991203,0.000000000,-100.000000000,-1.000000000,-0.000265864,-100.006324397,-0.879355188,0.000265864,0.006324397,-0.120644812,-0.000402137,0.009446939,-0.180969285,-0.001334591,-0.014096452,0.001267716,0.000932454,0.023543392,-0.182237000,0.026315940,0.536828494,-2.755649705,-0.072972465,0.002125948,0.010502406,-0.143411710,0.130253740,-0.125002537,0.138160507,1.377824852,1.377824852
1786024510.580430508,57.800586343,0.000000000,NONE,0,0.049996316,0.000000000,-100.000000000,-1.000000000,-0.000376995,-100.006961751,-0.879295310,0.000376995,0.006961751,-0.120704690,-0.000136352,0.010567512,-0.181050621,-0.001250167,-0.012086043,0.001149354,0.001113815,0.022653555,-0.182199975,0.036212129,0.486009638,-2.753257669,-0.072867039,0.002103017,0.009583757,-0.132951381,0.114845317,-0.110053438,0.128159502,1.376628835,1.376628835
1786024510.630312920,57.850469488,0.000000000,NONE,0,0.049982389,0.000000000,-100.000000000,-1.000000000,-0.000475665,-100.007505000,-0.879240372,0.000475665,0.007505000,-0.120759628,0.000113978,0.011511388,-0.181124854,-0.001126274,-0.010266556,0.001047779,0.001240252,0.021777945,-0.182172633,0.042732969,0.435893118,-2.751537287,-0.072763362,0.002082721,0.008766312,-0.121848100,0.100481615,-0.096098459,0.117464944,1.375768643,1.375768643
1786024510.680221558,57.900378022,0.000000000,NONE,0,0.049995180,0.000000000,-100.000000000,-1.000000000,-0.000561026,-100.007963543,-0.879189905,0.000561026,0.007963543,-0.120810095,0.000335976,0.012282266,-0.181194259,-0.000976283,-0.008631446,0.000959084,0.001312259,0.020913712,-0.182153343,0.046001637,0.386198921,-2.750348161,-0.072660885,0.002067616,0.007984642,-0.110046300,0.087045481,-0.083053161,0.106053979,1.375174080,1.375174080
1786024510.730241060,57.950397657,0.000000000,NONE,0,0.050066211,0.000000000,-100.000000000,-1.000000000,-0.000632839,-100.008346761,-0.879143558,0.000632839,0.008346761,-0.120856442,0.000519287,0.012888601,-0.181260582,-0.000812058,-0.007182473,0.000880012,0.001331345,0.020071074,-0.182140593,0.046128516,0.337767889,-2.749586886,-0.072558926,0.002059065,0.007178923,-0.097768832,0.074704574,-0.071115112,0.094179370,1.374793443,1.374793443
1786024510.780323505,58.000480162,0.000000000,NONE,0,0.050115126,0.000000000,-100.000000000,-1.000000000,-0.000691437,-100.008663549,-0.879101084,0.000691437,0.008663549,-0.120898916,0.000656451,0.013343115,-0.181324894,-0.000645593,-0.005909195,0.000807318,0.001302044,0.019252310,-0.182132211,0.043444899,0.290530481,-2.749087537,-0.072456896,0.002056099,0.006308566,-0.085070986,0.063348537,-0.060194254,0.081916703,1.374543769,1.374543769
1786024510.830317020,58.050473585,0.000000000,NONE,0,0.049933288,0.000000000,-100.000000000,-1.000000000,-0.000737700,-100.008922917,-0.879062298,0.000737700,0.008922917,-0.120937702,0.000743098,0.013664630,-0.181387511,-0.000487133,-0.004816644,0.000738872,0.001230231,0.018481274,-0.182126383,0.038319093,0.246291188,-2.748730087,-0.072354447,0.002057131,0.005328077,-0.072484590,0.053325043,-0.050661004,0.069820551,1.374365044,1.374365044
1786024510.880121231,58.100278039,0.000000000,NONE,0,0.049871934,0.000000000,-100.000000000,-1.000000000,-0.000772923,-100.009133335,-0.879027055,0.000772923,0.009133335,-0.120972945,0.000777949,0.013877005,-0.181448004,-0.000345251,-0.003890846,0.000672979,0.001123200,0.017767852,-0.182120983,0.031219877,0.205513119,-2.748360577,-0.072251592,0.002057968,0.004297953,-0.060257737,0.044647799,-0.042498822,0.058108761,1.374180289,1.374180289
1786024510.930197001,58.150353606,0.000000000,NONE,0,0.050032806,0.000000000,-100.000000000,-1.000000000,-0.000798843,-100.009303139,-0.878995218,0.000798843,0.009303139,-0.121004782,0.000762976,0.014007972,-0.181505421,-0.000228595,-0.003129774,0.000609077,0.000991571,0.017137745,-0.182114498,0.022861088,0.170126430,-2.747885270,-0.072148709,0.002054943,0.003317238,-0.049076189,0.037645645,-0.035987026,0.047417570,1.373942635,1.373942635
1786024510.980767250,58.200923656,0.000000000,NONE,0,0.049986541,0.000000000,-100.000000000,-1.000000000,-0.000817358,-100.009439490,-0.878966649,0.000817358,0.009439490,-0.121033351,0.000703235,0.014084986,-0.181558579,-0.000141243,-0.002505746,0.000547118,0.000844478,0.016590732,-0.182105697,0.013740618,0.139536623,-2.747222689,-0.072046357,0.002046135,0.002419790,-0.038924258,0.032053949,-0.030844054,0.037714363,1.373611344,1.373611344
1786024511.030316353,58.250472851,0.000000000,NONE,0,0.050144280,0.000000000,-100.000000000,-1.000000000,-0.000830534,-100.009548660,-0.878941180,0.000830534,0.009548660,-0.121058820,0.000606923,0.014133568,-0.181606331,-0.000087151,-0.002002528,0.000487818,0.000694075,0.016136096,-0.182094149,0.004671048,0.114644708,-2.746360136,-0.071945103,0.002030368,0.001692406,-0.030252040,0.027916517,-0.027070313,0.029405837,1.373180068,1.373180068
1786024511.080113411,58.300269977,0.000000000,NONE,0,0.049882952,0.000000000,-100.000000000,-1.000000000,-0.000840476,-100.009635979,-0.878918600,0.000840476,0.009635979,-0.121081400,0.000484454,0.014175470,-0.181647778,-0.000067294,-0.001599878,0.000432225,0.000551748,0.015775348,-0.182080002,-0.003714965,0.095318789,-2.745316555,-0.071845372,0.002008140,0.001103981,-0.023176951,0.025034434,-0.024482443,0.022624961,1.372658277,1.372658277
1786024511.130160809,58.350317581,0.000000000,NONE,0,0.050020627,0.000000000,-100.000000000,-1.000000000,-0.000849078,-100.009705503,-0.878898672,0.000849078,0.009705503,-0.121101328,0.000347464,0.014226942,-0.181682373,-0.000078303,-0.001271965,0.000381156,0.000425767,0.015498907,-0.182063529,-0.010933958,0.080937275,-2.744117669,-0.071747369,0.001979925,0.000723554,-0.017681718,0.023148697,-0.022786920,0.017319941,1.372058834,1.372058834
1786024511.180185795,58.400342397,0.000000000,NONE,0,0.049975573,0.000000000,-100.000000000,-1.000000000,-0.000858066,-100.009760416,-0.878881107,0.000858066,0.009760416,-0.121118893,0.000208009,0.014298820,-0.181710001,-0.000117418,-0.001002373,0.000335857,0.000325427,0.015301193,-0.182045858,-0.016439147,0.071184171,-2.742856465,-0.071651098,0.001947845,0.000504327,-0.013812338,0.022031911,-0.021779748,0.013560174,1.371428232,1.371428232
1786024511.230273008,58.450429576,0.000000000,NONE,0,0.050081403,0.000000000,-100.000000000,-1.000000000,-0.000868739,-100.009802804,-0.878865608,0.000868739,0.009802804,-0.121134392,0.000077463,0.014395645,-0.181730950,-0.000176856,-0.000768441,0.000296501,0.000254319,0.015164086,-0.182027451,-0.020113088,0.064768815,-2.741554051,-0.071556380,0.001914126,0.000431315,-0.011271760,0.021328305,-0.021112647,0.011056103,1.370777025,1.370777025
1786024511.280296803,58.500453254,0.000000000,NONE,0,0.050066089,0.000000000,-100.000000000,-1.000000000,-0.000882038,-100.009833961,-0.878851857,0.000882038,0.009833961,-0.121148143,-0.000033910,0.014515438,-0.181745990,-0.000250483,-0.000555605,0.000263681,0.000216573,0.015071043,-0.182009670,-0.021706876,0.060708048,-2.740321759,-0.071462962,0.001881250,0.000442411,-0.009860896,0.020714334,-0.020493128,0.009639690,1.370160880,1.370160880
1786024511.330255270,58.550411912,0.000000000,NONE,0,0.049926811,0.000000000,-100.000000000,-1.000000000,-0.000898471,-100.009854496,-0.878839552,0.000898471,0.009854496,-0.121160448,-0.000117526,0.014650017,-0.181756296,-0.000330354,-0.000351193,0.000236960,0.000212828,0.015001210,-0.181993257,-0.021247907,0.057652888,-2.739199202,-0.071370617,0.001850886,0.000485014,-0.009222499,0.019846452,-0.019603945,0.008979992,1.369599601,1.369599601
1786024511.380206347,58.600363019,0.000000000,NONE,0,0.049943185,0.000000000,-100.000000000,-1.000000000,-0.000913967,-100.009863455,-0.878830550,0.000913967,0.009863455,-0.121169450,-0.000159945,0.014760124,-0.181762126,-0.000393588,-0.000190709,0.000220124,0.000233643,0.014950833,-0.181982250,-0.019501991,0.055641684,-2.738537126,-0.071297417,0.001829325,0.001966293,-0.009526496,0.019277492,-0.018294345,0.008543350,1.369268563,1.369268563
1786024511.430193424,58.650349871,0.000000000,NONE,0,0.050008896,0.000000000,-100.000000000,-1.000000000,-0.000940627,-100.009864616,-0.878818180,0.000940627,0.009864616,-0.121181820,-0.000182487,0.014913788,-0.181768563,-0.000476574,0.000050039,0.000198989,0.000294087,0.014863749,-0.181967552,-0.015076461,0.050404843,-2.737434718,-0.071187662,0.001839762,0.000201574,-0.008882489,0.016420719,-0.016319932,0.008781702,1.368717359,1.368717359
1786024511.480199575,58.700356207,0.000000000,NONE,0,0.050007446,0.000000000,-100.000000000,-1.000000000,-0.000960729,-100.009857216,-0.878810535,0.000960729,0.009857216,-0.121189465,-0.000160481,0.014995650,-0.181772651,-0.000531057,0.000205880,0.000189380,0.000370576,0.014789770,-0.181962031,-0.010156637,0.046785476,-2.737231765,-0.071114406,0.001822145,0.001629713,-0.009564638,0.014642957,-0.013828100,0.008749781,1.368615882,1.368615882
1786024511.530284643,58.750441014,0.000000000,NONE,0,0.050026054,0.000000000,-100.000000000,-1.000000000,-0.000987256,-100.009839432,-0.878801487,0.000987256,0.009839432,-0.121198513,-0.000101049,0.015066663,-0.181778546,-0.000568720,0.000390059,0.000178826,0.000467671,0.014676604,-0.181957372,-0.003907129,0.039743344,-2.736922926,-0.071023464,0.001827319,0.001408730,-0.009311236,0.011264801,-0.010560436,0.008606871,1.368461463,1.368461463
1786024511.580210447,58.800367101,0.000000000,NONE,0,0.049950604,0.000000000,-100.000000000,-1.000000000,-0.001014697,-100.009812731,-0.878792950,0.001014697,0.009812731,-0.121207050,-0.000004563,0.015093409,-0.181786256,-0.000591806,0.000558658,0.000169555,0.000587244,0.014534751,-0.181955811,0.003735295,0.031079227,-2.736875505,-0.070932033,0.001843531,0.001018266,-0.008958197,0.007090550,-0.006581416,0.008449064,1.368437753,1.368437753
1786024511.630177021,58.850333748,0.000000000,NONE,0,0.050011501,0.000000000,-100.000000000,-1.000000000,-0.001041974,-100.009778382,-0.878784866,0.001041974,0.009778382,-0.121215134,0.000124754,0.015070872,-0.181796392,-0.000588199,0.000699940,0.000160708,0.000712953,0.014370932,-0.181957101,0.011416226,0.021121650,-2.737022829,-0.070840317,0.001854151,0.000660460,-0.008299584,0.002591471,-0.002261241,0.007969354,1.368511414,1.368511414
1786024511.680202723,58.900359334,0.000000000,NONE,0,0.049996846,0.000000000,-100.000000000,-1.000000000,-0.001067759,-100.009738024,-0.878777235,0.001067759,0.009738024,-0.121222765,0.000278117,0.014998543,-0.181809115,-0.000555436,0.000807883,0.000151189,0.000833553,0.014190660,-0.181960304,0.018574568,0.010163388,-2.737285333,-0.070748511,0.001859101,0.000340880,-0.007269709,-0.002017575,0.002188015,0.007099269,1.368642666,1.368642666
1786024511.730626583,58.950783061,0.000000000,NONE,0,0.050431256,0.000000000,-100.000000000,-1.000000000,-0.001090844,-100.009693813,-0.878770096,0.001090844,0.009693813,-0.121229904,0.000446532,0.014883885,-0.181823904,-0.000496457,0.000871189,0.000140322,0.000942989,0.014012696,-0.181964226,0.024928168,-0.000346685,-2.737573596,-0.070656638,0.001859986,0.000108810,-0.006172573,-0.006291511,0.006345916,0.006118168,1.368786798,1.368786798
1786024511.780065775,59.000222379,0.000000000,NONE,0,0.049467783,0.000000000,-100.000000000,-1.000000000,-0.001110106,-100.009648010,-0.878763510,0.001110106,0.009648010,-0.121236490,0.000619104,0.014737639,-0.181839971,-0.000412937,0.000891175,0.000127988,0.001032041,0.013846464,-0.181967960,0.029935779,-0.010141479,-2.737832668,-0.070564596,0.001859278,-0.000266122,-0.004882045,-0.010085845,0.009952784,0.005015105,1.368916334,1.368916334
1786024511.830191374,59.050347852,0.000000000,NONE,0,0.050140691,0.000000000,-100.000000000,-1.000000000,-0.001124618,-100.009602792,-0.878757545,0.001124618,0.009602792,-0.121242455,0.000785159,0.014572575,-0.181856397,-0.000309468,0.000870414,0.000114309,0.001094628,0.013702161,-0.181970706,0.033177554,-0.018344288,-2.738004171,-0.070472433,0.001851895,-0.000498262,-0.003583751,-0.013005026,0.012755895,0.003832882,1.369002085,1.369002085
1786024511.880098581,59.100255147,0.000000000,NONE,0,0.049937579,0.000000000,-100.000000000,-1.000000000,-0.001133637,-100.009560151,-0.878752259,0.001133637,0.009560151,-0.121247741,0.000933147,0.014402159,-0.181872273,-0.000191641,0.000811343,0.000099735,0.001124788,0.013590816,-0.181972008,0.034383152,-0.024415551,-2.738066616,-0.070380194,0.001844081,-0.000769991,-0.002299403,-0.014892174,0.014507178,0.002684398,1.369033308,1.369033308
1786024511.930121183,59.150277979,0.000000000,NONE,0,0.049997608,0.000000000,-100.000000000,-1.000000000,-0.001136882,-100.009521770,-0.878747693,0.001136882,0.009521770,-0.121252307,0.001054975,0.014241448,-0.181886627,-0.000068696,0.000723213,0.000084858,0.001123671,0.013518234,-0.181971485,0.033729452,-0.028007116,-2.737993469,-0.070288068,0.001832788,-0.000998652,-0.001180921,-0.015683805,0.015184479,0.001680247,1.368996735,1.368996735
1786024511.980141401,59.200297888,0.000000000,NONE,0,0.050018421,0.000000000,-100.000000000,-1.000000000,-0.001134393,-100.009488789,-0.878743857,0.001134393,0.009488789,-0.121256143,0.001144332,0.014102654,-0.181898741,0.000052318,0.000616316,0.000070334,0.001092014,0.013486338,-0.181969075,0.031256155,-0.029070896,-2.737787115,-0.070196419,0.001817564,-0.001156158,-0.000257275,-0.015370802,0.014792723,0.000835354,1.368893558,1.368893558
1786024512.030174255,59.250330971,0.000000000,NONE,0,0.050010053,0.000000000,-100.000000000,-1.000000000,-0.001126600,-100.009461621,-0.878740728,0.001126600,0.009461621,-0.121259272,0.001198878,0.013991878,-0.181908345,0.000162496,0.000505040,0.000056803,0.001036382,0.013486838,-0.181965148,0.027470728,-0.028294404,-2.737481798,-0.070105624,0.001798805,-0.001220183,0.000510965,-0.014246328,0.013636237,0.000099127,1.368740899,1.368740899
1786024512.080138683,59.300295357,0.000000000,NONE,0,0.049982589,0.000000000,-100.000000000,-1.000000000,-0.001114590,-100.009439391,-0.878738244,0.001114590,0.009439391,-0.121261756,0.001226357,0.013898329,-0.181916293,0.000247360,0.000413528,0.000044766,0.000978997,0.013484801,-0.181961059,0.024019575,-0.028330166,-2.737192287,-0.070015913,0.001777754,-0.001187374,0.001374491,-0.013384279,0.012790592,-0.000780804,1.368596143,1.368596143
1786024512.130424023,59.350580372,0.000000000,NONE,0,0.050082771,0.000000000,-100.000000000,-1.000000000,-0.001097430,-100.009425340,-0.878736348,0.001097430,0.009425340,-0.121263652,0.001193184,0.013883520,-0.181918615,0.000360317,0.000250895,0.000034212,0.000832868,0.013632626,-0.181952827,0.013499246,-0.016158477,-2.736533493,-0.069927747,0.001757306,-0.001031833,0.000922766,-0.007672389,0.007156473,-0.000406850,1.368266746,1.368266746
1786024512.180132627,59.400289168,0.000000000,NONE,0,0.049905234,0.000000000,-100.000000000,-1.000000000,-0.001076990,-100.009416887,-0.878734914,0.001076990,0.009416887,-0.121265086,0.001117547,0.013918488,-0.181917314,0.000416218,0.000166160,0.000026665,0.000701328,0.013752328,-0.181943979,0.005897990,-0.009111745,-2.735901286,-0.069841006,0.001734148,-0.000768717,0.000995618,-0.003944613,0.003560255,-0.000611260,1.367950643,1.367950643
1786024512.230161428,59.450318067,0.000000000,NONE,0,0.050033420,0.000000000,-100.000000000,-1.000000000,-0.001054727,-100.009412056,-0.878733768,0.001054727,0.009412056,-0.121266232,0.001004135,0.013995428,-0.181912935,0.000446747,0.000108409,0.000022294,0.000557388,0.013887019,-0.181935230,-0.002977056,-0.000224972,-2.735291185,-0.069755551,0.001712547,-0.000408842,0.000902718,0.000585810,-0.000790232,-0.000698296,1.367645593,1.367645593
1786024512.280162811,59.500319575,0.000000000,NONE,0,0.050005485,0.000000000,-100.000000000,-1.000000000,-0.001032024,-100.009409072,-0.878732742,0.001032024,0.009409072,-0.121267258,0.000861735,0.014101294,-0.181906388,0.000445018,0.000087855,0.000021003,0.000416717,0.014013438,-0.181927391,-0.011355832,0.007774517,-2.734760576,-0.069670941,0.001694813,-0.000032415,0.000903433,0.004774483,-0.004790691,-0.000887225,1.367380288,1.367380288
1786024512.330161810,59.550318579,0.000000000,NONE,0,0.049983834,0.000000000,-100.000000000,-1.000000000,-0.001010152,-100.009405565,-0.878731684,0.001010152,0.009405565,-0.121268316,0.000697319,0.014213429,-0.181899267,0.000415445,0.000112577,0.000022460,0.000281874,0.014100853,-0.181921727,-0.019336172,0.012835730,-2.734407610,-0.069586678,0.001682895,0.000302117,0.001549582,0.008118505,-0.007967446,-0.001700640,1.367203805,1.367203805
1786024512.380198240,59.600353644,0.000000000,NONE,0,0.050003516,0.000000000,-100.000000000,-1.000000000,-0.000990693,-100.009399905,-0.878730478,0.000990693,0.009399905,-0.121269522,0.000525573,0.014316852,-0.181892644,0.000352185,0.000162136,0.000025885,0.000173389,0.014154716,-0.181918529,-0.025322802,0.015975735,-2.734233031,-0.069502308,0.001677767,0.000554500,0.002198142,0.010463259,-0.010186009,-0.002475392,1.367116515,1.367116515
1786024512.430295467,59.650452076,0.000000000,NONE,0,0.050082347,0.000000000,-100.000000000,-1.000000000,-0.000975004,-100.009390835,-0.878729058,0.000975004,0.009390835,-0.121270942,0.000359919,0.014396338,-0.181887659,0.000263201,0.000231913,0.000030419,0.000096718,0.014164426,-0.181918078,-0.029288990,0.016204520,-2.734256470,-0.069417535,0.001679186,0.000711662,0.003093202,0.011551293,-0.011195462,-0.003449033,1.367128235,1.367128235
1786024512.480108976,59.700265801,0.000000000,NONE,0,0.049896730,0.000000000,-100.000000000,-1.000000000,-0.000964034,-100.009377663,-0.878727411,0.000964034,0.009377663,-0.121272589,0.000212228,0.014440060,-0.181885236,0.000157539,0.000309111,0.000034983,0.000054688,0.014130949,-0.181920219,-0.031124846,0.013780219,-2.734458225,-0.069332256,0.001686273,0.000737358,0.004151817,0.011410606,-0.011041927,-0.004520496,1.367229113,1.367229113
1786024512.530093670,59.750250250,0.000000000,NONE,0,0.049956580,0.000000000,-100.000000000,-1.000000000,-0.000958354,-100.009360355,-0.878725574,0.000958354,0.009360355,-0.121274426,0.000092479,0.014440991,-0.181885944,0.000043702,0.000381650,0.000038613,0.000048777,0.014059341,-0.181924557,-0.030756061,0.009074536,-2.734805847,-0.069246515,0.001696855,0.000690948,0.005247644,0.010130386,-0.009784912,-0.005593118,1.367402923,1.367402923
1786024512.580065727,59.800222426,0.000000000,NONE,0,0.049992752,0.000000000,-100.000000000,-1.000000000,-0.000958145,-100.009339463,-0.878723623,0.000958145,0.009339463,-0.121276377,0.000008152,0.014397441,-0.181889928,-0.000069676,0.000439070,0.000040521,0.000077828,0.013958371,-0.181930449,-0.028312013,0.002682729,-2.735249272,-0.069160451,0.001709028,0.000599072,0.006257553,0.007898453,-0.007598918,-0.006557089,1.367624636,1.367624636
1786024512.630187988,59.850344780,0.000000000,NONE,0,0.050076354,0.000000000,-100.000000000,-1.000000000,-0.000963220,-100.009316042,-0.878721658,0.000963220,0.009316042,-0.121278342,-0.000036092,0.014312522,-0.181896932,-0.000175061,0.000471674,0.000040174,0.000138969,0.013840848,-0.181937106,-0.024000269,-0.004536007,-2.735730323,-0.069074056,0.001723627,0.000459505,0.007019193,0.004980942,-0.004751189,-0.007248945,1.367865161,1.367865161
1786024512.680200338,59.900357114,0.000000000,NONE,0,0.050031001,0.000000000,-100.000000000,-1.000000000,-0.000973078,-100.009291565,-0.878719792,0.000973078,0.009291565,-0.121280208,-0.000037826,0.014195313,-0.181906216,-0.000265738,0.000473578,0.000037352,0.000227912,0.013721735,-0.181943568,-0.018101258,-0.011629395,-2.736178949,-0.068987277,0.001738518,0.000271233,0.007364855,0.001685774,-0.001550157,-0.007500471,1.368089475,1.368089475
1786024512.730150700,59.950307200,0.000000000,NONE,0,0.049940949,0.000000000,-100.000000000,-1.000000000,-0.000986919,-100.009267679,-0.878718135,0.000986919,0.009267679,-0.121281865,0.000002612,0.014058549,-0.181916753,-0.000335931,0.000443282,0.000032225,0.000338543,0.013615266,-0.181948978,-0.011017336,-0.017724587,-2.736536774,-0.068899997,0.001751835,0.000037516,0.007176102,-0.001667434,0.001686192,-0.007194860,1.368268387,1.368268387
1786024512.780297995,60.000454443,0.000000000,NONE,0,0.050024519,0.000000000,-100.000000000,-1.000000000,-0.001000227,-100.009250166,-0.878717025,0.001000227,0.009250166,-0.121282975,0.000064372,0.013946621,-0.181925180,-0.000374594,0.000394680,0.000026687,0.000438966,0.013551941,-0.181951867,-0.005188593,-0.020559269,-2.736688465,-0.068829765,0.001759760,0.001226110,0.006130438,-0.003536142,0.004149197,-0.006743493,1.368344232,1.368344232
1786024512.830404758,60.050561134,0.000000000,NONE,0,0.050071443,0.000000000,-100.000000000,-1.000000000,-0.001018286,-100.009231291,-0.878715961,0.001018286,0.009231291,-0.121284039,0.000166454,0.013813749,-0.181934916,-0.000393092,0.000320076,0.000018946,0.000559546,0.013493674,-0.181953862,0.002462047,-0.023897766,-2.736810182,-0.068740769,0.001795429,0.000633608,0.005200528,-0.006431551,0.006748355,-0.005517332,1.368405091,1.368405091
1786024512.880142927,60.100299322,0.000000000,NONE,0,0.049910683,0.000000000,-100.000000000,-1.000000000,-0.001037282,-100.009216781,-0.878715291,0.001037282,0.009216781,-0.121284709,0.000297311,0.013703713,-0.181942663,-0.000396785,0.000223968,0.000010569,0.000694096,0.013479745,-0.181953231,0.010842913,-0.023744369,-2.736713571,-0.068649415,0.001830214,-0.000169867,0.003267831,-0.008689287,0.008604354,-0.003182897,1.368356786,1.368356786
1786024512.930076599,60.150233307,0.000000000,NONE,0,0.049941946,0.000000000,-100.000000000,-1.000000000,-0.001055908,-100.009207272,-0.878715025,0.001055908,0.009207272,-0.121284975,0.000449954,0.013625681,-0.181947767,-0.000370017,0.000123638,0.000002436,0.000819971,0.013502043,-0.181950203,0.018245957,-0.021507136,-2.736453533,-0.068556570,0.001842525,-0.000872862,0.001033510,-0.010156489,0.009720058,-0.000597079,1.368226767,1.368226767
1786024512.980143547,60.200300278,0.000000000,NONE,0,0.050046268,0.000000000,-100.000000000,-1.000000000,-0.001072777,-100.009202530,-0.878715124,0.001072777,0.009202530,-0.121284876,0.000615625,0.013580335,-0.181950205,-0.000317813,0.000034201,-0.000004548,0.000933438,0.013546135,-0.181945658,0.024832576,-0.018182662,-2.736105236,-0.068463472,0.001831941,-0.001362182,-0.001321933,-0.011094355,0.010413264,0.002003024,1.368052618,1.368052618
1786024513.030049324,60.250205859,0.000000000,NONE,0,0.049932492,0.000000000,-100.000000000,-1.000000000,-0.001086318,-100.009202624,-0.878715518,0.001086318,0.009202624,-0.121284482,0.000778221,0.013576974,-0.181949434,-0.000233989,-0.000054849,-0.000009840,0.001012210,0.013631823,-0.181939594,0.028905287,-0.011872907,-2.735650157,-0.068371346,0.001803627,-0.001621278,-0.003852775,-0.010599868,0.009789229,0.004663415,1.367825079,1.367825079
1786024513.080191851,60.300348396,0.000000000,NONE,0,0.050057691,0.000000000,-100.000000000,-1.000000000,-0.001095273,-100.009207099,-0.878716114,0.001095273,0.009207099,-0.121283886,0.000923609,0.013618986,-0.181945351,-0.000129982,-0.000127102,-0.000012939,0.001053592,0.013746088,-0.181932411,0.030675495,-0.004018919,-2.735125315,-0.068281173,0.001763090,-0.001593725,-0.006265713,-0.009072035,0.008275172,0.007062575,1.367562657,1.367562657
1786024513.130120039,60.350276561,0.000000000,NONE,0,0.050014288,0.000000000,-100.000000000,-1.000000000,-0.001098944,-100.009214579,-0.878716794,0.001098944,0.009214579,-0.121283206,0.001042367,0.013698592,-0.181938615,-0.000017877,-0.000166471,-0.000013469,0.001060244,0.013865063,-0.181925146,0.030418563,0.003729056,-2.734614958,-0.068193559,0.001717139,-0.001322060,-0.008206390,-0.007002892,0.006341862,0.008867420,1.367307479,1.367307479
1786024513.180108786,60.400265500,0.000000000,NONE,0,0.049977689,0.000000000,-100.000000000,-1.000000000,-0.001097011,-100.009223361,-0.878717430,0.001097011,0.009223361,-0.121282570,0.001126983,0.013803402,-0.181930209,0.000095431,-0.000170991,-0.000011412,0.001031552,0.013974393,-0.181918798,0.028024540,0.010667618,-2.734188801,-0.068108619,0.001672851,-0.000866518,-0.009456410,-0.004555860,0.004122601,0.009889669,1.367094400,1.367094400
1786024513.230182886,60.450331021,0.000000000,NONE,0,0.050051061,0.000000000,-100.000000000,-1.000000000,-0.001089519,-100.009231723,-0.878717904,0.001089519,0.009231723,-0.121282096,0.001172057,0.013918650,-0.181921285,0.000202465,-0.000142104,-0.000007119,0.000969592,0.014060754,-0.181914166,0.023672257,0.015983746,-2.733899117,-0.068026004,0.001636250,-0.000300169,-0.009838959,-0.001997170,0.001847085,0.009989043,1.366949558,1.366949558
1786024513.280200958,60.500357652,0.000000000,NONE,0,0.050009053,0.000000000,-100.000000000,-1.000000000,-0.001076878,-100.009238085,-0.878718124,0.001076878,0.009238085,-0.121281876,0.001174496,0.014028636,-0.181913049,0.000296423,-0.000084628,-0.000001227,0.000878073,0.014113264,-0.181911822,0.017611303,0.019047207,-2.733780662,-0.067944999,0.001611907,0.000258602,-0.009229278,0.000423626,-0.000294326,0.009099977,1.366890331,1.366890331
1786024513.330096245,60.550252732,0.000000000,NONE,0,0.049932241,0.000000000,-100.000000000,-1.000000000,-0.001059734,-100.009241021,-0.878718035,0.001059734,0.009241021,-0.121281965,0.001131964,0.014115510,-0.181906842,0.000373509,-0.000002647,0.000005428,0.000758455,0.014118157,-0.181912270,0.009882842,0.018928511,-2.733867865,-0.067864688,0.001601861,0.000711481,-0.007380708,0.002439288,-0.002083547,0.007024968,1.366933933,1.366933933
1786024513.380297899,60.600454609,0.000000000,NONE,0,0.050127365,0.000000000,-100.000000000,-1.000000000,-0.001039445,-100.009240140,-0.878717623,0.001039445,0.009240140,-0.121282377,0.001050657,0.014174349,-0.181903008,0.000419062,0.000078065,0.000011842,0.000631596,0.014096283,-0.181914850,0.002143566,0.017562544,-2.734090943,-0.067784191,0.001605955,0.001026448,-0.005183140,0.004111356,-0.003598132,0.004669915,1.367045471,1.367045471
1786024513.430316448,60.650473104,0.000000000,NONE,0,0.050039457,0.000000000,-100.000000000,-1.000000000,-0.001017431,-100.009235337,-0.878716919,0.001017431,0.009235337,-0.121283081,0.000937222,0.014199612,-0.181901884,0.000436927,0.000157653,0.000017264,0.000500295,0.014041959,-0.181919149,-0.005825931,0.014060072,-2.734426321,-0.067702839,0.001621039,0.001143094,-0.002344309,0.005257274,-0.004685727,0.001772762,1.367213160,1.367213160
1786024513.480142832,60.700299458,0.000000000,NONE,0,0.049891802,0.000000000,-100.000000000,-1.000000000,-0.000995130,-100.009226913,-0.878715985,0.000995130,0.009226913,-0.121284015,0.000799468,0.014190157,-0.181903441,0.000426044,0.000225249,0.000021074,0.000373423,0.013964908,-0.181924515,-0.013359319,0.009306083,-2.734823647,-0.067620246,0.001643251,0.001060896,0.000748085,0.005931574,-0.005401127,-0.001278533,1.367411823,1.367411823
1786024513.530284882,60.750441426,0.000000000,NONE,0,0.050043042,0.000000000,-100.000000000,-1.000000000,-0.000974073,-100.009215477,-0.878714905,0.000974073,0.009215477,-0.121285095,0.000647949,0.014146947,-0.181907470,0.000385803,0.000276520,0.000022990,0.000262145,0.013870427,-0.181930460,-0.019720640,0.003546809,-2.735250985,-0.067536354,0.001667636,0.000865160,0.003827167,0.006033152,-0.005600572,-0.004259748,1.367625492,1.367625492
1786024513.580117702,60.800274332,0.000000000,NONE,0,0.049928857,0.000000000,-100.000000000,-1.000000000,-0.000955902,-100.009201454,-0.878713776,0.000955902,0.009201454,-0.121286224,0.000498396,0.014066278,-0.181914076,0.000314281,0.000316340,0.000022814,0.000184116,0.013749937,-0.181936890,-0.023745147,-0.004038835,-2.735711043,-0.067451390,0.001691177,0.000568130,0.006803963,0.005068610,-0.004784546,-0.007088028,1.367855522,1.367855522
1786024513.630226851,60.850383539,0.000000000,NONE,0,0.050095818,0.000000000,-100.000000000,-1.000000000,-0.000941663,-100.009186299,-0.878712707,0.000941663,0.009186299,-0.121287293,0.000359452,0.013960348,-0.181922276,0.000228759,0.000319677,0.000020413,0.000130693,0.013640670,-0.181942689,-0.026456557,-0.010248518,-2.736103994,-0.067365621,0.001711537,0.000252527,0.009113137,0.004115141,-0.003988878,-0.009239400,1.368051997,1.368051997
1786024513.680136204,60.900292773,0.000000000,NONE,0,0.049919717,0.000000000,-100.000000000,-1.000000000,-0.000932109,-100.009171676,-0.878711811,0.000932109,0.009171676,-0.121288189,0.000239314,0.013843743,-0.181930958,0.000132128,0.000290875,0.000015940,0.000107186,0.013552869,-0.181946898,-0.027272174,-0.015004365,-2.736367162,-0.067279338,0.001726514,-0.000082819,0.010589839,0.003046247,-0.003087657,-0.010548430,1.368183581,1.368183581
1786024513.730183601,60.950340343,0.000000000,NONE,0,0.050048685,0.000000000,-100.000000000,-1.000000000,-0.000927697,-100.009158960,-0.878711179,0.000927697,0.009158960,-0.121288821,0.000145421,0.013730667,-0.181939082,0.000030899,0.000236433,0.000010048,0.000114522,0.013494233,-0.181949130,-0.026213413,-0.017836321,-2.736483687,-0.067192812,0.001734264,-0.000356562,0.011101574,0.002005132,-0.002183413,-0.010923293,1.368241843,1.368241843
1786024513.780251741,61.000408410,0.000000000,NONE,0,0.049983015,0.000000000,-100.000000000,-1.000000000,-0.000928504,-100.009149192,-0.878710869,0.000928504,0.009149192,-0.121289131,0.000083285,0.013634031,-0.181945756,-0.000067770,0.000164344,0.000003478,0.000151056,0.013469687,-0.181949234,-0.023433941,-0.018494569,-2.736448503,-0.067106271,0.001734898,-0.000577792,0.010626576,0.001090395,-0.001379291,-0.010337680,1.368224251,1.368224251
1786024513.830532074,61.050688637,0.000000000,NONE,0,0.050036755,0.000000000,-100.000000000,-1.000000000,-0.000934276,-100.009143028,-0.878710900,0.000934276,0.009143028,-0.121289100,0.000056735,0.013564716,-0.181950271,-0.000158086,0.000083116,-0.000003047,0.000214821,0.013481600,-0.181947224,-0.019059389,-0.016857661,-2.736265526,-0.067019890,0.001728671,-0.000719097,0.009159037,0.000370658,-0.000730206,-0.008799488,1.368132763,1.368132763
1786024513.880219221,61.100375767,0.000000000,NONE,0,0.049963260,0.000000000,-100.000000000,-1.000000000,-0.000944234,-100.009140748,-0.878711241,0.000944234,0.009140748,-0.121288759,0.000067510,0.013531759,-0.181952068,-0.000211017,0.000001640,-0.000007884,0.000278527,0.013530118,-0.181944184,-0.015229318,-0.012944027,-2.736032008,-0.066935551,0.001545017,0.001058939,0.006778602,0.000836058,-0.000306588,-0.007308071,1.368016004,1.368016004
1786024513.930187225,61.150343930,0.000000000,NONE,0,0.049978621,0.000000000,-100.000000000,-1.000000000,-0.000957074,-100.009140826,-0.878711866,0.000957074,0.009140826,-0.121288134,0.000095271,0.013514425,-0.181952565,-0.000298325,-0.000045227,-0.000014782,0.000393597,0.013559652,-0.181937783,-0.007287764,-0.011249200,-2.735516746,-0.066847281,0.001919101,-0.003061623,0.005399647,-0.001755765,0.000224953,-0.003868835,1.367758373,1.367758373
1786024513.980829716,61.200986211,0.000000000,NONE,0,0.050314487,0.000000000,-100.000000000,-1.000000000,-0.000974307,-100.009145294,-0.878712667,0.000974307,0.009145294,-0.121287333,0.000191296,0.013561817,-0.181948474,-0.000353902,-0.000138490,-0.000015937,0.000545198,0.013700307,-0.181932537,0.002534025,-0.000162348,-2.735173346,-0.066760981,0.001681190,-0.000868417,-0.000375815,-0.000891197,0.000456989,0.000810024,1.367586673,1.367586673
1786024514.030093908,61.250250570,0.000000000,NONE,0,0.049639995,0.000000000,-100.000000000,-1.000000000,-0.000991612,-100.009150670,-0.878713523,0.000991612,0.009150670,-0.121286477,0.000299845,0.013620007,-0.181943514,-0.000333109,-0.000133078,-0.000016521,0.000632954,0.013753086,-0.181926993,0.006572454,0.001734561,-2.734777827,-0.066677818,0.001641993,-0.000509714,-0.001949325,-0.001336902,0.001082045,0.002204182,1.367388913,1.367388913
1786024514.080221415,61.300378141,0.000000000,NONE,0,0.050060560,0.000000000,-100.000000000,-1.000000000,-0.001007644,-100.009156535,-0.878714339,0.001007644,0.009156535,-0.121285661,0.000413995,0.013697942,-0.181937079,-0.000302020,-0.000139267,-0.000015122,0.000716016,0.013837209,-0.181921957,0.011469317,0.007908618,-2.734436354,-0.066595950,0.001622655,-0.000198156,-0.004794945,-0.000939714,0.000840636,0.004894023,1.367218177,1.367218177
1786024514.130359411,61.350515879,0.000000000,NONE,0,0.050086603,0.000000000,-100.000000000,-1.000000000,-0.001021874,-100.009162033,-0.878715017,0.001021874,0.009162033,-0.121284983,0.000532653,0.013786514,-0.181929863,-0.000259827,-0.000118376,-0.000011941,0.000792480,0.013904890,-0.181917922,0.015949808,0.012175016,-2.734173995,-0.066515018,0.001609995,0.000116942,-0.007060442,-0.000914462,0.000972933,0.007001970,1.367086997,1.367086997
1786024514.180324078,61.400480627,0.000000000,NONE,0,0.049921570,0.000000000,-100.000000000,-1.000000000,-0.001033387,-100.009165866,-0.878715483,0.001033387,0.009165866,-0.121284517,0.000648671,0.013872036,-0.181922868,-0.000201214,-0.000073072,-0.000007335,0.000849885,0.013945108,-0.181915533,0.019045122,0.014571613,-2.734039469,-0.066434752,0.001604094,0.000387732,-0.008501117,-0.001021444,0.001215310,0.008307251,1.367019734,1.367019734
1786024514.230285168,61.450441770,0.000000000,NONE,0,0.050087376,0.000000000,-100.000000000,-1.000000000,-0.001041454,-100.009167223,-0.878715685,0.001041454,0.009167223,-0.121284315,0.000755220,0.013944333,-0.181916883,-0.000131243,-0.000013838,-0.000001900,0.000886463,0.013958171,-0.181914983,0.020849525,0.015314260,-2.734037814,-0.066354791,0.001604772,0.000631140,-0.009198731,-0.001226031,0.001541601,0.008883161,1.367018907,1.367018907
1786024514.280229568,61.500386381,0.000000000,NONE,0,0.049905530,0.000000000,-100.000000000,-1.000000000,-0.001045611,-100.009165663,-0.878715611,0.001045611,0.009165663,-0.121284389,0.000846097,0.013995574,-0.181912537,-0.000054448,0.000051992,0.000003690,0.000900545,0.013943583,-0.181916227,0.021275765,0.014343368,-2.734160852,-0.066274729,0.001611989,0.000768968,-0.009097025,-0.001540857,0.001925341,0.008712541,1.367080426,1.367080426
1786024514.330159903,61.550316581,0.000000000,NONE,0,0.049975684,0.000000000,-100.000000000,-1.000000000,-0.001045678,-100.009161107,-0.878715276,0.001045678,0.009161107,-0.121284724,0.000916583,0.014020818,-0.181910237,0.000023762,0.000116647,0.000008771,0.000892821,0.013904171,-0.181919009,0.020403814,0.011884016,-2.734386253,-0.066194176,0.001624059,0.000820254,-0.008277021,-0.001924886,0.002335013,0.007866894,1.367193126,1.367193126
1786024514.380342245,61.600498827,0.000000000,NONE,0,0.050231426,0.000000000,-100.000000000,-1.000000000,-0.001041730,-100.009153790,-0.878714728,0.001041730,0.009153790,-0.121285272,0.000963031,0.014017657,-0.181910184,0.000098980,0.000173866,0.000012789,0.000864051,0.013843791,-0.181922973,0.018285268,0.008188689,-2.734686993,-0.066112851,0.001639147,0.000805263,-0.006819805,-0.002322829,0.002725460,0.006417173,1.367343496,1.367343496
1786024514.430140018,61.650296148,0.000000000,NONE,0,0.049702897,0.000000000,-100.000000000,-1.000000000,-0.001035889,-100.009146308,-0.878714181,0.001035889,0.009146308,-0.121285819,0.000981233,0.013994933,-0.181911735,0.000153458,0.000209192,0.000014838,0.000827775,0.013785741,-0.181926573,0.015973866,0.005033607,-2.734932512,-0.066047111,0.001652678,0.001976209,-0.005745921,-0.002241013,0.003229117,0.004757816,1.367466256,1.367466256
1786024514.480209351,61.700365959,0.000000000,NONE,0,0.050104540,0.000000000,-100.000000000,-1.000000000,-0.001025225,-100.009135377,-0.878713421,0.001025225,0.009135377,-0.121286579,0.000972466,0.013941539,-0.181915650,0.000223922,0.000244703,0.000016237,0.000748544,0.013696836,-0.181931886,0.010386485,-0.000678239,-2.735338097,-0.065963378,0.001696472,0.001449711,-0.002789489,-0.002403753,0.003128609,0.002064634,1.367669049,1.367669049
1786024514.530191660,61.750348185,0.000000000,NONE,0,0.049998004,0.000000000,-100.000000000,-1.000000000,-0.001011886,-100.009123727,-0.878712647,0.001011886,0.009123727,-0.121287353,0.000936536,0.013870870,-0.181920918,0.000266340,0.000251830,0.000015759,0.000670196,0.013619040,-0.181936677,0.005713371,-0.004937719,-2.735663224,-0.065877050,0.001742143,0.000674249,-0.000362475,-0.002494210,0.002831335,0.000025350,1.367831612,1.367831612
1786024514.580224514,61.800381151,0.000000000,NONE,0,0.049991124,0.000000000,-100.000000000,-1.000000000,-0.000996838,-100.009112946,-0.878711948,0.000996838,0.009112946,-0.121288052,0.000874796,0.013800622,-0.181926214,0.000295599,0.000227047,0.000013527,0.000579196,0.013573576,-0.181939741,0.000009242,-0.006828612,-2.735843138,-0.065788925,0.001769204,-0.000068642,0.001722003,-0.001726624,0.001692303,-0.001687682,1.367921569,1.367921569
1786024514.630292654,61.850449161,0.000000000,NONE,0,0.050008312,0.000000000,-100.000000000,-1.000000000,-0.000981728,-100.009102432,-0.878711390,0.000981728,0.009102432,-0.121288610,0.000805302,0.013715237,-0.181932461,0.000285473,0.000223258,0.000010192,0.000519830,0.013491979,-0.181942653,-0.002912150,-0.012289242,-2.736043906,-0.065700137,0.001775441,-0.000662929,0.003966080,-0.002510005,0.002178541,-0.003634616,1.368021953,1.368021953
1786024514.680286884,61.900443674,0.000000000,NONE,0,0.050034448,0.000000000,-100.000000000,-1.000000000,-0.000967213,-100.009093442,-0.878711019,0.000967213,0.009093442,-0.121288981,0.000727370,0.013632412,-0.181938382,0.000273428,0.000179170,0.000005853,0.000453943,0.013453243,-0.181944236,-0.006989382,-0.013592850,-2.736128147,-0.065611691,0.001765002,-0.001068595,0.005412707,-0.001918016,0.001383718,-0.004878409,1.368064073,1.368064073
1786024514.730185509,61.950342225,0.000000000,NONE,0,0.049934498,0.000000000,-100.000000000,-1.000000000,-0.000953839,-100.009087108,-0.878710877,0.000953839,0.009087108,-0.121289123,0.000643122,0.013566039,-0.181943003,0.000248322,0.000120852,0.000000984,0.000394801,0.013445188,-0.181943987,-0.010401125,-0.013265873,-2.736074086,-0.065524277,0.001742376,-0.001291622,0.006239655,-0.001039092,0.000393282,-0.005593844,1.368037043,1.368037043
1786024514.780293465,62.000449841,0.000000000,NONE,0,0.050001651,0.000000000,-100.000000000,-1.000000000,-0.000942435,-100.009083914,-0.878710972,0.000942435,0.009083914,-0.121289028,0.000559635,0.013527067,-0.181945545,0.000207914,0.000054519,-0.000003741,0.000351721,0.013472549,-0.181941805,-0.012659080,-0.010659726,-2.735882685,-0.065438364,0.001711306,-0.001309891,0.006157174,0.000172366,-0.000827311,-0.005502229,1.367941342,1.367941342
1786024514.830277681,62.050434298,0.000000000,NONE,0,0.050062198,0.000000000,-100.000000000,-1.000000000,-0.000933427,-100.009083569,-0.878711279,0.000933427,0.009083569,-0.121288721,0.000480357,0.013516520,-0.181945953,0.000160809,-0.000001684,-0.000007611,0.000319548,0.013518205,-0.181938343,-0.014366475,-0.007239046,-2.735614842,-0.065354172,0.001676578,-0.001154439,0.005689990,0.001493248,-0.002070467,-0.005112771,1.367807421,1.367807421
1786024514.880123138,62.100279782,0.000000000,NONE,0,0.049916130,0.000000000,-100.000000000,-1.000000000,-0.000926567,-100.009084718,-0.878711740,0.000926567,0.009084718,-0.121288260,0.000400672,0.013518967,-0.181945323,0.000118431,-0.000027605,-0.000010200,0.000282241,0.013546572,-0.181935123,-0.016705945,-0.005537572,-2.735394092,-0.065271710,0.001643495,-0.000904342,0.005786965,0.002566008,-0.003018178,-0.005334794,1.367697046,1.367697046
1786024514.930227518,62.150384063,0.000000000,NONE,0,0.050043903,0.000000000,-100.000000000,-1.000000000,-0.000922401,-100.009087225,-0.878712295,0.000922401,0.009087225,-0.121287705,0.000329028,0.013540414,-0.181943273,0.000062361,-0.000056566,-0.000011606,0.000266666,0.013596981,-0.181931667,-0.017200085,-0.001689361,-2.735147671,-0.065190699,0.001616205,-0.000587463,0.004869227,0.003730815,-0.004024547,-0.004575496,1.367573835,1.367573835
1786024514.980123997,62.200280547,0.000000000,NONE,0,0.049947383,0.000000000,-100.000000000,-1.000000000,-0.000921245,-100.009090620,-0.878712885,0.000921245,0.009090620,-0.121287115,0.000271187,0.013579590,-0.181939933,0.000002557,-0.000072007,-0.000011768,0.000268630,0.013651597,-0.181928165,-0.016726698,0.002096088,-2.734901390,-0.065110749,0.001596045,-0.000277672,0.003727071,0.004636278,-0.004775114,-0.003588235,1.367450695,1.367450695
1786024515.030118704,62.250275138,0.000000000,NONE,0,0.050009674,0.000000000,-100.000000000,-1.000000000,-0.000923098,-100.009094165,-0.878713450,0.000923098,0.009094165,-0.121286550,0.000231327,0.013632030,-0.181935638,-0.000056680,-0.000072336,-0.000010719,0.000288007,0.013704366,-0.181924919,-0.015209648,0.005675935,-2.734679428,-0.065031493,0.001582802,0.000018688,0.002378756,0.005226068,-0.005216724,-0.002388100,1.367339714,1.367339714
1786024515.080187082,62.300343883,0.000000000,NONE,0,0.050037837,0.000000000,-100.000000000,-1.000000000,-0.000927726,-100.009097052,-0.878713928,0.000927726,0.009097052,-0.121286072,0.000211791,0.013691418,-0.181930862,-0.000110898,-0.000056248,-0.000008474,0.000322690,0.013747667,-0.181922388,-0.012815380,0.008552399,-2.734516619,-0.064952584,0.001576883,0.000265349,0.000999408,0.005408282,-0.005275607,-0.001132082,1.367258309,1.367258309
1786024515.130332708,62.350489181,0.000000000,NONE,0,0.050059109,0.000000000,-100.000000000,-1.000000000,-0.000934725,-100.009098617,-0.878714272,0.000934725,0.009098617,-0.121285728,0.000213474,0.013751396,-0.181926077,-0.000156535,-0.000027283,-0.000005386,0.000370009,0.013778679,-0.181920691,-0.009714799,0.010638209,-2.734414452,-0.064873751,0.001576939,0.000453162,-0.000344143,0.005201542,-0.004974962,0.000117562,1.367207226,1.367207226
1786024515.180291653,62.400448068,0.000000000,NONE,0,0.049906232,0.000000000,-100.000000000,-1.000000000,-0.000943440,-100.009098573,-0.878714449,0.000943440,0.009098573,-0.121285551,0.000233378,0.013809675,-0.181921470,-0.000188279,0.000006837,-0.000001770,0.000421657,0.013802838,-0.181919700,-0.006515336,0.012419791,-2.734359127,-0.064794788,0.001581697,0.000555922,-0.001615094,0.004872762,-0.004594801,0.001337133,1.367179564,1.367179564
1786024515.230227709,62.450384347,0.000000000,NONE,0,0.050027360,0.000000000,-100.000000000,-1.000000000,-0.000953660,-100.009095668,-0.878714438,0.000953660,0.009095668,-0.121285562,0.000278056,0.013845833,-0.181918468,-0.000217643,0.000066114,0.000002139,0.000495700,0.013779719,-0.181920607,-0.001614116,0.010507708,-2.734460640,-0.064715596,0.001588880,0.000623757,-0.002379337,0.003186395,-0.002874517,0.002067459,1.367230320,1.367230320
1786024515.280364513,62.500521285,0.000000000,NONE,0,0.050130312,0.000000000,-100.000000000,-1.000000000,-0.000962306,-100.009091407,-0.878714297,0.000962306,0.009091407,-0.121285703,0.000327287,0.013858791,-0.181917234,-0.000224642,0.000106697,0.000004928,0.000551928,0.013752094,-0.181922162,0.001416467,0.009133467,-2.734582330,-0.064651999,0.001597029,0.001936611,-0.003121636,0.002413403,-0.001445097,0.002153331,1.367291165,1.367291165
1786024515.330268621,62.550425228,0.000000000,NONE,0,0.049968754,0.000000000,-100.000000000,-1.000000000,-0.000972580,-100.009083887,-0.878713976,0.000972580,0.009083887,-0.121286024,0.000393072,0.013852528,-0.181917340,-0.000210346,0.000155061,0.000007914,0.000603418,0.013697467,-0.181925254,0.004431989,0.005642640,-2.734829634,-0.064571432,0.001635622,0.001558442,-0.002908268,0.000692273,0.000086948,0.002129047,1.367414817,1.367414817
1786024515.380403042,62.600559537,0.000000000,NONE,0,0.049978700,0.000000000,-100.000000000,-1.000000000,-0.000981239,-100.009072769,-0.878713534,0.000981239,0.009072769,-0.121286466,0.000452247,0.013793398,-0.181921215,-0.000177012,0.000231030,0.000009810,0.000629259,0.013562369,-0.181931024,0.005487120,-0.003859487,-2.735287178,-0.064488484,0.001679136,0.000933530,-0.000640291,-0.002103269,0.002570034,0.000173526,1.367643589,1.367643589
1786024515.430128336,62.650285140,0.000000000,NONE,0,0.049879429,0.000000000,-100.000000000,-1.000000000,-0.000989969,-100.009062851,-0.878713050,0.000989969,0.009062851,-0.121286950,0.000533702,0.013755008,-0.181923622,-0.000183149,0.000175033,0.000009643,0.000716851,0.013579975,-0.181933265,0.012003376,0.000510652,-2.735373472,-0.064403739,0.001710568,0.000264484,-0.003194628,-0.002807060,0.002939302,0.003062386,1.367686736,1.367686736
1786024515.480196238,62.700352973,0.000000000,NONE,0,0.050034473,0.000000000,-100.000000000,-1.000000000,-0.000998057,-100.009053022,-0.878712603,0.000998057,0.009053022,-0.121287397,0.000630784,0.013705442,-0.181926721,-0.000159052,0.000190071,0.000008587,0.000789836,0.013515372,-0.181935307,0.016110319,-0.004775813,-2.735512312,-0.064317970,0.001721485,-0.000269989,-0.002766129,-0.005289030,0.005154036,0.002901124,1.367756156,1.367756156
1786024515.530169010,62.750325830,0.000000000,NONE,0,0.050000198,0.000000000,-100.000000000,-1.000000000,-0.001003992,-100.009043308,-0.878712220,0.001003992,0.009043308,-0.121287780,0.000727539,0.013647696,-0.181930260,-0.000108305,0.000180456,0.000006918,0.000835845,0.013467239,-0.181937178,0.018359418,-0.007119517,-2.735639889,-0.064232067,0.001716962,-0.000673799,-0.002641526,-0.006538183,0.006201284,0.002978425,1.367819944,1.367819944
1786024515.580190897,62.800347423,0.000000000,NONE,0,0.049929133,0.000000000,-100.000000000,-1.000000000,-0.001007066,-100.009034695,-0.878711938,0.001007066,0.009034695,-0.121288062,0.000814930,0.013589357,-0.181933756,-0.000046124,0.000157488,0.000004623,0.000861054,0.013431869,-0.181938379,0.019484686,-0.008773922,-2.735710610,-0.064146628,0.001701039,-0.000944078,-0.002441671,-0.007300671,0.006828632,0.002913711,1.367855305,1.367855305
1786024515.630218029,62.850374617,0.000000000,NONE,0,0.050119336,0.000000000,-100.000000000,-1.000000000,-0.001006918,-100.009027740,-0.878711784,0.001006918,0.009027740,-0.121288216,0.000886217,0.013536604,-0.181936808,0.000022224,0.000124990,0.000001925,0.000863992,0.013411614,-0.181938733,0.019242112,-0.009458399,-2.735718393,-0.064062149,0.001677232,-0.001042851,-0.002185216,-0.007435840,0.006914415,0.002706641,1.367859197,1.367859197
1786024515.680062294,62.900218857,0.000000000,NONE,0,0.049864000,0.000000000,-100.000000000,-1.000000000,-0.001003400,-100.009022839,-0.878711774,0.001003400,0.009022839,-0.121288226,0.000935893,0.013495142,-0.181939064,0.000092031,0.000086263,-0.000000880,0.000843862,0.013408879,-0.181938184,0.017597337,-0.009024805,-2.735661819,-0.063978951,0.001649910,-0.001044971,-0.001881890,-0.006916778,0.006394293,0.002404376,1.367830910,1.367830910
1786024515.730144739,62.950301377,0.000000000,NONE,0,0.050064313,0.000000000,-100.000000000,-1.000000000,-0.000996628,-100.009020154,-0.878711906,0.000996628,0.009020154,-0.121288094,0.000960336,0.013469292,-0.181940269,0.000157602,0.000046091,-0.000003481,0.000802733,0.013423202,-0.181936788,0.014734091,-0.007541853,-2.735547313,-0.063897175,0.001621957,-0.000909627,-0.001570652,-0.005796393,0.005341579,0.002025466,1.367773657,1.367773657
1786024515.780297279,63.000453833,0.000000000,NONE,0,0.050068011,0.000000000,-100.000000000,-1.000000000,-0.000987156,-100.009019594,-0.878712157,0.000987156,0.009019594,-0.121287843,0.000957712,0.013461703,-0.181940291,0.000213548,0.000009676,-0.000005544,0.000744164,0.013452026,-0.181934747,0.010890076,-0.005201650,-2.735391516,-0.063818403,0.001597095,-0.000572241,-0.001279046,-0.004165992,0.003879871,0.001565167,1.367695758,1.367695758
1786024515.830285072,63.050441599,0.000000000,NONE,0,0.049984457,0.000000000,-100.000000000,-1.000000000,-0.000974803,-100.009020896,-0.878712510,0.000974803,0.009020896,-0.121287490,0.000925829,0.013473479,-0.181939050,0.000260498,-0.000021439,-0.000006980,0.000665331,0.013494917,-0.181932070,0.005766494,-0.001984243,-2.735191337,-0.063737601,0.001578848,-0.000482138,-0.000825028,-0.002058219,0.001817150,0.001066097,1.367595668,1.367595668
1786024515.880165100,63.100321879,0.000000000,NONE,0,0.049958676,0.000000000,-100.000000000,-1.000000000,-0.000961082,-100.009023433,-0.878712901,0.000961082,0.009023433,-0.121287099,0.000869961,0.013501867,-0.181936753,0.000286017,-0.000039005,-0.000007448,0.000583944,0.013540872,-0.181929304,0.000841081,0.001231730,-2.734995931,-0.063659247,0.001563334,-0.000234676,-0.000459534,0.000038993,-0.000156331,0.000576872,1.367497966,1.367497966
1786024515.930121422,63.150278206,0.000000000,NONE,0,0.049997848,0.000000000,-100.000000000,-1.000000000,-0.000946748,-100.009026797,-0.878713285,0.000946748,0.009026797,-0.121286715,0.000795287,0.013548254,-0.181933277,0.000291918,-0.000049952,-0.000006950,0.000503370,0.013598206,-0.181926327,-0.003969158,0.005334644,-2.734783352,-0.063581565,0.001551959,0.000022420,-0.000346977,0.002331556,-0.002320345,0.000335767,1.367391676,1.367391676
1786024515.980160713,63.200317464,0.000000000,NONE,0,0.049988671,0.000000000,-100.000000000,-1.000000000,-0.000932153,-100.009029623,-0.878713607,0.000932153,0.009029623,-0.121286393,0.000698864,0.013596339,-0.181929748,0.000290553,-0.000030183,-0.000005415,0.000408311,0.013626522,-0.181924333,-0.009959387,0.006893913,-2.734663421,-0.063504244,0.001545773,0.000247613,0.000704465,0.004275228,-0.004151422,-0.000828272,1.367331710,1.367331710
1786024516.030193090,63.250349809,0.000000000,NONE,0,0.050031076,0.000000000,-100.000000000,-1.000000000,-0.000918463,-100.009031377,-0.878713822,0.000918463,0.009031377,-0.121286178,0.000591190,0.013644142,-0.181926269,0.000261483,-0.000007281,-0.000003161,0.000329707,0.013651423,-0.181923108,-0.014343502,0.008760492,-2.734593095,-0.063426952,0.001545330,0.000415295,0.001291929,0.005879822,-0.005672175,-0.001499576,1.367296547,1.367296547
1786024516.080173016,63.300329748,0.000000000,NONE,0,0.050001834,0.000000000,-100.000000000,-1.000000000,-0.000906745,-100.009031505,-0.878713903,0.000906745,0.009031505,-0.121286097,0.000481931,0.013685042,-0.181923279,0.000213389,0.000026620,-0.000000482,0.000268542,0.013658422,-0.181922797,-0.017664443,0.009249737,-2.734589577,-0.063349420,0.001549171,0.000509544,0.001976291,0.006855931,-0.006601159,-0.002231063,1.367294789,1.367294789
1786024516.130219936,63.350376636,0.000000000,NONE,0,0.050013656,0.000000000,-100.000000000,-1.000000000,-0.000897743,-100.009029564,-0.878713842,0.000897743,0.009029564,-0.121286158,0.000379192,0.013713155,-0.181921180,0.000151545,0.000066103,0.000002305,0.000227648,0.013647052,-0.181923485,-0.019711049,0.008600523,-2.734657697,-0.063271506,0.001555963,0.000537384,0.002643286,0.007212239,-0.006943547,-0.002911978,1.367328848,1.367328848
1786024516.180193424,63.400350026,0.000000000,NONE,0,0.049981284,0.000000000,-100.000000000,-1.000000000,-0.000891987,-100.009025414,-0.878713648,0.000891987,0.009025414,-0.121286352,0.000290058,0.013724622,-0.181920243,0.000080897,0.000105782,0.000004841,0.000209161,0.013618840,-0.181925083,-0.020370058,0.006935062,-2.734787824,-0.063193159,0.001564472,0.000501434,0.003233390,0.006951639,-0.006700922,-0.003484107,1.367393912,1.367393912
1786024516.230168581,63.450325100,0.000000000,NONE,0,0.049990507,0.000000000,-100.000000000,-1.000000000,-0.000889773,-100.009019169,-0.878713347,0.000889773,0.009019169,-0.121286653,0.000220451,0.013717615,-0.181920598,0.000006544,0.000140971,0.000006792,0.000213906,0.013576645,-0.181927391,-0.019616905,0.004448402,-2.734963508,-0.063114397,0.001573407,0.000421413,0.003686773,0.006121680,-0.005910973,-0.003897479,1.367481754,1.367481754
1786024516.280305386,63.500461939,0.000000000,NONE,0,0.050115368,0.000000000,-100.000000000,-1.000000000,-0.000891148,-100.009011179,-0.878712980,0.000891148,0.009011179,-0.121287020,0.000174799,0.013692487,-0.181922217,-0.000066271,0.000167507,0.000007903,0.000241070,0.013524980,-0.181930119,-0.017534813,0.001447829,-2.735162791,-0.063035283,0.001581785,0.000326580,0.003940101,0.004827306,-0.004664015,-0.004103391,1.367581396,1.367581396
1786024516.330162525,63.550319153,0.000000000,NONE,0,0.049872196,0.000000000,-100.000000000,-1.000000000,-0.000895917,-100.009001992,-0.878712592,0.000895917,0.009001992,-0.121287408,0.000155799,0.013651800,-0.181924903,-0.000132563,0.000182189,0.000008020,0.000288363,0.013469611,-0.181932923,-0.014284092,-0.001702962,-2.735360830,-0.062955876,0.001589235,0.000178955,0.003952025,0.003190021,-0.003100544,-0.004041502,1.367680415,1.367680415
1786024516.380314112,63.600470757,0.000000000,NONE,0,0.050076408,0.000000000,-100.000000000,-1.000000000,-0.000903681,-100.008992285,-0.878712234,0.000903681,0.008992285,-0.121287766,0.000164715,0.013600017,-0.181928317,-0.000188419,0.000183313,0.000007123,0.000353134,0.013416704,-0.181935440,-0.010043684,-0.004595841,-2.735531068,-0.062876236,0.001594414,0.000053261,0.003646566,0.001375276,-0.001348646,-0.003673197,1.367765534,1.367765534
1786024516.430264473,63.650421300,0.000000000,NONE,0,0.049961515,0.000000000,-100.000000000,-1.000000000,-0.000913821,-100.008982798,-0.878711950,0.000913821,0.008982798,-0.121288050,0.000200740,0.013542996,-0.181932019,-0.000229434,0.000170640,0.000005308,0.000430174,0.013372356,-0.181937327,-0.005161328,-0.006872351,-2.735650670,-0.062796437,0.001597320,-0.000084954,0.003029658,-0.000448994,0.000406517,-0.002987181,1.367825335,1.367825335
1786024516.480327368,63.700483989,0.000000000,NONE,0,0.050102781,0.000000000,-100.000000000,-1.000000000,-0.000925609,-100.008974258,-0.878711777,0.000925609,0.008974258,-0.121288223,0.000261986,0.013488033,-0.181935470,-0.000254104,0.000145123,0.000002836,0.000516090,0.013342911,-0.181938307,0.000180695,-0.008118659,-2.735701013,-0.062716539,0.001597474,-0.000193789,0.002032938,-0.002123286,0.002026391,-0.001936044,1.367850506,1.367850506
1786024516.530141115,63.750297939,0.000000000,NONE,0,0.049799258,0.000000000,-100.000000000,-1.000000000,-0.000938058,-100.008967101,-0.878711734,0.000938058,0.008967101,-0.121288266,0.000343067,0.013438998,-0.181938378,-0.000257573,0.000114007,0.000000039,0.000600640,0.013324991,-0.181938417,0.005253985,-0.008735322,-2.735691421,-0.062636635,0.001594880,-0.000321634,0.000950743,-0.003577735,0.003416918,-0.000789926,1.367845711,1.367845711
1786024516.580185652,63.800342078,0.000000000,NONE,0,0.050093165,0.000000000,-100.000000000,-1.000000000,-0.000950271,-100.008961617,-0.878711826,0.000950271,0.008961617,-0.121288174,0.000439009,0.013399764,-0.181940462,-0.000243301,0.000079187,-0.000002742,0.000682311,0.013320578,-0.181937720,0.010107474,-0.008475386,-2.735626525,-0.062556853,0.001588909,-0.000377158,-0.000313732,-0.004740005,0.004551426,0.000502311,1.367813262,1.367813262
1786024516.630281210,63.850437861,0.000000000,NONE,0,0.050000210,0.000000000,-100.000000000,-1.000000000,-0.000961324,-100.008957945,-0.878712042,0.000961324,0.008957945,-0.121287958,0.000543123,0.013373196,-0.181941535,-0.000210639,0.000044171,-0.000005210,0.000753762,0.013329025,-0.181936325,0.014216936,-0.007432731,-2.735514836,-0.062477338,0.001580883,-0.000410332,-0.001593468,-0.005515000,0.005309834,0.001798634,1.367757418,1.367757418
1786024516.680198431,63.900354838,0.000000000,NONE,0,0.049998621,0.000000000,-100.000000000,-1.000000000,-0.000968633,-100.008956581,-0.878712291,0.000968633,0.008956581,-0.121287709,0.000624846,0.013367232,-0.181941275,-0.000168967,0.000011940,-0.000006753,0.000793813,0.013355292,-0.181934522,0.016016380,-0.005178672,-2.735380512,-0.062414013,0.001573351,0.000840248,-0.002919489,-0.005088701,0.005508825,0.002499365,1.367690256,1.367690256
1786024516.730122566,63.950279248,0.000000000,NONE,0,0.049966448,0.000000000,-100.000000000,-1.000000000,-0.000975037,-100.008956657,-0.878712671,0.000975037,0.008956657,-0.121287329,0.000713923,0.013378661,-0.181939623,-0.000102536,-0.000021168,-0.000008103,0.000816459,0.013399829,-0.181931519,0.017053469,-0.001782322,-2.735146255,-0.062334724,0.001589964,0.000560242,-0.003957848,-0.004568887,0.004849008,0.003677726,1.367573127,1.367573127
1786024516.780187130,64.000343734,0.000000000,NONE,0,0.050029174,0.000000000,-100.000000000,-1.000000000,-0.000978540,-100.008958023,-0.878713089,0.000978540,0.008958023,-0.121286911,0.000791398,0.013405507,-0.181936891,-0.000043891,-0.000036907,-0.000008409,0.000835289,0.013442413,-0.181928482,0.018132808,0.001123969,-2.734933072,-0.062254342,0.001609756,0.000160842,-0.004854405,-0.004211999,0.004292420,0.004773984,1.367466536,1.367466536
1786024516.830116749,64.050273604,0.000000000,NONE,0,0.049981711,0.000000000,-100.000000000,-1.000000000,-0.000979041,-100.008960003,-0.878713491,0.000979041,0.008960003,-0.121286509,0.000854949,0.013443524,-0.181933422,0.000018395,-0.000040543,-0.000007584,0.000836554,0.013484068,-0.181925838,0.017883572,0.004020575,-2.734755733,-0.062173443,0.001616247,-0.000160913,-0.005435809,-0.003505978,0.003425521,0.005516265,1.367377867,1.367377867
1786024516.880107164,64.100263900,0.000000000,NONE,0,0.049982443,0.000000000,-100.000000000,-1.000000000,-0.000976359,-100.008962003,-0.878713825,0.000976359,0.008962003,-0.121286175,0.000899983,0.013488183,-0.181929587,0.000081837,-0.000031851,-0.000005819,0.000818146,0.013520034,-0.181923768,0.016409713,0.006494763,-2.734622313,-0.062092689,0.001610421,-0.000355844,-0.005637158,-0.002567698,0.002389776,0.005815080,1.367311156,1.367311156
1786024516.930122852,64.150279326,0.000000000,NONE,0,0.050005297,0.000000000,-100.000000000,-1.000000000,-0.000970535,-100.008963408,-0.878714054,0.000970535,0.008963408,-0.121285946,0.000923067,0.013533956,-0.181925814,0.000141901,-0.000011442,-0.000003331,0.000781167,0.013545398,-0.181922484,0.013841282,0.008237624,-2.734548170,-0.062012570,0.001595834,-0.000417578,-0.005415332,-0.001505309,0.001296520,0.005624121,1.367274085,1.367274085
1786024516.980103493,64.200260097,0.000000000,NONE,0,0.049989805,0.000000000,-100.000000000,-1.000000000,-0.000961845,-100.008963678,-0.878714149,0.000961845,0.008963678,-0.121285851,0.000922388,0.013575266,-0.181922523,0.000194178,0.000018404,-0.000000396,0.000728210,0.013556863,-0.181922127,0.010362191,0.009072268,-2.734541718,-0.061933347,0.001576870,-0.000373709,-0.004765187,-0.000415908,0.000229053,0.004952042,1.367270859,1.367270859
1786024517.030129433,64.250286101,0.000000000,NONE,0,0.050019821,0.000000000,-100.000000000,-1.000000000,-0.000950826,-100.008962509,-0.878714098,0.000950826,0.008962509,-0.121285902,0.000898805,0.013608903,-0.181919945,0.000233779,0.000051736,0.000002636,0.000665026,0.013557166,-0.181922581,0.006381877,0.009276323,-2.734589757,-0.061855062,0.001557621,-0.000256098,-0.003850525,0.000659587,-0.000787636,0.003978575,1.367294878,1.367294878
1786024517.080123425,64.300279964,0.000000000,NONE,0,0.049993019,0.000000000,-100.000000000,-1.000000000,-0.000937889,-100.008959328,-0.878713903,0.000937889,0.008959328,-0.121286097,0.000850223,0.013624590,-0.181918793,0.000264670,0.000096588,0.000005467,0.000585552,0.013528003,-0.181924261,0.001297545,0.007307934,-2.734731856,-0.061777584,0.001541131,-0.000112541,-0.002123234,0.001474462,-0.001530733,0.002179505,1.367365928,1.367365928
1786024517.130115986,64.350272836,0.000000000,NONE,0,0.049996839,0.000000000,-100.000000000,-1.000000000,-0.000923834,-100.008954148,-0.878713583,0.000923834,0.008954148,-0.121286417,0.000780134,0.013620475,-0.181919160,0.000276982,0.000135023,0.000007678,0.000503152,0.013485452,-0.181926838,-0.003697788,0.004815701,-2.734930213,-0.061700695,0.001529859,0.000018725,-0.000284160,0.002133053,-0.002123691,0.000274797,1.367465107,1.367465107
1786024517.180180788,64.400337330,0.000000000,NONE,0,0.050007376,0.000000000,-100.000000000,-1.000000000,-0.000909635,-100.008947386,-0.878713176,0.000909635,0.008947386,-0.121286824,0.000694003,0.013598567,-0.181920848,0.000270508,0.000162749,0.000008950,0.000423495,0.013435817,-0.181929798,-0.008417419,0.001986440,-2.735145050,-0.061624140,0.001524361,0.000112676,0.001579576,0.002629134,-0.002572796,-0.001635914,1.367572525,1.367572525
1786024517.230130911,64.450287651,0.000000000,NONE,0,0.050002232,0.000000000,-100.000000000,-1.000000000,-0.000896261,-100.008939500,-0.878712731,0.000896261,0.008939500,-0.121287269,0.000598567,0.013561206,-0.181923622,0.000245561,0.000179591,0.000009164,0.000353006,0.013381616,-0.181932785,-0.012460701,-0.001100269,-2.735354722,-0.061547705,0.001523955,0.000156937,0.003351008,0.002879342,-0.002800874,-0.003429477,1.367677361,1.367677361
1786024517.280401468,64.500558152,0.000000000,NONE,0,0.050269484,0.000000000,-100.000000000,-1.000000000,-0.000884607,-100.008931029,-0.878712300,0.000884607,0.008931029,-0.121287700,0.000501032,0.013512077,-0.181927155,0.000204396,0.000183868,0.000008332,0.000296636,0.013328209,-0.181935487,-0.015552183,-0.004049983,-2.735537860,-0.061471227,0.001527378,0.000184770,0.004854349,0.002921743,-0.002829357,-0.004946734,1.367768930,1.367768930
1786024517.330142260,64.550298947,0.000000000,NONE,0,0.049739663,0.000000000,-100.000000000,-1.000000000,-0.000875406,-100.008922600,-0.878711932,0.000875406,0.008922600,-0.121288068,0.000408111,0.013456544,-0.181931024,0.000150877,0.000174665,0.000006573,0.000257234,0.013281880,-0.181937597,-0.017584748,-0.006483136,-2.735674215,-0.061394584,0.001533762,0.000096970,0.005992728,0.002799646,-0.002751161,-0.006041214,1.367837108,1.367837108
1786024517.380111456,64.600267993,0.000000000,NONE,0,0.049961937,0.000000000,-100.000000000,-1.000000000,-0.000869242,-100.008914836,-0.878711672,0.000869242,0.008914836,-0.121288328,0.000326559,0.013400870,-0.181934766,0.000087916,0.000152902,0.000004086,0.000238643,0.013247968,-0.181938852,-0.018277017,-0.008048753,-2.735744736,-0.061317715,0.001539938,0.000012770,0.006578250,0.002560259,-0.002553873,-0.006584635,1.367872368,1.367872368
1786024517.430120468,64.650277116,0.000000000,NONE,0,0.050025537,0.000000000,-100.000000000,-1.000000000,-0.000866431,-100.008908243,-0.878711548,0.000866431,0.008908243,-0.121288452,0.000261637,0.013351046,-0.181937962,0.000021326,0.000122073,0.000001199,0.000240311,0.013228973,-0.181939162,-0.017767314,-0.008660597,-2.735747522,-0.061240658,0.001544564,-0.000070882,0.006624698,0.002258959,-0.002294400,-0.006589257,1.367873761,1.367873761
1786024517.480101824,64.700258565,0.000000000,NONE,0,0.049984319,0.000000000,-100.000000000,-1.000000000,-0.000867048,-100.008903170,-0.878711577,0.000867048,0.008903170,-0.121288423,0.000217418,0.013312235,-0.181940270,-0.000044560,0.000085733,-0.000001773,0.000261978,0.013226502,-0.181938497,-0.016061597,-0.008227319,-2.735681530,-0.061163464,0.001546923,-0.000155534,0.006111112,0.001919686,-0.001997453,-0.006033345,1.367840765,1.367840765
1786024517.530198097,64.750354543,0.000000000,NONE,0,0.050061974,0.000000000,-100.000000000,-1.000000000,-0.000870934,-100.008899765,-0.878711752,0.000870934,0.008899765,-0.121288248,0.000196595,0.013288203,-0.181941454,-0.000105396,0.000048453,-0.000004486,0.000301991,0.013239751,-0.181936967,-0.013287912,-0.006835844,-2.735557161,-0.061086212,0.001546434,-0.000214657,0.005084603,0.001559353,-0.001666681,-0.004977275,1.367778581,1.367778581
1786024517.580130100,64.800286528,0.000000000,NONE,0,0.049896376,0.000000000,-100.000000000,-1.000000000,-0.000877544,-100.008897983,-0.878712047,0.000877544,0.008897983,-0.121287953,0.000199939,0.013280877,-0.181941418,-0.000156117,0.000015311,-0.000006609,0.000356056,0.013265566,-0.181934809,-0.009750800,-0.004718152,-2.735393378,-0.061010550,0.001543166,-0.000146455,0.003653852,0.001221548,-0.001294776,-0.003580624,1.367696689,1.367696689
1786024517.630111694,64.850268499,0.000000000,NONE,0,0.050051473,0.000000000,-100.000000000,-1.000000000,-0.000886735,-100.008897482,-0.878712446,0.000886735,0.008897482,-0.121287554,0.000227074,0.013289922,-0.181940173,-0.000195424,-0.000011323,-0.000008036,0.000422498,0.013301244,-0.181932137,-0.005509189,-0.002030707,-2.735196170,-0.060931912,0.001539767,-0.000304101,0.001960999,0.000793595,-0.000945646,-0.001808949,1.367598085,1.367598085
1786024517.680073977,64.900230593,0.000000000,NONE,0,0.049949657,0.000000000,-100.000000000,-1.000000000,-0.000897439,-100.008897946,-0.878712881,0.000897439,0.008897946,-0.121287119,0.000277331,0.013314098,-0.181937852,-0.000221822,-0.000027923,-0.000008487,0.000499152,0.013342021,-0.181929365,-0.000689099,0.000901861,-2.735000076,-0.060855048,0.001531442,-0.000290557,0.000019449,0.000325101,-0.000470379,0.000125830,1.367500038,1.367500038
1786024517.730116129,64.950272735,0.000000000,NONE,0,0.050046722,0.000000000,-100.000000000,-1.000000000,-0.000909433,-100.008897839,-0.878713309,0.000909433,0.008897839,-0.121286691,0.000356732,0.013332652,-0.181935836,-0.000242298,-0.000011209,-0.000007975,0.000599029,0.013343861,-0.181927861,0.005781957,0.000604465,-2.734920204,-0.060778649,0.001520534,-0.000209861,-0.001544140,-0.001346838,0.001241908,0.001649071,1.367460102,1.367460102
1786024517.780181170,65.000337962,0.000000000,NONE,0,0.050052251,0.000000000,-100.000000000,-1.000000000,-0.000920532,-100.008898661,-0.878713688,0.000920532,0.008898661,-0.121286312,0.000436842,0.013373468,-0.181932312,-0.000211034,-0.000032175,-0.000006942,0.000647875,0.013405643,-0.181925370,0.007712169,0.005927968,-2.734726119,-0.060702792,0.001511869,-0.000115144,-0.003381248,-0.000474836,0.000417264,0.003438820,1.367363060,1.367363060
1786024517.830245495,65.050402077,0.000000000,NONE,0,0.050068592,0.000000000,-100.000000000,-1.000000000,-0.000930342,-100.008899299,-0.878713986,0.000930342,0.008899299,-0.121286014,0.000521212,0.013419808,-0.181928413,-0.000183964,-0.000016328,-0.000005014,0.000705176,0.013436136,-0.181923399,0.011340278,0.007563699,-2.734598608,-0.060627424,0.001503540,0.000009721,-0.004728425,-0.000941715,0.000946575,0.004723564,1.367299304,1.367299304
1786024517.880040884,65.100197554,0.000000000,NONE,0,0.049808387,0.000000000,-100.000000000,-1.000000000,-0.000938319,-100.008898742,-0.878714161,0.000938319,0.008898742,-0.121285839,0.000604862,0.013461297,-0.181924858,-0.000143424,0.000013518,-0.000002372,0.000748286,0.013447778,-0.181922485,0.013671057,0.008307253,-2.734555613,-0.060552507,0.001497433,0.000109528,-0.005521959,-0.001313569,0.001368333,0.005467195,1.367277806,1.367277806
1786024517.930154562,65.150311129,0.000000000,NONE,0,0.050075826,0.000000000,-100.000000000,-1.000000000,-0.000943918,-100.008896695,-0.878714192,0.000943918,0.008896695,-0.121285808,0.000682873,0.013493167,-0.181922015,-0.000094339,0.000048098,0.000000574,0.000777211,0.013445069,-0.181922589,0.015142973,0.008259284,-2.734583322,-0.060477897,0.001493834,0.000233645,-0.005908975,-0.001662511,0.001779333,0.005792153,1.367291661,1.367291661
1786024517.980658293,65.200814766,0.000000000,NONE,0,0.050239523,0.000000000,-100.000000000,-1.000000000,-0.000946759,-100.008893011,-0.878714076,0.000946759,0.008893011,-0.121285924,0.000750176,0.013511413,-0.181920196,-0.000039072,0.000084739,0.000003453,0.000789248,0.013426675,-0.181923649,0.015551569,0.007218618,-2.734676511,-0.060403403,0.001493766,0.000344108,-0.005778574,-0.001997211,0.002169265,0.005606520,1.367338256,1.367338256
1786024518.030133009,65.250289625,0.000000000,NONE,0,0.049767584,0.000000000,-100.000000000,-1.000000000,-0.000946667,-100.008887730,-0.878713832,0.000946667,0.008887730,-0.121286168,0.000802661,0.013513705,-0.181919587,0.000018204,0.000119026,0.000005917,0.000784457,0.013394678,-0.181925504,0.014951643,0.005360108,-2.734822592,-0.060328793,0.001497529,0.000342515,-0.005163566,-0.002312255,0.002483513,0.004992309,1.367411296,1.367411296
1786024518.080164433,65.300321072,0.000000000,NONE,0,0.050026406,0.000000000,-100.000000000,-1.000000000,-0.000943698,-100.008881095,-0.878713488,0.000943698,0.008881095,-0.121286512,0.000837808,0.013499712,-0.181920219,0.000073126,0.000146888,0.000007684,0.000764682,0.013352824,-0.181927903,0.013487966,0.002960154,-2.735001153,-0.060253902,0.001502735,0.000327713,-0.004193958,-0.002550025,0.002713881,0.004030102,1.367500576,1.367500576
1786024518.130109549,65.350266076,0.000000000,NONE,0,0.049957939,0.000000000,-100.000000000,-1.000000000,-0.000939388,-100.008875074,-0.878713170,0.000939388,0.008875074,-0.121286830,0.000852023,0.013477582,-0.181921560,0.000113346,0.000162076,0.000008401,0.000738677,0.013315506,-0.181929961,0.011822067,0.001097639,-2.735138422,-0.060193736,0.001507676,0.001479348,-0.003599764,-0.002311270,0.003050944,0.002860089,1.367569211,1.367569211
1786024518.180143595,65.400300239,0.000000000,NONE,0,0.050011318,0.000000000,-100.000000000,-1.000000000,-0.000931430,-100.008867013,-0.878712754,0.000931430,0.008867013,-0.121287246,0.000844252,0.013437812,-0.181924186,0.000168740,0.000174590,0.000008642,0.000675512,0.013263222,-0.181932828,0.007305885,-0.002088205,-2.735355314,-0.060117575,0.001539734,0.001079057,-0.001574184,-0.002078758,0.002618287,0.001034656,1.367677657,1.367677657
1786024518.230109930,65.450266502,0.000000000,NONE,0,0.049993043,0.000000000,-100.000000000,-1.000000000,-0.000921471,-100.008858975,-0.878712354,0.000921471,0.008858975,-0.121287646,0.000815413,0.013391771,-0.181927317,0.000200300,0.000170239,0.000007896,0.000615114,0.013221532,-0.181935213,0.003750020,-0.004142224,-2.735512597,-0.060039453,0.001575023,0.000479455,-0.000021813,-0.001853197,0.002092925,-0.000217915,1.367756299,1.367756299
1786024518.280106068,65.500262758,0.000000000,NONE,0,0.049999658,0.000000000,-100.000000000,-1.000000000,-0.000910093,-100.008852377,-0.878712019,0.000910093,0.008852377,-0.121287981,0.000763304,0.013359372,-0.181929577,0.000226929,0.000135511,0.000006270,0.000536375,0.013223861,-0.181935846,-0.001331480,-0.002857754,-2.735521915,-0.059959977,0.001595191,-0.000084283,0.001068379,-0.000402639,0.000360498,-0.001026237,1.367760957,1.367760957
1786024518.330191612,65.550348193,0.000000000,NONE,0,0.050068901,0.000000000,-100.000000000,-1.000000000,-0.000899076,-100.008845532,-0.878711772,0.000899076,0.008845532,-0.121288228,0.000712015,0.013310899,-0.181932835,0.000206083,0.000150894,0.000004379,0.000505932,0.013160005,-0.181937214,-0.002182246,-0.007780625,-2.735632309,-0.059880042,0.001597957,-0.000510557,0.002618357,-0.001527234,0.001271955,-0.002363079,1.367816154,1.367816154
1786024518.380148888,65.600305481,0.000000000,NONE,0,0.049934212,0.000000000,-100.000000000,-1.000000000,-0.000888714,-100.008839298,-0.878711626,0.000888714,0.008839298,-0.121288374,0.000657490,0.013261654,-0.181936059,0.000195886,0.000124674,0.000002077,0.000461604,0.013136980,-0.181938136,-0.005113632,-0.008120107,-2.735688004,-0.059800423,0.001588545,-0.000813757,0.003511874,-0.000955058,0.000548179,-0.003104995,1.367844002,1.367844002
1786024518.430099964,65.650256675,0.000000000,NONE,0,0.049999458,0.000000000,-100.000000000,-1.000000000,-0.000879215,-100.008834812,-0.878711603,0.000879215,0.008834812,-0.121288397,0.000600065,0.013225209,-0.181938351,0.000176398,0.000086312,-0.000000560,0.000423668,0.013138897,-0.181937791,-0.007253720,-0.007251122,-2.735638423,-0.059721599,0.001570076,-0.000962920,0.003866940,-0.000240080,-0.000241379,-0.003385480,1.367819212,1.367819212
1786024518.480126858,65.700283619,0.000000000,NONE,0,0.050004033,0.000000000,-100.000000000,-1.000000000,-0.000871859,-100.008833428,-0.878711710,0.000871859,0.008833428,-0.121288290,0.000556331,0.013228897,-0.181937831,0.000130648,0.000016273,-0.000003079,0.000425684,0.013212624,-0.181934752,-0.006325469,-0.001053563,-2.735371909,-0.059643908,0.001544826,-0.000960769,0.002084950,0.001077784,-0.001558169,-0.001604566,1.367685954,1.367685954
1786024518.530112743,65.750269508,0.000000000,NONE,0,0.049988990,0.000000000,-100.000000000,-1.000000000,-0.000865092,-100.008831879,-0.878711915,0.000865092,0.008831879,-0.121288085,0.000500789,0.013219819,-0.181938103,0.000128364,0.000043490,-0.000004579,0.000372425,0.013176329,-0.181933524,-0.010620190,-0.005120836,-2.735322102,-0.059567634,0.001515665,-0.000815655,0.004139170,0.001170925,-0.001578752,-0.003731343,1.367661051,1.367661051
1786024518.580091476,65.800248033,0.000000000,NONE,0,0.049962832,0.000000000,-100.000000000,-1.000000000,-0.000859399,-100.008830640,-0.878712171,0.000859399,0.008830640,-0.121287829,0.000441969,0.013215195,-0.181938010,0.000097804,0.000021788,-0.000005512,0.000344166,0.013193407,-0.181932498,-0.011810023,-0.002708078,-2.735254328,-0.059492771,0.001490453,-0.000607702,0.003781451,0.002123561,-0.002427412,-0.003477600,1.367627164,1.367627164
1786024518.630137920,65.850294508,0.000000000,NONE,0,0.050060396,0.000000000,-100.000000000,-1.000000000,-0.000855588,-100.008830245,-0.878712465,0.000855588,0.008830245,-0.121287535,0.000387757,0.013220515,-0.181937223,0.000059138,0.000006750,-0.000006124,0.000328619,0.013213765,-0.181931100,-0.012481677,-0.001080202,-2.735149062,-0.059418988,0.001470634,-0.000363049,0.003481232,0.002759607,-0.002941131,-0.003299707,1.367574531,1.367574531
1786024518.680113316,65.900270030,0.000000000,NONE,0,0.049973450,0.000000000,-100.000000000,-1.000000000,-0.000853868,-100.008830318,-0.878712777,0.000853868,0.008830318,-0.121287223,0.000342213,0.013234798,-0.181935799,0.000016770,-0.000002745,-0.000006255,0.000325443,0.013237544,-0.181929543,-0.012418657,0.000775390,-2.735036892,-0.059346000,0.001456714,-0.000131460,0.002943682,0.003265647,-0.003331377,-0.002877952,1.367518446,1.367518446
1786024518.730076075,65.950232934,0.000000000,NONE,0,0.049971278,0.000000000,-100.000000000,-1.000000000,-0.000854326,-100.008830537,-0.878713080,0.000854326,0.008830537,-0.121286920,0.000308681,0.013256458,-0.181933856,-0.000026625,-0.000005190,-0.000005832,0.000335307,0.013261648,-0.181928023,-0.011558610,0.002603509,-2.734931202,-0.059273487,0.001448827,0.000070269,0.002221208,0.003558097,-0.003522963,-0.002256343,1.367465601,1.367465601
1786024518.780112028,66.000268881,0.000000000,NONE,0,0.050022096,0.000000000,-100.000000000,-1.000000000,-0.000856902,-100.008830527,-0.878713348,0.000856902,0.008830527,-0.121286652,0.000289559,0.013282741,-0.181931594,-0.000068087,0.000000078,-0.000004871,0.000357645,0.013282663,-0.181926722,-0.009960675,0.004187764,-2.734844565,-0.059201170,0.001446211,0.000233856,0.001384764,0.003595574,-0.003478646,-0.001501692,1.367422282,1.367422282
1786024518.830121756,66.050278432,0.000000000,NONE,0,0.050017896,0.000000000,-100.000000000,-1.000000000,-0.000861379,-100.008829924,-0.878713556,0.000861379,0.008829924,-0.121286444,0.000286063,0.013310437,-0.181929245,-0.000104551,0.000012627,-0.000003445,0.000390614,0.013297810,-0.181925800,-0.007760360,0.005368279,-2.734787566,-0.059128827,0.001448004,0.000343490,0.000512148,0.003368032,-0.003196287,-0.000683893,1.367393783,1.367393783
1786024518.880105734,66.100262456,0.000000000,NONE,0,0.050000596,0.000000000,-100.000000000,-1.000000000,-0.000867401,-100.008828464,-0.878713685,0.000867401,0.008828464,-0.121286315,0.000297984,0.013336940,-0.181926996,-0.000133179,0.000030080,-0.000001699,0.000431162,0.013306860,-0.181925298,-0.005164496,0.006176262,-2.734760788,-0.059056299,0.001452789,0.000399080,-0.000352712,0.002934960,-0.002735419,0.000153171,1.367380394,1.367380394
1786024518.930107832,66.150264523,0.000000000,NONE,0,0.049980150,0.000000000,-100.000000000,-1.000000000,-0.000874505,-100.008825977,-0.878713722,0.000874505,0.008825977,-0.121286278,0.000323887,0.013360017,-0.181925008,-0.000152167,0.000050920,0.000000215,0.000476054,0.013309097,-0.181925223,-0.002371136,0.006553988,-2.734764123,-0.058983496,0.001459245,0.000406279,-0.001147283,0.002332851,-0.002129711,0.000944143,1.367382061,1.367382061
1786024518.980117321,66.200273937,0.000000000,NONE,0,0.049957819,0.000000000,-100.000000000,-1.000000000,-0.000882411,-100.008821889,-0.878713664,0.000882411,0.008821889,-0.121286336,0.000366182,0.013369442,-0.181923963,-0.000167047,0.000084767,0.000002141,0.000533229,0.013284675,-0.181926104,0.001320359,0.004906194,-2.734844880,-0.058910399,0.001465960,0.000377394,-0.001650987,0.000990807,-0.000802110,0.001462290,1.367422440,1.367422440
1786024519.030151844,66.250308630,0.000000000,NONE,0,0.050074134,0.000000000,-100.000000000,-1.000000000,-0.000890467,-100.008816293,-0.878713516,0.000890467,0.008816293,-0.121286484,0.000420525,0.013364280,-0.181923924,-0.000166026,0.000112272,0.000003749,0.000586551,0.013252008,-0.181927673,0.004456805,0.003103892,-2.734968476,-0.058836988,0.001473033,0.000326248,-0.001971736,-0.000256666,0.000419790,0.001808612,1.367484238,1.367484238
1786024519.080156565,66.300313321,0.000000000,NONE,0,0.050003657,0.000000000,-100.000000000,-1.000000000,-0.000898010,-100.008809529,-0.878713303,0.000898010,0.008809529,-0.121286697,0.000482401,0.013344794,-0.181924867,-0.000152277,0.000133192,0.000004776,0.000634679,0.013211602,-0.181929643,0.007260642,0.000814268,-2.735114404,-0.058763262,0.001479360,0.000241677,-0.002079147,-0.001551174,0.001672013,0.001958308,1.367557202,1.367557202
1786024519.130101442,66.350258203,0.000000000,NONE,0,0.049955411,0.000000000,-100.000000000,-1.000000000,-0.000904691,-100.008802308,-0.878713055,0.000904691,0.008802308,-0.121286945,0.000550436,0.013318283,-0.181926276,-0.000132084,0.000138651,0.000005116,0.000682520,0.013179632,-0.181931391,0.010146712,-0.000660785,-2.735232405,-0.058689242,0.001484716,0.000130164,-0.002404023,-0.002669333,0.002734415,0.002338941,1.367616203,1.367616203
1786024519.180045843,66.400202587,0.000000000,NONE,0,0.049963772,0.000000000,-100.000000000,-1.000000000,-0.000909954,-100.008794979,-0.878712808,0.000909954,0.008794979,-0.121287192,0.000619180,0.013285586,-0.181928079,-0.000099291,0.000140360,0.000004826,0.000718471,0.013145226,-0.181932905,0.012087435,-0.002512019,-2.735333617,-0.058614986,0.001487851,0.000015626,-0.002397761,-0.003645957,0.003653770,0.002389948,1.367666809,1.367666809
1786024519.230617523,66.450773648,0.000000000,NONE,0,0.050382141,0.000000000,-100.000000000,-1.000000000,-0.000913318,-100.008787893,-0.878712588,0.000913318,0.008787893,-0.121287412,0.000683355,0.013249107,-0.181930106,-0.000058117,0.000134486,0.000004022,0.000741472,0.013114621,-0.181934128,0.013227160,-0.004010915,-2.735413219,-0.058540601,0.001488620,-0.000044058,-0.002293047,-0.004320533,0.004298504,0.002315076,1.367706610,1.367706610
1786024519.280111074,66.500267696,0.000000000,NONE,0,0.049674336,0.000000000,-100.000000000,-1.000000000,-0.000914475,-100.008781452,-0.878712421,0.000914475,0.008781452,-0.121287579,0.000738202,0.013212436,-0.181932123,-0.000011506,0.000121349,0.000002813,0.000749708,0.013091087,-0.181934937,0.013452884,-0.005038444,-2.735461852,-0.058466173,0.001488230,-0.000185922,-0.002057130,-0.004669313,0.004576352,0.002150090,1.367730926,1.367730926
1786024519.330246210,66.550402573,0.000000000,NONE,0,0.050095147,0.000000000,-100.000000000,-1.000000000,-0.000913317,-100.008775974,-0.878712323,0.000913317,0.008775974,-0.121287677,0.000780599,0.013179001,-0.181933910,0.000036183,0.000102682,0.000001331,0.000744416,0.013076319,-0.181935241,0.012885664,-0.005485591,-2.735472932,-0.058391805,0.001484954,-0.000252317,-0.001786939,-0.004655893,0.004529734,0.001913097,1.367736466,1.367736466
1786024519.380166292,66.600322935,0.000000000,NONE,0,0.049909190,0.000000000,-100.000000000,-1.000000000,-0.000909842,-100.008771692,-0.878712306,0.000909842,0.008771692,-0.121287694,0.000807507,0.013152075,-0.181935262,0.000083182,0.000080258,-0.000000252,0.000724325,0.013071818,-0.181935010,0.011403405,-0.005279216,-2.735446119,-0.058317664,0.001479518,-0.000308048,-0.001454035,-0.004247667,0.004093643,0.001608059,1.367723059,1.367723059
1786024519.430196524,66.650353212,0.000000000,NONE,0,0.050034544,0.000000000,-100.000000000,-1.000000000,-0.000904218,-100.008768693,-0.878712369,0.000904218,0.008768693,-0.121287631,0.000817200,0.013134076,-0.181936036,0.000125540,0.000057009,-0.000001746,0.000691661,0.013077067,-0.181934291,0.009211332,-0.004478256,-2.735385960,-0.058243861,0.001472329,-0.000311945,-0.001105283,-0.003500383,0.003344411,0.001261255,1.367692980,1.367692980
1786024519.480177879,66.700334639,0.000000000,NONE,0,0.049992773,0.000000000,-100.000000000,-1.000000000,-0.000896739,-100.008766928,-0.878712503,0.000896739,0.008766928,-0.121287497,0.000808874,0.013126490,-0.181936145,0.000160955,0.000035443,-0.000002982,0.000647919,0.013091047,-0.181933163,0.006380271,-0.003152725,-2.735298839,-0.058170479,0.001464269,-0.000285696,-0.000735463,-0.002454673,0.002311825,0.000878310,1.367649420,1.367649420
1786024519.530110359,66.750267030,0.000000000,NONE,0,0.049970722,0.000000000,-100.000000000,-1.000000000,-0.000887824,-100.008766209,-0.878712690,0.000887824,0.008766209,-0.121287310,0.000783047,0.013129586,-0.181935579,0.000186798,0.000018117,-0.000003823,0.000596249,0.013111469,-0.181931755,0.003133935,-0.001464541,-2.735194719,-0.058097542,0.001456080,-0.000232431,-0.000359241,-0.001207727,0.001091511,0.000475456,1.367597359,1.367597359
1786024519.580213070,66.800369499,0.000000000,NONE,0,0.050020619,0.000000000,-100.000000000,-1.000000000,-0.000878005,-100.008766228,-0.878712904,0.000878005,0.008766228,-0.121287096,0.000741679,0.013142348,-0.181934404,0.000201008,0.000007108,-0.000004172,0.000540671,0.013135240,-0.181930232,-0.000267334,0.000382436,-2.735085787,-0.058025031,0.001448236,-0.000149955,0.000008713,0.000124954,-0.000199931,0.000066264,1.367542893,1.367542893
1786024519.630094528,66.850251199,0.000000000,NONE,0,0.049957361,0.000000000,-100.000000000,-1.000000000,-0.000868196,-100.008766079,-0.878713118,0.000868196,0.008766079,-0.121286882,0.000694213,0.013153749,-0.181933324,0.000194666,0.000014804,-0.000003984,0.000499547,0.013138945,-0.181929340,-0.002437614,0.000554878,-2.735035958,-0.057952879,0.001441606,-0.000065475,0.000487053,0.000731754,-0.000764492,-0.000454315,1.367517979,1.367517979
1786024519.680216789,66.900373399,0.000000000,NONE,0,0.050084570,0.000000000,-100.000000000,-1.000000000,-0.000858115,-100.008766524,-0.878713311,0.000858115,0.008766524,-0.121286689,0.000628459,0.013179775,-0.181931332,0.000199975,0.000001166,-0.000003489,0.000428484,0.013178609,-0.181927842,-0.007290481,0.004035000,-2.734919043,-0.057881001,0.001437010,0.000028155,0.000806832,0.002838409,-0.002824332,-0.000820909,1.367459521,1.367459521
1786024519.730097055,66.950253727,0.000000000,NONE,0,0.049907990,0.000000000,-100.000000000,-1.000000000,-0.000848655,-100.008766738,-0.878713461,0.000848655,0.008766738,-0.121286539,0.000554788,0.013209475,-0.181929116,0.000178964,0.000012319,-0.000002465,0.000375824,0.013197156,-0.181926651,-0.010081173,0.005116826,-2.734841682,-0.057809276,0.001433340,0.000097126,0.001216805,0.003823781,-0.003775218,-0.001265368,1.367420841,1.367420841
1786024519.780138731,67.000295473,0.000000000,NONE,0,0.050016505,0.000000000,-100.000000000,-1.000000000,-0.000840617,-100.008766048,-0.878713542,0.000840617,0.008766048,-0.121286458,0.000480376,0.013236957,-0.181927049,0.000145258,0.000031102,-0.000001004,0.000335118,0.013205855,-0.181926044,-0.012277560,0.005827017,-2.734810987,-0.057737644,0.001430921,0.000166369,0.001571043,0.004567736,-0.004484552,-0.001654228,1.367405494,1.367405494
1786024519.830074787,67.050231426,0.000000000,NONE,0,0.049956512,0.000000000,-100.000000000,-1.000000000,-0.000834477,-100.008764156,-0.878713542,0.000834477,0.008764156,-0.121286458,0.000410400,0.013258343,-0.181925395,0.000102706,0.000054618,0.000000670,0.000307694,0.013203725,-0.181926065,-0.013653348,0.005855866,-2.734824967,-0.057666032,0.001430188,0.000206360,0.001897780,0.004928894,-0.004825713,-0.002000960,1.367412483,1.367412483
1786024519.880191803,67.100348467,0.000000000,NONE,0,0.050104896,0.000000000,-100.000000000,-1.000000000,-0.000830581,-100.008760881,-0.878713458,0.000830581,0.008760881,-0.121286542,0.000349743,0.013270415,-0.181924373,0.000054205,0.000080224,0.000002323,0.000295537,0.013190191,-0.181926695,-0.014071213,0.005171296,-2.734881258,-0.057594387,0.001430821,0.000239985,0.002164983,0.004870624,-0.004750631,-0.002284975,1.367440629,1.367440629
1786024519.930261850,67.150418478,0.000000000,NONE,0,0.049978776,0.000000000,-100.000000000,-1.000000000,-0.000829113,-100.008756205,-0.878713299,0.000829113,0.008756205,-0.121286701,0.000302367,0.013271161,-0.181924119,0.000003443,0.000104726,0.000003734,0.000298924,0.013166434,-0.181927852,-0.013551606,0.003871243,-2.734972818,-0.057522669,0.001432986,0.000230665,0.002362424,0.004413378,-0.004298046,-0.002477757,1.367486409,1.367486409
1786024519.980150700,67.200307441,0.000000000,NONE,0,0.050002825,0.000000000,-100.000000000,-1.000000000,-0.000830103,-100.008750270,-0.878713087,0.000830103,0.008750270,-0.121286913,0.000271540,0.013259781,-0.181924683,-0.000046352,0.000125150,0.000004694,0.000317892,0.013134631,-0.181929378,-0.012094928,0.002107594,-2.735086957,-0.057450850,0.001435823,0.000202190,0.002446286,0.003601178,-0.003500083,-0.002547381,1.367543479,1.367543479
1786024520.030417681,67.250574259,0.000000000,NONE,0,0.050207301,0.000000000,-100.000000000,-1.000000000,-0.000833403,-100.008743372,-0.878712847,0.000833403,0.008743372,-0.121287153,0.000259158,0.013237135,-0.181925999,-0.000091547,0.000139051,0.000005089,0.000350705,0.013098084,-0.181931088,-0.009843351,0.000105689,-2.735210231,-0.057378915,0.001439092,0.000176439,0.002390306,0.002531370,-0.002443150,-0.002478525,1.367605115,1.367605115
1786024520.080177307,67.300333940,0.000000000,NONE,0,0.049794324,0.000000000,-100.000000000,-1.000000000,-0.000838715,-100.008735895,-0.878712607,0.000838715,0.008735895,-0.121287393,0.000265848,0.013205256,-0.181927913,-0.000129186,0.000144933,0.000004872,0.000395033,0.013060323,-0.181932785,-0.006937018,-0.001929723,-2.735329016,-0.057306844,0.001442787,0.000080898,0.002196461,0.001272048,-0.001231599,-0.002236910,1.367664508,1.367664508
1786024520.130298376,67.350455124,0.000000000,NONE,0,0.050068540,0.000000000,-100.000000000,-1.000000000,-0.000845641,-100.008728298,-0.878712397,0.000845641,0.008728298,-0.121287603,0.000291587,0.013167387,-0.181930184,-0.000157438,0.000141888,0.000004045,0.000449025,0.013025498,-0.181934229,-0.003497486,-0.003706832,-2.735424897,-0.057234643,0.001445170,0.000012257,0.001798015,-0.000049272,0.000055401,-0.001804143,1.367712449,1.367712449
1786024520.180331707,67.400488290,0.000000000,NONE,0,0.049971512,0.000000000,-100.000000000,-1.000000000,-0.000853631,-100.008721045,-0.878712244,0.000853631,0.008721045,-0.121287756,0.000334306,0.013127373,-0.181932534,-0.000173268,0.000130482,0.000002703,0.000507573,0.012996891,-0.181935236,0.000122683,-0.005056084,-2.735486697,-0.057162352,0.001446374,-0.000070091,0.001250873,-0.001312214,0.001277169,-0.001215828,1.367743349,1.367743349
1786024520.230108023,67.450264488,0.000000000,NONE,0,0.049931070,0.000000000,-100.000000000,-1.000000000,-0.000862101,-100.008714599,-0.878712166,0.000862101,0.008714599,-0.121287834,0.000391691,0.013090056,-0.181934619,-0.000176633,0.000111091,0.000001027,0.000568324,0.012978966,-0.181935646,0.003828949,-0.005669010,-2.735503462,-0.057090012,0.001445990,-0.000152248,0.000498077,-0.002412552,0.002336428,-0.000421953,1.367751731,1.367751731
1786024520.280230045,67.500386826,0.000000000,NONE,0,0.050060637,0.000000000,-100.000000000,-1.000000000,-0.000870406,-100.008709166,-0.878712173,0.000870406,0.008709166,-0.121287827,0.000459756,0.013057350,-0.181936304,-0.000166775,0.000089607,-0.000000756,0.000626531,0.012967743,-0.181935548,0.007285847,-0.005948496,-2.735486371,-0.057017701,0.001443572,-0.000204291,-0.000283265,-0.003359659,0.003257513,0.000385411,1.367743186,1.367743186
1786024520.330270767,67.550427108,0.000000000,NONE,0,0.050053668,0.000000000,-100.000000000,-1.000000000,-0.000877866,-100.008704946,-0.878712264,0.000877866,0.008704946,-0.121287736,0.000533391,0.013032330,-0.181937387,-0.000143362,0.000065370,-0.000002468,0.000676753,0.012966960,-0.181934919,0.010160240,-0.005512390,-2.735431778,-0.056945508,0.001439632,-0.000239691,-0.001102040,-0.003978080,0.003858235,0.001221885,1.367715889,1.367715889
1786024520.380201101,67.600357864,0.000000000,NONE,0,0.049905164,0.000000000,-100.000000000,-1.000000000,-0.000883821,-100.008702187,-0.878712431,0.000883821,0.008702187,-0.121287569,0.000605840,0.013020091,-0.181937554,-0.000107312,0.000038053,-0.000003921,0.000713152,0.012982038,-0.181933632,0.012091921,-0.003990449,-2.735328491,-0.056873519,0.001434483,-0.000270746,-0.001957681,-0.004088279,0.003952906,0.002093055,1.367664246,1.367664246
1786024520.430201054,67.650357784,0.000000000,NONE,0,0.050014198,0.000000000,-100.000000000,-1.000000000,-0.000887833,-100.008700720,-0.878712655,0.000887833,0.008700720,-0.121287345,0.000672787,0.013020483,-0.181936840,-0.000064202,0.000016665,-0.000004870,0.000736989,0.013003817,-0.181931970,0.013291846,-0.002224354,-2.735204643,-0.056801840,0.001427592,-0.000254380,-0.002703278,-0.003942645,0.003815455,0.002830468,1.367602321,1.367602321
1786024520.480188608,67.700345206,0.000000000,NONE,0,0.049990353,0.000000000,-100.000000000,-1.000000000,-0.000889576,-100.008700244,-0.878712908,0.000889576,0.008700244,-0.121287092,0.000729706,0.013032476,-0.181935350,-0.000015976,0.000002256,-0.000005191,0.000745682,0.013030220,-0.181930160,0.013533196,-0.000197902,-2.735074958,-0.056730559,0.001419979,-0.000208777,-0.003281629,-0.003484969,0.003380580,0.003386018,1.367537479,1.367537479
1786024520.530356407,67.750513038,0.000000000,NONE,0,0.050144719,0.000000000,-100.000000000,-1.000000000,-0.000888885,-100.008700378,-0.878713160,0.000888885,0.008700378,-0.121286840,0.000772850,0.013053803,-0.181933272,0.000033728,-0.000003742,-0.000004860,0.000739122,0.013057544,-0.181928413,0.012856485,0.001828308,-2.734954048,-0.056659703,0.001412475,-0.000119835,-0.003641240,-0.002787003,0.002727086,0.003701157,1.367477024,1.367477024
1786024520.580128670,67.800285475,0.000000000,NONE,0,0.049841974,0.000000000,-100.000000000,-1.000000000,-0.000885751,-100.008700684,-0.878713380,0.000885751,0.008700684,-0.121286620,0.000799273,0.013081102,-0.181930866,0.000081796,-0.000000838,-0.000003931,0.000717477,0.013081941,-0.181926934,0.011274203,0.003617335,-2.734855757,-0.056589236,0.001406190,-0.000053304,-0.003709558,-0.001927543,0.001900891,0.003736211,1.367427879,1.367427879
1786024520.630130768,67.850287336,0.000000000,NONE,0,0.049990298,0.000000000,-100.000000000,-1.000000000,-0.000880349,-100.008700711,-0.878713542,0.000880349,0.008700711,-0.121286458,0.000807509,0.013110351,-0.181928426,0.000124524,0.000010639,-0.000002502,0.000682985,0.013099712,-0.181925924,0.008966693,0.004935753,-2.734794448,-0.056519084,0.001400793,0.000039370,-0.003485454,-0.000997892,0.001017577,0.003465769,1.367397224,1.367397224
1786024520.680083990,67.900240615,0.000000000,NONE,0,0.049953759,0.000000000,-100.000000000,-1.000000000,-0.000872977,-100.008700045,-0.878713624,0.000872977,0.008700045,-0.121286376,0.000796779,0.013137133,-0.181926265,0.000159819,0.000029395,-0.000000752,0.000636960,0.013107739,-0.181925513,0.005988923,0.005603746,-2.734777713,-0.056449156,0.001397180,0.000120914,-0.002928396,-0.000066066,0.000126523,0.002867939,1.367388857,1.367388857
1786024520.730094910,67.950251430,0.000000000,NONE,0,0.050035663,0.000000000,-100.000000000,-1.000000000,-0.000863978,-100.008698220,-0.878713618,0.000863978,0.008698220,-0.121286382,0.000766138,0.013154695,-0.181924845,0.000186798,0.000056056,0.000001096,0.000579340,0.013098639,-0.181925940,0.002313698,0.005078336,-2.734824358,-0.056379324,0.001395567,0.000192445,-0.001896120,0.000739271,-0.000643048,0.001799897,1.367412179,1.367412179
1786024520.780197620,68.000354287,0.000000000,NONE,0,0.050019821,0.000000000,-100.000000000,-1.000000000,-0.000854134,-100.008695432,-0.878713524,0.000854134,0.008695432,-0.121286476,0.000720901,0.013166296,-0.181923926,0.000197117,0.000075687,0.000002741,0.000523784,0.013090609,-0.181926667,-0.000968851,0.004968589,-2.734881196,-0.056309465,0.001396394,0.000228661,-0.001057100,0.001541525,-0.001427195,0.000942769,1.367440598,1.367440598
1786024520.830421686,68.050578029,0.000000000,NONE,0,0.050069384,0.000000000,-100.000000000,-1.000000000,-0.000844035,-100.008691604,-0.878713356,0.000844035,0.008691604,-0.121286644,0.000663555,0.013169204,-0.181923669,0.000196257,0.000096917,0.000004101,0.000467298,0.013072287,-0.181927769,-0.004367616,0.003997011,-2.734965849,-0.056239483,0.001398524,0.000240539,0.000032516,0.002151291,-0.002031022,-0.000152786,1.367482924,1.367482924
1786024520.880281448,68.100438009,0.000000000,NONE,0,0.050032394,0.000000000,-100.000000000,-1.000000000,-0.000834129,-100.008687095,-0.878713130,0.000834129,0.008687095,-0.121286870,0.000594551,0.013168102,-0.181923739,0.000186708,0.000109017,0.000005044,0.000407844,0.013059085,-0.181928783,-0.007988979,0.003631433,-2.735035063,-0.056169323,0.001401621,0.000217357,0.001035047,0.002959442,-0.002850764,-0.001143726,1.367517532,1.367517532
1786024520.930320024,68.150476873,0.000000000,NONE,0,0.050025100,0.000000000,-100.000000000,-1.000000000,-0.000827094,-100.008682443,-0.878712920,0.000827094,0.008682443,-0.121287080,0.000540339,0.013153529,-0.181924705,0.000160401,0.000131770,0.000005522,0.000379938,0.013021759,-0.181930227,-0.009026229,0.001205923,-2.735144779,-0.056113084,0.001403980,0.001308758,0.001627887,0.002885227,-0.002230849,-0.002282266,1.367572389,1.367572389
1786024520.980354309,68.200510871,0.000000000,NONE,0,0.049907324,0.000000000,-100.000000000,-1.000000000,-0.000819199,-100.008675907,-0.878712639,0.000819199,0.008675907,-0.121287361,0.000465995,0.013126072,-0.181926533,0.000139417,0.000143000,0.000005684,0.000326578,0.012983072,-0.181932218,-0.012734608,-0.000875654,-2.735295110,-0.056042086,0.001431585,0.000946707,0.003165889,0.003201415,-0.002728062,-0.003639242,1.367647555,1.367647555
1786024521.030717373,68.250873960,0.000000000,NONE,0,0.050443757,0.000000000,-100.000000000,-1.000000000,-0.000813234,-100.008668882,-0.878712367,0.000813234,0.008668882,-0.121287633,0.000398988,0.013089488,-0.181928923,0.000092028,0.000147493,0.000005161,0.000306960,0.012941995,-0.181934084,-0.013226468,-0.003126438,-2.735422844,-0.055969442,0.001462401,0.000473604,0.003969826,0.002643408,-0.002406606,-0.004206627,1.367711422,1.367711422
1786024521.080265284,68.300421769,0.000000000,NONE,0,0.049562114,0.000000000,-100.000000000,-1.000000000,-0.000809800,-100.008661840,-0.878712140,0.000809800,0.008661840,-0.121287860,0.000345798,0.013048316,-0.181931541,0.000040651,0.000140685,0.000003989,0.000305148,0.012907631,-0.181935530,-0.012977188,-0.004829842,-2.735516263,-0.055895649,0.001481441,-0.000079642,0.004471668,0.002016926,-0.002056747,-0.004431847,1.367758131,1.367758131
1786024521.130157232,68.350313828,0.000000000,NONE,0,0.049951709,0.000000000,-100.000000000,-1.000000000,-0.000809012,-100.008655319,-0.878711988,0.000809012,0.008655319,-0.121288012,0.000310024,0.013008152,-0.181934003,-0.000011454,0.000123720,0.000002305,0.000321478,0.012884432,-0.181936308,-0.011626984,-0.005751221,-2.735557132,-0.055821379,0.001485562,-0.000485677,0.004465970,0.001347521,-0.001590360,-0.004223132,1.367778566,1.367778566
1786024521.180199862,68.400355805,0.000000000,NONE,0,0.049970639,0.000000000,-100.000000000,-1.000000000,-0.000810774,-100.008649736,-0.878711932,0.000810774,0.008649736,-0.121288068,0.000293473,0.012973964,-0.181935976,-0.000059388,0.000099845,0.000000339,0.000352861,0.012874119,-0.181936315,-0.009434523,-0.005858330,-2.735542156,-0.055747330,0.001476622,-0.000748771,0.004010406,0.000706856,-0.001081241,-0.003636020,1.367771078,1.367771078
1786024521.230173349,68.450329959,0.000000000,NONE,0,0.050049108,0.000000000,-100.000000000,-1.000000000,-0.000814715,-100.008645448,-0.878711976,0.000814715,0.008645448,-0.121288024,0.000296697,0.012950483,-0.181937158,-0.000099656,0.000072532,-0.000001600,0.000396353,0.012877951,-0.181935558,-0.006574021,-0.005069851,-2.735473931,-0.055675469,0.001458807,-0.000746481,0.003097588,0.000189422,-0.000562663,-0.002724348,1.367736965,1.367736965
1786024521.280263186,68.500419614,0.000000000,NONE,0,0.050050663,0.000000000,-100.000000000,-1.000000000,-0.000820695,-100.008642373,-0.878712118,0.000820695,0.008642373,-0.121287882,0.000319811,0.012940353,-0.181937358,-0.000144258,0.000047819,-0.000003669,0.000464068,0.012892534,-0.181933689,-0.002014885,-0.003677533,-2.735320879,-0.055601688,0.001581528,-0.002310317,0.002000684,-0.000993241,-0.000161917,-0.000845525,1.367660439,1.367660439
1786024521.330288410,68.550444982,0.000000000,NONE,0,0.050002576,0.000000000,-100.000000000,-1.000000000,-0.000829465,-100.008641790,-0.878712330,0.000829465,0.008641790,-0.121287670,0.000388938,0.012967767,-0.181934982,-0.000186813,-0.000011380,-0.000004431,0.000575750,0.012979146,-0.181930551,0.005583342,0.003338932,-2.735075829,-0.055531171,0.001381455,-0.000397532,-0.002131186,-0.000660485,0.000461719,0.002329952,1.367537915,1.367537915
1786024521.380202532,68.600359094,0.000000000,NONE,0,0.049950729,0.000000000,-100.000000000,-1.000000000,-0.000836361,-100.008640171,-0.878712559,0.000836361,0.008640171,-0.121287441,0.000435823,0.012974178,-0.181933972,-0.000124051,0.000035121,-0.000004372,0.000559874,0.012939056,-0.181929600,0.002095249,-0.001265320,-2.735052968,-0.055463160,0.001352610,-0.000009144,-0.000205196,-0.000842428,0.000837856,0.000209768,1.367526484,1.367526484
1786024521.430188894,68.650345420,0.000000000,NONE,0,0.050010290,0.000000000,-100.000000000,-1.000000000,-0.000841851,-100.008637967,-0.878712767,0.000841851,0.008637967,-0.121287233,0.000476444,0.012975538,-0.181933284,-0.000108160,0.000035976,-0.000003915,0.000584604,0.012939562,-0.181929369,0.004407751,-0.000096009,-2.735051192,-0.055395697,0.001348158,0.000179035,-0.001122694,-0.001081181,0.001170699,0.001033177,1.367525596,1.367525596
1786024521.480223417,68.700379840,0.000000000,NONE,0,0.050006195,0.000000000,-100.000000000,-1.000000000,-0.000846675,-100.008636025,-0.878712949,0.000846675,0.008636025,-0.121287051,0.000517640,0.012980549,-0.181932384,-0.000091903,0.000032522,-0.000003418,0.000609544,0.012948027,-0.181928965,0.005925578,0.000904731,-2.735019487,-0.055328194,0.001351147,0.000282391,-0.001778175,-0.001184614,0.001325809,0.001636979,1.367509743,1.367509743
1786024521.530220270,68.750376607,0.000000000,NONE,0,0.050000649,0.000000000,-100.000000000,-1.000000000,-0.000850552,-100.008634140,-0.878713102,0.000850552,0.008634140,-0.121286898,0.000558366,0.012987964,-0.181931344,-0.000070929,0.000034208,-0.000002787,0.000629294,0.012953756,-0.181928557,0.007024690,0.001532373,-2.734990860,-0.055260440,0.001357383,0.000325816,-0.002220720,-0.001291625,0.001454534,0.002057812,1.367495430,1.367495430
1786024521.580352545,68.800509072,0.000000000,NONE,0,0.050196203,0.000000000,-100.000000000,-1.000000000,-0.000853260,-100.008632143,-0.878713218,0.000853260,0.008632143,-0.121286782,0.000596789,0.012996433,-0.181930259,-0.000046155,0.000038910,-0.000002004,0.000642944,0.012957523,-0.181928254,0.007738881,0.002060948,-2.734971768,-0.055192341,0.001364862,0.000343999,-0.002535957,-0.001333483,0.001505483,0.002363957,1.367485884,1.367485884
1786024521.630227804,68.850384379,0.000000000,NONE,0,0.049813665,0.000000000,-100.000000000,-1.000000000,-0.000854625,-100.008629896,-0.878713291,0.000854625,0.008629896,-0.121286709,0.000630689,0.013004395,-0.181929240,-0.000018465,0.000046341,-0.000001107,0.000649154,0.012958054,-0.181928133,0.007982344,0.002366996,-2.734966844,-0.055123874,0.001372511,0.000281997,-0.002657834,-0.001333338,0.001474336,0.002516836,1.367483422,1.367483422
1786024521.680425406,68.900582034,0.000000000,NONE,0,0.050241850,0.000000000,-100.000000000,-1.000000000,-0.000854703,-100.008627860,-0.878713317,0.000854703,0.008627860,-0.121286683,0.000653520,0.013009710,-0.181928524,0.000003906,0.000053540,-0.000000361,0.000649614,0.012956170,-0.181928163,0.007912157,0.002541836,-2.734972014,-0.055068855,0.001377421,0.001364914,-0.002954727,-0.001001352,0.001683809,0.002272270,1.367486007,1.367486007
1786024521.730290413,68.950447012,0.000000000,NONE,0,0.049782034,0.000000000,-100.000000000,-1.000000000,-0.000853056,-100.008624894,-0.878713309,0.000853056,0.008624894,-0.121286691,0.000666202,0.013011271,-0.181928045,0.000044141,0.000067163,0.000000538,0.000622060,0.012944108,-0.181928582,0.005712572,0.001938670,-2.735009177,-0.055000718,0.001405001,0.001114259,-0.002191375,-0.000664911,0.001222040,0.001634246,1.367504588,1.367504588
1786024521.780303717,69.000460142,0.000000000,NONE,0,0.050022557,0.000000000,-100.000000000,-1.000000000,-0.000849922,-100.008621421,-0.878713260,0.000849922,0.008621421,-0.121286740,0.000668240,0.013008771,-0.181927886,0.000067109,0.000076597,0.000001315,0.000601131,0.012932174,-0.181929201,0.004607096,0.001544819,-2.735056432,-0.054929413,0.001438915,0.000566143,-0.001679514,-0.000624033,0.000907105,0.001396443,1.367528216,1.367528216
1786024521.830188036,69.050344617,0.000000000,NONE,0,0.049954312,0.000000000,-100.000000000,-1.000000000,-0.000846032,-100.008617640,-0.878713179,0.000846032,0.008617640,-0.121286821,0.000666299,0.013003737,-0.181927930,0.000079048,0.000082268,0.000001870,0.000587251,0.012921468,-0.181929800,0.003929359,0.001239423,-2.735098018,-0.054856791,0.001458760,0.000038597,-0.001301845,-0.000662835,0.000682133,0.001282546,1.367549009,1.367549009
1786024521.880249023,69.100405526,0.000000000,NONE,0,0.049990964,0.000000000,-100.000000000,-1.000000000,-0.000841684,-100.008613650,-0.878713078,0.000841684,0.008613650,-0.121286922,0.000662495,0.012997042,-0.181928104,0.000086859,0.000086498,0.000002203,0.000575636,0.012910545,-0.181930307,0.003292108,0.000889188,-2.735131643,-0.054783675,0.001462168,-0.000367376,-0.000953480,-0.000692574,0.000508886,0.001137168,1.367565822,1.367565822
1786024521.930138350,69.150295116,0.000000000,NONE,0,0.049964591,0.000000000,-100.000000000,-1.000000000,-0.000836972,-100.008609478,-0.878712965,0.000836972,0.008609478,-0.121287035,0.000656439,0.012988367,-0.181928421,0.000093179,0.000090115,0.000002355,0.000563260,0.012898251,-0.181930776,0.002547922,0.000429003,-2.735163696,-0.054710800,0.001452414,-0.000632619,-0.000586077,-0.000687884,0.000371575,0.000902386,1.367581848,1.367581848
1786024521.980159998,69.200316533,0.000000000,NONE,0,0.050001027,0.000000000,-100.000000000,-1.000000000,-0.000831970,-100.008605137,-0.878712851,0.000831970,0.008605137,-0.121287149,0.000647482,0.012977004,-0.181928922,0.000097949,0.000093334,0.000002342,0.000549533,0.012883671,-0.181931265,0.001710608,-0.000191888,-2.735198306,-0.054638703,0.001433694,-0.000749222,-0.000192374,-0.000662930,0.000288318,0.000566985,1.367599153,1.367599153
1786024522.030143976,69.250300505,0.000000000,NONE,0,0.049957442,0.000000000,-100.000000000,-1.000000000,-0.000826800,-100.008600548,-0.878712742,0.000826800,0.008600548,-0.121287258,0.000635778,0.012960442,-0.181929766,0.000099990,0.000098116,0.000002154,0.000535788,0.012862327,-0.181931921,0.000897972,-0.001319772,-2.735247570,-0.054567700,0.001410415,-0.000744531,0.000291583,-0.000740569,0.000368303,0.000080683,1.367623785,1.367623785
1786024522.080196619,69.300353353,0.000000000,NONE,0,0.050077466,0.000000000,-100.000000000,-1.000000000,-0.000821838,-100.008594717,-0.878712646,0.000821838,0.008594717,-0.121287354,0.000628329,0.012920815,-0.181932083,0.000090288,0.000121621,0.000001718,0.000538041,0.012799194,-0.181933801,0.001366335,-0.005699275,-2.735403641,-0.054496493,0.001386845,-0.000747334,0.001270068,-0.001953236,0.001579569,-0.000896402,1.367701820,1.367701820
1786024522.130209446,69.350366303,0.000000000,NONE,0,0.049967658,0.000000000,-100.000000000,-1.000000000,-0.000815986,-100.008590618,-0.878712592,0.000815986,0.008590618,-0.121287408,0.000598789,0.012902452,-0.181933073,0.000117650,0.000075604,0.000000629,0.000481139,0.012826848,-0.181933702,-0.003221306,-0.001941777,-2.735357155,-0.054427808,0.001365888,-0.000593315,0.001439100,0.000171553,-0.000468211,-0.001142442,1.367678577,1.367678577
1786024522.180177689,69.400334182,0.000000000,NONE,0,0.049978895,0.000000000,-100.000000000,-1.000000000,-0.000810205,-100.008587963,-0.878712595,0.000810205,0.008587963,-0.121287405,0.000563197,0.012899602,-0.181933043,0.000107916,0.000054317,-0.000000457,0.000455282,0.012845285,-0.181932586,-0.004141891,-0.000704721,-2.735258726,-0.054360109,0.001347214,-0.000388746,0.001308840,0.000762106,-0.000956479,-0.001114467,1.367629363,1.367629363
1786024522.230115891,69.450272531,0.000000000,NONE,0,0.049972358,0.000000000,-100.000000000,-1.000000000,-0.000804803,-100.008585446,-0.878712640,0.000804803,0.008585446,-0.121287360,0.000520953,0.012897066,-0.181932960,0.000100171,0.000055212,-0.000001109,0.000420782,0.012841854,-0.181931851,-0.006376573,-0.001032262,-2.735214834,-0.054293221,0.001333236,-0.000173674,0.001895627,0.001292659,-0.001379496,-0.001808790,1.367607417,1.367607417
1786024522.280213594,69.500369927,0.000000000,NONE,0,0.050054788,0.000000000,-100.000000000,-1.000000000,-0.000800097,-100.008583064,-0.878712707,0.000800097,0.008583064,-0.121287293,0.000475715,0.012896895,-0.181932696,0.000082818,0.000050597,-0.000001477,0.000392896,0.012846298,-0.181931219,-0.007908740,-0.000287007,-2.735172718,-0.054226843,0.001325746,0.000019597,0.002044037,0.001910333,-0.001900534,-0.002053836,1.367586359,1.367586359
1786024522.330183506,69.550340078,0.000000000,NONE,0,0.049982473,0.000000000,-100.000000000,-1.000000000,-0.000796527,-100.008580816,-0.878712786,0.000796527,0.008580816,-0.121287214,0.000432082,0.012899524,-0.181932228,0.000057804,0.000047831,-0.000001627,0.000374278,0.012851694,-0.181930600,-0.008833761,0.000382286,-2.735129632,-0.054160657,0.001323956,0.000156782,0.002073673,0.002343207,-0.002264816,-0.002152064,1.367564816,1.367564816
1786024522.380359888,69.600516664,0.000000000,NONE,0,0.050200042,0.000000000,-100.000000000,-1.000000000,-0.000794377,-100.008578554,-0.878712864,0.000794377,0.008578554,-0.121287136,0.000393903,0.012904280,-0.181931597,0.000027840,0.000047689,-0.000001554,0.000366064,0.012856592,-0.181930043,-0.009110094,0.000997852,-2.735091917,-0.054094417,0.001326356,0.000264652,0.001961898,0.002593149,-0.002460823,-0.002094223,1.367545959,1.367545959
1786024522.430140734,69.650297401,0.000000000,NONE,0,0.049799870,0.000000000,-100.000000000,-1.000000000,-0.000793791,-100.008576131,-0.878712934,0.000793791,0.008576131,-0.121287066,0.000364091,0.012910092,-0.181930880,-0.000004088,0.000050351,-0.000001276,0.000368179,0.012859741,-0.181929603,-0.008769009,0.001484227,-2.735063401,-0.054027945,0.001331918,0.000272502,0.001753070,0.002631435,-0.002495183,-0.001889321,1.367531700,1.367531700
1786024522.480156422,69.700313081,0.000000000,NONE,0,0.050021109,0.000000000,-100.000000000,-1.000000000,-0.000794814,-100.008573411,-0.878712987,0.000794814,0.008573411,-0.121287013,0.000345409,0.012915618,-0.181930167,-0.000036166,0.000055504,-0.000000848,0.000381575,0.012860114,-0.181929319,-0.007730963,0.001783327,-2.735046637,-0.053961165,0.001337930,0.000268362,0.001419819,0.002445663,-0.002311482,-0.001553999,1.367523319,1.367523319
1786024522.530193806,69.750350612,0.000000000,NONE,0,0.050013015,0.000000000,-100.000000000,-1.000000000,-0.000797332,-100.008570297,-0.878713016,0.000797332,0.008570297,-0.121286984,0.000339095,0.012919607,-0.181929546,-0.000065001,0.000062412,-0.000000329,0.000404096,0.012857195,-0.181929217,-0.006187308,0.001871815,-2.735043167,-0.053894090,0.001343657,0.000235915,0.001019894,0.002073759,-0.001955802,-0.001137852,1.367521583,1.367521583
1786024522.580360889,69.800517342,0.000000000,NONE,0,0.049983727,0.000000000,-100.000000000,-1.000000000,-0.000801129,-100.008566737,-0.878713020,0.000801129,0.008566737,-0.121286980,0.000345647,0.012920987,-0.181929089,-0.000088851,0.000070272,0.000000215,0.000434497,0.012850715,-0.181929304,-0.004194240,0.001735607,-2.735053016,-0.053826758,0.001348511,0.000181685,0.000569237,0.001527883,-0.001437040,-0.000660080,1.367526508,1.367526508
1786024522.630189657,69.850346136,0.000000000,NONE,0,0.050014575,0.000000000,-100.000000000,-1.000000000,-0.000805895,-100.008562732,-0.878712999,0.000805895,0.008562732,-0.121287001,0.000364655,0.012919060,-0.181928844,-0.000105799,0.000078044,0.000000713,0.000470454,0.012841016,-0.181929557,-0.001913757,0.001406706,-2.735074020,-0.053759236,0.001351863,0.000123919,0.000095783,0.000861096,-0.000799136,-0.000157743,1.367537010,1.367537010
1786024522.680221558,69.900378179,0.000000000,NONE,0,0.049989604,0.000000000,-100.000000000,-1.000000000,-0.000811210,-100.008558400,-0.878712957,0.000811210,0.008558400,-0.121287043,0.000394044,0.012914628,-0.181928756,-0.000113788,0.000083518,0.000001110,0.000507831,0.012831110,-0.181929866,0.000371453,0.001120065,-2.735096827,-0.053691604,0.001353647,0.000063526,-0.000388761,0.000203035,-0.000171272,0.000356998,1.367548413,1.367548413
1786024522.730174065,69.950330589,0.000000000,NONE,0,0.049997640,0.000000000,-100.000000000,-1.000000000,-0.000816768,-100.008553576,-0.878712897,0.000816768,0.008553576,-0.121287103,0.000433801,0.012903462,-0.181929093,-0.000115941,0.000092939,0.000001390,0.000549742,0.012810523,-0.181930483,0.002991939,-0.000030594,-2.735146133,-0.053623939,0.001353748,0.000011485,-0.000743208,-0.000752762,0.000758505,0.000737465,1.367573067,1.367573067
1786024522.780173302,70.000329851,0.000000000,NONE,0,0.050032561,0.000000000,-100.000000000,-1.000000000,-0.000821102,-100.008549591,-0.878712842,0.000821102,0.008549591,-0.121287158,0.000471379,0.012892353,-0.181929491,-0.000110505,0.000094072,0.000001434,0.000581884,0.012798281,-0.181930925,0.004740812,-0.000299849,-2.735173624,-0.053569825,0.001353082,0.001049542,-0.001372626,-0.000997780,0.001522551,0.000847855,1.367586812,1.367586812
1786024522.830104113,70.050260737,0.000000000,NONE,0,0.049889303,0.000000000,-100.000000000,-1.000000000,-0.000825406,-100.008544663,-0.878712774,0.000825406,0.008544663,-0.121287226,0.000511606,0.012876928,-0.181930101,-0.000081556,0.000093625,0.000001360,0.000593162,0.012783303,-0.181931460,0.005017809,-0.000965573,-2.735212935,-0.053501724,0.001373935,0.000731207,-0.001195861,-0.001313044,0.001678647,0.000830257,1.367606467,1.367606467
1786024522.880129814,70.100286453,0.000000000,NONE,0,0.050065500,0.000000000,-100.000000000,-1.000000000,-0.000828891,-100.008539876,-0.878712713,0.000828891,0.008539876,-0.121287287,0.000553370,0.012860996,-0.181930726,-0.000068459,0.000090538,0.000001107,0.000621829,0.012770458,-0.181931833,0.007102088,-0.001404395,-2.735235762,-0.053432267,0.001398025,0.000283984,-0.001495419,-0.002055625,0.002197617,0.001353427,1.367617881,1.367617881
1786024522.930052280,70.150208872,0.000000000,NONE,0,0.049919196,0.000000000,-100.000000000,-1.000000000,-0.000831670,-100.008535278,-0.878712669,0.000831670,0.008535278,-0.121287331,0.000598986,0.012844417,-0.181931363,-0.000051752,0.000087051,0.000000721,0.000650739,0.012757366,-0.181932084,0.008861915,-0.001909827,-2.735250873,-0.053361930,0.001410187,-0.000137023,-0.001703766,-0.002727191,0.002658680,0.001772278,1.367625437,1.367625437
1786024522.980176926,70.200333242,0.000000000,NONE,0,0.050091218,0.000000000,-100.000000000,-1.000000000,-0.000833490,-100.008530196,-0.878712644,0.000833490,0.008530196,-0.121287356,0.000652662,0.012825382,-0.181932041,-0.000019555,0.000079235,0.000000154,0.000672217,0.012746147,-0.181932195,0.010020321,-0.002262863,-2.735255898,-0.053277280,0.001408492,-0.001554611,-0.001550712,-0.003459449,0.002682143,0.002328017,1.367627949,1.367627949
1786024523.030121565,70.250278078,0.000000000,NONE,0,0.049990766,0.000000000,-100.000000000,-1.000000000,-0.000833918,-100.008527077,-0.878712647,0.000833918,0.008527077,-0.121287353,0.000691702,0.012812863,-0.181932449,-0.000004187,0.000074480,-0.000000251,0.000695889,0.012738383,-0.181932199,0.011505313,-0.002366238,-2.735253990,-0.053221673,0.001375385,-0.000350964,-0.002197028,-0.003555629,0.003380147,0.002372510,1.367626995,1.367626995
1786024523.080100536,70.300257035,0.000000000,NONE,0,0.049979323,0.000000000,-100.000000000,-1.000000000,-0.000832297,-100.008523837,-0.878712675,0.000832297,0.008523837,-0.121287325,0.000721822,0.012802449,-0.181932665,0.000047975,0.000061757,-0.000000751,0.000673848,0.012740691,-0.181931914,0.009287128,-0.001728264,-2.735228239,-0.053153691,0.001354187,-0.000264367,-0.001823624,-0.002819940,0.002687756,0.001955808,1.367614119,1.367614119
1786024523.130128860,70.350285562,0.000000000,NONE,0,0.050020118,0.000000000,-100.000000000,-1.000000000,-0.000828610,-100.008521226,-0.878712728,0.000828610,0.008521226,-0.121287272,0.000735905,0.012797046,-0.181932596,0.000084715,0.000052664,-0.000001158,0.000651190,0.012744382,-0.181931438,0.007932992,-0.001171066,-2.735191174,-0.053086237,0.001345380,-0.000261829,-0.001625024,-0.002341472,0.002210557,0.001755939,1.367595587,1.367595587
1786024523.180098534,70.400255081,0.000000000,NONE,0,0.049974252,0.000000000,-100.000000000,-1.000000000,-0.000823319,-100.008519089,-0.878712799,0.000823319,0.008519089,-0.121287201,0.000735834,0.012796145,-0.181932274,0.000115167,0.000045736,-0.000001399,0.000620667,0.012750408,-0.181930875,0.005959319,-0.000445883,-2.735150019,-0.053019213,0.001336937,-0.000240158,-0.001318319,-0.001661340,0.001541261,0.001438398,1.367575010,1.367575010
1786024523.230240345,70.450396850,0.000000000,NONE,0,0.050029679,0.000000000,-100.000000000,-1.000000000,-0.000816709,-100.008517292,-0.878712877,0.000816709,0.008517292,-0.121287123,0.000721722,0.012799286,-0.181931736,0.000139092,0.000041473,-0.000001443,0.000582630,0.012757813,-0.181930293,0.003541175,0.000351096,-2.735108912,-0.052952620,0.001328596,-0.000185720,-0.000926638,-0.000843950,0.000751090,0.001019498,1.367554456,1.367554456
1786024523.280143499,70.500300285,0.000000000,NONE,0,0.050008915,0.000000000,-100.000000000,-1.000000000,-0.000809162,-100.008515669,-0.878712952,0.000809162,0.008515669,-0.121287048,0.000694462,0.012805690,-0.181931033,0.000154512,0.000040356,-0.000001280,0.000539950,0.012765334,-0.181929753,0.000898855,0.001136490,-2.735071910,-0.052886427,0.001321151,-0.000117176,-0.000479542,0.000030114,-0.000088703,0.000538130,1.367535955,1.367535955
1786024523.330155373,70.550311885,0.000000000,NONE,0,0.049992672,0.000000000,-100.000000000,-1.000000000,-0.000801215,-100.008514173,-0.878713012,0.000801215,0.008514173,-0.121286988,0.000657475,0.012816764,-0.181930063,0.000158559,0.000039264,-0.000000931,0.000498916,0.012777500,-0.181929132,-0.001520455,0.002300558,-2.735026803,-0.052820558,0.001315185,-0.000045709,-0.000183599,0.000943826,-0.000966680,0.000206453,1.367513402,1.367513402
1786024523.380273342,70.600429947,0.000000000,NONE,0,0.050054384,0.000000000,-100.000000000,-1.000000000,-0.000793062,-100.008512204,-0.878713048,0.000793062,0.008512204,-0.121286952,0.000609015,0.012823831,-0.181929393,0.000159293,0.000051977,-0.000000371,0.000449722,0.012771854,-0.181929022,-0.004625808,0.001939130,-2.735029369,-0.052754932,0.001310706,0.000030229,0.000664112,0.001648792,-0.001633677,-0.000679227,1.367514685,1.367514685
1786024523.430135489,70.650292107,0.000000000,NONE,0,0.049941697,0.000000000,-100.000000000,-1.000000000,-0.000785265,-100.008509806,-0.878713052,0.000785265,0.008509806,-0.121286948,0.000553569,0.012829134,-0.181928862,0.000146940,0.000059228,0.000000228,0.000406629,0.012769906,-0.181929089,-0.007084328,0.002225351,-2.735037611,-0.052689451,0.001308526,0.000076332,0.001195661,0.002346503,-0.002308337,-0.001233827,1.367518805,1.367518805
1786024523.480147600,70.700304245,0.000000000,NONE,0,0.049992258,0.000000000,-100.000000000,-1.000000000,-0.000778407,-100.008506932,-0.878713024,0.000778407,0.008506932,-0.121286976,0.000496125,0.012831530,-0.181928531,0.000123932,0.000068448,0.000000795,0.000372193,0.012763082,-0.181929326,-0.008969993,0.002042188,-2.735057507,-0.052624015,0.001307863,0.000109635,0.001704542,0.002780454,-0.002725637,-0.001759360,1.367528753,1.367528753
1786024523.530148506,70.750305288,0.000000000,NONE,0,0.050017706,0.000000000,-100.000000000,-1.000000000,-0.000772912,-100.008503509,-0.878712970,0.000772912,0.008503509,-0.121287030,0.000440860,0.012829947,-0.181928454,0.000093289,0.000077860,0.000001281,0.000347571,0.012752087,-0.181929735,-0.010244583,0.001614935,-2.735089639,-0.052558568,0.001308349,0.000126779,0.002125717,0.002996575,-0.002933185,-0.002189107,1.367544819,1.367544819
1786024523.580270529,70.800427225,0.000000000,NONE,0,0.050039511,0.000000000,-100.000000000,-1.000000000,-0.000769095,-100.008499557,-0.878712894,0.000769095,0.008499557,-0.121287106,0.000391586,0.012823952,-0.181928651,0.000057277,0.000086127,0.000001625,0.000334309,0.012737826,-0.181930276,-0.010806651,0.001001013,-2.735130141,-0.052493069,0.001309723,0.000126574,0.002419766,0.002983559,-0.002920272,-0.002483053,1.367565071,1.367565071
1786024523.630126953,70.850283520,0.000000000,NONE,0,0.049934053,0.000000000,-100.000000000,-1.000000000,-0.000767157,-100.008495153,-0.878712807,0.000767157,0.008495153,-0.121287193,0.000351639,0.012813657,-0.181929107,0.000018399,0.000092221,0.000001776,0.000333240,0.012721436,-0.181930883,-0.010620251,0.000271778,-2.735173937,-0.052427492,0.001311631,0.000097144,0.002562832,0.002747293,-0.002698721,-0.002611404,1.367586968,1.367586968
1786024523.680144548,70.900301218,0.000000000,NONE,0,0.050030836,0.000000000,-100.000000000,-1.000000000,-0.000767167,-100.008490426,-0.878712721,0.000767167,0.008490426,-0.121287279,0.000323768,0.012799690,-0.181929775,-0.000020661,0.000095455,0.000001712,0.000344429,0.012704235,-0.181931487,-0.009696122,-0.000485465,-2.735216186,-0.052361838,0.001313257,0.000067960,0.002528407,0.002319654,-0.002285674,-0.002562387,1.367608093,1.367608093
1786024523.730096102,70.950252823,0.000000000,NONE,0,0.049934367,0.000000000,-100.000000000,-1.000000000,-0.000769044,-100.008485543,-0.878712646,0.000769044,0.008485543,-0.121287354,0.000309702,0.012783141,-0.181930581,-0.000056779,0.000095282,0.000001420,0.000366481,0.012687859,-0.181932001,-0.008146342,-0.001167808,-2.735250383,-0.052296128,0.001314447,0.000022063,0.002323022,0.001750149,-0.001739118,-0.002334053,1.367625192,1.367625192
1786024523.780165195,71.000321738,0.000000000,NONE,0,0.050041042,0.000000000,-100.000000000,-1.000000000,-0.000772588,-100.008480679,-0.878712592,0.000772588,0.008480679,-0.121287408,0.000310384,0.012765401,-0.181931429,-0.000087886,0.000091927,0.000000947,0.000398270,0.012673474,-0.181932377,-0.006035318,-0.001708018,-2.735273862,-0.052230393,0.001314739,-0.000012358,0.001938924,0.001078735,-0.001084915,-0.001932744,1.367636931,1.367636931
1786024523.830180407,71.050336896,0.000000000,NONE,0,0.050021492,0.000000000,-100.000000000,-1.000000000,-0.000777479,-100.008476001,-0.878712568,0.000777479,0.008476001,-0.121287432,0.000325645,0.012748016,-0.181932215,-0.000111567,0.000085746,0.000000343,0.000437212,0.012662270,-0.181932557,-0.003544214,-0.002034051,-2.735282604,-0.052164668,0.001314268,-0.000046982,0.001406312,0.000365795,-0.000389286,-0.001382821,1.367641302,1.367641302
1786024523.880195379,71.100352098,0.000000000,NONE,0,0.050014581,0.000000000,-100.000000000,-1.000000000,-0.000783328,-100.008471661,-0.878712576,0.000783328,0.008471661,-0.121287424,0.000354630,0.012732737,-0.181932820,-0.000126750,0.000077261,-0.000000319,0.000481380,0.012655475,-0.181932501,-0.000776527,-0.002066944,-2.735273949,-0.052098983,0.001312957,-0.000077186,0.000730164,-0.000341901,0.000303308,-0.000691571,1.367636974,1.367636974
1786024523.930135250,71.150291936,0.000000000,NONE,0,0.049976825,0.000000000,-100.000000000,-1.000000000,-0.000789667,-100.008467731,-0.878712615,0.000789667,0.008467731,-0.121287385,0.000395342,0.012720469,-0.181933185,-0.000132079,0.000068305,-0.000000950,0.000527421,0.012652165,-0.181932235,0.002038678,-0.001903725,-2.735251112,-0.052033380,0.001310740,-0.000102384,-0.000008142,-0.001011197,0.000960005,0.000059334,1.367625556,1.367625556
1786024523.980130672,71.200287158,0.000000000,NONE,0,0.049980500,0.000000000,-100.000000000,-1.000000000,-0.000796106,-100.008463889,-0.878712682,0.000796106,0.008463889,-0.121287318,0.000447318,0.012705687,-0.181933658,-0.000129890,0.000066618,-0.000001477,0.000577208,0.012639070,-0.181932181,0.005117300,-0.002598135,-2.735251599,-0.051967896,0.001307628,-0.000115224,-0.000600985,-0.001957665,0.001900053,0.000658597,1.367625800,1.367625800
1786024524.030073643,71.250230259,0.000000000,NONE,0,0.049941112,0.000000000,-100.000000000,-1.000000000,-0.000800726,-100.008461429,-0.878712753,0.000800726,0.008461429,-0.121287247,0.000489806,0.012701270,-0.181933539,-0.000113005,0.000051780,-0.000001885,0.000602811,0.012649491,-0.181931654,0.006186962,-0.001194941,-2.735205239,-0.051915616,0.001305125,0.000912878,-0.001476225,-0.001617256,0.002073695,0.001019786,1.367602620,1.367602620
1786024524.080153227,71.300310001,0.000000000,NONE,0,0.050089470,0.000000000,-100.000000000,-1.000000000,-0.000805121,-100.008458982,-0.878712859,0.000805121,0.008458982,-0.121287141,0.000534752,0.012702334,-0.181932967,-0.000079267,0.000041147,-0.000002217,0.000614019,0.012661187,-0.181930750,0.006588162,-0.000149115,-2.735134448,-0.051849889,0.001324273,0.000657503,-0.001774137,-0.001519944,0.001848695,0.001445386,1.367567224,1.367567224
1786024524.130218029,71.350374710,0.000000000,NONE,0,0.050042299,0.000000000,-100.000000000,-1.000000000,-0.000808424,-100.008456806,-0.878712971,0.000808424,0.008456806,-0.121287029,0.000579012,0.012706669,-0.181932166,-0.000059434,0.000039372,-0.000002230,0.000638446,0.012667296,-0.181929935,0.008336437,0.000431373,-2.735079195,-0.051782962,0.001345600,0.000272722,-0.002260133,-0.001908085,0.002044447,0.002123772,1.367539598,1.367539598
1786024524.180329323,71.400485745,0.000000000,NONE,0,0.049999036,0.000000000,-100.000000000,-1.000000000,-0.000810663,-100.008454731,-0.878713074,0.000810663,0.008454731,-0.121286926,0.000623450,0.012713398,-0.181931199,-0.000035719,0.000039280,-0.000001934,0.000659168,0.012674118,-0.181929265,0.009525126,0.001184967,-2.735035176,-0.051715300,0.001355645,-0.000069235,-0.002660215,-0.002102348,0.002067731,0.002694832,1.367517588,1.367517588
1786024524.230092525,71.450248964,0.000000000,NONE,0,0.049880080,0.000000000,-100.000000000,-1.000000000,-0.000811501,-100.008452659,-0.878713155,0.000811501,0.008452659,-0.121286845,0.000664115,0.012721762,-0.181930141,-0.000005694,0.000041947,-0.000001397,0.000669809,0.012679815,-0.181928744,0.009981656,0.001837075,-2.735001590,-0.051647491,0.001354472,-0.000329833,-0.002872225,-0.002118603,0.001953687,0.003037141,1.367500795,1.367500795
1786024524.280400991,71.500557473,0.000000000,NONE,0,0.050300536,0.000000000,-100.000000000,-1.000000000,-0.000810700,-100.008450449,-0.878713205,0.000810700,0.008450449,-0.121286795,0.000697242,0.012730402,-0.181929099,0.000027826,0.000047597,-0.000000675,0.000669417,0.012682804,-0.181928424,0.009755988,0.002297522,-2.734983317,-0.051580037,0.001344272,-0.000435178,-0.002904583,-0.001973411,0.001755822,0.003122172,1.367491658,1.367491658
1786024524.330140591,71.550297207,0.000000000,NONE,0,0.049774243,0.000000000,-100.000000000,-1.000000000,-0.000808140,-100.008447963,-0.878713216,0.000808140,0.008447963,-0.121286784,0.000719417,0.012737676,-0.181928201,0.000062685,0.000055926,0.000000158,0.000656732,0.012681750,-0.181928359,0.008765659,0.002483405,-2.734983865,-0.051513267,0.001329280,-0.000498765,-0.002687575,-0.001695255,0.001445872,0.002936957,1.367491932,1.367491932
1786024524.380334854,71.600491602,0.000000000,NONE,0,0.050091002,0.000000000,-100.000000000,-1.000000000,-0.000803878,-100.008445096,-0.878713187,0.000803878,0.008445096,-0.121286813,0.000728832,0.012742153,-0.181927552,0.000094962,0.000065812,0.000001010,0.000633870,0.012676341,-0.181928562,0.007208918,0.002398330,-2.735003423,-0.051447328,0.001311834,-0.000445370,-0.002290469,-0.001313989,0.001091305,0.002513154,1.367501711,1.367501711
1786024524.430134773,71.650291494,0.000000000,NONE,0,0.049901587,0.000000000,-100.000000000,-1.000000000,-0.000798078,-100.008441785,-0.878713119,0.000798078,0.008441785,-0.121286881,0.000724163,0.012742589,-0.181927239,0.000123225,0.000076357,0.000001783,0.000600938,0.012666231,-0.181929022,0.005044182,0.002014003,-2.735040717,-0.051382249,0.001295101,-0.000356219,-0.001675492,-0.000846600,0.000668490,0.001853601,1.367520359,1.367520359
1786024524.480114222,71.700270706,0.000000000,NONE,0,0.050002101,0.000000000,-100.000000000,-1.000000000,-0.000791040,-100.008438030,-0.878713018,0.000791040,0.008438030,-0.121286982,0.000705497,0.012738341,-0.181927300,0.000144462,0.000086048,0.000002383,0.000561035,0.012652293,-0.181929682,0.002524673,0.001409579,-2.735090985,-0.051317922,0.001280968,-0.000229022,-0.000926307,-0.000336029,0.000221518,0.001040819,1.367545493,1.367545493
1786024524.530184746,71.750341399,0.000000000,NONE,0,0.050016928,0.000000000,-100.000000000,-1.000000000,-0.000783178,-100.008433906,-0.878712895,0.000783178,0.008433906,-0.121287105,0.000674141,0.012729704,-0.181927702,0.000156914,0.000093295,0.000002740,0.000517226,0.012636409,-0.181930442,-0.000170854,0.000716860,-2.735146131,-0.051254177,0.001270765,-0.000099442,-0.000111641,0.000197068,-0.000246789,0.000161362,1.367573065,1.367573065
1786024524.580075502,71.800232248,0.000000000,NONE,0,0.049910912,0.000000000,-100.000000000,-1.000000000,-0.000774912,-100.008429342,-0.878712761,0.000774912,0.008429342,-0.121287239,0.000631352,0.012714032,-0.181928596,0.000160796,0.000102044,0.000002815,0.000470556,0.012611987,-0.181931412,-0.003021173,-0.000635941,-2.735218232,-0.051190799,0.001265085,-0.000002928,0.000915011,0.000595576,-0.000597040,-0.000913547,1.367609116,1.367609116
1786024524.630208492,71.850365089,0.000000000,NONE,0,0.050104480,0.000000000,-100.000000000,-1.000000000,-0.000766668,-100.008424657,-0.878712632,0.000766668,0.008424657,-0.121287368,0.000578291,0.012695157,-0.181929717,0.000156295,0.000101570,0.000002540,0.000421996,0.012593586,-0.181932258,-0.005961347,-0.001339183,-2.735274933,-0.051127583,0.001263450,0.000079566,0.001805241,0.001175433,-0.001135650,-0.001845024,1.367637466,1.367637466
1786024524.680160761,71.900317265,0.000000000,NONE,0,0.049970094,0.000000000,-100.000000000,-1.000000000,-0.000759079,-100.008420043,-0.878712524,0.000759079,0.008420043,-0.121287476,0.000520324,0.012674605,-0.181930936,0.000138612,0.000098238,0.000001966,0.000381713,0.012576367,-0.181932903,-0.008208864,-0.002075411,-2.735316084,-0.051064363,0.001264985,0.000110026,0.002543562,0.001560870,-0.001505857,-0.002598575,1.367658042,1.367658042
1786024524.730136871,71.950293475,0.000000000,NONE,0,0.049979801,0.000000000,-100.000000000,-1.000000000,-0.000752716,-100.008415648,-0.878712448,0.000752716,0.008415648,-0.121287552,0.000462440,0.012654162,-0.181932111,0.000110885,0.000091166,0.000001168,0.000351555,0.012562996,-0.181933279,-0.009809498,-0.002526300,-2.735337041,-0.051001024,0.001268328,0.000107530,0.003057067,0.001847682,-0.001793917,-0.003110832,1.367668520,1.367668520
1786024524.780250072,72.000406885,0.000000000,NONE,0,0.050118687,0.000000000,-100.000000000,-1.000000000,-0.000747973,-100.008411612,-0.878712416,0.000747973,0.008411612,-0.121287584,0.000408882,0.012635718,-0.181933107,0.000076459,0.000081345,0.000000254,0.000332423,0.012554373,-0.181933361,-0.010729642,-0.002669357,-2.735336870,-0.050937519,0.001272096,0.000095290,0.003325927,0.002038894,-0.001991249,-0.003373572,1.367668435,1.367668435
1786024524.830149651,72.050306141,0.000000000,NONE,0,0.049894017,0.000000000,-100.000000000,-1.000000000,-0.000745109,-100.008408021,-0.878712429,0.000745109,0.008408021,-0.121287571,0.000363237,0.012620838,-0.181933816,0.000037987,0.000070054,-0.000000671,0.000325250,0.012550784,-0.181933146,-0.010915629,-0.002500212,-2.735315919,-0.050873843,0.001275612,0.000042592,0.003343312,0.002114502,-0.002093206,-0.003364608,1.367657959,1.367657959
1786024524.880196095,72.100352670,0.000000000,NONE,0,0.050039034,0.000000000,-100.000000000,-1.000000000,-0.000744258,-100.008404903,-0.878712487,0.000744258,0.008404903,-0.121287513,0.000328734,0.012610692,-0.181934167,-0.000002081,0.000058614,-0.000001500,0.000330814,0.012552077,-0.181932667,-0.010319649,-0.002030435,-2.735277107,-0.050810032,0.001277579,0.000003067,0.003086754,0.002073070,-0.002071537,-0.003088288,1.367638554,1.367638554
1786024524.930127144,72.150283816,0.000000000,NONE,0,0.049959681,0.000000000,-100.000000000,-1.000000000,-0.000745391,-100.008402222,-0.878712582,0.000745391,0.008402222,-0.121287418,0.000307441,0.012605796,-0.181934132,-0.000040452,0.000048468,-0.000002152,0.000347893,0.012557329,-0.181931980,-0.009056234,-0.001331854,-2.735224864,-0.050746161,0.001278070,-0.000041055,0.002607286,0.001920831,-0.001941359,-0.002586758,1.367612432,1.367612432
1786024524.980147600,72.200304412,0.000000000,NONE,0,0.049980166,0.000000000,-100.000000000,-1.000000000,-0.000748272,-100.008399929,-0.878712703,0.000748272,0.008399929,-0.121287297,0.000300692,0.012606022,-0.181933736,-0.000074097,0.000040947,-0.000002543,0.000374789,0.012565075,-0.181931193,-0.007237019,-0.000502774,-2.735167727,-0.050683582,0.001276738,0.000032334,0.001926865,0.001691645,-0.001675478,-0.001943032,1.367583863,1.367583863
1786024525.030068636,72.250225273,0.000000000,NONE,0,0.049954159,0.000000000,-100.000000000,-1.000000000,-0.000752697,-100.008397796,-0.878712839,0.000752697,0.008397796,-0.121287161,0.000307569,0.012610620,-0.181933021,-0.000101195,0.000036595,-0.000002669,0.000408764,0.012574025,-0.181930351,-0.005046159,0.000381335,-2.735107746,-0.050619756,0.001276598,-0.000015023,0.001169962,0.001353118,-0.001360629,-0.001162450,1.367553873,1.367553873
1786024525.080106497,72.300263232,0.000000000,NONE,0,0.050003125,0.000000000,-100.000000000,-1.000000000,-0.000758425,-100.008395666,-0.878712975,0.000758425,0.008395666,-0.121287025,0.000329385,0.012618695,-0.181932050,-0.000134075,0.000039618,-0.000002739,0.000463460,0.012579077,-0.181929310,-0.001338404,0.000936493,-2.735030918,-0.050554688,0.001402437,-0.001423080,0.000456248,0.000212954,-0.000924494,0.000255292,1.367515459,1.367515459
1786024525.130266905,72.350423427,0.000000000,NONE,0,0.050098007,0.000000000,-100.000000000,-1.000000000,-0.000766985,-100.008391659,-0.878713091,0.000766985,0.008391659,-0.121286909,0.000406123,0.012597962,-0.181932823,-0.000177980,0.000072730,-0.000001962,0.000584102,0.012525232,-0.181930861,0.007231749,-0.003196410,-2.735191189,-0.050492016,0.001234382,0.000302778,-0.001084529,-0.002531345,0.002682734,0.000933140,1.367595594,1.367595594
1786024525.180732727,72.400889236,0.000000000,NONE,0,0.050080852,0.000000000,-100.000000000,-1.000000000,-0.000772595,-100.008389848,-0.878713194,0.000772595,0.008389848,-0.121286806,0.000443192,0.012612515,-0.181931440,-0.000102692,0.000024666,-0.000002076,0.000545884,0.012587849,-0.181929364,0.001782527,0.003229059,-2.735025559,-0.050430276,0.001238487,0.000373777,-0.001346341,0.000455077,-0.000268189,0.001159452,1.367512780,1.367512780
1786024525.230275393,72.450432083,0.000000000,NONE,0,0.049956506,0.000000000,-100.000000000,-1.000000000,-0.000776291,-100.008388350,-0.878713269,0.000776291,0.008388350,-0.121286731,0.000472520,0.012622419,-0.181930446,-0.000092249,0.000036199,-0.000001663,0.000564769,0.012586221,-0.181928783,0.004072234,0.002181962,-2.735003183,-0.050380556,0.001245358,0.001361094,-0.001903823,-0.000132294,0.000812841,0.001223276,1.367501591,1.367501591
1786024525.280302286,72.500458901,0.000000000,NONE,0,0.050012078,0.000000000,-100.000000000,-1.000000000,-0.000779803,-100.008385687,-0.878713332,0.000779803,0.008385687,-0.121286668,0.000499845,0.012627233,-0.181929701,-0.000063566,0.000055104,-0.000000952,0.000563410,0.012572129,-0.181928749,0.003600828,0.001411008,-2.735011756,-0.050317564,0.001274715,0.001061134,-0.001518242,-0.000282172,0.000812738,0.000987676,1.367505878,1.367505878
1786024525.330103397,72.550259803,0.000000000,NONE,0,0.049885992,0.000000000,-100.000000000,-1.000000000,-0.000782677,-100.008382851,-0.878713359,0.000782677,0.008382851,-0.121286641,0.000529315,0.012633656,-0.181928866,-0.000056291,0.000054789,-0.000000235,0.000585606,0.012578866,-0.181928631,0.005420735,0.002558209,-2.735001807,-0.050252810,0.001307468,0.000567152,-0.002136524,-0.000573843,0.000857419,0.001852948,1.367500904,1.367500904
1786024525.380269051,72.600425732,0.000000000,NONE,0,0.050103229,0.000000000,-100.000000000,-1.000000000,-0.000785250,-100.008379852,-0.878713349,0.000785250,0.008379852,-0.121286651,0.000566471,0.012641112,-0.181927965,-0.000048711,0.000060881,0.000000507,0.000615181,0.012580232,-0.181928473,0.007357964,0.002861943,-2.734989911,-0.050186811,0.001326490,0.000125995,-0.002586475,-0.001092506,0.001155504,0.002523478,1.367494955,1.367494955
1786024525.430179358,72.650335940,0.000000000,NONE,0,0.049937455,0.000000000,-100.000000000,-1.000000000,-0.000787073,-100.008376477,-0.878713300,0.000787073,0.008376477,-0.121286700,0.000606753,0.012647073,-0.181927162,-0.000030563,0.000070004,0.000001310,0.000637315,0.012577069,-0.181928472,0.008557124,0.002907182,-2.734993019,-0.050120314,0.001331241,-0.000235464,-0.002807210,-0.001471352,0.001353619,0.002924942,1.367496509,1.367496509
1786024525.480255604,72.700412060,0.000000000,NONE,0,0.050043146,0.000000000,-100.000000000,-1.000000000,-0.000787692,-100.008372600,-0.878713211,0.000787692,0.008372600,-0.121286789,0.000644760,0.012648880,-0.181926644,-0.000004644,0.000081912,0.000002121,0.000649404,0.012566968,-0.181928765,0.009099254,0.002480514,-2.735019397,-0.050053956,0.001324198,-0.000463941,-0.002778957,-0.001770670,0.001538700,0.003010927,1.367509698,1.367509698
1786024525.530145645,72.750302107,0.000000000,NONE,0,0.049953502,0.000000000,-100.000000000,-1.000000000,-0.000786820,-100.008368175,-0.878713084,0.000786820,0.008368175,-0.121286916,0.000676100,0.012644706,-0.181926544,0.000025807,0.000094054,0.000002834,0.000650293,0.012550652,-0.181929378,0.008947123,0.001682206,-2.735068693,-0.049988209,0.001309234,-0.000579889,-0.002512360,-0.001961201,0.001671257,0.002802304,1.367534346,1.367534346
1786024525.580253601,72.800410441,0.000000000,NONE,0,0.050036051,0.000000000,-100.000000000,-1.000000000,-0.000784336,-100.008363267,-0.878712929,0.000784336,0.008363267,-0.121287071,0.000697540,0.012633860,-0.181926917,0.000057604,0.000104286,0.000003330,0.000639937,0.012529574,-0.181930247,0.008118347,0.000615351,-2.735134687,-0.049923340,0.001290128,-0.000582414,-0.002037821,-0.002021352,0.001730146,0.002329028,1.367567344,1.367567344
1786024525.630118132,72.850274811,0.000000000,NONE,0,0.049954086,0.000000000,-100.000000000,-1.000000000,-0.000780362,-100.008358130,-0.878712764,0.000780362,0.008358130,-0.121287236,0.000706764,0.012617024,-0.181927728,0.000087431,0.000110822,0.000003507,0.000619333,0.012506203,-0.181931235,0.006692735,-0.000553733,-2.735206268,-0.049860705,0.001271120,-0.000421635,-0.001429342,-0.001917026,0.001706208,0.001640159,1.367603134,1.367603134
1786024525.680136919,72.900293588,0.000000000,NONE,0,0.050007639,0.000000000,-100.000000000,-1.000000000,-0.000774853,-100.008352763,-0.878712598,0.000774853,0.008352763,-0.121287402,0.000702314,0.012594727,-0.181928932,0.000114965,0.000112908,0.000003335,0.000587349,0.012481820,-0.181932267,0.004560910,-0.001767402,-2.735279296,-0.049797638,0.001255858,-0.000333916,-0.000614898,-0.001665557,0.001498599,0.000781856,1.367639648,1.367639648
1786024525.730157614,72.950314080,0.000000000,NONE,0,0.050008772,0.000000000,-100.000000000,-1.000000000,-0.000768217,-100.008347480,-0.878712452,0.000768217,0.008347480,-0.121287548,0.000684860,0.012568811,-0.181930401,0.000134319,0.000110283,0.000002791,0.000550541,0.012458528,-0.181933192,0.002268624,-0.002881471,-2.735341962,-0.049735190,0.001244795,-0.000244698,0.000214386,-0.001348698,0.001226349,-0.000092037,1.367670981,1.367670981
1786024525.780167580,73.000324216,0.000000000,NONE,0,0.050028678,0.000000000,-100.000000000,-1.000000000,-0.000760766,-100.008342335,-0.878712341,0.000760766,0.008342335,-0.121287659,0.000656143,0.012539453,-0.181932098,0.000144436,0.000104347,0.000001894,0.000511706,0.012435106,-0.181933992,-0.000090698,-0.004034664,-2.735395397,-0.049671962,0.001237078,-0.000255747,0.001095277,-0.001049928,0.000922055,-0.000967404,1.367697699,1.367697699
1786024525.830154419,73.050311146,0.000000000,NONE,0,0.049967382,0.000000000,-100.000000000,-1.000000000,-0.000753103,-100.008338143,-0.878712284,0.000753103,0.008338143,-0.121287716,0.000616629,0.012516993,-0.181933363,0.000149623,0.000083945,0.000000728,0.000467007,0.012433048,-0.181934091,-0.002881727,-0.003463590,-2.735388393,-0.049610320,0.001230764,-0.000166192,0.001627877,-0.000187014,0.000103918,-0.001544781,1.367694196,1.367694196
1786024525.880219460,73.100376011,0.000000000,NONE,0,0.050068955,0.000000000,-100.000000000,-1.000000000,-0.000745639,-100.008334937,-0.878712287,0.000745639,0.008334937,-0.121287713,0.000570150,0.012503197,-0.181934059,0.000142031,0.000064766,-0.000000482,0.000428119,0.012438432,-0.181933578,-0.005089009,-0.002706947,-2.735340170,-0.049548966,0.001226259,-0.000067672,0.001965907,0.000578597,-0.000612433,-0.001932071,1.367670085,1.367670085
1786024525.930121183,73.150277841,0.000000000,NONE,0,0.049919424,0.000000000,-100.000000000,-1.000000000,-0.000738708,-100.008332297,-0.878712344,0.000738708,0.008332297,-0.121287656,0.000517689,0.012493143,-0.181934486,0.000129237,0.000055121,-0.000001499,0.000388453,0.012438022,-0.181932987,-0.007479969,-0.002556041,-2.735297234,-0.049487780,0.001224264,-0.000001824,0.002509459,0.001230526,-0.001231438,-0.002508546,1.367648617,1.367648617
1786024525.980242968,73.200399593,0.000000000,NONE,0,0.050038452,0.000000000,-100.000000000,-1.000000000,-0.000732793,-100.008330181,-0.878712443,0.000732793,0.008330181,-0.121287557,0.000463973,0.012488439,-0.181934533,0.000105577,0.000043298,-0.000002289,0.000358396,0.012445141,-0.181932244,-0.009082982,-0.001676026,-2.735242201,-0.049426639,0.001224260,0.000053385,0.002676406,0.001865085,-0.001838393,-0.002703098,1.367621100,1.367621100
1786024526.030148029,73.250304707,0.000000000,NONE,0,0.049967432,0.000000000,-100.000000000,-1.000000000,-0.000728318,-100.008328539,-0.878712573,0.000728318,0.008328539,-0.121287427,0.000413327,0.012489818,-0.181934156,0.000074822,0.000033636,-0.000002812,0.000338504,0.012456183,-0.181931344,-0.010067550,-0.000621025,-2.735176046,-0.049365452,0.001225551,0.000078840,0.002652434,0.002381341,-0.002341921,-0.002691854,1.367588023,1.367588023
1786024526.080130816,73.300287500,0.000000000,NONE,0,0.049995804,0.000000000,-100.000000000,-1.000000000,-0.000725549,-100.008327184,-0.878712720,0.000725549,0.008327184,-0.121287280,0.000369443,0.012496644,-0.181933397,0.000039461,0.000027879,-0.000003011,0.000329982,0.012468765,-0.181930386,-0.010344648,0.000489368,-2.735107887,-0.049304173,0.001227157,0.000090460,0.002441205,0.002731119,-0.002685889,-0.002486435,1.367553943,1.367553943
1786024526.130119324,73.350276129,0.000000000,NONE,0,0.049990168,0.000000000,-100.000000000,-1.000000000,-0.000724622,-100.008325890,-0.878712867,0.000724622,0.008325890,-0.121287133,0.000335327,0.012507514,-0.181932354,0.000002224,0.000026751,-0.000002867,0.000333103,0.012480764,-0.181929487,-0.009917291,0.001530432,-2.735046133,-0.049242800,0.001228469,0.000090867,0.002073998,0.002884648,-0.002839214,-0.002119431,1.367523067,1.367523067
1786024526.180259943,73.400416562,0.000000000,NONE,0,0.050001795,0.000000000,-100.000000000,-1.000000000,-0.000725541,-100.008324419,-0.878712999,0.000725541,0.008324419,-0.121287001,0.000313235,0.012520534,-0.181931157,-0.000034291,0.000030347,-0.000002404,0.000347525,0.012490187,-0.181928753,-0.008817989,0.002381484,-2.734998033,-0.049181359,0.001229246,0.000086118,0.001587597,0.002821398,-0.002778339,-0.001630656,1.367499017,1.367499017
1786024526.230379343,73.450535979,0.000000000,NONE,0,0.050250983,0.000000000,-100.000000000,-1.000000000,-0.000728113,-100.008322596,-0.878713099,0.000728113,0.008322596,-0.121286901,0.000304591,0.012533336,-0.181929975,-0.000066902,0.000037979,-0.000001702,0.000371493,0.012495357,-0.181928274,-0.007182304,0.002944609,-2.734969610,-0.049121118,0.001229379,0.000202275,0.001008855,0.002582297,-0.002481160,-0.001109993,1.367484805,1.367484805
1786024526.280248165,73.500404693,0.000000000,NONE,0,0.049873577,0.000000000,-100.000000000,-1.000000000,-0.000732153,-100.008320203,-0.878713163,0.000732153,0.008320203,-0.121286837,0.000308454,0.012544797,-0.181928874,-0.000093484,0.000048439,-0.000000824,0.000401938,0.012496358,-0.181928050,-0.005211979,0.003255515,-2.734959005,-0.049059594,0.001231661,0.000151083,0.000451345,0.002154644,-0.002079103,-0.000526887,1.367479502,1.367479502
1786024526.330495834,73.550652488,0.000000000,NONE,0,0.050235491,0.000000000,-100.000000000,-1.000000000,-0.000737360,-100.008317151,-0.878713181,0.000737360,0.008317151,-0.121286819,0.000325729,0.012552724,-0.181928002,-0.000114905,0.000061300,0.000000125,0.000440634,0.012491423,-0.181928127,-0.002718808,0.003170116,-2.734970453,-0.048997954,0.001233584,0.000123511,-0.000143705,0.001503109,-0.001441353,0.000081949,1.367485226,1.367485226
1786024526.380291700,73.600448164,0.000000000,NONE,0,0.049726658,0.000000000,-100.000000000,-1.000000000,-0.000743429,-100.008313369,-0.878713152,0.000743429,0.008313369,-0.121286848,0.000355261,0.012556696,-0.181927383,-0.000126713,0.000073794,0.000001057,0.000481974,0.012482902,-0.181928440,-0.000164413,0.002903730,-2.734997096,-0.048935037,0.001234418,-0.000051438,-0.000671970,0.000754176,-0.000779895,0.000697689,1.367498548,1.367498548
1786024526.430127144,73.650283771,0.000000000,NONE,0,0.049910150,0.000000000,-100.000000000,-1.000000000,-0.000749871,-100.008308786,-0.878713081,0.000749871,0.008308786,-0.121286919,0.000397920,0.012551432,-0.181927353,-0.000134198,0.000091116,0.000001844,0.000532118,0.012460316,-0.181929197,0.003032402,0.001568222,-2.735058945,-0.048873444,0.001231017,-0.000066325,-0.001133575,-0.000382626,0.000349464,0.001166737,1.367529472,1.367529472
1786024526.480312347,73.700468876,0.000000000,NONE,0,0.050178073,0.000000000,-100.000000000,-1.000000000,-0.000756136,-100.008303648,-0.878712978,0.000756136,0.008303648,-0.121287022,0.000448585,0.012539823,-0.181927721,-0.000126017,0.000099964,0.000002344,0.000574602,0.012439860,-0.181930065,0.005439867,0.000675473,-2.735121848,-0.048812076,0.001226821,-0.000035163,-0.001520044,-0.001199889,0.001182308,0.001537626,1.367560924,1.367560924
1786024526.530152082,73.750308931,0.000000000,NONE,0,0.049859834,0.000000000,-100.000000000,-1.000000000,-0.000761631,-100.008298167,-0.878712857,0.000761631,0.008298167,-0.121287143,0.000502275,0.012522155,-0.181928468,-0.000107322,0.000106154,0.000002532,0.000609597,0.012416000,-0.181931000,0.007412395,-0.000551307,-2.735188757,-0.048750880,0.001223923,-0.000040474,-0.001705154,-0.002001044,0.001980807,0.001725391,1.367594379,1.367594379
1786024526.580207348,73.800363850,0.000000000,NONE,0,0.049985361,0.000000000,-100.000000000,-1.000000000,-0.000765993,-100.008292622,-0.878712735,0.000765993,0.008292622,-0.121287265,0.000556086,0.012500549,-0.181929453,-0.000081669,0.000106749,0.000002380,0.000637756,0.012393800,-0.181931833,0.008982067,-0.001580615,-2.735244955,-0.048689811,0.001221293,-0.000032103,-0.001842337,-0.002648696,0.002632645,0.001858389,1.367622478,1.367622478
1786024526.630132914,73.850289711,0.000000000,NONE,0,0.049976104,0.000000000,-100.000000000,-1.000000000,-0.000768876,-100.008287252,-0.878712628,0.000768876,0.008287252,-0.121287372,0.000606041,0.012476517,-0.181930580,-0.000049801,0.000102476,0.000001947,0.000655842,0.012374042,-0.181932527,0.009884929,-0.002454083,-2.735290787,-0.048628804,0.001220026,-0.000039504,-0.001847835,-0.003094629,0.003074877,0.001867587,1.367645393,1.367645393
1786024526.680081606,73.900238331,0.000000000,NONE,0,0.049959638,0.000000000,-100.000000000,-1.000000000,-0.000770074,-100.008282308,-0.878712549,0.000770074,0.008282308,-0.121287451,0.000649152,0.012452603,-0.181931693,-0.000014386,0.000093915,0.000001285,0.000663538,0.012358687,-0.181932977,0.010158034,-0.003024279,-2.735317426,-0.048567824,0.001219180,-0.000056578,-0.001769294,-0.003309723,0.003281434,0.001797583,1.367658713,1.367658713
1786024526.730744839,73.950901591,0.000000000,NONE,0,0.050650322,0.000000000,-100.000000000,-1.000000000,-0.000769487,-100.008277979,-0.878712509,0.000769487,0.008277979,-0.121287491,0.000682704,0.012431002,-0.181932659,0.000022343,0.000082138,0.000000481,0.000660361,0.012348865,-0.181933140,0.009769502,-0.003228656,-2.735323040,-0.048506871,0.001218273,-0.000009915,-0.001632733,-0.003252018,0.003247061,0.001637690,1.367661520,1.367661520
1786024526.780166388,74.000322926,0.000000000,NONE,0,0.049405434,0.000000000,-100.000000000,-1.000000000,-0.000767711,-100.008275049,-0.878712507,0.000767711,0.008275049,-0.121287493,0.000700785,0.012416814,-0.181933245,0.000051522,0.000071175,-0.000000194,0.000649262,0.012345639,-0.181933051,0.008958885,-0.003015614,-2.735311796,-0.048458115,0.001218627,0.000874197,-0.001704367,-0.002775076,0.003212174,0.001267269,1.367655898,1.367655898
1786024526.830167770,74.050324390,0.000000000,NONE,0,0.050028515,0.000000000,-100.000000000,-1.000000000,-0.000763695,-100.008272260,-0.878712543,0.000763695,0.008272260,-0.121287457,0.000704988,0.012406237,-0.181933573,0.000093647,0.000055005,-0.000000987,0.000611341,0.012351232,-0.181932586,0.006165847,-0.002214108,-2.735271706,-0.048397932,0.001238236,0.000706093,-0.001164458,-0.001918466,0.002271512,0.000811411,1.367635853,1.367635853
1786024526.880446196,74.100602686,0.000000000,NONE,0,0.050042863,0.000000000,-100.000000000,-1.000000000,-0.000758088,-100.008270148,-0.878712617,0.000758088,0.008270148,-0.121287383,0.000694887,0.012401989,-0.181933521,0.000119294,0.000043193,-0.000001645,0.000575592,0.012358797,-0.181931877,0.004078249,-0.001419667,-2.735217180,-0.048335292,0.001261703,0.000297865,-0.000739112,-0.001300013,0.001448945,0.000590179,1.367608590,1.367608590
1786024526.930154085,74.150310611,0.000000000,NONE,0,0.049928509,0.000000000,-100.000000000,-1.000000000,-0.000751664,-100.008268508,-0.878712717,0.000751664,0.008268508,-0.121287283,0.000675818,0.012402551,-0.181933177,0.000132338,0.000036019,-0.000002044,0.000543480,0.012366532,-0.181931133,0.002235036,-0.000641964,-2.735164414,-0.048271802,0.001273725,-0.000081245,-0.000377957,-0.000739561,0.000698939,0.000418579,1.367582207,1.367582207
1786024526.980181694,74.200338403,0.000000000,NONE,0,0.050028063,0.000000000,-100.000000000,-1.000000000,-0.000744752,-100.008267108,-0.878712832,0.000744752,0.008267108,-0.121287168,0.000650527,0.012406841,-0.181932597,0.000150334,0.000035560,-0.000002397,0.000500192,0.012371281,-0.181930200,-0.000573409,-0.000099477,-2.735095358,-0.048206815,0.001400777,-0.001727403,0.000600072,-0.000313368,-0.000550334,0.000263629,1.367547679,1.367547679
1786024527.030174017,74.250330579,0.000000000,NONE,0,0.049977388,0.000000000,-100.000000000,-1.000000000,-0.000740985,-100.008265816,-0.878712939,0.000740985,0.008265816,-0.121287061,0.000674680,0.012415856,-0.181931568,0.000063262,0.000028404,-0.000001960,0.000611417,0.012387452,-0.181929608,0.009207686,0.001426171,-2.735060706,-0.048144175,0.001231211,-0.000230666,-0.002600798,-0.002003045,0.001887712,0.002716131,1.367530353,1.367530353
1786024527.080120564,74.300277009,0.000000000,NONE,0,0.049976545,0.000000000,-100.000000000,-1.000000000,-0.000733940,-100.008264658,-0.878713031,0.000733940,0.008264658,-0.121286969,0.000639382,0.012427181,-0.181930602,0.000163125,0.000031598,-0.000001550,0.000476256,0.012395584,-0.181929051,-0.003822299,0.002084450,-2.735022442,-0.048083393,0.001211849,-0.000093570,0.000457855,0.001453295,-0.001500080,-0.000411069,1.367511221,1.367511221
1786024527.130149364,74.350306140,0.000000000,NONE,0,0.050028965,0.000000000,-100.000000000,-1.000000000,-0.000725540,-100.008263222,-0.878713097,0.000725540,0.008263222,-0.121286903,0.000584110,0.012438009,-0.181929726,0.000161706,0.000039952,-0.000000972,0.000422405,0.012398058,-0.181928754,-0.005417981,0.002450398,-2.735006817,-0.048023009,0.001205518,-0.000055837,0.000755855,0.001953135,-0.001981054,-0.000727936,1.367503408,1.367503408
1786024527.180109978,74.400266727,0.000000000,NONE,0,0.049943348,0.000000000,-100.000000000,-1.000000000,-0.000717829,-100.008261348,-0.878713128,0.000717829,0.008261348,-0.121286872,0.000523411,0.012447743,-0.181928937,0.000144733,0.000048633,-0.000000282,0.000378678,0.012399110,-0.181928656,-0.007834443,0.002813331,-2.735003937,-0.047962859,0.001200859,-0.000030425,0.001262884,0.002654337,-0.002669550,-0.001247672,1.367501969,1.367501969
1786024527.230183601,74.450340288,0.000000000,NONE,0,0.050052420,0.000000000,-100.000000000,-1.000000000,-0.000711202,-100.008258908,-0.878713121,0.000711202,0.008258908,-0.121286879,0.000461561,0.012454674,-0.181928333,0.000118902,0.000059763,0.000000444,0.000342659,0.012394911,-0.181928777,-0.009834028,0.002779889,-2.735016788,-0.047902900,0.001196865,0.000008081,0.001761514,0.003155500,-0.003151459,-0.001765555,1.367508394,1.367508394
1786024527.280209064,74.500365685,0.000000000,NONE,0,0.050055601,0.000000000,-100.000000000,-1.000000000,-0.000706081,-100.008255804,-0.878713078,0.000706081,0.008255804,-0.121286922,0.000402835,0.012457307,-0.181927995,0.000085185,0.000071791,0.000001128,0.000317650,0.012385516,-0.181929123,-0.011109004,0.002427338,-2.735045553,-0.047843095,0.001193965,0.000042346,0.002159830,0.003394672,-0.003373499,-0.002181003,1.367522777,1.367522777
1786024527.330100298,74.550256843,0.000000000,NONE,0,0.049898525,0.000000000,-100.000000000,-1.000000000,-0.000702792,-100.008252022,-0.878713004,0.000702792,0.008252022,-0.121286996,0.000351274,0.012454706,-0.181927977,0.000045999,0.000083215,0.000001687,0.000305275,0.012371490,-0.181929664,-0.011594118,0.001796150,-2.735087319,-0.047783391,0.001192406,0.000050289,0.002436920,0.003360139,-0.003334995,-0.002462064,1.367543659,1.367543659
1786024527.380422592,74.600579375,0.000000000,NONE,0,0.050125529,0.000000000,-100.000000000,-1.000000000,-0.000701530,-100.008247626,-0.878712908,0.000701530,0.008247626,-0.121287092,0.000310486,0.012446557,-0.181928292,0.000004158,0.000092667,0.000002048,0.000306328,0.012353890,-0.181930340,-0.011255552,0.000964138,-2.735137313,-0.047723748,0.001191646,0.000070737,0.002555169,0.003072607,-0.003037238,-0.002590538,1.367568656,1.367568656
1786024527.430083513,74.650240180,0.000000000,NONE,0,0.049846544,0.000000000,-100.000000000,-1.000000000,-0.000702324,-100.008242746,-0.878712803,0.000702324,0.008242746,-0.121287197,0.000283007,0.012433250,-0.181928914,-0.000036930,0.000099084,0.000002169,0.000319937,0.012334165,-0.181931083,-0.010179786,0.000018135,-2.735190707,-0.047664127,0.001191952,0.000049793,0.002527965,0.002561928,-0.002537032,-0.002552861,1.367595354,1.367595354
1786024527.480116367,74.700273099,0.000000000,NONE,0,0.050054935,0.000000000,-100.000000000,-1.000000000,-0.000705005,-100.008237673,-0.878712705,0.000705005,0.008237673,-0.121287295,0.000270915,0.012416151,-0.181929754,-0.000074143,0.000101537,0.000002015,0.000345058,0.012314613,-0.181931770,-0.008435369,-0.000874237,-2.735237582,-0.047605691,0.001192439,0.000135891,0.002293429,0.001924256,-0.001856310,-0.002361374,1.367618791,1.367618791
1786024527.530088902,74.750245603,0.000000000,NONE,0,0.049935923,0.000000000,-100.000000000,-1.000000000,-0.000709396,-100.008232409,-0.878712621,0.000709396,0.008232409,-0.121287379,0.000273499,0.012395944,-0.181930756,-0.000105148,0.000100165,0.000001612,0.000378648,0.012295779,-0.181932368,-0.006239713,-0.001722212,-2.735277776,-0.047545977,0.001195675,0.000074892,0.001971758,0.001148098,-0.001110652,-0.002009204,1.367638888,1.367638888
1786024527.580198288,74.800354944,0.000000000,NONE,0,0.050125651,0.000000000,-100.000000000,-1.000000000,-0.000713941,-100.008228273,-0.878712573,0.000713941,0.008228273,-0.121287427,0.000287161,0.012378976,-0.181931581,-0.000125447,0.000096123,0.000001129,0.000412608,0.012282854,-0.181932710,-0.004186523,-0.002102802,-2.735296504,-0.047498096,0.001197749,0.000985441,0.001325971,0.000767291,-0.000274570,-0.001818692,1.367648252,1.367648252
1786024527.630194187,74.850350859,0.000000000,NONE,0,0.049964941,0.000000000,-100.000000000,-1.000000000,-0.000720109,-100.008222994,-0.878712544,0.000720109,0.008222994,-0.121287456,0.000307536,0.012352649,-0.181932899,-0.000128841,0.000096098,0.000000408,0.000436378,0.012256550,-0.181933307,-0.002950626,-0.003693281,-2.735343416,-0.047436504,0.001219260,0.000583236,0.001515168,-0.000039855,0.000331473,-0.001806786,1.367671708,1.367671708
1786024527.680281162,74.900437573,0.000000000,NONE,0,0.050004479,0.000000000,-100.000000000,-1.000000000,-0.000726798,-100.008218017,-0.878712555,0.000726798,0.008218017,-0.121287445,0.000339174,0.012324548,-0.181934285,-0.000143399,0.000088256,-0.000000497,0.000482573,0.012236292,-0.181933788,0.000282179,-0.004534624,-2.735374758,-0.047374795,0.001241541,0.000161670,0.001022694,-0.001163783,0.001244618,-0.001103529,1.367687379,1.367687379
1786024527.730240583,74.950397251,0.000000000,NONE,0,0.050017523,0.000000000,-100.000000000,-1.000000000,-0.000734443,-100.008214353,-0.878712618,0.000734443,0.008214353,-0.121287382,0.000391785,0.012311728,-0.181934650,-0.000158081,0.000056078,-0.000001597,0.000549866,0.012255649,-0.181933053,0.004756948,-0.002298762,-2.735299044,-0.047312320,0.001251183,-0.000199855,-0.000564583,-0.001813891,0.001713964,0.000664510,1.367649522,1.367649522
1786024527.780141115,75.000297432,0.000000000,NONE,0,0.049925891,0.000000000,-100.000000000,-1.000000000,-0.000742123,-100.008211550,-0.878712728,0.000742123,0.008211550,-0.121287272,0.000457692,0.012306659,-0.181934459,-0.000150207,0.000044269,-0.000002443,0.000607899,0.012262390,-0.181932016,0.008073761,-0.001849790,-2.735220304,-0.047249717,0.001248285,-0.000461189,-0.001440695,-0.002596185,0.002365590,0.001671290,1.367610152,1.367610152
1786024527.830158710,75.050315316,0.000000000,NONE,0,0.050030751,0.000000000,-100.000000000,-1.000000000,-0.000748881,-100.008209344,-0.878712867,0.000748881,0.008209344,-0.121287133,0.000528378,0.012308303,-0.181933787,-0.000125831,0.000033729,-0.000002892,0.000654209,0.012274575,-0.181930895,0.010635346,-0.000699991,-2.735140239,-0.047187544,0.001236246,-0.000592987,-0.002335592,-0.002982081,0.002685587,0.002632086,1.367570119,1.367570119
1786024527.880141973,75.100298730,0.000000000,NONE,0,0.050008175,0.000000000,-100.000000000,-1.000000000,-0.000754067,-100.008207646,-0.878713014,0.000754067,0.008207646,-0.121286986,0.000597421,0.012316371,-0.181932683,-0.000089941,0.000026871,-0.000002930,0.000687362,0.012289499,-0.181929753,0.012382714,0.000572900,-2.735059892,-0.047126163,0.001218753,-0.000615117,-0.003085124,-0.003106233,0.002798674,0.003392683,1.367529946,1.367529946
1786024527.930311918,75.150468472,0.000000000,NONE,0,0.050104951,0.000000000,-100.000000000,-1.000000000,-0.000757212,-100.008206224,-0.878713149,0.000757212,0.008206224,-0.121286851,0.000659435,0.012329151,-0.181931285,-0.000046181,0.000025467,-0.000002554,0.000705616,0.012303684,-0.181928731,0.013200726,0.001741003,-2.734990740,-0.047065762,0.001199093,-0.000534157,-0.003601893,-0.002998470,0.002731392,0.003868971,1.367495370,1.367495370
1786024527.980155706,75.200312258,0.000000000,NONE,0,0.049842963,0.000000000,-100.000000000,-1.000000000,-0.000758011,-100.008204813,-0.878713255,0.000758011,0.008204813,-0.121286745,0.000709786,0.012344279,-0.181929775,0.000002032,0.000029628,-0.000001808,0.000707755,0.012314651,-0.181927967,0.013028522,0.002671423,-2.734942345,-0.047006355,0.001180457,-0.000414465,-0.003821370,-0.002692891,0.002485658,0.004028602,1.367471173,1.367471173
1786024528.030102015,75.250258594,0.000000000,NONE,0,0.049970050,0.000000000,-100.000000000,-1.000000000,-0.000756353,-100.008203156,-0.878713317,0.000756353,0.008203156,-0.121286683,0.000745012,0.012359215,-0.181928343,0.000050696,0.000038746,-0.000000787,0.000694316,0.012320469,-0.181927556,0.011930158,0.003252982,-2.734920714,-0.046947819,0.001164752,-0.000248307,-0.003733708,-0.002231371,0.002107217,0.003857862,1.367460357,1.367460357
1786024528.080150843,75.300307366,0.000000000,NONE,0,0.050084974,0.000000000,-100.000000000,-1.000000000,-0.000752414,-100.008201078,-0.878713328,0.000752414,0.008201078,-0.121286672,0.000762498,0.012371097,-0.181927200,0.000086342,0.000046314,0.000000319,0.000676155,0.012324782,-0.181927520,0.010765074,0.003812651,-2.734925638,-0.046891104,0.001038197,0.001177079,-0.003938701,-0.001443836,0.002032376,0.003350161,1.367462819,1.367462819
1786024528.130171061,75.350327844,0.000000000,NONE,0,0.050020674,0.000000000,-100.000000000,-1.000000000,-0.000745640,-100.008198165,-0.878713285,0.000745640,0.008198165,-0.121286715,0.000751463,0.012374998,-0.181926687,0.000148989,0.000071111,0.000001477,0.000602475,0.012303887,-0.181928164,0.005248069,0.002370155,-2.734984363,-0.046832725,0.001180506,-0.000231142,-0.001846770,-0.000777264,0.000661693,0.001962341,1.367492181,1.367492181
1786024528.180175781,75.400332514,0.000000000,NONE,0,0.049969763,0.000000000,-100.000000000,-1.000000000,-0.000739598,-100.008195538,-0.878713215,0.000739598,0.008195538,-0.121286785,0.000740115,0.012377306,-0.181926360,0.000153089,0.000075811,0.000002182,0.000587026,0.012301495,-0.181928542,0.005498881,0.002908291,-2.735005465,-0.046785475,0.001178271,0.000686968,-0.002273535,-0.000475906,0.000819389,0.001930051,1.367502732,1.367502732
1786024528.230112553,75.450269162,0.000000000,NONE,0,0.049996103,0.000000000,-100.000000000,-1.000000000,-0.000730432,-100.008191450,-0.878713090,0.000730432,0.008191450,-0.121286910,0.000702651,0.012370049,-0.181926691,0.000187058,0.000095330,0.000002940,0.000515593,0.012274719,-0.181929631,0.000103573,0.001107066,-2.735095932,-0.046725192,0.001188148,0.000437712,-0.000412088,0.000360301,-0.000141445,0.000193232,1.367547966,1.367547966
1786024528.280164003,75.500320711,0.000000000,NONE,0,0.050046206,0.000000000,-100.000000000,-1.000000000,-0.000720454,-100.008187005,-0.878712940,0.000720454,0.008187005,-0.121287060,0.000648128,0.012358228,-0.181927383,0.000196525,0.000100191,0.000003316,0.000451603,0.012258037,-0.181930699,-0.003577845,0.000592762,-2.735170284,-0.046665296,0.001201626,0.000182099,0.000700746,0.001088176,-0.000997127,-0.000791795,1.367585142,1.367585142
1786024528.330112696,75.550269483,0.000000000,NONE,0,0.049955197,0.000000000,-100.000000000,-1.000000000,-0.000710976,-100.008182329,-0.878712780,0.000710976,0.008182329,-0.121287220,0.000591094,0.012343015,-0.181928292,0.000178382,0.000103780,0.000003299,0.000412712,0.012239234,-0.181931591,-0.005404302,-0.000301545,-2.735229227,-0.046604941,0.001207923,-0.000053003,0.001439713,0.001262438,-0.001288940,-0.001413211,1.367614613,1.367614613
1786024528.380171299,75.600327839,0.000000000,NONE,0,0.050007359,0.000000000,-100.000000000,-1.000000000,-0.000702442,-100.008177446,-0.878712628,0.000702442,0.008177446,-0.121287372,0.000533198,0.012323730,-0.181929438,0.000157738,0.000105902,0.000002968,0.000375461,0.012217827,-0.181932407,-0.007599489,-0.001368609,-2.735284773,-0.046544489,0.001207432,-0.000229132,0.002299307,0.001500437,-0.001615003,-0.002184741,1.367642387,1.367642387
1786024528.430105925,75.650262630,0.000000000,NONE,0,0.049977196,0.000000000,-100.000000000,-1.000000000,-0.000695098,-100.008172562,-0.878712498,0.000695098,0.008172562,-0.121287502,0.000475766,0.012302226,-0.181930691,0.000131105,0.000102797,0.000002361,0.000344662,0.012199429,-0.181933052,-0.009312932,-0.002148249,-2.735326551,-0.046484243,0.001201757,-0.000345722,0.002951726,0.001704740,-0.001877601,-0.002778865,1.367663275,1.367663275
1786024528.480121374,75.700278018,0.000000000,NONE,0,0.050015178,0.000000000,-100.000000000,-1.000000000,-0.000689276,-100.008167885,-0.878712403,0.000689276,0.008167885,-0.121287597,0.000421620,0.012280548,-0.181931909,0.000098494,0.000095726,0.000001534,0.000323126,0.012184822,-0.181933442,-0.010413638,-0.002684738,-2.735348770,-0.046424415,0.001192567,-0.000396237,0.003373653,0.001833166,-0.002031284,-0.003175535,1.367674385,1.367674385
1786024528.530050278,75.750207063,0.000000000,NONE,0,0.049931051,0.000000000,-100.000000000,-1.000000000,-0.000685233,-100.008163571,-0.878712353,0.000685233,0.008163571,-0.121287647,0.000373676,0.012260512,-0.181932970,0.000061736,0.000085709,0.000000575,0.000311940,0.012174803,-0.181933545,-0.010872267,-0.002928156,-2.735350233,-0.046365124,0.001181651,-0.000400169,0.003550148,0.001885986,-0.002086070,-0.003350064,1.367675117,1.367675117
1786024528.580125809,75.800282237,0.000000000,NONE,0,0.050058261,0.000000000,-100.000000000,-1.000000000,-0.000683395,-100.008160460,-0.878712348,0.000683395,0.008160460,-0.121287652,0.000341631,0.012246772,-0.181933636,0.000030478,0.000076167,-0.000000216,0.000311153,0.012170605,-0.181933419,-0.010704506,-0.002784457,-2.735336820,-0.046318105,0.001172650,0.000565488,0.003230869,0.002121384,-0.001838640,-0.003513613,1.367668410,1.367668410
1786024528.630104542,75.850261279,0.000000000,NONE,0,0.050003396,0.000000000,-100.000000000,-1.000000000,-0.000682518,-100.008156970,-0.878712386,0.000682518,0.008156970,-0.121287614,0.000305038,0.012232020,-0.181934276,0.000000280,0.000066001,-0.000001154,0.000304758,0.012166019,-0.181933123,-0.011193874,-0.002790908,-2.735312645,-0.046259342,0.001182787,0.000389304,0.003398869,0.002198068,-0.002003415,-0.003593522,1.367656323,1.367656323
1786024528.680160284,75.900316777,0.000000000,NONE,0,0.050053746,0.000000000,-100.000000000,-1.000000000,-0.000683641,-100.008154011,-0.878712470,0.000683641,0.008154011,-0.121287530,0.000281642,0.012222661,-0.181934529,-0.000041792,0.000052907,-0.000001983,0.000323434,0.012169754,-0.181932546,-0.009564830,-0.002113438,-2.735266658,-0.046199788,0.001196814,0.000109681,0.002892147,0.001890268,-0.001835428,-0.002946987,1.367633329,1.367633329
1786024528.730337381,75.950493790,0.000000000,NONE,0,0.050012501,0.000000000,-100.000000000,-1.000000000,-0.000686766,-100.008151626,-0.878712589,0.000686766,0.008151626,-0.121287411,0.000275253,0.012219726,-0.181934343,-0.000080166,0.000041468,-0.000002603,0.000355419,0.012178258,-0.181931740,-0.007370613,-0.001208730,-2.735205672,-0.046140942,0.001202770,-0.000042284,0.002155407,0.001529900,-0.001551042,-0.002134265,1.367602836,1.367602836
1786024528.780146837,76.000303519,0.000000000,NONE,0,0.049951922,0.000000000,-100.000000000,-1.000000000,-0.000691784,-100.008149573,-0.878712740,0.000691784,0.008149573,-0.121287260,0.000285578,0.012223062,-0.181933713,-0.000111859,0.000033082,-0.000002973,0.000397438,0.012189980,-0.181930740,-0.004637651,-0.000130116,-2.735131780,-0.046079561,0.001202969,-0.000351237,0.001279751,0.001039075,-0.001214693,-0.001104132,1.367565890,1.367565890
1786024528.830183268,76.050339866,0.000000000,NONE,0,0.050045431,0.000000000,-100.000000000,-1.000000000,-0.000698123,-100.008147755,-0.878712896,0.000698123,0.008147755,-0.121287104,0.000313827,0.012230756,-0.181932786,-0.000136117,0.000029453,-0.000002974,0.000449944,0.012201303,-0.181929812,-0.001267217,0.000860583,-2.735068311,-0.046019623,0.001193934,-0.000449845,0.000214120,0.000419489,-0.000644411,0.000010803,1.367534156,1.367534156
1786024528.880119562,76.100276117,0.000000000,NONE,0,0.049939940,0.000000000,-100.000000000,-1.000000000,-0.000705808,-100.008145005,-0.878713043,0.000705808,0.008145005,-0.121286957,0.000367543,0.012225195,-0.181932629,-0.000160486,0.000051358,-0.000002652,0.000528029,0.012173837,-0.181929977,0.003947218,-0.001270069,-2.735101668,-0.045960314,0.001179360,-0.000458253,-0.000554724,-0.001418885,0.001189758,0.000783851,1.367550834,1.367550834
1786024528.930106878,76.150263618,0.000000000,NONE,0,0.049996260,0.000000000,-100.000000000,-1.000000000,-0.000712933,-100.008143036,-0.878713170,0.000712933,0.008143036,-0.121286830,0.000420521,0.012234979,-0.181931529,-0.000136833,0.000027786,-0.000002379,0.000557354,0.012207193,-0.181929150,0.004745596,0.002271940,-2.735023946,-0.045901755,0.001164966,-0.000409227,-0.001652077,-0.000720721,0.000516107,0.001856691,1.367511973,1.367511973
1786024528.980142593,76.200299167,0.000000000,NONE,0,0.049991759,0.000000000,-100.000000000,-1.000000000,-0.000719192,-100.008141474,-0.878713277,0.000719192,0.008141474,-0.121286723,0.000475283,0.012252730,-0.181929938,-0.000119655,0.000028000,-0.000001830,0.000594938,0.012224730,-0.181928108,0.007183161,0.003346694,-2.734946734,-0.045843933,0.001150382,-0.000305468,-0.002556097,-0.001035484,0.000882750,0.002708831,1.367473367,1.367473367
1786024529.030134201,76.250290807,0.000000000,NONE,0,0.050025252,0.000000000,-100.000000000,-1.000000000,-0.000724276,-100.008139438,-0.878713341,0.000724276,0.008139438,-0.121286659,0.000528811,0.012268678,-0.181928459,-0.000092941,0.000041327,-0.000000872,0.000621752,0.012227351,-0.181927587,0.008594253,0.003541264,-2.734920655,-0.045786820,0.001137720,-0.000166892,-0.002992156,-0.001304970,0.001221524,0.003075603,1.367460327,1.367460327
1786024529.080132961,76.300289450,0.000000000,NONE,0,0.049993732,0.000000000,-100.000000000,-1.000000000,-0.000727822,-100.008136733,-0.878713351,0.000727822,0.008136733,-0.121286649,0.000577871,0.012279941,-0.181927295,-0.000060802,0.000056795,0.000000269,0.000638674,0.012223146,-0.181927564,0.009430610,0.003479215,-2.734928983,-0.045730248,0.001128962,-0.000032646,-0.003219295,-0.001496011,0.001479687,0.003235618,1.367464491,1.367464491
1786024529.130214691,76.350371377,0.000000000,NONE,0,0.050025957,0.000000000,-100.000000000,-1.000000000,-0.000729637,-100.008133323,-0.878713304,0.000729637,0.008133323,-0.121286696,0.000619725,0.012285021,-0.181926558,-0.000025609,0.000072680,0.000001398,0.000645334,0.012212341,-0.181927957,0.009643457,0.003014076,-2.734964824,-0.045674001,0.001124290,0.000084116,-0.003185412,-0.001636317,0.001678374,0.003143354,1.367482412,1.367482412
1786024529.180145741,76.400302344,0.000000000,NONE,0,0.049969790,0.000000000,-100.000000000,-1.000000000,-0.000729630,-100.008129234,-0.878713205,0.000729630,0.008129234,-0.121286795,0.000651994,0.012283001,-0.181926319,0.000010510,0.000087388,0.000002371,0.000641484,0.012195613,-0.181928689,0.009220215,0.002192502,-2.735022906,-0.045617870,0.001123475,0.000160761,-0.002893369,-0.001716738,0.001797119,0.002812989,1.367511453,1.367511453
1786024529.230133772,76.450290356,0.000000000,NONE,0,0.050019632,0.000000000,-100.000000000,-1.000000000,-0.000727886,-100.008124674,-0.878713071,0.000727886,0.008124674,-0.121286929,0.000672707,0.012274046,-0.181926576,0.000040348,0.000089190,0.000002755,0.000632360,0.012184856,-0.181929330,0.008584511,0.001954663,-2.735065930,-0.045562800,0.001013025,0.001417747,-0.002989230,-0.001303025,0.002011899,0.002280357,1.367532965,1.367532965
1786024529.280328512,76.500484628,0.000000000,NONE,0,0.050074530,0.000000000,-100.000000000,-1.000000000,-0.000724791,-100.008120543,-0.878712942,0.000724791,0.008120543,-0.121287058,0.000672568,0.012260183,-0.181927261,0.000083002,0.000109905,0.000003430,0.000589566,0.012150278,-0.181930691,0.005359482,-0.000317274,-2.735175541,-0.045517192,0.001152591,0.000931913,-0.001493530,-0.001186211,0.001652167,0.001027574,1.367587771,1.367587771
1786024529.330201149,76.550357687,0.000000000,NONE,0,0.049928143,0.000000000,-100.000000000,-1.000000000,-0.000719737,-100.008115252,-0.878712771,0.000719737,0.008115252,-0.121287229,0.000662948,0.012240339,-0.181928313,0.000103813,0.000110174,0.000003476,0.000559135,0.012130164,-0.181931788,0.003792088,-0.000970867,-2.735247159,-0.045458543,0.001184186,0.000463387,-0.000821152,-0.001074892,0.001306586,0.000589459,1.367623579,1.367623579
1786024529.380148888,76.600305749,0.000000000,NONE,0,0.049971574,0.000000000,-100.000000000,-1.000000000,-0.000714015,-100.008110067,-0.878712612,0.000714015,0.008110067,-0.121287388,0.000646846,0.012218427,-0.181929510,0.000114719,0.000107896,0.000003073,0.000532127,0.012110531,-0.181932583,0.002252888,-0.001877337,-2.735296708,-0.045398763,0.001201062,0.000049509,-0.000106265,-0.001020179,0.001044934,0.000081510,1.367648354,1.367648354
1786024529.430125475,76.650282161,0.000000000,NONE,0,0.050012741,0.000000000,-100.000000000,-1.000000000,-0.000707965,-100.008105073,-0.878712482,0.000707965,0.008105073,-0.121287518,0.000626091,0.012194839,-0.181930807,0.000119110,0.000102817,0.000002395,0.000506981,0.012092022,-0.181933202,0.000793211,-0.002706843,-2.735336475,-0.045338522,0.001205497,-0.000279047,0.000548170,-0.000944775,0.000805252,-0.000408646,1.367668238,1.367668238
1786024529.480178118,76.700334862,0.000000000,NONE,0,0.050022258,0.000000000,-100.000000000,-1.000000000,-0.000701795,-100.008100257,-0.878712390,0.000701795,0.008100257,-0.121287610,0.000602399,0.012169103,-0.181932212,0.000128820,0.000105713,0.000001646,0.000473580,0.012063390,-0.181933858,-0.001365317,-0.004373370,-2.735383186,-0.045277179,0.001319857,-0.001800411,0.001884775,-0.001202116,0.000301910,-0.000984569,1.367691593,1.367691593
1786024529.530368805,76.750525342,0.000000000,NONE,0,0.050209711,0.000000000,-100.000000000,-1.000000000,-0.000696790,-100.008096566,-0.878712351,0.000696790,0.008096566,-0.121287649,0.000590588,0.012154376,-0.181932882,0.000092354,0.000070237,0.000000378,0.000498234,0.012084139,-0.181933260,0.001284528,-0.001866812,-2.735316252,-0.045218318,0.001156380,-0.000333693,0.000228994,-0.000871258,0.000704412,-0.000062148,1.367658126,1.367658126
1786024529.580092669,76.800249410,0.000000000,NONE,0,0.049741514,0.000000000,-100.000000000,-1.000000000,-0.000691162,-100.008092971,-0.878712362,0.000691162,0.008092971,-0.121287638,0.000560783,0.012132654,-0.181934001,0.000113315,0.000075123,-0.000000523,0.000447468,0.012057531,-0.181933478,-0.003263556,-0.004152029,-2.735347852,-0.045161253,0.001137624,-0.000218565,0.001908538,-0.000276760,0.000167477,-0.001799255,1.367673926,1.367673926
1786024529.630194902,76.850351478,0.000000000,NONE,0,0.050079795,0.000000000,-100.000000000,-1.000000000,-0.000685333,-100.008090406,-0.878712417,0.000685333,0.008090406,-0.121287583,0.000520500,0.012123677,-0.181934330,0.000110281,0.000048083,-0.000001478,0.000410218,0.012075595,-0.181932851,-0.005213562,-0.001886893,-2.735287071,-0.045104613,0.001131679,-0.000172634,0.001818273,0.000788509,-0.000874826,-0.001731955,1.367643535,1.367643535
1786024529.680126429,76.900283101,0.000000000,NONE,0,0.049940982,0.000000000,-100.000000000,-1.000000000,-0.000680110,-100.008088471,-0.878712515,0.000680110,0.008088471,-0.121287485,0.000476432,0.012119900,-0.181934318,0.000095487,0.000039762,-0.000002224,0.000380945,0.012080138,-0.181932094,-0.006804921,-0.001589344,-2.735231399,-0.045048231,0.001126698,-0.000133926,0.002132048,0.001270413,-0.001337376,-0.002065085,1.367615699,1.367615699
1786024529.730104208,76.950260852,0.000000000,NONE,0,0.049979008,0.000000000,-100.000000000,-1.000000000,-0.000675904,-100.008086922,-0.878712640,0.000675904,0.008086922,-0.121287360,0.000433034,0.012121569,-0.181933938,0.000072959,0.000031317,-0.000002676,0.000360075,0.012090253,-0.181931262,-0.007881423,-0.000565882,-2.735171657,-0.044992076,0.001122496,-0.000086922,0.002133557,0.001807155,-0.001850616,-0.002090096,1.367585829,1.367585829
1786024529.780117989,77.000274773,0.000000000,NONE,0,0.050011162,0.000000000,-100.000000000,-1.000000000,-0.000673461,-100.008085882,-0.878712749,0.000673461,0.008085882,-0.121287251,0.000400943,0.012126655,-0.181933383,0.000051350,0.000027373,-0.000002791,0.000349593,0.012099283,-0.181930592,-0.008294856,0.000266111,-2.735128051,-0.044947280,0.001119784,0.000852218,0.001794132,0.002353297,-0.001927187,-0.002220241,1.367564026,1.367564026
1786024529.830107927,77.050264578,0.000000000,NONE,0,0.049998591,0.000000000,-100.000000000,-1.000000000,-0.000671334,-100.008084690,-0.878712887,0.000671334,0.008084690,-0.121287113,0.000360030,0.012136957,-0.181932439,0.000031331,0.000025259,-0.000002728,0.000328698,0.012111698,-0.181929711,-0.009750135,0.001400746,-2.735062143,-0.044890963,0.001136415,0.000669545,0.001919961,0.002955106,-0.002620334,-0.002254733,1.367531071,1.367531071
1786024529.880126238,77.100282770,0.000000000,NONE,0,0.050016391,0.000000000,-100.000000000,-1.000000000,-0.000670796,-100.008083414,-0.878713014,0.000670796,0.008083414,-0.121286986,0.000328530,0.012150248,-0.181931289,-0.000004983,0.000027440,-0.000002364,0.000333512,0.012122808,-0.181928925,-0.008939848,0.002369046,-2.735009049,-0.044833519,0.001156659,0.000356387,0.001553604,0.002916320,-0.002738127,-0.001731797,1.367504524,1.367504524
1786024529.930128574,77.150285318,0.000000000,NONE,0,0.049997254,0.000000000,-100.000000000,-1.000000000,-0.000672060,-100.008081817,-0.878713113,0.000672060,0.008081817,-0.121286887,0.000311376,0.012163775,-0.181930117,-0.000040508,0.000034717,-0.000001725,0.000351883,0.012129058,-0.181928392,-0.007558108,0.002975286,-2.734976801,-0.044776476,0.001167533,0.000161592,0.001105308,0.002673747,-0.002592951,-0.001186104,1.367488401,1.367488401
1786024529.980296135,77.200452820,0.000000000,NONE,0,0.049991166,0.000000000,-100.000000000,-1.000000000,-0.000674960,-100.008079627,-0.878713178,0.000674960,0.008079627,-0.121286822,0.000308135,0.012175666,-0.181929035,-0.000071455,0.000045897,-0.000000889,0.000379590,0.012129769,-0.181928147,-0.005699562,0.003232560,-2.734965380,-0.044717950,0.001171343,-0.000087552,0.000638638,0.002211142,-0.002254919,-0.000594862,1.367482690,1.367482690
1786024530.030131817,77.250288484,0.000000000,NONE,0,0.050015379,0.000000000,-100.000000000,-1.000000000,-0.000679253,-100.008076693,-0.878713199,0.000679253,0.008076693,-0.121286801,0.000320244,0.012182802,-0.181928248,-0.000097501,0.000060432,0.000000030,0.000417745,0.012122370,-0.181928278,-0.003190780,0.002942916,-2.734982052,-0.044659460,0.001167688,-0.000262879,0.000127686,0.001467704,-0.001599144,0.000003754,1.367491026,1.367491026
1786024530.080089092,77.300245701,0.000000000,NONE,0,0.049948979,0.000000000,-100.000000000,-1.000000000,-0.000685055,-100.008072172,-0.878713176,0.000685055,0.008072172,-0.121286824,0.000354766,0.012171005,-0.181928605,-0.000124904,0.000091916,0.000000905,0.000479670,0.012079088,-0.181929511,0.001014711,-0.000092923,-2.735090442,-0.044600204,0.001157965,-0.000450716,-0.000117768,-0.000389588,0.000164230,0.000343126,1.367545221,1.367545221
1786024530.130126238,77.350282877,0.000000000,NONE,0,0.050057531,0.000000000,-100.000000000,-1.000000000,-0.000691149,-100.008067948,-0.878713121,0.000691149,0.008067948,-0.121286879,0.000399545,0.012166613,-0.181928518,-0.000124280,0.000077910,0.000001302,0.000523825,0.012088703,-0.181929820,0.003321041,0.001836914,-2.735093611,-0.044542742,0.001144022,-0.000448842,-0.001177278,-0.000483242,0.000258821,0.001401699,1.367546805,1.367546805
1786024530.180299997,77.400456613,0.000000000,NONE,0,0.050018736,0.000000000,-100.000000000,-1.000000000,-0.000696682,-100.008063863,-0.878713051,0.000696682,0.008063863,-0.121286949,0.000445835,0.012164468,-0.181928300,-0.000109058,0.000079593,0.000001587,0.000554893,0.012084875,-0.181929887,0.004939893,0.001636916,-2.735093464,-0.044486038,0.001128508,-0.000379732,-0.001549269,-0.000920677,0.000730811,0.001739135,1.367546732,1.367546732
1786024530.230196714,77.450353320,0.000000000,NONE,0,0.050022180,0.000000000,-100.000000000,-1.000000000,-0.000701314,-100.008059288,-0.878712965,0.000701314,0.008059288,-0.121287035,0.000491712,0.012155781,-0.181928475,-0.000089327,0.000090755,0.000001873,0.000581039,0.012065026,-0.181930348,0.006426841,0.000411218,-2.735133563,-0.044430074,0.001114639,-0.000273222,-0.001641209,-0.001572211,0.001435600,0.001777820,1.367566781,1.367566781
1786024530.280132532,77.500289352,0.000000000,NONE,0,0.049959370,0.000000000,-100.000000000,-1.000000000,-0.000704809,-100.008054391,-0.878712868,0.000704809,0.008054391,-0.121287132,0.000535210,0.012141504,-0.181928993,-0.000064857,0.000096149,0.000001986,0.000600067,0.012045355,-0.181930980,0.007443776,-0.000491599,-2.735181213,-0.044374684,0.001104649,-0.000170638,-0.001695385,-0.002026503,0.001941184,0.001780704,1.367590606,1.367590606
1786024530.330146074,77.550302751,0.000000000,NONE,0,0.049993087,0.000000000,-100.000000000,-1.000000000,-0.000706657,-100.008050438,-0.878712791,0.000706657,0.008050438,-0.121287209,0.000566829,0.012127628,-0.181929562,-0.000042429,0.000096540,0.000001894,0.000609258,0.012031089,-0.181931456,0.007815144,-0.000964297,-2.735211471,-0.044330648,0.001099611,0.000789312,-0.001910040,-0.001997532,0.002392188,0.001515384,1.367605736,1.367605736
1786024530.380116224,77.600272764,0.000000000,NONE,0,0.049975419,0.000000000,-100.000000000,-1.000000000,-0.000707317,-100.008045674,-0.878712703,0.000707317,0.008045674,-0.121287297,0.000593968,0.012109466,-0.181930348,-0.000004273,0.000093338,0.000001640,0.000598241,0.012016128,-0.181931988,0.006766227,-0.001609338,-2.735249791,-0.044275343,0.001115337,0.000633001,-0.001447473,-0.001935641,0.002252142,0.001130972,1.367624895,1.367624895
1786024530.430114031,77.650270715,0.000000000,NONE,0,0.050013029,0.000000000,-100.000000000,-1.000000000,-0.000706619,-100.008041288,-0.878712635,0.000706619,0.008041288,-0.121287365,0.000613115,0.012091982,-0.181931108,0.000019749,0.000087699,0.000001212,0.000593366,0.012004283,-0.181932320,0.006612692,-0.001989819,-2.735268997,-0.044220082,0.001135338,0.000435327,-0.001264550,-0.002041796,0.002259460,0.001046887,1.367634498,1.367634498
1786024530.480153561,77.700310308,0.000000000,NONE,0,0.050017894,0.000000000,-100.000000000,-1.000000000,-0.000704809,-100.008037186,-0.878712591,0.000704809,0.008037186,-0.121287409,0.000626652,0.012075261,-0.181931814,0.000041870,0.000080456,0.000000655,0.000584782,0.011994806,-0.181932469,0.006038944,-0.002242034,-2.735275832,-0.044162835,0.001150327,0.000123526,-0.000980109,-0.002039363,0.002101126,0.000918346,1.367637916,1.367637916
1786024530.530163527,77.750319837,0.000000000,NONE,0,0.049976793,0.000000000,-100.000000000,-1.000000000,-0.000702002,-100.008033513,-0.878712577,0.000702002,0.008033513,-0.121287423,0.000634308,0.012060399,-0.181932404,0.000061029,0.000072282,0.000000050,0.000573279,0.011988117,-0.181932455,0.005304967,-0.002315621,-2.735271528,-0.044105059,0.001157239,-0.000159233,-0.000707528,-0.001944955,0.001865339,0.000787145,1.367635764,1.367635764
1786024530.580131292,77.800287849,0.000000000,NONE,0,0.049997894,0.000000000,-100.000000000,-1.000000000,-0.000698345,-100.008030296,-0.878712595,0.000698345,0.008030296,-0.121287405,0.000636129,0.012047984,-0.181932843,0.000077521,0.000063633,-0.000000549,0.000558608,0.011984351,-0.181932294,0.004375523,-0.002206383,-2.735257381,-0.044047219,0.001155031,-0.000359832,-0.000452327,-0.001735434,0.001555519,0.000632243,1.367628690,1.367628690
1786024530.630108833,77.850265518,0.000000000,NONE,0,0.049998976,0.000000000,-100.000000000,-1.000000000,-0.000693966,-100.008027534,-0.878712641,0.000693966,0.008027534,-0.121287359,0.000631650,0.012038526,-0.181933104,0.000091143,0.000055191,-0.000001090,0.000540506,0.011983335,-0.181932013,0.003234056,-0.001930238,-2.735235319,-0.043989711,0.001145977,-0.000471073,-0.000208186,-0.001408842,0.001173305,0.000443723,1.367617659,1.367617659
1786024530.680134058,77.900290816,0.000000000,NONE,0,0.050019922,0.000000000,-100.000000000,-1.000000000,-0.000689047,-100.008025160,-0.878712712,0.000689047,0.008025160,-0.121287288,0.000621106,0.012031774,-0.181933203,0.000100706,0.000048294,-0.000001530,0.000520400,0.011983480,-0.181931673,0.002000126,-0.001611057,-2.735210271,-0.043932799,0.001132758,-0.000496765,0.000026924,-0.001026987,0.000778604,0.000221459,1.367605136,1.367605136
1786024530.730124235,77.950280829,0.000000000,NONE,0,0.049995506,0.000000000,-100.000000000,-1.000000000,-0.000684206,-100.008022301,-0.878712800,0.000684206,0.008022301,-0.121287200,0.000612981,0.012013706,-0.181933967,0.000096058,0.000059810,-0.000001847,0.000516924,0.011953896,-0.181932119,0.002136438,-0.003715216,-2.735257300,-0.043876602,0.001118028,-0.000457952,0.000509182,-0.001577401,0.001348425,-0.000280207,1.367628650,1.367628650
1786024530.780252934,78.000409684,0.000000000,NONE,0,0.050026393,0.000000000,-100.000000000,-1.000000000,-0.000678328,-100.008020943,-0.878712912,0.000678328,0.008020943,-0.121287088,0.000585502,0.012018288,-0.181933403,0.000118758,0.000022769,-0.000002344,0.000466744,0.011995519,-0.181931059,-0.001797751,0.000514456,-2.735152943,-0.043820023,0.001104837,-0.000468077,0.000437843,0.000461033,-0.000695071,-0.000203804,1.367576471,1.367576471
1786024530.830052614,78.050209336,0.000000000,NONE,0,0.049896036,0.000000000,-100.000000000,-1.000000000,-0.000672579,-100.008020251,-0.878713035,0.000672579,0.008020251,-0.121286965,0.000552966,0.012032261,-0.181932280,0.000111833,0.000018602,-0.000002411,0.000441133,0.012013660,-0.181929869,-0.002835410,0.001459866,-2.735067010,-0.043765258,0.001089648,-0.000329910,0.000426364,0.000991341,-0.001156297,-0.000261408,1.367533505,1.367533505
1786024530.880129576,78.100286236,0.000000000,NONE,0,0.050078812,0.000000000,-100.000000000,-1.000000000,-0.000668088,-100.008019634,-0.878713126,0.000668088,0.008019634,-0.121286874,0.000520975,0.012045764,-0.181931246,0.000108644,0.000021454,-0.000002122,0.000412331,0.012024310,-0.181929124,-0.004616686,0.002274019,-2.735023802,-0.043721946,0.001079679,0.000683870,0.000414699,0.001893644,-0.001551709,-0.000756634,1.367511901,1.367511901
1786024530.930122614,78.150279221,0.000000000,NONE,0,0.049989444,0.000000000,-100.000000000,-1.000000000,-0.000662333,-100.008018954,-0.878713216,0.000662333,0.008018954,-0.121286784,0.000466814,0.012069588,-0.181929564,0.000110922,0.000020391,-0.000001543,0.000355892,0.012049197,-0.181928021,-0.008550565,0.004397537,-2.734939386,-0.043667804,0.001089807,0.000617113,0.000883979,0.003391304,-0.003082747,-0.001192536,1.367469693,1.367469693
1786024530.980712175,78.200868829,0.000000000,NONE,0,0.050565000,0.000000000,-100.000000000,-1.000000000,-0.000657600,-100.008017674,-0.878713267,0.000657600,0.008017674,-0.121286733,0.000414385,0.012091483,-0.181927995,0.000080697,0.000036860,-0.000000601,0.000333688,0.012054623,-0.181927394,-0.009186700,0.004677871,-2.734905228,-0.043612791,0.001105683,0.000467845,0.001010246,0.003583104,-0.003349181,-0.001244168,1.367452614,1.367452614
1786024531.030119896,78.250276659,0.000000000,NONE,0,0.049436185,0.000000000,-100.000000000,-1.000000000,-0.000654999,-100.008015902,-0.878713267,0.000654999,0.008015902,-0.121286733,0.000378123,0.012104383,-0.181927019,0.000052749,0.000053158,0.000000352,0.000325374,0.012051225,-0.181927372,-0.009407893,0.004619760,-2.734915549,-0.043568277,0.001114926,0.001121982,0.000916538,0.003787409,-0.003226417,-0.001477529,1.367457775,1.367457775
1786024531.080190659,78.300347218,0.000000000,NONE,0,0.050001851,0.000000000,-100.000000000,-1.000000000,-0.000652951,-100.008012855,-0.878713213,0.000652951,0.008012855,-0.121286787,0.000335401,0.012115883,-0.181926100,0.000025681,0.000070391,0.000001558,0.000309719,0.012045492,-0.181927658,-0.010485812,0.004552271,-2.734941785,-0.043511794,0.001140072,0.000703226,0.001307579,0.003935327,-0.003583714,-0.001659192,1.367470892,1.367470892
1786024531.130194902,78.350351570,0.000000000,NONE,0,0.050003875,0.000000000,-100.000000000,-1.000000000,-0.000652811,-100.008008586,-0.878713104,0.000652811,0.008008586,-0.121286896,0.000306698,0.012116308,-0.181925862,-0.000016770,0.000094133,0.000002645,0.000323468,0.012022175,-0.181928508,-0.009065652,0.003103044,-2.735012525,-0.043454075,0.001160192,0.000230275,0.001433083,0.003099743,-0.002984605,-0.001548221,1.367506262,1.367506262
1786024531.180125952,78.400282704,0.000000000,NONE,0,0.050000772,0.000000000,-100.000000000,-1.000000000,-0.000654664,-100.008003177,-0.878712951,0.000654664,0.008003177,-0.121287049,0.000295111,0.012104857,-0.181926352,-0.000055447,0.000113035,0.000003412,0.000350558,0.011991821,-0.181929764,-0.007164965,0.001419565,-2.735108582,-0.043395786,0.001166805,-0.000159330,0.001476183,0.002106300,-0.002185965,-0.001396518,1.367554291,1.367554291
1786024531.230171680,78.450328336,0.000000000,NONE,0,0.049997309,0.000000000,-100.000000000,-1.000000000,-0.000658213,-100.007996979,-0.878712775,0.000658213,0.007996979,-0.121287225,0.000300663,0.012083345,-0.181927452,-0.000087284,0.000124577,0.000003712,0.000387947,0.011958768,-0.181931164,-0.004705751,-0.000358571,-2.735209499,-0.043337547,0.001162086,-0.000437724,0.001375512,0.000977364,-0.001196226,-0.001156650,1.367604749,1.367604749
1786024531.280080795,78.500237440,0.000000000,NONE,0,0.049982884,0.000000000,-100.000000000,-1.000000000,-0.000663101,-100.007990483,-0.878712602,0.000663101,0.007990483,-0.121287398,0.000323128,0.012055786,-0.181928900,-0.000110314,0.000126698,0.000003473,0.000433442,0.011929088,-0.181932373,-0.001802178,-0.001824896,-2.735290332,-0.043279863,0.001148437,-0.000589494,0.001054142,-0.000153053,-0.000141694,-0.000759395,1.367645166,1.367645166
1786024531.330147028,78.550303673,0.000000000,NONE,0,0.050028284,0.000000000,-100.000000000,-1.000000000,-0.000669701,-100.007985443,-0.878712453,0.000669701,0.007985443,-0.121287547,0.000374734,0.012050132,-0.181928956,-0.000139842,0.000092177,0.000002817,0.000514575,0.011957955,-0.181931772,0.003791980,0.001366611,-2.735212059,-0.043222992,0.001131395,-0.000644009,-0.001128646,-0.000767344,0.000445340,0.001450650,1.367606029,1.367606029
1786024531.380083084,78.600239851,0.000000000,NONE,0,0.049967009,0.000000000,-100.000000000,-1.000000000,-0.000675384,-100.007979129,-0.878712328,0.000675384,0.007979129,-0.121287672,0.000419890,0.012017455,-0.181930629,-0.000112741,0.000125538,0.000002435,0.000532631,0.011891917,-0.181933064,0.003629921,-0.004257437,-2.735340322,-0.043167064,0.001110619,-0.000596620,0.000306034,-0.002120994,0.001822684,-0.000007724,1.367670161,1.367670161
1786024531.430133581,78.650290161,0.000000000,NONE,0,0.050050330,0.000000000,-100.000000000,-1.000000000,-0.000680639,-100.007971896,-0.878712233,0.000680639,0.007971896,-0.121287767,0.000473478,0.011963334,-0.181933538,-0.000106314,0.000134334,0.000001547,0.000579792,0.011829001,-0.181935085,0.007057304,-0.007771220,-2.735496350,-0.043112052,0.001093470,-0.000510559,0.000306119,-0.003834771,0.003579491,-0.000050839,1.367748175,1.367748175
1786024531.480104446,78.700261093,0.000000000,NONE,0,0.049960966,0.000000000,-100.000000000,-1.000000000,-0.000684776,-100.007966077,-0.878712202,0.000684776,0.007966077,-0.121287798,0.000523089,0.011918198,-0.181935873,-0.000077322,0.000099939,-0.000000090,0.000600411,0.011818259,-0.181935783,0.007782257,-0.007160985,-2.735518792,-0.043057700,0.001081204,-0.000433648,-0.000046906,-0.003844222,0.003627399,0.000263730,1.367759396,1.367759396
1786024531.530199766,78.750356443,0.000000000,NONE,0,0.050021458,0.000000000,-100.000000000,-1.000000000,-0.000687582,-100.007961939,-0.878712259,0.000687582,0.007961939,-0.121287741,0.000568316,0.011884381,-0.181937481,-0.000048305,0.000067738,-0.000001914,0.000616621,0.011816643,-0.181935567,0.008683954,-0.006841398,-2.735485367,-0.043003846,0.001071325,-0.000340928,-0.000375407,-0.003966570,0.003796106,0.000545871,1.367742683,1.367742683
1786024531.580076694,78.800233435,0.000000000,NONE,0,0.049965947,0.000000000,-100.000000000,-1.000000000,-0.000688724,-100.007959826,-0.878712404,0.000688724,0.007959826,-0.121287596,0.000602833,0.011870856,-0.181937836,-0.000011815,0.000028462,-0.000003597,0.000614648,0.011842394,-0.181934239,0.008219353,-0.004477382,-2.735370158,-0.042950409,0.001064101,-0.000251518,-0.000872613,-0.003237063,0.003111304,0.000998372,1.367685079,1.367685079
1786024531.630091190,78.850247949,0.000000000,NONE,0,0.050014636,0.000000000,-100.000000000,-1.000000000,-0.000688284,-100.007959285,-0.878712619,0.000688284,0.007959285,-0.121287381,0.000627205,0.011874088,-0.181937163,0.000020342,0.000002021,-0.000004743,0.000606863,0.011872066,-0.181932420,0.007652622,-0.002316373,-2.735232991,-0.042897304,0.001058354,-0.000151441,-0.001296202,-0.002530109,0.002454388,0.001371923,1.367616495,1.367616495
1786024531.680090666,78.900247283,0.000000000,NONE,0,0.049996690,0.000000000,-100.000000000,-1.000000000,-0.000686374,-100.007959798,-0.878712873,0.000686374,0.007959798,-0.121287127,0.000640817,0.011891184,-0.181935652,0.000049840,-0.000014305,-0.000005216,0.000590977,0.011905489,-0.181930436,0.006553052,0.000092907,-2.735090804,-0.042844468,0.001054313,-0.000053796,-0.001648041,-0.001628485,0.001601587,0.001674939,1.367545402,1.367545402
1786024531.730101109,78.950257524,0.000000000,NONE,0,0.050013269,0.000000000,-100.000000000,-1.000000000,-0.000683128,-100.007960859,-0.878713131,0.000683128,0.007960859,-0.121286869,0.000643096,0.011918813,-0.181933526,0.000075450,-0.000020007,-0.000004983,0.000567647,0.011938820,-0.181928543,0.005018763,0.002439689,-2.734960143,-0.042791820,0.001051689,0.000040969,-0.001874855,-0.000634526,0.000655011,0.001854371,1.367480072,1.367480072
1786024531.780118465,79.000275277,0.000000000,NONE,0,0.049998284,0.000000000,-100.000000000,-1.000000000,-0.000678746,-100.007961905,-0.878713359,0.000678746,0.007961905,-0.121286641,0.000633857,0.011952327,-0.181931085,0.000095939,-0.000014527,-0.000004093,0.000537918,0.011966854,-0.181926992,0.003119812,0.004376458,-2.734858445,-0.042739281,0.001050399,0.000124489,-0.001905190,0.000345284,-0.000283040,0.001842945,1.367429222,1.367429222
1786024531.830103397,79.050259958,0.000000000,NONE,0,0.049992618,0.000000000,-100.000000000,-1.000000000,-0.000673488,-100.007962373,-0.878713525,0.000673488,0.007962373,-0.121286475,0.000613397,0.011986094,-0.181928685,0.000110235,0.000001442,-0.000002680,0.000503163,0.011984652,-0.181926005,0.000945264,0.005601088,-2.734800633,-0.042686765,0.001050401,0.000191280,-0.001684408,0.001211776,-0.001116136,0.001588768,1.367400317,1.367400317
1786024531.880097389,79.100254012,0.000000000,NONE,0,0.049972163,0.000000000,-100.000000000,-1.000000000,-0.000667788,-100.007961985,-0.878713612,0.000667788,0.007961985,-0.121286388,0.000584601,0.012017985,-0.181926461,0.000115172,0.000021508,-0.000000955,0.000469429,0.011996477,-0.181925507,-0.001048518,0.006549608,-2.734775492,-0.042634194,0.001051610,0.000234533,-0.001433906,0.001958165,-0.001840898,0.001316639,1.367387746,1.367387746
1786024531.930171490,79.150328055,0.000000000,NONE,0,0.050057241,0.000000000,-100.000000000,-1.000000000,-0.000661999,-100.007960399,-0.878713607,0.000661999,0.007960399,-0.121286393,0.000549339,0.012043271,-0.181924703,0.000112990,0.000047678,0.000000914,0.000436349,0.011995593,-0.181925617,-0.003010103,0.006589111,-2.734795352,-0.042581509,0.001053552,0.000263328,-0.000960584,0.002465636,-0.002333972,0.000828920,1.367397676,1.367397676
1786024531.980105877,79.200262624,0.000000000,NONE,0,0.049963402,0.000000000,-100.000000000,-1.000000000,-0.000656465,-100.007957433,-0.878713510,0.000656465,0.007957433,-0.121286490,0.000509816,0.012058714,-0.181923603,0.000103863,0.000075655,0.000002707,0.000405952,0.011983059,-0.181926310,-0.004773285,0.005931694,-2.734855569,-0.042528670,0.001056341,0.000258084,-0.000354123,0.002740766,-0.002611724,0.000225081,1.367427784,1.367427784
1786024532.030078173,79.250234764,0.000000000,NONE,0,0.049955689,0.000000000,-100.000000000,-1.000000000,-0.000651490,-100.007953154,-0.878713331,0.000651490,0.007953154,-0.121286669,0.000468012,0.012063578,-0.181923199,0.000088995,0.000100834,0.000004220,0.000379017,0.011962745,-0.181927419,-0.006312724,0.004864863,-2.734941569,-0.042475656,0.001059447,0.000229681,0.000304545,0.002851817,-0.002736976,-0.000419386,1.367470785,1.367470785
1786024532.080108881,79.300265394,0.000000000,NONE,0,0.050048493,0.000000000,-100.000000000,-1.000000000,-0.000647489,-100.007947478,-0.878713090,0.000647489,0.007947478,-0.121286910,0.000428779,0.012053510,-0.181923736,0.000066050,0.000126546,0.000005314,0.000362729,0.011926964,-0.181929050,-0.007068836,0.002689606,-2.735066099,-0.042422485,0.001062491,0.000191898,0.001046833,0.002487585,-0.002391636,-0.001142782,1.367533050,1.367533050
1786024532.130070925,79.350227611,0.000000000,NONE,0,0.049968040,0.000000000,-100.000000000,-1.000000000,-0.000644720,-100.007940618,-0.878712811,0.000644720,0.007940618,-0.121287189,0.000395356,0.012027918,-0.181925228,0.000039268,0.000145791,0.000005803,0.000356089,0.011882127,-0.181931030,-0.007267126,0.000066649,-2.735211732,-0.042369173,0.001065825,0.000127869,0.001768152,0.001865411,-0.001801476,-0.001832087,1.367605866,1.367605866
1786024532.180127144,79.400283864,0.000000000,NONE,0,0.050051325,0.000000000,-100.000000000,-1.000000000,-0.000643453,-100.007934652,-0.878712584,0.000643453,0.007934652,-0.121287416,0.000373867,0.011998925,-0.181926932,0.000017432,0.000151911,0.000005634,0.000356434,0.011847015,-0.181932566,-0.007098462,-0.001601156,-2.735310297,-0.042326429,0.001068330,0.000920281,0.001944834,0.001604397,-0.001144256,-0.002404975,1.367655148,1.367655148
1786024532.230112314,79.450268817,0.000000000,NONE,0,0.049983802,0.000000000,-100.000000000,-1.000000000,-0.000642650,-100.007926989,-0.878712323,0.000642650,0.007926989,-0.121287677,0.000347314,0.011954324,-0.181929555,0.000000462,0.000153019,0.000004942,0.000346852,0.011801305,-0.181934496,-0.007864227,-0.004343595,-2.735453361,-0.042272403,0.001090779,0.000599558,0.002902066,0.001030047,-0.000730269,-0.003201845,1.367726681,1.367726681
1786024532.280115366,79.500271979,0.000000000,NONE,0,0.050003433,0.000000000,-100.000000000,-1.000000000,-0.000643285,-100.007919557,-0.878712115,0.000643285,0.007919557,-0.121287885,0.000331851,0.011905119,-0.181932398,-0.000030796,0.000142172,0.000003571,0.000362647,0.011762947,-0.181935969,-0.006400389,-0.006293507,-2.735547292,-0.042217168,0.001112634,0.000184222,0.003127418,0.000072776,0.000019335,-0.003219529,1.367773646,1.367773646
1786024532.330079556,79.550236052,0.000000000,NONE,0,0.049929532,0.000000000,-100.000000000,-1.000000000,-0.000645035,-100.007912323,-0.878711992,0.000645035,0.007912323,-0.121288008,0.000323184,0.011845789,-0.181935777,-0.000049845,0.000134905,0.000001678,0.000373029,0.011710884,-0.181937455,-0.005876391,-0.009508480,-2.735651576,-0.042161169,0.001123714,-0.000196350,0.003895305,-0.000957110,0.000858935,-0.003797130,1.367825788,1.367825788
1786024532.380088806,79.600245562,0.000000000,NONE,0,0.050056560,0.000000000,-100.000000000,-1.000000000,-0.000648655,-100.007907389,-0.878711979,0.000648655,0.007907389,-0.121288021,0.000337097,0.011810376,-0.181937619,-0.000086975,0.000077490,-0.000000721,0.000424072,0.011732886,-0.181936898,-0.001990939,-0.006476620,-2.735571783,-0.042104896,0.001124842,-0.000494217,0.002240444,-0.001244975,0.000997866,-0.001993336,1.367785892,1.367785892
1786024532.430115700,79.650272155,0.000000000,NONE,0,0.050015076,0.000000000,-100.000000000,-1.000000000,-0.000653414,-100.007904304,-0.878712085,0.000653414,0.007904304,-0.121287915,0.000365793,0.011789894,-0.181938471,-0.000101290,0.000045811,-0.000002913,0.000467083,0.011744082,-0.181935558,0.000442568,-0.005763854,-2.735462299,-0.042048839,0.001115361,-0.000677786,0.001499768,-0.001721052,0.001382159,-0.001160875,1.367731150,1.367731150
1786024532.480112076,79.700268798,0.000000000,NONE,0,0.049994631,0.000000000,-100.000000000,-1.000000000,-0.000658569,-100.007902542,-0.878712285,0.000658569,0.007902542,-0.121287715,0.000404642,0.011781391,-0.181938509,-0.000104368,0.000020155,-0.000004588,0.000509010,0.011761236,-0.181933921,0.002951048,-0.004336760,-2.735341689,-0.041993453,0.001098761,-0.000743801,0.000532378,-0.002007902,0.001636002,-0.000160478,1.367670845,1.367670845
1786024532.530130625,79.750287328,0.000000000,NONE,0,0.050010780,0.000000000,-100.000000000,-1.000000000,-0.000663773,-100.007901630,-0.878712550,0.000663773,0.007901630,-0.121287450,0.000453049,0.011779467,-0.181938074,-0.000101291,0.000005922,-0.000005673,0.000554340,0.011773545,-0.181932401,0.005754455,-0.003404261,-2.735237726,-0.041938981,0.001078621,-0.000705347,-0.000411212,-0.002466016,0.002113342,0.000763885,1.367618863,1.367618863
1786024532.580082655,79.800239254,0.000000000,NONE,0,0.049977416,0.000000000,-100.000000000,-1.000000000,-0.000668185,-100.007901920,-0.878712853,0.000668185,0.007901920,-0.121287147,0.000500858,0.011793345,-0.181936660,-0.000079301,-0.000017432,-0.000006216,0.000580159,0.011810777,-0.181930445,0.006930456,-0.000351311,-2.735091976,-0.041885538,0.001058391,-0.000591793,-0.001496838,-0.001968390,0.001672493,0.001792735,1.367545988,1.367545988
1786024532.630109072,79.850265908,0.000000000,NONE,0,0.050010437,0.000000000,-100.000000000,-1.000000000,-0.000671340,-100.007903224,-0.878713163,0.000671340,0.007903224,-0.121286837,0.000543649,0.011823663,-0.181934259,-0.000051537,-0.000031873,-0.000006068,0.000595186,0.011855536,-0.181928191,0.007632958,0.002835608,-2.734928299,-0.041833100,0.001039605,-0.000414793,-0.002513443,-0.001303036,0.001095639,0.002720840,1.367464150,1.367464150
1786024532.680084944,79.900241567,0.000000000,NONE,0,0.049994884,0.000000000,-100.000000000,-1.000000000,-0.000673092,-100.007904738,-0.878713441,0.000673092,0.007904738,-0.121286559,0.000579986,0.011863148,-0.181931322,-0.000022463,-0.000028903,-0.000005115,0.000602449,0.011892051,-0.181926207,0.007930564,0.005230759,-2.734794808,-0.041781560,0.001023858,-0.000202805,-0.003239630,-0.000725653,0.000624250,0.003341032,1.367397404,1.367397404
1786024532.730086327,79.950243000,0.000000000,NONE,0,0.050002941,0.000000000,-100.000000000,-1.000000000,-0.000673314,-100.007905726,-0.878713649,0.000673314,0.007905726,-0.121286351,0.000607656,0.011904593,-0.181928310,0.000008182,-0.000012412,-0.000003457,0.000599474,0.011917005,-0.181924853,0.007563826,0.006870069,-2.734712615,-0.041730715,0.001012727,0.000014205,-0.003612025,-0.000169888,0.000176990,0.003604923,1.367356307,1.367356307
1786024532.780314922,80.000471471,0.000000000,NONE,0,0.050127332,0.000000000,-100.000000000,-1.000000000,-0.000671926,-100.007905575,-0.878713761,0.000671926,0.007905575,-0.121286239,0.000624183,0.011940585,-0.181925702,0.000039011,0.000015306,-0.000001332,0.000585172,0.011925280,-0.181924370,0.006495512,0.007397193,-2.734696267,-0.041680289,0.001006977,0.000216304,-0.003527252,0.000279496,-0.000171344,0.003419100,1.367348133,1.367348133
1786024532.830178976,80.050335707,0.000000000,NONE,0,0.049887680,0.000000000,-100.000000000,-1.000000000,-0.000668975,-100.007903853,-0.878713762,0.000668975,0.007903853,-0.121286238,0.000627730,0.011964656,-0.181923913,0.000067579,0.000049804,0.000000942,0.000560151,0.011914853,-0.181924856,0.004792222,0.006738760,-2.734749627,-0.041629977,0.001006976,0.000344962,-0.002968986,0.000572875,-0.000400394,0.002796505,1.367374814,1.367374814
1786024532.880117178,80.100273827,0.000000000,NONE,0,0.049944595,0.000000000,-100.000000000,-1.000000000,-0.000665833,-100.007901485,-0.878713689,0.000665833,0.007901485,-0.121286311,0.000622857,0.011975553,-0.181923066,0.000083169,0.000072668,0.000002552,0.000539688,0.011902885,-0.181925618,0.003669458,0.006307334,-2.734808549,-0.041590620,0.001010677,0.001313891,-0.002822671,0.000987942,-0.000330996,0.002165725,1.367404274,1.367404274
1786024532.930165529,80.150322064,0.000000000,NONE,0,0.049994008,0.000000000,-100.000000000,-1.000000000,-0.000660341,-100.007896782,-0.878713507,0.000660341,0.007896782,-0.121286493,0.000597793,0.011972213,-0.181923137,0.000111523,0.000109601,0.000004372,0.000486271,0.011862611,-0.181927510,-0.000183648,0.003615334,-2.734963501,-0.041538292,0.001039186,0.000995831,-0.001106879,0.001198703,-0.000700788,0.000608964,1.367481750,1.367481750
1786024532.980219603,80.200376279,0.000000000,NONE,0,0.050153381,0.000000000,-100.000000000,-1.000000000,-0.000654495,-100.007891332,-0.878713257,0.000654495,0.007891332,-0.121286743,0.000566090,0.011963212,-0.181923626,0.000111927,0.000119763,0.000005498,0.000454163,0.011843449,-0.181929124,-0.001672200,0.003169598,-2.735070872,-0.041485354,0.001068326,0.000630664,-0.000532015,0.001368115,-0.001052784,0.000216683,1.367535436,1.367535436
1786024533.030144691,80.250301374,0.000000000,NONE,0,0.049898466,0.000000000,-100.000000000,-1.000000000,-0.000650021,-100.007886557,-0.878713030,0.000650021,0.007886557,-0.121286970,0.000539794,0.011951741,-0.181924299,0.000104771,0.000128649,0.000005904,0.000435022,0.011823092,-0.181930203,-0.002554570,0.002196274,-2.735135834,-0.041442165,0.001083203,0.001162581,-0.000201071,0.001478356,-0.000897066,-0.000380219,1.367567917,1.367567917
1786024533.080197096,80.300353661,0.000000000,NONE,0,0.050061286,0.000000000,-100.000000000,-1.000000000,-0.000643693,-100.007881310,-0.878712732,0.000643693,0.007881310,-0.121287268,0.000485063,0.011952052,-0.181924317,0.000123940,0.000108878,0.000006071,0.000361122,0.011843174,-0.181930388,-0.008074796,0.004507325,-2.735130847,-0.041387115,0.001111132,0.000623089,0.000736096,0.003301302,-0.002989758,-0.001047640,1.367565423,1.367565423
1786024533.130108833,80.350265618,0.000000000,NONE,0,0.049939806,0.000000000,-100.000000000,-1.000000000,-0.000639066,-100.007874003,-0.878712430,0.000639066,0.007874003,-0.121287570,0.000449075,0.011919237,-0.181926267,0.000068867,0.000165885,0.000006150,0.000380207,0.011753352,-0.181932417,-0.005063467,-0.002848310,-2.735309865,-0.041330778,0.001131409,0.000041462,0.001967579,0.000564155,-0.000543423,-0.001988310,1.367654932,1.367654932
1786024533.180137634,80.400294349,0.000000000,NONE,0,0.050019643,0.000000000,-100.000000000,-1.000000000,-0.000636232,-100.007865466,-0.878712137,0.000636232,0.007865466,-0.121287863,0.000427138,0.011866787,-0.181929335,0.000040757,0.000171515,0.000005595,0.000386381,0.011695272,-0.181934930,-0.004943018,-0.005498687,-2.735495351,-0.041273929,0.001137411,-0.000437432,0.002719784,-0.000248275,0.000029559,-0.002501068,1.367747676,1.367747676
1786024533.230110407,80.450267061,0.000000000,NONE,0,0.049985338,0.000000000,-100.000000000,-1.000000000,-0.000634923,-100.007857922,-0.878711898,0.000634923,0.007857922,-0.121288102,0.000419487,0.011820269,-0.181931996,0.000010623,0.000141988,0.000004112,0.000408864,0.011678281,-0.181936108,-0.003257766,-0.005489485,-2.735551143,-0.041217207,0.001130288,-0.000783484,0.002382684,-0.000753801,0.000362059,-0.001990942,1.367775571,1.367775571
1786024533.280196667,80.500353274,0.000000000,NONE,0,0.050038328,0.000000000,-100.000000000,-1.000000000,-0.000634550,-100.007851179,-0.878711749,0.000634550,0.007851179,-0.121288251,0.000418221,0.011772710,-0.181934649,-0.000002934,0.000127738,0.000002180,0.000421155,0.011644972,-0.181936829,-0.002714015,-0.007608316,-2.735592444,-0.041161190,0.001112061,-0.000963275,0.002821402,-0.001464394,0.000982757,-0.002339764,1.367796222,1.367796222
1786024533.330191612,80.550348345,0.000000000,NONE,0,0.049979681,0.000000000,-100.000000000,-1.000000000,-0.000634746,-100.007845458,-0.878711702,0.000634746,0.007845458,-0.121288298,0.000420368,0.011727879,-0.181937056,-0.000012430,0.000102393,0.000000026,0.000432798,0.011625486,-0.181937082,-0.002017190,-0.008291860,-2.735600787,-0.041106288,0.001088018,-0.001006094,0.002828786,-0.001820191,0.001317144,-0.002325739,1.367800394,1.367800394
1786024533.380254507,80.600411153,0.000000000,NONE,0,0.050051070,0.000000000,-100.000000000,-1.000000000,-0.000635436,-100.007841277,-0.878711766,0.000635436,0.007841277,-0.121288234,0.000425955,0.011692619,-0.181938816,-0.000020166,0.000068959,-0.000002209,0.000446120,0.011623659,-0.181936607,-0.001173242,-0.007820487,-2.735553036,-0.041052648,0.001062211,-0.000929756,0.002480871,-0.001894250,0.001429372,-0.002015993,1.367776518,1.367776518
1786024533.430104494,80.650261314,0.000000000,NONE,0,0.049906996,0.000000000,-100.000000000,-1.000000000,-0.000636486,-100.007838815,-0.878711938,0.000636486,0.007838815,-0.121288062,0.000434359,0.011670941,-0.181939699,-0.000024665,0.000034325,-0.000004277,0.000459024,0.011636616,-0.181935422,-0.000394856,-0.006495348,-2.735455796,-0.041000264,0.001037634,-0.000782286,0.001918123,-0.001720695,0.001329552,-0.001526980,1.367727898,1.367727898
1786024533.480289698,80.700446376,0.000000000,NONE,0,0.050105281,0.000000000,-100.000000000,-1.000000000,-0.000637735,-100.007838007,-0.878712204,0.000637735,0.007838007,-0.121287796,0.000444764,0.011664847,-0.181939598,-0.000026129,0.000002674,-0.000005924,0.000470893,0.011662173,-0.181933674,0.000307880,-0.004430241,-2.735322303,-0.040949012,0.001016197,-0.000564564,0.001171731,-0.001325671,0.001043389,-0.000889449,1.367661151,1.367661151
1786024533.530198097,80.750354784,0.000000000,NONE,0,0.049962064,0.000000000,-100.000000000,-1.000000000,-0.000639022,-100.007838591,-0.878712534,0.000639022,0.007838591,-0.121287466,0.000456171,0.011674351,-0.181938531,-0.000024658,-0.000022121,-0.000006954,0.000480829,0.011696472,-0.181931578,0.000878523,-0.001886648,-2.735168474,-0.040898687,0.000999743,-0.000339235,0.000336840,-0.000776102,0.000606484,-0.000167223,1.367584237,1.367584237
1786024533.580222130,80.800378829,0.000000000,NONE,0,0.050022756,0.000000000,-100.000000000,-1.000000000,-0.000640254,-100.007840054,-0.878712895,0.000640254,0.007840054,-0.121287105,0.000468673,0.011696141,-0.181936710,-0.000022239,-0.000035213,-0.000007242,0.000490912,0.011731354,-0.181929469,0.001499046,0.000549524,-2.735020632,-0.040849030,0.000988480,-0.000112403,-0.000484042,-0.000265481,0.000209280,0.000540243,1.367510316,1.367510316
1786024533.630152941,80.850309642,0.000000000,NONE,0,0.049951727,0.000000000,-100.000000000,-1.000000000,-0.000641107,-100.007842182,-0.878713248,0.000641107,0.007842182,-0.121286752,0.000477700,0.011732171,-0.181934051,-0.000012254,-0.000045261,-0.000006782,0.000489954,0.011777431,-0.181927269,0.001233432,0.003898041,-2.734864791,-0.040799792,0.000982543,0.000083913,-0.001303847,0.000687131,-0.000645174,0.001261890,1.367432396,1.367432396
1786024533.680137157,80.900293835,0.000000000,NONE,0,0.049993276,0.000000000,-100.000000000,-1.000000000,-0.000641487,-100.007844200,-0.878713554,0.000641487,0.007844200,-0.121286446,0.000482599,0.011774442,-0.181931046,-0.000003409,-0.000035820,-0.000005552,0.000486008,0.011810261,-0.181925495,0.000949276,0.005973420,-2.734749132,-0.040750726,0.000980916,0.000249477,-0.001793043,0.001318405,-0.001193667,0.001668305,1.367374566,1.367374566
1786024533.730144739,80.950301330,0.000000000,NONE,0,0.049991574,0.000000000,-100.000000000,-1.000000000,-0.000641521,-100.007845450,-0.878713779,0.000641521,0.007845450,-0.121286221,0.000485139,0.011817271,-0.181928048,0.000002040,-0.000016311,-0.000003685,0.000483099,0.011833582,-0.181924362,0.000807722,0.007555647,-2.734682713,-0.040701635,0.000983021,0.000370580,-0.002183487,0.001779626,-0.001594336,0.001998197,1.367341356,1.367341356
1786024533.780174732,81.000331256,0.000000000,NONE,0,0.050001201,0.000000000,-100.000000000,-1.000000000,-0.000641286,-100.007845467,-0.878713896,0.000641286,0.007845467,-0.121286104,0.000486222,0.011855420,-0.181925386,0.000006076,0.000011859,-0.000001417,0.000480146,0.011843560,-0.181923969,0.000641706,0.008252701,-2.734669952,-0.040652345,0.000988078,0.000442195,-0.002334151,0.002013298,-0.001792200,0.002113053,1.367334976,1.367334976
1786024533.830190897,81.050347532,0.000000000,NONE,0,0.050027851,0.000000000,-100.000000000,-1.000000000,-0.000640817,-100.007843900,-0.878713896,0.000640817,0.007843900,-0.121286104,0.000486253,0.011883995,-0.181923366,0.000009151,0.000045616,0.000000989,0.000477102,0.011838379,-0.181924355,0.000469193,0.007986744,-2.734712576,-0.040602739,0.000995121,0.000465762,-0.002230425,0.001995828,-0.001762947,0.001997544,1.367356288,1.367356288
1786024533.880209208,81.100365451,0.000000000,NONE,0,0.050012486,0.000000000,-100.000000000,-1.000000000,-0.000640151,-100.007840583,-0.878713779,0.000640151,0.007840583,-0.121286221,0.000485517,0.011899259,-0.181922218,0.000011379,0.000081009,0.000003255,0.000474138,0.011818251,-0.181925473,0.000304803,0.006803510,-2.734805446,-0.040552742,0.001003232,0.000441211,-0.001887381,0.001734979,-0.001514374,0.001666776,1.367402723,1.367402723
1786024533.930170059,81.150326627,0.000000000,NONE,0,0.049985818,0.000000000,-100.000000000,-1.000000000,-0.000639330,-100.007835555,-0.878713562,0.000639330,0.007835555,-0.121286438,0.000484278,0.011899044,-0.181922068,0.000012821,0.000113972,0.000005118,0.000471457,0.011785071,-0.181927186,0.000161254,0.004845582,-2.734937320,-0.040502327,0.001011548,0.000373929,-0.001345191,0.001264564,-0.001077600,0.001158227,1.367468660,1.367468660
1786024533.980251789,81.200408476,0.000000000,NONE,0,0.050027806,0.000000000,-100.000000000,-1.000000000,-0.000638399,-100.007829050,-0.878713269,0.000638399,0.007829050,-0.121286731,0.000482748,0.011882924,-0.181922927,0.000013622,0.000140805,0.000006367,0.000469126,0.011742119,-0.181929294,0.000040086,0.002337998,-2.735092697,-0.040451509,0.001019272,0.000278622,-0.000664177,0.000644134,-0.000504823,0.000524866,1.367546349,1.367546349
1786024534.030188084,81.250344622,0.000000000,NONE,0,0.049950819,0.000000000,-100.000000000,-1.000000000,-0.000637384,-100.007821472,-0.878712937,0.000637384,0.007821472,-0.121287063,0.000480803,0.011852350,-0.181924684,0.000014313,0.000158344,0.000006863,0.000466490,0.011694006,-0.181931547,-0.000112646,-0.000416921,-2.735253382,-0.040400336,0.001025860,0.000155005,0.000093640,-0.000037318,0.000114820,-0.000171143,1.367626691,1.367626691
1786024534.080222368,81.300379163,0.000000000,NONE,0,0.050051401,0.000000000,-100.000000000,-1.000000000,-0.000636254,-100.007813277,-0.878712603,0.000636254,0.007813277,-0.121287397,0.000477264,0.011809150,-0.181927203,0.000016198,0.000166421,0.000006556,0.000461066,0.011642729,-0.181933759,-0.000482327,-0.003341777,-2.735407300,-0.040348886,0.001030569,0.000030924,0.000948295,-0.000707132,0.000722594,-0.000963757,1.367703650,1.367703650
1786024534.130099535,81.350255997,0.000000000,NONE,0,0.049937546,0.000000000,-100.000000000,-1.000000000,-0.000635437,-100.007805194,-0.878712306,0.000635437,0.007805194,-0.121287694,0.000478759,0.011760452,-0.181930012,0.000007908,0.000158104,0.000005469,0.000470851,0.011602348,-0.181935481,0.000420915,-0.005346955,-2.735518174,-0.040297267,0.001033350,-0.000101720,0.001256940,-0.001467397,0.001416537,-0.001206080,1.367759087,1.367759087
1786024534.180188894,81.400345472,0.000000000,NONE,0,0.050023235,0.000000000,-100.000000000,-1.000000000,-0.000634811,-100.007797773,-0.878712081,0.000634811,0.007797773,-0.121287919,0.000482829,0.011710706,-0.181932827,0.000006801,0.000141125,0.000003774,0.000476028,0.011569581,-0.181936600,0.000651212,-0.006959468,-2.735584381,-0.040245578,0.001033651,-0.000213417,0.001630418,-0.001956024,0.001849316,-0.001523709,1.367792191,1.367792191
1786024534.230216026,81.450372537,0.000000000,NONE,0,0.050041582,0.000000000,-100.000000000,-1.000000000,-0.000634200,-100.007791465,-0.878711952,0.000634200,0.007791465,-0.121288048,0.000487664,0.011664772,-0.181935345,0.000007893,0.000115579,0.000001692,0.000479771,0.011549193,-0.181937037,0.000859282,-0.007728441,-2.735601312,-0.040193945,0.001031485,-0.000299677,0.001792209,-0.002221850,0.002072011,-0.001642370,1.367800656,1.367800656
1786024534.280267715,81.500424342,0.000000000,NONE,0,0.049988412,0.000000000,-100.000000000,-1.000000000,-0.000633557,-100.007786625,-0.878711932,0.000633557,0.007786625,-0.121288068,0.000492545,0.011627368,-0.181937285,0.000010069,0.000084301,-0.000000535,0.000482476,0.011543067,-0.181936750,0.001013229,-0.007589308,-2.735566739,-0.040142481,0.001027126,-0.000359845,0.001733981,-0.002240595,0.002060673,-0.001554058,1.367783370,1.367783370
1786024534.330228329,81.550384798,0.000000000,NONE,0,0.050061571,0.000000000,-100.000000000,-1.000000000,-0.000632863,-100.007783477,-0.878712019,0.000632863,0.007783477,-0.121287981,0.000496877,0.011602511,-0.181938421,0.000012912,0.000051715,-0.000002612,0.000483965,0.011550795,-0.181935809,0.001090446,-0.006603779,-2.735487821,-0.040092313,0.001020956,-0.000297462,0.001452699,-0.001997922,0.001849191,-0.001303968,1.367743911,1.367743911
1786024534.380154133,81.600310701,0.000000000,NONE,0,0.049862155,0.000000000,-100.000000000,-1.000000000,-0.000632018,-100.007781887,-0.878712204,0.000632018,0.007781887,-0.121287796,0.000499669,0.011591457,-0.181938681,0.000017308,0.000020062,-0.000004402,0.000482360,0.011571396,-0.181934279,0.000944428,-0.004840127,-2.735368825,-0.040041438,0.001014986,-0.000314597,0.001052574,-0.001524788,0.001367490,-0.000895275,1.367684413,1.367684413
1786024534.430171967,81.650328627,0.000000000,NONE,0,0.050059995,0.000000000,-100.000000000,-1.000000000,-0.000631066,-100.007781737,-0.878712465,0.000631066,0.007781737,-0.121287535,0.000501307,0.011595355,-0.181938015,0.000020171,-0.000006123,-0.000005654,0.000481136,0.011601477,-0.181932361,0.000890840,-0.002550179,-2.735226973,-0.039990873,0.001008257,-0.000288626,0.000486991,-0.000932411,0.000788098,-0.000342678,1.367613486,1.367613486
1786024534.480153322,81.700310061,0.000000000,NONE,0,0.049981171,0.000000000,-100.000000000,-1.000000000,-0.000630020,-100.007782656,-0.878712775,0.000630020,0.007782656,-0.121287225,0.000502246,0.011612949,-0.181936505,0.000022328,-0.000023517,-0.000006238,0.000479918,0.011636466,-0.181930267,0.000829856,-0.000029665,-2.735076835,-0.039939681,0.001000383,-0.000312772,-0.000121855,-0.000293073,0.000136687,0.000278241,1.367538417,1.367538417
1786024534.530156612,81.750313108,0.000000000,NONE,0,0.050006477,0.000000000,-100.000000000,-1.000000000,-0.000629060,-100.007784209,-0.878713086,0.000629060,0.007784209,-0.121286914,0.000504910,0.011642403,-0.181934291,0.000020849,-0.000032583,-0.000006060,0.000484061,0.011674987,-0.181928231,0.001197868,0.002696238,-2.734935425,-0.039889931,0.000990788,-0.000207370,-0.000921684,0.000322750,-0.000426435,0.001025369,1.367467712,1.367467712
1786024534.580345869,81.800502625,0.000000000,NONE,0,0.050189666,0.000000000,-100.000000000,-1.000000000,-0.000627710,-100.007785907,-0.878713366,0.000627710,0.007785907,-0.121286634,0.000501550,0.011680565,-0.181931587,0.000031245,-0.000030482,-0.000005163,0.000470305,0.011711047,-0.181926424,0.000027289,0.005170083,-2.734813703,-0.039840677,0.000981571,-0.000056268,-0.001285276,0.001271631,-0.001299765,0.001313410,1.367406852,1.367406852
1786024534.630088806,81.850245281,0.000000000,NONE,0,0.049771652,0.000000000,-100.000000000,-1.000000000,-0.000625992,-100.007787003,-0.878713580,0.000625992,0.007787003,-0.121286420,0.000492671,0.011719615,-0.181928870,0.000035896,-0.000012943,-0.000003616,0.000456775,0.011732558,-0.181925254,-0.000771377,0.006536436,-2.734744250,-0.039791811,0.000975003,0.000061064,-0.001456531,0.001842219,-0.001811687,0.001425999,1.367372125,1.367372125
1786024534.680120230,81.900276903,0.000000000,NONE,0,0.050029212,0.000000000,-100.000000000,-1.000000000,-0.000624181,-100.007787027,-0.878713704,0.000624181,0.007787027,-0.121286296,0.000480959,0.011755126,-0.181926414,0.000035382,0.000011260,-0.000001648,0.000445577,0.011743865,-0.181924766,-0.001384658,0.007366292,-2.734723867,-0.039743173,0.000971318,0.000183556,-0.001541297,0.002233627,-0.002141849,0.001449520,1.367361933,1.367361933
1786024534.730145693,81.950302474,0.000000000,NONE,0,0.049985033,0.000000000,-100.000000000,-1.000000000,-0.000622423,-100.007785668,-0.878713723,0.000622423,0.007785668,-0.121286277,0.000467677,0.011782867,-0.181924480,0.000032338,0.000040825,0.000000479,0.000435339,0.011742042,-0.181924959,-0.001969646,0.007337870,-2.734750952,-0.039694619,0.000970666,0.000273993,-0.001410554,0.002395377,-0.002258381,0.001273558,1.367375476,1.367375476
1786024534.780170202,82.000326848,0.000000000,NONE,0,0.049995235,0.000000000,-100.000000000,-1.000000000,-0.000620859,-100.007782821,-0.878713642,0.000620859,0.007782821,-0.121286358,0.000454235,0.011799135,-0.181923296,0.000027043,0.000071867,0.000002486,0.000427192,0.011727267,-0.181925783,-0.002406461,0.006514886,-2.734821275,-0.039646972,0.000972849,0.000404749,-0.001128294,0.002331524,-0.002129149,0.000925919,1.367410637,1.367410637
1786024534.830188990,82.050345759,0.000000000,NONE,0,0.050050397,0.000000000,-100.000000000,-1.000000000,-0.000619491,-100.007778378,-0.878713466,0.000619491,0.007778378,-0.121286534,0.000440457,0.011802661,-0.181922927,0.000020723,0.000101857,0.000004238,0.000419734,0.011700804,-0.181927165,-0.002830096,0.004993109,-2.734929203,-0.039598123,0.000979084,0.000398307,-0.000640330,0.002055378,-0.001856224,0.000441176,1.367464601,1.367464601
1786024534.880313396,82.100469858,0.000000000,NONE,0,0.050046055,0.000000000,-100.000000000,-1.000000000,-0.000618463,-100.007772575,-0.878713217,0.000618463,0.007772575,-0.121286783,0.000427945,0.011792790,-0.181923404,0.000012066,0.000126579,0.000005488,0.000415879,0.011666211,-0.181928892,-0.002979556,0.003029122,-2.735056935,-0.039548894,0.000987104,0.000338286,-0.000096963,0.001586741,-0.001417598,-0.000072180,1.367528468,1.367528468
1786024534.930206537,82.150363098,0.000000000,NONE,0,0.049953853,0.000000000,-100.000000000,-1.000000000,-0.000617366,-100.007766535,-0.878712918,0.000617366,0.007766535,-0.121287082,0.000408222,0.011786409,-0.181923722,0.000014159,0.000123497,0.000006123,0.000394062,0.011662913,-0.181929846,-0.004639198,0.003736158,-2.735108275,-0.039498249,0.000994929,0.000154619,0.000187105,0.002132494,-0.002055184,-0.000264415,1.367554137,1.367554137
1786024534.980096102,82.200252558,0.000000000,NONE,0,0.049936414,0.000000000,-100.000000000,-1.000000000,-0.000617497,-100.007758732,-0.878712608,0.000617497,0.007758732,-0.121287392,0.000404714,0.011750315,-0.181925783,-0.000017376,0.000166482,0.000006383,0.000422090,0.011583833,-0.181932166,-0.001949088,-0.002302053,-2.735298054,-0.039448379,0.000997744,0.000076699,0.001043610,-0.000069066,0.000107416,-0.001081960,1.367649027,1.367649027
1786024535.030329227,82.250485862,0.000000000,NONE,0,0.050230273,0.000000000,-100.000000000,-1.000000000,-0.000618339,-100.007750089,-0.878712309,0.000618339,0.007750089,-0.121287691,0.000408598,0.011697025,-0.181928835,-0.000026568,0.000170461,0.000005753,0.000435166,0.011526564,-0.181934588,-0.001454483,-0.005100937,-2.735469342,-0.039398411,0.001000617,0.000008550,0.001636717,-0.000909476,0.000913751,-0.001640993,1.367734671,1.367734671
1786024535.080154657,82.300311287,0.000000000,NONE,0,0.049824910,0.000000000,-100.000000000,-1.000000000,-0.000619638,-100.007742041,-0.878712064,0.000619638,0.007742041,-0.121287936,0.000418954,0.011641646,-0.181931969,-0.000034621,0.000152684,0.000004274,0.000453575,0.011488962,-0.181936242,-0.000229063,-0.006784341,-2.735570183,-0.039348301,0.001003404,-0.000107134,0.001780134,-0.001665603,0.001612036,-0.001726568,1.367785092,1.367785092
1786024535.130123615,82.350280249,0.000000000,NONE,0,0.049983660,0.000000000,-100.000000000,-1.000000000,-0.000620894,-100.007736356,-0.878711933,0.000620894,0.007736356,-0.121288067,0.000430979,0.011598718,-0.181934345,-0.000037336,0.000132972,0.000002654,0.000468315,0.011465746,-0.181936999,0.000593008,-0.007676994,-2.735605068,-0.039308141,0.001003959,0.000604080,0.001619977,-0.001916481,0.002218521,-0.001922017,1.367802534,1.367802534
1786024535.180062771,82.400219255,0.000000000,NONE,0,0.049923084,0.000000000,-100.000000000,-1.000000000,-0.000622209,-100.007730548,-0.878711865,0.000622209,0.007730548,-0.121288135,0.000443085,0.011551575,-0.181936872,-0.000028565,0.000102369,0.000000430,0.000471650,0.011449206,-0.181937302,0.000577282,-0.008333997,-2.735617238,-0.039257557,0.001019948,0.000317193,0.001859880,-0.002148521,0.002307118,-0.002018477,1.367808619,1.367808619
1786024535.230138302,82.450295071,0.000000000,NONE,0,0.050070595,0.000000000,-100.000000000,-1.000000000,-0.000623544,-100.007726396,-0.878711910,0.000623544,0.007726396,-0.121288090,0.000458191,0.011515689,-0.181938654,-0.000029798,0.000067604,-0.000001881,0.000487989,0.011448085,-0.181936773,0.001829987,-0.007869164,-2.735563546,-0.039205990,0.001036485,-0.000047403,0.001521645,-0.002436639,0.002412937,-0.001497944,1.367781773,1.367781773
1786024535.280290365,82.500447056,0.000000000,NONE,0,0.050067711,0.000000000,-100.000000000,-1.000000000,-0.000624932,-100.007724060,-0.878712064,0.000624932,0.007724060,-0.121287936,0.000477286,0.011494711,-0.181939489,-0.000028470,0.000032601,-0.000003974,0.000505756,0.011462110,-0.181935514,0.002938072,-0.006475189,-2.735460847,-0.039154917,0.001042485,-0.000272498,0.000952404,-0.002421440,0.002285191,-0.000816155,1.367730423,1.367730423
1786024535.330203056,82.550359772,0.000000000,NONE,0,0.049968086,0.000000000,-100.000000000,-1.000000000,-0.000626204,-100.007723339,-0.878712322,0.000626204,0.007723339,-0.121287678,0.000499632,0.011488902,-0.181939350,-0.000021850,0.000000467,-0.000005705,0.000521483,0.011488436,-0.181933645,0.003855605,-0.004372101,-2.735317725,-0.039101717,0.001039838,-0.000594345,0.000277710,-0.002205513,0.001908340,0.000019462,1.367658862,1.367658862
1786024535.380258083,82.600414714,0.000000000,NONE,0,0.050003382,0.000000000,-100.000000000,-1.000000000,-0.000627678,-100.007722975,-0.878712641,0.000627678,0.007722975,-0.121287359,0.000533902,0.011480212,-0.181939299,-0.000028012,0.000001800,-0.000006737,0.000561914,0.011478412,-0.181932562,0.006791056,-0.005429125,-2.735257669,-0.039049935,0.001026924,-0.000702459,-0.000164868,-0.003230660,0.002879431,0.000516098,1.367628835,1.367628835
1786024535.430228949,82.650385546,0.000000000,NONE,0,0.050002265,0.000000000,-100.000000000,-1.000000000,-0.000628115,-100.007724384,-0.878712999,0.000628115,0.007724384,-0.121287001,0.000559483,0.011496871,-0.181937772,0.000004167,-0.000043163,-0.000007348,0.000555315,0.011540033,-0.181930424,0.005469809,0.000018799,-2.735086886,-0.038999022,0.001008931,-0.000695473,-0.001198284,-0.001536621,0.001188884,0.001546020,1.367543443,1.367543443
1786024535.480253696,82.700410105,0.000000000,NONE,0,0.050020045,0.000000000,-100.000000000,-1.000000000,-0.000627227,-100.007727489,-0.878713370,0.000627227,0.007727489,-0.121286630,0.000574136,0.011539720,-0.181934746,0.000028929,-0.000066281,-0.000007268,0.000545208,0.011606001,-0.181927478,0.004807695,0.004429209,-2.734864563,-0.038949141,0.000987958,-0.000579769,-0.002164284,-0.000239564,-0.000050321,0.002454168,1.367432281,1.367432281
1786024535.530357361,82.750513793,0.000000000,NONE,0,0.050027305,0.000000000,-100.000000000,-1.000000000,-0.000625988,-100.007731985,-0.878713707,0.000625988,0.007731985,-0.121286293,0.000591488,0.011616036,-0.181929748,0.000032209,-0.000089404,-0.000006150,0.000559280,0.011705440,-0.181923599,0.006150328,0.011492521,-2.734574391,-0.038900343,0.000966994,-0.000381786,-0.004315266,0.001240102,-0.001430995,0.004506159,1.367287196,1.367287196
1786024535.580199003,82.800355659,0.000000000,NONE,0,0.049921040,0.000000000,-100.000000000,-1.000000000,-0.000623080,-100.007734482,-0.878713950,0.000623080,0.007734482,-0.121286050,0.000589123,0.011675037,-0.181925831,0.000073392,-0.000024196,-0.000003705,0.000515731,0.011699232,-0.181922127,0.002396513,0.009405331,-2.734519369,-0.038852606,0.000946774,-0.000119447,-0.002920599,0.001722343,-0.001782066,0.002980322,1.367259684,1.367259684
1786024535.630337477,82.850493938,0.000000000,NONE,0,0.050128985,0.000000000,-100.000000000,-1.000000000,-0.000618849,-100.007734549,-0.878714047,0.000618849,0.007734549,-0.121285953,0.000572375,0.011717641,-0.181922975,0.000089027,0.000017962,-0.000000614,0.000483347,0.011699679,-0.181922361,0.000690991,0.009934994,-2.734569918,-0.038805682,0.000933676,0.000148217,-0.002693550,0.002348055,-0.002273947,0.002619442,1.367284959,1.367284959
1786024535.680260420,82.900416870,0.000000000,NONE,0,0.049919236,0.000000000,-100.000000000,-1.000000000,-0.000614043,-100.007732578,-0.878713990,0.000614043,0.007732578,-0.121286010,0.000546392,0.011745758,-0.181921102,0.000096341,0.000060369,0.000002377,0.000450051,0.011685389,-0.181923478,-0.001317934,0.009124592,-2.734665864,-0.038759119,0.000928845,0.000341089,-0.002036937,0.002695904,-0.002525359,0.001866392,1.367332932,1.367332932
1786024535.730358124,82.950514559,0.000000000,NONE,0,0.050013389,0.000000000,-100.000000000,-1.000000000,-0.000609017,-100.007728499,-0.878713796,0.000609017,0.007728499,-0.121286204,0.000513480,0.011756606,-0.181920359,0.000096049,0.000101948,0.000004946,0.000417431,0.011654658,-0.181925305,-0.003251558,0.007263480,-2.734807848,-0.038712546,0.000930821,0.000467800,-0.001119930,0.002745710,-0.002511809,0.000886030,1.367403924,1.367403924
1786024535.780253410,83.000410107,0.000000000,NONE,0,0.049999770,0.000000000,-100.000000000,-1.000000000,-0.000604139,-100.007722513,-0.878713494,0.000604139,0.007722513,-0.121286506,0.000475928,0.011749690,-0.181920754,0.000088848,0.000137251,0.000006864,0.000387081,0.011612439,-0.181927618,-0.005019480,0.004778310,-2.734979482,-0.038665675,0.000938291,0.000509954,-0.000067196,0.002576936,-0.002321959,-0.000187781,1.367489741,1.367489741
1786024535.830170631,83.050327373,0.000000000,NONE,0,0.049948939,0.000000000,-100.000000000,-1.000000000,-0.000599208,-100.007716093,-0.878713118,0.000599208,0.007716093,-0.121286882,0.000425630,0.011745103,-0.181921088,0.000089886,0.000137076,0.000007969,0.000335744,0.011608027,-0.181929057,-0.008514255,0.005551261,-2.735062820,-0.038618263,0.000949023,0.000467598,0.000623849,0.003633278,-0.003399480,-0.000857648,1.367531410,1.367531410
1786024535.880214691,83.100371527,0.000000000,NONE,0,0.050027410,0.000000000,-100.000000000,-1.000000000,-0.000595807,-100.007707417,-0.878712707,0.000595807,0.007707417,-0.121287293,0.000388049,0.011707028,-0.181923390,0.000045850,0.000192891,0.000008514,0.000342198,0.011514137,-0.181931904,-0.006963055,-0.001650942,-2.735290214,-0.038570351,0.000959540,0.000388579,0.002056355,0.001425173,-0.001230884,-0.002250644,1.367645107,1.367645107
1786024535.930269957,83.150426705,0.000000000,NONE,0,0.049983904,0.000000000,-100.000000000,-1.000000000,-0.000594010,-100.007697269,-0.878712293,0.000594010,0.007697269,-0.121287707,0.000360841,0.011645448,-0.181927040,0.000017628,0.000205521,0.000008118,0.000343213,0.011439927,-0.181935159,-0.007003271,-0.005535662,-2.735526210,-0.038521958,0.000971225,0.000251209,0.003071931,0.000429704,-0.000304100,-0.003197536,1.367763105,1.367763105
1786024535.980345964,83.200502553,0.000000000,NONE,0,0.050058298,0.000000000,-100.000000000,-1.000000000,-0.000593515,-100.007687210,-0.878711930,0.000593515,0.007687210,-0.121288070,0.000341829,0.011573704,-0.181931238,-0.000008100,0.000195008,0.000006555,0.000349928,0.011378696,-0.181937793,-0.006478401,-0.008790905,-2.735698123,-0.038473026,0.000982338,0.000077381,0.003797981,-0.000558781,0.000597471,-0.003836672,1.367849062,1.367849062
1786024536.030090332,83.250246943,0.000000000,NONE,0,0.049863743,0.000000000,-100.000000000,-1.000000000,-0.000594434,-100.007678323,-0.878711673,0.000594434,0.007678323,-0.121288327,0.000333935,0.011504046,-0.181935219,-0.000035371,0.000163212,0.000004063,0.000369306,0.011340834,-0.181939282,-0.005052322,-0.010439041,-2.735779633,-0.038423645,0.000990681,-0.000124679,0.003904011,-0.001377849,0.001315510,-0.003841671,1.367889817,1.367889817
1786024536.080327272,83.300482772,0.000000000,NONE,0,0.050137468,0.000000000,-100.000000000,-1.000000000,-0.000596653,-100.007671293,-0.878711558,0.000596653,0.007671293,-0.121288442,0.000337651,0.011444106,-0.181938514,-0.000057728,0.000121591,0.000001026,0.000395379,0.011322514,-0.181939540,-0.003346529,-0.010965863,-2.735772948,-0.038373975,0.000994355,-0.000287033,0.003649856,-0.001976592,0.001833075,-0.003506340,1.367886474,1.367886474
1786024536.130121469,83.350278113,0.000000000,NONE,0,0.049890706,0.000000000,-100.000000000,-1.000000000,-0.000599873,-100.007666454,-0.878711600,0.000599873,0.007666454,-0.121288400,0.000351717,0.011398897,-0.181940827,-0.000073494,0.000075408,-0.000002098,0.000425212,0.011323488,-0.181938730,-0.001467518,-0.010319130,-2.735694828,-0.038324236,0.000993345,-0.000432018,0.003054667,-0.002320907,0.002104898,-0.002838658,1.367847414,1.367847414
1786024536.180192709,83.400349315,0.000000000,NONE,0,0.050023918,0.000000000,-100.000000000,-1.000000000,-0.000603771,-100.007663935,-0.878711792,0.000603771,0.007663935,-0.121288208,0.000374896,0.011372373,-0.181941943,-0.000082493,0.000028751,-0.000004931,0.000457389,0.011343622,-0.181937012,0.000520639,-0.008490730,-2.735556503,-0.038274652,0.000987447,-0.000510481,0.002120143,-0.002380462,0.002125222,-0.001864902,1.367778251,1.367778251
1786024536.230340958,83.450497508,0.000000000,NONE,0,0.049972877,0.000000000,-100.000000000,-1.000000000,-0.000607985,-100.007663610,-0.878712111,0.000607985,0.007663610,-0.121287889,0.000405336,0.011366371,-0.181941776,-0.000084215,-0.000012977,-0.000007159,0.000489551,0.011379348,-0.181934616,0.002464027,-0.005760803,-2.735375189,-0.038225446,0.000977659,-0.000528619,0.000956349,-0.002188362,0.001924053,-0.000692039,1.367687594,1.367687594
1786024536.280315161,83.500471658,0.000000000,NONE,0,0.050105736,0.000000000,-100.000000000,-1.000000000,-0.000612164,-100.007665058,-0.878712517,0.000612164,0.007665058,-0.121287483,0.000441306,0.011379554,-0.181940427,-0.000079454,-0.000044040,-0.000008546,0.000520761,0.011423593,-0.181931881,0.004330437,-0.002628818,-2.735177109,-0.038176789,0.000965273,-0.000471529,-0.000307522,-0.001857696,0.001621932,0.000543287,1.367588554,1.367588554
1786024536.330263615,83.550420090,0.000000000,NONE,0,0.049982809,0.000000000,-100.000000000,-1.000000000,-0.000615908,-100.007667743,-0.878712965,0.000615908,0.007667743,-0.121287035,0.000479759,0.011409679,-0.181938055,-0.000066892,-0.000063502,-0.000008966,0.000546651,0.011473181,-0.181929089,0.005794347,0.000794775,-2.734980355,-0.038128790,0.000952077,-0.000367936,-0.001555297,-0.001341877,0.001157909,0.001739265,1.367490178,1.367490178
1786024536.380178452,83.600335079,0.000000000,NONE,0,0.049950144,0.000000000,-100.000000000,-1.000000000,-0.000618697,-100.007671315,-0.878713403,0.000618697,0.007671315,-0.121286597,0.000514668,0.011457807,-0.181934638,-0.000044074,-0.000075997,-0.000008399,0.000558742,0.011533803,-0.181926239,0.006259470,0.005026086,-2.734779686,-0.038081475,0.000939584,-0.000223842,-0.002765429,-0.000364306,0.000252386,0.002877350,1.367389843,1.367389843
1786024536.430258989,83.650415522,0.000000000,NONE,0,0.050051083,0.000000000,-100.000000000,-1.000000000,-0.000620361,-100.007674943,-0.878713781,0.000620361,0.007674943,-0.121286219,0.000544977,0.011517020,-0.181930600,-0.000021340,-0.000068338,-0.000006829,0.000566317,0.011585358,-0.181923772,0.006638914,0.008329885,-2.734614704,-0.038034791,0.000928630,-0.000041677,-0.003731781,0.000412323,-0.000433162,0.003752619,1.367307352,1.367307352
1786024536.480289936,83.700446770,0.000000000,NONE,0,0.050020320,0.000000000,-100.000000000,-1.000000000,-0.000620688,-100.007677490,-0.878714053,0.000620688,0.007677490,-0.121285947,0.000567300,0.011574846,-0.181926699,0.000005691,-0.000038286,-0.000004374,0.000561609,0.011613132,-0.181922325,0.006126259,0.009914215,-2.734533811,-0.037988619,0.000920613,0.000145112,-0.004046396,0.000983267,-0.000910711,0.003973840,1.367266906,1.367266906
1786024536.530333996,83.750490466,0.000000000,NONE,0,0.049977736,0.000000000,-100.000000000,-1.000000000,-0.000619650,-100.007678287,-0.878714184,0.000619650,0.007678287,-0.121285816,0.000580492,0.011623940,-0.181923398,0.000030795,0.000001054,-0.000001387,0.000549698,0.011622886,-0.181922011,0.005281792,0.010517080,-2.734534490,-0.037942749,0.000916810,0.000306116,-0.004026247,0.001385351,-0.001232293,0.003873189,1.367267245,1.367267245
1786024536.580244303,83.800400950,0.000000000,NONE,0,0.049984112,0.000000000,-100.000000000,-1.000000000,-0.000617379,-100.007677009,-0.878714162,0.000617379,0.007677009,-0.121285838,0.000584529,0.011659341,-0.181921014,0.000052531,0.000045262,0.000001717,0.000531998,0.011614080,-0.181922730,0.004117526,0.009970713,-2.734605495,-0.037896927,0.000917562,0.000421368,-0.003627402,0.001568639,-0.001357955,0.003416718,1.367302748,1.367302748
1786024536.630573988,83.850730681,0.000000000,NONE,0,0.050039743,0.000000000,-100.000000000,-1.000000000,-0.000614133,-100.007673605,-0.878713998,0.000614133,0.007673605,-0.121286002,0.000579825,0.011676899,-0.181919801,0.000062966,0.000080840,0.000004081,0.000516859,0.011596059,-0.181923882,0.003273439,0.009027043,-2.734694733,-0.037851846,0.000830029,0.001478372,-0.003444714,0.001807994,-0.001068808,0.002705527,1.367347366,1.367347366
1786024536.680152416,83.900308935,0.000000000,NONE,0,0.049927826,0.000000000,-100.000000000,-1.000000000,-0.000609475,-100.007667727,-0.878713698,0.000609475,0.007667727,-0.121286302,0.000559074,0.011672301,-0.181920019,0.000094376,0.000136648,0.000006973,0.000464699,0.011535653,-0.181926992,-0.000587849,0.004832695,-2.734951707,-0.037804031,0.000951383,0.000214616,-0.001114866,0.001408790,-0.001301482,0.001007557,1.367475854,1.367475854
1786024536.730315924,83.950472476,0.000000000,NONE,0,0.050035227,0.000000000,-100.000000000,-1.000000000,-0.000604834,-100.007660276,-0.878713310,0.000604834,0.007660276,-0.121286690,0.000539481,0.011651018,-0.181921283,0.000084234,0.000162221,0.000008333,0.000455247,0.011488796,-0.181929616,-0.000288799,0.002544120,-2.735125572,-0.037755834,0.000964546,0.000005463,-0.000565196,0.000709595,-0.000706864,0.000562464,1.367562786,1.367562786
1786024536.780129910,84.000286452,0.000000000,NONE,0,0.049946490,0.000000000,-100.000000000,-1.000000000,-0.000600439,-100.007651674,-0.878712885,0.000600439,0.007651674,-0.121287115,0.000519761,0.011613043,-0.181923558,0.000080508,0.000182235,0.000008694,0.000439252,0.011430809,-0.181932252,-0.001369818,-0.000941888,-2.735310458,-0.037707550,0.000963895,-0.000083990,0.000598924,0.000085985,-0.000127980,-0.000556929,1.367655229,1.367655229
1786024536.830265999,84.050422745,0.000000000,NONE,0,0.050072870,0.000000000,-100.000000000,-1.000000000,-0.000596264,-100.007642530,-0.878712468,0.000596264,0.007642530,-0.121287532,0.000499219,0.011562911,-0.181926539,0.000074226,0.000186622,0.000008141,0.000424993,0.011376289,-0.181934680,-0.002180299,-0.003945056,-2.735476044,-0.037659382,0.000961507,-0.000142124,0.001566870,-0.000476720,0.000405658,-0.001495808,1.367738022,1.367738022
1786024536.880348921,84.100505289,0.000000000,NONE,0,0.050008001,0.000000000,-100.000000000,-1.000000000,-0.000592384,-100.007633481,-0.878712103,0.000592384,0.007633481,-0.121287897,0.000476927,0.011504746,-0.181929951,0.000067817,0.000179494,0.000006730,0.000409110,0.011325251,-0.181936682,-0.003156905,-0.006758672,-2.735607749,-0.037611351,0.000959172,-0.000199590,0.002528792,-0.000950339,0.000850544,-0.002428997,1.367803874,1.367803874
1786024536.930374622,84.150531148,0.000000000,NONE,0,0.049989045,0.000000000,-100.000000000,-1.000000000,-0.000588968,-100.007625193,-0.878711827,0.000588968,0.007625193,-0.121288173,0.000454014,0.011444743,-0.181933401,0.000057631,0.000158561,0.000004617,0.000396383,0.011286183,-0.181938018,-0.003848634,-0.008687138,-2.735687991,-0.037563456,0.000956949,-0.000253402,0.003197294,-0.001272976,0.001146275,-0.003070592,1.367843995,1.367843995
1786024536.980171204,84.200327995,0.000000000,NONE,0,0.049910636,0.000000000,-100.000000000,-1.000000000,-0.000586214,-100.007618284,-0.878711670,0.000586214,0.007618284,-0.121288330,0.000432277,0.011389773,-0.181936468,0.000044443,0.000126630,0.000002036,0.000387834,0.011263143,-0.181938504,-0.004269485,-0.009564676,-2.735705053,-0.037515712,0.000954249,-0.000301047,0.003533802,-0.001399060,0.001248536,-0.003383278,1.367852527,1.367852527
1786024537.030300856,84.250457402,0.000000000,NONE,0,0.050126724,0.000000000,-100.000000000,-1.000000000,-0.000584252,-100.007613169,-0.878711647,0.000584252,0.007613169,-0.121288353,0.000413093,0.011345441,-0.181938820,0.000029206,0.000087618,-0.000000711,0.000383887,0.011257824,-0.181938109,-0.004404960,-0.009323341,-2.735659724,-0.037468136,0.000950960,-0.000317964,0.003511566,-0.001309086,0.001150104,-0.003352584,1.367829862,1.367829862
1786024537.080301046,84.300457585,0.000000000,NONE,0,0.049947779,0.000000000,-100.000000000,-1.000000000,-0.000583155,-100.007610066,-0.878711760,0.000583155,0.007610066,-0.121288240,0.000397706,0.011316355,-0.181940197,0.000013219,0.000046329,-0.000003316,0.000384487,0.011270026,-0.181936881,-0.004269123,-0.008009826,-2.735557112,-0.037420755,0.000946883,-0.000329462,0.003152103,-0.001017542,0.000852810,-0.002987372,1.367778556,1.367778556
1786024537.130229235,84.350385919,0.000000000,NONE,0,0.049998057,0.000000000,-100.000000000,-1.000000000,-0.000582938,-100.007608958,-0.878711987,0.000582938,0.007608958,-0.121288013,0.000387411,0.011305379,-0.181940455,-0.000002457,0.000006868,-0.000004920,0.000389868,0.011298511,-0.181935536,-0.003841341,-0.005711886,-2.735460580,-0.037374542,0.000847611,0.000703534,0.002212423,-0.000291753,0.000643520,-0.002564190,1.367730290,1.367730290
1786024537.180331707,84.400488393,0.000000000,NONE,0,0.050048877,0.000000000,-100.000000000,-1.000000000,-0.000582940,-100.007609175,-0.878712313,0.000582940,0.007609175,-0.121287687,0.000371737,0.011305528,-0.181940010,-0.000002164,-0.000014327,-0.000007139,0.000373901,0.011319855,-0.181932872,-0.005217252,-0.004290926,-2.735247788,-0.037327228,0.000956656,-0.000435681,0.002485965,0.000122661,-0.000340502,-0.002268124,1.367623894,1.367623894
1786024537.230058908,84.450215669,0.000000000,NONE,0,0.049839000,0.000000000,-100.000000000,-1.000000000,-0.000584452,-100.007611307,-0.878712709,0.000584452,0.007611307,-0.121287291,0.000373511,0.011333463,-0.181937885,-0.000040071,-0.000055976,-0.000007957,0.000413583,0.011389439,-0.181929928,-0.001710706,0.001186064,-2.735035904,-0.037278269,0.000956243,-0.000632467,0.000289277,0.000566076,-0.000882309,0.000026956,1.367517952,1.367517952
1786024537.280182838,84.500339510,0.000000000,NONE,0,0.050095029,0.000000000,-100.000000000,-1.000000000,-0.000587571,-100.007612928,-0.878713106,0.000587571,0.007612928,-0.121286894,0.000397806,0.011352883,-0.181936203,-0.000067335,-0.000028952,-0.000007688,0.000465141,0.011381835,-0.181928515,0.001628366,-0.000499348,-2.734967837,-0.037230894,0.000938226,-0.000512127,-0.000154223,-0.000659960,0.000403897,0.000410287,1.367483918,1.367483918
1786024537.330298901,84.550455176,0.000000000,NONE,0,0.049954943,0.000000000,-100.000000000,-1.000000000,-0.000590450,-100.007615348,-0.878713469,0.000590450,0.007615348,-0.121286531,0.000419068,0.011393499,-0.181933320,-0.000051205,-0.000057014,-0.000006861,0.000470274,0.011450513,-0.181926459,0.001022408,0.005504723,-2.734811008,-0.037184487,0.000920918,-0.000336492,-0.001547660,0.001036456,-0.001204702,0.001715906,1.367405504,1.367405504
1786024537.380222797,84.600379319,0.000000000,NONE,0,0.050049037,0.000000000,-100.000000000,-1.000000000,-0.000592643,-100.007618047,-0.878713772,0.000592643,0.007618047,-0.121286228,0.000434364,0.011446638,-0.181929765,-0.000038903,-0.000049210,-0.000005366,0.000473267,0.011495848,-0.181924399,0.001171558,0.008136472,-2.734666745,-0.037138881,0.000906134,-0.000119597,-0.002297108,0.001711329,-0.001771128,0.002356907,1.367333372,1.367333372
1786024537.430264235,84.650420969,0.000000000,NONE,0,0.049992441,0.000000000,-100.000000000,-1.000000000,-0.000594408,-100.007619633,-0.878713977,0.000594408,0.007619633,-0.121286023,0.000447702,0.011498269,-0.181926332,-0.000031920,-0.000020534,-0.000003127,0.000479622,0.011518803,-0.181923205,0.001632702,0.009445792,-2.734600500,-0.037093925,0.000895421,0.000099875,-0.002794592,0.001978241,-0.001928304,0.002744655,1.367300250,1.367300250
1786024537.480133772,84.700290466,0.000000000,NONE,0,0.049966269,0.000000000,-100.000000000,-1.000000000,-0.000595757,-100.007619517,-0.878714054,0.000595757,0.007619517,-0.121285946,0.000459774,0.011541232,-0.181923464,-0.000024366,0.000016870,-0.000000446,0.000484139,0.011524362,-0.181923018,0.001879650,0.009795143,-2.734607501,-0.037049353,0.000890334,0.000287421,-0.002990554,0.002050729,-0.001907018,0.002846843,1.367303751,1.367303751
1786024537.530147791,84.750304533,0.000000000,NONE,0,0.049987228,0.000000000,-100.000000000,-1.000000000,-0.000596632,-100.007617389,-0.878713995,0.000596632,0.007617389,-0.121286005,0.000470259,0.011570198,-0.181921492,-0.000016096,0.000058889,0.000002299,0.000486356,0.011511309,-0.181923790,0.001979183,0.008978581,-2.734680781,-0.037004869,0.000890933,0.000422283,-0.002845012,0.001855420,-0.001644279,0.002633870,1.367340390,1.367340390
1786024537.580103636,84.800260372,0.000000000,NONE,0,0.049949832,0.000000000,-100.000000000,-1.000000000,-0.000597006,-100.007613266,-0.878713813,0.000597006,0.007613266,-0.121286187,0.000478697,0.011581415,-0.181920644,-0.000007730,0.000099824,0.000004709,0.000486427,0.011481591,-0.181925353,0.001953073,0.007168318,-2.734805978,-0.036961106,0.000896212,0.000560779,-0.002420542,0.001444006,-0.001163616,0.002140153,1.367402989,1.367402989
1786024537.630110502,84.850267021,0.000000000,NONE,0,0.050039908,0.000000000,-100.000000000,-1.000000000,-0.000596866,-100.007607120,-0.878713522,0.000596866,0.007607120,-0.121286478,0.000484534,0.011573436,-0.181920993,0.000001386,0.000123731,0.000005963,0.000483148,0.011449705,-0.181926956,0.001701741,0.005485229,-2.734918977,-0.036916028,0.000816104,0.001450209,-0.002159295,0.001308424,-0.000583320,0.001434190,1.367459489,1.367459489
1786024537.680172682,84.900329404,0.000000000,NONE,0,0.050030041,0.000000000,-100.000000000,-1.000000000,-0.000595747,-100.007599026,-0.878713148,0.000595747,0.007599026,-0.121286852,0.000479122,0.011542998,-0.181922734,0.000020868,0.000171698,0.000007937,0.000458253,0.011371300,-0.181930671,-0.000212794,0.000081488,-2.735221199,-0.036868895,0.000939788,0.000131816,-0.000000128,0.000106524,-0.000040616,-0.000065781,1.367610600,1.367610600
1786024537.730097294,84.950254056,0.000000000,NONE,0,0.049970401,0.000000000,-100.000000000,-1.000000000,-0.000594652,-100.007590561,-0.878712749,0.000594652,0.007590561,-0.121287251,0.000476771,0.011506669,-0.181924837,0.000014239,0.000171001,0.000007953,0.000462533,0.011335668,-0.181932790,0.000638652,-0.000983200,-2.735337673,-0.036821366,0.000952160,-0.000114232,0.000114695,-0.000434021,0.000376905,-0.000057579,1.367668837,1.367668837
1786024537.780199766,85.000356329,0.000000000,NONE,0,0.050034434,0.000000000,-100.000000000,-1.000000000,-0.000594235,-100.007581492,-0.878712377,0.000594235,0.007581492,-0.121287623,0.000487004,0.011453367,-0.181927877,0.000000062,0.000183612,0.000007147,0.000486942,0.011269756,-0.181935025,0.002518048,-0.005354035,-2.735496387,-0.036773806,0.000950316,-0.000220714,0.000764175,-0.002023199,0.001912842,-0.000653818,1.367748193,1.367748193
1786024537.830139875,85.050296436,0.000000000,NONE,0,0.049977610,0.000000000,-100.000000000,-1.000000000,-0.000593666,-100.007572703,-0.878712064,0.000593666,0.007572703,-0.121287936,0.000497247,0.011394118,-0.181931212,0.000008680,0.000168920,0.000005600,0.000488567,0.011225199,-0.181936812,0.002172958,-0.007424833,-2.735612610,-0.036726414,0.000946465,-0.000302552,0.001388607,-0.002475086,0.002323810,-0.001237331,1.367806305,1.367806305
1786024537.880141258,85.100298027,0.000000000,NONE,0,0.049988512,0.000000000,-100.000000000,-1.000000000,-0.000592709,-100.007565036,-0.878711846,0.000592709,0.007565036,-0.121288154,0.000505165,0.011336534,-0.181934389,0.000016658,0.000142644,0.000003426,0.000488506,0.011193890,-0.181937815,0.002148141,-0.008858596,-2.735667114,-0.036679227,0.000941654,-0.000362343,0.001768199,-0.002842270,0.002661098,-0.001587028,1.367833557,1.367833557
1786024537.930145979,85.150302794,0.000000000,NONE,0,0.049999235,0.000000000,-100.000000000,-1.000000000,-0.000591426,-100.007558948,-0.878711747,0.000591426,0.007558948,-0.121288253,0.000510456,0.011286276,-0.181937068,0.000024316,0.000108182,0.000000910,0.000486141,0.011178094,-0.181937978,0.001972523,-0.009303566,-2.735661722,-0.036632302,0.000935895,-0.000395565,0.001931652,-0.002917913,0.002720131,-0.001733870,1.367830861,1.367830861
1786024537.980196714,85.200353140,0.000000000,NONE,0,0.050021973,0.000000000,-100.000000000,-1.000000000,-0.000589837,-100.007554757,-0.878711777,0.000589837,0.007554757,-0.121288223,0.000512671,0.011248426,-0.181938958,0.000031579,0.000068947,-0.000001647,0.000481092,0.011179480,-0.181937311,0.001628107,-0.008662551,-2.735598454,-0.036585688,0.000929396,-0.000399525,0.001858492,-0.002672546,0.002472783,-0.001658730,1.367799227,1.367799227
1786024538.030162334,85.250319015,0.000000000,NONE,0,0.050000904,0.000000000,-100.000000000,-1.000000000,-0.000587986,-100.007552567,-0.878711929,0.000587986,0.007552567,-0.121288071,0.000511573,0.011226641,-0.181939861,0.000037834,0.000029450,-0.000003956,0.000473739,0.011197191,-0.181935905,0.001152600,-0.007030935,-2.735485212,-0.036539424,0.000922321,-0.000375893,0.001563557,-0.002139857,0.001951911,-0.001375611,1.367742606,1.367742606
1786024538.080061197,85.300217926,0.000000000,NONE,0,0.049927319,0.000000000,-100.000000000,-1.000000000,-0.000586021,-100.007552233,-0.878712172,0.000586021,0.007552233,-0.121287828,0.000507433,0.011222530,-0.181939717,0.000038144,-0.000004341,-0.000005140,0.000469289,0.011226871,-0.181934577,0.000955064,-0.004736660,-2.735393775,-0.036495364,0.000823579,0.000731001,0.000762649,-0.001240181,0.001605681,-0.001128149,1.367696887,1.367696887
1786024538.130136251,85.350292861,0.000000000,NONE,0,0.050043354,0.000000000,-100.000000000,-1.000000000,-0.000583151,-100.007553615,-0.878712515,0.000583151,0.007553615,-0.121287485,0.000489144,0.011238212,-0.181938392,0.000060703,-0.000035802,-0.000007093,0.000428440,0.011274014,-0.181931299,-0.002213153,-0.001251464,-2.735125434,-0.036447518,0.000930840,-0.000521420,0.000996509,0.000110067,-0.000370777,-0.000735799,1.367562717,1.367562717
1786024538.180086374,85.400242994,0.000000000,NONE,0,0.050000232,0.000000000,-100.000000000,-1.000000000,-0.000581247,-100.007556190,-0.878712883,0.000581247,0.007556190,-0.121287117,0.000483792,0.011273024,-0.181935927,0.000033399,-0.000055403,-0.000007296,0.000450394,0.011328428,-0.181928631,0.000370376,0.002502850,-2.734950817,-0.036400978,0.000925130,-0.000547415,-0.000581453,0.000396265,-0.000669972,0.000855160,1.367475409,1.367475409
1786024538.230090141,85.450246956,0.000000000,NONE,0,0.050001213,0.000000000,-100.000000000,-1.000000000,-0.000579652,-100.007558813,-0.878713230,0.000579652,0.007558813,-0.121286770,0.000478805,0.011314350,-0.181933089,0.000034608,-0.000048465,-0.000006507,0.000444197,0.011362815,-0.181926582,-0.000553554,0.004521138,-2.734819789,-0.036355260,0.000906897,-0.000386890,-0.000895174,0.001171950,-0.001365396,0.001088619,1.367409894,1.367409894
1786024538.280162811,85.500319491,0.000000000,NONE,0,0.050023627,0.000000000,-100.000000000,-1.000000000,-0.000577802,-100.007560885,-0.878713513,0.000577802,0.007560885,-0.121286487,0.000468273,0.011357869,-0.181930160,0.000038582,-0.000033852,-0.000005006,0.000429691,0.011391722,-0.181925154,-0.001579645,0.006506121,-2.734732222,-0.036310426,0.000890602,-0.000177865,-0.001187153,0.001976975,-0.002065908,0.001276085,1.367366111,1.367366111
1786024538.330152035,85.550308611,0.000000000,NONE,0,0.049991401,0.000000000,-100.000000000,-1.000000000,-0.000575896,-100.007562020,-0.878713706,0.000575896,0.007562020,-0.121286294,0.000453838,0.011400142,-0.181927356,0.000037270,-0.000011476,-0.000003009,0.000416568,0.011411618,-0.181924347,-0.002329789,0.007878971,-2.734688147,-0.036266260,0.000879065,0.000030230,-0.001394853,0.002559747,-0.002544633,0.001379738,1.367344074,1.367344074
1786024538.380262852,85.600419488,0.000000000,NONE,0,0.050072154,0.000000000,-100.000000000,-1.000000000,-0.000574137,-100.007561796,-0.878713789,0.000574137,0.007561796,-0.121286211,0.000437469,0.011436357,-0.181924965,0.000032094,0.000018503,-0.000000735,0.000405374,0.011417855,-0.181924230,-0.002953023,0.008328949,-2.734693791,-0.036222494,0.000872917,0.000217862,-0.001398447,0.002874959,-0.002766028,0.001289516,1.367346896,1.367346896
1786024538.430217505,85.650374155,0.000000000,NONE,0,0.049971315,0.000000000,-100.000000000,-1.000000000,-0.000572669,-100.007559911,-0.878713757,0.000572669,0.007559911,-0.121286243,0.000420674,0.011462039,-0.181923249,0.000023945,0.000053009,0.000001573,0.000396729,0.011409030,-0.181924823,-0.003411966,0.007828425,-2.734749443,-0.036178840,0.000872547,0.000345043,-0.001190375,0.002896359,-0.002723837,0.001017854,1.367374722,1.367374722
1786024538.480200529,85.700356989,0.000000000,NONE,0,0.050003980,0.000000000,-100.000000000,-1.000000000,-0.000571621,-100.007556266,-0.878713617,0.000571621,0.007556266,-0.121286383,0.000405137,0.011473950,-0.181922396,0.000013555,0.000087685,0.000003648,0.000391583,0.011386265,-0.181926044,-0.003641489,0.006489429,-2.734847505,-0.036135057,0.000876638,0.000415282,-0.000815805,0.002636550,-0.002428909,0.000608164,1.367423752,1.367423752
1786024538.530320644,85.750477001,0.000000000,NONE,0,0.050026455,0.000000000,-100.000000000,-1.000000000,-0.000571067,-100.007550985,-0.878713388,0.000571067,0.007550985,-0.121286612,0.000391954,0.011470819,-0.181922469,0.000002146,0.000118314,0.000005268,0.000389808,0.011352505,-0.181927737,-0.003671289,0.004522747,-2.734975410,-0.036090968,0.000883966,0.000425895,-0.000319338,0.002154983,-0.001942035,0.000106391,1.367487705,1.367487705
1786024538.580131054,85.800287802,0.000000000,NONE,0,0.049911479,0.000000000,-100.000000000,-1.000000000,-0.000570968,-100.007544523,-0.878713096,0.000570968,0.007544523,-0.121286904,0.000380530,0.011455912,-0.181923267,-0.000007482,0.000138406,0.000006283,0.000388012,0.011317506,-0.181929550,-0.003770234,0.002652653,-2.735104844,-0.036046470,0.000892817,0.000375868,0.000185428,0.001699689,-0.001511755,-0.000373362,1.367552422,1.367552422
1786024538.630162001,85.850318662,0.000000000,NONE,0,0.050014078,0.000000000,-100.000000000,-1.000000000,-0.000571555,-100.007536875,-0.878712774,0.000571555,0.007536875,-0.121287226,0.000375577,0.011423983,-0.181925059,-0.000022934,0.000159299,0.000006631,0.000398511,0.011264684,-0.181931690,-0.002884672,-0.000645796,-2.735261080,-0.036001531,0.000901996,0.000290079,0.000810097,0.000632239,-0.000487199,-0.000955137,1.367630540,1.367630540
1786024538.680115938,85.900272660,0.000000000,NONE,0,0.050006219,0.000000000,-100.000000000,-1.000000000,-0.000572852,-100.007528361,-0.878712456,0.000572852,0.007528361,-0.121287544,0.000378589,0.011374891,-0.181927821,-0.000036541,0.000170852,0.000006213,0.000415130,0.011204039,-0.181934034,-0.001754592,-0.004246694,-2.735429251,-0.035956168,0.000910674,0.000170358,0.001457732,-0.000580436,0.000665615,-0.001542911,1.367714626,1.367714626
1786024538.730165482,85.950322195,0.000000000,NONE,0,0.050020851,0.000000000,-100.000000000,-1.000000000,-0.000574728,-100.007520003,-0.878712182,0.000574728,0.007520003,-0.121287818,0.000389442,0.011319183,-0.181930919,-0.000046410,0.000160360,0.000004963,0.000435852,0.011158823,-0.181935882,-0.000418056,-0.006468663,-2.735548685,-0.035910413,0.000918137,0.000027851,0.001714717,-0.001505689,0.001519615,-0.001728643,1.367774342,1.367774342
1786024538.780128479,86.000284935,0.000000000,NONE,0,0.049982147,0.000000000,-100.000000000,-1.000000000,-0.000576984,-100.007512571,-0.878711989,0.000576984,0.007512571,-0.121288011,0.000407142,0.011264384,-0.181933896,-0.000051375,0.000137133,0.000003074,0.000458516,0.011127251,-0.181936970,0.000993117,-0.007907381,-2.735609680,-0.035864348,0.000922971,-0.000120556,0.001758705,-0.002255264,0.002194985,-0.001698427,1.367804840,1.367804840
1786024538.830166101,86.050322595,0.000000000,NONE,0,0.050037129,0.000000000,-100.000000000,-1.000000000,-0.000579355,-100.007506512,-0.878711901,0.000579355,0.007506512,-0.121288099,0.000429798,0.011215531,-0.181936449,-0.000050561,0.000106565,0.000000831,0.000480359,0.011108966,-0.181937280,0.002299661,-0.008544404,-2.735615817,-0.035818119,0.000924310,-0.000247781,0.001623131,-0.002772962,0.002649071,-0.001499240,1.367807909,1.367807909
1786024538.880180836,86.100337356,0.000000000,NONE,0,0.050010916,0.000000000,-100.000000000,-1.000000000,-0.000580284,-100.007504545,-0.878711898,0.000580284,0.007504545,-0.121288102,0.000439904,0.011198686,-0.181937292,-0.000049408,0.000093168,-0.000000094,0.000489313,0.011105518,-0.181937198,0.002592079,-0.008206047,-2.735602178,-0.035799619,0.000923788,0.001858166,0.000938950,-0.002234990,0.003164073,-0.001868033,1.367801089,1.367801089
1786024538.930402279,86.150558755,0.000000000,NONE,0,0.050029315,0.000000000,-100.000000000,-1.000000000,-0.000580284,-100.007504545,-0.878711898,0.000580284,0.007504545,-0.121288102,0.000439904,0.011198686,-0.181937292,-0.000049408,0.000093168,-0.000000094,0.000489313,0.011105518,-0.181937198,0.002425277,-0.007859297,-2.735603832,-0.035799619,0.000923788,0.005440227,-0.000001552,-0.001211087,0.003931200,-0.002718562,1.367801916,1.367801916
1786024538.980323076,86.200479609,0.000000000,NONE,0,0.050029113,0.000000000,-100.000000000,-1.000000000,-0.000580284,-100.007504545,-0.878711898,0.000580284,0.007504545,-0.121288102,0.000439904,0.011198686,-0.181937292,-0.000049408,0.000093168,-0.000000094,0.000489313,0.011105518,-0.181937198,0.002437517,-0.007581497,-2.735603832,-0.035799619,0.000923788,0.009022273,-0.000969573,-0.000249185,0.004760322,-0.003541563,1.367801916,1.367801916
1786024539.030306578,86.250463061,0.000000000,NONE,0,0.049993880,0.000000000,-100.000000000,-1.000000000,-0.000580284,-100.007504545,-0.878711898,0.000580284,0.007504545,-0.121288102,0.000439904,0.011198686,-0.181937292,-0.000049408,0.000093168,-0.000000094,0.000489313,0.011105518,-0.181937198,0.002449748,-0.007303893,-2.735603832,-0.035799619,0.000923788,0.012601797,-0.001936913,0.000712039,0.005588859,-0.004363986,1.367801916,1.367801916
1786024539.080206156,86.300362626,0.000000000,NONE,0,0.049960367,0.000000000,-100.000000000,-1.000000000,-0.000580284,-100.007504545,-0.878711898,0.000580284,0.007504545,-0.121288102,0.000439904,0.011198686,-0.181937292,-0.000049408,0.000093168,-0.000000094,0.000489313,0.011105518,-0.181937198,0.002461971,-0.007026475,-2.735603832,-0.035799619,0.000923788,0.016178921,-0.002903604,0.001672619,0.006416842,-0.005185856,1.367801916,1.367801916
