wall_time_unix_sec,elapsed_sec,ros_time_sec,event,logger_queue_overflow,control_dt_sec,target_position_x,target_position_y,target_position_z,current_position_x,current_position_y,current_position_z,position_error_x,position_error_y,position_error_z,target_velocity_x,target_velocity_y,target_velocity_z,current_velocity_x,current_velocity_y,current_velocity_z,velocity_error_x,velocity_error_y,velocity_error_z,body_command_x,body_command_y,body_command_z,yaw,yaw_rate,yaw_command,motor1_command,motor2_command,motor3_command,motor4_command,motor5_command,motor6_command
1786021327.516705990,38.050308596,0.000000000,TARGET_UPDATED,0,0.050000000,3.500207793,3.500000000,0.409042853,0.000208007,-0.000000000,-0.091223525,3.499999786,3.500000000,0.500266378,2.121317765,2.121320408,0.750406674,0.000004328,-0.000000000,-0.004098729,2.121313436,2.121320408,0.754505403,342.000450684,450.000000000,63.834240868,0.000000000,0.000000000,0.000000000,-120.000000000,16.363558767,-16.363558767,120.000000000,-31.917120434,-31.917120434
1786021327.566663504,38.100265961,0.000000000,NONE,0,0.049935578,3.500207793,3.500000000,0.409042853,0.017904086,0.022839954,-0.083752603,3.482303707,3.477160046,0.492795456,2.120926687,2.141950942,0.678323459,0.634105862,0.813046920,0.249948244,1.486820824,1.328904022,0.428375216,291.182649509,415.360529077,34.484804726,-0.004275707,-0.149541473,1.837898302,-120.000000000,21.347116457,-20.724435238,119.377318781,-17.242402363,-17.242402363
1786021327.616678953,38.150281552,0.000000000,NONE,0,0.050004246,3.500207793,3.500000000,0.409042853,0.067109308,0.083031497,-0.067005025,3.433098485,3.416968503,0.476047878,2.113459094,2.178684750,0.544538319,1.180457091,1.447107763,0.253727696,0.933002003,0.731576987,0.290810624,258.099194379,395.618908942,28.642514528,-0.016014084,-0.259935998,3.882515243,-120.000000000,25.803302335,-24.386327302,118.583024967,-14.321257264,-14.321257264
1786021327.666671038,38.200273700,0.000000000,NONE,0,0.049983804,3.500207793,3.500000000,0.409042853,0.138066847,0.163490909,-0.050928099,3.362140946,3.336509091,0.459970952,2.095120505,2.215444104,0.422276409,1.508203457,1.758469394,0.083860913,0.586917048,0.456974710,0.338415496,237.818473234,397.977734654,35.686777397,-0.031805895,-0.302034988,5.570029634,-120.000000000,31.008047763,-28.923736126,117.915688364,-17.843388699,-17.843388699
1786021327.716653824,38.250256445,0.000000000,NONE,0,0.050011751,3.500207793,3.500000000,0.409042853,0.221777901,0.252534313,-0.040833843,3.278429892,3.247465687,0.449876696,2.069984735,2.250044219,0.328389333,1.662142833,1.891921182,-0.144099937,0.407841903,0.358123037,0.472489270,225.433136224,407.407079581,46.812196059,-0.048568172,-0.301399115,6.909511001,-120.000000000,35.429502465,-32.837422202,117.407919737,-23.406098030,-23.406098030
1786021327.766707659,38.300310360,0.000000000,NONE,0,0.050006818,3.500207793,3.500000000,0.409042853,0.312162642,0.344939742,-0.037930706,3.188045151,3.155060258,0.446973559,2.042960287,2.282014936,0.261224358,1.715512841,1.949867916,-0.339364974,0.327447446,0.332147020,0.600589332,217.288316665,418.411863085,55.675023747,-0.064617436,-0.279808954,7.984013162,-120.000000000,38.983258291,-36.006389851,117.023131561,-27.837511873,-27.837511873
1786021327.816683054,38.350285728,0.000000000,NONE,0,0.050013416,3.500207793,3.500000000,0.409042853,0.405750517,0.438557130,-0.039547604,3.094457276,3.061442870,0.448590457,2.016934050,2.310767263,0.212383718,1.721952571,1.979342244,-0.448433946,0.294981479,0.331425018,0.660817664,211.265648597,428.996299477,58.550123373,-0.079206423,-0.249230437,8.853269706,-120.000000000,41.887895593,-38.614540307,116.726644714,-29.275061686,-29.275061686
1786021327.866678238,38.400280826,0.000000000,NONE,0,0.049978332,3.500207793,3.500000000,0.409042853,0.500691688,0.532469839,-0.042335220,2.999516105,2.967530161,0.451378073,1.993142323,2.335709336,0.173969685,1.709971042,1.998257356,-0.489775616,0.283171281,0.337451980,0.663745300,206.425649273,438.378045109,57.625978987,-0.092043309,-0.215354036,9.550656930,-120.000000000,44.288490286,-40.785560018,116.497069732,-28.812989494,-28.812989494
1786021327.916686296,38.450289032,0.000000000,NONE,0,0.050031255,3.500207793,3.500000000,0.409042853,0.596071240,0.626312024,-0.044371700,2.904136553,2.873687976,0.453414553,1.972105186,2.356552540,0.141516648,1.692108558,2.012245171,-0.498090614,0.279996628,0.344307369,0.639607262,202.435660112,446.305422386,55.411279197,-0.103035553,-0.180763098,10.094437026,-120.000000000,46.256923030,-42.579730750,116.322807720,-27.705639598,-27.705639598
1786021327.966670275,38.500272977,0.000000000,NONE,0,0.049968417,3.500207793,3.500000000,0.409042853,0.672395822,0.701258216,-0.045061175,2.827811971,2.798741784,0.454104028,1.957464452,2.370287790,0.118500060,1.676302233,2.021514952,-0.498313595,0.281162219,0.348772838,0.616813655,199.854889361,450.000000000,53.857436157,-0.110497581,-0.153033739,10.425148438,-120.000000000,47.356317470,-43.566962224,116.210644754,-26.928718078,-26.928718078
1786021328.016686678,38.550289312,0.000000000,NONE,0,0.050013595,3.500207793,3.500000000,0.409042853,0.767704570,0.794719843,-0.044849142,2.732503223,2.705280157,0.453891995,1.942029636,2.384004049,0.092660442,1.659969042,2.027855871,-0.498026466,0.282060595,0.356148178,0.590686908,197.039259293,450.000000000,51.977102442,-0.118205466,-0.119915206,10.722417661,-120.000000000,48.105537481,-44.193208245,116.087670765,-25.988551221,-25.988551221
1786021328.066696644,38.600299388,0.000000000,NONE,0,0.049999253,3.500207793,3.500000000,0.409042853,0.862927964,0.887885952,-0.043857460,2.637279829,2.612114048,0.452900314,1.929937628,2.394167934,0.069409766,1.647081450,2.030078810,-0.505393280,0.282856178,0.364089124,0.574803046,194.858508468,450.000000000,51.084312896,-0.124158878,-0.086242848,10.874382751,-120.000000000,48.681262358,-44.701209054,116.019946696,-25.542156448,-25.542156448
1786021328.116721869,38.650324595,0.000000000,TARGET_UPDATED,0,0.050063346,4.362927964,4.387885952,0.456142540,0.958103669,0.980800738,-0.042622921,3.404824296,3.407085214,0.498765461,1.920269308,2.420429614,0.117524399,1.636850089,2.029938723,-0.519701916,0.283419220,0.390490891,0.637226315,193.118927810,450.000000000,57.034460253,-0.128354624,-0.052518541,10.885651117,-120.000000000,49.131164876,-45.136458489,116.005293614,-28.517230127,-28.517230127
1786021328.166704893,38.700307497,0.000000000,NONE,0,0.049958247,4.362927964,4.387885952,0.456142540,1.053139172,1.073503201,-0.040981613,3.309788792,3.314382752,0.497124153,1.915660000,2.424253004,0.096395493,1.628563761,2.028537853,-0.518176307,0.287096239,0.395715150,0.614571800,192.565617605,450.000000000,53.763641003,-0.130860134,-0.020193552,10.775917090,-120.000000000,49.262497835,-45.304047370,116.041549535,-26.881820502,-26.881820502
1786021328.216771364,38.750373859,0.000000000,NONE,0,0.049997199,4.362927964,4.387885952,0.456142540,1.147938787,1.166045283,-0.038814263,3.214989177,3.221840670,0.494956803,1.914495961,2.424964519,0.073907558,1.622015194,2.025202084,-0.533588061,0.292480768,0.399762435,0.607495619,192.717408730,450.000000000,53.595432323,-0.131814596,0.009476704,10.568752263,-120.000000000,49.200737966,-45.318058836,116.117320870,-26.797716162,-26.797716162
1786021328.266771793,38.800374390,0.000000000,NONE,0,0.049984486,4.362927964,4.387885952,0.456142540,1.242601731,1.258606085,-0.037042495,3.120326234,3.129279868,0.493185034,1.916591159,2.423106649,0.050033196,1.617002596,2.020341969,-0.560597088,0.299588563,0.402764680,0.610630284,193.568783895,450.000000000,54.034364174,-0.131439070,0.034659455,10.300022436,-120.000000000,48.951331391,-45.170748251,116.219416860,-27.017182087,-27.017182087
1786021328.316708088,38.850310640,0.000000000,NONE,0,0.050000259,4.362927964,4.387885952,0.456142540,1.337116328,1.351271423,-0.035723655,3.025811636,3.036614530,0.491866194,1.921278495,2.419185796,0.024017149,1.613562648,2.014569042,-0.587640721,0.307715847,0.404616754,0.611657871,194.942628672,450.000000000,54.079425652,-0.130061482,0.053164037,10.017775807,-120.000000000,48.566321626,-44.895464308,116.329142682,-27.039712826,-27.039712826
1786021328.366698027,38.900300685,0.000000000,NONE,0,0.050012792,4.362927964,4.387885952,0.456142540,1.431451174,1.444084370,-0.034640629,2.931476790,2.943801582,0.490783169,1.927635725,2.413742217,-0.004721001,1.611339837,2.008231148,-0.612684008,0.316295888,0.405511069,0.607963007,196.641601056,450.000000000,53.741558125,-0.128070271,0.064345659,9.759473049,-120.000000000,48.101908855,-44.533551605,116.431642750,-26.870779063,-26.870779063
1786021328.416720629,38.950323136,0.000000000,NONE,0,0.050002258,4.362927964,4.387885952,0.456142540,1.525582418,1.537068459,-0.033583389,2.837345546,2.850817493,0.489725928,1.934745733,2.407291731,-0.036418596,1.609649636,2.001490175,-0.636490754,0.325096097,0.405801555,0.600072158,198.492213910,450.000000000,53.120269720,-0.125839169,0.068928585,9.547740074,-120.000000000,47.606019893,-44.123772950,116.517753057,-26.560134860,-26.560134860
1786021328.466750860,39.000353525,0.000000000,NONE,0,0.049981851,4.362927964,4.387885952,0.456142540,1.619491241,1.630232163,-0.032407260,2.743436723,2.757653790,0.488549799,1.941839626,2.400256481,-0.071131792,1.607730499,1.994392059,-0.660306931,0.334109127,0.405864422,0.589175138,200.357546109,450.000000000,52.311992698,-0.123680300,0.068366084,9.393019122,-120.000000000,47.115165033,-43.698230349,116.583065316,-26.155996349,-26.155996349
1786021328.516727924,39.050330382,0.000000000,TARGET_UPDATED,0,0.050066870,5.119491241,5.130232163,0.467592740,1.713162877,1.723571168,-0.031038522,3.406328364,3.406660995,0.498631262,1.957926026,2.391103460,-0.092598460,1.604949258,1.986889478,-0.685266604,0.352976768,0.404213982,0.592668144,204.687603423,450.000000000,52.859125988,-0.121829523,0.064250159,9.298315452,-120.000000000,46.014959918,-42.654051735,116.639091817,-26.429562994,-26.429562994
1786021328.566698551,39.100301225,0.000000000,NONE,0,0.049939535,5.119491241,5.130232163,0.467592740,1.806620736,1.816982101,-0.029334862,3.312870505,3.313250062,0.496927602,1.963725901,2.383596475,-0.133629230,1.603581455,1.976599177,-0.707471526,0.360144447,0.406997299,0.573842296,205.978372835,450.000000000,51.108905655,-0.120450468,0.058223149,9.260291661,-120.000000000,45.688610541,-42.347749408,116.659138866,-25.554452828,-25.554452828
1786021328.616647959,39.150250509,0.000000000,NONE,0,0.049946229,5.119491241,5.130232163,0.467592740,1.899881544,1.910412657,-0.027266245,3.219609697,3.219819505,0.494858985,1.968214536,2.376002872,-0.178140610,1.599159856,1.967120683,-0.736033770,0.369054681,0.408882188,0.557893160,207.399007185,450.000000000,50.064045217,-0.119630212,0.051687137,9.271981449,-120.000000000,45.336841451,-41.998949769,116.662108318,-25.032022609,-25.032022609
1786021328.666741848,39.200344292,0.000000000,NONE,0,0.050052582,5.119491241,5.130232163,0.467592740,1.992880936,2.003947716,-0.025027180,3.126610305,3.126284446,0.492619920,1.971427381,2.368196179,-0.226137804,1.591512969,1.957504439,-0.768548820,0.379914412,0.410691740,0.542411015,208.702483412,450.000000000,49.003878107,-0.119388498,0.045717459,9.324292512,-120.000000000,45.020077302,-41.670166365,116.650089063,-24.501939054,-24.501939054
1786021328.716703176,39.250305791,0.000000000,NONE,0,0.049997283,5.119491241,5.130232163,0.467592740,2.067050151,2.078848464,-0.023104433,3.052441090,3.051383698,0.490697173,1.973108269,2.361620358,-0.267126199,1.583998051,1.949494242,-0.794784721,0.389110217,0.412126116,0.527658522,209.547213114,450.000000000,47.998646005,-0.119597946,0.042038683,9.389795238,-120.000000000,44.819033004,-41.450179392,116.631146388,-23.999323002,-23.999323002
1786021328.766851187,39.300453653,0.000000000,NONE,0,0.050095323,5.119491241,5.130232163,0.467592740,2.140975421,2.153800787,-0.020826738,2.978515820,2.976431376,0.488419478,1.973989825,2.354505792,-0.310503170,1.576517644,1.942592348,-0.814725938,0.397472180,0.411913444,0.504222768,210.207872673,449.650350674,46.198015561,-0.120124377,0.039550711,9.468824811,-120.000000000,44.625951423,-41.230723394,116.604771971,-23.099007780,-23.099007780
1786021328.816659212,39.350261844,0.000000000,NONE,0,0.049896819,5.119491241,5.130232163,0.467592740,2.232991573,2.247540538,-0.017114046,2.886499668,2.882691624,0.484706786,1.973974027,2.344476799,-0.368064644,1.567253802,1.934722770,-0.834923297,0.406720225,0.409754029,0.466858653,210.788349545,445.882411715,43.313170461,-0.121143335,0.038401552,9.573922345,-120.000000000,44.068131220,-40.619336176,116.551204956,-21.656585231,-21.656585231
1786021328.866671324,39.400274096,0.000000000,NONE,0,0.049989031,5.119491241,5.130232163,0.467592740,2.324592923,2.341286815,-0.012267104,2.794898319,2.788945347,0.479859844,1.972845891,2.332773401,-0.429120793,1.559596317,1.925616800,-0.854971182,0.413249574,0.407156602,0.425850389,210.923306095,441.535336974,40.381718302,-0.122433564,0.040867774,9.664719085,-120.000000000,43.546583074,-40.043410232,116.496827158,-20.190859151,-20.190859151
1786021328.916762352,39.450365058,0.000000000,TARGET_UPDATED,0,0.050102483,5.824592923,5.841286815,0.487732896,2.415862194,2.434982555,-0.006249500,3.408730728,3.406304260,0.493982396,1.976456538,2.329397772,-0.465368073,1.553345428,1.915601050,-0.875593772,0.423111109,0.413796722,0.410225699,212.272049826,440.923185816,39.806757240,-0.123797990,0.047403445,9.720921678,-120.000000000,43.149720525,-39.630389797,116.480669272,-19.903378620,-19.903378620
1786021328.966728687,39.500331311,0.000000000,NONE,0,0.049946984,5.824592923,5.841286815,0.487732896,2.506729083,2.528583595,0.001218075,3.317863839,3.312703221,0.486514822,1.973821002,2.313507358,-0.533180896,1.547246570,1.905876987,-0.888060758,0.426574431,0.407630372,0.354879862,211.866361238,434.656482542,35.145174214,-0.125099101,0.055469722,9.756844445,-120.000000000,42.520950123,-38.952894142,116.431944019,-17.572587107,-17.572587107
1786021329.016742706,39.550345212,0.000000000,NONE,0,0.050002542,5.824592923,5.841286815,0.487732896,2.597177059,2.622090187,0.010200295,3.227415863,3.219196628,0.477532601,1.970463420,2.294598378,-0.604298198,1.542265889,1.895107793,-0.907822166,0.428197531,0.399490584,0.303523968,211.305813344,427.464784298,31.638876110,-0.126250780,0.066299469,9.753307008,-120.000000000,41.801810482,-38.192392749,116.390582267,-15.819438055,-15.819438055
1786021329.066794395,39.600397038,0.000000000,NONE,0,0.050093300,5.824592923,5.841286815,0.487732896,2.687286603,2.715547715,0.020519796,3.137306319,3.125739100,0.467213100,1.966599600,2.272348615,-0.678281628,1.538477317,1.883333908,-0.929091961,0.428122283,0.389014707,0.250810333,210.552377139,419.016671566,27.929960229,-0.127127882,0.079559739,9.703608951,-120.000000000,40.953023865,-37.310030347,116.357006482,-13.964980114,-13.964980114
1786021329.116679430,39.650281988,0.000000000,NONE,0,0.049864482,5.824592923,5.841286815,0.487732896,2.777060258,2.808956181,0.032217200,3.047532665,3.032330635,0.455515696,1.962257142,2.246405021,-0.755032533,1.536031322,1.870550652,-0.950766794,0.426225820,0.375854369,0.195734261,209.598808632,409.202327895,24.027309259,-0.127645164,0.094464727,9.608671544,-120.000000000,39.950781440,-36.281072373,116.330290933,-12.013654630,-12.013654630
1786021329.166804075,39.700406511,0.000000000,NONE,0,0.050080624,5.824592923,5.841286815,0.487732896,2.866511694,2.902318163,0.045320425,2.958081229,2.938968652,0.442412471,1.957360183,2.216494541,-0.834435650,1.535181377,1.856614400,-0.973091358,0.422178806,0.359880141,0.138655709,208.408136354,397.973524149,20.000064422,-0.127756031,0.110346575,9.471518642,-120.000000000,38.782667008,-35.091585187,116.308918179,-10.000032211,-10.000032211
1786021329.216695070,39.750297633,0.000000000,NONE,0,0.049937020,5.824592923,5.841286815,0.487732896,2.955642414,2.995635189,0.059881742,2.868950508,2.845651626,0.427851155,1.951724736,2.182396902,-0.916401491,1.535931251,1.841558480,-0.995520174,0.415793485,0.340838422,0.079118683,206.937443296,385.288743024,15.781939071,-0.127449669,0.126555875,9.297645554,-120.000000000,37.434715369,-33.725078585,116.290363216,-7.890969535,-7.890969535
1786021329.266764641,39.800367040,0.000000000,NONE,0,0.050018499,5.824592923,5.841286815,0.487732896,3.044456865,3.088904140,0.075956341,2.780136057,2.752382675,0.411776555,1.945085446,2.143943603,-1.000828797,1.538392644,1.825290968,-1.018163388,0.406692802,0.318652634,0.017334591,205.113287749,371.161024089,11.414503578,-0.126741084,0.142724289,9.091953419,-120.000000000,35.903611155,-32.175912874,116.272301719,-5.707251789,-5.707251789
1786021329.316724539,39.850326993,0.000000000,TARGET_UPDATED,0,0.050004656,6.544456865,6.588904140,0.500000000,3.132963807,3.182117691,0.093600237,3.411493058,3.406786449,0.406399763,1.932569202,2.118721745,-1.071357162,1.542628523,1.807755871,-1.040956429,0.389940679,0.310965874,-0.030400734,201.649582388,362.762645037,8.352878009,-0.125659364,0.158684724,8.858378584,-120.000000000,35.579310598,-31.870746374,116.291435776,-4.176439005,-4.176439005
1786021329.366671085,39.900273530,0.000000000,NONE,0,0.049955161,6.544456865,6.588904140,0.500000000,3.220944557,3.275402746,0.112963638,3.323512309,3.313501394,0.387036362,1.922500302,2.072218610,-1.160580113,1.541949811,1.794850012,-1.059431262,0.380550491,0.277368598,-0.101148851,199.391012101,345.307398855,2.936368537,-0.124271892,0.171188830,8.634755822,-120.000000000,33.517125346,-29.771928923,116.254803576,-1.468184269,-1.468184269
1786021329.416670322,39.950272860,0.000000000,NONE,0,0.050011038,6.544456865,6.588904140,0.500000000,3.308342486,3.368767553,0.134063968,3.236114379,3.220136588,0.365936032,1.910229530,2.021138704,-1.251925371,1.545881277,1.776805261,-1.082297805,0.364348253,0.244333444,-0.169627566,196.048430305,327.328521298,-1.814422771,-0.122697257,0.184759006,8.385355732,-120.000000000,31.517565980,-27.733007827,116.215441847,0.907211386,0.907211386
1786021329.466703892,40.000306551,0.000000000,NONE,0,0.049992377,6.544456865,6.588904140,0.500000000,3.395339746,3.462092311,0.156872852,3.149117120,3.126811830,0.343127148,1.895431502,1.965475653,-1.345046995,1.552952808,1.756406405,-1.105274646,0.342478694,0.209069248,-0.239772349,191.944806833,308.176350419,-6.764388521,-0.120918611,0.199574052,8.107003595,-120.000000000,29.358124581,-25.529763595,116.171639014,3.382194260,3.382194260
1786021329.516685009,40.050287604,0.000000000,NONE,0,0.050000417,6.544456865,6.588904140,0.500000000,3.464691051,3.536684280,0.176399249,3.079765815,3.052219861,0.323600751,1.881546591,1.917496834,-1.420775342,1.561235380,1.738013527,-1.125023213,0.320311211,0.179483307,-0.295752128,188.115123421,292.249899084,-10.406843602,-0.119332358,0.212503928,7.862737888,-120.000000000,27.527524480,-23.662408142,116.134883662,5.203421801,5.203421801
1786021329.566687346,40.100289884,0.000000000,NONE,0,0.050010797,6.544456865,6.588904140,0.500000000,3.568202884,3.648436013,0.208022252,2.976253981,2.940468128,0.291977748,1.856943308,1.839459088,-1.536218271,1.571982100,1.712817415,-1.147074671,0.284961208,0.126641673,-0.389143600,181.349952020,266.161570209,-17.701817231,-0.116636213,0.231295065,7.470801108,-113.745580834,23.070604824,-19.335204270,110.010180280,8.850908616,8.850908616
1786021329.616686583,40.150289187,0.000000000,NONE,0,0.050001736,6.544456865,6.588904140,0.500000000,3.636628588,3.722248110,0.230100079,2.907828278,2.866656030,0.269899921,1.838343393,1.784693481,-1.612223984,1.564659206,1.663226896,-1.169709519,0.273684188,0.121466585,-0.442514465,177.882678384,251.604952318,-20.648795132,-0.114534286,0.244507424,7.181977175,-109.167401969,20.226062777,-16.635074190,105.576413382,10.324397566,10.324397566
1786021329.666689396,40.200291891,0.000000000,NONE,0,0.049949851,6.544456865,6.588904140,0.500000000,3.720933608,3.813028915,0.258081542,2.823523258,2.775875225,0.241918458,1.813233072,1.714085457,-1.704634004,1.544239023,1.601417305,-1.186706380,0.268994049,0.112668152,-0.517927625,173.365513176,232.085336242,-26.383048686,-0.111488060,0.257314213,6.821348786,-103.068049551,16.385292963,-12.974618570,99.657375158,13.191524343,13.191524343
1786021329.716763735,40.250366160,0.000000000,TARGET_UPDATED,0,0.050131526,7.220933608,7.313028915,0.500000000,3.803417244,3.901868727,0.286111741,3.417516363,3.411160188,0.213888259,1.768119422,1.661633005,-1.793226949,1.512834618,1.528416435,-1.204975805,0.255284804,0.133216569,-0.588251144,164.662313891,220.345555472,-31.213442858,-0.108162056,0.267239107,6.466864183,-97.868683386,15.537526441,-12.304094349,94.635251295,15.606721429,15.606721429
1786021329.766684771,40.300287332,0.000000000,NONE,0,0.049913802,7.220933608,7.313028915,0.500000000,3.883636053,3.988815348,0.313615255,3.337297554,3.324213567,0.186384745,1.738495130,1.588679694,-1.879333626,1.464736996,1.463337931,-1.222362860,0.273758134,0.125341764,-0.656970766,161.465551917,201.146531652,-36.014197969,-0.104639778,0.272104221,6.146876747,-92.189740079,11.456964120,-8.383525747,89.116301705,18.007098985,18.007098985
1786021329.816736460,40.350339130,0.000000000,NONE,0,0.050005369,7.220933608,7.313028915,0.500000000,3.961270759,4.073946349,0.340274757,3.259662849,3.239082566,0.159725243,1.706825534,1.513973691,-1.962659575,1.415558990,1.388510054,-1.239035905,0.291266544,0.125463637,-0.723623669,157.298262660,183.563750204,-40.654142741,-0.101276768,0.276500933,5.843997631,-86.676502623,8.027371294,-5.105372478,83.754503808,20.327071371,20.327071371
1786021329.866683483,40.400285930,0.000000000,NONE,0,0.049980335,7.220933608,7.313028915,0.500000000,4.036580283,4.156807563,0.365838798,3.184353324,3.156221353,0.134161202,1.672630534,1.438400794,-2.042990092,1.365621408,1.307438880,-1.254601929,0.307009126,0.130961914,-0.788388163,152.702607493,166.914920070,-45.170243839,-0.098238373,0.281279548,5.562959842,-81.295121852,4.943818105,-2.162338184,78.513641930,22.585121920,22.585121920
1786021329.916688681,40.450291278,0.000000000,NONE,0,0.050006534,7.220933608,7.313028915,0.500000000,4.109641775,4.237237542,0.390119869,3.111291832,3.075791373,0.109880131,1.635539632,1.361570056,-2.120920270,1.312638554,1.223497134,-1.269330451,0.322901079,0.138072922,-0.851589819,147.813564770,150.900072770,-49.583720745,-0.095698511,0.286281758,5.319319924,-76.008239366,2.101456981,0.558202981,73.348579404,24.791860372,24.791860372
1786021329.966670513,40.500273320,0.000000000,NONE,0,0.050000743,7.220933608,7.313028915,0.500000000,4.180454835,4.315147340,0.413019596,3.040478773,2.997881575,0.086980404,1.588970177,1.274216680,-2.206483221,1.252843094,1.133053939,-1.287833572,0.336127084,0.141162742,-0.918649649,141.398801740,133.373254078,-54.378184108,-0.095863080,0.292463095,5.280258445,-70.013078566,-0.686322304,3.326451527,67.372949343,27.189092054,27.189092054
1786021330.016677618,40.550280149,0.000000000,NONE,0,0.049995385,7.220933608,7.313028915,0.500000000,4.248931608,4.390199839,0.434180439,2.972002000,2.922829076,0.065819561,1.551791239,1.205943801,-2.268786235,1.190603894,1.043902891,-1.292717798,0.361187345,0.162040911,-0.976068437,137.577747713,122.016348465,-58.229203841,-0.092589929,0.302809064,4.924204857,-66.129575259,-2.659298597,5.121401026,63.667472830,29.114601920,29.114601920
1786021330.066723108,40.600325776,0.000000000,NONE,0,0.050011040,7.220933608,7.313028915,0.500000000,4.315298014,4.462601701,0.453241903,2.905635594,2.850427214,0.046758097,1.515589792,1.138452167,-2.326334771,1.130205536,0.962006488,-1.300561763,0.385384256,0.176445679,-1.025773007,133.724525566,110.636259504,-61.579563948,-0.088722219,0.308536146,4.566391433,-62.231794126,-4.630468657,6.913664374,59.948598409,30.789781974,30.789781974
1786021330.116709232,40.650311721,0.000000000,NONE,0,0.050019944,7.220933608,7.313028915,0.500000000,4.379708177,4.532639001,0.470227373,2.841225431,2.780389915,0.029772627,1.477164209,1.068838234,-2.382764183,1.068887256,0.881912787,-1.309400258,0.408276953,0.186925446,-1.073363925,129.596229803,99.421936634,-64.895339813,-0.085582859,0.309390037,4.315265426,-58.333357966,-6.464756936,8.622389649,56.175725253,32.447669906,32.447669906
1786021330.166799784,40.700402584,0.000000000,NONE,0,0.050087792,7.220933608,7.313028915,0.500000000,4.442234662,4.600324115,0.485104012,2.778698946,2.712704800,0.014895988,1.436341469,0.998543122,-2.437280056,1.004796358,0.800970824,-1.317336891,0.431545111,0.197572298,-1.119943165,125.336188785,88.937614589,-68.162447547,-0.083435128,0.309183807,4.153867419,-54.606917698,-8.061176694,10.138110404,52.529983989,34.081223773,34.081223773
1786021330.216609478,40.750212151,0.000000000,NONE,0,0.049807811,7.220933608,7.313028915,0.500000000,4.502954202,4.665567581,0.497703631,2.717979405,2.647461334,0.002296369,1.393779089,0.928963964,-2.488858709,0.936772971,0.718025971,-1.324161541,0.457006117,0.210937993,-1.164697168,121.175572597,79.528264783,-71.292815056,-0.082200379,0.310280357,4.052310422,-51.189036951,-9.398749348,11.424904559,49.162881740,35.646407528,35.646407528
1786021330.266874790,40.800477410,0.000000000,NONE,0,0.050201386,7.220933608,7.313028915,0.500000000,4.550295825,4.715935331,0.505965772,2.670637783,2.597093584,-0.005965772,1.359078717,0.874370417,-2.527540602,0.878399998,0.648390043,-1.329752933,0.480678719,0.225980374,-1.197787668,118.011404146,72.927082883,-73.399836731,-0.081740479,0.312759220,3.998936758,-48.734355947,-10.271346126,12.270814505,46.734887568,36.699918366,36.699918366
1786021330.316738605,40.850341254,0.000000000,TARGET_UPDATED,0,0.049945028,8.050295825,8.215935331,0.500000000,4.607938664,4.776627671,0.513990461,3.442357161,3.439307660,-0.013990461,1.293076860,0.844717602,-2.571934060,0.804781150,0.567003292,-1.332078023,0.488295710,0.277714310,-1.239856037,109.811076952,72.869800476,-76.558723153,-0.081807720,0.316949512,3.970584849,-46.662865569,-8.242672907,10.227965331,44.677573145,38.279361576,38.279361576
1786021330.366618395,40.900221108,0.000000000,NONE,0,0.049863145,8.050295825,8.215935331,0.500000000,4.652563247,4.823737716,0.518454330,3.397732578,3.392197615,-0.018454330,1.258077781,0.792418696,-2.605778036,0.732029235,0.516178439,-1.335719380,0.526048545,0.276240257,-1.270058656,108.434563530,65.164869828,-78.467987841,-0.082352576,0.319001225,4.001868968,-44.400325582,-9.816956183,11.817890667,42.399391098,39.233993920,39.233993920
1786021330.416689873,40.950292513,0.000000000,NONE,0,0.050086849,8.050295825,8.215935331,0.500000000,4.706271226,4.881131758,0.521531565,3.344024599,3.334803573,-0.021531565,1.215489480,0.728041301,-2.644538581,0.645621957,0.450396639,-1.335651249,0.569867523,0.277644662,-1.308887332,106.170298891,57.816437552,-81.388290966,-0.083488366,0.324377802,4.047329758,-42.008516550,-11.076632895,13.100297774,39.984851671,40.694145483,40.694145483
1786021330.466699123,41.000301649,0.000000000,NONE,0,0.049971103,8.050295825,8.215935331,0.500000000,4.758117260,4.936582644,0.521778870,3.292178565,3.279352687,-0.021778870,1.173778764,0.665726806,-2.679574304,0.561115213,0.378881960,-1.335839762,0.612663551,0.286844846,-1.343734543,103.980809202,51.879364400,-83.783289888,-0.085237633,0.332565044,4.113917459,-39.993522765,-11.996881836,14.053840565,37.936564036,41.891644944,41.891644944
1786021330.516698122,41.050300627,0.000000000,NONE,0,0.050021404,8.050295825,8.215935331,0.500000000,4.808471777,4.989936975,0.518962773,3.241824048,3.225998356,-0.018962773,1.133324916,0.605953595,-2.710941524,0.475148815,0.303934177,-1.335295746,0.658176101,0.302019418,-1.375645778,102.329173653,47.094563252,-85.992086568,-0.087560466,0.342440919,4.209745213,-38.408370529,-12.756216297,14.861088904,36.303497923,42.996043284,42.996043284
1786021330.566689730,41.100292388,0.000000000,NONE,0,0.050005267,8.050295825,8.215935331,0.500000000,4.857546109,5.041140799,0.512937497,3.192749716,3.174794533,-0.012937497,1.094532295,0.548739270,-2.738842980,0.387483571,0.228728071,-1.333304229,0.707048724,0.320011200,-1.405538752,101.223884730,43.178339698,-88.079581814,-0.090449788,0.353136478,4.342981319,-37.186301437,-13.425640928,15.597131588,35.014810777,44.039790907,44.039790907
1786021330.616701603,41.150304359,0.000000000,NONE,0,0.050012147,8.050295825,8.215935331,0.500000000,4.905530599,5.090207849,0.503577764,3.144765226,3.125727483,-0.003577764,1.057792011,0.494122761,-2.763502770,0.297838721,0.154100366,-1.330207971,0.759953291,0.340022395,-1.433294799,100.725337663,40.065252579,-89.000000000,-0.093926517,0.364593846,4.515940829,-36.326632768,-14.036036064,16.294006478,34.068662353,44.500000000,44.500000000
1786021330.666719198,41.200321850,0.000000000,NONE,0,0.049959772,8.050295825,8.215935331,0.500000000,4.952561497,5.137130404,0.490789306,3.097734328,3.078804927,0.009210694,1.023464662,0.442156007,-2.785176661,0.206012786,0.080574355,-1.323268952,0.817451876,0.361581652,-1.461907709,100.880552169,37.672545961,-89.000000000,-0.098021281,0.376877883,4.730475839,-35.820893492,-14.619382592,16.984620512,33.455655573,44.500000000,44.500000000
1786021330.716700315,41.250303080,0.000000000,NONE,0,0.050014682,8.050295825,8.215935331,0.500000000,4.998708464,5.181852261,0.474513262,3.051587361,3.034083070,0.025486738,0.991866949,0.392870093,-2.804160229,0.111864327,0.008571020,-1.311663719,0.880002622,0.384299073,-1.492496509,101.717552836,35.915664297,-89.000000000,-0.102774369,0.390077853,4.989003648,-35.655555195,-15.203221223,17.697723047,33.161053371,44.500000000,44.500000000
1786021330.766672850,41.300275522,0.000000000,NONE,0,0.049994189,8.050295825,8.215935331,0.500000000,5.044077121,5.224358000,0.454668543,3.006218704,2.991577331,0.045331457,0.963337975,0.346281715,-2.820760985,0.015271854,-0.061228820,-1.297710659,0.948066121,0.407510535,-1.523050326,103.274899628,34.691031273,-89.000000000,-0.108223111,0.404527081,5.291231747,-35.814290662,-15.823159152,18.468775026,33.168674789,44.500000000,44.500000000
1786021330.816660404,41.350263221,0.000000000,NONE,0,0.049986905,8.050295825,8.215935331,0.500000000,5.088764868,5.264797258,0.431192116,2.961530957,2.951138073,0.068807884,0.938215342,0.302035547,-2.835344632,-0.083342466,-0.124653284,-1.282691557,1.021557809,0.426688830,-1.552653074,105.539794959,33.574640805,-89.000000000,-0.114432852,0.420112811,5.643594029,-36.189507448,-16.580390031,19.402187046,33.367710434,44.500000000,44.500000000
1786021330.866691351,41.400293997,0.000000000,NONE,0,0.050008022,8.050295825,8.215935331,0.500000000,5.132835533,5.303477108,0.404191780,2.917460292,2.912458224,0.095808220,0.916459014,0.259407968,-2.848414228,-0.179695153,-0.178552971,-1.267119769,1.096154167,0.437960939,-1.581294460,108.139544002,32.270539827,-89.000000000,-0.121604811,0.437009287,6.060548401,-36.617658058,-17.452113943,20.482388144,33.587383857,44.500000000,44.500000000
1786021330.916974783,41.450577405,0.000000000,TARGET_UPDATED,0,0.050158532,8.632835533,8.803477108,0.500000000,5.176397345,5.340757957,0.374024588,3.456438188,3.462719150,0.125975412,0.896813504,0.219574995,-2.860632696,-0.269289118,-0.222026578,-1.251216634,1.166102622,0.441601573,-1.609416062,110.569203455,30.885872116,-89.000000000,-0.130118402,0.455801408,6.566767578,-37.005460787,-18.279140940,21.562524729,33.722076998,44.500000000,44.500000000
1786021330.966633320,41.500235717,0.000000000,NONE,0,0.049817975,8.632835533,8.803477108,0.500000000,5.219568500,5.377004612,0.341195266,3.413267033,3.426472496,0.158804734,0.879950407,0.177334545,-2.872452326,-0.350230717,-0.254730016,-1.235070423,1.230181124,0.432064561,-1.637381903,112.906958763,28.776249904,-89.000000000,-0.140456051,0.476994128,7.195846792,-37.219763865,-19.233715517,22.831638913,33.621840469,44.500000000,44.500000000
1786021331.016615629,41.550218205,0.000000000,NONE,0,0.049977015,8.632835533,8.803477108,0.500000000,5.262492085,5.412523417,0.306277895,3.370343448,3.390953691,0.193722105,0.864056938,0.134621421,-2.884392701,-0.421008882,-0.278866982,-1.218727220,1.285065820,0.413488402,-1.665665481,114.721816519,26.471173108,-89.000000000,-0.153140397,0.502202721,7.973815519,-37.291701287,-20.069206973,24.056114733,33.304793527,44.500000000,44.500000000
1786021331.066692114,41.600294609,0.000000000,NONE,0,0.050029353,8.632835533,8.803477108,0.500000000,5.305308242,5.447554738,0.269828830,3.327527290,3.355922369,0.230171170,0.848263444,0.091043612,-2.896784841,-0.482582330,-0.295122671,-1.202214172,1.330845773,0.386166283,-1.694570670,116.028676518,23.913855462,-89.000000000,-0.168824255,0.531796720,8.949476556,-37.223002134,-20.791336125,25.266074403,32.748263856,44.500000000,44.500000000
1786021331.116719723,41.650322264,0.000000000,TARGET_UPDATED,0,0.050077090,8.805308242,8.947554738,0.500000000,5.348105009,5.482309314,0.232339189,3.457203233,3.465245424,0.267660811,0.834700003,0.033521327,-2.909183291,-0.536352024,-0.304041782,-1.185552899,1.371052026,0.337563108,-1.723630392,117.274271889,20.032857276,-89.000000000,-0.188477882,0.566409169,10.194519043,-36.875412052,-21.761723892,26.858983414,31.778152531,44.500000000,44.500000000
1786021331.166622877,41.700225685,0.000000000,NONE,0,0.049889907,8.805308242,8.947554738,0.500000000,5.382416484,5.509986133,0.201890576,3.422891758,3.437568605,0.298109424,0.820218941,-0.003506026,-2.920134305,-0.573637882,-0.309353652,-1.172120966,1.393856823,0.305847625,-1.748013339,117.181981861,18.385406950,-89.000000000,-0.208155062,0.601923924,11.434315603,-36.750426103,-21.840564827,27.557722628,31.033268302,44.500000000,44.500000000
1786021331.216702461,41.750305128,0.000000000,NONE,0,0.050076821,8.805308242,8.947554738,0.500000000,5.425435055,5.544529119,0.163555218,3.379873187,3.403025619,0.336444782,0.800519824,-0.051287337,-2.934489151,-0.616662462,-0.306960833,-1.155251103,1.417182286,0.255673496,-1.779238047,117.067141434,14.814596940,-89.000000000,-0.239860619,0.645993152,13.554090760,-36.358957283,-22.174613434,28.951658814,29.581911904,44.500000000,44.500000000
1786021331.266673803,41.800276591,0.000000000,NONE,0,0.049978504,8.805308242,8.947554738,0.500000000,5.468497776,5.579205319,0.125146132,3.336810467,3.368349419,0.374853868,0.778049981,-0.101099692,-2.949674012,-0.656159042,-0.298110518,-1.138224506,1.434209023,0.197010826,-1.811449506,116.271553129,10.546540032,-89.000000000,-0.285944512,0.703661350,16.692702366,-35.877698882,-22.258077683,30.604428866,27.531347699,44.500000000,44.500000000
1786021331.316697598,41.850300240,0.000000000,TARGET_UPDATED,0,0.050028269,8.968497776,9.079205319,0.500000000,5.511625879,5.614072835,0.086848370,3.456871896,3.465132484,0.413151630,0.753337748,-0.167434512,-2.964542128,-0.693466347,-0.284411802,-1.121000514,1.446804095,0.116977290,-1.843541614,115.133015139,3.957067394,-89.000000000,-0.363000228,0.781775141,22.112342299,-35.300606208,-22.265901362,33.322072511,24.244435058,44.500000000,44.500000000
1786021331.366683483,41.900286116,0.000000000,NONE,0,0.049989077,8.968497776,9.079205319,0.500000000,5.554943365,5.649076533,0.048769669,3.413554411,3.430128785,0.451230331,0.721027040,-0.222123148,-2.981426025,-0.729769669,-0.269568786,-1.103386620,1.450796709,0.047445637,-1.878039404,112.928158340,-1.636599889,-89.000000000,-0.544224448,0.900452408,35.477917784,-36.692369059,-19.771710111,37.510669003,18.953410167,44.500000000,44.500000000
1786021331.416772604,41.950375207,0.000000000,NONE,0,0.050073005,8.968497776,9.079205319,0.500000000,5.598598404,5.684129890,0.011448064,3.369899372,3.395075429,0.488551936,0.677966660,-0.281290970,-2.999712209,-0.735066592,-0.245621284,-1.085200964,1.413033252,-0.035669686,-1.914511244,106.954551804,-9.174775035,-89.000000000,-1.713698979,1.134013817,100.000000000,-49.444944192,-4.032331710,54.032331710,-0.555055808,44.500000000,44.500000000
1786021331.466808081,42.000410483,0.000000000,NONE,0,0.049918559,8.968497776,9.079205319,0.500000000,5.642641752,5.719160753,-0.017891938,3.325856023,3.360044565,0.517891938,0.588638736,-0.324369082,-3.025188634,-0.548047862,-0.206348601,-1.073999965,1.136686599,-0.118020481,-1.951188669,80.194557352,-16.106973863,-89.000000000,3.133036245,1.936311919,-100.000000000,8.978104128,-49.075382804,-0.924617196,41.021895872,44.500000000,44.500000000
1786021331.517004728,42.050607293,0.000000000,TARGET_UPDATED,0,0.050281753,9.142641752,9.219160753,0.482108062,5.686802523,5.754205242,-0.033156690,3.455839229,3.464955511,0.515264752,0.754694594,-0.412312068,-2.976206444,-0.209472328,-0.238104131,-1.098909181,0.964166923,-0.174207937,-1.877297263,82.589577306,-23.912552040,-89.000000000,2.406140292,-0.679791824,-100.000000000,10.330743683,-51.625532337,1.625532337,39.669256317,44.500000000,44.500000000
1786021331.566748857,42.100351441,0.000000000,NONE,0,0.049752121,9.142641752,9.219160753,0.482108062,5.731969596,5.788778690,-0.033103084,3.410672157,3.430382063,0.515211146,0.936101689,-0.419018982,-2.923248604,0.172933749,-0.323420434,-1.094536126,0.763167940,-0.095598548,-1.828712478,84.552653935,-16.927955182,-89.000000000,1.194319043,-1.943902396,-75.663996375,2.009824406,-44.286151373,6.454153185,35.822173782,44.500000000,44.500000000
1786021331.616682529,42.150284961,0.000000000,NONE,0,0.049953669,9.142641752,9.219160753,0.482108062,5.779505567,5.822957610,-0.019559335,3.363136185,3.396203143,0.501667397,1.066338581,-0.374027331,-2.879111579,0.477037029,-0.349346853,-1.087765233,0.589301553,-0.024680479,-1.791346346,87.120994189,-10.100928992,-89.000000000,0.252884165,-1.803066099,-1.782834047,-18.809307788,-24.751189307,23.859772283,19.700724811,44.500000000,44.500000000
1786021331.666740656,42.200343213,0.000000000,NONE,0,0.050032179,9.142641752,9.219160753,0.482108062,5.829730838,5.857186693,0.000632380,3.312910914,3.361974061,0.481475682,1.067449022,-0.281518721,-2.881473957,0.578974093,-0.342318600,-1.109476624,0.488474929,0.060799880,-1.771997333,82.649746737,-0.036827460,-89.000000000,-0.016462422,-0.889079510,10.626674294,-23.309898393,-18.014974976,23.328312123,17.996561246,44.500000000,44.500000000
1786021331.716739893,42.250342449,0.000000000,TARGET_UPDATED,0,0.050039538,9.329730838,9.357186693,0.500000000,5.881433077,5.891426863,0.018728821,3.448297761,3.465759829,0.481271179,1.085071366,-0.238838957,-2.878667307,0.493254883,-0.343242751,-1.132090952,0.591816484,0.104403794,-1.746576355,94.740212982,3.445953334,-89.000000000,-0.086570873,-0.346580969,10.819028899,-27.251298804,-20.118807687,25.528322137,21.841784354,44.500000000,44.500000000
1786021331.766691923,42.300294394,0.000000000,NONE,0,0.049941358,9.329730838,9.357186693,0.500000000,5.933525339,5.925578942,0.029308907,3.396205499,3.431607751,0.470691093,1.065568500,-0.209113490,-2.884323674,0.336065644,-0.366635794,-1.151361975,0.729502856,0.157522304,-1.732961699,101.692268134,7.849117960,-89.000000000,-0.109690189,0.007918494,9.134535675,-29.668980442,-21.177153625,25.744421462,25.101712605,44.500000000,44.500000000
1786021331.816704750,42.350307486,0.000000000,NONE,0,0.050010977,9.329730838,9.357186693,0.500000000,5.985473926,5.959481907,0.032326221,3.344256912,3.397704786,0.467673779,1.031100585,-0.204044452,-2.896086094,0.187499096,-0.383723831,-1.159780546,0.843601490,0.179679379,-1.736305548,104.615215172,8.722873418,-89.000000000,-0.127654708,0.271564676,7.948003701,-30.321523073,-21.986084513,25.960086363,26.347521222,44.500000000,44.500000000
1786021331.866750002,42.400352683,0.000000000,NONE,0,0.049980908,9.329730838,9.357186693,0.500000000,6.036635759,5.993239649,0.029281169,3.293095079,3.363947043,0.470718831,0.984830149,-0.218384043,-2.912209552,0.047223975,-0.391163326,-1.157868785,0.937606174,0.172779282,-1.754340767,105.405079325,7.268123278,-89.000000000,-0.152602605,0.422490776,8.449828882,-30.280757871,-22.421781791,26.646696232,26.055843430,44.500000000,44.500000000
1786021331.916716814,42.450319519,0.000000000,TARGET_UPDATED,0,0.050060821,9.536635759,9.493239649,0.500000000,6.086687726,6.026931450,0.021021991,3.449948032,3.466308199,0.478978009,0.937202663,-0.278904989,-2.925757684,-0.078750692,-0.390951418,-1.147642976,1.015953355,0.112046428,-1.778114708,105.423215052,0.246631863,-89.000000000,-0.192984373,0.511676038,10.807839580,-29.119421624,-23.592185902,28.996105692,23.715501834,44.500000000,44.500000000
1786021331.966692924,42.500295510,0.000000000,NONE,0,0.049962208,9.536635759,9.493239649,0.500000000,6.135904904,6.060439404,0.010365478,3.400730854,3.432800245,0.489634522,0.887517945,-0.314724836,-2.941543744,-0.127264123,-0.391984703,-1.132506970,1.014782068,0.077259867,-1.809036774,99.439552260,-2.950377888,-89.000000000,-0.238534620,0.602976021,13.562694970,-27.512967336,-22.206808795,28.988156280,20.731619851,44.500000000,44.500000000
1786021332.016664743,42.550267385,0.000000000,NONE,0,0.049972271,9.536635759,9.493239649,0.500000000,6.184732834,6.093696050,0.001111979,3.351902925,3.399543599,0.498888021,0.848936094,-0.352111241,-2.952173100,-0.104195016,-0.386897316,-1.119805263,0.953131110,0.034786075,-1.832367837,91.334259414,-7.561155734,-89.000000000,-0.231545550,0.697396243,12.082508878,-23.963903140,-21.703226567,27.744481006,17.922648701,44.500000000,44.500000000
1786021332.066700220,42.600302938,0.000000000,NONE,0,0.049998817,9.536635759,9.493239649,0.500000000,6.233336838,6.126838644,-0.004317192,3.303298921,3.366401005,0.504317192,0.837543560,-0.387148323,-2.953115741,-0.034935678,-0.384670024,-1.112706807,0.872479238,-0.002478298,-1.840408934,85.199219835,-11.676332341,-89.000000000,0.132689360,0.712433918,-17.219929345,-14.075739537,-28.523870380,19.913905708,22.685704210,44.500000000,44.500000000
1786021332.116721392,42.650323925,0.000000000,TARGET_UPDATED,0,0.050072045,9.733336838,9.626838644,0.495682808,6.281984211,6.159945215,-0.005341395,3.451352626,3.466893429,0.501024203,0.888440446,-0.437335360,-2.929883645,0.064307720,-0.390880494,-1.110394661,0.824132726,-0.046454866,-1.819488984,87.136651281,-17.618378833,-89.000000000,0.825200272,0.152379298,-67.102895008,-0.603844360,-42.964481281,9.413033777,34.155291864,44.500000000,44.500000000
1786021332.166665792,42.700268348,0.000000000,NONE,0,0.049938531,9.733336838,9.626838644,0.495682808,6.331270758,6.193089350,-0.002516660,3.402066080,3.433749294,0.498199468,1.014196323,-0.428498639,-2.888987856,0.189483580,-0.414946364,-1.109804542,0.824712743,-0.013552275,-1.779183314,99.562695203,-13.521404689,-89.000000000,0.490911652,-1.270528186,-26.179761365,-14.965382287,-34.815965314,21.726084632,28.055262970,44.500000000,44.500000000
1786021332.216675282,42.750277880,0.000000000,NONE,0,0.049991247,9.733336838,9.626838644,0.495682808,6.382141836,6.226250796,0.003687066,3.351195001,3.400587848,0.491995742,1.057356013,-0.360983219,-2.880334000,0.293168829,-0.424895189,-1.120679745,0.764187185,0.063911970,-1.759654254,98.973944591,-3.898639750,-89.000000000,0.120270009,-1.125983677,2.014100074,-24.272351229,-25.214621066,26.221671104,23.265301192,44.500000000,44.500000000
1786021332.266710520,42.800313201,0.000000000,NONE,0,0.050024886,9.733336838,9.626838644,0.495682808,6.434225372,6.259508145,0.011280646,3.299111466,3.367330499,0.484402162,1.057335876,-0.306359063,-2.883771358,0.317659218,-0.421205860,-1.132857235,0.739676658,0.114846797,-1.750914123,98.222037883,1.421030729,-89.000000000,-0.044866047,-0.620034098,10.169977645,-27.453261564,-21.657757377,26.742746200,22.368272742,44.500000000,44.500000000
1786021332.316695213,42.850297807,0.000000000,TARGET_UPDATED,0,0.050003802,9.934225372,9.759508145,0.500000000,6.486677913,6.292875363,0.017331641,3.447547459,3.466632782,0.482668359,1.046194395,-0.305461600,-2.887273831,0.271146891,-0.421869849,-1.141979758,0.775047504,0.116408249,-1.745294073,100.423600497,0.572721845,-89.000000000,-0.127983061,-0.212568460,12.757481657,-28.438451000,-21.773349249,28.152090077,22.059710171,44.500000000,44.500000000
1786021332.366651535,42.900254308,0.000000000,NONE,0,0.049968057,9.934225372,9.759508145,0.500000000,6.539157049,6.326088102,0.020110719,3.395068322,3.433420043,0.479889281,1.008613158,-0.298572770,-2.900295618,0.189803621,-0.436980350,-1.145681966,0.818809537,0.138407580,-1.754613653,99.533931897,2.623894614,-89.000000000,-0.180443528,0.168786900,13.158798232,-28.829156186,-20.937809763,27.517208879,22.249757070,44.500000000,44.500000000
1786021332.416681051,42.950283682,0.000000000,NONE,0,0.050007810,9.934225372,9.759508145,0.500000000,6.580954498,6.352459392,0.019702062,3.353270873,3.407048753,0.480297938,0.970821290,-0.309706352,-2.912152424,0.113135020,-0.444406413,-1.143791577,0.857686270,0.134700061,-1.768360847,98.199559573,1.371686623,-89.000000000,-0.207783107,0.429614696,12.758468106,-28.082428576,-21.017351211,27.396585264,21.703194522,44.500000000,44.500000000
1786021332.466697216,43.000299727,0.000000000,NONE,0,0.049999366,9.934225372,9.759508145,0.500000000,6.642753536,6.391929374,0.015401654,3.291471836,3.367578771,0.484598346,0.911072793,-0.345292803,-2.929009943,0.012094577,-0.444541641,-1.134468320,0.898978217,0.099248838,-1.794541623,95.361630117,-3.173132502,-89.000000000,-0.231388954,0.634344781,12.622773658,-26.202817818,-21.477997240,27.789384069,19.891430989,44.500000000,44.500000000
1786021332.516758680,43.050361323,0.000000000,TARGET_UPDATED,0,0.050082162,10.142753536,9.891929374,0.500000000,6.693431259,6.424793560,0.009914971,3.449322277,3.467135815,0.490085029,0.869122661,-0.415931954,-2.934627560,-0.039106656,-0.442030409,-1.124659250,0.908229317,0.026098455,-1.809968310,91.713038613,-12.431699024,-89.000000000,-0.225913541,0.695731972,11.593497172,-22.718709190,-23.137810116,28.934558702,16.921960604,44.500000000,44.500000000
1786021332.568506956,43.102109614,0.000000000,NONE,0,0.051640450,10.142753536,9.891929374,0.500000000,6.733820835,6.450902392,0.005463205,3.408932701,3.441026982,0.494536795,0.841858182,-0.443547417,-2.940206699,-0.052466784,-0.451142783,-1.118051977,0.894324966,0.007595366,-1.822154722,88.199450264,-14.257334772,-89.000000000,-0.155333613,0.703831362,5.882151996,-19.956066872,-24.143658260,27.084734258,17.014990874,44.500000000,44.500000000
1786021332.616736174,43.150338915,0.000000000,NONE,0,0.048320441,10.142753536,9.891929374,0.500000000,6.784463666,6.483223888,0.001130442,3.358289870,3.408705486,0.498869558,0.831559945,-0.473354214,-2.940136600,-0.033182196,-0.457108625,-1.112818256,0.864742141,-0.016245589,-1.827318344,85.259412496,-17.916572330,-89.000000000,0.316844146,0.616008122,-31.044456439,-9.074595932,-33.555110316,18.032882096,24.596824151,44.500000000,44.500000000
1786021332.666680574,43.200283265,0.000000000,NONE,0,0.049969909,10.142753536,9.891929374,0.500000000,6.835287884,6.515416617,-0.001096231,3.307465652,3.376512758,0.501096231,0.892282385,-0.487780784,-2.920765529,0.027766408,-0.467767378,-1.111306264,0.864515977,-0.020013406,-1.809459265,90.847024494,-18.787190910,-89.000000000,0.764505064,-0.186153639,-58.912116709,-3.286929219,-42.136583028,12.680524674,32.742987573,44.500000000,44.500000000
1786021332.716775894,43.250378451,0.000000000,TARGET_UPDATED,0,0.050087921,10.335287884,10.015416617,0.498903769,6.876319589,6.541204893,-0.000958256,3.458968296,3.474211724,0.499862025,0.980181856,-0.500381636,-2.889818567,0.117016345,-0.479414237,-1.111996726,0.863165511,-0.020967399,-1.777821840,98.595137404,-19.742322441,-89.000000000,0.434635532,-1.159724407,-22.830386500,-14.005607116,-35.291961586,23.876768336,25.420800366,44.500000000,44.500000000
1786021332.766690016,43.300292642,0.000000000,NONE,0,0.049904516,10.335287884,10.015416617,0.498903769,6.928787086,6.573440443,0.002189447,3.406500799,3.441976174,0.496714322,1.039652415,-0.442414305,-2.877242422,0.229331353,-0.497558895,-1.118648984,0.810321063,0.055144590,-1.758593438,100.122788204,-9.444072473,-89.000000000,0.090210615,-1.079073796,3.908096963,-23.646703174,-26.414690928,28.368739410,21.692654692,44.500000000,44.500000000
1786021332.816660881,43.350263633,0.000000000,NONE,0,0.049995484,10.335287884,10.015416617,0.498903769,6.982587309,6.605638512,0.007738056,3.352700575,3.409778104,0.491165713,1.053458403,-0.392405648,-2.877332385,0.288810218,-0.496726514,-1.127492661,0.764648186,0.104320865,-1.749839724,98.906318569,-3.834770660,-89.000000000,-0.049500376,-0.572546153,10.024649377,-26.274049321,-23.179109963,28.191434651,21.261724633,44.500000000,44.500000000
1786021332.866611481,43.400214197,0.000000000,NONE,0,0.049931906,10.335287884,10.015416617,0.498903769,7.036850148,6.638030842,0.013474182,3.298437736,3.377385775,0.485429587,1.049132794,-0.363451920,-2.880523793,0.283404924,-0.493377791,-1.135099456,0.765727870,0.129925871,-1.745424337,99.472393199,-1.089795089,-89.000000000,-0.100240647,-0.183400639,10.202426368,-27.146256119,-22.589940480,27.691153664,22.045042935,44.500000000,44.500000000
1786021332.916762829,43.450365575,0.000000000,TARGET_UPDATED,0,0.050160813,10.536850148,10.138030842,0.500000000,7.091023893,6.670631045,0.017352839,3.445826255,3.467399797,0.482647161,1.038164880,-0.390333741,-2.879928278,0.231681788,-0.494124511,-1.140399979,0.806483092,0.103790770,-1.739528299,101.616466862,-5.241153175,-89.000000000,-0.117171008,0.130437210,8.430231552,-26.201386310,-24.606847121,28.821962897,21.986270534,44.500000000,44.500000000
1786021332.966656446,43.500259016,0.000000000,NONE,0,0.049901673,10.536850148,10.138030842,0.500000000,7.145029657,6.703215301,0.018443844,3.391820491,3.434815541,0.481556156,1.007692766,-0.400249906,-2.888965567,0.160485566,-0.508606635,-1.141951339,0.847207200,0.108356729,-1.747014228,101.089549378,-4.952428224,-89.000000000,-0.119815628,0.351308666,6.445044538,-25.645541423,-24.899233266,28.121755535,22.423019154,44.500000000,44.500000000
1786021333.016657591,43.550260398,0.000000000,NONE,0,0.050000362,10.536850148,10.138030842,0.500000000,7.198815941,6.735627994,0.016849234,3.338034207,3.402402848,0.483150766,0.968619363,-0.420596537,-2.900017771,0.087788430,-0.515729487,-1.138919992,0.880830933,0.095132950,-1.761097779,99.279574550,-7.378677781,-89.000000000,-0.121024874,0.441498371,5.651989783,-24.388221638,-25.251565637,28.077560529,21.562226747,44.500000000,44.500000000
1786021333.066744566,43.600347034,0.000000000,NONE,0,0.049999635,10.536850148,10.138030842,0.500000000,7.252099917,6.767977690,0.013322158,3.284750231,3.370053152,0.486677842,0.927055842,-0.445333073,-2.911214591,0.030674469,-0.517696188,-1.132368418,0.896381373,0.072363115,-1.778846173,96.092479527,-10.574632031,-89.000000000,-0.124427580,0.469724363,5.654388976,-22.793059118,-25.253180646,28.080375133,19.965864630,44.500000000,44.500000000
1786021333.116764307,43.650367107,0.000000000,TARGET_UPDATED,0,0.050092166,10.752099917,10.267977690,0.500000000,7.304909964,6.800273560,0.009012106,3.447189953,3.467704130,0.490987894,0.892110721,-0.509088631,-2.913309583,-0.001115823,-0.517489055,-1.124726868,0.893226544,0.008400424,-1.788582716,92.496591560,-19.894392479,-89.000000000,-0.113403993,0.483494483,4.646162123,-19.312090301,-26.936205479,29.259286541,16.989009240,44.500000000,44.500000000
1786021333.166659594,43.700262288,0.000000000,NONE,0,0.049911374,10.752099917,10.267977690,0.500000000,7.357750073,6.832278798,0.005089689,3.394349844,3.435698892,0.494910311,0.865416997,-0.531361042,-2.918872274,-0.005030083,-0.532858929,-1.118453487,0.870447080,0.001497887,-1.800418787,88.498362805,-20.944836025,-89.000000000,-0.031145835,0.474817996,-1.844616613,-16.427227542,-27.821953861,26.899645554,17.349535848,44.500000000,44.500000000
1786021333.216654778,43.750257553,0.000000000,NONE,0,0.049964745,10.752099917,10.267977690,0.500000000,7.411013484,6.863867836,0.002404926,3.341086432,3.404109854,0.497595074,0.865646264,-0.546695736,-2.916998843,0.015240853,-0.543415482,-1.114795609,0.850405411,-0.003280254,-1.802203234,87.370077375,-22.455164437,-89.000000000,0.238396868,0.337323273,-22.056908428,-10.714501127,-32.970537560,21.942083346,21.742955341,44.500000000,44.500000000
1786021333.266749144,43.800351898,0.000000000,NONE,0,0.050064836,10.752099917,10.267977690,0.500000000,7.464580253,6.895328112,0.001365033,3.287519664,3.372649578,0.498634967,0.916843379,-0.547079817,-2.901643459,0.066552951,-0.552501355,-1.113912742,0.850290428,0.005421538,-1.787730716,92.115408118,-21.695657426,-89.000000000,0.434812461,-0.255580417,-31.884656594,-9.633773525,-36.423930535,20.481602238,25.576101822,44.500000000,44.500000000
1786021333.316712379,43.850315055,0.000000000,TARGET_UPDATED,0,0.050031861,10.964580253,10.395328112,0.500000000,7.507741703,6.920573679,0.001993122,3.456838550,3.474754433,0.498006878,0.980639927,-0.562673928,-2.877458566,0.133768565,-0.557069715,-1.115498447,0.846871362,-0.005604213,-1.761960119,97.618960404,-24.077031284,-89.000000000,0.304033153,-0.802925653,-15.979282316,-14.390661701,-34.418818501,26.429177343,22.380302859,44.500000000,44.500000000
1786021333.366693020,43.900295621,0.000000000,NONE,0,0.049948895,10.964580253,10.395328112,0.500000000,7.562559477,6.952188460,0.004686103,3.402020776,3.443139651,0.495313897,1.041315152,-0.514465889,-2.864086814,0.217328251,-0.571241922,-1.121075751,0.823986901,0.056776033,-1.743011063,101.708553751,-14.886271468,-89.000000000,0.113001106,-0.855018633,-0.187077296,-21.658801247,-29.195475629,29.101936981,21.752339895,44.500000000,44.500000000
1786021333.416686773,43.950289561,0.000000000,NONE,0,0.049971994,10.964580253,10.395328112,0.500000000,7.618593165,6.983757520,0.008821399,3.345987088,3.411570592,0.491178601,1.073053906,-0.465877056,-2.859080416,0.270766779,-0.573172515,-1.129135184,0.802287127,0.107295460,-1.729945232,103.631796290,-8.441903677,-89.000000000,0.009658622,-0.583147728,5.360647007,-25.137634905,-26.678263240,29.358586743,22.457311401,44.500000000,44.500000000
1786021333.466628790,44.000231352,0.000000000,NONE,0,0.049965065,10.964580253,10.395328112,0.500000000,7.675040613,7.015628716,0.013223884,3.289539639,3.379699396,0.486776116,1.082598192,-0.431612682,-2.859166202,0.281830087,-0.565963389,-1.136955259,0.800768105,0.134350707,-1.722210943,104.925966808,-4.929297016,-89.000000000,-0.040355924,-0.303637302,6.570739200,-26.641852248,-25.821131156,29.106500756,23.356482648,44.500000000,44.500000000
1786021333.516794920,44.050397460,0.000000000,TARGET_UPDATED,0,0.050166278,11.175040613,10.515628716,0.500000000,7.731395090,7.047859472,0.016586165,3.443645524,3.467769244,0.483413835,1.080480627,-0.454588998,-2.855120061,0.255793940,-0.561258868,-1.142879399,0.824686687,0.106669870,-1.712240662,106.649762155,-9.240312950,-89.000000000,-0.071083582,-0.078675121,6.786462029,-26.048977808,-27.275903269,30.669134284,22.655746794,44.500000000,44.500000000
1786021333.566645622,44.100248179,0.000000000,NONE,0,0.049833639,11.175040613,10.515628716,0.500000000,7.787655712,7.080176440,0.018093144,3.387384902,3.435452276,0.481906856,1.054709196,-0.453900127,-2.864278299,0.208142254,-0.574096555,-1.145419141,0.846566942,0.120196428,-1.718859159,105.299840368,-7.554573652,-89.000000000,-0.099966737,0.129861206,7.021714557,-26.191745318,-26.458174866,29.969032144,22.680888040,44.500000000,44.500000000
1786021333.616689205,44.150291631,0.000000000,NONE,0,0.050042029,11.175040613,10.515628716,0.500000000,7.843861786,7.112308876,0.017583733,3.331178827,3.403319840,0.482416267,1.013945877,-0.467006547,-2.877055946,0.148675453,-0.582833458,-1.143294952,0.865270424,0.115826911,-1.733760994,102.334065932,-9.097068963,-89.000000000,-0.130757804,0.309377855,7.702920207,-25.234979294,-25.932053672,29.783513775,21.383519191,44.500000000,44.500000000
1786021333.666768551,44.200371335,0.000000000,NONE,0,0.050103653,11.175040613,10.515628716,0.500000000,7.899560548,7.144383270,0.015352871,3.275480066,3.371245446,0.484647129,0.965269020,-0.490532877,-2.890695350,0.089401216,-0.586248268,-1.136884049,0.875867805,0.095715391,-1.753811300,98.211741338,-12.340902045,-89.000000000,-0.162647986,0.440389999,8.960311834,-23.707787782,-25.398082887,29.878238804,19.227631865,44.500000000,44.500000000
1786021333.716802835,44.250405541,0.000000000,TARGET_UPDATED,0,0.050028909,11.399560548,10.644383270,0.500000000,7.954667508,7.176411111,0.011985473,3.444893040,3.467972159,0.488014527,0.919956275,-0.562487032,-2.893638659,0.040585526,-0.587452114,-1.128366167,0.879370750,0.024965081,-1.765272492,94.205304347,-23.401534661,-89.000000000,-0.189533059,0.537598372,10.157998245,-20.240441983,-26.862210191,31.941209313,15.161442860,44.500000000,44.500000000
1786021333.766824722,44.300427235,0.000000000,NONE,0,0.050009748,11.399560548,10.644383270,0.500000000,8.009702102,7.208125076,0.008240782,3.389858446,3.436258195,0.491759218,0.874559939,-0.591530913,-2.903333796,0.010049546,-0.605463251,-1.120413402,0.864510393,0.013932338,-1.782920394,89.060314177,-25.436780942,-89.000000000,-0.190551957,0.612344517,9.511107540,-18.283660194,-26.246496895,31.002050665,13.528106424,44.500000000,44.500000000
1786021333.816730022,44.350332726,0.000000000,NONE,0,0.049913530,11.399560548,10.644383270,0.500000000,8.065123939,7.239344326,0.004881417,3.334436609,3.405038944,0.495118583,0.842218033,-0.617068028,-2.908859959,-0.003193177,-0.616830824,-1.114527375,0.845411210,-0.000237204,-1.794332584,85.180142123,-28.714230647,-89.000000000,-0.084376765,0.636255709,0.786403321,-14.313078699,-28.276992362,28.670194023,13.919877039,44.500000000,44.500000000
1786021333.866686821,44.400289395,0.000000000,NONE,0,0.049956948,11.399560548,10.644383270,0.500000000,8.120755595,7.270319188,0.002444022,3.278804952,3.374064082,0.497555978,0.842208316,-0.638066096,-2.905266115,0.005003142,-0.625292333,-1.111280660,0.837205174,-0.012773763,-1.793985456,84.905382447,-31.452468481,-89.000000000,0.422996960,0.486693004,-38.350130882,-3.775695771,-38.676995452,19.501930011,22.950761212,44.500000000,44.500000000
1786021333.916741610,44.450344293,0.000000000,TARGET_UPDATED,0,0.050061891,11.620755595,10.770319188,0.500000000,8.176645736,7.301269121,0.001194346,3.444109859,3.469050067,0.498805654,0.918887400,-0.690575244,-2.870290527,0.056528142,-0.638580076,-1.109804361,0.862359258,-0.051995168,-1.760486166,93.523293744,-39.683195312,-89.000000000,0.641939357,-0.481893921,-46.243926799,-1.899042908,-44.862603964,21.740640564,25.021006308,44.500000000,44.500000000
1786021333.966694593,44.500296778,0.000000000,NONE,0,0.049957152,11.620755595,10.770319188,0.500000000,8.233640261,7.332171360,0.001855763,3.387115335,3.438147828,0.498144237,1.021087003,-0.659193936,-2.842741101,0.161228299,-0.673621966,-1.111982797,0.859858704,0.014428030,-1.730758304,102.278811853,-30.340057516,-89.000000000,0.296720438,-1.203936501,-11.435634051,-15.125780071,-36.013625855,30.295808829,20.843597097,44.500000000,44.500000000
1786021334.016690969,44.550293584,0.000000000,NONE,0,0.049989350,11.620755595,10.770319188,0.500000000,8.292364225,7.363016096,0.005128144,3.328391370,3.407303092,0.494871856,1.063725781,-0.589785704,-2.841066900,0.261068443,-0.680083135,-1.122884977,0.802657338,0.090297431,-1.718181923,101.993128393,-18.957652275,-89.000000000,0.064143399,-0.879273111,3.917482205,-21.738239581,-29.258324616,31.217065718,19.779498478,44.500000000,44.500000000
1786021334.066742420,44.600345180,0.000000000,NONE,0,0.050036100,11.620755595,10.770319188,0.500000000,8.351772347,7.394153091,0.010130907,3.268983249,3.376166097,0.489869093,1.073443953,-0.532959432,-2.846683810,0.304617212,-0.663045887,-1.132475936,0.768826741,0.130086455,-1.714207873,101.422227641,-12.402767503,-89.000000000,-0.037961217,-0.479668664,8.093605829,-24.278266492,-26.432847329,30.479650243,20.231463578,44.500000000,44.500000000
1786021334.116759300,44.650361870,0.000000000,TARGET_UPDATED,0,0.050046456,11.851772347,10.894153091,0.500000000,8.410938177,7.425705328,0.014912811,3.440834170,3.468447763,0.485087189,1.070889128,-0.545351037,-2.843454814,0.291302543,-0.645602144,-1.138964582,0.779586585,0.100251108,-1.704490232,102.697596489,-16.605185397,-89.000000000,-0.088968382,-0.164830778,9.034705278,-23.781779093,-27.567019152,32.084371791,19.264426454,44.500000000,44.500000000
1786021334.166725159,44.700327648,0.000000000,NONE,0,0.049947727,11.851772347,10.894153091,0.500000000,8.469866773,7.457335132,0.017899215,3.381905574,3.436817959,0.482100785,1.044610478,-0.530399808,-2.854892751,0.241018148,-0.653167957,-1.142269418,0.803592329,0.122768149,-1.712623333,101.751563919,-12.972212539,-89.000000000,-0.122724331,0.118862524,8.910507790,-24.422464793,-26.453317167,30.908571062,19.967210898,44.500000000,44.500000000
1786021334.216673136,44.750275605,0.000000000,NONE,0,0.049965989,11.851772347,10.894153091,0.500000000,8.528501496,7.488825218,0.018380128,3.323270851,3.405327873,0.481619872,1.003563642,-0.534006513,-2.868728270,0.167902096,-0.654103538,-1.141094038,0.835661546,0.120097026,-1.727634232,99.826373125,-13.927794067,-89.000000000,-0.149859060,0.353680827,8.748078820,-23.661664470,-26.251522093,30.625561503,19.287625060,44.500000000,44.500000000
1786021334.266700268,44.800302793,0.000000000,NONE,0,0.049998537,11.851772347,10.894153091,0.500000000,8.586319420,7.520344102,0.016422141,3.265452927,3.373808989,0.483577859,0.954389483,-0.552178351,-2.882775878,0.091449550,-0.651248227,-1.135219031,0.862939933,0.099069876,-1.747556847,96.773840448,-17.065849539,-89.000000000,-0.176115453,0.494243219,9.460577307,-22.292142054,-26.094778170,30.825066823,17.561853400,44.500000000,44.500000000
1786021334.316936016,44.850538603,0.000000000,TARGET_UPDATED,0,0.050232109,12.086319420,11.020344102,0.500000000,8.631961438,7.545581528,0.013522788,3.454357982,3.474762574,0.486477212,0.918665361,-0.620800308,-2.881518021,0.038718613,-0.648957137,-1.128501032,0.879946748,0.028156829,-1.753016989,94.395184298,-28.476273023,-89.000000000,-0.196949238,0.566105352,10.428445192,-19.086839117,-28.110753032,33.324975628,13.872616521,44.500000000,44.500000000
1786021334.366700649,44.900303186,0.000000000,NONE,0,0.049782566,12.086319420,11.020344102,0.500000000,8.688723004,7.576942861,0.009133798,3.397596416,3.443401241,0.490866202,0.870694057,-0.648088325,-2.892059827,-0.002704244,-0.661142902,-1.120142853,0.873398300,0.013054577,-1.771916975,89.437338752,-30.925835393,-89.000000000,-0.208695554,0.630396802,10.746014778,-17.314379534,-27.404289841,32.777297231,11.941372145,44.500000000,44.500000000
1786021334.416756392,44.950359151,0.000000000,NONE,0,0.050038393,12.086319420,11.020344102,0.500000000,8.745817740,7.607822475,0.005000966,3.340501680,3.412521627,0.494999034,0.833374115,-0.672252878,-2.899114994,-0.019671865,-0.671434010,-1.113791284,0.853045980,-0.000818867,-1.785323710,84.907219988,-34.175914427,-89.000000000,-0.138234527,0.667460616,4.752328517,-13.870908520,-28.582701475,30.958865733,11.494744261,44.500000000,44.500000000
1786021334.466782808,45.000385250,0.000000000,NONE,0,0.049949243,12.086319420,11.020344102,0.500000000,8.803085287,7.638451002,0.001955165,3.283234132,3.381893101,0.498044835,0.822828841,-0.693538155,-2.898286909,-0.013355115,-0.677599371,-1.110077551,0.836183955,-0.015938784,-1.788209358,83.131489138,-37.335634037,-89.000000000,0.411787549,0.588446326,-38.500431627,-1.823855869,-39.741888700,20.491672887,21.074071682,44.500000000,44.500000000
1786021334.516799450,45.050402139,0.000000000,TARGET_UPDATED,0,0.050124651,12.303085287,11.138451002,0.500000000,8.860549484,7.669047126,0.000261037,3.442535803,3.469403876,0.499738963,0.896039931,-0.758067924,-2.860831747,0.035683157,-0.691686559,-1.107014085,0.860356774,-0.066381365,-1.753817662,91.404810824,-48.242169851,-89.000000000,0.825106667,-0.341594506,-62.348269129,4.796407039,-50.498812451,19.324677887,26.377727526,44.500000000,44.500000000
1786021334.566608906,45.100211574,0.000000000,NONE,0,0.049805433,12.303085287,11.138451002,0.500000000,8.919099002,7.699704752,0.000497788,3.383986285,3.438746250,0.499502212,1.032676604,-0.756270531,-2.814784974,0.155283344,-0.740572409,-1.103776119,0.877393260,-0.015698122,-1.711008855,104.858470996,-42.969120920,-89.000000000,0.406356819,-1.382507644,-18.479627475,-10.852430650,-41.576804848,32.336991110,20.092244388,44.500000000,44.500000000
1786021334.616674185,45.150276854,0.000000000,NONE,0,0.050069688,12.303085287,11.138451002,0.500000000,8.980049143,7.730275161,0.004087918,3.323036144,3.408175841,0.495912082,1.058151485,-0.650500790,-2.830283368,0.276517875,-0.751071977,-1.124407123,0.781633610,0.100571187,-1.705876245,99.399203758,-23.289233254,-89.000000000,0.068862262,-1.011582206,4.803786872,-20.228439344,-29.471162535,31.873055971,17.826545908,44.500000000,44.500000000
1786021334.666851282,45.200453920,0.000000000,NONE,0,0.049998658,12.303085287,11.138451002,0.500000000,9.029363183,7.754836126,0.008664102,3.273722104,3.383614876,0.491335898,1.047336009,-0.582432234,-2.847285487,0.312560159,-0.720358711,-1.134956964,0.734775850,0.137926477,-1.712328524,96.476771158,-16.191435295,-89.000000000,-0.067573330,-0.580339937,11.412968701,-22.924576141,-25.313809438,31.020293788,17.218091791,44.500000000,44.500000000
1786021334.716733217,45.250335856,0.000000000,TARGET_UPDATED,0,0.050062820,12.529363183,11.254836126,0.500000000,9.090325573,7.785801576,0.014230695,3.439037610,3.469034549,0.485769305,1.026775408,-0.577616290,-2.853599179,0.292755882,-0.690043506,-1.139914439,0.734019526,0.112427216,-1.713684740,95.319117842,-18.547139003,-89.000000000,-0.157850380,-0.167914519,14.526683460,-22.824665575,-24.834893346,32.098235076,15.561323845,44.500000000,44.500000000
1786021334.766745329,45.300347845,0.000000000,NONE,0,0.049963438,12.529363183,11.254836126,0.500000000,9.150409559,7.816778557,0.017666297,3.378953624,3.438057569,0.482333703,0.985086751,-0.554250373,-2.871561190,0.222206446,-0.683438525,-1.139720747,0.762880304,0.129188152,-1.731840443,93.642466989,-14.667761986,-89.000000000,-0.211378841,0.252599207,14.624945454,-23.399912614,-23.421320880,30.733793607,16.087439887,44.500000000,44.500000000
1786021334.816714048,45.350316682,0.000000000,NONE,0,0.050002677,12.529363183,11.254836126,0.500000000,9.209629523,7.847594258,0.017923501,3.319733660,3.407241867,0.482076499,0.933429046,-0.556461458,-2.888244415,0.124699048,-0.674468705,-1.135081771,0.808729998,0.118007247,-1.753162644,92.004971952,-16.082841172,-89.000000000,-0.243088631,0.570001963,14.012011262,-22.483535511,-23.518950465,30.524956097,15.477529879,44.500000000,44.500000000
1786021334.866636992,45.400239660,0.000000000,NONE,0,0.049906647,12.529363183,11.254836126,0.500000000,9.267503550,7.878542320,0.015129264,3.261859634,3.376293805,0.484870736,0.879991988,-0.574889849,-2.902428282,0.029669832,-0.659454766,-1.127023518,0.850322156,0.084564917,-1.775404764,89.794228528,-20.130665473,-89.000000000,-0.265418099,0.705707445,14.467806156,-21.032842303,-23.864271961,31.098175039,13.798939225,44.500000000,44.500000000
1786021334.916739941,45.450342566,0.000000000,TARGET_UPDATED,0,0.050128929,12.767503550,11.378542320,0.500000000,9.324172319,7.909667778,0.010267838,3.443331230,3.468874542,0.489732162,0.834688017,-0.652020467,-2.901344482,-0.039625878,-0.644868759,-1.118106159,0.874313895,-0.007151709,-1.783238323,87.173181554,-34.041611205,-89.000000000,-0.274827957,0.761060796,14.694614907,-16.956546314,-26.630044463,33.977351917,9.609238860,44.500000000,44.500000000
1786021334.966686249,45.500288865,0.000000000,NONE,0,0.049928885,12.767503550,11.378542320,0.500000000,9.380470665,7.940650478,0.004862339,3.387032885,3.437891842,0.495137661,0.795821312,-0.677401874,-2.908506158,-0.070516682,-0.654060347,-1.111421782,0.866337994,-0.023341527,-1.797084376,83.033142686,-36.092700815,-89.000000000,-0.160582247,0.789013366,5.291467821,-13.057977423,-28.458593920,31.104327830,10.412243513,44.500000000,44.500000000
1786021335.016677380,45.550280098,0.000000000,NONE,0,0.049987543,12.767503550,11.378542320,0.500000000,9.437309141,7.971114554,0.000398942,3.330194408,3.407427767,0.499601058,0.791023962,-0.699819987,-2.906223635,-0.062620449,-0.664915981,-1.108010827,0.853644412,-0.034904006,-1.798212808,81.814182270,-39.059183451,-89.000000000,1.465840879,0.654999645,-100.000000000,14.311250295,-55.218341430,5.218341430,35.688749705,44.500000000,44.500000000
1786021335.066686869,45.600289626,0.000000000,NONE,0,0.050005314,12.767503550,11.378542320,0.500000000,9.494442384,8.001535836,-0.002489062,3.273061165,3.377006485,0.502489062,0.940747245,-0.730175827,-2.854812115,0.029551758,-0.691839624,-1.101801477,0.911195487,-0.038336203,-1.753010638,99.041147953,-42.428242661,-89.000000000,0.833936873,-1.373304686,-52.876831376,-0.934018479,-48.586555497,22.148139810,27.372434167,44.500000000,44.500000000
1786021335.116780043,45.650382698,0.000000000,TARGET_UPDATED,0,0.050119577,12.994442384,11.501535836,0.497510938,9.552948978,8.032143107,-0.001855880,3.441493407,3.469392729,0.499366818,1.015598526,-0.695374864,-2.836563004,0.189045375,-0.716211223,-1.111320125,0.826553151,0.020836359,-1.725242879,98.108472223,-33.828242547,-89.000000000,0.120795501,-1.518191156,5.611234683,-17.472866090,-31.581370022,34.386987363,14.667248748,44.500000000,44.500000000
1786021335.166663408,45.700266042,0.000000000,NONE,0,0.049872922,12.994442384,11.501535836,0.497510938,9.613325702,8.062522261,0.003068040,3.381116682,3.439013575,0.494442898,1.007000962,-0.596185179,-2.860171026,0.293852370,-0.712997072,-1.125916398,0.713148592,0.116811892,-1.734254628,89.889586579,-17.510634622,-89.000000000,-0.151945111,-0.730695743,19.570685408,-22.987409341,-21.957383948,31.742726652,13.202066637,44.500000000,44.500000000
1786021335.216667414,45.750270104,0.000000000,NONE,0,0.050020541,12.994442384,11.501535836,0.497510938,9.674039424,8.092695865,0.009692225,3.320402960,3.408839971,0.487818713,0.970572316,-0.535565263,-2.882114709,0.298932365,-0.683285793,-1.131927339,0.671639952,0.147720530,-1.750187370,85.406477181,-11.704062599,-89.000000000,-0.255375563,-0.068555919,21.249271368,-23.737921487,-18.965317103,29.589952787,13.113285803,44.500000000,44.500000000
1786021335.266740561,45.800342909,0.000000000,NONE,0,0.049976361,12.994442384,11.501535836,0.497510938,9.733505637,8.123094373,0.014866615,3.260936747,3.378441462,0.482644323,0.927254063,-0.516890311,-2.897783943,0.226698921,-0.657053760,-1.131111037,0.700555142,0.140163448,-1.766672906,84.628006312,-11.417699763,-89.000000000,-0.284242202,0.514352483,17.757929227,-22.742058944,-19.571944212,28.450908826,13.863094331,44.500000000,44.500000000
1786021335.316763163,45.850365637,0.000000000,TARGET_UPDATED,0,0.050128816,13.233505637,11.623094373,0.500000000,9.791284759,8.153892574,0.016608653,3.442220878,3.469201799,0.483391347,0.893064271,-0.578808169,-2.897096564,0.116114423,-0.635583758,-1.127033999,0.776949848,0.056775590,-1.770062565,87.188142854,-23.128183415,-89.000000000,-0.265761720,0.763162771,13.818032407,-19.469497961,-24.124573466,31.033589669,12.560481758,44.500000000,44.500000000
1786021335.366657019,45.900259758,0.000000000,NONE,0,0.049872441,13.233505637,11.623094373,0.500000000,9.847971413,8.184813416,0.014611145,3.385534224,3.438280957,0.485388855,0.853190311,-0.597540469,-2.906048339,0.014153701,-0.636551002,-1.122026615,0.839036609,0.039010533,-1.784021724,87.312640686,-24.573651814,-89.000000000,-0.201499057,0.779991176,8.528833807,-17.816955670,-25.839364673,30.103781577,13.552538766,44.500000000,44.500000000
1786021335.416687727,45.950290301,0.000000000,NONE,0,0.050023264,13.233505637,11.623094373,0.500000000,9.904333158,8.215521427,0.009947669,3.329172479,3.407572946,0.490052331,0.826323976,-0.615785847,-2.911758382,-0.054940706,-0.632454989,-1.117101678,0.881264682,0.016669143,-1.794656704,87.293052479,-27.699731180,-89.000000000,0.004579730,0.685828656,-7.016302122,-13.144254794,-30.502271445,26.994120384,16.652405855,44.500000000,44.500000000
1786021335.467206717,46.000809231,0.000000000,NONE,0,0.049955187,13.233505637,11.623094373,0.500000000,9.960363772,8.246193004,0.004366604,3.273141865,3.376901369,0.495633396,0.836188441,-0.629688519,-2.908092038,-0.068473265,-0.628961896,-1.113765542,0.904661706,-0.000726623,-1.794326496,89.103405478,-29.971356822,-89.000000000,0.608760622,0.350873938,-52.062047827,-1.767500207,-42.784202532,16.753178618,27.798524121,44.500000000,44.500000000
1786021335.516855001,46.050457545,0.000000000,TARGET_UPDATED,0,0.050190282,13.460363772,11.746193004,0.500000000,10.016325538,8.276958927,-0.000242099,3.444038234,3.469234077,0.500242099,0.932735829,-0.675612328,-2.869947162,0.002552842,-0.638287782,-1.111802569,0.930182987,-0.037324546,-1.758144592,98.821984114,-37.140493614,-89.000000000,0.521083388,-0.884328422,-32.748152106,-7.233334599,-42.177657459,25.803581405,23.607410652,44.500000000,44.500000000
1786021335.566703558,46.100306096,0.000000000,NONE,0,0.049862063,13.460363772,11.746193004,0.500000000,10.073335972,8.307660844,-0.001400225,3.387027800,3.438532160,0.501400225,1.012772189,-0.621549229,-2.855455125,0.142936683,-0.666327982,-1.115093685,0.869835506,0.044778754,-1.740361439,100.910451105,-24.465972802,-89.000000000,0.152039947,-1.122020032,-0.862922785,-18.895388879,-31.559836673,31.128375281,19.326850272,44.500000000,44.500000000
1786021335.616686821,46.150289484,0.000000000,NONE,0,0.049999258,13.460363772,11.746193004,0.500000000,10.131629196,8.338354189,0.001815938,3.328734576,3.407838815,0.498184062,1.049209241,-0.557684073,-2.854219684,0.263280056,-0.656849864,-1.121949611,0.785929185,0.099165791,-1.732270073,98.992349977,-15.990696653,-89.000000000,0.000681577,-0.662546506,6.650943367,-22.413149173,-27.083025816,30.408497499,19.087677489,44.500000000,44.500000000
1786021335.666692019,46.200294632,0.000000000,NONE,0,0.049989796,13.460363772,11.746193004,0.500000000,10.178474856,8.363218799,0.006472218,3.281888917,3.382974206,0.493527782,1.067377150,-0.518916535,-2.852974485,0.313463816,-0.637810382,-1.127246895,0.753913334,0.118893848,-1.725727590,99.943519354,-12.300349107,-89.000000000,-0.029716840,-0.363593844,6.096261177,-23.434857856,-26.536901821,29.585032409,20.386727268,44.500000000,44.500000000
1786021335.716749907,46.250352415,0.000000000,TARGET_UPDATED,0,0.050096174,13.678474856,11.863218799,0.500000000,10.236867935,8.394785055,0.012698451,3.441606920,3.468433744,0.487301549,1.089093379,-0.531572715,-2.839999535,0.321394969,-0.621663176,-1.134245740,0.767698410,0.090090462,-1.705753795,103.920253465,-16.014227661,-89.000000000,-0.023015150,-0.120359036,3.130083855,-22.759027415,-29.201099318,30.766141245,21.193985487,44.500000000,44.500000000
1786021335.766606092,46.300208722,0.000000000,NONE,0,0.049832915,13.678474856,11.863218799,0.500000000,10.295243555,8.426652737,0.017432293,3.383231300,3.436566061,0.482567707,1.094900815,-0.513297307,-2.839309627,0.288292519,-0.628057668,-1.141910815,0.806608297,0.114760361,-1.697398813,107.365533827,-11.998568792,-89.000000000,-0.005659923,0.008322290,0.455416560,-23.955595399,-29.727171515,29.954879795,23.727887119,44.500000000,44.500000000
1786021335.816643476,46.350246263,0.000000000,NONE,0,0.050013923,13.678474856,11.863218799,0.500000000,10.353691156,8.458600567,0.019660833,3.324783700,3.404618231,0.480339167,1.087067319,-0.503695205,-2.843186354,0.234710341,-0.631250698,-1.148038874,0.852356979,0.127555493,-1.695147480,109.428984681,-10.718933147,-89.000000000,-0.003730657,0.045189859,-0.067227222,-24.660706078,-30.053786262,30.020172651,24.694319689,44.500000000,44.500000000
1786021335.866775513,46.400378070,0.000000000,NONE,0,0.050065582,13.678474856,11.863218799,0.500000000,10.411717811,8.490731425,0.019407635,3.266757044,3.372487374,0.480592365,1.062228722,-0.501602416,-2.853023915,0.177766577,-0.630930033,-1.149647155,0.884462145,0.129327616,-1.703376760,108.535122642,-10.668659840,-89.000000000,-0.034471749,0.051086121,2.336549213,-25.050753004,-29.216808317,30.385082924,23.882478397,44.500000000,44.500000000
1786021335.916716576,46.450319257,0.000000000,TARGET_UPDATED,0,0.050030635,13.911717811,11.990731425,0.500000000,10.457704426,8.516511541,0.017802785,3.454013385,3.474219884,0.482197215,1.037126054,-0.552325312,-2.853500157,0.135545457,-0.630143018,-1.146830882,0.901580597,0.077817706,-1.706669275,106.749141270,-18.916843337,-89.000000000,-0.081556693,0.098413331,5.638233311,-23.367632811,-30.006937824,32.826054479,20.548516155,44.500000000,44.500000000
1786021335.966682196,46.500284795,0.000000000,NONE,0,0.049966699,13.911717811,11.990731425,0.500000000,10.514932761,8.548534689,0.014734325,3.396785050,3.442196736,0.485265675,0.989259057,-0.564309829,-2.869278164,0.095227873,-0.644933398,-1.139383145,0.894031184,0.080623569,-1.729895018,101.175760263,-18.685759185,-89.000000000,-0.150212121,0.234641691,9.783395137,-23.068349054,-27.519531078,32.411228646,18.176651485,44.500000000,44.500000000
1786021336.016727209,46.550329927,0.000000000,NONE,0,0.050017944,13.911717811,11.990731425,0.500000000,10.572212248,8.580088712,0.011300976,3.339505564,3.410642712,0.488699024,0.936718384,-0.583071161,-2.884431807,0.064479370,-0.652968784,-1.130150813,0.872239014,0.069897624,-1.754280993,94.756336110,-21.246952938,-89.000000000,-0.211540697,0.433951591,12.717743894,-21.556781767,-25.821386288,32.180258236,15.197909819,44.500000000,44.500000000
1786021336.066800833,46.600403433,0.000000000,NONE,0,0.050040546,13.911717811,11.990731425,0.500000000,10.629204133,8.611413223,0.008123012,3.282513678,3.379318201,0.491876988,0.886215337,-0.608121686,-2.896408479,0.039930796,-0.654508419,-1.121358694,0.846284541,0.046386733,-1.775049785,88.724255564,-25.197400279,-89.000000000,-0.246361642,0.612734958,13.740241937,-19.316774306,-25.045353476,31.915474445,12.446653337,44.500000000,44.500000000
1786021336.116755724,46.650358408,0.000000000,TARGET_UPDATED,0,0.050017141,14.129204133,12.111413223,0.500000000,10.685901562,8.642610454,0.005545408,3.443302571,3.468802770,0.494454592,0.847790590,-0.678713259,-2.893214726,0.021736301,-0.655172141,-1.114608840,0.826054289,-0.023541118,-1.778605886,84.446168845,-37.279659640,-89.000000000,-0.212624896,0.715111785,10.038803744,-14.301328237,-27.921756185,32.941158057,9.281926365,44.500000000,44.500000000
1786021336.166769743,46.700372369,0.000000000,NONE,0,0.049922187,14.129204133,12.111413223,0.500000000,10.742902527,8.673456713,0.003670185,3.386301606,3.437956511,0.496329815,0.827072263,-0.702746963,-2.894196015,0.012876447,-0.676645198,-1.110932007,0.814195816,-0.026101765,-1.783264007,82.246233100,-38.630202465,-89.000000000,0.126599319,0.697138303,-16.932038840,-6.670997949,-34.452118601,25.986099181,15.137017369,44.500000000,44.500000000
1786021336.216665030,46.750267629,0.000000000,NONE,0,0.049941968,14.129204133,12.111413223,0.500000000,10.800647399,8.703880453,0.002420456,3.328556734,3.407532771,0.497579544,0.868824117,-0.722652409,-2.877496361,0.029743302,-0.695204433,-1.109121994,0.839080815,-0.027447976,-1.768374367,87.852936848,-40.860535437,-89.000000000,0.836151757,0.159128439,-68.399653363,5.351812988,-49.278281412,15.078454730,28.848013693,44.500000000,44.500000000
1786021336.266756535,46.800359060,0.000000000,NONE,0,0.050066095,14.129204133,12.111413223,0.500000000,10.847222547,8.728322899,0.002003069,3.281981586,3.383090325,0.497996931,0.982277161,-0.743263925,-2.835611475,0.097710568,-0.719975870,-1.104204219,0.884566593,-0.023288055,-1.731407256,101.010836409,-42.815742372,-89.000000000,0.620409989,-1.103799751,-38.573153005,-4.905485258,-45.599932947,26.313356444,24.192061760,44.500000000,44.500000000
1786021336.316779375,46.850381909,0.000000000,TARGET_UPDATED,0,0.050091864,14.347222547,12.228322899,0.500000000,10.906867077,8.759116136,0.003399283,3.440355470,3.469206763,0.496600717,1.054239636,-0.701610981,-2.819786948,0.211795375,-0.737716796,-1.119232448,0.842444261,0.036105815,-1.700554500,103.725271401,-33.538927970,-89.000000000,0.171350826,-1.293750587,-0.766078201,-17.355066307,-34.507569393,34.124530292,17.738105408,44.500000000,44.500000000
1786021336.366781712,46.900384293,0.000000000,NONE,0,0.049951649,14.347222547,12.228322899,0.500000000,10.968166984,8.789778870,0.007293560,3.379055563,3.438544029,0.492706440,1.057828133,-0.603192362,-2.839606979,0.289611964,-0.731484891,-1.134198717,0.768216168,0.128292528,-1.705408263,98.988046237,-17.508758505,-89.000000000,-0.058369450,-0.760628573,12.286155019,-23.441360687,-26.052662431,32.195739940,17.298283178,44.500000000,44.500000000
1786021336.416779518,46.950382242,0.000000000,NONE,0,0.049994525,14.347222547,12.228322899,0.500000000,11.029701023,8.820328524,0.012228649,3.317521524,3.407994375,0.487771351,1.028153664,-0.538742648,-2.861464382,0.295717178,-0.701625189,-1.140351293,0.732436486,0.162882541,-1.721113089,94.658679793,-10.945825120,-89.000000000,-0.173168210,-0.255630558,16.437390596,-25.037561317,-22.291778579,30.510473877,16.818866019,44.500000000,44.500000000
1786021336.466741323,47.000343715,0.000000000,NONE,0,0.049978743,14.347222547,12.228322899,0.500000000,11.089995717,8.851110293,0.016032418,3.257226830,3.377212606,0.483967582,0.984103841,-0.510840973,-2.880553163,0.239154873,-0.672803442,-1.139642440,0.744948968,0.161962469,-1.740910723,92.146971648,-9.464206941,-89.000000000,-0.234795863,0.231986293,16.514903976,-24.799417171,-21.274068653,29.531520641,16.541965183,44.500000000,44.500000000
1786021336.517010212,47.050612677,0.000000000,TARGET_UPDATED,0,0.050265902,14.589995717,12.351110293,0.500000000,11.148633815,8.882192615,0.017185551,3.441361902,3.468917678,0.482814449,0.939816233,-0.567740786,-2.884252569,0.146019743,-0.651342770,-1.134503993,0.793796490,0.083601983,-1.749748576,91.734569522,-20.404891196,-89.000000000,-0.265358335,0.597796046,15.328481133,-21.664539865,-24.202744896,31.866985463,14.000299299,44.500000000,44.500000000
1786021336.566792965,47.100395354,0.000000000,NONE,0,0.049775055,14.589995717,12.351110293,0.500000000,11.194730887,8.907054822,0.015904749,3.395264830,3.444055471,0.484095251,0.896617669,-0.582181037,-2.895587241,0.068969730,-0.655626861,-1.128735756,0.827647939,0.073445824,-1.766851486,89.689521992,-20.929407170,-89.000000000,-0.278921588,0.724686228,15.172406234,-20.983130264,-23.861630732,31.447833849,13.396927147,44.500000000,44.500000000
1786021336.616806984,47.150409602,0.000000000,NONE,0,0.049972925,14.589995717,12.351110293,0.500000000,11.251866729,8.937900514,0.012073195,3.338128987,3.413209779,0.487926805,0.845851168,-0.605379939,-2.907527164,-0.012067041,-0.651649554,-1.120695908,0.857918209,0.046269615,-1.786831255,87.211510285,-25.008768876,-89.000000000,-0.286229117,0.783362251,15.198855682,-19.350399273,-24.255355870,31.854783711,11.750971432,44.500000000,44.500000000
1786021336.666896582,47.200499140,0.000000000,NONE,0,0.050008297,14.589995717,12.351110293,0.500000000,11.308363629,8.968700605,0.006957653,3.281632088,3.382409688,0.493042347,0.804872298,-0.630502612,-2.915750545,-0.061424133,-0.643898835,-1.113460017,0.866296431,0.013396223,-1.802290528,84.049063084,-29.472513604,-89.000000000,-0.224993551,0.803259077,10.123545297,-16.175023694,-25.849507848,30.911280496,11.113251046,44.500000000,44.500000000
1786021336.716989994,47.250592450,0.000000000,TARGET_UPDATED,0,0.050264327,14.808363629,12.468700605,0.500000000,11.364520207,8.999454835,0.002051528,3.443843422,3.469245770,0.497948472,0.789157905,-0.700118757,-2.906020829,-0.070995719,-0.640141928,-1.108918859,0.860153623,-0.059976829,-1.797101970,82.195793752,-41.773882824,-89.000000000,0.871315063,0.728796165,-76.924106893,9.125548991,-50.223445867,11.761392421,29.336504455,44.500000000,44.500000000
1786021336.766789198,47.300391846,0.000000000,NONE,0,0.049777529,14.808363629,12.468700605,0.500000000,11.409622082,9.023982684,-0.001166906,3.398741547,3.444717920,0.501166906,0.897039479,-0.742790580,-2.865084803,-0.016398159,-0.674568094,-1.102336268,0.913437639,-0.068222486,-1.762748535,95.263350671,-45.692227304,-89.000000000,0.896650387,-0.769874656,-64.053490651,3.620591821,-51.252267156,19.225521831,28.406153504,44.500000000,44.500000000
1786021336.816678762,47.350281305,0.000000000,NONE,0,0.049906792,14.808363629,12.468700605,0.500000000,11.467650427,9.054446307,-0.002525686,3.340713202,3.414254298,0.502525686,1.019746953,-0.705247506,-2.833891186,0.135473056,-0.721845782,-1.104693915,0.884273898,0.016598275,-1.729197271,103.078950795,-34.573403390,-89.000000000,0.244977568,-1.546624723,-4.176616573,-16.082232708,-35.457242689,33.368934403,18.170540995,44.500000000,44.500000000
1786021336.866739273,47.400341784,0.000000000,NONE,0,0.050012467,14.808363629,12.468700605,0.500000000,11.527885120,9.084814306,0.000711361,3.280478509,3.383886299,0.499288639,1.033616260,-0.596568493,-2.852480330,0.275663014,-0.720738575,-1.123049902,0.757953246,0.124170082,-1.729430429,94.916848868,-16.828175861,-89.000000000,-0.069289606,-0.904311771,14.548558504,-23.159307878,-24.299116556,31.573395808,15.885028626,44.500000000,44.500000000
1786021336.916795254,47.450397754,0.000000000,TARGET_UPDATED,0,0.050108761,15.027885120,12.584814306,0.500000000,11.588589791,9.115274118,0.007278727,3.439295329,3.469540187,0.492721273,1.013426187,-0.565563871,-2.863450181,0.322302802,-0.680847082,-1.132737994,0.691123385,0.115283210,-1.730712187,90.127530637,-16.926963580,-89.000000000,-0.195739210,-0.294898623,18.590011853,-22.947644727,-22.116120591,31.411126518,13.652638801,44.500000000,44.500000000
1786021336.966656685,47.500259418,0.000000000,NONE,0,0.049825541,15.027885120,12.584814306,0.500000000,11.648479392,9.145873378,0.013718327,3.379405728,3.438940927,0.486281673,0.976559121,-0.529984430,-2.880539183,0.282403827,-0.663030585,-1.134793767,0.694155294,0.133046155,-1.745745416,88.204173097,-12.338468114,-89.000000000,-0.239706818,0.261287906,16.569442271,-23.108786814,-20.993299735,29.278020871,14.824065678,44.500000000,44.500000000
1786021337.016687393,47.550290038,0.000000000,NONE,0,0.050059782,15.027885120,12.584814306,0.500000000,11.707361751,9.176492762,0.017364780,3.320523369,3.408321544,0.482635220,0.934193572,-0.527066146,-2.893715837,0.186025195,-0.648726731,-1.132980679,0.748168378,0.121660585,-1.760735158,88.601415981,-13.366224925,-89.000000000,-0.235754163,0.623280932,12.656903177,-21.973023558,-22.327684432,28.656136021,15.644571970,44.500000000,44.500000000
1786021337.067098379,47.600700930,0.000000000,NONE,0,0.050137170,15.027885120,12.584814306,0.500000000,11.764805736,9.207387814,0.017173637,3.263079384,3.377426492,0.482826363,0.892456761,-0.540891797,-2.904389766,0.074874479,-0.632903652,-1.128563249,0.817582281,0.092011855,-1.775826517,89.434854948,-16.637678875,-89.000000000,-0.202677014,0.704684949,9.217014468,-20.503547635,-24.213879839,28.822387073,15.895040401,44.500000000,44.500000000
1786021337.116888523,47.650491142,0.000000000,TARGET_UPDATED,0,0.050064733,15.264805736,12.707387814,0.500000000,11.809829858,9.232300217,0.014501458,3.454975877,3.475087596,0.485498542,0.866245463,-0.607602021,-2.900135076,-0.000607227,-0.621258052,-1.123816596,0.866852691,0.013656031,-1.776318480,89.791669426,-28.180756900,-89.000000000,-0.153638227,0.674239592,5.613748721,-16.806165312,-28.089669401,30.896543762,13.999290951,44.500000000,44.500000000
1786021337.166759014,47.700361632,0.000000000,NONE,0,0.049823016,15.264805736,12.707387814,0.500000000,11.865618899,9.263389051,0.009214949,3.399186837,3.443998763,0.490785051,0.836914989,-0.626949490,-2.906624341,-0.058233967,-0.625940417,-1.117923407,0.895148957,-0.001009072,-1.788700934,88.690204764,-29.619419267,-89.000000000,-0.010448608,0.595996469,-5.057948353,-13.503209286,-30.841893096,28.312918920,16.032183463,44.500000000,44.500000000
1786021337.216696024,47.750298602,0.000000000,NONE,0,0.049988694,15.264805736,12.707387814,0.500000000,11.921628360,9.294100955,0.003599255,3.343177376,3.413286858,0.496400745,0.836303575,-0.640492854,-2.905993128,-0.062716857,-0.631987868,-1.113842631,0.899020432,-0.008504985,-1.792150497,88.383201827,-31.239760672,-89.000000000,0.427039114,0.360447734,-37.744173047,-4.849817027,-39.341783887,20.469697363,23.721903551,44.500000000,44.500000000
1786021337.266685247,47.800287861,0.000000000,NONE,0,0.049976591,15.264805736,12.707387814,0.500000000,11.977799306,9.324711874,-0.000563305,3.287006430,3.382675940,0.500563305,0.904958516,-0.641057671,-2.886843137,0.000691305,-0.641165862,-1.111830221,0.904267211,0.000108190,-1.775012915,94.428410510,-30.456112894,-89.000000000,0.553594337,-0.530182793,-39.017619104,-6.238669628,-40.975535627,21.466726075,25.747479180,44.500000000,44.500000000
1786021337.317007303,47.850610063,0.000000000,TARGET_UPDATED,0,0.050332949,15.477799306,12.824711874,0.499436695,12.034447611,9.355460821,-0.001625487,3.443351695,3.469251053,0.501062182,0.999497568,-0.642736052,-2.855308639,0.128082383,-0.649912155,-1.113162170,0.871415185,0.007176103,-1.742146470,100.288544532,-30.228814814,-89.000000000,0.227539096,-1.114062280,-7.117310413,-15.735604826,-34.408667440,30.850012233,19.294260033,44.500000000,44.500000000
1786021337.366698265,47.900300971,0.000000000,NONE,0,0.049686213,15.477799306,12.824711874,0.499436695,12.092217631,9.386324287,0.001342327,3.385581675,3.438387587,0.498094369,1.052915241,-0.582707479,-2.847813545,0.254134706,-0.658054571,-1.119346294,0.798780536,0.075347092,-1.728467252,100.351353771,-19.270711513,-89.000000000,0.048163805,-0.789159175,3.978895644,-21.264884475,-28.910792410,30.900240232,19.275436653,44.500000000,44.500000000
1786021337.416697264,47.950300026,0.000000000,NONE,0,0.049987961,15.477799306,12.824711874,0.499436695,12.150972492,9.417349948,0.007151544,3.326826814,3.407361926,0.492285151,1.083426215,-0.532269149,-2.843967773,0.323818565,-0.645949747,-1.127135492,0.759607650,0.113680598,-1.716832281,101.788653323,-13.265586686,-89.000000000,-0.004541387,-0.436735717,4.671530520,-23.298649289,-27.595677372,29.931442632,20.962884029,44.500000000,44.500000000
1786021337.466799974,48.000402475,0.000000000,NONE,0,0.050000156,15.477799306,12.824711874,0.499436695,12.209830822,9.448877141,0.013424282,3.267968484,3.375834733,0.486012414,1.101338443,-0.497505925,-2.840952242,0.332953955,-0.631854935,-1.135560628,0.768384488,0.134349010,-1.705391613,105.141304461,-9.633682817,-89.000000000,-0.011572446,-0.213174176,2.999557073,-24.626794679,-27.943857551,29.443636088,23.127016143,44.500000000,44.500000000
1786021337.516746283,48.050348939,0.000000000,TARGET_UPDATED,0,0.050081184,15.709830822,12.948877141,0.500000000,12.268414994,9.480936910,0.018144374,3.441415828,3.467940231,0.481855626,1.113767865,-0.524755041,-2.829588166,0.299025279,-0.623627814,-1.143912172,0.814742586,0.098872773,-1.685675994,109.986330062,-15.015097456,-89.000000000,-0.013562296,-0.089008642,1.918448176,-24.222420195,-30.770744835,31.729968924,23.263196107,44.500000000,44.500000000
1786021337.566718578,48.100320960,0.000000000,NONE,0,0.049946558,15.709830822,12.948877141,0.500000000,12.326942351,9.513179312,0.020347078,3.382888471,3.435697829,0.479652922,1.101152875,-0.515859050,-2.835313452,0.247273538,-0.638726311,-1.149866437,0.853879337,0.122867261,-1.685447015,110.859534451,-11.674530586,-89.000000000,-0.032658366,-0.013122773,2.690537388,-25.468885313,-29.960881912,31.306150606,24.123616619,44.500000000,44.500000000
1786021337.616660833,48.150263404,0.000000000,NONE,0,0.049962548,15.709830822,12.948877141,0.500000000,12.385520421,9.545289281,0.020060209,3.324310401,3.403587860,0.479939791,1.068568932,-0.516471720,-2.847751281,0.188371645,-0.647325245,-1.150611393,0.880197286,0.130853526,-1.697139888,108.809192839,-11.561087896,-89.000000000,-0.077237118,0.071637314,5.416954630,-25.666264893,-28.738331526,31.446808841,22.957787578,44.500000000,44.500000000
1786021337.666691303,48.200293801,0.000000000,NONE,0,0.050007062,15.709830822,12.948877141,0.500000000,12.443624701,9.577347152,0.017823504,3.266206121,3.371529989,0.482176496,1.020757228,-0.528161035,-2.863950505,0.131002255,-0.650949849,-1.145161965,0.889754973,0.122788814,-1.718788539,104.281647046,-13.298307031,-89.000000000,-0.138426870,0.214902906,8.893323497,-24.969165878,-27.171657645,31.618319393,20.522504130,44.500000000,44.500000000
1786021337.716750145,48.250352590,0.000000000,TARGET_UPDATED,0,0.050095464,15.943624701,13.077347152,0.500000000,12.501067153,9.609336437,0.014380106,3.442557548,3.468010714,0.485619894,0.971681649,-0.597657438,-2.868667006,0.081203583,-0.651700644,-1.135621828,0.890478066,0.054043207,-1.733045179,99.483814135,-24.625435503,-89.000000000,-0.200782921,0.404978152,12.001171706,-21.714887585,-28.027019483,34.027605336,15.714301732,44.500000000,44.500000000
1786021337.766682386,48.300285083,0.000000000,NONE,0,0.049917903,15.943624701,13.077347152,0.500000000,12.558328894,9.640976123,0.010513817,3.385295808,3.436371028,0.489486183,0.914840101,-0.626446671,-2.882659325,0.045303076,-0.670512550,-1.125527285,0.869537024,0.044065879,-1.757132040,92.677946341,-26.749801778,-89.000000000,-0.252301299,0.586498100,14.332631205,-20.065193942,-26.273779229,33.440094831,12.898878340,44.500000000,44.500000000
1786021337.816762686,48.350365336,0.000000000,NONE,0,0.050065534,15.943624701,13.077347152,0.500000000,12.615823533,9.672105511,0.006892321,3.327801168,3.405241641,0.493107679,0.863443693,-0.656044420,-2.893297404,0.019020242,-0.680277923,-1.117096275,0.844423452,0.024233503,-1.776201129,86.728983072,-31.042804008,-89.000000000,-0.276209919,0.716417416,14.973784863,-17.664990982,-25.699500554,33.186392986,10.178098550,44.500000000,44.500000000
1786021337.866718531,48.400321062,0.000000000,NONE,0,0.049952662,15.943624701,13.077347152,0.500000000,12.673356174,9.702960420,0.004003467,3.270268528,3.374386732,0.495996533,0.825558173,-0.683796439,-2.899035080,0.003798327,-0.685988391,-1.111378325,0.821759846,0.002191953,-1.787656756,82.364545290,-35.258372371,-89.000000000,-0.195112197,0.779117940,7.878454589,-13.746156877,-27.436115768,31.375343063,9.806929583,44.500000000,44.500000000
1786021337.916767120,48.450369953,0.000000000,TARGET_UPDATED,0,0.050063272,16.173356174,13.202960420,0.500000000,12.719456102,9.727516164,0.002355151,3.453900072,3.475444256,0.497644849,0.820188800,-0.750780928,-2.884585191,0.001703322,-0.691861774,-1.108785597,0.818485478,-0.058919154,-1.775799594,82.134835498,-47.066180616,-89.000000000,0.306242425,0.694115278,-31.410551587,-0.914525824,-40.152891925,24.447616132,16.619801617,44.500000000,44.500000000
1786021337.966692448,48.500294904,0.000000000,NONE,0,0.049910945,16.173356174,13.202960420,0.500000000,12.777595006,9.758022452,0.001138219,3.395761168,3.444937968,0.498861781,0.883514165,-0.782971062,-2.857674047,0.035080252,-0.723950747,-1.105464930,0.848433913,-0.059020315,-1.752209118,89.743881525,-49.636637557,-89.000000000,0.994474155,-0.054471384,-79.082493625,9.743812414,-54.615753177,15.074506364,29.797434398,44.500000000,44.500000000
1786021338.016750574,48.550353228,0.000000000,NONE,0,0.050054233,16.173356174,13.202960420,0.500000000,12.837126272,9.788422409,0.001199028,3.336229902,3.414538011,0.498800972,1.028112862,-0.787378110,-2.807636920,0.139004105,-0.767603211,-1.102537141,0.889108757,-0.019774900,-1.705099780,105.583301096,-47.026398370,-89.000000000,0.553015180,-1.459500147,-29.770849458,-7.196513317,-45.595137231,30.709712502,22.081938046,44.500000000,44.500000000
1786021338.066729546,48.600332122,0.000000000,NONE,0,0.049940433,16.173356174,13.202960420,0.500000000,12.898809533,9.819030172,0.003858871,3.274546641,3.383930247,0.496141129,1.074712094,-0.681507405,-2.816805392,0.265501026,-0.782733635,-1.123341410,0.809211068,0.101226229,-1.693463982,103.051505566,-26.213699914,-89.000000000,0.120044139,-1.240028627,2.660128472,-19.874483531,-31.651269252,32.981333488,18.544419295,44.500000000,44.500000000
1786021338.116817713,48.650420279,0.000000000,TARGET_UPDATED,0,0.050100074,16.398809533,13.319030172,0.500000000,12.961732626,9.849682468,0.009097666,3.437076907,3.469347705,0.490902334,1.064178950,-0.630754673,-2.830527898,0.325607997,-0.751309140,-1.138746782,0.738570953,0.120554467,-1.691781116,97.928237240,-21.986886951,-89.000000000,-0.094620777,-0.686467514,14.307191675,-22.562135491,-26.401983129,33.555578966,15.408539654,44.500000000,44.500000000
1786021338.166673899,48.700276515,0.000000000,NONE,0,0.049896101,16.398809533,13.319030172,0.500000000,13.024191708,9.880360509,0.014610288,3.374617825,3.438669663,0.485389712,1.022742611,-0.570652482,-2.856301881,0.306620885,-0.728311231,-1.143168732,0.716121727,0.157658749,-1.713133149,93.416148511,-13.868233889,-89.000000000,-0.208822994,-0.178244520,18.381977989,-24.482473153,-22.225601103,31.416590097,15.291484158,44.500000000,44.500000000
1786021338.216736078,48.750338514,0.000000000,NONE,0,0.050033784,16.398809533,13.319030172,0.500000000,13.085636339,9.910887346,0.018007742,3.313173194,3.408142827,0.481992258,0.968340351,-0.547728370,-2.878371554,0.226239007,-0.708182481,-1.140286323,0.742101344,0.160454111,-1.738085232,90.776789940,-12.420556086,-89.000000000,-0.276898248,0.342808501,18.645176583,-24.250352610,-21.138042361,30.460630652,14.927764318,44.500000000,44.500000000
1786021338.266688108,48.800290623,0.000000000,NONE,0,0.049966670,16.398809533,13.319030172,0.500000000,13.145320159,9.941583071,0.018081291,3.253489374,3.377447102,0.481918709,0.907658205,-0.556592256,-2.896362259,0.115258297,-0.688036649,-1.132421868,0.792399908,0.131444393,-1.763940391,88.851470717,-15.544050087,-89.000000000,-0.322477055,0.697624815,18.775544201,-23.020741208,-21.404994151,30.792766251,13.632969107,44.500000000,44.500000000
1786021338.316856146,48.850458691,0.000000000,TARGET_UPDATED,0,0.050166433,16.645320159,13.441583071,0.500000000,13.203217759,9.972573479,0.014860985,3.442102401,3.469009592,0.485139015,0.853924729,-0.638278089,-2.897062880,0.008845947,-0.668590509,-1.122122308,0.845078782,0.030312420,-1.774940572,87.540150572,-30.522416292,-89.000000000,-0.368471242,0.837309049,21.095206655,-19.528235234,-24.241840052,34.789443380,8.980631906,44.500000000,44.500000000
1786021338.366705894,48.900308470,0.000000000,NONE,0,0.049841298,16.645320159,13.441583071,0.500000000,13.248828593,9.997376746,0.010602554,3.396491567,3.444206325,0.489397446,0.807818568,-0.662171983,-2.906519329,-0.054602988,-0.672364764,-1.114575310,0.862421556,0.010192781,-1.791944019,84.223656928,-32.497070718,-89.000000000,-0.421989732,0.906514194,24.726699440,-19.113321412,-22.998507052,35.361856771,6.749971693,44.500000000,44.500000000
1786021338.416691303,48.950293853,0.000000000,NONE,0,0.050005464,16.645320159,13.441583071,0.500000000,13.306035035,10.027918968,0.004528565,3.339285125,3.413664103,0.495471435,0.757068669,-0.689467151,-2.916134248,-0.101215701,-0.675709251,-1.107711756,0.858284370,-0.013757900,-1.808422492,79.756161122,-36.835534725,-89.000000000,-0.573774250,0.999009743,36.001889064,-19.730628865,-20.147451696,38.148396228,1.729684333,44.500000000,44.500000000
1786021338.466718435,49.000321156,0.000000000,NONE,0,0.050002251,16.645320159,13.441583071,0.500000000,13.351908096,10.052092306,0.000246879,3.293412063,3.389490765,0.499753121,0.714776376,-0.703017204,-2.925201908,-0.115633142,-0.673730066,-1.105523382,0.830409518,-0.029287138,-1.819678526,74.639452730,-39.044820951,-89.000000000,2.927307338,1.167648470,-100.000000000,16.101342055,-53.421068420,3.421068420,33.898657945,44.500000000,44.500000000
1786021338.516774893,49.050377621,0.000000000,TARGET_UPDATED,0,0.050082925,16.851908096,13.552092306,0.500000000,13.409147134,10.082276337,-0.003894809,3.442760962,3.469815969,0.503894809,0.841779219,-0.797297189,-2.868278646,-0.053598532,-0.689447089,-1.098719135,0.895377751,-0.107850099,-1.769559511,89.822741613,-55.853550774,-89.000000000,1.714756221,-0.931943039,-100.000000000,16.507702290,-61.419073097,11.419073097,33.492297710,44.500000000,44.500000000
1786021338.566688061,49.100290611,0.000000000,NONE,0,0.049897609,16.851908096,13.552092306,0.500000000,13.467641242,10.112489434,-0.005004670,3.384266854,3.439602872,0.505004670,0.999666685,-0.765827464,-2.826303536,0.123579597,-0.753343033,-1.097498603,0.876087088,-0.012484431,-1.728804933,100.851076495,-42.884303465,-89.000000000,0.370092860,-1.962498741,-10.393832321,-11.893235177,-38.532303070,33.335386910,17.090151338,44.500000000,44.500000000
1786021338.616678476,49.150280950,0.000000000,NONE,0,0.050005276,16.851908096,13.552092306,0.500000000,13.528985203,10.142393117,-0.000987102,3.322922893,3.409699189,0.500987102,1.006294617,-0.645595201,-2.852244932,0.282217486,-0.760864620,-1.118759299,0.724077131,0.115269419,-1.733485633,89.711451561,-21.574753117,-89.000000000,-0.101877974,-1.061996645,18.369002350,-21.626425198,-23.229300582,32.413801757,12.441924023,44.500000000,44.500000000
1786021338.666724205,49.200326747,0.000000000,NONE,0,0.050017846,16.851908096,13.552092306,0.500000000,13.590877031,10.172290278,0.006532753,3.261031065,3.379802028,0.493467247,0.966193874,-0.561719590,-2.880770353,0.324172075,-0.716601636,-1.129850970,0.642021798,0.154882046,-1.750919384,82.414165783,-13.200743983,-89.000000000,-0.265386857,-0.288087016,23.737164779,-23.237646645,-17.969436247,29.838018636,11.369064255,44.500000000,44.500000000
1786021338.716813803,49.250416505,0.000000000,TARGET_UPDATED,0,0.050110781,17.090877031,13.672290278,0.500000000,13.651287350,10.202530991,0.013494285,3.439589681,3.469759287,0.486505715,0.927227783,-0.581167733,-2.887046982,0.264086706,-0.678016805,-1.130008443,0.663141077,0.096849072,-1.757038539,82.223711915,-20.332812610,-89.000000000,-0.321004041,0.400296703,21.334873899,-20.806443301,-20.305412657,30.972849606,10.139006351,44.500000000,44.500000000
1786021338.766703606,49.300306137,0.000000000,NONE,0,0.049871420,17.090877031,13.672290278,0.500000000,13.698543155,10.226848457,0.016647380,3.392333876,3.445441821,0.483352620,0.888691748,-0.580205720,-2.898146864,0.174975782,-0.673400050,-1.127224980,0.713715966,0.093194330,-1.770921884,82.512594888,-19.379387984,-89.000000000,-0.324041401,0.736395835,18.249192188,-20.345599773,-20.910697671,30.035293765,11.221003679,44.500000000,44.500000000
1786021338.816686630,49.350289114,0.000000000,NONE,0,0.050000210,17.090877031,13.672290278,0.500000000,13.756694969,10.257207772,0.016635595,3.334182062,3.415082506,0.483364405,0.843419203,-0.593909379,-2.908884370,0.049407504,-0.662925649,-1.122156632,0.794011700,0.069016270,-1.786727738,84.181313505,-22.470991382,-89.000000000,-0.294652728,0.852068058,14.770841489,-19.120290903,-22.970365849,30.355786594,11.734870159,44.500000000,44.500000000
1786021338.866669655,49.400272295,0.000000000,NONE,0,0.049996219,17.090877031,13.672290278,0.500000000,13.813678082,10.287757952,0.012683063,3.277198949,3.384532325,0.487316937,0.806747357,-0.614035356,-2.916580931,-0.054282979,-0.646155219,-1.116364460,0.861030336,0.032119863,-1.800216471,85.050191455,-26.800474859,-89.000000000,-0.179169587,0.826653983,5.804246557,-16.013490788,-26.511604939,29.413728218,13.111367510,44.500000000,44.500000000
1786021338.916842461,49.450445033,0.000000000,TARGET_UPDATED,0,0.050128766,17.313678082,13.787757952,0.500000000,13.869827897,10.318480151,0.006538634,3.443850185,3.469277802,0.493461366,0.792545020,-0.683627620,-2.907302863,-0.105299024,-0.632597198,-1.111647072,0.897844044,-0.051030421,-1.795655791,85.569383212,-39.628501152,-89.000000000,0.706318192,0.674542321,-63.584472890,4.410897708,-47.195589314,15.403352868,27.381338737,44.500000000,44.500000000
1786021338.966719627,49.500322330,0.000000000,NONE,0,0.049902316,17.313678082,13.787757952,0.500000000,13.925940337,10.349194416,0.000270354,3.387737745,3.438563536,0.499729646,0.898892724,-0.726518145,-2.868110027,-0.058875874,-0.665652627,-1.105645770,0.957768598,-0.060865517,-1.762464257,98.212376369,-43.391016962,-89.000000000,0.862878583,-0.759315165,-61.856848545,1.758872284,-50.865060469,19.936636197,29.169551988,44.500000000,44.500000000
1786021339.016722202,49.550324821,0.000000000,NONE,0,0.049975135,17.313678082,13.787757952,0.500000000,13.983626176,10.379691574,-0.003153889,3.330051906,3.408066378,0.503153889,1.019142750,-0.687893786,-2.838620937,0.096801704,-0.710347620,-1.107884770,0.922341046,0.022453834,-1.730736167,105.179673198,-32.342614380,-89.000000000,0.254753443,-1.497573755,-5.849714109,-16.746836177,-35.843000422,32.918143367,19.671693232,44.500000000,44.500000000
1786021339.066837311,49.600439855,0.000000000,NONE,0,0.050071580,17.313678082,13.787757952,0.500000000,14.043287553,10.410120069,-0.001094998,3.270390529,3.377637883,0.501094998,1.035259356,-0.581401915,-2.855726934,0.255620091,-0.704909941,-1.123480782,0.779639265,0.123508026,-1.732246153,96.056001540,-15.572132350,-89.000000000,-0.051393450,-0.885595836,12.527404791,-23.252818495,-24.775182275,31.038884670,16.989116100,44.500000000,44.500000000
1786021339.116787434,49.650390004,0.000000000,TARGET_UPDATED,0,0.050034867,17.543287553,13.910120069,0.498905002,14.103187486,10.440798682,0.005225500,3.440100067,3.469321387,0.493679502,1.023734496,-0.555280506,-2.862167012,0.322297027,-0.660337656,-1.131501837,0.701437470,0.105057150,-1.730665175,91.518899904,-16.789307746,-89.000000000,-0.162250091,-0.306976019,15.625974258,-22.588891604,-23.170558348,30.983545477,14.775904475,44.500000000,44.500000000
1786021339.166715860,49.700318629,0.000000000,NONE,0,0.049914828,17.543287553,13.910120069,0.498905002,14.162466759,10.471652546,0.012162253,3.380820794,3.438467523,0.486742749,1.000748037,-0.517874617,-2.874608822,0.302670422,-0.644683622,-1.134349363,0.698077615,0.126809005,-1.740259460,90.592992779,-11.601838597,-89.000000000,-0.185552740,0.180023912,12.638710567,-22.907466187,-22.389030202,28.708385486,16.588110904,44.500000000,44.500000000
1786021339.216682196,49.750284777,0.000000000,NONE,0,0.049937856,17.543287553,13.910120069,0.498905002,14.220971444,10.502579665,0.016835728,3.322316109,3.407540404,0.482069273,0.974084843,-0.509547083,-2.883470089,0.224783680,-0.631044820,-1.135105193,0.749301163,0.121497738,-1.748364896,92.247579102,-11.804289796,-89.000000000,-0.156801663,0.488920039,7.265323797,-21.927153276,-24.196636275,27.829298174,18.294491377,44.500000000,44.500000000
1786021339.266734123,49.800336652,0.000000000,NONE,0,0.050047349,17.543287553,13.910120069,0.498905002,14.278295060,10.533797668,0.017950033,3.264992493,3.376322401,0.480954969,0.946608137,-0.516370812,-2.890978901,0.127387593,-0.618650227,-1.134144829,0.819220544,0.102279415,-1.756834072,94.296501564,-13.768676510,-89.000000000,-0.100802337,0.537529649,2.309371416,-20.709299117,-26.438951665,27.593637373,19.554613409,44.500000000,44.500000000
1786021339.316805601,49.850408207,0.000000000,TARGET_UPDATED,0,0.050119282,17.778295060,14.033797668,0.500000000,14.323338459,10.558976814,0.016344926,3.454956601,3.474820855,0.483655074,0.931496507,-0.575138778,-2.885802256,0.058348409,-0.609318819,-1.131830785,0.873148098,0.034180040,-1.753971471,95.857169262,-23.741696636,-89.000000000,-0.051376219,0.468233369,-0.946605409,-17.792216804,-30.136367827,29.663065122,18.265519509,44.500000000,44.500000000
1786021339.366744995,49.900347656,0.000000000,NONE,0,0.049903869,17.778295060,14.033797668,0.500000000,14.379124311,10.590446332,0.012204713,3.399170749,3.443351337,0.487795287,0.906927882,-0.586194667,-2.892962526,0.001704864,-0.614598434,-1.127385999,0.905223017,0.028403766,-1.765576527,95.193729757,-23.827998156,-89.000000000,0.000945456,0.356554289,-4.015642982,-16.837522155,-30.759342724,28.751521233,18.845343646,44.500000000,44.500000000
1786021339.416742325,49.950345069,0.000000000,NONE,0,0.050022573,17.778295060,14.033797668,0.500000000,14.435006849,10.621578641,0.007328907,3.343288211,3.412219027,0.492671093,0.891903446,-0.590827289,-2.898544837,-0.012693516,-0.618886701,-1.122628122,0.904596962,0.028059413,-1.775916715,93.211641420,-24.156736377,-89.000000000,0.047491011,0.211418187,-6.292677589,-15.690556863,-30.915263847,27.768925052,18.836895658,44.500000000,44.500000000
1786021339.466767311,50.000369902,0.000000000,NONE,0,0.049972834,17.778295060,14.033797668,0.500000000,14.490842971,10.652585088,0.003402041,3.287452089,3.381212580,0.496597959,0.894126482,-0.587399772,-2.900063929,0.012702139,-0.618204262,-1.118982397,0.881424343,0.030804490,-1.781081532,91.559500833,-23.620130775,-89.000000000,0.094381462,0.035036212,-8.289526917,-14.912460785,-30.867289631,26.722526173,19.057224244,44.500000000,44.500000000
1786021339.516782999,50.050385639,0.000000000,TARGET_UPDATED,0,0.050081511,17.990842971,14.152585088,0.500000000,14.546621480,10.683623838,0.001537156,3.444221491,3.468961251,0.498462844,0.922282686,-0.615920999,-2.886015018,0.068625249,-0.614678967,-1.117327612,0.853657437,-0.001242032,-1.768687406,92.242504039,-28.866485494,-89.000000000,0.134255554,-0.183689578,-9.305643808,-13.517593684,-32.603658335,27.950836431,18.170415588,44.500000000,44.500000000
1786021339.566627502,50.100230300,0.000000000,NONE,0,0.049829481,17.990842971,14.152585088,0.500000000,14.602810241,10.714598820,0.002099237,3.388032730,3.437986269,0.497900763,0.968960451,-0.590643507,-2.875768163,0.140985546,-0.625997517,-1.118050126,0.827974904,0.035354011,-1.757718036,94.951861646,-22.959500495,-89.000000000,0.139899448,-0.382142221,-7.786571108,-16.051447511,-31.424483312,27.531197758,19.944733065,44.500000000,44.500000000
1786021339.616734266,50.150336823,0.000000000,NONE,0,0.050094459,17.990842971,14.152585088,0.500000000,14.659653290,10.745568006,0.004778205,3.331189681,3.407017082,0.495221795,1.019959412,-0.553412781,-2.864475083,0.209131727,-0.622942635,-1.121762357,0.810827684,0.069529854,-1.742712726,98.934917201,-17.696965810,-89.000000000,0.116831434,-0.473444051,-5.039816978,-19.049533603,-30.417924997,27.898016508,21.569442092,44.500000000,44.500000000
1786021339.666905880,50.200508427,0.000000000,NONE,0,0.050172184,17.990842971,14.152585088,0.500000000,14.705298680,10.770625273,0.007912902,3.285544291,3.381959815,0.492087098,1.054723413,-0.520653868,-2.856801520,0.249709398,-0.612328556,-1.126656290,0.805014015,0.091674688,-1.730145230,102.253155044,-13.911854554,-89.000000000,0.091313678,-0.465992990,-3.082069852,-21.314807660,-29.811769862,28.270734937,22.855842585,44.500000000,44.500000000
1786021339.716761589,50.250364123,0.000000000,TARGET_UPDATED,0,0.049896399,18.205298680,14.270625273,0.500000000,14.762439140,10.802396832,0.012055304,3.442859540,3.468228441,0.487944696,1.091657038,-0.524807639,-2.840521856,0.271657156,-0.601110675,-1.134342530,0.819999883,0.076303036,-1.706179325,107.350209462,-15.914315058,-89.000000000,0.057495779,-0.421875629,-0.823549258,-22.653086286,-31.022018445,30.610243815,23.064860916,44.500000000,44.500000000
1786021339.766693830,50.300296464,0.000000000,NONE,0,0.049908391,18.205298680,14.270625273,0.500000000,14.819876375,10.834448825,0.015439851,3.385422304,3.436176448,0.484560149,1.107515510,-0.491686284,-2.839005231,0.270035145,-0.606432463,-1.142391319,0.837480364,0.114746179,-1.696613912,110.112660401,-9.947783576,-89.000000000,0.017097190,-0.345128308,1.639158043,-25.451008717,-29.605321484,30.424900505,24.631429696,44.500000000,44.500000000
1786021339.817071915,50.350674414,0.000000000,NONE,0,0.050315417,18.205298680,14.270625273,0.500000000,14.877701822,10.866532786,0.017519320,3.327596857,3.404092487,0.482480680,1.102281414,-0.466427159,-2.844502330,0.249499313,-0.608034574,-1.148479188,0.852782101,0.141607414,-1.696023142,110.432868357,-6.715309278,-89.000000000,-0.034438628,-0.240693968,4.721145723,-27.109676200,-28.106757978,30.467330839,24.749103339,44.500000000,44.500000000
1786021339.866620302,50.400222918,0.000000000,NONE,0,0.049607304,18.205298680,14.270625273,0.500000000,14.935313913,10.898754231,0.018144768,3.269984767,3.371871043,0.481855232,1.074484671,-0.454316718,-2.856832872,0.213563439,-0.606327304,-1.150020590,0.860921232,0.152010586,-1.706812281,107.894729618,-5.557426997,-89.000000000,-0.098338265,-0.087538763,8.311321183,-27.662155951,-26.285208858,30.440869450,23.506495360,44.500000000,44.500000000
1786021339.916806936,50.450409491,0.000000000,TARGET_UPDATED,0,0.050200842,18.435313913,14.398754231,0.500000000,14.992363708,10.931050964,0.017339097,3.442950205,3.467703266,0.482660903,1.036635731,-0.504335467,-2.862725201,0.165946697,-0.605044605,-1.146048802,0.870689034,0.100709138,-1.716676400,104.699556286,-13.537338184,-89.000000000,-0.164786256,0.148635824,11.281959456,-25.611044390,-26.738733753,32.379713481,19.970064661,44.500000000,44.500000000
1786021339.966798306,50.500401056,0.000000000,NONE,0,0.049928860,18.435313913,14.398754231,0.500000000,15.049086022,10.963093693,0.015269754,3.386227891,3.435660538,0.484730246,0.981647196,-0.525110668,-2.879113621,0.115685631,-0.621896295,-1.138083739,0.865961565,0.096785626,-1.741029882,98.832316154,-14.465098691,-89.000000000,-0.221516114,0.422041192,13.108414474,-24.368907984,-25.047250093,31.601457330,17.814700747,44.500000000,44.500000000
1786021340.016705990,50.550308555,0.000000000,NONE,0,0.049944892,18.435313913,14.398754231,0.500000000,15.094367435,10.988423719,0.012914714,3.340946477,3.410330512,0.487085286,0.935660398,-0.549221469,-2.890797912,0.073678747,-0.629304269,-1.130389021,0.861981651,0.080082800,-1.760408891,94.402395491,-17.705121439,-89.000000000,-0.257238577,0.590198325,14.310335716,-22.751902442,-24.449295303,31.604463162,15.596734584,44.500000000,44.500000000
1786021340.066757441,50.600360043,0.000000000,NONE,0,0.049992434,18.435313913,14.398754231,0.500000000,15.150581787,11.019928423,0.009577639,3.284732126,3.378825808,0.490422361,0.882247229,-0.583571893,-2.902109643,0.032871266,-0.631547478,-1.121034635,0.849375963,0.047975585,-1.781075008,88.841495660,-22.918584491,-89.000000000,-0.284900566,0.712679631,15.326967518,-20.312469672,-24.108278158,31.771761917,12.648985913,44.500000000,44.500000000
1786021340.117297888,50.650900468,0.000000000,TARGET_UPDATED,0,0.050606805,18.650581787,14.519928423,0.500000000,15.206439033,11.051336709,0.006387567,3.444142755,3.468591713,0.493612433,0.840711682,-0.659622294,-2.899365805,0.004962778,-0.633399974,-1.113737332,0.835748904,-0.026222320,-1.785628473,84.592841705,-35.436638762,-89.000000000,-0.266597304,0.778655108,13.229935064,-15.596534502,-26.699886351,33.314853883,8.981566970,44.500000000,44.500000000
1786021340.166756868,50.700359378,0.000000000,NONE,0,0.049458231,18.650581787,14.519928423,0.500000000,15.262538595,11.082428128,0.003747340,3.388043192,3.437500295,0.496252660,0.813238197,-0.688887855,-2.901409526,-0.008136045,-0.653786163,-1.109621242,0.821374242,-0.035101692,-1.791788284,81.541322729,-37.706404665,-89.000000000,0.017471691,0.776230850,-9.473070193,-8.590461968,-32.180199397,27.443664300,13.326997064,44.500000000,44.500000000
1786021340.216748714,50.750351435,0.000000000,NONE,0,0.049998479,18.650581787,14.519928423,0.500000000,15.319474873,11.113011013,0.001810749,3.331106914,3.406917410,0.498189251,0.841471130,-0.713564919,-2.888110911,0.003422610,-0.674454123,-1.107877710,0.838048520,-0.039110795,-1.780233201,85.394531237,-40.499370714,-89.000000000,1.036576866,0.371517494,-87.058005154,10.540711158,-53.237976776,9.708974199,32.988291419,44.500000000,44.500000000
1786021340.266688585,50.800290931,0.000000000,NONE,0,0.049933622,18.650581787,14.519928423,0.500000000,15.377069281,11.143650764,0.000766983,3.273512506,3.376277659,0.499233017,0.997700377,-0.733050095,-2.833373807,0.096141329,-0.708742543,-1.102980454,0.901559047,-0.024307552,-1.730393352,103.850542476,-41.394131676,-89.000000000,0.586122500,-1.478502154,-32.579993814,-7.469104247,-44.456166991,28.166170085,23.759101154,44.500000000,44.500000000
1786021340.316887617,50.850490063,0.000000000,TARGET_UPDATED,0,0.050210965,18.877069281,14.643650764,0.500000000,15.436454692,11.174432448,0.002757818,3.440614589,3.469218316,0.497242182,1.030164916,-0.671792000,-2.836153694,0.224810201,-0.721967137,-1.121273502,0.805354715,0.050175137,-1.714880192,98.030929050,-29.145468217,-89.000000000,0.072816020,-1.243099835,6.123188994,-18.752162457,-30.263302068,33.324896565,15.690567960,44.500000000,44.500000000
1786021340.366698742,50.900301399,0.000000000,NONE,0,0.049818741,18.877069281,14.643650764,0.500000000,15.484890139,11.198924888,0.006495618,3.392179143,3.444725876,0.493504382,1.009547930,-0.596416516,-2.858859932,0.272429415,-0.707026609,-1.131809214,0.737118515,0.110610093,-1.727050718,92.476976091,-18.465171492,-89.000000000,-0.125880871,-0.661018828,16.210672693,-22.555619323,-23.682868723,31.788205069,14.450282977,44.500000000,44.500000000
1786021340.416701555,50.950303962,0.000000000,NONE,0,0.049997293,18.877069281,14.643650764,0.500000000,15.545354984,11.229351820,0.011652657,3.331714297,3.414298944,0.488347343,0.971977588,-0.538181227,-2.881355162,0.263561064,-0.683142434,-1.135352380,0.708416524,0.144961207,-1.746002783,87.999056053,-11.865687623,-89.000000000,-0.240499028,-0.109980450,19.893790079,-24.006789627,-19.992738399,29.939633439,14.059894588,44.500000000,44.500000000
1786021340.466760397,51.000363109,0.000000000,NONE,0,0.050008578,18.877069281,14.643650764,0.500000000,15.604682731,11.259834737,0.015200426,3.272386550,3.383816027,0.484799574,0.925007295,-0.517333803,-2.899231993,0.193070797,-0.658017369,-1.132825249,0.731936498,0.140683566,-1.766406745,86.204103049,-11.205996862,-89.000000000,-0.293035334,0.437456258,18.651636031,-23.412435555,-19.689615970,29.015433986,14.086617539,44.500000000,44.500000000
1786021340.516930103,51.050532555,0.000000000,TARGET_UPDATED,0,0.050210709,19.104682731,14.759834737,0.500000000,15.662331008,11.290634317,0.015715354,3.442351723,3.469200421,0.484284646,0.880821746,-0.575335753,-2.901868013,0.091463675,-0.634668770,-1.126895428,0.789358070,0.059333017,-1.774972585,86.516294526,-22.474468355,-89.000000000,-0.307726272,0.743587407,16.796501902,-20.209582018,-23.048565245,31.446816196,11.811331067,44.500000000,44.500000000
1786021340.566674471,51.100277122,0.000000000,NONE,0,0.049724441,19.104682731,14.759834737,0.500000000,15.718818174,11.321536107,0.013086542,3.385864557,3.438298630,0.486913458,0.833980128,-0.594431611,-2.912828319,-0.002505419,-0.632238801,-1.120156074,0.836485547,0.037807190,-1.792672245,85.316303104,-24.288727504,-89.000000000,-0.292230262,0.823240421,14.789352964,-18.954232141,-23.703919411,31.098595893,11.559555659,44.500000000,44.500000000
1786021340.616719246,51.150321938,0.000000000,NONE,0,0.050055243,19.104682731,14.759834737,0.500000000,15.774914487,11.352221357,0.008325031,3.329768244,3.407613380,0.491674969,0.798182325,-0.614959957,-2.920385907,-0.066650639,-0.625859890,-1.114119502,0.864832965,0.010899932,-1.806266404,83.848442070,-27.909118814,-89.000000000,-0.148218675,0.812614638,3.389522054,-14.832211327,-27.092009707,28.786770734,13.137450300,44.500000000,44.500000000
1786021340.666760683,51.200363448,0.000000000,NONE,0,0.049992416,19.104682731,14.759834737,0.500000000,15.830641651,11.382856758,0.003031361,3.274041080,3.376977979,0.496968639,0.795505083,-0.634875411,-2.918870499,-0.082867005,-0.619985049,-1.110301090,0.878372088,-0.014890362,-1.808569408,84.161751257,-31.341740923,-89.000000000,1.198293824,0.620165906,-100.000000000,11.794997417,-53.875873045,3.875873045,38.205002583,44.500000000,44.500000000
1786021340.716732264,51.250334888,0.000000000,TARGET_UPDATED,0,0.050062531,19.330641651,14.882856758,0.500000000,15.886194941,11.413682078,-0.001489355,3.444446710,3.469174679,0.501489355,0.953452473,-0.702997409,-2.857022762,0.005638982,-0.640053726,-1.105463614,0.947813491,-0.062943683,-1.751559148,102.622484270,-41.651147587,-89.000000000,0.616981650,-1.511974920,-34.762194942,-6.552285435,-44.758956700,27.377859229,23.933382906,44.500000000,44.500000000
1786021340.766690493,51.300293110,0.000000000,NONE,0,0.049929661,19.330641651,14.882856758,0.500000000,15.931808365,11.438247830,-0.002235786,3.398833286,3.444608928,0.502235786,0.975757452,-0.625754954,-2.867729049,0.131986190,-0.669277256,-1.114667938,0.843771262,0.043522302,-1.753061111,94.961842272,-24.308627396,-89.000000000,0.048008111,-1.322716792,8.858312859,-19.877881934,-27.603039202,32.032195632,15.448725504,44.500000000,44.500000000
1786021340.817059517,51.350662180,0.000000000,NONE,0,0.050170088,19.330641651,14.882856758,0.500000000,15.990371584,11.468465812,0.001240858,3.340270067,3.414390946,0.498759142,0.957384734,-0.534472119,-2.890928148,0.236162187,-0.657080714,-1.124104938,0.721222547,0.122608595,-1.766823210,85.555714861,-12.004370745,-89.000000000,-0.225088840,-0.617174492,23.673231420,-24.306143884,-18.471713546,30.308329257,12.469528174,44.500000000,44.500000000
1786021340.866702557,51.400305249,0.000000000,NONE,0,0.049825363,19.330641651,14.882856758,0.500000000,16.048727120,11.498637752,0.007111087,3.281914530,3.384219006,0.492888913,0.923016401,-0.481713960,-2.909055898,0.252123842,-0.623326034,-1.126486301,0.670892559,0.141612074,-1.782569597,80.885505645,-7.949240435,-89.000000000,-0.316194904,0.078506774,24.036412958,-24.243169542,-16.199583280,28.217789759,12.224963063,44.500000000,44.500000000
1786021340.916785717,51.450388387,0.000000000,TARGET_UPDATED,0,0.050104904,19.548727120,14.998637752,0.500000000,16.105706783,11.529181433,0.012138622,3.443020338,3.469456318,0.487861378,0.892296251,-0.516791752,-2.910713541,0.190602965,-0.593635513,-1.124532961,0.701693286,0.076843761,-1.786180579,81.698094268,-16.190196803,-89.000000000,-0.311240706,0.675339236,17.702941822,-20.802709822,-20.046337312,28.897808223,11.951238911,44.500000000,44.500000000
1786021340.966834545,51.500436912,0.000000000,NONE,0,0.049965949,19.548727120,14.998637752,0.500000000,16.161469337,11.560003956,0.014194691,3.387257784,3.438633796,0.485805309,0.864571980,-0.527498208,-2.916380673,0.096622345,-0.586914362,-1.121921515,0.767949635,0.059416154,-1.794459158,84.061207047,-17.146872447,-89.000000000,-0.198899337,0.826029867,7.228602362,-18.535734241,-23.494869283,27.109170464,14.921433059,44.500000000,44.500000000
1786021341.016711712,51.550314351,0.000000000,NONE,0,0.049944007,19.548727120,14.998637752,0.500000000,16.216553156,11.590889850,0.012815334,3.332173965,3.407747902,0.487184666,0.856994870,-0.541833435,-2.916506702,0.012306217,-0.576419497,-1.120109127,0.844688653,0.034586062,-1.796397576,88.253740849,-19.958298220,-89.000000000,0.129830649,0.686425086,-17.686717218,-12.652181353,-31.474689072,22.631330463,21.495539962,44.500000000,44.500000000
1786021341.066851616,51.600454124,0.000000000,NONE,0,0.050027060,19.548727120,14.998637752,0.500000000,16.271025930,11.621983156,0.008935932,3.277701190,3.376654596,0.491064068,0.891406496,-0.547547839,-2.906571802,-0.022437591,-0.567370216,-1.120024064,0.913844087,0.019822376,-1.786547737,95.119068759,-21.118388088,-89.000000000,0.548975243,0.120232706,-45.611288175,-7.097348124,-40.462186256,17.656542168,29.902992212,44.500000000,44.500000000
1786021341.116742373,51.650345066,0.000000000,TARGET_UPDATED,0,0.050024368,19.771025930,15.121983156,0.500000000,16.314400059,11.647045434,0.005423447,3.456625871,3.474937722,0.494576553,0.956968534,-0.575854083,-2.881486895,0.010286665,-0.566032783,-1.121167966,0.946681870,-0.009821300,-1.760318929,102.144366388,-25.630353634,-89.000000000,0.446112017,-0.771616539,-28.508370587,-12.001410542,-39.070772652,24.816587359,26.255595835,44.500000000,44.500000000
1786021341.166706800,51.700309370,0.000000000,NONE,0,0.049946174,19.771025930,15.121983156,0.500000000,16.369129142,11.678431872,0.002726316,3.401896788,3.443551283,0.497273684,1.023554601,-0.522782939,-2.869741537,0.106813508,-0.581993644,-1.123995606,0.916741093,0.059210705,-1.745745931,105.383033133,-15.046369317,-89.000000000,0.130157520,-1.057368079,-0.387497144,-22.487291668,-30.204224898,30.010476327,22.681040240,44.500000000,44.500000000
1786021341.216693401,51.750296051,0.000000000,NONE,0,0.049990152,19.771025930,15.121983156,0.500000000,16.425006784,11.709676223,0.003350758,3.346019146,3.412306933,0.496649242,1.052422148,-0.464592504,-2.869067354,0.211106237,-0.580217408,-1.128053516,0.841315910,0.115624904,-1.741013838,102.807019575,-7.511490156,-89.000000000,-0.037496534,-0.694539678,9.400292105,-26.173955381,-25.229554407,29.929700459,21.473809328,44.500000000,44.500000000
1786021341.266697168,51.800299872,0.000000000,NONE,0,0.049998916,19.771025930,15.121983156,0.500000000,16.481221641,11.741199084,0.007037857,3.289804289,3.380784072,0.492962143,1.056889469,-0.424067261,-2.872268768,0.273670561,-0.561841403,-1.131981653,0.783218909,0.137774142,-1.740287115,100.117550955,-4.106218904,-89.000000000,-0.101230156,-0.286877058,10.432478407,-26.610952615,-23.447822863,28.664062067,21.394713411,44.500000000,44.500000000
1786021341.316751957,51.850354495,0.000000000,TARGET_UPDATED,0,0.050071320,19.981221641,15.241199084,0.500000000,16.537222714,11.773129384,0.011846626,3.443998928,3.468069700,0.488153374,1.057229509,-0.444665213,-2.867176220,0.280322219,-0.547167514,-1.135669011,0.776907290,0.102502301,-1.731507208,100.809060417,-8.737967597,-89.000000000,-0.110080601,0.043680616,7.845961055,-24.979263469,-25.425266740,29.348247267,21.056282941,44.500000000,44.500000000
1786021341.366698742,51.900301346,0.000000000,NONE,0,0.049935364,19.981221641,15.241199084,0.500000000,16.593039225,11.805254853,0.015717193,3.388182416,3.435944231,0.484282807,1.043387327,-0.442711575,-2.871069745,0.244045646,-0.553838170,-1.139172002,0.799341681,0.111126595,-1.731897743,101.343342646,-7.207810209,-89.000000000,-0.088262258,0.279717530,3.748939244,-24.471117920,-26.200553403,28.075023024,22.596648298,44.500000000,44.500000000
1786021341.416718006,51.950320609,0.000000000,NONE,0,0.049994395,19.981221641,15.241199084,0.500000000,16.648738331,11.837375114,0.017453834,3.332483310,3.403823971,0.482546166,1.021666591,-0.451173168,-2.876900147,0.183333352,-0.558131181,-1.141157236,0.838333239,0.106958013,-1.735742910,101.873736250,-8.290673276,-89.000000000,-0.058531595,0.344491779,0.728596226,-23.577914800,-27.358953325,27.723251438,23.213616687,44.500000000,44.500000000
1786021341.466630220,52.000232848,0.000000000,NONE,0,0.049941192,19.981221641,15.241199084,0.500000000,16.703949496,11.869600733,0.016808153,3.277272146,3.371598352,0.483191847,0.992864933,-0.464141970,-2.885153162,0.119462893,-0.559096122,-1.140064071,0.873402040,0.094954152,-1.745089091,101.132258703,-10.074722742,-89.000000000,-0.045180165,0.308142054,0.028491810,-22.771506943,-27.794622409,27.808868314,22.757261038,44.500000000,44.500000000
1786021341.517092705,52.050695305,0.000000000,TARGET_UPDATED,0,0.050458995,20.203949496,15.369600733,0.500000000,16.758600400,11.901894152,0.014288928,3.445349096,3.467706581,0.485711072,0.963141243,-0.520506605,-2.886562163,0.067980559,-0.558552198,-1.135674613,0.895160685,0.038045593,-1.750887550,99.393278063,-18.626641466,-89.000000000,-0.059766798,0.260802181,1.674852749,-20.610372337,-29.086266695,29.923693070,19.772945962,44.500000000,44.500000000
1786021341.566739559,52.100342088,0.000000000,NONE,0,0.049642785,20.203949496,15.369600733,0.500000000,16.813139613,11.933942176,0.010826399,3.390809882,3.435658557,0.489173601,0.927589389,-0.533586348,-2.897113712,0.037929096,-0.574265324,-1.129407621,0.889660293,0.040678977,-1.767706091,95.314609516,-18.342783211,-89.000000000,-0.093382317,0.265775613,4.323631451,-20.323864439,-27.333440319,29.495256044,18.162048714,44.500000000,44.500000000
1786021341.616662979,52.150265614,0.000000000,NONE,0,0.049944247,20.203949496,15.369600733,0.500000000,16.867881432,11.965568576,0.007404923,3.336068064,3.404032157,0.492595077,0.894689370,-0.545307156,-2.906567277,0.025829908,-0.581257821,-1.123077591,0.868859462,0.035950665,-1.783489686,90.900864795,-19.741869985,-89.000000000,-0.114605945,0.334334265,5.347382966,-19.126594444,-26.323837953,28.997529436,16.452902961,44.500000000,44.500000000
1786021341.666704416,52.200307045,0.000000000,NONE,0,0.050009101,20.203949496,15.369600733,0.500000000,16.911642297,11.990722202,0.005198887,3.292307198,3.378878531,0.494801113,0.874947429,-0.555033845,-2.911574788,0.025589654,-0.583194365,-1.118849050,0.849357775,0.028160520,-1.792725738,88.090682981,-21.089435826,-89.000000000,-0.084374422,0.394120396,2.339438792,-17.335171487,-26.710170004,27.879889400,16.165452091,44.500000000,44.500000000
1786021341.716760874,52.250363540,0.000000000,TARGET_UPDATED,0,0.050085704,20.411642297,15.490722202,0.500000000,16.966244610,12.022103046,0.003492774,3.445397688,3.468619156,0.496507226,0.869310067,-0.605942757,-2.903756548,0.039156957,-0.582813598,-1.115327246,0.830153111,-0.023129159,-1.788429301,86.475853456,-29.562664036,-89.000000000,0.099753718,0.389122892,-12.350829849,-11.140589893,-32.097336835,25.921921911,17.316004817,44.500000000,44.500000000
1786021341.766682863,52.300285388,0.000000000,NONE,0,0.049914064,20.411642297,15.490722202,0.500000000,17.021057465,12.053364297,0.003026682,3.390584832,3.437357905,0.496973318,0.899124039,-0.613653869,-2.893218877,0.068117905,-0.598421502,-1.114096082,0.831006134,-0.015232367,-1.779122795,89.442721882,-28.627313032,-89.000000000,0.424427511,0.096663985,-35.442514027,-6.343223706,-38.378137235,20.656880222,24.064480719,44.500000000,44.500000000
1786021341.816798925,52.350401550,0.000000000,NONE,0,0.050033389,20.411642297,15.490722202,0.500000000,17.076637912,12.084424100,0.003645781,3.335004386,3.406298101,0.496354219,0.974035162,-0.599268460,-2.871664972,0.123486513,-0.613202075,-1.115497334,0.850548650,0.013933615,-1.756167639,97.682654982,-25.115844742,-89.000000000,0.409357809,-0.684990287,-26.461358276,-11.526362991,-37.314964500,24.084285362,24.757042129,44.500000000,44.500000000
1786021341.866603374,52.400205890,0.000000000,NONE,0,0.049900509,20.411642297,15.490722202,0.500000000,17.132999131,12.115633806,0.005543393,3.278643167,3.375088396,0.494456607,1.043309921,-0.549214111,-2.856565206,0.199540743,-0.618456706,-1.121510536,0.843769178,0.069242595,-1.735054670,103.416158785,-16.867010192,-89.000000000,0.181923271,-0.978046346,-5.354190717,-20.298739469,-31.409339923,28.732244565,22.975834827,44.500000000,44.500000000
1786021341.916981697,52.450584386,0.000000000,TARGET_UPDATED,0,0.050194125,20.632999131,15.615633806,0.500000000,17.190046451,12.147181508,0.008807684,3.442952679,3.468452298,0.491192316,1.081795154,-0.536982235,-2.843277436,0.259894586,-0.610444148,-1.129874801,0.821900568,0.073461913,-1.713402635,105.705721333,-16.618690460,-89.000000000,0.032678639,-0.723075936,4.032395139,-23.279856503,-29.573004163,31.589201733,21.263658934,44.500000000,44.500000000
1786021341.966695070,52.500297761,0.000000000,NONE,0,0.049884711,20.632999131,15.615633806,0.500000000,17.247644402,12.178959882,0.012688695,3.385354729,3.436673923,0.487311305,1.088289622,-0.496177285,-2.846708010,0.282707849,-0.613312691,-1.137370479,0.805581773,0.117135406,-1.709337531,105.507466236,-9.974887226,-89.000000000,-0.048837705,-0.411171555,7.439531415,-25.743027606,-27.010705512,30.730471219,22.023261899,44.500000000,44.500000000
1786021342.016746283,52.550348674,0.000000000,NONE,0,0.050021394,20.632999131,15.615633806,0.500000000,17.305623882,12.210746727,0.015972656,3.327375248,3.404887078,0.484027344,1.072797884,-0.472211485,-2.855390791,0.265179836,-0.612440401,-1.142431732,0.807618048,0.140228916,-1.712959059,104.400390363,-7.221979991,-89.000000000,-0.103646337,-0.138886937,9.111744885,-26.572538814,-25.627656367,30.183528810,22.016666372,44.500000000,44.500000000
1786021342.066733360,52.600335797,0.000000000,NONE,0,0.049975451,20.632999131,15.615633806,0.500000000,17.363273047,12.242659693,0.017694273,3.269726084,3.372974112,0.482305727,1.039143161,-0.467765280,-2.867885888,0.216167892,-0.610829543,-1.143380321,0.822975269,0.143064263,-1.724505567,102.197745655,-7.133111428,-89.000000000,-0.148898055,0.133503532,10.022860122,-26.271873587,-24.826999240,29.838429301,21.260443526,44.500000000,44.500000000
1786021342.117305517,52.650908289,0.000000000,TARGET_UPDATED,0,0.050088982,20.863273047,15.742659693,0.500000000,17.420213044,12.274687124,0.017397640,3.443060002,3.467972569,0.482602360,0.999313765,-0.528960288,-2.871516907,0.149443794,-0.610046673,-1.139535737,0.849869972,0.081086386,-1.731981170,100.167938543,-16.815654459,-89.000000000,-0.187061705,0.383264246,10.597084374,-23.487342115,-26.596627157,31.895169344,18.188799927,44.500000000,44.500000000
1786021342.166700840,52.700303475,0.000000000,NONE,0,0.049911244,20.863273047,15.742659693,0.500000000,17.476709856,12.306545825,0.015167837,3.386563191,3.436113868,0.484832163,0.946132727,-0.556330731,-2.885172264,0.083523821,-0.626895838,-1.132275255,0.862608907,0.070565107,-1.752897008,95.715044774,-18.693825507,-89.000000000,-0.220156890,0.548835647,11.610961831,-22.158045275,-25.699477112,31.504958028,16.352564359,44.500000000,44.500000000
1786021342.216670752,52.750273346,0.000000000,NONE,0,0.049987627,20.863273047,15.742659693,0.500000000,17.533118587,12.338022049,0.011570946,3.330154460,3.404637644,0.488429054,0.893566174,-0.587370925,-2.897119519,0.027620983,-0.635695749,-1.123714987,0.865945191,0.048324824,-1.773404532,91.113414816,-22.980286093,-89.000000000,-0.246520921,0.646282667,12.770260118,-20.225847210,-25.330860198,31.715990257,13.840717151,44.500000000,44.500000000
1786021342.266703606,52.800306211,0.000000000,NONE,0,0.049997271,20.863273047,15.742659693,0.500000000,17.578086779,12.363044616,0.008251816,3.285186268,3.379615077,0.491748184,0.856148112,-0.612045684,-2.904564875,-0.005069662,-0.640276841,-1.117390234,0.861217774,0.028231157,-1.787174641,87.545232937,-26.408997628,-89.000000000,-0.249620686,0.700607520,12.499953455,-18.409047191,-25.363569278,31.613546005,12.159070464,44.500000000,44.500000000
1786021342.316776037,52.850378613,0.000000000,TARGET_UPDATED,0,0.050079082,21.078086779,15.863044616,0.500000000,17.634148608,12.394204907,0.004387745,3.443938171,3.468839709,0.495612255,0.823948037,-0.683630813,-2.899384320,-0.021998194,-0.641693336,-1.111458313,0.845946230,-0.041937477,-1.787926007,83.837782372,-38.723592338,-89.000000000,-0.138806329,0.727360883,3.381173813,-12.123840962,-29.795050224,31.485637131,10.433254055,44.500000000,44.500000000
1786021342.366737127,52.900339820,0.000000000,NONE,0,0.049958118,21.078086779,15.863044616,0.500000000,17.690592106,12.425050936,0.001558732,3.387494672,3.437993680,0.498441268,0.822211783,-0.708662840,-2.894954764,-0.013277305,-0.664715363,-1.108660196,0.835489088,-0.043947477,-1.786294568,83.169638209,-40.153809265,-89.000000000,0.670004566,0.589779169,-60.014824979,4.249749008,-45.834568113,15.827155624,25.757663481,44.500000000,44.500000000
1786021342.416674376,52.950276843,0.000000000,NONE,0,0.049959913,21.078086779,15.863044616,0.500000000,17.747899038,12.455628799,-0.000073280,3.330187741,3.407415817,0.500073280,0.941935627,-0.747679058,-2.848929306,0.056448396,-0.700221752,-1.102598744,0.885487231,-0.047457305,-1.746330562,97.455249618,-44.747736719,-89.000000000,0.738471787,-0.852313634,-51.145062561,-0.390612584,-48.337012225,22.764480944,25.963143865,44.500000000,44.500000000
1786021342.466764450,53.000367132,0.000000000,NONE,0,0.050094713,21.078086779,15.863044616,0.500000000,17.794908712,12.480114739,0.000572269,3.283178067,3.382929877,0.499427731,1.015223709,-0.693987323,-2.837061075,0.164356304,-0.723767638,-1.110748964,0.850867405,0.029780315,-1.726312111,100.528736165,-32.571861822,-89.000000000,0.317982293,-1.328831300,-12.772584833,-13.796072377,-36.468295705,30.082003289,20.182364794,44.500000000,44.500000000
1786021342.516790390,53.050392849,0.000000000,TARGET_UPDATED,0,0.050023814,21.294908712,15.980114739,0.500000000,17.855128077,12.510778825,0.004320185,3.439780635,3.469335913,0.495679815,1.053991323,-0.640931794,-2.833924894,0.272049156,-0.716241829,-1.125605867,0.781942168,0.075310035,-1.708319026,99.533225752,-25.045121739,-89.000000000,0.027821242,-0.962177583,6.770978597,-20.314770652,-29.451842223,32.837331522,16.929281354,44.500000000,44.500000000
1786021342.566750526,53.100353130,0.000000000,NONE,0,0.049939423,21.294908712,15.980114739,0.500000000,17.915996565,12.541482425,0.009860963,3.378912147,3.438632314,0.490139037,1.049044585,-0.563928248,-2.849916141,0.311426753,-0.699098322,-1.135683069,0.737617831,0.135170074,-1.714233072,96.867776636,-14.055393992,-89.000000000,-0.104510442,-0.485887955,12.605055405,-23.854359512,-24.579528806,30.882056508,17.551831810,44.500000000,44.500000000
1786021342.616684914,53.150287466,0.000000000,NONE,0,0.049954871,21.294908712,15.980114739,0.500000000,17.976634993,12.572176657,0.014949609,3.318273719,3.407938081,0.485050391,1.023062345,-0.518171828,-2.866043899,0.283735993,-0.676522762,-1.139882501,0.739326351,0.158350935,-1.726161398,95.323750578,-9.602812937,-89.000000000,-0.172362210,-0.069422407,13.885762072,-24.901674928,-22.760200361,29.703081397,17.958793892,44.500000000,44.500000000
1786021342.666732788,53.200335351,0.000000000,NONE,0,0.050003066,21.294908712,15.980114739,0.500000000,18.036066852,12.603125926,0.017781445,3.258841860,3.376988813,0.482218555,0.983227283,-0.503200812,-2.881537125,0.208701602,-0.656018504,-1.139239303,0.774525681,0.152817692,-1.742297823,94.292896755,-9.335995311,-89.000000000,-0.209416058,0.328028211,12.896506576,-24.463352005,-22.683096373,29.131349660,18.015098717,44.500000000,44.500000000
1786021342.716851234,53.250453892,0.000000000,TARGET_UPDATED,0,0.050149814,21.536066852,16.103125926,0.500000000,18.093963990,12.634405550,0.017557518,3.442102862,3.468720376,0.482442482,0.942096124,-0.565792180,-2.883751599,0.113766718,-0.638492226,-1.134340233,0.828329406,0.072700047,-1.749411366,94.112299643,-20.754833279,-89.000000000,-0.229040380,0.573739098,12.032316164,-21.347445632,-25.708704190,31.724862271,15.331287550,44.500000000,44.500000000
1786021342.766723871,53.300326472,0.000000000,NONE,0,0.049869327,21.536066852,16.103125926,0.500000000,18.150839844,12.665720782,0.014533046,3.385227009,3.437405144,0.485466954,0.891644587,-0.587766065,-2.896511152,0.029679083,-0.643119655,-1.126861388,0.861965504,0.055353590,-1.769649763,91.318729630,-22.487404510,-89.000000000,-0.241897744,0.669767318,12.124749657,-20.239018694,-25.420346121,31.482720949,14.176643866,44.500000000,44.500000000
1786021342.816725254,53.350327748,0.000000000,NONE,0,0.050004967,21.536066852,16.103125926,0.500000000,18.207407394,12.696742859,0.009781147,3.328659458,3.406383067,0.490218853,0.845801169,-0.612251351,-2.906970303,-0.029102208,-0.642929104,-1.118915180,0.874903377,0.030677754,-1.788055123,87.879583843,-26.364122324,-89.000000000,-0.237648583,0.706602942,11.440227731,-18.238922312,-25.700869609,31.420983474,12.518808447,44.500000000,44.500000000
1786021342.866615534,53.400218180,0.000000000,NONE,0,0.049894955,21.536066852,16.103125926,0.500000000,18.263630728,12.727644075,0.004723179,3.272436124,3.375481850,0.495276821,0.812982644,-0.636334682,-2.913084351,-0.053921643,-0.640175141,-1.112533776,0.866904287,0.003840458,-1.800550574,84.383624016,-30.321952567,-89.000000000,-0.104173059,0.709981311,0.738797586,-13.700117259,-28.491694749,28.861093542,13.330718466,44.500000000,44.500000000
1786021342.917290211,53.450892718,0.000000000,TARGET_UPDATED,0,0.050661656,21.763630728,16.227644075,0.500000000,18.319711654,12.758477254,0.000666830,3.443919074,3.469166822,0.499333170,0.817122920,-0.704389911,-2.897782880,-0.039958286,-0.641208784,-1.109105533,0.857081206,-0.063181127,-1.788677347,84.082622222,-42.118570551,-89.000000000,0.843676038,0.525049105,-73.325292209,7.840310135,-49.881621245,13.218975141,28.822335970,44.500000000,44.500000000
1786021342.967066765,53.500669422,0.000000000,NONE,0,0.049789839,21.763630728,16.227644075,0.500000000,18.376275868,12.789233019,-0.001721239,3.387354860,3.438411056,0.501721239,0.951188136,-0.739442703,-2.848656714,0.049929464,-0.684750378,-1.102644159,0.901258672,-0.054692325,-1.746012554,99.123644190,-43.993626517,-89.000000000,0.686481057,-1.108728912,-44.480273112,-2.662436140,-46.899385955,24.659249399,24.902572696,44.500000000,44.500000000
1786021343.016780376,53.550382796,0.000000000,NONE,0,0.049669582,21.763630728,16.227644075,0.500000000,18.434937955,12.819735587,-0.000616424,3.328692773,3.407908488,0.500616424,1.024908948,-0.648622844,-2.844773781,0.197358575,-0.712824534,-1.115322684,0.827550373,0.064201690,-1.729451097,99.279425515,-24.979469895,-89.000000000,0.158079065,-1.344476844,0.133662125,-18.608404436,-31.031308321,31.098139384,18.541573373,44.500000000,44.500000000
1786021343.066797972,53.600400585,0.000000000,NONE,0,0.050009477,21.763630728,16.227644075,0.500000000,18.494827168,12.850263393,0.004306604,3.268803560,3.377380682,0.495693396,1.028887391,-0.550566887,-2.862013052,0.291975163,-0.682884814,-1.128781319,0.736912228,0.132317927,-1.733231733,93.902477344,-12.916270925,-89.000000000,-0.068996264,-0.708523446,11.947055385,-23.233315451,-23.717923221,29.691450914,17.259787759,44.500000000,44.500000000
1786021343.116803169,53.650405557,0.000000000,TARGET_UPDATED,0,0.050063948,21.994827168,16.350263393,0.500000000,18.542386135,12.874976097,0.009412873,3.452441033,3.475287296,0.490587127,1.022317055,-0.548081994,-2.862864712,0.304300538,-0.648493910,-1.133905892,0.718016518,0.100411917,-1.728958819,93.560807471,-16.620900216,-89.000000000,-0.143874549,-0.294225188,13.808741485,-22.687162185,-24.093241551,30.997612293,15.782791443,44.500000000,44.500000000
1786021343.166717291,53.700319680,0.000000000,NONE,0,0.049898911,21.994827168,16.350263393,0.500000000,18.601144874,12.906032906,0.014853542,3.393682294,3.444230487,0.485146458,0.998055175,-0.514179974,-2.875600940,0.263837650,-0.637340255,-1.136479698,0.734217524,0.123160282,-1.739121242,92.896607527,-11.404444742,-89.000000000,-0.178596482,0.132832308,12.333744734,-23.456476880,-22.991826884,29.158699251,17.289604513,44.500000000,44.500000000
1786021343.216792822,53.750395360,0.000000000,NONE,0,0.050026163,21.994827168,16.350263393,0.500000000,18.659317284,12.936998119,0.017562253,3.335509884,3.413265274,0.482437747,0.964085942,-0.506565954,-2.887491669,0.180897877,-0.628713155,-1.136251584,0.783188064,0.122147201,-1.751240085,93.309457665,-11.346084101,-89.000000000,-0.178100437,0.454098655,9.099217003,-22.765647642,-23.889081191,28.438689692,18.216039140,44.500000000,44.500000000
1786021343.266671181,53.800273796,0.000000000,NONE,0,0.049956658,21.994827168,16.350263393,0.500000000,18.716311490,12.968173615,0.016936132,3.278515678,3.382089779,0.483063868,0.925694146,-0.515913241,-2.898613971,0.086778025,-0.615113063,-1.132828602,0.838916121,0.099199822,-1.765785369,93.328729291,-13.894059671,-89.000000000,-0.158180585,0.566104119,6.401378537,-21.459012039,-25.205352606,28.406041875,18.258322771,44.500000000,44.500000000
1786021343.316767454,53.850370084,0.000000000,TARGET_UPDATED,0,0.050085680,22.216311490,16.468173615,0.500000000,18.772133611,12.999588104,0.013526976,3.444177879,3.468585511,0.486473024,0.892572498,-0.578746382,-2.898420771,0.010584784,-0.601453423,-1.126966236,0.881987714,0.022707041,-1.771454535,92.784514757,-24.819710553,-89.000000000,-0.125330646,0.553947347,3.907505647,-17.968077463,-28.424179916,30.377932739,16.014324639,44.500000000,44.500000000
1786021343.366774797,53.900377291,0.000000000,NONE,0,0.049969240,22.216311490,16.468173615,0.500000000,18.827545535,13.030866284,0.008657409,3.388765955,3.437307331,0.491342591,0.862874128,-0.595056761,-2.905949958,-0.029708130,-0.610394727,-1.120752425,0.892582259,0.015337966,-1.785197534,90.285241643,-25.348490393,-89.000000000,-0.055246985,0.497891651,-1.133108937,-15.950910578,-29.191710243,28.625155775,16.517465047,44.500000000,44.500000000
1786021343.416740894,53.950343555,0.000000000,NONE,0,0.049993695,22.216311490,16.468173615,0.500000000,18.883095728,13.061804529,0.003934538,3.333215762,3.406369086,0.496065462,0.853168396,-0.606060688,-2.908345965,-0.029899599,-0.613505522,-1.116104023,0.883067996,0.007444834,-1.792241942,88.517519537,-26.844829662,-89.000000000,0.140656332,0.362900980,-15.469531489,-11.550789596,-32.707970172,24.973204427,19.285555341,44.500000000,44.500000000
1786021343.466699839,54.000302363,0.000000000,NONE,0,0.049955980,22.216311490,16.468173615,0.500000000,18.927546022,13.086488066,0.001170768,3.288765468,3.381685549,0.498829232,0.877970751,-0.608653594,-2.901478420,0.002143012,-0.615736935,-1.114055140,0.875827739,0.007083341,-1.787423280,90.176726055,-26.957115820,-89.000000000,0.368182844,0.023819085,-30.317619357,-8.225497720,-36.862865308,21.704055630,23.384307398,44.500000000,44.500000000
1786021343.516844749,54.050447525,0.000000000,TARGET_UPDATED,0,0.050152461,22.427546022,16.586488066,0.500000000,18.983243825,13.117425031,-0.000170235,3.444302197,3.469063034,0.500170235,0.949972653,-0.632685390,-2.874046668,0.085456266,-0.619138310,-1.113793174,0.864516388,-0.013547080,-1.760253494,95.696052656,-30.884314874,-89.000000000,0.334212550,-0.656112030,-20.834207829,-10.994382488,-36.853643840,26.436539925,21.411486403,44.500000000,44.500000000
1786021343.566725016,54.100327780,0.000000000,NONE,0,0.049861826,22.427546022,16.586488066,0.500000000,19.039703729,13.148426710,0.001393475,3.387842293,3.438061356,0.498606525,1.023633347,-0.588040192,-2.857578092,0.192470343,-0.634013169,-1.117001075,0.831163004,0.045972977,-1.740577017,100.186582685,-21.533390926,-89.000000000,0.154132516,-0.871740063,-4.286895427,-18.591574083,-31.501717260,29.358269546,20.735021797,44.500000000,44.500000000
1786021343.616693497,54.150296122,0.000000000,NONE,0,0.049993730,22.427546022,16.586488066,0.500000000,19.097324918,13.179471555,0.005568369,3.330221105,3.407016510,0.494431631,1.071407315,-0.534464369,-2.848942811,0.277530266,-0.631280131,-1.124106531,0.793877049,0.096815762,-1.724836280,102.647171478,-14.053257431,-89.000000000,0.050449931,-0.657869043,1.863956835,-22.614467720,-28.709118018,29.641096436,21.682489303,44.500000000,44.500000000
1786021343.666726112,54.200328816,0.000000000,NONE,0,0.050005594,22.427546022,16.586488066,0.500000000,19.155384552,13.210953941,0.010985507,3.272161470,3.375534125,0.489014493,1.098447131,-0.490672062,-2.844417158,0.314800176,-0.617975942,-1.132641117,0.783646955,0.127303881,-1.711776041,105.373525572,-9.192726788,-89.000000000,0.006296838,-0.418576774,3.002651785,-24.795862642,-27.890900144,29.392226036,23.294536750,44.500000000,44.500000000
1786021343.716798067,54.250400567,0.000000000,TARGET_UPDATED,0,0.050093998,22.655384552,16.710953941,0.500000000,19.213387855,13.242988439,0.015891373,3.441996698,3.467965501,0.484108627,1.115514489,-0.506948873,-2.833009510,0.307018851,-0.606771524,-1.141169835,0.808495637,0.099822652,-1.691839674,109.367642120,-13.243624844,-89.000000000,-0.018436201,-0.246463514,3.262009404,-24.846506670,-29.837314390,31.468319092,23.215501968,44.500000000,44.500000000
1786021343.766713381,54.300316022,0.000000000,NONE,0,0.049918928,22.655384552,16.710953941,0.500000000,19.259833197,13.268801397,0.018575695,3.395551355,3.442152544,0.481424305,1.110993711,-0.492893139,-2.836235249,0.280881597,-0.615848945,-1.146861798,0.830112114,0.122955806,-1.689373451,110.121451823,-9.767215835,-89.000000000,-0.041070516,-0.139712571,4.009345559,-26.090895387,-28.969830525,30.974503304,24.086222607,44.500000000,44.500000000
1786021343.817057133,54.350659257,0.000000000,NONE,0,0.050009083,22.655384552,16.710953941,0.500000000,19.318094128,13.300971847,0.019934521,3.337290425,3.409982093,0.480065479,1.086291263,-0.485933792,-2.846468177,0.230151673,-0.626238998,-1.150374023,0.856139590,0.140305207,-1.696094155,109.181217128,-8.320984524,-89.000000000,-0.083503576,-0.011355638,6.128772952,-26.747251389,-27.843357175,30.907743651,23.682864913,44.500000000,44.500000000
1786021343.866705418,54.400307987,0.000000000,NONE,0,0.049958863,22.655384552,16.710953941,0.500000000,19.376026232,13.333109325,0.019129426,3.279358320,3.377844615,0.480870574,1.043377533,-0.492773021,-2.861611472,0.170687465,-0.631350973,-1.147882114,0.872690068,0.138577952,-1.713729358,105.625284461,-9.318806618,-89.000000000,-0.139434108,0.158472863,8.918862379,-26.306335056,-26.506307175,30.965738365,21.846903866,44.500000000,44.500000000
1786021343.916710615,54.450313309,0.000000000,TARGET_UPDATED,0,0.050020805,22.876026232,16.833109325,0.500000000,19.433289856,13.365222090,0.016624631,3.442736376,3.467887235,0.483375369,0.995788414,-0.557410847,-2.867649737,0.111471177,-0.633362178,-1.140068785,0.884317237,0.075951331,-1.727580952,101.594757825,-19.493152153,-89.000000000,-0.198237959,0.365054734,11.577183784,-23.419697364,-27.377681549,33.166273441,17.631105472,44.500000000,44.500000000
1786021343.966640949,54.500243466,0.000000000,NONE,0,0.049933421,22.876026232,16.833109325,0.500000000,19.490193448,13.397064134,0.013058935,3.385832784,3.436045191,0.486941065,0.937475906,-0.587506968,-2.882616102,0.062561283,-0.650456556,-1.129981484,0.874914623,0.062949588,-1.752634618,95.231984456,-21.920864441,-89.000000000,-0.251747866,0.554648766,13.987177354,-21.824574342,-25.791417886,32.785006563,14.830985666,44.500000000,44.500000000
1786021344.016719103,54.550321765,0.000000000,NONE,0,0.050039763,22.876026232,16.833109325,0.500000000,19.547143965,13.428445530,0.009147519,3.328882267,3.404663795,0.490852481,0.881823493,-0.620221502,-2.894791697,0.024426278,-0.660071338,-1.120365255,0.857397215,0.039849835,-1.774426443,89.189194007,-26.534338277,-89.000000000,-0.292556120,0.693798462,15.889619518,-19.636118812,-24.958478191,32.903287950,11.691309053,44.500000000,44.500000000
1786021344.066688061,54.600290692,0.000000000,NONE,0,0.049997036,22.876026232,16.833109325,0.500000000,19.604008567,13.459561427,0.005526225,3.272017665,3.373547898,0.494473775,0.835327462,-0.651998204,-2.902974523,-0.000809617,-0.665508131,-1.112985907,0.836137079,0.013509927,-1.789988616,84.029686600,-31.276387950,-89.000000000,-0.292500424,0.784880456,15.003592270,-16.939222730,-25.075620570,32.577416705,9.437426595,44.500000000,44.500000000
1786021344.116777420,54.650380023,0.000000000,TARGET_UPDATED,0,0.050110970,23.104008567,16.959561427,0.500000000,19.649518002,13.484307808,0.003173105,3.454490566,3.475253619,0.496826895,0.813189954,-0.720443265,-2.893970762,-0.011169275,-0.670515083,-1.109278915,0.824359229,-0.049928181,-1.784691846,81.772286014,-43.018028598,-89.000000000,-0.142030816,0.801817159,2.810891141,-10.391287139,-30.494855868,31.900301438,8.985841569,44.500000000,44.500000000
1786021344.166725636,54.700327992,0.000000000,NONE,0,0.049903229,23.104008567,16.959561427,0.500000000,19.706870031,13.514934135,0.001202811,3.397138536,3.444627293,0.498797189,0.819426191,-0.747028226,-2.886223567,-0.001812628,-0.694116913,-1.107319511,0.821238819,-0.052911313,-1.778904056,82.243262667,-44.980291675,-89.000000000,1.055957075,0.626471170,-91.380071563,13.529275143,-54.650906476,8.960870695,32.160760639,44.500000000,44.500000000
1786021344.216691017,54.750293582,0.000000000,NONE,0,0.049994702,23.104008567,16.959561427,0.500000000,19.765173011,13.545299861,0.000252599,3.338835557,3.414261567,0.499747401,0.960759471,-0.781475846,-2.833402290,0.072432842,-0.731466087,-1.101094604,0.888326629,-0.050009759,-1.732307686,99.675323786,-48.722551757,-89.000000000,0.826857395,-1.230423516,-54.565827275,0.903263812,-50.740925705,23.458012067,26.379649826,44.500000000,44.500000000
1786021344.266633511,54.800236073,0.000000000,NONE,0,0.049929965,23.104008567,16.959561427,0.500000000,19.825147744,13.575897678,0.001496231,3.278860823,3.383663749,0.498503769,1.057754254,-0.722961443,-2.813826790,0.210001579,-0.766404239,-1.109194562,0.847752676,0.043442796,-1.704632228,104.426162281,-34.558029911,-89.000000000,0.228335670,-1.515154705,-3.859578935,-16.502138359,-35.710942782,33.781153314,18.431927826,44.500000000,44.500000000
1786021344.317543983,54.851146546,0.000000000,TARGET_UPDATED,0,0.050706008,23.325147744,17.075897678,0.500000000,19.887098969,13.606605675,0.005943709,3.438048774,3.469292003,0.494056291,1.059199249,-0.662610171,-2.826349386,0.307429690,-0.756211688,-1.129761136,0.751769559,0.093601517,-1.696588251,97.732785456,-26.023748235,-89.000000000,-0.062622660,-0.868566007,12.957551133,-21.166647089,-27.699745640,34.178521206,14.687871522,44.500000000,44.500000000
1786021344.366828918,54.900431325,0.000000000,NONE,0,0.049445069,23.325147744,17.075897678,0.500000000,19.949536566,13.637204285,0.011885287,3.375611178,3.438693393,0.488114713,1.020873238,-0.588291779,-2.854436293,0.317764926,-0.736004739,-1.139130531,0.703108313,0.147712960,-1.715305763,91.918871858,-15.550984812,-89.000000000,-0.202939127,-0.310648356,18.623760701,-23.747911937,-22.211523992,31.523404343,14.436031586,44.500000000,44.500000000
1786021344.416704178,54.950306934,0.000000000,NONE,0,0.049929702,23.325147744,17.075897678,0.500000000,20.011250483,13.667624059,0.016491866,3.313897261,3.408273619,0.483508134,0.969631926,-0.553640489,-2.877377520,0.253565728,-0.712437939,-1.138730297,0.716066198,0.158797450,-1.738647224,89.074367751,-12.727515514,-89.000000000,-0.278872958,0.234797325,19.271858404,-23.904677660,-20.632506215,30.268435417,14.268748458,44.500000000,44.500000000
1786021344.466732502,55.000335191,0.000000000,NONE,0,0.050045534,23.325147744,17.075897678,0.500000000,20.071254835,13.698212965,0.017954169,3.253892909,3.377684713,0.482045831,0.911429984,-0.554306400,-2.895663691,0.145569709,-0.690434749,-1.132579539,0.765860275,0.136128349,-1.763084152,87.574734128,-14.819143432,-89.000000000,-0.323654729,0.657662424,18.658144075,-22.853433693,-20.933933371,30.263005409,13.524361655,44.500000000,44.500000000
1786021344.516779184,55.050381783,0.000000000,TARGET_UPDATED,0,0.050033814,23.571254835,17.198212965,0.500000000,20.129422400,13.729111596,0.015847388,3.441832435,3.469101369,0.484152612,0.859568338,-0.630677668,-2.896687141,0.032323832,-0.669695718,-1.123479491,0.827244507,0.039018050,-1.773207650,87.108180538,-29.065327855,-89.000000000,-0.362216402,0.823825115,20.117697179,-19.540137466,-24.013952803,34.072801393,9.481288876,44.500000000,44.500000000
1786021344.566754103,55.100356545,0.000000000,NONE,0,0.049912534,23.571254835,17.198212965,0.500000000,20.186619121,13.759993185,0.010956531,3.384635714,3.438219780,0.489043469,0.804003340,-0.656972006,-2.908622409,-0.054370664,-0.673175052,-1.114700075,0.858374004,0.016203046,-1.793922334,83.963169100,-31.543739537,-89.000000000,-0.417571263,0.899756992,23.828451348,-19.061970228,-22.919614322,34.833839996,7.147744554,44.500000000,44.500000000
1786021344.617175579,55.150778218,0.000000000,NONE,0,0.050116654,23.571254835,17.198212965,0.500000000,20.243800778,13.790479068,0.004959845,3.327454057,3.407733897,0.495040155,0.756211927,-0.681895238,-2.917971574,-0.102667403,-0.671460455,-1.108155822,0.858879330,-0.010434783,-1.809815751,79.822828333,-35.772538576,-89.000000000,-0.546419652,0.979176546,33.396896389,-19.361796537,-20.549617630,37.248065824,2.663348342,44.500000000,44.500000000
1786021344.666620493,55.200222998,0.000000000,NONE,0,0.049828763,23.571254835,17.198212965,0.500000000,20.300935021,13.820727509,-0.000275896,3.270319814,3.377485456,0.500275896,0.713402304,-0.701426000,-2.926120240,-0.115577471,-0.665402352,-1.105276067,0.828979775,-0.036023648,-1.820844172,74.417478189,-39.360146650,-89.000000000,2.743831954,1.140074202,-100.000000000,16.235667115,-53.444406210,3.444406210,33.764332885,44.500000000,44.500000000
1786021344.716831446,55.250434055,0.000000000,TARGET_UPDATED,0,0.050176567,23.800935021,17.320727509,0.499724104,20.357956079,13.851005076,-0.004177181,3.442978942,3.469722433,0.503901285,0.862464810,-0.796076143,-2.862469102,-0.040044167,-0.686133073,-1.099175506,0.902508977,-0.109943070,-1.763293596,92.100543275,-55.614034000,-89.000000000,1.614585918,-1.176969488,-100.000000000,15.878372681,-61.928644319,11.928644319,34.121627319,44.500000000,44.500000000
1786021344.766826153,55.300428761,0.000000000,NONE,0,0.049819088,23.800935021,17.320727509,0.499724104,20.416452598,13.881299636,-0.004835910,3.384482423,3.439427873,0.504560013,1.017749994,-0.758914070,-2.821531712,0.144594556,-0.751628322,-1.098492398,0.873155438,-0.007285748,-1.723039314,102.212905679,-41.494887630,-89.000000000,0.360987601,-1.982978447,-10.045574346,-12.668110926,-38.438341914,33.415554741,17.690898099,44.500000000,44.500000000
1786021344.816684484,55.350287276,0.000000000,NONE,0,0.050055742,23.800935021,17.320727509,0.499724104,20.477773393,13.911328606,-0.000133322,3.323161628,3.409398903,0.499857425,1.012337692,-0.635487641,-2.851930418,0.298648218,-0.752848029,-1.121012336,0.713689473,0.117360388,-1.730918081,89.524234859,-20.401382349,-89.000000000,-0.095064208,-1.027944884,16.897751725,-21.505151059,-23.256966371,31.705842233,13.056275196,44.500000000,44.500000000
1786021344.867009878,55.400612237,0.000000000,NONE,0,0.050018122,23.800935021,17.320727509,0.499724104,20.539329895,13.941456197,0.007638845,3.261605126,3.379271312,0.492085259,0.969733515,-0.555454865,-2.880263804,0.325787745,-0.705395491,-1.131219810,0.643945770,0.149940625,-1.749043995,83.102649270,-12.983689188,-89.000000000,-0.254664394,-0.270442678,22.116220224,-23.058795077,-18.492529558,29.550639670,12.000684965,44.500000000,44.500000000
1786021344.916812181,55.450414862,0.000000000,TARGET_UPDATED,0,0.050117198,24.039329895,17.441456197,0.500000000,20.587530370,13.965783329,0.013261609,3.451799525,3.475672868,0.486738391,0.940806702,-0.578414618,-2.883292626,0.277057209,-0.675337336,-1.131545042,0.663749493,0.096922719,-1.751747584,83.443974153,-19.868005078,-89.000000000,-0.304835526,0.254579322,20.910245783,-21.121553714,-20.600433362,31.055556253,10.666430823,44.500000000,44.500000000
1786021344.966709137,55.500311894,0.000000000,NONE,0,0.049878813,24.039329895,17.441456197,0.500000000,20.646509091,13.996297891,0.017174015,3.392820805,3.445158306,0.482825985,0.891457626,-0.574233427,-2.898289387,0.167686632,-0.668667947,-1.128227169,0.723770994,0.094434520,-1.770062218,83.540017823,-18.640164077,-89.000000000,-0.319981420,0.711885630,17.580774869,-20.620157154,-21.149851758,29.940239192,11.829769719,44.500000000,44.500000000
1786021345.016683817,55.550286323,0.000000000,NONE,0,0.049981699,24.039329895,17.441456197,0.500000000,20.715947318,14.032834721,0.016147501,3.323382577,3.408621477,0.483852499,0.835348462,-0.591649840,-2.911854771,0.019278412,-0.654610807,-1.121445236,0.816070050,0.062960967,-1.790409534,85.099223404,-22.663669731,-89.000000000,-0.297455953,0.840973214,14.517596325,-19.238287500,-23.311324202,30.570122365,11.979489337,44.500000000,44.500000000
1786021345.066933155,55.600535759,0.000000000,NONE,0,0.050238041,24.039329895,17.441456197,0.500000000,20.761354764,14.057309172,0.012496263,3.277975131,3.384147026,0.487503737,0.805322946,-0.607739529,-2.918362962,-0.057694981,-0.643465681,-1.116365807,0.863017926,0.035726152,-1.801997155,84.653940358,-25.688264596,-89.000000000,-0.228002585,0.816066223,9.233305596,-17.049745339,-25.277224840,29.893877638,12.433092541,44.500000000,44.500000000
1786021345.116765976,55.650368580,0.000000000,TARGET_UPDATED,0,0.049855864,24.261354764,17.557309172,0.500000000,20.828545391,14.094187248,0.004978723,3.432809373,3.463121924,0.495021277,0.782146974,-0.680983800,-2.911333169,-0.111325240,-0.625392544,-1.110376686,0.893472214,-0.055591256,-1.800956483,84.402441087,-39.688019679,-89.000000000,0.982006569,0.708798911,-86.592671123,10.469562429,-52.670782972,9.374447411,32.826773133,44.500000000,44.500000000
1786021345.166693926,55.700296597,0.000000000,NONE,0,0.049921333,24.261354764,17.557309172,0.500000000,20.873293426,14.118770127,-0.000072360,3.388061338,3.438539044,0.500072360,0.900600628,-0.718299223,-2.869778311,-0.059634161,-0.660105799,-1.104699171,0.960234789,-0.058193424,-1.765079141,98.643478734,-42.065432669,-89.000000000,0.766884467,-1.015479795,-52.216683683,-1.090340596,-48.231398771,22.123056930,27.198682437,44.500000000,44.500000000
1786021345.216698170,55.750300825,0.000000000,NONE,0,0.049988914,24.261354764,17.557309172,0.500000000,20.942679240,14.155175312,-0.003493708,3.318675523,3.402133859,0.503493708,1.002736351,-0.622622352,-2.859589048,0.128063687,-0.702671155,-1.113555890,0.874672664,0.080048803,-1.746033158,99.734418052,-21.124698918,-89.000000000,0.025558327,-1.466085846,11.592912719,-22.550657963,-27.316551063,33.113007422,16.754201604,44.500000000,44.500000000
1786021345.266667604,55.800270067,0.000000000,NONE,0,0.049986261,24.261354764,17.557309172,0.500000000,20.989986540,14.179356132,-0.001410133,3.271368224,3.377953040,0.501410133,0.991779625,-0.539836458,-2.879344899,0.236536546,-0.672208572,-1.123476759,0.755243078,0.132372114,-1.755868140,90.848518242,-12.332146929,-89.000000000,-0.174050568,-0.675220860,19.670374750,-24.546686516,-20.877572605,30.712759980,14.711499141,44.500000000,44.500000000
1786021345.316908360,55.850510830,0.000000000,TARGET_UPDATED,0,0.050247009,24.489986540,17.679356132,0.498589867,21.048660204,14.209885277,0.004670467,3.441326336,3.469470855,0.493919400,0.976696131,-0.529225459,-2.883554564,0.291326896,-0.630303957,-1.127520556,0.685369235,0.101078498,-1.756034008,86.238318499,-15.010447381,-89.000000000,-0.239395195,-0.020921990,18.379013999,-22.401721279,-20.717437970,29.906944970,13.212214280,44.500000000,44.500000000
1786021345.366675615,55.900278242,0.000000000,NONE,0,0.049762306,24.489986540,17.679356132,0.498589867,21.106536209,14.240619858,0.011212917,3.383450330,3.438736274,0.487376950,0.957878520,-0.508790390,-2.891030566,0.262712089,-0.615939891,-1.128313892,0.695166432,0.107149500,-1.762716674,86.677008160,-12.276689542,-89.000000000,-0.204400666,0.496223112,10.428343519,-21.207165534,-22.131338546,27.345510305,15.992993775,44.500000000,44.500000000
1786021345.416696072,55.950298785,0.000000000,NONE,0,0.050017623,24.489986540,17.679356132,0.498589867,21.163652509,14.271501228,0.015338655,3.326334031,3.407854904,0.483251212,0.947761237,-0.510592380,-2.892488627,0.185003226,-0.604290606,-1.129006335,0.762758012,0.093698225,-1.763482293,90.967245284,-13.615393267,-89.000000000,-0.080662689,0.621287181,-0.713266228,-19.159646447,-26.323976195,25.967343081,19.516279561,44.500000000,44.500000000
1786021345.466675997,56.000278695,0.000000000,NONE,0,0.049997709,24.489986540,17.679356132,0.498589867,21.219773526,14.302774348,0.016013385,3.270213014,3.376581784,0.482576482,0.950986965,-0.516449427,-2.890135623,0.105340824,-0.591397158,-1.130541110,0.845646141,0.074947731,-1.759594513,96.539197439,-15.307264123,-89.000000000,0.098833097,0.443852467,-13.308464832,-16.980867121,-31.288731598,24.634499182,23.635099537,44.500000000,44.500000000
1786021345.516793013,56.050395748,0.000000000,TARGET_UPDATED,0,0.050084348,24.719773526,17.802774348,0.500000000,21.275095575,14.334436488,0.013790064,3.444677951,3.468337860,0.486209936,0.973698682,-0.561763508,-2.875453506,0.057765531,-0.579858554,-1.132275177,0.915933151,0.018095046,-1.743178329,102.587244172,-23.220774584,-89.000000000,0.225677885,0.046229716,-19.502426178,-14.966010852,-36.327611234,26.576398145,24.717223942,44.500000000,44.500000000
1786021345.566698074,56.100300675,0.000000000,NONE,0,0.049915013,24.719773526,17.802774348,0.500000000,21.330433481,14.366109179,0.010378959,3.389340045,3.436665169,0.489621041,1.002551417,-0.540256111,-2.870958674,0.064575008,-0.592419284,-1.133383453,0.937976409,0.052163172,-1.737575221,105.668189750,-17.543631898,-89.000000000,0.177916841,-0.463170944,-10.605297474,-19.379815095,-33.454279781,28.151631044,24.682463831,44.500000000,44.500000000
1786021345.616709709,56.150312166,0.000000000,NONE,0,0.049998887,24.719773526,17.802774348,0.500000000,21.386193866,14.397655340,0.007755879,3.333579660,3.405119008,0.492244121,1.020474279,-0.500440376,-2.872869000,0.111114422,-0.590994029,-1.133973796,0.909359857,0.090553653,-1.738895204,104.666917305,-11.981150653,-89.000000000,0.035189789,-0.588380972,2.061448052,-23.686803676,-28.646654976,29.677379002,22.656079650,44.500000000,44.500000000
1786021345.666712523,56.200315139,0.000000000,NONE,0,0.049996442,24.719773526,17.802774348,0.500000000,21.441983967,14.429322992,0.007087251,3.277789559,3.373451356,0.492912749,1.017926690,-0.463075406,-2.880286986,0.162257362,-0.578082600,-1.133688011,0.855669328,0.115007194,-1.746598976,100.696213764,-8.035149083,-89.000000000,-0.080222109,-0.381525250,9.233864275,-25.473732239,-24.874374643,29.491306781,20.856800101,44.500000000,44.500000000
1786021345.716707468,56.250310150,0.000000000,TARGET_UPDATED,0,0.050030103,24.941983967,17.929322992,0.500000000,21.497498984,14.461192078,0.008234172,3.444484983,3.468130915,0.491765828,1.007467483,-0.482293298,-2.880369440,0.190219912,-0.561907388,-1.132730112,0.817247570,0.079614090,-1.747639328,97.686254853,-12.746832968,-89.000000000,-0.144422640,-0.073663121,11.305736411,-24.061289574,-24.781837852,30.434706058,18.408421368,44.500000000,44.500000000
1786021345.766690016,56.300292760,0.000000000,NONE,0,0.049962529,24.941983967,17.929322992,0.500000000,21.541837166,14.486663430,0.009779239,3.400146801,3.442659562,0.490220761,0.989665255,-0.474868217,-2.887174181,0.190485678,-0.564826161,-1.131882456,0.799179576,0.089957944,-1.755291724,95.312468168,-10.667380929,-89.000000000,-0.160358308,0.196003363,9.899948836,-23.636259019,-24.019975065,28.969949483,18.686284601,44.500000000,44.500000000
1786021345.816730261,56.350332871,0.000000000,NONE,0,0.050025655,24.941983967,17.929322992,0.500000000,21.597268540,14.518331550,0.011554124,3.344715427,3.410991442,0.488445876,0.964569140,-0.478187089,-2.894433809,0.165829547,-0.565106159,-1.130645604,0.798739594,0.086919070,-1.763788205,93.299312416,-11.359763472,-89.000000000,-0.136573212,0.436423428,5.606604850,-21.886538449,-24.763117759,27.566420185,19.083236023,44.500000000,44.500000000
1786021345.866819620,56.400421622,0.000000000,NONE,0,0.049996336,24.941983967,17.929322992,0.500000000,21.652264955,14.550061111,0.012349208,3.289719012,3.379261881,0.487650792,0.941798854,-0.489565547,-2.899723764,0.122514953,-0.560816296,-1.128986375,0.819283901,0.071250749,-1.770737389,92.880910045,-13.395920975,-89.000000000,-0.067940084,0.487305377,-0.386071341,-19.774729432,-26.665725590,26.472689920,19.967765103,44.500000000,44.500000000
1786021345.916778803,56.450381374,0.000000000,TARGET_UPDATED,0,0.050076460,25.152264955,18.050061111,0.500000000,21.706711507,14.581937565,0.011724135,3.445553449,3.468123546,0.488275865,0.930324481,-0.541650974,-2.894398133,0.079270114,-0.555835508,-1.127100729,0.851054367,0.014184535,-1.767297404,93.985904830,-21.760043025,-89.000000000,0.037359137,0.383933198,-7.780028873,-16.111458233,-30.881494182,26.991479746,20.001472669,44.500000000,44.500000000
1786021345.966747046,56.500349819,0.000000000,NONE,0,0.049961984,25.152264955,18.050061111,0.500000000,21.761027420,14.613756443,0.009937753,3.391237535,3.436304668,0.490062247,0.930122828,-0.547601614,-2.894022505,0.055321674,-0.566950067,-1.125506646,0.874801154,0.019348453,-1.768515860,95.233673035,-20.703731271,-89.000000000,0.143743462,0.154325880,-14.009065087,-15.130219169,-32.486617348,25.482084805,22.134751713,44.500000000,44.500000000
1786021346.016705751,56.550308378,0.000000000,NONE,0,0.049959799,25.152264955,18.050061111,0.500000000,21.815708248,14.645311203,0.007797547,3.336556708,3.404749908,0.492202453,0.949095249,-0.537799319,-2.890515945,0.062585215,-0.574386043,-1.124904490,0.886510034,0.036586725,-1.765611454,97.396089548,-18.612835373,-89.000000000,0.163237344,-0.222652903,-11.815098476,-16.742038925,-31.956005849,26.048456611,22.649588163,44.500000000,44.500000000
1786021346.066714048,56.600316774,0.000000000,NONE,0,0.049993195,25.152264955,18.050061111,0.500000000,21.870587909,14.676847248,0.006325714,3.281677047,3.373213863,0.493674286,0.976829145,-0.510186977,-2.886844514,0.100597905,-0.574604312,-1.125385900,0.876231240,0.064417335,-1.761458614,98.887437728,-14.514931400,-89.000000000,0.077572381,-0.480629218,-2.389894429,-20.495652975,-28.948065889,27.753118675,21.690600189,44.500000000,44.500000000
1786021346.116768360,56.650370879,0.000000000,TARGET_UPDATED,0,0.050082510,25.370587909,18.176847248,0.500000000,21.925572505,14.708526676,0.006282406,3.445015403,3.468320572,0.493717594,1.001886164,-0.517175425,-2.877013571,0.149857589,-0.567059071,-1.126741554,0.852028575,0.049883646,-1.750272016,99.522836420,-16.783753741,-89.000000000,-0.010507133,-0.430638127,4.157608220,-21.724172725,-28.037245485,30.116049595,19.645368615,44.500000000,44.500000000
1786021346.166713953,56.700316405,0.000000000,NONE,0,0.049929233,25.370587909,18.176847248,0.500000000,21.969774151,14.733898153,0.007323553,3.400813758,3.442949095,0.492676447,1.012011602,-0.493275533,-2.877265099,0.182844713,-0.569917794,-1.128323176,0.829166889,0.076642261,-1.748941923,99.149275211,-12.502396072,-89.000000000,-0.049268532,-0.268291351,5.639972205,-23.071712836,-26.502924770,29.322910872,20.251726734,44.500000000,44.500000000
1786021346.216716766,56.750319353,0.000000000,NONE,0,0.049996170,25.370587909,18.176847248,0.500000000,22.025402329,14.765542194,0.009445249,3.345185580,3.411305053,0.490554751,1.019954286,-0.470467505,-2.877464596,0.204266176,-0.568410795,-1.130707693,0.815688110,0.097943290,-1.746756903,99.298745484,-9.650597512,-89.000000000,-0.057912842,-0.075582909,4.410223470,-23.514592860,-26.134779881,28.339891617,21.309481125,44.500000000,44.500000000
1786021346.266789198,56.800391775,0.000000000,NONE,0,0.049915883,25.370587909,18.176847248,0.500000000,22.081006705,14.797343711,0.011660129,3.289581204,3.379503537,0.488339871,1.023340964,-0.457194517,-2.877554007,0.201925886,-0.562230881,-1.133309614,0.821415079,0.105036364,-1.744244392,100.356804841,-8.565877880,-89.000000000,-0.037780318,0.075519474,1.292369381,-23.270824086,-26.907578335,27.553763025,22.624639395,44.500000000,44.500000000
1786021346.316767931,56.850370679,0.000000000,TARGET_UPDATED,0,0.050148976,25.581006705,18.297343711,0.500000000,22.136296943,14.829441226,0.013223309,3.444709762,3.467902485,0.486776691,1.027503469,-0.492171657,-2.869694175,0.183146723,-0.555341659,-1.135702238,0.844356746,0.063170002,-1.733991937,102.483277304,-14.598182646,-89.000000000,-0.004528618,0.131450375,-1.926621384,-21.489618319,-29.752020334,28.788709641,22.452929011,44.500000000,44.500000000
1786021346.366847515,56.900450038,0.000000000,NONE,0,0.050013225,25.581006705,18.297343711,0.500000000,22.180477862,14.855189932,0.013761835,3.400528843,3.442153779,0.486238165,1.024999939,-0.490246632,-2.870713389,0.165693374,-0.563361444,-1.137165111,0.859306565,0.073114812,-1.733548277,102.976584897,-12.822958021,-89.000000000,0.016086079,0.097872584,-3.241628255,-21.727999655,-29.760292793,28.139478666,23.348813783,44.500000000,44.500000000
1786021346.416711330,56.950313938,0.000000000,NONE,0,0.049856338,25.581006705,18.297343711,0.500000000,22.246990422,14.893656434,0.013442184,3.334016282,3.403687277,0.486557816,1.014077580,-0.484156107,-2.875743585,0.140491029,-0.569484539,-1.138001159,0.873586551,0.085328432,-1.737742426,102.758442496,-11.589452619,-89.000000000,0.008339068,-0.000795095,-1.636022104,-22.383241943,-28.995979305,28.177968253,23.201252995,44.500000000,44.500000000
1786021346.466839552,57.000442049,0.000000000,NONE,0,0.050111083,25.581006705,18.297343711,0.500000000,22.291232555,14.919311255,0.012699664,3.289774149,3.378032456,0.487300336,1.000433019,-0.478541285,-2.881739171,0.127307720,-0.568293708,-1.137080432,0.873125298,0.089752422,-1.744658739,101.123887816,-11.066687596,-89.000000000,-0.026771998,-0.039376433,1.561359700,-22.904639980,-27.657303928,28.437983778,22.123960130,44.500000000,44.500000000
1786021346.516883612,57.050486208,0.000000000,TARGET_UPDATED,0,0.050136224,25.791232555,18.419311255,0.500000000,22.346277601,14.951414337,0.011522723,3.444954954,3.467896918,0.488477277,0.980924528,-0.512284360,-2.883092856,0.114429131,-0.565477388,-1.134189999,0.866495398,0.053193028,-1.748902857,98.759134151,-16.638535482,-89.000000000,-0.088527717,-0.009716124,6.214090990,-22.083672415,-27.295894661,30.402940156,18.976626920,44.500000000,44.500000000
1786021346.566738129,57.100340790,0.000000000,NONE,0,0.049824478,25.791232555,18.419311255,0.500000000,22.401282305,14.983330915,0.010307217,3.389950250,3.435980340,0.489692783,0.950405611,-0.511600229,-2.893880125,0.102445999,-0.575927884,-1.130110130,0.847959613,0.064327655,-1.763769995,94.595414106,-14.964127918,-89.000000000,-0.145445672,0.155078200,9.134077653,-22.191340960,-25.106366093,29.673404919,17.624302134,44.500000000,44.500000000
1786021346.616706848,57.150309528,0.000000000,NONE,0,0.049989755,25.791232555,18.419311255,0.500000000,22.456384043,15.014923303,0.009135155,3.334848513,3.404387952,0.490864845,0.916893091,-0.518720826,-2.903854237,0.084755488,-0.578823856,-1.125522755,0.832137603,0.060103030,-1.778331482,90.716378928,-16.087522794,-89.000000000,-0.168040639,0.374142703,8.767830628,-20.849171691,-24.509017773,28.892933087,16.465256377,44.500000000,44.500000000
1786021346.666811943,57.200414591,0.000000000,NONE,0,0.050119331,25.791232555,18.419311255,0.500000000,22.500279177,15.040126834,0.008182584,3.290953378,3.379184421,0.491817416,0.893469925,-0.529717833,-2.909527512,0.066802333,-0.578016387,-1.121922794,0.826667592,0.048298554,-1.787604718,88.572671836,-17.829911545,-89.000000000,-0.140924266,0.487128046,5.482793365,-19.056388414,-25.229947504,27.971344186,16.314991732,44.500000000,44.500000000
1786021346.716768503,57.250371111,0.000000000,TARGET_UPDATED,0,0.049958591,26.000279177,18.540126834,0.500000000,22.554834942,15.071648964,0.006975400,3.445444235,3.468477869,0.493024600,0.877751707,-0.585779055,-2.904019570,0.049557145,-0.574757502,-1.118295582,0.828194562,-0.011021553,-1.785723988,87.475886721,-27.131130755,-89.000000000,-0.003847220,0.508479088,-5.696496289,-13.662064919,-30.075878441,27.227630297,16.510313064,44.500000000,44.500000000
1786021346.766812086,57.300414691,0.000000000,NONE,0,0.050012697,26.000279177,18.540126834,0.500000000,22.609460717,15.103041062,0.005810984,3.390818460,3.437085772,0.494189016,0.888137222,-0.598692912,-2.898668718,0.046663502,-0.589528566,-1.116517059,0.841473720,-0.009164347,-1.782151659,89.382467273,-26.966994012,-89.000000000,0.299099978,0.296970478,-27.847103642,-8.642092405,-36.049141232,22.125589411,22.565644226,44.500000000,44.500000000
1786021346.816719532,57.350322312,0.000000000,NONE,0,0.049915016,26.000279177,18.540126834,0.500000000,22.664644208,15.134202213,0.004910312,3.335634970,3.405924620,0.495089688,0.944066240,-0.593890443,-2.882280195,0.076069882,-0.601696026,-1.117127320,0.867996358,0.007805582,-1.765152875,96.128079823,-25.207082614,-89.000000000,0.419041615,-0.395464259,-30.559920124,-10.090269271,-37.973770640,22.693810578,25.370229333,44.500000000,44.500000000
1786021346.866695881,57.400298521,0.000000000,NONE,0,0.049966691,26.000279177,18.540126834,0.500000000,22.720391600,15.165441845,0.005002429,3.279887577,3.374684988,0.494997571,1.014397271,-0.554604477,-2.866132043,0.144637259,-0.608574399,-1.120836440,0.869760012,0.053969922,-1.745295604,102.308659512,-18.397094649,-89.000000000,0.221182032,-0.925994697,-9.447952631,-18.615903058,-32.538426698,27.814450383,23.339879374,44.500000000,44.500000000
1786021346.916919947,57.450522686,0.000000000,TARGET_UPDATED,0,0.050234841,26.220391600,18.665441845,0.500000000,22.776732537,15.196957456,0.006800206,3.443659064,3.468484389,0.493199794,1.058780106,-0.543830694,-2.851409554,0.217701202,-0.602856232,-1.127097335,0.841078903,0.059025538,-1.724312220,104.370990501,-18.010586113,-89.000000000,0.051361164,-0.766836718,2.540976819,-22.225345302,-29.960149949,31.230638358,20.954856892,44.500000000,44.500000000
1786021346.966732264,57.500334951,0.000000000,NONE,0,0.049813073,26.220391600,18.665441845,0.500000000,22.833716257,15.228644162,0.010030702,3.386675344,3.436797684,0.489969298,1.073085698,-0.501128685,-2.852632894,0.261734930,-0.605884427,-1.133318760,0.811350768,0.104755742,-1.719314134,104.016314439,-11.031618751,-89.000000000,-0.036372735,-0.454504485,6.439990036,-24.856171431,-27.151985788,30.371980807,21.636176413,44.500000000,44.500000000
1786021347.016867876,57.550470351,0.000000000,NONE,0,0.050052215,26.220391600,18.665441845,0.500000000,22.879649598,15.254029686,0.012868160,3.340742003,3.411412159,0.487131840,1.070877291,-0.477477743,-2.856423647,0.267594497,-0.601663460,-1.137513443,0.803282795,0.124185717,-1.718910204,103.741971416,-8.622901471,-89.000000000,-0.076099600,-0.234860622,7.429318528,-25.637097118,-26.233888590,29.948547854,21.922437854,44.500000000,44.500000000
1786021347.066699982,57.600302689,0.000000000,NONE,0,0.049907042,26.220391600,18.665441845,0.500000000,22.936960199,15.285924214,0.015699453,3.283431402,3.379517631,0.484300547,1.053795508,-0.462674887,-2.864119022,0.242783162,-0.598789622,-1.140824118,0.811012346,0.136114734,-1.723294904,102.790474607,-6.990378118,-89.000000000,-0.110203171,0.002228125,7.797716626,-25.899453279,-25.495784025,29.394642338,22.000594966,44.500000000,44.500000000
1786021347.116964817,57.650567363,0.000000000,TARGET_UPDATED,0,0.050287429,26.436960199,18.785924214,0.500000000,22.993835702,15.317976504,0.016949292,3.443124497,3.467947710,0.483050708,1.027985206,-0.507948881,-2.865352478,0.192084237,-0.596855585,-1.140880718,0.835900969,0.088906704,-1.724471760,102.060624583,-14.366488060,-89.000000000,-0.137840252,0.228623092,7.758596671,-23.863183298,-27.167128993,31.046427328,19.983884963,44.500000000,44.500000000
1786021347.166712761,57.700315450,0.000000000,NONE,0,0.049734700,26.436960199,18.785924214,0.500000000,23.050344773,15.349963278,0.016309889,3.386615425,3.435960937,0.483690111,0.984957243,-0.524595668,-2.877683077,0.132166908,-0.610918063,-1.137274723,0.852790335,0.086322395,-1.740408354,98.786849007,-14.951280860,-89.000000000,-0.162496174,0.398198523,8.051479477,-22.971761906,-26.421662598,30.447402336,18.946022168,44.500000000,44.500000000
1786021347.217070103,57.750672611,0.000000000,NONE,0,0.050055791,26.436960199,18.785924214,0.500000000,23.106717639,15.381649960,0.014001828,3.330242560,3.404274255,0.485998172,0.937351435,-0.548114126,-2.890048477,0.073447122,-0.618985591,-1.130832418,0.863904312,0.070871465,-1.759216059,94.970568237,-18.067394202,-89.000000000,-0.185424646,0.501350578,8.872799840,-21.443993468,-26.041290650,30.477690570,17.007593549,44.500000000,44.500000000
1786021347.266716480,57.800319090,0.000000000,NONE,0,0.049942011,26.436960199,18.785924214,0.500000000,23.162708932,15.413195025,0.010605003,3.274251267,3.372729190,0.489394997,0.891547310,-0.574558219,-2.900675445,0.026642586,-0.621999196,-1.123237712,0.864904723,0.047440977,-1.777437733,90.832354572,-21.907624163,-89.000000000,-0.198583905,0.568706273,9.271818966,-19.549137344,-25.867039942,30.502949425,14.913227861,44.500000000,44.500000000
1786021347.317005873,57.850608470,0.000000000,TARGET_UPDATED,0,0.050304929,26.662708932,18.913195025,0.500000000,23.207280561,15.438349296,0.007622371,3.455428371,3.474845729,0.492377629,0.863332247,-0.639525010,-2.896747415,0.001602887,-0.624218576,-1.117710982,0.861729359,-0.015306434,-1.779036433,88.196648889,-32.492384596,-89.000000000,-0.179963361,0.603871084,7.448633456,-15.788224437,-28.310100007,32.034416735,12.063907709,44.500000000,44.500000000
1786021347.367188931,57.900790925,0.000000000,NONE,0,0.049715127,26.662708932,18.913195025,0.500000000,23.263143580,15.469531906,0.004299055,3.399565351,3.443663119,0.495700945,0.837892933,-0.663154087,-2.900177719,-0.006465070,-0.640878221,-1.112867731,0.844358003,-0.022275867,-1.787309988,84.803527248,-34.161592504,-89.000000000,-0.012961306,0.599923711,-5.870768479,-11.192791566,-31.208972058,28.273587818,14.128175806,44.500000000,44.500000000
1786021347.416680813,57.950283240,0.000000000,NONE,0,0.049966789,26.662708932,18.913195025,0.500000000,23.319707237,15.500239128,0.001997590,3.343001695,3.412955897,0.498002410,0.852434934,-0.680493302,-2.892801056,0.010446381,-0.657577962,-1.110635342,0.841988553,-0.022915340,-1.782165714,86.135963974,-35.857610457,-89.000000000,0.562367111,0.347431617,-49.428320205,-0.212508328,-42.855473659,18.141313557,24.926668430,44.500000000,44.500000000
1786021347.466902018,58.000504538,0.000000000,NONE,0,0.050179750,26.662708932,18.913195025,0.500000000,23.365307708,15.524754459,0.001056991,3.297401223,3.388440566,0.498943009,0.933994009,-0.694714226,-2.864463583,0.063739378,-0.674858821,-1.107755339,0.870254631,-0.019855406,-1.756708244,95.393130835,-37.098658933,-89.000000000,0.621448113,-0.635493349,-44.387918996,-3.476638227,-44.219927191,22.025967693,25.670597724,44.500000000,44.500000000
1786021347.516934395,58.050537067,0.000000000,TARGET_UPDATED,0,0.050052186,26.865307708,19.024754459,0.500000000,23.411571488,15.549365851,0.001634526,3.453736220,3.475388607,0.498365474,1.009247326,-0.696851552,-2.838070837,0.154543208,-0.689401106,-1.112173841,0.854704118,-0.007450446,-1.725896997,100.562165922,-36.395494246,-89.000000000,0.308511234,-1.174518854,-13.993596891,-12.543268696,-37.737814265,30.741015819,19.540067142,44.500000000,44.500000000
1786021347.566767216,58.100369584,0.000000000,NONE,0,0.049818626,26.865307708,19.024754459,0.500000000,23.458805035,15.574003338,0.004080200,3.406502673,3.450751120,0.495919800,1.045770291,-0.639407019,-2.837407297,0.238036577,-0.699281715,-1.120648107,0.807733714,0.059874697,-1.716759190,100.692258191,-25.371531714,-89.000000000,0.100680708,-0.932361415,0.201239229,-18.880491426,-31.465637669,31.566257283,18.779871812,44.500000000,44.500000000
1786021347.617706776,58.151309356,0.000000000,NONE,0,0.050889719,26.865307708,19.024754459,0.500000000,23.506801231,15.598631854,0.007783523,3.358506477,3.426122604,0.492216477,1.064014877,-0.586833533,-2.840532015,0.287866582,-0.692671416,-1.128505177,0.776148296,0.105837883,-1.712026838,100.955536740,-18.123419642,-89.000000000,-0.000686493,-0.637583504,5.362906055,-22.048755788,-28.429012581,31.110465609,19.367302761,44.500000000,44.500000000
1786021347.666729450,58.200332133,0.000000000,NONE,0,0.049060391,26.865307708,19.024754459,0.500000000,23.566918517,15.629661759,0.012754302,3.298389191,3.395092699,0.487245698,1.068603611,-0.537531480,-2.846632232,0.299878478,-0.676227747,-1.136058489,0.768725133,0.138696267,-1.710573743,101.446339069,-12.139491655,-89.000000000,-0.063448288,-0.330637409,7.320614343,-24.156865439,-26.566304095,30.226611267,20.496558268,44.500000000,44.500000000
1786021347.716785669,58.250388178,0.000000000,TARGET_UPDATED,0,0.050078757,27.066918517,19.129661759,0.500000000,23.626536848,15.661048266,0.016561916,3.440381669,3.468613493,0.483438084,1.062409340,-0.550914387,-2.844931034,0.267111476,-0.659352505,-1.140893772,0.795297864,0.108438119,-1.704037262,103.092928907,-16.344654612,-89.000000000,-0.101804433,-0.077157655,7.864504851,-23.653194787,-27.893269667,31.825522092,19.720942361,44.500000000,44.500000000
1786021347.766811132,58.300413712,0.000000000,NONE,0,0.049979549,27.066918517,19.129661759,0.500000000,23.685628230,15.692563108,0.018201284,3.381290287,3.437098651,0.481798716,1.033320940,-0.540952339,-2.856905828,0.209559972,-0.663439841,-1.142288756,0.823760968,0.122487502,-1.714617072,101.931471345,-13.783249422,-89.000000000,-0.134374945,0.164797271,8.064028570,-24.053062623,-26.912673049,30.944687334,20.021048338,44.500000000,44.500000000
1786021347.816801310,58.350403898,0.000000000,NONE,0,0.050002797,27.066918517,19.129661759,0.500000000,23.744275435,15.723971668,0.017484768,3.322643082,3.405690091,0.482515232,0.990626589,-0.547694046,-2.870981945,0.140242318,-0.662707464,-1.139192735,0.850384271,0.115013418,-1.731789209,99.369632734,-15.224418087,-89.000000000,-0.166127316,0.363651021,8.632294419,-23.194377267,-26.490439100,30.806586310,18.878230057,44.500000000,44.500000000
1786021347.866735697,58.400338241,0.000000000,NONE,0,0.049947405,27.066918517,19.129661759,0.500000000,23.802086965,15.755417157,0.014812585,3.264831552,3.374244603,0.485187415,0.941368770,-0.567075170,-2.884773120,0.074318147,-0.658520108,-1.132134017,0.867050623,0.091444937,-1.752639103,95.631038504,-18.615765508,-89.000000000,-0.198460774,0.495535477,9.919951665,-21.733806165,-26.081713087,31.041688919,16.773830332,44.500000000,44.500000000
1786021347.916811228,58.450413871,0.000000000,TARGET_UPDATED,0,0.050101356,27.302086965,19.255417157,0.500000000,23.847764051,15.780594155,0.011755828,3.454322914,3.474823002,0.488244172,0.906552793,-0.636157572,-2.882676866,0.030974351,-0.655908106,-1.125266850,0.875578443,0.019750533,-1.757410016,92.910083349,-30.243197410,-89.000000000,-0.221782357,0.574375776,11.019498506,-18.421596111,-28.033445563,33.543194816,12.911846858,44.500000000,44.500000000
1786021347.967033863,58.500636303,0.000000000,NONE,0,0.049956093,27.302086965,19.255417157,0.500000000,23.904670249,15.811862567,0.007641379,3.397416716,3.443554590,0.492358621,0.861163188,-0.662577091,-2.892201210,0.000162995,-0.668927470,-1.117577588,0.861000193,0.006350380,-1.774623622,87.745760723,-32.512540351,-89.000000000,-0.227121169,0.647340979,10.739643617,-16.493215997,-27.379664364,32.749486173,11.123394189,44.500000000,44.500000000
1786021348.016738415,58.550340751,0.000000000,NONE,0,0.049942991,27.302086965,19.255417157,0.500000000,23.961999646,15.842644135,0.004111686,3.340087319,3.412773021,0.495888314,0.829033664,-0.685593842,-2.897576748,-0.010527803,-0.679780099,-1.112287877,0.839561467,-0.005813743,-1.785288872,83.731404570,-35.594599647,-89.000000000,-0.111246229,0.676577096,1.188399162,-12.331301021,-29.534401264,30.128600845,11.737101440,44.500000000,44.500000000
1786021348.066770315,58.600373171,0.000000000,NONE,0,0.050029082,27.302086965,19.255417157,0.500000000,24.019581973,15.873178156,0.001668295,3.282504991,3.382239001,0.498331705,0.832280873,-0.705506557,-2.892805152,-0.000191467,-0.687759398,-1.109551111,0.832472339,-0.017747158,-1.783254041,83.850967684,-38.427711276,-89.000000000,0.576898070,0.520164356,-52.356740705,1.733371074,-43.658854916,17.480484564,24.444999278,44.500000000,44.500000000
1786021348.116919994,58.650522585,0.000000000,TARGET_UPDATED,0,0.050117639,27.519581973,19.373178156,0.500000000,24.077358663,15.903832548,0.000423165,3.442223311,3.469345608,0.499576835,0.943309652,-0.784624055,-2.838323497,0.066258868,-0.710010875,-1.103623343,0.877050784,-0.074613180,-1.734700155,96.961345526,-51.767721443,-89.000000000,0.705223596,-0.749525616,-49.996571331,1.200736812,-49.681409575,24.683123909,23.797548853,44.500000000,44.500000000
1786021348.166801691,58.700404287,0.000000000,NONE,0,0.049890141,27.519581973,19.373178156,0.500000000,24.124697805,15.928424700,0.001087057,3.394884168,3.444753456,0.498912943,1.031779261,-0.760200053,-2.813820218,0.169703370,-0.751310083,-1.106700300,0.862075891,-0.008889970,-1.707119918,103.208837232,-42.482596567,-89.000000000,0.361224035,-1.279215057,-17.215755068,-10.877621399,-40.726797217,32.118919683,19.485498933,44.500000000,44.500000000
1786021348.216805696,58.750408368,0.000000000,NONE,0,0.050056871,27.519581973,19.373178156,0.500000000,24.186210625,15.958991815,0.004666130,3.333371349,3.414186341,0.495333870,1.070825458,-0.662764615,-2.822432656,0.281718822,-0.765122648,-1.125111770,0.789106636,0.102358033,-1.697320886,101.589570331,-24.280565148,-89.000000000,0.067434984,-1.014108812,3.629555383,-20.234640142,-30.560145024,32.374922715,18.419862450,44.500000000,44.500000000
1786021348.266803503,58.800405908,0.000000000,NONE,0,0.049916686,27.519581973,19.373178156,0.500000000,24.248751759,15.989553911,0.010160291,3.270830215,3.383624245,0.489839709,1.063652738,-0.575762365,-2.842008475,0.326612510,-0.737381669,-1.138132642,0.737040228,0.161619304,-1.703875832,98.149893792,-13.506661271,-89.000000000,-0.085831375,-0.579867843,11.557023219,-24.050063935,-25.024882961,30.803394571,18.271552325,44.500000000,44.500000000
1786021348.316770792,58.850373516,0.000000000,TARGET_UPDATED,0,0.050071054,27.748751759,19.489553911,0.500000000,24.310501264,16.020408331,0.015391713,3.438250494,3.469145581,0.484608287,1.040813288,-0.572704003,-2.849055897,0.300562237,-0.702222674,-1.142663475,0.740251051,0.129518671,-1.706392422,97.156837205,-16.991974420,-89.000000000,-0.174197699,-0.169819657,14.543291864,-23.677038662,-24.901379940,32.173025872,16.405392730,44.500000000,44.500000000
1786021348.366792440,58.900395097,0.000000000,NONE,0,0.049973850,27.748751759,19.489553911,0.500000000,24.371077205,16.051379978,0.018390571,3.377674553,3.438173933,0.481609429,0.995204152,-0.551667271,-2.868294635,0.226791310,-0.693562351,-1.141494555,0.768412842,0.141895080,-1.726800080,94.916085504,-13.548949758,-89.000000000,-0.232086952,0.254608978,14.953342249,-24.080119499,-23.377923253,30.854594378,16.603448374,44.500000000,44.500000000
1786021348.416800737,58.950403405,0.000000000,NONE,0,0.049985185,27.748751759,19.489553911,0.500000000,24.430588690,16.082252484,0.018241959,3.318163068,3.407301427,0.481758041,0.939911027,-0.557315842,-2.885857002,0.127891286,-0.683157194,-1.135562689,0.812019741,0.125841353,-1.750294313,92.737078784,-15.560797420,-89.000000000,-0.273007753,0.576966215,15.030726703,-23.051752017,-23.316787376,30.832150727,15.536388665,44.500000000,44.500000000
1786021348.466847658,59.000450283,0.000000000,NONE,0,0.050055670,27.748751759,19.489553911,0.500000000,24.477198440,16.107029934,0.015951765,3.271553319,3.382523977,0.484048235,0.894099376,-0.574274091,-2.897926264,0.049840679,-0.673541937,-1.128324367,0.844258698,0.099267846,-1.769601897,90.435016168,-18.834735836,-89.000000000,-0.303147144,0.706110695,16.180781619,-21.945265488,-23.272242596,31.362633406,13.854874678,44.500000000,44.500000000
1786021348.517053604,59.050656230,0.000000000,TARGET_UPDATED,0,0.050257213,27.977198440,19.607029934,0.500000000,24.534341710,16.138144395,0.011177988,3.442856730,3.468885539,0.488822012,0.844506797,-0.652769079,-2.897987484,-0.025692835,-0.659508221,-1.118454825,0.870199632,0.006739142,-1.779532659,87.750419297,-33.073947551,-89.000000000,-0.342863430,0.790080963,18.552844502,-18.307329062,-25.567880586,34.844302838,9.030906811,44.500000000,44.500000000
1786021348.566718578,59.100321016,0.000000000,NONE,0,0.049650683,27.977198440,19.607029934,0.500000000,24.591115891,16.169076976,0.005656047,3.386082549,3.437952958,0.494343953,0.796752691,-0.681071792,-2.907089995,-0.065552200,-0.670188425,-1.110938637,0.862304891,-0.010883367,-1.796151358,82.862655288,-35.536912207,-89.000000000,-0.368569701,0.862557612,19.921179185,-16.811730566,-24.619597077,34.580186670,6.851140974,44.500000000,44.500000000
1786021348.616845131,59.150447672,0.000000000,NONE,0,0.050057819,27.977198440,19.607029934,0.500000000,24.648344795,16.199497122,0.000879123,3.328853645,3.407532812,0.499120877,0.765768427,-0.705377738,-2.911454048,-0.073803904,-0.676822271,-1.106920459,0.839572331,-0.028555467,-1.804533589,78.894048348,-39.177188984,-89.000000000,0.753848900,0.911504947,-70.437254317,7.680098738,-47.127122912,11.908495754,27.538528420,44.500000000,44.500000000
1786021348.666788816,59.200391112,0.000000000,NONE,0,0.050005054,27.977198440,19.607029934,0.500000000,24.694215522,16.223797356,-0.002106869,3.282982918,3.383232578,0.502106869,0.873876471,-0.753339906,-2.869855283,-0.021773222,-0.699104099,-1.099715618,0.895649693,-0.054235806,-1.770139665,92.290248602,-46.238638922,-89.000000000,1.030055063,-0.601298516,-77.508728637,7.864279739,-54.009404040,15.255039722,30.890084579,44.500000000,44.500000000
1786021348.716895342,59.250497876,0.000000000,TARGET_UPDATED,0,0.050114584,28.194215522,19.723797356,0.497893131,24.752556211,16.254355033,-0.003299064,3.441659310,3.469442323,0.501192195,1.013238325,-0.768724468,-2.819148174,0.131791654,-0.737349257,-1.100816406,0.881446671,-0.031375211,-1.718331768,102.579050321,-45.691610971,-89.000000000,0.298699138,-1.657175970,-8.471418452,-12.104005224,-39.185519936,34.949810710,16.339714450,44.500000000,44.500000000
1786021348.766725063,59.300327857,0.000000000,NONE,0,0.049821457,28.194215522,19.723797356,0.497893131,24.813375154,16.284776930,0.000168052,3.380840367,3.439020426,0.497725079,1.030306555,-0.654969680,-2.840224673,0.279776466,-0.754133972,-1.121280584,0.750530088,0.099164292,-1.718944089,94.043661178,-23.288268823,-89.000000000,-0.059183414,-0.974599209,13.339315326,-21.023676920,-25.998153669,32.667811331,14.354019257,44.500000000,44.500000000
1786021348.816735029,59.350337480,0.000000000,NONE,0,0.050015753,28.194215522,19.723797356,0.497893131,24.875175270,16.315014196,0.006893778,3.319040251,3.408783160,0.490999353,1.002345772,-0.573528183,-2.865100207,0.325941213,-0.716914663,-1.132268781,0.676404559,0.143386480,-1.732831426,88.030550872,-14.706997388,-89.000000000,-0.197074366,-0.323195989,17.876272929,-22.799956603,-21.215318833,30.153455297,13.861820138,44.500000000,44.500000000
1786021348.866829872,59.400432337,0.000000000,NONE,0,0.050049041,28.194215522,19.723797356,0.497893131,24.935837511,16.345523351,0.013378268,3.258378011,3.378274005,0.484514862,0.966254315,-0.535643917,-2.882297028,0.282218908,-0.682214010,-1.133892762,0.684035407,0.146570094,-1.748404267,86.733542675,-12.118050919,-89.000000000,-0.244023490,0.226974170,16.154927515,-22.692604818,-20.674166520,28.751630277,14.615141060,44.500000000,44.500000000
1786021348.916854620,59.450457107,0.000000000,TARGET_UPDATED,0,0.050094703,28.435837511,19.845523351,0.500000000,24.983213322,16.370179268,0.016583957,3.452624189,3.475344082,0.483416043,0.945167694,-0.583081398,-2.879666478,0.207036284,-0.663380844,-1.132237592,0.738131410,0.080299446,-1.747428886,88.983969690,-21.545602900,-89.000000000,-0.244648896,0.538212393,13.117088993,-20.138863946,-24.353120899,30.911665396,13.580319449,44.500000000,44.500000000
1786021348.966697931,59.500300259,0.000000000,NONE,0,0.049832317,28.435837511,19.845523351,0.500000000,25.029775879,16.394934818,0.017362627,3.406061632,3.450588532,0.482637373,0.911903000,-0.590164578,-2.888641734,0.121279882,-0.662702355,-1.129432985,0.790623119,0.072537777,-1.759208749,89.160039509,-21.480669882,-89.000000000,-0.226421031,0.670056809,10.362981795,-19.510587856,-25.069431899,30.250922796,14.329096958,44.500000000,44.500000000
1786021349.016724110,59.550326817,0.000000000,NONE,0,0.050014565,28.435837511,19.845523351,0.500000000,25.087458665,16.425705606,0.015092861,3.348378846,3.419817745,0.484907139,0.872459534,-0.604409081,-2.898716548,0.022411695,-0.659502872,-1.124670392,0.850047839,0.055093791,-1.774046156,89.502810129,-24.023659889,-89.000000000,-0.182297195,0.682301625,6.728861771,-18.052003003,-26.699402062,30.063832947,14.687572117,44.500000000,44.500000000
1786021349.067977667,59.601580327,0.000000000,NONE,0,0.051204775,28.435837511,19.845523351,0.500000000,25.133087409,16.450313422,0.011372102,3.302750102,3.395209928,0.488627898,0.847286900,-0.617095304,-2.904909989,-0.034241285,-0.652734575,-1.120177244,0.881528186,0.035639270,-1.784732745,88.753132593,-26.409007592,-89.000000000,-0.105818628,0.627161303,1.172816494,-15.879235374,-28.497330923,29.083739170,15.292827126,44.500000000,44.500000000
1786021349.116785049,59.650387876,0.000000000,TARGET_UPDATED,0,0.048889555,28.633087409,19.950313422,0.500000000,25.178360725,16.474933112,0.006933491,3.454726685,3.475380310,0.493066509,0.835491456,-0.669791676,-2.898334168,-0.060899763,-0.646125916,-1.116123771,0.896391219,-0.023665760,-1.782210397,88.387246582,-35.995146631,-89.000000000,0.085310385,0.513357141,-12.987804509,-9.851073860,-34.342549430,27.848647176,16.344976115,44.500000000,44.500000000
1786021349.166684389,59.700286936,0.000000000,NONE,0,0.049885724,28.633087409,19.950313422,0.500000000,25.223674575,16.499423121,0.002729284,3.409412834,3.450890301,0.497270716,0.850701540,-0.678482537,-2.893500338,-0.049714605,-0.657718362,-1.113404805,0.900416145,-0.020764175,-1.780095533,89.628890027,-35.447864415,-89.000000000,0.442808056,0.206447380,-38.562700172,-3.904581360,-40.909863654,21.628513567,23.185931446,44.500000000,44.500000000
1786021349.216671467,59.750274098,0.000000000,NONE,0,0.049988824,28.633087409,19.950313422,0.500000000,25.280910096,16.529765802,-0.000841276,3.352177314,3.420547620,0.500841276,0.928395006,-0.671467037,-2.872561434,0.028434829,-0.674650927,-1.111929209,0.899960177,0.003183890,-1.760632226,96.105608601,-32.864610077,-89.000000000,0.448773146,-0.677371130,-30.246589512,-8.248602253,-39.804202047,24.680907291,23.371897009,44.500000000,44.500000000
1786021349.266727924,59.800330641,0.000000000,NONE,0,0.050030757,28.633087409,19.950313422,0.500000000,25.338853410,16.560203393,-0.001016738,3.294234000,3.390110030,0.501016738,1.012803281,-0.622423537,-2.855102177,0.159402572,-0.681266928,-1.114649161,0.853400709,0.058843391,-1.740453016,100.207039339,-24.030178567,-89.000000000,0.181781262,-1.027444483,-5.404694561,-17.693041553,-32.410478117,29.708130836,20.395388833,44.500000000,44.500000000
1786021349.318210125,59.851812743,0.000000000,TARGET_UPDATED,0,0.051494707,28.838853410,20.060203393,0.498983262,25.397416843,16.591057610,0.002693281,3.441436567,3.469145783,0.496289981,1.064896616,-0.605473566,-2.837883082,0.274166797,-0.665632077,-1.121178221,0.790729819,0.060158511,-1.716704861,101.323604332,-23.444105030,-89.000000000,0.047957838,-0.716251714,2.184312500,-20.015952950,-30.645849216,31.738005465,18.923796700,44.500000000,44.500000000
1786021349.366737366,59.900339960,0.000000000,NONE,0,0.048509174,28.838853410,20.060203393,0.498983262,25.444679991,16.616026160,0.007449352,3.394173418,3.444177233,0.491533910,1.091250480,-0.566173501,-2.834119356,0.326042204,-0.660913938,-1.127429429,0.765208275,0.094740437,-1.706689926,103.193918890,-17.155010295,-89.000000000,0.011718938,-0.472402611,2.643796540,-22.170676284,-29.426283161,30.748181431,20.848778014,44.500000000,44.500000000
1786021349.416783333,59.950386098,0.000000000,NONE,0,0.050017300,28.838853410,20.060203393,0.498983262,25.504219773,16.647481975,0.013632339,3.334633636,3.412721418,0.485350922,1.112213974,-0.528141686,-2.830913077,0.339028316,-0.654425587,-1.136297488,0.773185657,0.126283901,-1.694615590,106.561741917,-12.156904120,-89.000000000,-0.001883601,-0.280819282,1.816354748,-24.055298136,-29.225572822,30.133750196,23.147120762,44.500000000,44.500000000
1786021349.466788292,60.000390952,0.000000000,NONE,0,0.049987433,28.838853410,20.060203393,0.498983262,25.551829571,16.672954938,0.017593693,3.287023839,3.387248455,0.481389569,1.118360360,-0.506432384,-2.830936623,0.319226196,-0.647867329,-1.143446990,0.799134164,0.141434945,-1.687489633,109.132284346,-9.855107723,-89.000000000,-0.011761741,-0.194071622,1.740305195,-25.254370454,-29.311771718,30.181924316,24.384217857,44.500000000,44.500000000
1786021349.516877413,60.050479823,0.000000000,TARGET_UPDATED,0,0.050154818,29.051829571,20.172954938,0.500000000,25.611023656,16.705152435,0.020381358,3.440805915,3.467802503,0.479618642,1.117560759,-0.534155329,-2.825475646,0.269337930,-0.645331552,-1.150190866,0.848222829,0.111176223,-1.675284780,112.451958776,-14.786624602,-89.000000000,-0.040201627,-0.115945341,3.238265937,-25.225900028,-31.000079360,32.619212329,23.606767059,44.500000000,44.500000000
1786021349.566897392,60.100499895,0.000000000,NONE,0,0.049919328,29.051829571,20.172954938,0.500000000,25.670037960,16.737387978,0.020610169,3.381791611,3.435566960,0.479389831,1.087387036,-0.530077544,-2.837902413,0.213747101,-0.661028916,-1.151779325,0.873639934,0.130951372,-1.686123088,110.333571139,-12.268272044,-89.000000000,-0.092499666,-0.014610305,6.417993724,-26.120823205,-29.045962365,32.254959227,22.911826343,44.500000000,44.500000000
1786021349.617027044,60.150629686,0.000000000,NONE,0,0.050233591,29.051829571,20.172954938,0.500000000,25.728974625,16.769349292,0.018809722,3.322854946,3.403605645,0.481190278,1.039589181,-0.538070083,-2.854944677,0.157167499,-0.670244925,-1.147026748,0.882421682,0.132174842,-1.707917929,105.676282673,-13.220547850,-89.000000000,-0.159150960,0.163624092,9.983742679,-25.609869375,-27.228271961,32.220143301,20.617998036,44.500000000,44.500000000
1786021349.666627407,60.200229961,0.000000000,NONE,0,0.049591626,29.051829571,20.172954938,0.500000000,25.787329736,16.801174248,0.015681097,3.264499835,3.371780690,0.484318903,0.982179169,-0.559757481,-2.872240666,0.104200381,-0.672982284,-1.137496075,0.877978788,0.113224803,-1.734744590,99.608280801,-16.587651319,-89.000000000,-0.225259465,0.392970993,13.001296102,-24.005481396,-25.798659004,32.299307055,17.504833345,44.500000000,44.500000000
1786021349.716735125,60.250337731,0.000000000,TARGET_UPDATED,0,0.050134679,29.287329736,20.301174248,0.500000000,25.844984999,16.832914973,0.011916094,3.442344737,3.468259274,0.488083906,0.928917434,-0.639238350,-2.874803473,0.058660236,-0.673034988,-1.126491552,0.870257198,0.033796638,-1.748311921,94.224822411,-29.854692979,-89.000000000,-0.283033875,0.597012538,15.611213011,-19.995335611,-27.117075595,34.922682100,12.189729105,44.500000000,44.500000000
1786021349.766720772,60.300323315,0.000000000,NONE,0,0.049951410,29.287329736,20.301174248,0.500000000,25.902553562,16.864305213,0.008147073,3.384776174,3.436869035,0.491852927,0.872033235,-0.672808844,-2.886382637,0.026335331,-0.693059372,-1.117258448,0.845697904,0.020250528,-1.769124189,87.526525573,-32.728005845,-89.000000000,-0.327619951,0.743142937,17.749525295,-18.137011256,-25.626251531,34.501014178,9.262248608,44.500000000,44.500000000
1786021349.816791296,60.350393919,0.000000000,NONE,0,0.050051168,29.287329736,20.301174248,0.500000000,25.960576892,16.895151080,0.004910017,3.326752843,3.406023168,0.495089983,0.824718446,-0.702889806,-2.894355215,0.003409132,-0.705035051,-1.110921368,0.821309314,0.002145245,-1.783433847,82.237834223,-37.074503381,-89.000000000,-0.331700517,0.835861594,17.181988032,-15.586329719,-25.532587393,34.123581409,6.995335703,44.500000000,44.500000000
1786021349.866793871,60.400396664,0.000000000,NONE,0,0.049998709,29.287329736,20.301174248,0.500000000,26.018830616,16.925701134,0.002522201,3.268499120,3.375473114,0.497477799,0.797066827,-0.729028349,-2.896556836,-0.009159745,-0.712180827,-1.107592354,0.806226571,-0.016847522,-1.788964482,79.379183533,-41.099392710,-89.000000000,-0.005337242,0.859985223,-9.167776546,-7.278003569,-32.411588197,27.827699924,11.861891842,44.500000000,44.500000000
1786021349.916730642,60.450333300,0.000000000,TARGET_UPDATED,0,0.049990680,29.518830616,20.425701134,0.500000000,26.077309951,16.956132337,0.000975987,3.441520665,3.469568797,0.499024013,0.832845810,-0.804815608,-2.866870396,0.004771647,-0.723127668,-1.105680859,0.828074163,-0.081687940,-1.761189537,84.210685609,-54.812755047,-89.000000000,1.314085098,0.406731584,-100.000000000,17.650517360,-59.755860164,9.755860164,32.349482640,44.500000000,44.500000000
1786021349.966769218,60.500371635,0.000000000,NONE,0,0.049984343,29.518830616,20.425701134,0.500000000,26.124755168,16.980446054,0.000365283,3.394075448,3.445255080,0.499634717,0.973804355,-0.829958434,-2.815058168,0.083007162,-0.769774580,-1.099637971,0.890797193,-0.060183854,-1.715420196,100.940385030,-54.944970524,-89.000000000,0.796291516,-1.403367410,-50.875539145,1.220031160,-51.690223675,26.252454102,24.217738413,44.500000000,44.500000000
1786021350.016744375,60.550346998,0.000000000,NONE,0,0.049996883,29.518830616,20.425701134,0.500000000,26.186322171,17.010839334,0.001934768,3.332508445,3.414861800,0.498065232,1.066636115,-0.766691405,-2.798683062,0.226959658,-0.812367846,-1.109113507,0.839676458,0.045676441,-1.689569556,104.631837606,-39.167943707,-89.000000000,0.210707637,-1.494670760,-3.136864764,-15.581757284,-36.734161519,35.165729137,17.150189666,44.500000000,44.500000000
1786021350.066612244,60.600214930,0.000000000,NONE,0,0.049887386,29.518830616,20.425701134,0.500000000,26.249978845,17.041314578,0.006631558,3.268851771,3.384386556,0.493368442,1.056509261,-0.657447706,-2.828290763,0.319341675,-0.799847640,-1.131284830,0.737167586,0.142399934,-1.697005933,96.423299471,-21.623881635,-89.000000000,-0.070296089,-0.838379750,12.787536995,-21.896738708,-26.314911028,32.708679525,15.502970210,44.500000000,44.500000000
1786021350.117113352,60.650715843,0.000000000,TARGET_UPDATED,0,0.050505029,29.749978845,20.541314578,0.500000000,26.313555369,17.071895960,0.012566858,3.436423476,3.469418618,0.487433142,1.023261873,-0.634904201,-2.843309990,0.319802037,-0.758980918,-1.139879280,0.703459836,0.124076717,-1.703430710,92.489622388,-22.793416449,-89.000000000,-0.207830305,-0.293704906,18.364518777,-22.015181179,-24.229630015,33.411889403,12.832921791,44.500000000,44.500000000
1786021350.166598320,60.700201132,0.000000000,NONE,0,0.049503126,29.749978845,20.541314578,0.500000000,26.375944404,17.102463724,0.016924598,3.374034441,3.438850854,0.483075402,0.970469022,-0.601198297,-2.867370683,0.251374662,-0.743631601,-1.138709788,0.719094360,0.142433304,-1.728660895,89.389837941,-17.767203942,-89.000000000,-0.285201742,0.247476089,19.170660530,-22.698323632,-21.996595338,31.581925603,13.112993367,44.500000000,44.500000000
1786021350.216656208,60.750258786,0.000000000,NONE,0,0.050032436,29.749978845,20.541314578,0.500000000,26.437038855,17.132890571,0.018018054,3.312939989,3.408424008,0.481981946,0.910090328,-0.601191375,-2.886692635,0.141845464,-0.727426508,-1.132035688,0.768244863,0.126235133,-1.754656947,87.588798377,-19.433026834,-89.000000000,-0.335131239,0.664425981,19.029056283,-21.796206956,-21.998192232,31.512720374,12.281678815,44.500000000,44.500000000
1786021350.266810894,60.800413348,0.000000000,NONE,0,0.050095074,29.749978845,20.541314578,0.500000000,26.496461362,17.163474368,0.015578955,3.253517483,3.377840210,0.484421045,0.849770830,-0.620434516,-2.901886280,0.028474195,-0.709178012,-1.122532048,0.821296634,0.088743496,-1.779354232,85.784559223,-23.907742247,-89.000000000,-0.384048990,0.833081982,21.294394229,-20.792802801,-22.099476810,32.746673925,10.145605687,44.500000000,44.500000000
1786021350.316745520,60.850348184,0.000000000,TARGET_UPDATED,0,0.049987970,29.996461362,20.663474368,0.500000000,26.543001416,17.188071001,0.011625988,3.453459946,3.475403367,0.488374012,0.808191391,-0.696918575,-2.897891789,-0.045878482,-0.696266533,-1.114827282,0.854069873,-0.000652042,-1.783064507,84.058959728,-38.028747058,-89.000000000,-0.443319414,0.910817698,25.302992308,-17.833301245,-24.196178620,36.847674774,5.181805090,44.500000000,44.500000000
1786021350.366682053,60.900284521,0.000000000,NONE,0,0.049956627,29.996461362,20.663474368,0.500000000,26.600751038,17.218683823,0.005574885,3.395710324,3.444790545,0.494425115,0.754459133,-0.721585040,-2.908630758,-0.101263709,-0.699610850,-1.107905833,0.855722842,-0.021974190,-1.800724925,79.530128231,-40.627073602,-89.000000000,-0.630600967,1.003486824,39.421830639,-19.581221317,-20.183842799,39.894758118,-0.129694002,44.500000000,44.500000000
1786021350.416693687,60.950296409,0.000000000,NONE,0,0.049985838,29.996461362,20.663474368,0.500000000,26.659003379,17.248670054,0.000199664,3.337457983,3.414804314,0.499800336,0.687102887,-0.718925693,-2.927983319,-0.125185580,-0.695159845,-1.107378628,0.812288466,-0.023765848,-1.820604691,71.390046696,-40.050780276,-89.000000000,3.112781865,1.224761923,-100.000000000,17.165183395,-52.860206743,2.860206743,32.834816605,44.500000000,44.500000000
1786021350.466718912,61.000321623,0.000000000,NONE,0,0.050025275,29.996461362,20.663474368,0.500000000,26.717083374,17.278477750,-0.003942643,3.279377988,3.384996618,0.503942643,0.819579184,-0.773044916,-2.881336052,-0.068576321,-0.707597023,-1.098184767,0.888155505,-0.065447893,-1.783151284,87.849329305,-49.535228944,-89.000000000,1.901626348,-0.946118775,-100.000000000,15.421474910,-59.346139562,9.346139562,34.578525090,44.500000000,44.500000000
1786021350.516740561,61.050343326,0.000000000,TARGET_UPDATED,0,0.050037344,30.217083374,20.778477750,0.496057357,26.775798491,17.308562064,-0.005377610,3.441284883,3.469915686,0.501434967,0.973715378,-0.790849632,-2.827042365,0.105150293,-0.751774885,-1.096149698,0.868565085,-0.039074747,-1.730892666,97.951822547,-48.726260148,-89.000000000,0.380104488,-1.964830280,-12.290922322,-9.233660019,-39.742251254,33.596790093,15.379121180,44.500000000,44.500000000
1786021350.566713810,61.100316574,0.000000000,NONE,0,0.049959124,30.217083374,20.778477750,0.496057357,26.836939649,17.338527373,-0.001827157,3.380143725,3.439950377,0.497884514,0.989324490,-0.677320202,-2.849600783,0.264256207,-0.771395677,-1.115696456,0.725068283,0.094075475,-1.733904327,88.322967004,-25.830090115,-89.000000000,-0.115474356,-1.095823705,18.676857425,-20.292433578,-23.869049923,33.207478636,10.954004866,44.500000000,44.500000000
1786021350.616644621,61.150247287,0.000000000,NONE,0,0.049944602,30.217083374,20.778477750,0.496057357,26.899231959,17.368180614,0.005271668,3.317851415,3.410297136,0.490785689,0.952979747,-0.590628524,-2.878358279,0.314325975,-0.735972090,-1.127641034,0.638653772,0.145343566,-1.750717245,80.912608553,-15.972027603,-89.000000000,-0.281288998,-0.307141472,24.083304259,-22.255971302,-18.200332974,30.241985104,10.214319173,44.500000000,44.500000000
1786021350.666640759,61.200243159,0.000000000,NONE,0,0.049976657,30.217083374,20.778477750,0.496057357,26.960289971,17.398056566,0.012155372,3.256793403,3.380421184,0.483901985,0.909866328,-0.553953032,-2.896919372,0.263617494,-0.698153438,-1.128229548,0.646248834,0.144200406,-1.768689824,79.419188506,-13.874728494,-89.000000000,-0.333176672,0.391205577,21.284149760,-21.707152443,-18.002441810,28.644516690,11.065077563,44.500000000,44.500000000
1786021350.717163563,61.250766032,0.000000000,TARGET_UPDATED,0,0.050532939,30.460289971,20.898056566,0.500000000,27.019430849,17.428391054,0.015871329,3.440859122,3.469665512,0.484128671,0.879791225,-0.609641596,-2.895109809,0.152868321,-0.670296955,-1.124343662,0.726922904,0.060655360,-1.770766148,83.136485333,-25.481031756,-89.000000000,-0.322898184,0.781311750,16.593442944,-18.562224130,-23.006018536,31.302740008,10.265502658,44.500000000,44.500000000
1786021350.766683340,61.300286100,0.000000000,NONE,0,0.049536941,30.460289971,20.898056566,0.500000000,27.077239073,17.458949629,0.015407579,3.383050898,3.439106938,0.484592421,0.842556785,-0.624931042,-2.903089103,0.038097994,-0.667863805,-1.120043761,0.804458791,0.042932763,-1.783045342,84.698081736,-26.694653324,-89.000000000,-0.253743631,0.839435517,10.504980448,-17.127102215,-25.221938653,30.474428877,11.874611991,44.500000000,44.500000000
1786021350.816626549,61.350228980,0.000000000,NONE,0,0.049928741,30.460289971,20.898056566,0.500000000,27.134570010,17.489380390,0.011490547,3.325719961,3.408676176,0.488509453,0.819499942,-0.641994834,-2.907439736,-0.048580799,-0.660795772,-1.116157654,0.868080740,0.018800937,-1.791282083,86.396328318,-29.923970768,-89.000000000,-0.008739601,0.745757204,-8.157686126,-12.078667856,-31.119496303,27.040653240,16.157510919,44.500000000,44.500000000
1786021350.866696358,61.400299015,0.000000000,NONE,0,0.050068859,30.460289971,20.898056566,0.500000000,27.191451391,17.519849910,0.005798759,3.268838580,3.378206656,0.494201241,0.836170449,-0.656167138,-2.901687805,-0.076583101,-0.654930400,-1.113708465,0.912753550,-0.001236738,-1.787979340,90.011347903,-32.452307917,-89.000000000,0.700206985,0.360609771,-61.092055824,0.883253959,-45.888927911,15.342899999,29.662773952,44.500000000,44.500000000
1786021350.916797638,61.450400301,0.000000000,TARGET_UPDATED,0,0.050110545,30.691451391,21.019849910,0.500000000,27.236766572,17.544403989,0.001394052,3.454684819,3.475445921,0.498605948,0.934425866,-0.726804179,-2.856216333,-0.022940897,-0.667310931,-1.109471973,0.957366763,-0.059493248,-1.746744360,100.985350237,-44.193919200,-89.000000000,0.627639019,-0.851594635,-43.227477112,-3.390988481,-47.101686637,25.487948081,25.004727037,44.500000000,44.500000000
1786021350.966683388,61.500286080,0.000000000,NONE,0,0.049890143,30.691451391,21.019849910,0.500000000,27.294506938,17.575123580,-0.001414314,3.396944453,3.444726330,0.501414314,1.022705455,-0.661762564,-2.842856058,0.116363996,-0.701982423,-1.116043028,0.906341458,0.040219859,-1.726813030,104.252872991,-28.131375310,-89.000000000,0.168223962,-1.296749101,-2.039513297,-18.520496096,-33.605940400,32.586183751,19.540252744,44.500000000,44.500000000
1786021351.016701698,61.550304340,0.000000000,NONE,0,0.049949979,30.691451391,21.019849910,0.500000000,27.354172547,17.605518424,0.000508840,3.337278844,3.414331486,0.499491160,1.050182789,-0.569677744,-2.852006149,0.254983297,-0.694172883,-1.126282663,0.795199492,0.124495139,-1.725723486,99.099155082,-14.700295423,-89.000000000,-0.048018908,-0.791511902,10.212341389,-23.652800262,-25.896777279,31.002947974,18.546629568,44.500000000,44.500000000
1786021351.066686392,61.600289169,0.000000000,NONE,0,0.050033022,30.691451391,21.019849910,0.500000000,27.414016144,17.636180389,0.006168143,3.277435247,3.383669521,0.493831857,1.049792115,-0.504901114,-2.862117863,0.322604179,-0.656640519,-1.132409285,0.727187936,0.151739404,-1.729708579,95.845056825,-8.876796560,-89.000000000,-0.121596321,-0.310791818,11.303501241,-24.567940377,-23.354588036,29.006338656,18.916189756,44.500000000,44.500000000
1786021351.116817474,61.650420050,0.000000000,TARGET_UPDATED,0,0.050156124,30.914016144,21.136180389,0.500000000,27.472998599,17.667373643,0.012591151,3.441017545,3.468806746,0.487408849,1.048901435,-0.517483656,-2.857716407,0.314302046,-0.625615805,-1.136010140,0.734599389,0.108132149,-1.721706267,97.707673243,-13.892505850,-89.000000000,-0.129539885,0.054850080,8.295561826,-23.027682305,-25.826154317,29.973935229,18.879901392,44.500000000,44.500000000
1786021351.166691780,61.700294548,0.000000000,NONE,0,0.049863974,30.914016144,21.136180389,0.500000000,27.531338332,17.698807995,0.017229127,3.382677812,3.437372394,0.482770873,1.034405932,-0.505900809,-2.863297242,0.258313818,-0.626128170,-1.139267059,0.776092114,0.120227361,-1.724030183,99.440986391,-11.146878250,-89.000000000,-0.104675026,0.300946522,3.855847688,-23.037488957,-26.683004238,28.610928082,21.109565113,44.500000000,44.500000000
1786021351.216735601,61.750337974,0.000000000,NONE,0,0.050012323,30.914016144,21.136180389,0.500000000,27.589178439,17.730304972,0.018877565,3.324837705,3.405875417,0.481122435,1.012507793,-0.507418316,-2.870223321,0.179813606,-0.622731807,-1.141025212,0.832694187,0.115313490,-1.729198109,100.998478523,-11.900307572,-89.000000000,-0.074025362,0.359805353,0.822690644,-22.480215399,-28.019023863,28.430369185,22.068870077,44.500000000,44.500000000
1786021351.266786575,61.800389167,0.000000000,NONE,0,0.050059767,30.914016144,21.136180389,0.500000000,27.646184396,17.761993829,0.017553548,3.267831748,3.374186560,0.482446452,0.983303861,-0.515099664,-2.879493646,0.104853510,-0.616843953,-1.139416721,0.878450351,0.101744289,-1.740076925,100.745648097,-13.488858418,-89.000000000,-0.063603996,0.319231671,0.401086190,-21.914468967,-28.458355081,28.658898176,21.713925872,44.500000000,44.500000000
1786021351.316779613,61.850382229,0.000000000,TARGET_UPDATED,0,0.050030211,31.146184396,21.261993829,0.500000000,27.691197041,17.787447155,0.014922200,3.454987355,3.474546674,0.485077800,0.960578749,-0.570854188,-2.877644875,0.058496198,-0.612095530,-1.135471210,0.902082551,0.041241342,-1.742173664,99.614575097,-22.694816375,-89.000000000,-0.077335245,0.284780911,1.851831841,-19.692897641,-30.114389908,31.040305829,18.766981720,44.500000000,44.500000000
1786021351.366809130,61.900411745,0.000000000,NONE,0,0.049921897,31.146184396,21.261993829,0.500000000,27.747145617,17.819139042,0.010761078,3.399038779,3.442854786,0.489238922,0.924805675,-0.582088241,-2.888677183,0.027061923,-0.621830833,-1.128704504,0.897743751,0.039742592,-1.759972679,95.577515873,-22.597494634,-89.000000000,-0.112355159,0.284018788,4.672264228,-19.413071367,-28.375686570,30.711818684,17.076939253,44.500000000,44.500000000
1786021351.416807413,61.950410061,0.000000000,NONE,0,0.050041949,31.146184396,21.261993829,0.500000000,27.803287997,17.850405975,0.006856902,3.342896399,3.411587853,0.493143098,0.891654079,-0.591917069,-2.898579815,0.020065219,-0.628127269,-1.122116001,0.871588861,0.036210200,-1.776463814,90.699794574,-23.733828175,-89.000000000,-0.137333976,0.349130378,6.033198540,-18.249791235,-27.100106052,30.116705322,15.233191965,44.500000000,44.500000000
1786021351.466961145,62.000563649,0.000000000,NONE,0,0.050217859,31.146184396,21.261993829,0.500000000,27.859370637,17.881479279,0.004074883,3.286813759,3.380514550,0.495925117,0.867888506,-0.602412462,-2.904692349,0.027716789,-0.628034333,-1.117024397,0.840171717,0.025621871,-1.787667952,86.716981572,-25.469487377,-89.000000000,-0.088760690,0.429700382,1.350550372,-15.649511142,-27.708979644,28.384254830,14.974235956,44.500000000,44.500000000
1786021351.516793966,62.050396400,0.000000000,TARGET_UPDATED,0,0.049804645,31.359370637,21.381479279,0.500000000,27.915335223,17.912503403,0.002698687,3.444035414,3.468975876,0.497301313,0.869807641,-0.654616501,-2.893329612,0.046043731,-0.627104147,-1.114084541,0.823763910,-0.027512354,-1.779245071,86.187774563,-34.540468807,-89.000000000,0.159929143,0.385163086,-18.115193723,-8.383028008,-34.710859273,25.653262412,17.440624870,44.500000000,44.500000000
1786021351.566812515,62.100414840,0.000000000,NONE,0,0.049982907,31.359370637,21.381479279,0.500000000,27.971719371,17.943348542,0.002612916,3.387651266,3.438130737,0.497387084,0.918142914,-0.657762703,-2.877672343,0.085202983,-0.648447801,-1.113347050,0.832939931,-0.009314902,-1.764325293,91.374015112,-32.334184831,-89.000000000,0.445892192,-0.104121122,-36.143969529,-5.723965188,-39.963042368,21.891057603,23.795949953,44.500000000,44.500000000
1786021351.616725206,62.150327875,0.000000000,NONE,0,0.049951929,31.359370637,21.381479279,0.500000000,28.028948115,17.974105460,0.003867866,3.330422522,3.407373819,0.496132134,1.003397603,-0.630958715,-2.854630504,0.157601428,-0.660939956,-1.115713748,0.845796175,0.029981241,-1.738916756,100.034105658,-26.907291499,-89.000000000,0.323585812,-0.888408100,-18.548916863,-13.644474324,-36.372578505,27.098120074,22.918932756,44.500000000,44.500000000
1786021351.666762352,62.200364773,0.000000000,NONE,0,0.049986531,31.359370637,21.381479279,0.500000000,28.075278557,17.998923709,0.006062371,3.284092081,3.382555570,0.493937629,1.048744202,-0.585783601,-2.847092470,0.223305287,-0.658762039,-1.122005652,0.825438915,0.072978439,-1.725086818,102.587288397,-20.043702662,-89.000000000,0.156741103,-0.898481261,-5.116278350,-19.356826846,-31.936817352,29.378678177,21.914966021,44.500000000,44.500000000
1786021351.716788530,62.250391133,0.000000000,TARGET_UPDATED,0,0.050084422,31.575278557,21.498923709,0.500000000,28.133694134,18.030308751,0.009878965,3.441584422,3.468614958,0.490121035,1.086892169,-0.575213722,-2.833423107,0.274642127,-0.649710347,-1.130536900,0.812250042,0.074496626,-1.702886208,105.826352423,-19.842545885,-89.000000000,0.033212164,-0.680769805,2.585595348,-22.142350471,-30.770825740,32.063623414,20.849552798,44.500000000,44.500000000
1786021351.766757011,62.300359840,0.000000000,NONE,0,0.049933910,31.575278557,21.498923709,0.500000000,28.192591784,18.061920060,0.013762078,3.382686772,3.437003649,0.486237922,1.096099784,-0.533149303,-2.836596296,0.288746128,-0.652617677,-1.138282934,0.807353656,0.119468374,-1.698313362,106.656707341,-12.702922252,-89.000000000,-0.041325838,-0.424705482,5.992119446,-24.986476134,-28.341877537,31.337937260,21.990416411,44.500000000,44.500000000
1786021351.816730261,62.350332874,0.000000000,NONE,0,0.049994904,31.575278557,21.498923709,0.500000000,28.251830116,18.093544552,0.016716785,3.323448440,3.405379158,0.483283215,1.082067469,-0.506405326,-2.845733585,0.268491457,-0.651115932,-1.143495140,0.813576012,0.144710606,-1.702238445,105.794498324,-9.454670023,-89.000000000,-0.099020652,-0.184917090,8.219721647,-26.139887487,-26.757361675,30.867222499,22.030026664,44.500000000,44.500000000
1786021351.866836309,62.400438778,0.000000000,NONE,0,0.050097334,31.575278557,21.498923709,0.500000000,28.310671845,18.125312905,0.018061264,3.264606712,3.373610805,0.481938736,1.048372610,-0.498537419,-2.859190696,0.221057477,-0.647718265,-1.144145765,0.827315133,0.149180845,-1.715044931,103.344190407,-8.996509044,-89.000000000,-0.152801809,0.064249823,10.045855058,-26.098384105,-25.573711098,30.596638627,21.075456576,44.500000000,44.500000000
1786021351.916827202,62.450429755,0.000000000,TARGET_UPDATED,0,0.049995843,31.810671845,21.625312905,0.500000000,28.368739104,18.157204974,0.017497445,3.441932741,3.468107930,0.482502555,1.008125015,-0.559259005,-2.862644395,0.157424013,-0.645469408,-1.139674333,0.850701002,0.086210403,-1.722970061,100.992413015,-19.043182862,-89.000000000,-0.202083262,0.332243131,11.328644812,-23.319468741,-27.176737766,32.841060172,17.655146335,44.500000000,44.500000000
1786021351.966723680,62.500326325,0.000000000,NONE,0,0.049901219,31.810671845,21.625312905,0.500000000,28.426366586,18.188903595,0.015170988,3.384305259,3.436409310,0.484829012,0.952653730,-0.585522166,-2.877237877,0.094319456,-0.663235531,-1.131798630,0.858334274,0.077713365,-1.745439247,95.946976402,-20.766605410,-89.000000000,-0.246048546,0.537865049,12.814204632,-21.998643906,-25.974844295,32.381946611,15.591541590,44.500000000,44.500000000
1786021352.016721964,62.550324536,0.000000000,NONE,0,0.049997723,31.810671845,21.625312905,0.500000000,28.483897227,18.220211830,0.011598720,3.326774618,3.405101074,0.488401280,0.896996439,-0.617041455,-2.889872455,0.038193219,-0.671838164,-1.122776914,0.858803220,0.054796709,-1.767095541,90.920538218,-25.332889428,-89.000000000,-0.284736079,0.666665619,14.649673851,-20.059330661,-25.400938449,32.725775374,12.734493735,44.500000000,44.500000000
1786021352.066716671,62.600319400,0.000000000,NONE,0,0.049974046,31.810671845,21.625312905,0.500000000,28.529734731,18.245109519,0.008358619,3.280937114,3.380203386,0.491641381,0.856355148,-0.642581214,-2.897860513,0.003828706,-0.676145122,-1.116245789,0.852526441,0.033563907,-1.781614724,87.009619275,-29.037438073,-89.000000000,-0.305437352,0.740860051,15.594359292,-18.391635123,-25.113174514,32.910354160,10.594455477,44.500000000,44.500000000
1786021352.116854191,62.650456812,0.000000000,TARGET_UPDATED,0,0.050162070,32.029734731,21.745109519,0.500000000,28.586854297,18.276122479,0.004589369,3.442880434,3.468987040,0.495410631,0.819027821,-0.717552775,-2.892495938,-0.017832391,-0.676956080,-1.110175987,0.836860212,-0.040596694,-1.782319951,82.899626102,-42.352010885,-89.000000000,-0.260991439,0.795262982,11.520840653,-13.017113968,-28.432699083,34.193119410,7.256693641,44.500000000,44.500000000
1786021352.166689634,62.700292242,0.000000000,NONE,0,0.049840818,32.029734731,21.745109519,0.500000000,28.644371301,18.306799441,0.001784562,3.385363431,3.438310078,0.498215438,0.803076126,-0.743067211,-2.891610582,-0.018999470,-0.699757037,-1.107548019,0.822075597,-0.043310174,-1.784062563,80.793862611,-43.946335324,-89.000000000,0.459657853,0.756567717,-45.789969533,2.235610562,-42.632541867,19.737557101,20.659374205,44.500000000,44.500000000
1786021352.216711998,62.750314457,0.000000000,NONE,0,0.050019124,32.029734731,21.745109519,0.500000000,28.702750959,18.337161574,-0.000034841,3.326983772,3.407947944,0.500034841,0.905996654,-0.791551315,-2.848718128,0.032780700,-0.734133381,-1.101049512,0.873215953,-0.057417934,-1.747668616,93.572451321,-50.720773197,-89.000000000,0.924526062,-0.460307497,-70.903162081,7.012870989,-53.799096650,18.347515609,28.438710051,44.500000000,44.500000000
1786021352.266813755,62.800416402,0.000000000,NONE,0,0.050051207,32.029734731,21.745109519,0.500000000,28.762565658,18.367695024,0.000272018,3.267169074,3.377414494,0.499727982,1.044272871,-0.767925832,-2.807431605,0.168429936,-0.776397725,-1.103111668,0.875842935,0.008471893,-1.704319936,105.624826695,-42.346699630,-89.000000000,0.395527190,-1.540096783,-17.824952633,-11.363293608,-41.449119740,32.536643423,20.275769925,44.500000000,44.500000000
1786021352.316722393,62.850324924,0.000000000,TARGET_UPDATED,0,0.049982421,32.262565658,21.867695024,0.500000000,28.811945609,18.392292369,0.003186938,3.450620049,3.475402656,0.496813062,1.059989680,-0.719615602,-2.813170365,0.272788634,-0.772726264,-1.123075732,0.787201046,0.053110662,-1.690094634,100.058055302,-34.586108550,-89.000000000,0.080979527,-1.094610949,2.875906942,-17.086963423,-32.942064227,34.380017698,15.649009953,44.500000000,44.500000000
1786021352.366639614,62.900242301,0.000000000,NONE,0,0.049889388,32.262565658,21.867695024,0.500000000,28.874643430,18.422956764,0.009090048,3.387922228,3.444738261,0.490909952,1.044311301,-0.627895328,-2.838555032,0.324510088,-0.757822095,-1.136836679,0.719801213,0.129926767,-1.701718353,94.862681140,-19.861968674,-89.000000000,-0.105410594,-0.597029332,12.821818214,-21.955632670,-25.475707900,31.886617007,15.544723563,44.500000000,44.500000000
1786021352.416740894,62.950343506,0.000000000,NONE,0,0.050107221,32.262565658,21.867695024,0.500000000,28.937196294,18.453405373,0.014747892,3.325369364,3.414289652,0.485252108,1.008234460,-0.570801247,-2.861373067,0.295854696,-0.730056311,-1.140748878,0.712379764,0.159255064,-1.720624189,92.087798527,-13.814724765,-89.000000000,-0.204997985,-0.143661950,16.275679430,-23.637188298,-22.406710966,30.544550680,15.499348583,44.500000000,44.500000000
1786021352.466773272,63.000375886,0.000000000,NONE,0,0.050032892,32.262565658,21.867695024,0.500000000,28.998293228,18.483996882,0.017951197,3.264272429,3.383698142,0.482048803,0.959896240,-0.548815746,-2.881012903,0.211756501,-0.704386782,-1.138130762,0.748139739,0.155571036,-1.742882141,90.557849124,-12.809326715,-89.000000000,-0.265080161,0.321996011,16.452199333,-23.550180435,-21.728744127,29.954843793,15.324080769,44.500000000,44.500000000
1786021352.516957521,63.050560087,0.000000000,TARGET_UPDATED,0,0.050182440,32.498293228,21.983996882,0.500000000,29.057569486,18.514868210,0.017708034,3.440723742,3.469128672,0.482291966,0.911899083,-0.609153393,-2.884568368,0.103489797,-0.682640073,-1.131071893,0.808409286,0.073486680,-1.753496476,90.374510647,-24.648017523,-89.000000000,-0.305625887,0.643341281,16.513078845,-20.559892992,-24.627362331,32.883901754,12.303353570,44.500000000,44.500000000
1786021352.566758156,63.100360792,0.000000000,NONE,0,0.049770848,32.498293228,21.983996882,0.500000000,29.115690906,18.545723571,0.014265782,3.382602322,3.438273312,0.485734218,0.855343730,-0.629954829,-2.898690034,0.006713469,-0.685370056,-1.122267237,0.848630261,0.055415227,-1.776422797,87.626984705,-26.433902130,-89.000000000,-0.345477943,0.780893729,18.360108240,-19.888297704,-23.925194649,33.105248769,10.708243584,44.500000000,44.500000000
1786021352.616737366,63.150339915,0.000000000,NONE,0,0.050005733,32.498293228,21.983996882,0.500000000,29.173360511,18.576314304,0.008847952,3.324932718,3.407682578,0.491152048,0.803842899,-0.654483418,-2.910026856,-0.061527884,-0.679917147,-1.113837751,0.865370783,0.025433730,-1.796189105,84.081760898,-30.882382946,-89.000000000,-0.392549207,0.856574894,21.408257189,-18.651908785,-23.388971664,34.093100258,7.947780191,44.500000000,44.500000000
1786021352.667055607,63.200657935,0.000000000,NONE,0,0.050035240,32.498293228,21.983996882,0.500000000,29.230623929,18.606791702,0.003122775,3.267669299,3.377205181,0.496877225,0.762950370,-0.679086124,-2.917575101,-0.092176716,-0.672810108,-1.107862410,0.855127086,-0.006276016,-1.809712691,79.871219336,-35.332310153,-89.000000000,-0.385554192,0.931716687,20.135820666,-16.168682462,-23.766927206,33.834837539,6.100772129,44.500000000,44.500000000
1786021352.716819763,63.250422152,0.000000000,TARGET_UPDATED,0,0.050058643,32.730623929,22.106791702,0.500000000,29.276317444,18.631094726,-0.000626714,3.454306485,3.475696976,0.500626714,0.748044117,-0.747457725,-2.906139697,-0.090699020,-0.670390329,-1.105601161,0.838743138,-0.077067396,-1.800538536,77.691161467,-47.832726124,-89.000000000,2.399757537,0.936591717,-100.000000000,17.535391164,-56.380971898,6.380971898,32.464608836,44.500000000,44.500000000
1786021352.766768694,63.300371110,0.000000000,NONE,0,0.049831968,32.730623929,22.106791702,0.500000000,29.333757293,18.661359201,-0.003841397,3.396866636,3.445432501,0.503841397,0.892991897,-0.793177307,-2.853876587,-0.007460437,-0.710905128,-1.099108524,0.900452334,-0.082272179,-1.754768063,94.306503215,-52.232393222,-89.000000000,1.347442215,-1.169175472,-97.869518922,13.948852232,-61.102103840,12.167344379,34.985907229,44.500000000,44.500000000
1786021352.817268848,63.350871263,0.000000000,NONE,0,0.049969195,32.730623929,22.106791702,0.500000000,29.393126671,18.691521049,-0.003561666,3.337497258,3.415270652,0.503561666,1.045500665,-0.747861013,-2.813925115,0.180175066,-0.763666585,-1.099946854,0.865325600,0.015805572,-1.713978262,104.360733130,-38.931259233,-89.000000000,0.325053279,-1.962256278,-8.180081308,-14.312348147,-37.868018418,33.777977764,18.402388801,44.500000000,44.500000000
1786021352.866778135,63.400380830,0.000000000,NONE,0,0.050086901,32.730623929,22.106791702,0.500000000,29.454908110,18.721759685,0.001705485,3.275715819,3.385032017,0.498294515,1.037598069,-0.623237707,-2.844931319,0.324299320,-0.755601968,-1.124176881,0.713298749,0.132364261,-1.720754439,92.121526073,-18.482408892,-89.000000000,-0.080776327,-1.010152574,14.773341826,-22.103114752,-23.957648285,31.344319198,14.716443839,44.500000000,44.500000000
1786021352.916809797,63.450412382,0.000000000,TARGET_UPDATED,0,0.050079191,32.954908110,22.221759685,0.500000000,29.516908301,18.752137744,0.009615923,3.437999809,3.469621941,0.490384077,1.001292692,-0.590961025,-2.861686607,0.343513522,-0.709193082,-1.134935966,0.657779170,0.118232057,-1.726750640,87.185779959,-18.937506647,-89.000000000,-0.236186271,-0.324237745,20.370645038,-22.154729588,-21.438160392,31.623482911,11.969407069,44.500000000,44.500000000
1786021352.966824293,63.500426749,0.000000000,NONE,0,0.049972394,32.954908110,22.221759685,0.500000000,29.565692718,18.776498512,0.015048322,3.389215392,3.445261173,0.484951678,0.960923812,-0.558986766,-2.879810760,0.291093971,-0.694153225,-1.135776239,0.669829841,0.135166459,-1.744034521,85.479830239,-14.484113356,-89.000000000,-0.296242978,0.169397318,20.268438936,-22.816038955,-19.923876165,30.058095633,12.681819487,44.500000000,44.500000000
1786021353.016734838,63.550337255,0.000000000,NONE,0,0.049965946,32.954908110,22.221759685,0.500000000,29.625589030,18.806855234,0.018515555,3.329319080,3.414904451,0.481484445,0.905983413,-0.552801202,-2.897449956,0.175936561,-0.681172378,-1.131627771,0.730046853,0.128371175,-1.765822185,85.163905792,-14.839965515,-89.000000000,-0.334022634,0.648783772,18.530326415,-22.213566673,-20.368386223,29.633549431,12.948403465,44.500000000,44.500000000
1786021353.066709757,63.600312275,0.000000000,NONE,0,0.049957073,32.954908110,22.221759685,0.500000000,29.683852341,18.837409327,0.017561777,3.271055769,3.384350359,0.482438223,0.851182400,-0.568733201,-2.911307439,0.046168942,-0.663585673,-1.124111933,0.805013458,0.094852472,-1.787195506,85.363706056,-18.754639421,-89.000000000,-0.360575875,0.821991843,18.958531620,-21.391899564,-21.289953464,30.769219274,11.912633754,44.500000000,44.500000000
1786021353.116817236,63.650419793,0.000000000,TARGET_UPDATED,0,0.050139815,33.183852341,22.337409327,0.500000000,29.740616440,18.868253411,0.012837456,3.443235901,3.469155916,0.487162544,0.803926193,-0.644721519,-2.910674040,-0.059963519,-0.644503693,-1.115451850,0.863889711,-0.000217826,-1.795222190,84.838754544,-32.746607548,-89.000000000,-0.399618828,0.878309989,21.558859974,-18.412751743,-24.006625529,34.786055516,7.633321755,44.500000000,44.500000000
1786021353.166807890,63.700410549,0.000000000,NONE,0,0.049877070,33.183852341,22.337409327,0.500000000,29.796844322,18.899009518,0.006211731,3.387008019,3.438399809,0.493788269,0.758256384,-0.669758153,-2.919774254,-0.118117155,-0.648543998,-1.108695379,0.876373539,-0.021214155,-1.811078875,81.260394843,-35.052487416,-89.000000000,-0.486295458,0.938001136,27.944588893,-18.538124080,-22.092073342,36.064367788,4.565829634,44.500000000,44.500000000
1786021353.216718674,63.750321107,0.000000000,NONE,0,0.050002218,33.183852341,22.337409327,0.500000000,29.853448549,18.929271657,-0.000007727,3.330403792,3.408137670,0.500007727,0.721094647,-0.690465246,-2.926738396,-0.131167778,-0.649294774,-1.105316598,0.852262426,-0.041170471,-1.821421799,76.458681825,-38.386404850,-89.000000000,2.688089219,1.056131071,-100.000000000,15.481930756,-53.711271669,3.711271669,34.518069244,44.500000000,44.500000000
1786021353.266658068,63.800260574,0.000000000,NONE,0,0.049963246,33.183852341,22.337409327,0.500000000,29.898769339,18.953433344,-0.004085776,3.285083002,3.383975983,0.504085776,0.857145404,-0.732288717,-2.881108389,-0.065137416,-0.670989230,-1.100281727,0.922282820,-0.061299487,-1.780826662,92.786637366,-44.157121880,-89.000000000,1.556942039,-1.012457286,-100.000000000,12.842621129,-59.235939812,9.235939812,37.157378871,44.500000000,44.500000000
1786021353.318526268,63.852128919,0.000000000,NONE,0,0.051819133,33.183852341,22.337409327,0.500000000,29.956437784,18.983778921,-0.005716607,3.227414557,3.353630406,0.505716607,1.010468886,-0.694735513,-2.841079213,0.125661811,-0.714895295,-1.099509283,0.884807075,0.020159782,-1.741569930,102.073522592,-33.189563883,-89.000000000,0.310852534,-1.972273725,-7.181118678,-15.425710008,-35.611051288,32.020491949,19.016269347,44.500000000,44.500000000
1786021353.366801739,63.900404244,0.000000000,NONE,0,0.048216108,33.183852341,22.337409327,0.500000000,30.004006065,19.008173288,-0.002718992,3.179846276,3.329236039,0.502718992,1.004296888,-0.596491530,-2.864300959,0.262338980,-0.707914183,-1.116336548,0.741957907,0.111422652,-1.747964411,90.669881197,-17.674093593,-89.000000000,-0.080880771,-1.111982666,15.562434634,-22.139555560,-23.195385039,30.976602356,14.358338242,44.500000000,44.500000000
1786021353.416684866,63.950287540,0.000000000,NONE,0,0.049994104,33.183852341,22.337409327,0.500000000,30.063792934,19.038833832,0.004831659,3.120059407,3.298575494,0.495168341,0.967737848,-0.512116523,-2.890138650,0.324309225,-0.666401087,-1.127583770,0.643428623,0.154284564,-1.762554880,82.310720317,-8.973333863,-89.000000000,-0.252305869,-0.371389776,21.895741250,-23.808281926,-17.347078233,28.294948857,12.860411301,44.500000000,44.500000000
1786021353.466810465,64.000413066,0.000000000,NONE,0,0.050091414,33.183852341,22.337409327,0.500000000,30.122437396,19.069806603,0.012512119,3.061414945,3.267602724,0.487487881,0.926741581,-0.472979213,-2.907256556,0.280203124,-0.629506839,-1.129067746,0.646538457,0.156527626,-1.778188810,80.825185300,-6.698312683,-89.000000000,-0.308743425,0.269585773,20.031921035,-23.539698413,-16.872894237,26.888854755,13.523737896,44.500000000,44.500000000
1786021353.516774416,64.050376984,0.000000000,NONE,0,0.049952905,33.183852341,22.337409327,0.500000000,30.179254637,19.101282282,0.016927697,3.004597705,3.236127045,0.483072303,0.886213491,-0.470796676,-2.918567037,0.170092592,-0.603226373,-1.126367975,0.716120900,0.132429697,-1.792199062,82.825910850,-8.513610792,-89.000000000,-0.306350623,0.694886189,15.618098887,-22.482599736,-18.930355689,26.739405132,14.673550293,44.500000000,44.500000000
1786021353.566693783,64.100296507,0.000000000,NONE,0,0.049956128,33.183852341,22.337409327,0.500000000,30.234286532,19.133293507,0.016841674,2.949565810,3.204115819,0.483158326,0.851085040,-0.486456946,-2.926475409,0.047770507,-0.581368064,-1.122032539,0.803314533,0.094911118,-1.804442870,85.498648102,-12.181549451,-89.000000000,-0.260648865,0.783705962,11.099802530,-21.104225295,-21.645098756,27.195000021,15.554324030,44.500000000,44.500000000
1786021353.616767406,64.150369961,0.000000000,NONE,0,0.050010670,33.183852341,22.337409327,0.500000000,30.287892403,19.165759489,0.012846665,2.895959938,3.171649838,0.487153335,0.824938565,-0.507723898,-2.931835457,-0.047008568,-0.561484273,-1.117164632,0.871947132,0.053760375,-1.814670824,87.153058031,-16.341840645,-89.000000000,-0.138061441,0.729500457,1.848672744,-18.164972533,-25.411556483,26.335892855,17.240636160,44.500000000,44.500000000
1786021353.666691542,64.200294272,0.000000000,NONE,0,0.049956176,33.183852341,22.337409327,0.500000000,30.340540111,19.198557458,0.006789255,2.843312230,3.138851869,0.493210745,0.820864150,-0.527760419,-2.931719440,-0.087068056,-0.546918123,-1.113296302,0.907932206,0.019157704,-1.818423138,88.340246593,-19.876952432,-89.000000000,0.300394205,0.537902210,-31.341809551,-9.280371152,-34.889752144,19.218847368,24.951275928,44.500000000,44.500000000
