wall_time_unix_sec,elapsed_sec,ros_time_sec,event,logger_queue_overflow,control_dt_sec,target_position_x,target_position_y,target_position_z,current_position_x,current_position_y,current_position_z,position_error_x,position_error_y,position_error_z,target_velocity_x,target_velocity_y,target_velocity_z,current_velocity_x,current_velocity_y,current_velocity_z,velocity_error_x,velocity_error_y,velocity_error_z,body_command_x,body_command_y,body_command_z,yaw,yaw_rate,yaw_command,motor1_command,motor2_command,motor3_command,motor4_command,motor5_command,motor6_command
1786021564.796017408,59.450447940,0.000000000,TARGET_UPDATED,0,0.050000000,0.500000000,-3.500000000,0.000000000,0.000298219,-0.000000000,-0.090486034,0.499701781,-3.500000000,0.090486034,0.424015947,-2.969883898,0.135729461,0.000003951,-0.000000000,0.003948826,0.424011996,-2.969883898,0.131780635,34.028044790,-450.000000000,20.227938958,0.000000000,0.000000000,0.000000000,103.127567013,-120.000000000,120.000000000,-103.127567013,-10.113969479,-10.113969479
1786021564.845907688,59.500338216,0.000000000,NONE,0,0.049885667,0.500000000,-3.500000000,0.000000000,0.002922041,-0.032461595,-0.088087583,0.497077959,-3.467538405,0.088087583,0.407954336,-2.974510864,0.057594117,0.095306020,-1.203331565,0.063998067,0.312648316,-1.771179299,-0.006403950,24.484182477,-450.000000000,7.784832482,0.006040112,0.227020216,-2.754013783,107.067457827,-119.309549065,117.932542173,-105.690450935,-3.892416241,-3.892416241
1786021564.895894766,59.550325316,0.000000000,NONE,0,0.049994321,0.500000000,-3.500000000,0.000000000,0.011013509,-0.119878551,-0.082042282,0.488986491,-3.380121449,0.082042282,0.363439669,-2.979933454,-0.055252346,0.158009810,-2.023923419,0.014506045,0.205429859,-0.956010035,-0.069758392,16.505890604,-450.000000000,4.851070846,0.022427010,0.372952978,-5.526535630,109.755161257,-118.008106559,115.244838743,-106.991893441,-2.425535423,-2.425535423
1786021564.946067095,59.600497887,0.000000000,NONE,0,0.050157386,0.500000000,-3.500000000,0.000000000,0.023059206,-0.230474490,-0.076425977,0.476940794,-3.269525510,0.076425977,0.307951992,-2.983451040,-0.131634181,0.172702840,-2.307086830,-0.094516819,0.135249152,-0.676364210,-0.037117361,11.266670492,-450.000000000,9.053017033,0.042361678,0.395190541,-7.347934240,111.520315937,-117.153651183,113.479684063,-107.846348817,-4.526508517,-4.526508517
1786021564.995927811,59.650358487,0.000000000,NONE,0,0.049866867,0.500000000,-3.500000000,0.000000000,0.037634492,-0.348237783,-0.073667601,0.462365508,-3.151762217,0.073667601,0.253123227,-2.986264633,-0.174249050,0.163887360,-2.386049932,-0.195004896,0.089235867,-0.600214702,0.020755846,7.517056720,-450.000000000,13.614441214,0.061658214,0.362840250,-8.574303643,112.764311731,-116.522840091,112.235688269,-108.477159909,-6.807220607,-6.807220607
1786021565.045903206,59.700333694,0.000000000,NONE,0,0.049981087,0.500000000,-3.500000000,0.000000000,0.053764395,-0.468001746,-0.073581010,0.446235605,-3.031998254,0.073581010,0.203797812,-2.988971171,-0.191571551,0.144999042,-2.406644647,-0.256918996,0.058798770,-0.582326525,0.065347445,4.930900827,-450.000000000,16.469101344,0.078743619,0.312919325,-9.449798136,113.629724327,-116.095174741,111.370275673,-108.904825259,-8.234550672,-8.234550672
1786021565.095887899,59.750318518,0.000000000,NONE,0,0.049991311,0.500000000,-3.500000000,0.000000000,0.070810147,-0.588273971,-0.074942855,0.429189853,-2.911726029,0.074942855,0.161742852,-2.991813928,-0.188482470,0.123032047,-2.412745309,-0.276536251,0.038710805,-0.579068619,0.088053782,3.200385806,-450.000000000,17.622782089,0.093135295,0.258783769,-10.069088579,114.217175693,-115.817368596,110.782824307,-109.182631404,-8.811391044,-8.811391044
1786021565.145851851,59.800282541,0.000000000,NONE,0,0.049951740,0.500000000,-3.500000000,0.000000000,0.088360735,-0.708605083,-0.076622848,0.411639265,-2.791394917,0.076622848,0.127535779,-2.994791215,-0.167839471,0.101851507,-2.415907015,-0.262778274,0.025684272,-0.578884200,0.094938803,2.088430660,-450.000000000,17.790732536,0.104727416,0.204892910,-10.468012300,114.594895410,-115.639110740,110.405104590,-109.360889260,-8.895366268,-8.895366268
1786021565.195912123,59.850342705,0.000000000,NONE,0,0.050062747,0.500000000,-3.500000000,0.000000000,0.102592294,-0.804815980,-0.077757870,0.397407706,-2.695184020,0.077757870,0.105803130,-2.996988227,-0.143078324,0.086882602,-2.417870231,-0.237834453,0.018920529,-0.579117996,0.094756129,1.566844940,-450.000000000,17.638834870,0.112030486,0.163086342,-10.645409312,114.769641093,-115.553063563,110.230358907,-109.446936437,-8.819417435,-8.819417435
1786021565.245957375,59.900387984,0.000000000,TARGET_UPDATED,0,0.050057455,0.500000000,-4.500000000,0.000000000,0.120505795,-0.924976167,-0.078712202,0.379494205,-3.575023833,0.078712202,-0.036402514,-3.000272531,-0.104784149,0.072493649,-2.419644245,-0.199891592,-0.108896163,-0.580628286,0.095107443,-9.120407265,-450.000000000,17.676474448,0.118866644,0.115801687,-10.731355707,117.462940743,-112.902737111,107.537059257,-112.097262889,-8.838237224,-8.838237224
1786021565.295980453,59.950411034,0.000000000,NONE,0,0.049943218,0.500000000,-4.500000000,0.000000000,0.137903231,-1.045092124,-0.079151167,0.362096769,-3.454907876,0.079151167,-0.053861456,-3.001080691,-0.068627047,0.036915584,-2.420697724,-0.161038084,-0.090777040,-0.580382967,0.092411037,-5.194510315,-450.000000000,17.429025958,0.123359094,0.072706781,-10.672124544,116.466658715,-113.869403557,108.533341285,-111.130596443,-8.714512979,-8.714512979
1786021565.345980406,60.000410960,0.000000000,NONE,0,0.050033845,0.500000000,-4.500000000,0.000000000,0.153830520,-1.165299120,-0.079210087,0.346169480,-3.334700880,0.079210087,-0.064068553,-3.001474076,-0.034141303,0.006537726,-2.421266512,-0.126396528,-0.070606279,-0.580207564,0.092255225,-4.003105855,-450.000000000,17.471302427,0.125700860,0.033877195,-10.483748563,116.121713604,-114.120160677,108.878286396,-110.879839323,-8.735651213,-8.735651213
1786021565.396006584,60.050437169,0.000000000,TARGET_UPDATED,0,0.050057863,0.500000000,-4.500000000,0.000000000,0.168803598,-1.285570722,-0.079074430,0.331196402,-3.214429278,0.079074430,-0.068460588,-3.001562385,-0.002262428,-0.012231564,-2.421734144,-0.097236328,-0.056229024,-0.579828241,0.094973900,-3.285574865,-450.000000000,17.721411507,0.126271799,0.002177580,-10.225069348,115.877661053,-114.234873621,109.122338947,-110.765126379,-8.860705754,-8.860705754
1786021565.446001053,60.100431714,0.000000000,NONE,0,0.049972199,0.500000000,-4.500000000,0.000000000,0.183039228,-1.405905274,-0.078884554,0.316960772,-3.094094726,0.078884554,-0.068375035,-3.001434781,0.026746025,-0.024147670,-2.422163074,-0.072740887,-0.044227365,-0.579271707,0.099486911,-2.613067897,-450.000000000,18.075807885,0.125492699,-0.021547405,-9.938033757,115.637775413,-114.331241465,109.362224587,-110.668758535,-9.037903942,-9.037903942
1786021565.495915890,60.150346223,0.000000000,NONE,0,0.049920357,0.500000000,-4.500000000,0.000000000,0.196689824,-1.526300673,-0.078718795,0.303310176,-2.973699327,0.078718795,-0.065213836,-3.001149466,0.052834604,-0.030859548,-2.422595994,-0.051826121,-0.034354289,-0.578553473,0.104660725,-2.043785431,-450.000000000,18.453918120,0.123818074,-0.036226665,-9.669633264,115.428354674,-114.406461958,109.571645326,-110.593538042,-9.226959060,-9.226959060
1786021565.545921087,60.200351577,0.000000000,NONE,0,0.049948923,0.500000000,-4.500000000,0.000000000,0.209894360,-1.646750015,-0.078598441,0.290105640,-2.853249985,0.078598441,-0.060408503,-3.000745583,0.076004058,-0.033790363,-2.423024709,-0.033476722,-0.026618140,-0.577720874,0.109480779,-1.594379614,-450.000000000,18.786914460,0.121708913,-0.042175969,-9.453565815,115.261986357,-114.464796550,109.738013643,-110.535203450,-9.393457230,-9.393457230
1786021565.595948696,60.250379358,0.000000000,NONE,0,0.050077575,0.500000000,-4.500000000,0.000000000,0.222770646,-1.767245700,-0.078511970,0.277229354,-2.732754300,0.078511970,-0.055192543,-3.000260008,0.096244276,-0.034362804,-2.423436150,-0.017209601,-0.020829739,-0.576823857,0.113453877,-1.258125380,-450.000000000,19.050711279,0.119559421,-0.041037069,-9.304969926,115.140773826,-114.511711137,109.859226174,-110.488288863,-9.525355639,-9.525355639
1786021565.646079779,60.300510333,0.000000000,TARGET_UPDATED,0,0.050145989,0.500000000,-5.500000000,0.000000000,0.235416236,-1.887780223,-0.078430734,0.264583764,-3.612219777,0.078430734,-0.133916720,-2.997177246,0.113293741,-0.033694617,-2.423812693,-0.002782419,-0.100222103,-0.573364553,0.116076159,-8.433189039,-450.000000000,19.210135475,0.117657347,-0.034976968,-9.225205145,116.914598546,-112.698004026,108.085401454,-112.301995974,-9.605067738,-9.605067738
1786021565.695931673,60.350362226,0.000000000,NONE,0,0.049836721,0.500000000,-5.500000000,0.000000000,0.245031905,-1.984277242,-0.078354091,0.254968095,-3.515722758,0.078354091,-0.132792608,-2.996773640,0.124609152,-0.050381898,-2.424096002,0.007159277,-0.082410709,-0.572677638,0.117449875,-5.411637124,-450.000000000,19.284493596,0.116427309,-0.028161198,-9.206564514,116.154550409,-113.448731847,108.845449591,-111.551268153,-9.642246798,-9.642246798
1786021565.745915413,60.400345935,0.000000000,NONE,0,0.049985444,0.500000000,-5.500000000,0.000000000,0.255961522,-2.105039475,-0.078244491,0.244038478,-3.394960525,0.078244491,-0.131848516,-2.996309207,0.136095759,-0.068021016,-2.424411130,0.017003002,-0.063827500,-0.571898077,0.119092757,-4.271943646,-450.000000000,19.407774697,0.115308106,-0.019163838,-9.218529328,115.872618244,-113.736646421,109.127381756,-111.263353579,-9.703887348,-9.703887348
1786021565.795923948,60.450354479,0.000000000,NONE,0,0.050030002,0.500000000,-5.500000000,0.000000000,0.268063401,-2.250090239,-0.078120985,0.231936599,-3.249909761,0.078120985,-0.131701570,-2.995837589,0.146093593,-0.082302558,-2.424720048,0.025131816,-0.049399012,-0.571117541,0.120961777,-3.488998290,-450.000000000,19.546122696,0.114564992,-0.008801744,-9.274164543,115.690790708,-113.946291563,109.309209292,-111.053708437,-9.773061348,-9.773061348
1786021565.845965147,60.500395722,0.000000000,NONE,0,0.050024915,0.500000000,-5.500000000,0.000000000,0.275693103,-2.346851082,-0.078051933,0.224306897,-3.153148918,0.078051933,-0.132154928,-2.995595080,0.150507235,-0.089309894,-2.424879345,0.028625436,-0.042845033,-0.570715734,0.121881799,-3.259920148,-450.000000000,19.594606123,0.114385171,-0.003227732,-9.326963160,115.646720827,-114.016760753,109.353279173,-110.983239247,-9.797303062,-9.797303062
1786021565.895998716,60.550429346,0.000000000,NONE,0,0.050026593,0.500000000,-5.500000000,0.000000000,0.284856036,-2.467853867,-0.077989600,0.215143964,-3.032146133,0.077989600,-0.133159600,-2.995393581,0.153529045,-0.097282969,-2.425024436,0.030607160,-0.035876631,-0.570369145,0.122921885,-2.847149510,-450.000000000,19.672886194,0.114434431,0.002371739,-9.398348183,115.561374423,-114.137799668,109.438625577,-110.862200332,-9.836443097,-9.836443097
1786021565.945935011,60.600365718,0.000000000,NONE,0,0.049935649,0.500000000,-5.500000000,0.000000000,0.293675403,-2.588902680,-0.077962267,0.206324597,-2.911097320,0.077962267,-0.134409593,-2.995321310,0.153818306,-0.104035156,-2.425105195,0.030290143,-0.030374437,-0.570216114,0.123528164,-2.562839644,-450.000000000,19.709760474,0.114697974,0.005952895,-9.466698248,115.507384473,-114.225964651,109.492615527,-110.774035349,-9.854880237,-9.854880237
1786021565.996098995,60.650529608,0.000000000,TARGET_UPDATED,0,0.050183564,0.500000000,-5.500000000,0.000000000,0.302237278,-2.709983811,-0.077964048,0.197762722,-2.790016189,0.077964048,-0.135618186,-2.995388330,0.151435937,-0.109526556,-2.425113267,0.027926385,-0.026091630,-0.570275063,0.123509552,-2.346937196,-450.000000000,19.699044670,0.115064663,0.007390862,-9.521961734,115.467224733,-114.293756135,109.532775267,-110.706243865,-9.849522335,-9.849522335
1786021566.046207905,60.700638611,0.000000000,TARGET_UPDATED,0,0.050100754,0.500000000,-6.500000000,0.000000000,0.310605519,-2.831085309,-0.077987037,0.189394481,-3.668914691,0.077987037,-0.194209847,-2.992468170,0.145262650,-0.113888320,-2.425038605,0.023753696,-0.080321527,-0.567429565,0.121508954,-7.692395650,-450.000000000,19.522485979,0.115430509,0.006896091,-9.557847990,116.812560910,-112.966363085,108.187439090,-112.033636915,-9.761242990,-9.761242990
1786021566.095966101,60.750396953,0.000000000,NONE,0,0.049746537,0.500000000,-6.500000000,0.000000000,0.318461038,-2.952239738,-0.078029103,0.181538962,-3.547760262,0.078029103,-0.196389334,-2.992641137,0.138670369,-0.132151305,-2.424890513,0.017648207,-0.064238029,-0.567750624,0.121022162,-5.363868743,-450.000000000,19.521566832,0.115722859,0.005118836,-9.574977075,116.234711454,-113.552777083,108.765288546,-111.447222917,-9.760783416,-9.760783416
1786021566.146070242,60.800500071,0.000000000,NONE,0,0.050024219,0.500000000,-6.500000000,0.000000000,0.325421362,-3.073487869,-0.078088497,0.174578638,-3.426512131,0.078088497,-0.197491788,-2.992915547,0.131048085,-0.147208452,-2.424681533,0.010855256,-0.050283336,-0.568234014,0.120192829,-4.592909979,-450.000000000,19.459726582,0.115901564,0.002677437,-9.576455299,116.042341319,-113.745886330,108.957658681,-111.254113670,-9.729863291,-9.729863291
1786021566.196022034,60.850452531,0.000000000,NONE,0,0.049972480,0.500000000,-6.500000000,0.000000000,0.331805818,-3.194791070,-0.078154944,0.168194182,-3.305208930,0.078154944,-0.197668254,-2.993244829,0.123110099,-0.157626484,-2.424448267,0.004020769,-0.040041770,-0.568796561,0.119089331,-4.056757664,-450.000000000,19.379953872,0.115951060,0.000089251,-9.566121792,115.905719864,-113.877341032,109.094280136,-111.122658968,-9.689976936,-9.689976936
1786021566.246065378,60.900496038,0.000000000,NONE,0,0.050095065,0.500000000,-6.500000000,0.000000000,0.337754951,-3.316132476,-0.078223535,0.162245049,-3.183867524,0.078223535,-0.197021596,-2.993595921,0.115470886,-0.165349437,-2.424212573,-0.002471924,-0.031672160,-0.569383348,0.117942811,-3.581068352,-450.000000000,19.301846844,0.115879682,-0.002267959,-9.548449449,115.782379450,-113.991845274,109.217620550,-111.008154726,-9.650923422,-9.650923422
1786021566.296039581,60.950470102,0.000000000,NONE,0,0.049950218,0.500000000,-6.500000000,0.000000000,0.343368277,-3.437500826,-0.078290755,0.156631723,-3.062499174,0.078290755,-0.195674772,-2.993945500,0.108595441,-0.170988205,-2.423990934,-0.008227703,-0.024686567,-0.569954566,0.116823144,-3.164542387,-450.000000000,19.226859100,0.115709566,-0.004134963,-9.527729575,115.673067990,-114.090796797,109.326932010,-110.909203203,-9.613429550,-9.613429550
1786021566.346111059,61.000541561,0.000000000,NONE,0,0.050020822,0.500000000,-6.500000000,0.000000000,0.348728809,-3.558887336,-0.078352542,0.151271191,-2.941112664,0.078352542,-0.193773637,-2.994276123,0.102836277,-0.174923598,-2.423796104,-0.012948134,-0.018850039,-0.570480019,0.115784410,-2.802671329,-450.000000000,19.158693177,0.115471997,-0.005362832,-9.507997387,115.577667179,-114.176331514,109.422332821,-110.823668486,-9.579346588,-9.579346588
1786021566.396201134,61.050631686,0.000000000,NONE,0,0.049994373,0.500000000,-6.500000000,0.000000000,0.353901935,-3.680285646,-0.078404205,0.146098065,-2.819714354,0.078404205,-0.191457640,-2.994576185,0.098431128,-0.177577940,-2.423635608,-0.016435122,-0.013879700,-0.570940577,0.114866250,-2.479500501,-450.000000000,19.099694067,0.115198983,-0.005961660,-9.491686590,115.492796773,-114.253046522,109.507203227,-110.746953478,-9.549847034,-9.549847034
1786021566.446252823,61.100683386,0.000000000,TARGET_UPDATED,0,0.050221604,0.500000000,-7.500000000,0.000000000,0.358940566,-3.801691075,-0.078442513,0.141059434,-3.698308925,0.078442513,-0.231062290,-2.991886772,0.095228810,-0.179229859,-2.423513843,-0.018608455,-0.051832431,-0.568372928,0.113837264,-6.411360333,-450.000000000,19.028399955,0.114918749,-0.006008913,-9.480338144,116.472924619,-113.267244453,108.527075381,-111.732755547,-9.514199977,-9.514199977
1786021566.496024847,61.150455318,0.000000000,NONE,0,0.049740711,0.500000000,-7.500000000,0.000000000,0.363589995,-3.923134755,-0.078466905,0.136410005,-3.576865245,0.078466905,-0.229903119,-2.992017859,0.093952451,-0.191847502,-2.423434114,-0.019611749,-0.038055617,-0.568583744,0.113564200,-4.527529878,-450.000000000,19.027108947,0.114650358,-0.005670124,-9.473660311,116.000297547,-113.736532608,108.999702453,-111.263467392,-9.513554473,-9.513554473
1786021566.546174526,61.200605021,0.000000000,NONE,0,0.049995514,0.500000000,-7.500000000,0.000000000,0.367596997,-4.044647990,-0.078477836,0.132403003,-3.455352010,0.078477836,-0.228262557,-2.992132758,0.094313288,-0.201381888,-2.423409858,-0.019168077,-0.026880669,-0.568722900,0.113481365,-3.875301661,-450.000000000,19.027980204,0.114392861,-0.005353390,-9.467666217,115.835741969,-113.898091139,109.164258031,-111.101908861,-9.513990102,-9.513990102
1786021566.596170187,61.250600863,0.000000000,TARGET_UPDATED,0,0.050203329,0.500000000,-7.500000000,0.000000000,0.371215702,-4.166201766,-0.078474287,0.128784298,-3.333798234,0.078474287,-0.226362734,-2.992215200,0.096250156,-0.207607614,-2.423407248,-0.017382735,-0.018755120,-0.568807952,0.113632891,-3.408703225,-450.000000000,19.046114489,0.114167197,-0.004552839,-9.469081753,115.719446245,-114.015094632,109.280553755,-110.984905368,-9.523057245,-9.523057245
1786021566.646021366,61.300451885,0.000000000,NONE,0,0.049827901,0.500000000,-7.500000000,0.000000000,0.374557976,-4.287785389,-0.078457838,0.125442024,-3.212214611,0.078457838,-0.224272931,-2.992261595,0.099611100,-0.211983216,-2.423452035,-0.014426104,-0.012289715,-0.568809560,0.114037204,-3.008258238,-450.000000000,19.082353484,0.113975833,-0.003805604,-9.472603325,115.620215391,-114.116086272,109.379784609,-110.883913728,-9.541176742,-9.541176742
1786021566.696039438,61.350469793,0.000000000,NONE,0,0.050001293,0.500000000,-7.500000000,0.000000000,0.377706975,-4.409392036,-0.078430526,0.122293025,-3.090607964,0.078430526,-0.222035712,-2.992274835,0.104076835,-0.214896659,-2.423540944,-0.010565272,-0.007139053,-0.568733891,0.114642107,-2.678508848,-450.000000000,19.131546334,0.113818375,-0.003071370,-9.478731132,115.539309995,-114.200055571,109.460690005,-110.799944429,-9.565773167,-9.565773167
1786021566.746048212,61.400478908,0.000000000,NONE,0,0.049959152,0.500000000,-7.500000000,0.000000000,0.380728548,-4.531015971,-0.078394251,0.119271452,-2.968984029,0.078394251,-0.219659602,-2.992263745,0.109247742,-0.216677905,-2.423655026,-0.006130958,-0.002981697,-0.568608719,0.115378700,-2.398871066,-450.000000000,19.188636159,0.113686576,-0.002551636,-9.484743956,115.470903756,-114.271468222,109.529096244,-110.728531778,-9.594318080,-9.594318080
1786021566.796078444,61.450508948,0.000000000,NONE,0,0.050051093,0.500000000,-7.500000000,0.000000000,0.383676638,-4.652652920,-0.078350985,0.116323362,-2.847347080,0.078350985,-0.217150719,-2.992240622,0.114691326,-0.217509380,-2.423789278,-0.001486674,0.000358661,-0.568451344,0.116177999,-2.162637366,-450.000000000,19.248720281,0.113574036,-0.002166679,-9.490959337,115.413399176,-114.332080493,109.586600824,-110.667919507,-9.624360141,-9.624360141
1786021566.846366405,61.500797062,0.000000000,TARGET_UPDATED,0,0.050320926,0.500000000,-8.500000000,0.000000000,0.386594465,-4.774298998,-0.078303106,0.113405535,-3.725701002,0.078303106,-0.247858921,-2.989630974,0.120283798,-0.217576431,-2.423929021,0.003020957,-0.030282490,-0.565701953,0.117262841,-5.358720111,-450.000000000,19.333198356,0.113472754,-0.001973262,-9.496211037,116.213732787,-113.534372731,108.786267213,-111.465627269,-9.666599178,-9.666599178
1786021566.895915508,61.550346235,0.000000000,NONE,0,0.049597863,0.500000000,-8.500000000,0.000000000,0.389264085,-4.895979641,-0.078253258,0.110735915,-3.604020359,0.078253258,-0.246672172,-2.989529297,0.125081823,-0.226711944,-2.424068152,0.007131800,-0.019960228,-0.565461144,0.117950023,-3.894848749,-450.000000000,19.376522792,0.113374785,-0.001961426,-9.499738114,115.848646716,-113.901222341,109.151353284,-111.098777659,-9.688261396,-9.688261396
1786021566.946054459,61.600485113,0.000000000,NONE,0,0.050047073,0.500000000,-8.500000000,0.000000000,0.391516075,-5.017713830,-0.078205708,0.108483925,-3.482286170,0.078205708,-0.245130886,-2.989483678,0.129071635,-0.232600134,-2.424194110,0.010444992,-0.012530752,-0.565289568,0.118626643,-3.472902790,-450.000000000,19.426519255,0.113274310,-0.002078908,-9.501863431,115.743691555,-114.007240160,109.256308445,-110.992759840,-9.713259628,-9.713259628
1786021566.996001482,61.650432067,0.000000000,NONE,0,0.049991997,0.500000000,-8.500000000,0.000000000,0.393545245,-5.139478680,-0.078166306,0.106454755,-3.360521320,0.078166306,-0.243335612,-2.989496831,0.132075411,-0.236088390,-2.424304417,0.012822158,-0.007247222,-0.565192414,0.119253253,-3.157001093,-450.000000000,19.472377325,0.113167649,-0.002274688,-9.502687729,115.664922206,-114.086421659,109.335077794,-110.913578341,-9.736188662,-9.736188662
1786021567.045997381,61.700428028,0.000000000,NONE,0,0.050002094,0.500000000,-8.500000000,0.000000000,0.395434648,-5.261263496,-0.078138422,0.104565352,-3.238736504,0.078138422,-0.241311583,-2.989574898,0.133971183,-0.238067341,-2.424392501,0.014217823,-0.003244242,-0.565182398,0.119753360,-2.895739602,-450.000000000,19.507846278,0.113052435,-0.002508066,-9.502442540,115.599545536,-114.151675735,109.400454464,-110.848324265,-9.753923139,-9.753923139
1786021567.095946789,61.750377375,0.000000000,NONE,0,0.049965831,0.500000000,-8.500000000,0.000000000,0.397248994,-5.383059288,-0.078122773,0.102751006,-3.116940712,0.078122773,-0.239076050,-2.989721145,0.134693147,-0.238821701,-2.424453686,0.014627180,-0.000254348,-0.565267460,0.120065968,-2.685339178,-450.000000000,19.528983117,0.112927451,-0.002744475,-9.501364692,115.546675968,-114.204006378,109.453324032,-110.795993622,-9.764491559,-9.764491559
1786021567.145941019,61.800371603,0.000000000,NONE,0,0.049964433,0.500000000,-8.500000000,0.000000000,0.399040312,-5.504858269,-0.078118238,0.100959688,-2.995141731,0.078118238,-0.236641971,-2.989935540,0.134225834,-0.238596606,-2.424484487,0.014071177,0.001954635,-0.565451053,0.120154657,-2.513140560,-450.000000000,19.533711681,0.112792473,-0.002956805,-9.499714441,115.503213750,-114.246643470,109.496786250,-110.753356530,-9.766855841,-9.766855841
1786021567.196112871,61.850543446,0.000000000,TARGET_UPDATED,0,0.050231223,0.500000000,-8.500000000,0.000000000,0.400849698,-5.626653760,-0.078122950,0.099150302,-2.873346240,0.078122950,-0.234018670,-2.990214089,0.132616576,-0.237592582,-2.424481418,0.012598299,0.003573912,-0.565732670,0.120018278,-2.368969166,-450.000000000,19.522689440,0.112648160,-0.003126147,-9.497792859,115.466690506,-114.282205923,109.533309494,-110.717794077,-9.761344720,-9.761344720
1786021567.246040106,61.900470707,0.000000000,NONE,0,0.049863005,0.500000000,-8.500000000,0.000000000,0.402709621,-5.748440052,-0.078135213,0.097290379,-2.751559948,0.078135213,-0.231212772,-2.990547540,0.130009876,-0.235970537,-2.424443490,0.010319449,0.004757765,-0.566104050,0.119690427,-2.244040936,-450.000000000,19.498863979,0.112495897,-0.003242757,-9.495664469,115.434926351,-114.312905883,109.565073649,-110.687094117,-9.749431990,-9.749431990
1786021567.296000004,61.950430694,0.000000000,TARGET_UPDATED,0,0.050006567,0.500000000,-9.500000000,0.000000000,0.404251861,-5.845859230,-0.078149795,0.095748139,-3.654140770,0.078149795,-0.258330934,-2.988443852,0.127318895,-0.234284222,-2.424390416,0.008024951,-0.024046712,-0.564053435,0.119293945,-5.205965864,-450.000000000,19.472739347,0.112369798,-0.003288437,-9.496358231,116.175581024,-113.572598092,108.824418976,-111.427401908,-9.736369673,-9.736369673
1786021567.346090555,62.000520990,0.000000000,NONE,0,0.050066213,0.500000000,-9.500000000,0.000000000,0.406090648,-5.967637518,-0.078172388,0.093909352,-3.532362482,0.078172388,-0.256881202,-2.988732832,0.123440997,-0.239383646,-2.424303835,0.004758838,-0.017497557,-0.564428997,0.118682159,-4.070999524,-450.000000000,19.428594416,0.112207807,-0.003358703,-9.493931932,115.891232864,-113.855733102,109.108767136,-111.144266898,-9.714297208,-9.714297208
1786021567.395971537,62.050402250,0.000000000,TARGET_UPDATED,0,0.049922810,0.500000000,-9.500000000,0.000000000,0.407610403,-6.089443897,-0.078198808,0.092389597,-3.410556103,0.078198808,-0.255036744,-2.989061280,0.119280306,-0.243719327,-2.424192378,0.001203695,-0.011317417,-0.564868903,0.118076611,-3.662446714,-450.000000000,19.389243212,0.112033802,-0.003554656,-9.489238107,115.787921205,-113.956697848,109.212078795,-111.043302152,-9.694621606,-9.694621606
1786021567.446002722,62.100433284,0.000000000,NONE,0,0.049974938,0.500000000,-9.500000000,0.000000000,0.408977685,-6.211260076,-0.078229176,0.091022315,-3.288739924,0.078229176,-0.252924801,-2.989404290,0.115154663,-0.245598855,-2.424085825,-0.002331660,-0.007325946,-0.565318465,0.117486323,-3.415889491,-450.000000000,19.351176760,0.111859358,-0.003445023,-9.487559243,115.725862183,-114.017917438,109.274137817,-110.982082562,-9.675588380,-9.675588380
1786021567.495889187,62.150319706,0.000000000,NONE,0,0.049914216,0.500000000,-9.500000000,0.000000000,0.410269156,-6.333077331,-0.078261355,0.089730844,-3.166922669,0.078261355,-0.250598834,-2.989746189,0.111350078,-0.246255858,-2.423976892,-0.005564942,-0.004342975,-0.565769296,0.116915020,-3.201256956,-450.000000000,19.314469397,0.111691282,-0.003265638,-9.487056931,115.672078472,-114.071449994,109.327921528,-110.928550006,-9.657234699,-9.657234699
1786021567.545899868,62.200330404,0.000000000,NONE,0,0.050037478,0.500000000,-9.500000000,0.000000000,0.411534867,-6.454890537,-0.078291928,0.088465133,-3.045109463,0.078291928,-0.248083780,-2.990077022,0.108099481,-0.246020827,-2.423876737,-0.008277102,-0.002062952,-0.566200285,0.116376583,-3.018871482,-450.000000000,19.280375483,0.111532248,-0.003063096,-9.487521202,115.626598171,-114.117162430,109.373401829,-110.882837570,-9.640187742,-9.640187742
1786021567.596023798,62.250454510,0.000000000,TARGET_UPDATED,0,0.050119364,0.500000000,-9.500000000,0.000000000,0.412555964,-6.552335717,-0.078313007,0.087444036,-2.947664283,0.078313007,-0.245946563,-2.990329187,0.106022295,-0.245302808,-2.423807790,-0.009977568,-0.000643755,-0.566521397,0.115999863,-2.900617235,-450.000000000,19.260156166,0.111412343,-0.002905842,-9.490669201,115.597821609,-114.147512991,109.402178391,-110.852487009,-9.630078083,-9.630078083
1786021567.645973444,62.300403937,0.000000000,NONE,0,0.049899639,0.500000000,-9.500000000,0.000000000,0.413601940,-6.649774736,-0.078329599,0.086398060,-2.850225264,0.078329599,-0.243700249,-2.990568107,0.104486929,-0.244281471,-2.423751672,-0.011183976,0.000581222,-0.566816436,0.115670905,-2.778401683,-450.000000000,19.240939178,0.111298245,-0.002799894,-9.493708340,115.568027506,-114.178826664,109.431972494,-110.821173336,-9.620469589,-9.620469589
1786021567.695921421,62.350352000,0.000000000,TARGET_UPDATED,0,0.049989916,0.500000000,-10.500000000,0.000000000,0.414961490,-6.771563780,-0.078342316,0.085038510,-3.728436220,0.078342316,-0.265698353,-2.988739406,0.103201561,-0.242653769,-2.423702322,-0.011968041,-0.023044584,-0.565037084,0.115169602,-5.228250783,-450.000000000,19.205290939,0.111159959,-0.002762501,-9.494133161,116.180595986,-113.566470594,108.819404014,-111.433529406,-9.602645470,-9.602645470
1786021567.746097326,62.400527926,0.000000000,NONE,0,0.050175112,0.500000000,-10.500000000,0.000000000,0.415976913,-6.869000690,-0.078346478,0.084023087,-3.630999310,0.078346478,-0.264350698,-2.988866304,0.102994211,-0.246886437,-2.423682118,-0.012115379,-0.017464261,-0.565184186,0.115109590,-4.275964873,-450.000000000,19.212809911,0.111050564,-0.002759084,-9.496559626,115.943131125,-113.805148688,109.056868875,-111.194851312,-9.606404955,-9.606404955
1786021567.796106815,62.450537493,0.000000000,TARGET_UPDATED,0,0.050021993,0.500000000,-10.500000000,0.000000000,0.416991630,-6.990823003,-0.078345386,0.083008370,-3.509176997,0.078345386,-0.262352866,-2.989021839,0.103585330,-0.250955277,-2.423676645,-0.011589951,-0.011397589,-0.565345193,0.115175281,-3.851988961,-450.000000000,19.222798268,0.110913432,-0.002803237,-9.496243827,115.837058197,-113.911063716,109.162941803,-111.088936284,-9.611399134,-9.611399134
1786021567.845961332,62.500391766,0.000000000,NONE,0,0.049817827,0.500000000,-10.500000000,0.000000000,0.417702507,-7.088291183,-0.078339325,0.082297493,-3.411708817,0.078339325,-0.260571150,-2.989137886,0.104717408,-0.252351390,-2.423693712,-0.010603496,-0.008219760,-0.565444174,0.115320904,-3.674568892,-450.000000000,19.237474234,0.110804908,-0.002775293,-9.498881421,115.793362578,-113.956078132,109.206637422,-111.043921868,-9.618737117,-9.618737117
1786021567.896315813,62.550746625,0.000000000,NONE,0,0.050367627,0.500000000,-10.500000000,0.000000000,0.418364490,-7.185764329,-0.078328963,0.081635510,-3.314235671,0.078328963,-0.258639229,-2.989246560,0.106374173,-0.253122208,-2.423721477,-0.009176017,-0.005517021,-0.565525083,0.115550190,-3.474821380,-450.000000000,19.258063345,0.110694363,-0.002856699,-9.500374612,115.743798998,-114.006388308,109.256201002,-110.993611692,-9.629031673,-9.629031673
1786021567.945995331,62.600425930,0.000000000,NONE,0,0.049706893,0.500000000,-10.500000000,0.000000000,0.418996891,-7.283240884,-0.078314929,0.081003109,-3.216759116,0.078314929,-0.256558369,-2.989349964,0.108463622,-0.253397499,-2.423764176,-0.007389359,-0.003160870,-0.565585788,0.115852981,-3.288648699,-450.000000000,19.283677417,0.110579671,-0.002972319,-9.501036172,115.697421218,-114.053096868,109.302578782,-110.946903132,-9.641838708,-9.641838708
1786021567.995944977,62.650375500,0.000000000,TARGET_UPDATED,0,0.049940991,0.500000000,-10.500000000,0.000000000,0.419774595,-7.405088875,-0.078293186,0.080225405,-3.094911125,0.078293186,-0.253755565,-2.989475606,0.111516004,-0.253128735,-2.423833084,-0.004792304,-0.000626830,-0.565642522,0.116308308,-3.065050287,-450.000000000,19.321480331,0.110428618,-0.003138756,-9.498317400,115.640841922,-114.108316778,109.359158078,-110.891683222,-9.660740166,-9.660740166
1786021568.045904398,62.700335051,0.000000000,NONE,0,0.049968588,0.500000000,-10.500000000,0.000000000,0.420568138,-7.526936701,-0.078267471,0.079431862,-2.973063299,0.078267471,-0.250745962,-2.989602327,0.114836539,-0.252188794,-2.423912621,-0.001945760,0.001442832,-0.565689706,0.116782299,-2.877724223,-450.000000000,19.357945891,0.110270029,-0.003235221,-9.495685670,115.593352473,-114.154490362,109.406647527,-110.845509638,-9.678972946,-9.678972946
1786021568.096138954,62.750569569,0.000000000,NONE,0,0.050004998,0.500000000,-10.500000000,0.000000000,0.421232985,-7.624413075,-0.078244442,0.078767015,-2.875586925,0.078244442,-0.248206429,-2.989708448,0.117524032,-0.251054482,-2.423979356,0.000372107,0.002848053,-0.565729092,0.117151925,-2.746211120,-450.000000000,19.384654751,0.110140443,-0.003245914,-9.496227023,115.560609536,-114.187503976,109.439390464,-110.812496024,-9.692327375,-9.692327375
1786021568.145938635,62.800369236,0.000000000,NONE,0,0.049981012,0.500000000,-10.500000000,0.000000000,0.422114628,-7.746254911,-0.078215176,0.077885372,-2.753745089,0.078215176,-0.244874370,-2.989853641,0.120732667,-0.249467387,-2.424062032,0.003082100,0.004593017,-0.565791609,0.117650567,-2.556210669,-450.000000000,19.425084744,0.109976719,-0.003260957,-9.493972208,115.512545719,-114.234440385,109.487454281,-110.765559615,-9.712542372,-9.712542372
1786021568.195976496,62.850407071,0.000000000,TARGET_UPDATED,0,0.050082730,0.500000000,-11.500000000,0.000000000,0.423063370,-7.868091453,-0.078188689,0.076936630,-3.631908547,0.078188689,-0.265410866,-2.987981247,0.123614125,-0.247582332,-2.424139138,0.005477042,-0.017828534,-0.563842109,0.118137083,-4.884468295,-450.000000000,19.461836745,0.109811611,-0.003236806,-9.492004362,116.094118164,-113.651884017,108.905881836,-111.348115983,-9.730918373,-9.730918373
1786021568.246515512,62.900946083,0.000000000,NONE,0,0.050533771,0.500000000,-11.500000000,0.000000000,0.423947611,-7.989936946,-0.078165696,0.076052389,-3.510063054,0.078165696,-0.263315672,-2.988067768,0.125948754,-0.251672883,-2.424207586,0.007427396,-0.011642789,-0.563860183,0.118521359,-3.890673350,-450.000000000,19.489620830,0.109648643,-0.003157197,-9.490844922,115.845379568,-113.900042893,109.154620432,-111.099957107,-9.744810415,-9.744810415
1786021568.295844555,62.950275070,0.000000000,NONE,0,0.049327146,0.500000000,-11.500000000,0.000000000,0.424573202,-8.111812055,-0.078147364,0.075426798,-3.388187945,0.078147364,-0.260937440,-2.988205382,0.127597111,-0.255145117,-2.424259638,0.008799511,-0.005792323,-0.563945744,0.118797600,-3.484113529,-450.000000000,19.509883538,0.109490824,-0.003043310,-9.490160069,115.743568399,-114.001511635,109.256431601,-110.998488365,-9.754941769,-9.754941769
1786021568.346175909,63.000606575,0.000000000,NONE,0,0.050067337,0.500000000,-11.500000000,0.000000000,0.425082252,-8.233700311,-0.078134333,0.074917748,-3.266299689,0.078134333,-0.258367977,-2.988389123,0.128501477,-0.256483374,-2.424295275,0.009546592,-0.001884604,-0.564093848,0.118954885,-3.226600160,-450.000000000,19.521412636,0.109339742,-0.002910693,-9.490348330,115.679237123,-114.065937042,109.320762877,-110.934062958,-9.760706318,-9.760706318
1786021568.396019697,63.050450228,0.000000000,TARGET_UPDATED,0,0.050125731,0.500000000,-11.500000000,0.000000000,0.425539998,-8.355593722,-0.078127262,0.074460002,-3.144406278,0.078127262,-0.255646881,-2.988617289,0.128627679,-0.256805639,-2.424313371,0.009633781,0.001158757,-0.564303917,0.118993898,-2.994581015,-450.000000000,19.524762757,0.109197621,-0.002745109,-9.491581699,115.621540679,-114.124250171,109.378459321,-110.875749829,-9.762381379,-9.762381379
1786021568.445954561,63.100385071,0.000000000,NONE,0,0.049895913,0.500000000,-11.500000000,0.000000000,0.425989732,-8.477486302,-0.078126453,0.074010268,-3.022513698,0.078126453,-0.252783608,-2.988888105,0.127991276,-0.256328490,-2.424308498,0.009078594,0.003544882,-0.564579607,0.118912682,-2.794770949,-450.000000000,19.519638193,0.109061755,-0.002658396,-9.492463063,115.571808503,-114.174423028,109.428191497,-110.825576972,-9.759819097,-9.759819097
1786021568.495934963,63.150365584,0.000000000,NONE,0,0.049990468,0.500000000,-11.500000000,0.000000000,0.426466940,-8.599373151,-0.078131889,0.073533060,-2.900626849,0.078131889,-0.249783537,-2.989197292,0.126661224,-0.255208448,-2.424284038,0.007936946,0.005424911,-0.564913254,0.118724278,-2.620122436,-450.000000000,19.507276425,0.108929887,-0.002606654,-9.493321960,115.528361099,-114.218299881,109.471638901,-110.781700119,-9.753638212,-9.753638212
1786021568.545912743,63.200343341,0.000000000,NONE,0,0.049982689,0.500000000,-11.500000000,0.000000000,0.426998797,-8.721250329,-0.078143093,0.073001203,-2.778749671,0.078143093,-0.246646801,-2.989538306,0.124761140,-0.253592396,-2.424241254,0.006316905,0.006945595,-0.565297052,0.118444235,-2.461607612,-450.000000000,19.488799442,0.108800292,-0.002584854,-9.494048644,115.488914064,-114.258110258,109.511085936,-110.741889742,-9.744399721,-9.744399721
1786021568.596010923,63.250441627,0.000000000,TARGET_UPDATED,0,0.050104773,0.500000000,-12.500000000,0.000000000,0.427478958,-8.818742899,-0.078155589,0.072521042,-3.681257101,0.078155589,-0.265985698,-2.987951084,0.123059311,-0.251964535,-2.424196202,0.004764485,-0.014021163,-0.563754882,0.118294826,-4.641774845,-450.000000000,19.483925250,0.108697148,-0.002586475,-9.496673347,116.034612048,-113.713724626,108.965387952,-111.286275374,-9.741962625,-9.741962625
1786021568.645891666,63.300322241,0.000000000,NONE,0,0.049867641,0.500000000,-12.500000000,0.000000000,0.428032461,-8.940609295,-0.078173823,0.071967539,-3.559390705,0.078173823,-0.264094487,-2.988223485,0.120517997,-0.255307837,-2.424132230,0.002677021,-0.008786650,-0.564091255,0.117840975,-3.756673422,-450.000000000,19.448974785,0.108566664,-0.002652198,-9.496405389,115.813269703,-113.934932992,109.186730297,-111.065067008,-9.724487393,-9.724487393
1786021568.695927858,63.350358324,0.000000000,NONE,0,0.050047775,0.500000000,-12.500000000,0.000000000,0.428365585,-9.062494419,-0.078192900,0.071634415,-3.437505581,0.078192900,-0.261927954,-2.988521615,0.117852008,-0.258167051,-2.424061119,0.000465576,-0.003760903,-0.564460496,0.117386432,-3.405405985,-450.000000000,19.420113146,0.108431706,-0.002733328,-9.495650959,115.725264236,-114.022561244,109.274735764,-110.977438756,-9.710056573,-9.710056573
1786021568.746038198,63.400468930,0.000000000,NONE,0,0.049981573,0.500000000,-12.500000000,0.000000000,0.428608864,-9.184383970,-0.078212828,0.071391136,-3.315616030,0.078212828,-0.259556907,-2.988830341,0.115270166,-0.259015228,-2.423990807,-0.001709587,-0.000541679,-0.564839534,0.116979753,-3.189292232,-450.000000000,19.395514650,0.108292374,-0.002792181,-9.494741063,115.671008324,-114.076362208,109.328991676,-110.923637792,-9.697757325,-9.697757325
1786021568.796258450,63.450689283,0.000000000,TARGET_UPDATED,0,0.050360989,0.500000000,-12.500000000,0.000000000,0.428827350,-9.306271061,-0.078232637,0.071172650,-3.193728939,0.078232637,-0.257012061,-2.989139969,0.112950526,-0.258792814,-2.423925554,-0.003670502,0.001780753,-0.565214416,0.116621027,-3.005482527,-450.000000000,19.374353886,0.108150305,-0.002820332,-9.493987157,115.624867421,-114.122126157,109.375132579,-110.877873843,-9.687176943,-9.687176943
1786021568.845928669,63.500359422,0.000000000,NONE,0,0.049648633,0.500000000,-12.500000000,0.000000000,0.429062892,-9.428151569,-0.078250413,0.070937108,-3.071848431,0.078250413,-0.254307885,-2.989443894,0.111039355,-0.257805884,-2.423869760,-0.005273690,0.003497999,-0.565574135,0.116313045,-2.847927986,-450.000000000,19.356602400,0.108006892,-0.002820688,-9.493235340,115.585290832,-114.161326839,109.414709168,-110.838673161,-9.678301200,-9.678301200
1786021568.895972252,63.550402868,0.000000000,NONE,0,0.050050599,0.500000000,-12.500000000,0.000000000,0.429348950,-9.550022456,-0.078264216,0.070651050,-2.949977544,0.078264216,-0.251455031,-2.989737334,0.109649156,-0.256207097,-2.423826716,-0.006424163,0.004752066,-0.565910618,0.116073319,-2.713266136,-450.000000000,19.344139883,0.107863781,-0.002793794,-9.492852744,115.551529720,-114.194896652,109.448470280,-110.805103348,-9.672069942,-9.672069942
1786021568.945946693,63.600377298,0.000000000,NONE,0,0.049939579,0.500000000,-12.500000000,0.000000000,0.429710814,-9.671881697,-0.078272455,0.070289186,-2.828118303,0.078272455,-0.248458414,-2.990017317,0.108856147,-0.254159057,-2.423798703,-0.007059583,0.005700643,-0.566218614,0.115915730,-2.590807335,-450.000000000,19.337637126,0.107722437,-0.002749750,-9.492744894,115.520888057,-114.225484390,109.479111943,-110.774515610,-9.668818563,-9.668818563
1786021568.995978832,63.650409185,0.000000000,TARGET_UPDATED,0,0.050085342,0.500000000,-13.500000000,0.000000000,0.430168171,-9.793727949,-0.078274369,0.069831829,-3.706272051,0.078274369,-0.266117852,-2.988504477,0.108663488,-0.251757697,-2.423787038,-0.007159764,-0.014360156,-0.564717439,0.115823252,-4.647836365,-450.000000000,19.335373378,0.107583834,-0.002697168,-9.492959177,116.035198885,-113.711280703,108.964801115,-111.288719297,-9.667686689,-9.667686689
1786021569.045877457,63.700308090,0.000000000,NONE,0,0.049874553,0.500000000,-13.500000000,0.000000000,0.430568577,-9.915578573,-0.078270067,0.069431423,-3.584421427,0.078270067,-0.264236703,-2.988656190,0.109073834,-0.255396082,-2.423793862,-0.006788443,-0.008840621,-0.564862328,0.115862277,-3.758090704,-450.000000000,19.343623283,0.107448060,-0.002649122,-9.493295619,115.812846581,-113.933801229,109.187153419,-111.066198771,-9.671811641,-9.671811641
1786021569.095894814,63.750325370,0.000000000,NONE,0,0.050024085,0.500000000,-13.500000000,0.000000000,0.430803645,-10.037445967,-0.078260302,0.069196355,-3.462554033,0.078260302,-0.262104417,-2.988808082,0.110036538,-0.257010766,-2.423815307,-0.005984675,-0.005093651,-0.564992776,0.116021213,-3.515625902,-450.000000000,19.360045470,0.107314882,-0.002606479,-9.493804455,115.752357589,-113.994544638,109.247642411,-111.005455362,-9.680022735,-9.680022735
1786021569.145923853,63.800354498,0.000000000,NONE,0,0.050026932,0.500000000,-13.500000000,0.000000000,0.430988002,-10.159318548,-0.078246202,0.069011998,-3.340681452,0.078246202,-0.259783895,-2.988956669,0.111471564,-0.257313160,-2.423851813,-0.004798739,-0.002470735,-0.565104856,0.116270303,-3.323013625,-450.000000000,19.382192036,0.107184188,-0.002574787,-9.494390018,115.704350911,-114.042844098,109.295649089,-110.957155902,-9.691096018,-9.691096018
1786021569.196040869,63.850471591,0.000000000,TARGET_UPDATED,0,0.050114968,0.500000000,-13.500000000,0.000000000,0.431128865,-10.256817575,-0.078232419,0.068871135,-3.243182425,0.078232419,-0.257800679,-2.989074748,0.112878958,-0.256962816,-2.423889299,-0.003630929,-0.000837863,-0.565185449,0.116509887,-3.195942273,-450.000000000,19.401683904,0.107080985,-0.002560721,-9.497007140,115.673237353,-114.075266217,109.326762647,-110.924733783,-9.700841952,-9.700841952
1786021569.245960236,63.900390913,0.000000000,NONE,0,0.049907768,0.500000000,-13.500000000,0.000000000,0.431322905,-10.378690174,-0.078213360,0.068677095,-3.121309826,0.078213360,-0.255163761,-2.989225053,0.114843488,-0.256100759,-2.423943485,-0.002027095,0.000936998,-0.565281568,0.116870583,-3.021920036,-450.000000000,19.432295606,0.106951868,-0.002600444,-9.496955999,115.629719009,-114.118758991,109.370280991,-110.881241009,-9.716147803,-9.716147803
1786021569.296046734,63.950477480,0.000000000,NONE,0,0.050033890,0.500000000,-13.500000000,0.000000000,0.431559297,-10.500559354,-0.078193717,0.068440703,-2.999440646,0.078193717,-0.252346295,-2.989383415,0.116898360,-0.254718818,-2.424001891,-0.000339624,0.002372523,-0.565381524,0.117237985,-2.874388991,-450.000000000,19.461062438,0.106820013,-0.002660478,-9.496496498,115.592721372,-114.155526877,109.407278628,-110.844473123,-9.730531219,-9.730531219
1786021569.346117735,64.000548104,0.000000000,NONE,0,0.050004079,0.500000000,-13.500000000,0.000000000,0.431862072,-10.622422652,-0.078173695,0.068137928,-2.877577348,0.078173695,-0.249352813,-2.989554578,0.118897590,-0.252908043,-2.424060075,0.001320565,0.003555230,-0.565494503,0.117577024,-2.736733009,-450.000000000,19.487172051,0.106685348,-0.002709199,-9.495905545,115.558159639,-114.189793134,109.441840361,-110.810206866,-9.743586025,-9.743586025
1786021569.396328449,64.050759048,0.000000000,TARGET_UPDATED,0,0.050194627,0.500000000,-13.500000000,0.000000000,0.432248159,-10.744278163,-0.078154181,0.067751841,-2.755721837,0.078154181,-0.246184539,-2.989743447,0.120708179,-0.250790064,-2.424114037,0.002827271,0.004605525,-0.565629410,0.117880908,-2.601431873,-450.000000000,19.510676239,0.106548286,-0.002741956,-9.495309303,115.524185294,-114.223469357,109.475814706,-110.776530643,-9.755338120,-9.755338120
1786021569.446002960,64.100433468,0.000000000,TARGET_UPDATED,0,0.049819685,0.500000000,-14.500000000,0.000000000,0.432730419,-10.866124228,-0.078136572,0.067269581,-3.633875772,0.078136572,-0.263839938,-2.988178459,0.122126841,-0.248431304,-2.424160374,0.004078820,-0.015408635,-0.564018085,0.118048021,-4.654883530,-450.000000000,19.522615011,0.106409403,-0.002759052,-9.494630274,116.037378451,-113.709936686,108.962621549,-111.290063314,-9.761307506,-9.761307506
1786021569.496125698,64.150556218,0.000000000,NONE,0,0.050032286,0.500000000,-14.500000000,0.000000000,0.433182656,-10.987973929,-0.078122475,0.066817344,-3.512026071,0.078122475,-0.261794264,-2.988312814,0.123216531,-0.251533550,-2.424197772,0.004942107,-0.010260714,-0.564115041,0.118274424,-3.790345770,-450.000000000,19.542592738,0.106269522,-0.002763201,-9.494032075,115.821094461,-113.925921576,109.178905539,-111.074078424,-9.771296369,-9.771296369
1786021569.545975924,64.200406457,0.000000000,NONE,0,0.049903970,0.500000000,-14.500000000,0.000000000,0.433439660,-11.109844167,-0.078113174,0.066560340,-3.390155833,0.078113174,-0.259464948,-2.988490479,0.123819822,-0.253926726,-2.424220589,0.005401984,-0.005538222,-0.564269891,0.118417838,-3.457473400,-450.000000000,19.553935141,0.106129652,-0.002753232,-9.493534821,115.737752055,-114.009015355,109.262247945,-110.990984645,-9.776967571,-9.776967571
1786021569.596098900,64.250529565,0.000000000,TARGET_UPDATED,0,0.050163350,0.500000000,-14.500000000,0.000000000,0.433619871,-11.231721583,-0.078108689,0.066380129,-3.268278417,0.078108689,-0.256926708,-2.988705175,0.123924262,-0.254636321,-2.424229928,0.005465655,-0.002290388,-0.564475247,0.118458608,-3.230020015,-450.000000000,19.557699101,0.105990505,-0.002731737,-9.493251624,115.680817910,-114.065807902,109.319182090,-110.934192098,-9.778849550,-9.778849550
1786021569.645976782,64.300407473,0.000000000,NONE,0,0.049860589,0.500000000,-14.500000000,0.000000000,0.433774577,-11.353599947,-0.078108804,0.066225423,-3.146400053,0.078108804,-0.254206786,-2.988953721,0.123538591,-0.254517931,-2.424224448,0.005136746,0.000311145,-0.564729273,0.118401845,-3.020168802,-450.000000000,19.554726315,0.105852645,-0.002704805,-9.493047904,115.628304176,-114.118219775,109.371695824,-110.881780225,-9.777363158,-9.777363158
1786021569.696022034,64.350452686,0.000000000,NONE,0,0.050018051,0.500000000,-14.500000000,0.000000000,0.433938099,-11.475474846,-0.078113173,0.066061901,-3.024525154,0.078113173,-0.251320344,-2.989232178,0.122710328,-0.253762347,-2.424204366,0.004451876,0.002442003,-0.565027812,0.118258451,-2.832221733,-450.000000000,19.545917917,0.105716430,-0.002675358,-9.493020655,115.581310597,-114.165199730,109.418689403,-110.834800270,-9.772958958,-9.772958958
1786021569.745941162,64.400371916,0.000000000,NONE,0,0.049944871,0.500000000,-14.500000000,0.000000000,0.434137861,-11.597342690,-0.078121295,0.065862139,-2.902657310,0.078121295,-0.248277479,-2.989535500,0.121521164,-0.252509958,-2.424171395,0.003476749,0.004232479,-0.565364105,0.118044415,-2.658919865,-450.000000000,19.532464577,0.105582046,-0.002647390,-9.493096216,115.538004020,-114.208544088,109.461995980,-110.791455912,-9.766232288,-9.766232288
1786021569.796245337,64.450675786,0.000000000,TARGET_UPDATED,0,0.050218806,0.500000000,-14.500000000,0.000000000,0.434395761,-11.719200630,-0.078132489,0.065604239,-2.780799370,0.078132489,-0.245083207,-2.989858039,0.120077766,-0.250855002,-2.424128371,0.002299007,0.005771795,-0.565729668,0.117778759,-2.496434303,-450.000000000,19.515821537,0.105449453,-0.002623332,-9.493320389,115.497438673,-114.249221521,109.502561327,-110.750778479,-9.757910768,-9.757910768
1786021569.846092701,64.500523192,0.000000000,TARGET_UPDATED,0,0.049926550,0.500000000,-15.500000000,0.000000000,0.434729876,-11.841046413,-0.078145881,0.065270124,-3.658953587,0.078145881,-0.261784280,-2.988503584,0.118556195,-0.248864807,-2.424078883,0.001019082,-0.012919473,-0.564424701,0.117537112,-4.427087914,-450.000000000,19.502290301,0.105318413,-0.002605965,-9.493527211,115.980153781,-113.766609824,109.019846219,-111.233390176,-9.751145151,-9.751145151
1786021569.895957708,64.550388407,0.000000000,NONE,0,0.049860028,0.500000000,-15.500000000,0.000000000,0.435013567,-11.962893342,-0.078160455,0.064986433,-3.537106658,0.078160455,-0.259719856,-2.988747854,0.116949725,-0.252241899,-2.424028205,-0.000271946,-0.007477958,-0.564719649,0.117221671,-3.565913617,-450.000000000,19.481645263,0.105188449,-0.002597629,-9.493702860,115.764904119,-113.981947311,109.235095881,-111.018052689,-9.740822632,-9.740822632
1786021569.946156979,64.600587718,0.000000000,NONE,0,0.050128622,0.500000000,-15.500000000,0.000000000,0.435119874,-12.084754750,-0.078175311,0.064880126,-3.415245250,0.078175311,-0.257417488,-2.989007457,0.115417776,-0.254226169,-2.423976948,-0.001506439,-0.003191319,-0.565030509,0.116924215,-3.275619749,-450.000000000,19.464146638,0.105059004,-0.002592267,-9.493933809,115.692388389,-114.054578515,109.307611611,-110.945421485,-9.732073319,-9.732073319
1786021569.996458054,64.650888518,0.000000000,TARGET_UPDATED,0,0.050332037,0.500000000,-15.500000000,0.000000000,0.435154593,-12.182246262,-0.078186531,0.064845407,-3.317753738,0.078186531,-0.255449102,-2.989218862,0.114328036,-0.254725407,-2.423939670,-0.002379639,-0.000723694,-0.565279192,0.116707675,-3.115907945,-450.000000000,19.453557516,0.104955578,-0.002590533,-9.496242372,115.653037579,-114.095083607,109.346962421,-110.904916393,-9.726778758,-9.726778758
1786021570.045996189,64.700426993,0.000000000,NONE,0,0.049561818,0.500000000,-15.500000000,0.000000000,0.435173366,-12.304109881,-0.078198197,0.064826634,-3.195890119,0.078198197,-0.252841443,-2.989483646,0.113213906,-0.254754927,-2.423900126,-0.003238034,0.001913484,-0.565583520,0.116451940,-2.890217313,-450.000000000,19.437684189,0.104825172,-0.002634649,-9.495759392,115.596494176,-114.151385520,109.403505824,-110.848614480,-9.718842094,-9.718842094
1786021570.095941305,64.750372082,0.000000000,NONE,0,0.049986704,0.500000000,-15.500000000,0.000000000,0.435195225,-12.425969836,-0.078205885,0.064804775,-3.074030164,0.078205885,-0.250072150,-2.989746072,0.112444243,-0.254057956,-2.423870540,-0.003817586,0.003985806,-0.565875531,0.116261829,-2.711092406,-450.000000000,19.428638861,0.104691632,-0.002685765,-9.495031397,115.551530951,-114.195984748,109.448469049,-110.804015252,-9.714319430,-9.714319430
1786021570.145957708,64.800388184,0.000000000,NONE,0,0.049946132,0.500000000,-15.500000000,0.000000000,0.435255138,-12.547822954,-0.078209821,0.064744862,-2.952177046,0.078209821,-0.247155279,-2.990002843,0.112071478,-0.252729825,-2.423852317,-0.004088081,0.005574546,-0.566150526,0.116159559,-2.556089382,-450.000000000,19.426136458,0.104555945,-0.002712059,-9.494357815,115.512611799,-114.234567108,109.487388201,-110.765432892,-9.713068229,-9.713068229
1786021570.196280718,64.850711576,0.000000000,TARGET_UPDATED,0,0.050363618,0.500000000,-15.500000000,0.000000000,0.435379066,-12.669667082,-0.078210105,0.064620934,-2.830332918,0.078210105,-0.244098748,-2.990252116,0.112120169,-0.250928875,-2.423846273,-0.004022203,0.006830127,-0.566405843,0.116142372,-2.415831773,-450.000000000,19.429564335,0.104419458,-0.002713357,-9.493943761,115.477443884,-114.269527997,109.522556116,-110.730472003,-9.714782167,-9.714782167
1786021570.246178627,64.900609222,0.000000000,TARGET_UPDATED,0,0.049925843,0.500000000,-16.500000000,0.000000000,0.435587754,-12.791500663,-0.078206761,0.064412246,-3.708499337,0.078206761,-0.260067791,-2.988885705,0.112643928,-0.248743594,-2.423852826,-0.003620998,-0.011324198,-0.565032879,0.116264926,-4.277999712,-450.000000000,19.443841442,0.104283373,-0.002696230,-9.493641110,115.942910205,-113.803910350,109.057089795,-111.196089650,-9.721920721,-9.721920721
1786021570.296086073,64.950516750,0.000000000,NONE,0,0.049808250,0.500000000,-16.500000000,0.000000000,0.435785183,-12.913334431,-0.078199776,0.064214817,-3.586665569,0.078199776,-0.258133264,-2.989022924,0.113438915,-0.251126697,-2.423872724,-0.002924278,-0.007006567,-0.565150200,0.116363192,-3.520983220,-450.000000000,19.453136198,0.104148400,-0.002668864,-9.493491784,115.753618751,-113.993127141,109.246381249,-111.006872859,-9.726568099,-9.726568099
1786021570.346315145,65.000745994,0.000000000,NONE,0,0.050000381,0.500000000,-16.500000000,0.000000000,0.435814656,-13.035185258,-0.078189254,0.064185344,-3.464814742,0.078189254,-0.255968139,-2.989168277,0.114493797,-0.253132293,-2.423901165,-0.002034487,-0.002835846,-0.565267113,0.116528284,-3.220982870,-450.000000000,19.468934791,0.104015001,-0.002633541,-9.493574709,115.678639395,-114.068147960,109.321360605,-110.931852040,-9.734467395,-9.734467395
1786021570.396087408,65.050517935,0.000000000,TARGET_UPDATED,0,0.050108036,0.500000000,-16.500000000,0.000000000,0.435786434,-13.157042089,-0.078176139,0.064213566,-3.342957911,0.078176139,-0.253632564,-2.989318671,0.115738064,-0.253464623,-2.423938053,-0.001011225,-0.000167941,-0.565380618,0.116749288,-3.034305355,-450.000000000,19.488438821,0.103883727,-0.002596789,-9.493851155,115.632039128,-114.114886450,109.367960872,-110.885113550,-9.744219410,-9.744219410
1786021570.445847034,65.100277604,0.000000000,NONE,0,0.049751650,0.500000000,-16.500000000,0.000000000,0.435754592,-13.278899646,-0.078161073,0.064245408,-3.221100354,0.078161073,-0.251147332,-2.989475508,0.117076053,-0.252923561,-2.423980126,0.000080596,0.001776228,-0.565495381,0.116995457,-2.871931841,-450.000000000,19.509118391,0.103754563,-0.002566206,-9.494147717,115.591519890,-114.155553969,109.408480110,-110.844446031,-9.754559195,-9.754559195
1786021570.495910406,65.150340987,0.000000000,NONE,0,0.050071200,0.500000000,-16.500000000,0.000000000,0.435754071,-13.400754506,-0.078144721,0.064245929,-3.099245494,0.078144721,-0.248519758,-2.989641701,0.118407235,-0.251749449,-2.424024210,0.001159240,0.003229691,-0.565617492,0.117247995,-2.732061253,-450.000000000,19.529827027,0.103627107,-0.002544614,-9.494544620,115.556651468,-114.190620842,109.443348532,-110.809379158,-9.764913514,-9.764913514
1786021570.545937300,65.200367869,0.000000000,NONE,0,0.049995653,0.500000000,-16.500000000,0.000000000,0.435811777,-13.522603930,-0.078128160,0.064188223,-2.977396070,0.078128160,-0.245751889,-2.989820626,0.119635498,-0.250091772,-2.424067217,0.002140251,0.004339883,-0.565753410,0.117495247,-2.606900226,-450.000000000,19.549973696,0.103500732,-0.002535186,-9.494878118,115.525444586,-114.221994473,109.474555414,-110.778005527,-9.774986848,-9.774986848
1786021570.595929146,65.250359656,0.000000000,TARGET_UPDATED,0,0.050021488,0.500000000,-16.500000000,0.000000000,0.435948976,-13.644445606,-0.078112564,0.064051024,-2.855554394,0.078112564,-0.242841982,-2.990015668,0.120675667,-0.248046519,-2.424106267,0.002956118,0.005204537,-0.565909401,0.117719549,-2.491986825,-450.000000000,19.568157802,0.103374646,-0.002537727,-9.495107739,115.496773641,-114.250780228,109.503226359,-110.749219772,-9.784078901,-9.784078901
1786021570.646014214,65.300444789,0.000000000,NONE,0,0.049997934,0.500000000,-16.500000000,0.000000000,0.436127195,-13.741912038,-0.078101573,0.063872805,-2.758087962,0.078101573,-0.240408661,-2.990185371,0.121325166,-0.246169838,-2.424132919,0.003455921,0.005761177,-0.566052452,0.117869245,-2.408501150,-450.000000000,19.580093001,0.103273497,-0.002546850,-9.497251496,115.476438162,-114.272187587,109.523561838,-110.727812413,-9.790046501,-9.790046501
1786021570.696272612,65.350703374,0.000000000,TARGET_UPDATED,0,0.050338145,0.500000000,-17.500000000,0.000000000,0.436444703,-13.863735180,-0.078090906,0.063555297,-3.636264820,0.078090906,-0.257037847,-2.988781785,0.121802764,-0.243694094,-2.424158916,0.003832513,-0.013343754,-0.564622869,0.117970252,-4.340413819,-450.000000000,19.589145206,0.103145219,-0.002607531,-9.496766688,115.959295127,-113.789088217,109.040704873,-111.210911783,-9.794572603,-9.794572603
1786021570.745908737,65.400339207,0.000000000,NONE,0,0.049621202,0.500000000,-17.500000000,0.000000000,0.436758985,-13.985558148,-0.078084533,0.063241015,-3.514441852,0.078084533,-0.255122974,-2.988938812,0.121966118,-0.246036299,-2.424176688,0.003897901,-0.009086675,-0.564762124,0.118068217,-3.573106485,-450.000000000,19.598899845,0.103012942,-0.002682078,-9.495662383,115.767192217,-113.980638974,109.232807783,-111.019361026,-9.799449922,-9.799449922
1786021570.795987129,65.450417769,0.000000000,TARGET_UPDATED,0,0.050086837,0.500000000,-17.500000000,0.000000000,0.436905573,-14.107397266,-0.078082003,0.063094427,-3.392602734,0.078082003,-0.252936302,-2.989133347,0.121749156,-0.248035915,-2.424181545,0.003659838,-0.004900387,-0.564951802,0.118089318,-3.271265387,-450.000000000,19.601781282,0.102877575,-0.002730116,-9.494658241,115.691480907,-114.055848214,109.308519093,-110.944151786,-9.800890641,-9.800890641
1786021570.845908165,65.500338823,0.000000000,NONE,0,0.049940193,0.500000000,-17.500000000,0.000000000,0.436993264,-14.229240647,-0.078082750,0.063006736,-3.270759353,0.078082750,-0.250544437,-2.989357681,0.121186648,-0.248401704,-2.424175181,0.003153409,-0.002142733,-0.565182499,0.118033239,-3.076772866,-450.000000000,19.599258868,0.102740546,-0.002747983,-9.493778987,115.642637963,-114.104251530,109.357362037,-110.895748470,-9.799629434,-9.799629434
1786021570.895927668,65.550358186,0.000000000,NONE,0,0.050014104,0.500000000,-17.500000000,0.000000000,0.437071929,-14.351082545,-0.078086417,0.062928071,-3.148917455,0.078086417,-0.247973271,-2.989606899,0.120329530,-0.247971860,-2.424157655,0.002414305,-0.000001412,-0.565449244,0.117915225,-2.899552450,-450.000000000,19.592709891,0.102603213,-0.002739944,-9.493136021,115.598172118,-114.148395893,109.401827882,-110.851604107,-9.796354945,-9.796354945
1786021570.946031809,65.600462505,0.000000000,NONE,0,0.049994131,0.500000000,-17.500000000,0.000000000,0.437173024,-14.472919204,-0.078092734,0.062826976,-3.027080796,0.078092734,-0.245235896,-2.989876269,0.119251088,-0.246965987,-2.424130406,0.001501425,0.001730090,-0.565745863,0.117749663,-2.739393900,-450.000000000,19.583111920,0.102466722,-0.002713223,-9.492729346,115.558030811,-114.188333861,109.441969189,-110.811666139,-9.791555960,-9.791555960
1786021570.996063232,65.650493902,0.000000000,TARGET_UPDATED,0,0.050153873,0.500000000,-17.500000000,0.000000000,0.437286777,-14.570382778,-0.078099439,0.062713223,-2.929617222,0.078099439,-0.242932072,-2.990102984,0.118288124,-0.245812189,-2.424103121,0.000693465,0.002880117,-0.565999863,0.117594659,-2.628373443,-450.000000000,19.575431656,0.102358704,-0.002682895,-9.494658598,115.530758010,-114.216571289,109.469241990,-110.783428711,-9.787715828,-9.787715828
1786021571.046030283,65.700460916,0.000000000,NONE,0,0.049885363,0.500000000,-17.500000000,0.000000000,0.437485676,-14.692203247,-0.078109189,0.062514324,-2.807796753,0.078109189,-0.239909464,-2.990396782,0.117037966,-0.244136453,-2.424064751,-0.000328902,0.004226989,-0.566332031,0.117366868,-2.473764807,-450.000000000,19.560937993,0.102224543,-0.002686640,-9.494087282,115.491963022,-114.255080619,109.508036978,-110.744919381,-9.780468997,-9.780468997
1786021571.096050501,65.750481103,0.000000000,TARGET_UPDATED,0,0.050101796,0.500000000,-18.500000000,0.000000000,0.437759737,-14.814012371,-0.078119383,0.062240263,-3.685987629,0.078119383,-0.255509556,-2.989153357,0.115792957,-0.242161521,-2.424024469,-0.001307218,-0.013348035,-0.565128889,0.117100175,-4.275072506,-450.000000000,19.544446182,0.102089975,-0.002693728,-9.493480724,115.942138307,-113.804602054,109.057861693,-111.195397946,-9.772223091,-9.772223091
1786021571.145917177,65.800347674,0.000000000,NONE,0,0.049845548,0.500000000,-18.500000000,0.000000000,0.438008117,-14.935820557,-0.078129672,0.061991883,-3.564179443,0.078129672,-0.253513799,-2.989366568,0.114685793,-0.244812692,-2.423986302,-0.002205446,-0.008701107,-0.565380265,0.116891239,-3.503998746,-450.000000000,19.533865264,0.101955847,-0.002684534,-9.493006570,115.749251329,-113.997251956,109.250748671,-111.002748044,-9.766932632,-9.766932632
1786021571.195981264,65.850411926,0.000000000,TARGET_UPDATED,0,0.050090368,0.500000000,-18.500000000,0.000000000,0.438089285,-15.057642343,-0.078139649,0.061910715,-3.442357657,0.078139649,-0.251276431,-2.989591639,0.113754334,-0.246784218,-2.423949852,-0.002952361,-0.004492213,-0.565641787,0.116706695,-3.206900842,-450.000000000,19.524377596,0.101822967,-0.002656497,-9.492857216,115.674939515,-114.071489093,109.325060485,-110.928510907,-9.762188798,-9.762188798
1786021571.245866299,65.900296918,0.000000000,NONE,0,0.049853534,0.500000000,-18.500000000,0.000000000,0.438107345,-15.179467338,-0.078148288,0.061892655,-3.320532662,0.078148288,-0.248861015,-2.989819827,0.113078273,-0.247293048,-2.423919764,-0.003469742,-0.001567967,-0.565900063,0.116548015,-2.999225816,-450.000000000,19.516676402,0.101691993,-0.002618544,-9.492898232,115.623031012,-114.123418104,109.376968988,-110.876581896,-9.758338201,-9.758338201
1786021571.295965910,65.950396507,0.000000000,NONE,0,0.050106522,0.500000000,-18.500000000,0.000000000,0.438107490,-15.301291294,-0.078154458,0.061892510,-3.198708706,0.078154458,-0.246288677,-2.990047174,0.112707830,-0.247063925,-2.423897555,-0.003717615,0.000775249,-0.566149619,0.116425445,-2.809744980,-450.000000000,19.511750128,0.101563112,-0.002577781,-9.493173336,115.575729579,-114.170857089,109.424270421,-110.829142911,-9.755875064,-9.755875064
1786021571.346056461,66.000486952,0.000000000,NONE,0,0.049943332,0.500000000,-18.500000000,0.000000000,0.438116005,-15.398747833,-0.078157042,0.061883995,-3.101252167,0.078157042,-0.244125293,-2.990226842,0.112651897,-0.246425689,-2.423886305,-0.003710189,0.002300396,-0.566340538,0.116362086,-2.683793832,-450.000000000,19.511398282,0.101461426,-0.002548466,-9.495466248,115.544815020,-114.202918104,109.455184980,-110.797081896,-9.755699141,-9.755699141
1786021571.395988941,66.050419610,0.000000000,TARGET_UPDATED,0,0.050082234,0.500000000,-18.500000000,0.000000000,0.438156815,-15.520563634,-0.078156916,0.061843185,-2.979436366,0.078156916,-0.241289741,-2.990448045,0.112888819,-0.245331864,-2.423881307,-0.003439251,0.004042123,-0.566566738,0.116328070,-2.509288090,-450.000000000,19.512519566,0.101334762,-0.002560650,-9.495361453,115.501162386,-114.246518341,109.498837614,-110.753481659,-9.756259783,-9.756259783
1786021571.445919514,66.100350035,0.000000000,NONE,0,0.049937252,0.500000000,-18.500000000,0.000000000,0.438249842,-15.642372585,-0.078153088,0.061750158,-2.857627415,0.078153088,-0.238304905,-2.990665778,0.113453789,-0.243784858,-2.423886636,-0.002905946,0.005479952,-0.566779142,0.116359735,-2.360576978,-450.000000000,19.518954796,0.101206663,-0.002585421,-9.494973714,115.463887673,-114.283599184,109.536112327,-110.716400816,-9.759477398,-9.759477398
1786021571.495970011,66.150400664,0.000000000,TARGET_UPDATED,0,0.050065604,0.500000000,-19.500000000,0.000000000,0.438416295,-15.764173027,-0.078146133,0.061583705,-3.735826973,0.078146133,-0.253185251,-2.989408058,0.114354846,-0.241858401,-2.423901584,-0.002144427,-0.011326850,-0.565506474,0.116499273,-4.082644121,-450.000000000,19.533791762,0.101077555,-0.002596451,-9.494655865,115.894324997,-113.853002936,109.105675003,-111.146997064,-9.766895881,-9.766895881
1786021571.545928717,66.200359452,0.000000000,NONE,0,0.049933544,0.500000000,-19.500000000,0.000000000,0.438527395,-15.885978528,-0.078136510,0.061472605,-3.614021472,0.078136510,-0.251196684,-2.989534909,0.115404559,-0.245065677,-2.423925953,-0.001217579,-0.006131007,-0.565608955,0.116622138,-3.283448599,-450.000000000,19.544977434,0.100947950,-0.002597900,-9.494354298,115.694450724,-114.052726425,109.305549276,-110.947273575,-9.772488717,-9.772488717
1786021571.595962524,66.250393181,0.000000000,TARGET_UPDATED,0,0.050054643,0.500000000,-19.500000000,0.000000000,0.438502144,-15.983434271,-0.078127330,0.061497856,-3.516565729,0.078127330,-0.249448102,-2.989644804,0.116332808,-0.246349943,-2.423948610,-0.000418839,-0.003098159,-0.565696194,0.116751648,-3.103258486,-450.000000000,19.557091910,0.100844247,-0.002590366,-9.496228864,115.649871837,-114.098242595,109.350128163,-110.901757405,-9.778545955,-9.778545955
1786021571.645946741,66.300377296,0.000000000,NONE,0,0.049963185,0.500000000,-19.500000000,0.000000000,0.438420741,-16.105258975,-0.078114951,0.061579259,-3.394741025,0.078114951,-0.247117471,-2.989790378,0.117540753,-0.246901837,-2.423981729,0.000589692,-0.000215634,-0.565808649,0.116951061,-2.878001483,-450.000000000,19.575376334,0.100714147,-0.002618577,-9.495602781,115.593401066,-114.154400324,109.406598934,-110.845599676,-9.787688167,-9.787688167
1786021571.695913315,66.350343803,0.000000000,NONE,0,0.049977286,0.500000000,-19.500000000,0.000000000,0.438319567,-16.227085813,-0.078102490,0.061680433,-3.272914187,0.078102490,-0.244633220,-2.989947166,0.118724607,-0.246654395,-2.424017190,0.001566094,0.002021175,-0.565929976,0.117158513,-2.698401877,-450.000000000,19.592985295,0.100582239,-0.002648948,-9.494800028,115.548300476,-114.199099538,109.451699524,-110.800900462,-9.796492648,-9.796492648
1786021571.746088505,66.400518988,0.000000000,NONE,0,0.050143235,0.500000000,-19.500000000,0.000000000,0.438235346,-16.348911114,-0.078090218,0.061764654,-3.151088886,0.078090218,-0.242010951,-2.990116777,0.119804195,-0.245748950,-2.424052269,0.002449620,0.003738000,-0.566064508,0.117354575,-2.544940777,-450.000000000,19.609411051,0.100449589,-0.002656640,-9.494184883,115.509781415,-114.237311027,109.490218585,-110.762688973,-9.804705525,-9.804705525
1786021571.795983791,66.450414430,0.000000000,TARGET_UPDATED,0,0.049937050,0.500000000,-19.500000000,0.000000000,0.438195430,-16.470732043,-0.078078656,0.061804570,-3.029267957,0.078078656,-0.239259888,-2.990301152,0.120707704,-0.244348628,-2.424084474,0.003177387,0.005088740,-0.566216678,0.117530318,-2.407798141,-450.000000000,19.624256798,0.100317304,-0.002645494,-9.493732595,115.475382684,-114.271483614,109.524617316,-110.728516386,-9.812128399,-9.812128399
1786021571.846150398,66.500580906,0.000000000,NONE,0,0.050136555,0.500000000,-19.500000000,0.000000000,0.438212495,-16.568183795,-0.078069958,0.061787505,-2.931816205,0.078069958,-0.236971640,-2.990460346,0.121263866,-0.242856669,-2.424106704,0.003627420,0.005885029,-0.566353642,0.117636446,-2.319054714,-450.000000000,19.633232258,0.100212332,-0.002624374,-9.495594685,115.453662350,-114.294134993,109.546337650,-110.705865007,-9.816616129,-9.816616129
1786021571.895932436,66.550363121,0.000000000,NONE,0,0.049797057,0.500000000,-19.500000000,0.000000000,0.438309216,-16.689990601,-0.078060514,0.061690784,-2.810009399,0.078060514,-0.233998555,-2.990675656,0.121712961,-0.240787188,-2.424128816,0.003961818,0.006788633,-0.566546840,0.117751143,-2.195608939,-450.000000000,19.644379336,0.100081540,-0.002637370,-9.494968911,115.422644463,-114.324839993,109.577355537,-110.675160007,-9.822189668,-9.822189668
1786021571.946336746,66.600767333,0.000000000,TARGET_UPDATED,0,0.050204395,0.500000000,-20.500000000,0.000000000,0.438500512,-16.811787226,-0.078053754,0.061499488,-3.688212774,0.078053754,-0.249430036,-2.989420999,0.121879542,-0.238448547,-2.424143372,0.004038972,-0.010981489,-0.565277627,0.117840570,-3.990067773,-450.000000000,19.653075289,0.099949626,-0.002655294,-9.494272334,115.871085027,-113.876051140,109.128914973,-111.123948860,-9.826537644,-9.826537644
1786021571.995960474,66.650391075,0.000000000,TARGET_UPDATED,0,0.049835826,0.500000000,-20.500000000,0.000000000,0.438676203,-16.933584350,-0.078049752,0.061323797,-3.566415650,0.078049752,-0.247530604,-2.989586691,0.121681912,-0.240895286,-2.424150468,0.003842399,-0.006635318,-0.565436222,0.117839513,-3.243267557,-450.000000000,19.654135086,0.099817417,-0.002656462,-9.493632936,115.684225123,-114.062591345,109.315774877,-110.937408655,-9.827067543,-9.827067543
1786021572.045929432,66.700360025,0.000000000,NONE,0,0.049961528,0.500000000,-20.500000000,0.000000000,0.438709453,-17.055394106,-0.078048626,0.061290547,-3.444605894,0.078048626,-0.245410918,-2.989782655,0.121157872,-0.242336468,-2.424146418,0.003359086,-0.003074451,-0.565636238,0.117798786,-2.995784596,-450.000000000,19.653433001,0.099685840,-0.002638493,-9.493247325,115.622257980,-114.124365682,109.377742020,-110.875634318,-9.826716501,-9.826716501
1786021572.095927715,66.750358336,0.000000000,NONE,0,0.049995978,0.500000000,-20.500000000,0.000000000,0.438702175,-17.177205820,-0.078050588,0.061297825,-3.322794180,0.078050588,-0.243129072,-2.990001433,0.120359648,-0.242435655,-2.424133676,0.002642949,-0.000693416,-0.565867757,0.117716699,-2.823408102,-450.000000000,19.649802910,0.099555496,-0.002608273,-9.493076746,115.579121212,-114.167417161,109.420878788,-110.832582839,-9.824901455,-9.824901455
1786021572.146020174,66.800450625,0.000000000,NONE,0,0.049976562,0.500000000,-20.500000000,0.000000000,0.438695073,-17.299015007,-0.078055345,0.061304927,-3.200984993,0.078055345,-0.240699303,-2.990238765,0.119349925,-0.241858697,-2.424112899,0.001755391,0.001159393,-0.566125867,0.117594534,-2.666680807,-450.000000000,19.643387247,0.099426633,-0.002573722,-9.493051254,115.539933015,-114.206592612,109.460066985,-110.793407388,-9.821693624,-9.821693624
1786021572.196007252,66.850437897,0.000000000,TARGET_UPDATED,0,0.050116876,0.500000000,-20.500000000,0.000000000,0.438717467,-17.420818419,-0.078062285,0.061282533,-3.079181581,0.078062285,-0.238128227,-2.990490478,0.118205416,-0.240738908,-2.424085765,0.000766294,0.002610682,-0.566404713,0.117439122,-2.528924767,-450.000000000,19.634794695,0.099299293,-0.002539147,-9.493162928,115.505521924,-114.241059540,109.494478076,-110.758940460,-9.817397348,-9.817397348
1786021572.245934486,66.900365127,0.000000000,NONE,0,0.049898846,0.500000000,-20.500000000,0.000000000,0.438772550,-17.518255261,-0.078068865,0.061227450,-2.981744739,0.078068865,-0.235971671,-2.990699444,0.117249261,-0.239512677,-2.424060919,-0.000050737,0.003541005,-0.566638525,0.117299997,-2.434557013,-450.000000000,19.628295373,0.099198458,-0.002514282,-9.495244575,115.482450397,-114.265171891,109.517549603,-110.734828109,-9.814147686,-9.814147686
1786021572.295929432,66.950359877,0.000000000,NONE,0,0.050007753,0.500000000,-20.500000000,0.000000000,0.438902900,-17.640042376,-0.078077444,0.061097100,-2.859957624,0.078077444,-0.233147305,-2.990967280,0.116074384,-0.237746807,-2.424028171,-0.001028504,0.004599502,-0.566939108,0.117102888,-2.305203346,-450.000000000,19.616272280,0.099072565,-0.002530270,-9.494922014,115.450031340,-114.297429667,109.549968660,-110.702570333,-9.808136140,-9.808136140
1786021572.346671104,67.001101684,0.000000000,TARGET_UPDATED,0,0.050763623,0.500000000,-21.500000000,0.000000000,0.439113988,-17.761818333,-0.078085377,0.060886012,-3.738181667,0.078085377,-0.247952293,-2.989819865,0.114960067,-0.235683001,-2.423995812,-0.001912371,-0.012269291,-0.565824053,0.116872437,-4.010891608,-450.000000000,19.602509101,0.098945196,-0.002555775,-9.494523126,115.876353684,-113.870907880,109.123646316,-111.129092120,-9.801254550,-9.801254550
1786021572.396028757,67.050459273,0.000000000,TARGET_UPDATED,0,0.049347590,0.500000000,-21.500000000,0.000000000,0.439311516,-17.883592640,-0.078092472,0.060688484,-3.616407360,0.078092472,-0.246097108,-2.990009404,0.114023926,-0.237953509,-2.423967104,-0.002682685,-0.008143600,-0.566042299,0.116706611,-3.303922034,-450.000000000,19.594960154,0.098816868,-0.002571243,-9.493854968,115.699444251,-114.047483233,109.300555749,-110.952516767,-9.797480077,-9.797480077
1786021572.445932388,67.100362794,0.000000000,NONE,0,0.049894447,0.500000000,-21.500000000,0.000000000,0.439359931,-18.005378838,-0.078098602,0.060640069,-3.494621162,0.078098602,-0.244010207,-2.990208550,0.113293769,-0.239647374,-2.423941068,-0.003286590,-0.004362833,-0.566267482,0.116580359,-3.036222166,-450.000000000,19.589860895,0.098688352,-0.002565548,-9.493478624,115.632425197,-114.114314114,109.367574803,-110.885685886,-9.794930448,-9.794930448
1786021572.495906830,67.150337559,0.000000000,NONE,0,0.049979150,0.500000000,-21.500000000,0.000000000,0.439358574,-18.127167340,-0.078103330,0.060641426,-3.372832660,0.078103330,-0.241751013,-2.990409808,0.112831386,-0.239918994,-2.423921444,-0.003657971,-0.001832020,-0.566488364,0.116489357,-2.857205026,-450.000000000,19.587111330,0.098560751,-0.002542906,-9.493348942,115.587638492,-114.159035979,109.412361508,-110.840964021,-9.793555665,-9.793555665
1786021572.545994520,67.200424946,0.000000000,NONE,0,0.050003462,0.500000000,-21.500000000,0.000000000,0.439348962,-18.248954377,-0.078105908,0.060651038,-3.251045623,0.078105908,-0.239337934,-2.990610169,0.112669298,-0.239530029,-2.423909099,-0.003765603,0.000192095,-0.566701070,0.116434901,-2.690531046,-450.000000000,19.586942252,0.098434641,-0.002512835,-9.493404985,115.545984008,-114.200718485,109.454015992,-110.799281515,-9.793471126,-9.793471126
1786021572.595951557,67.250382290,0.000000000,TARGET_UPDATED,0,0.050065151,0.500000000,-21.500000000,0.000000000,0.439359388,-18.370737545,-0.078105792,0.060640612,-3.129262455,0.078105792,-0.236780038,-2.990808082,0.112820161,-0.238617154,-2.423904730,-0.003602804,0.001837117,-0.566903352,0.116422965,-2.541308543,-450.000000000,19.589871684,0.098310233,-0.002481067,-9.493613834,115.508730594,-114.238076323,109.491269406,-110.761923677,-9.794935842,-9.794935842
1786021572.646247149,67.300677853,0.000000000,NONE,0,0.050256347,0.500000000,-21.500000000,0.000000000,0.439398377,-18.468159976,-0.078103597,0.060601623,-3.031840024,0.078103597,-0.234633745,-2.990964230,0.113160805,-0.237546265,-2.423907192,-0.003283764,0.002912520,-0.567057038,0.116444569,-2.439903671,-450.000000000,19.594978308,0.098211878,-0.002458213,-9.495845550,115.483937305,-114.263985470,109.516062695,-110.736014530,-9.797489154,-9.797489154
1786021572.695898056,67.350328770,0.000000000,NONE,0,0.049671393,0.500000000,-21.500000000,0.000000000,0.439499235,-18.589931886,-0.078098367,0.060500765,-2.910068114,0.078098367,-0.231822917,-2.991157510,0.113835123,-0.236010991,-2.423917702,-0.002680007,0.004188074,-0.567239808,0.116515129,-2.296438425,-450.000000000,19.603801956,0.098089132,-0.002477766,-9.495574734,115.448003290,-114.299784077,109.551996710,-110.700215923,-9.801900978,-9.801900978
1786021572.745908022,67.400338584,0.000000000,NONE,0,0.049989360,0.500000000,-21.500000000,0.000000000,0.439670107,-18.711696160,-0.078090805,0.060329893,-2.788303840,0.078090805,-0.228862425,-2.991350490,0.114739379,-0.234173200,-2.423935585,-0.001887418,0.005310775,-0.567414905,0.116626797,-2.167102973,-450.000000000,19.615347027,0.097964750,-0.002507004,-9.495126189,115.415557291,-114.332005804,109.584442709,-110.667994196,-9.807673513,-9.807673513
1786021572.796416759,67.450847462,0.000000000,TARGET_UPDATED,0,0.050528992,0.500000000,-22.500000000,0.000000000,0.439925472,-18.833451707,-0.078081434,0.060074528,-3.666548293,0.078081434,-0.244122853,-2.990102132,0.115805315,-0.232073291,-2.423959162,-0.000960510,-0.012049562,-0.566142970,0.116765825,-3.919385550,-450.000000000,19.628546627,0.097839212,-0.002522023,-9.494820396,115.853551487,-113.893858712,109.146448513,-111.106141288,-9.814273313,-9.814273313
1786021572.845890522,67.500321193,0.000000000,NONE,0,0.049477904,0.500000000,-22.500000000,0.000000000,0.440154108,-18.955209748,-0.078070799,0.059845892,-3.544790252,0.078070799,-0.242191459,-2.990214404,0.116940055,-0.234738978,-2.423987747,0.000012597,-0.007452480,-0.566226657,0.116927458,-3.162454468,-450.000000000,19.643268902,0.097713042,-0.002528235,-9.494333997,115.664197116,-114.082969882,109.335802884,-110.917030118,-9.821634451,-9.821634451
1786021572.895929575,67.550360128,0.000000000,NONE,0,0.050023820,0.500000000,-22.500000000,0.000000000,0.440222874,-19.076983389,-0.078059588,0.059777126,-3.423016611,0.078059588,-0.240027144,-2.990344447,0.118054984,-0.236578159,-2.424016339,0.000959157,-0.003448984,-0.566328109,0.117095827,-2.885423343,-450.000000000,19.658082530,0.097586757,-0.002520561,-9.494071235,115.594873644,-114.152161973,109.405126356,-110.847838027,-9.829041265,-9.829041265
1786021572.945926666,67.600357232,0.000000000,NONE,0,0.049970208,0.500000000,-22.500000000,0.000000000,0.440234514,-19.198762599,-0.078048449,0.059765486,-3.301237401,0.078048449,-0.237692743,-2.990489267,0.119088682,-0.237006189,-2.424045075,0.001830182,-0.000686554,-0.566444192,0.117258499,-2.691245614,-450.000000000,19.672288958,0.097461062,-0.002503240,-9.493929142,115.546293689,-114.200670882,109.453706311,-110.799329118,-9.836144479,-9.836144479
1786021572.995975733,67.650406278,0.000000000,TARGET_UPDATED,0,0.050083879,0.500000000,-22.500000000,0.000000000,0.440233897,-19.320542934,-0.078037914,0.059766103,-3.179457066,0.078037914,-0.235209452,-2.990649469,0.119977404,-0.236686290,-2.424071606,0.002575171,0.001476838,-0.566577863,0.117402233,-2.517469633,-450.000000000,19.684904718,0.097336319,-0.002481417,-9.493917865,115.502846875,-114.244112058,109.497153125,-110.755887942,-9.842452359,-9.842452359
1786021573.045926094,67.700356650,0.000000000,NONE,0,0.049947989,0.500000000,-22.500000000,0.000000000,0.440251007,-19.442321314,-0.078028617,0.059748993,-3.057678686,0.078028617,-0.232587642,-2.990826168,0.120668426,-0.235817143,-2.424094121,0.003146720,0.003229500,-0.566732046,0.117521706,-2.361826813,-450.000000000,19.695724947,0.097212725,-0.002459935,-9.493956342,115.463945789,-114.283032382,109.536054211,-110.716967618,-9.847862474,-9.847862474
1786021573.095940351,67.750371083,0.000000000,NONE,0,0.050002081,0.500000000,-22.500000000,0.000000000,0.440311221,-19.564095038,-0.078021094,0.059688779,-2.935904962,0.078021094,-0.229833562,-2.991020340,0.121120870,-0.234477990,-2.424111252,0.003513719,0.004644428,-0.566909088,0.117607152,-2.222853894,-450.000000000,19.703963341,0.097090056,-0.002441139,-9.494040212,115.429223526,-114.317796580,109.570776474,-110.682203420,-9.851981671,-9.851981671
1786021573.145998955,67.800429445,0.000000000,NONE,0,0.050101053,0.500000000,-22.500000000,0.000000000,0.440434224,-19.685861891,-0.078015803,0.059565776,-2.814138109,0.078015803,-0.226949331,-2.991232605,0.121309722,-0.232780387,-2.424121807,0.003655500,0.005831056,-0.567110798,0.117654223,-2.093273975,-450.000000000,19.709436271,0.096968232,-0.002426722,-9.494154868,115.396857211,-114.350220223,109.603142789,-110.649779777,-9.854718135,-9.854718135
1786021573.195987463,67.850418171,0.000000000,TARGET_UPDATED,0,0.049964146,0.500000000,-23.500000000,0.000000000,0.440636107,-19.807619966,-0.078012997,0.059363893,-3.692380034,0.078012997,-0.241786728,-2.990071491,0.121265066,-0.230781601,-2.424125085,0.003568900,-0.011005127,-0.565946407,0.117696166,-3.796144572,-450.000000000,19.715212558,0.096847016,-0.002417737,-9.494225171,115.822592436,-113.924520150,109.177407564,-111.075479850,-9.857606279,-9.857606279
1786021573.245885611,67.900316291,0.000000000,NONE,0,0.049884422,0.500000000,-23.500000000,0.000000000,0.440788383,-19.929381430,-0.078012627,0.059211617,-3.570618570,0.078012627,-0.239912605,-2.990237766,0.120886222,-0.233860039,-2.424121947,0.003250046,-0.006052567,-0.566115818,0.117636176,-3.019830226,-450.000000000,19.711905311,0.096726185,-0.002416071,-9.494225675,115.628513975,-114.118598862,109.371486025,-110.881401138,-9.855952655,-9.855952655
1786021573.295924664,67.950355408,0.000000000,NONE,0,0.050040030,0.500000000,-23.500000000,0.000000000,0.440799240,-20.051155069,-0.078014602,0.059200760,-3.448844931,0.078014602,-0.237813731,-2.990431145,0.120251085,-0.235222688,-2.424115078,0.002702853,-0.002591043,-0.566316067,0.117548231,-2.794476819,-450.000000000,19.708135331,0.096600028,-0.002530766,-9.492653837,115.571782664,-114.174544255,109.428217336,-110.825455745,-9.854067666,-9.854067666
1786021573.345911741,68.000342260,0.000000000,NONE,0,0.049992007,0.500000000,-23.500000000,0.000000000,0.440775444,-20.148575291,-0.078017806,0.059224556,-3.351424709,0.078017806,-0.236025664,-2.990599344,0.119593892,-0.235404398,-2.424098079,0.002136629,-0.000621266,-0.566501265,0.117457263,-2.665661204,-450.000000000,19.704641330,0.096499722,-0.002497542,-9.494610042,115.540067812,-114.207237209,109.459932188,-110.792762791,-9.852320665,-9.852320665
1786021573.395975590,68.050406391,0.000000000,TARGET_UPDATED,0,0.050074736,0.500000000,-23.500000000,0.000000000,0.440734956,-20.270349236,-0.078023225,0.059265044,-3.229650764,0.078023225,-0.233664187,-2.990822987,0.118642576,-0.235171529,-2.424074591,0.001331637,0.001507343,-0.566748396,0.117310939,-2.481888428,-450.000000000,19.696233349,0.096375484,-0.002492336,-9.494374996,115.494065856,-114.253121642,109.505934144,-110.746878358,-9.848116674,-9.848116674
1786021573.445846081,68.100276649,0.000000000,NONE,0,0.049852297,0.500000000,-23.500000000,0.000000000,0.440708853,-20.392119037,-0.078029490,0.059291147,-3.107880963,0.078029490,-0.231161913,-2.991058375,0.117615125,-0.234317455,-2.424048470,0.000463624,0.003155542,-0.567009906,0.117151501,-2.336878864,-450.000000000,19.687716721,0.096250732,-0.002499106,-9.493923789,115.457700663,-114.289261231,109.542299337,-110.710738769,-9.843858361,-9.843858361
1786021573.495940685,68.150371318,0.000000000,NONE,0,0.050094304,0.500000000,-23.500000000,0.000000000,0.440726622,-20.513881768,-0.078036320,0.059273378,-2.986118232,0.078036320,-0.228527896,-2.991301408,0.116587474,-0.232939241,-2.424020961,-0.000406118,0.004411345,-0.567280446,0.116993593,-2.211651341,-450.000000000,19.679639507,0.096125883,-0.002492940,-9.493628291,115.426319908,-114.320494237,109.573680092,-110.679505763,-9.839819754,-9.839819754
1786021573.545948267,68.200378803,0.000000000,NONE,0,0.049974463,0.500000000,-23.500000000,0.000000000,0.440809370,-20.635635407,-0.078043186,0.059190630,-2.864364593,0.078043186,-0.225765653,-2.991548649,0.115631789,-0.231182819,-2.423993839,-0.001210390,0.005417166,-0.567554811,0.116842179,-2.096246191,-450.000000000,19.672082520,0.096001560,-0.002476132,-9.493445792,115.397422996,-114.349299900,109.602577004,-110.650700100,-9.836041260,-9.836041260
1786021573.595989943,68.250420622,0.000000000,TARGET_UPDATED,0,0.050091831,0.500000000,-24.500000000,0.000000000,0.440974082,-20.757378434,-0.078049450,0.059025918,-3.742621566,0.078049450,-0.240068892,-2.990466703,0.114813712,-0.229112297,-2.423968971,-0.001893371,-0.010956595,-0.566497732,0.116707083,-3.743798549,-450.000000000,19.665881660,0.095878230,-0.002451943,-9.493426704,115.809306313,-113.937407039,109.190693687,-111.062592961,-9.832940830,-9.832940830
1786021573.645909309,68.300339931,0.000000000,NONE,0,0.049906070,0.500000000,-24.500000000,0.000000000,0.441098376,-20.879122872,-0.078054484,0.058901624,-3.620877128,0.078054484,-0.238264843,-2.990636950,0.114143005,-0.231909284,-2.423949165,-0.002438620,-0.006355559,-0.566687786,0.116581625,-3.007660375,-450.000000000,19.660191787,0.095756038,-0.002427628,-9.493452110,115.625278121,-114.121447934,109.374721879,-110.878552066,-9.830095894,-9.830095894
1786021573.695909977,68.350340455,0.000000000,NONE,0,0.050014439,0.500000000,-24.500000000,0.000000000,0.441091798,-21.000877565,-0.078057780,0.058908202,-3.499122435,0.078057780,-0.236255728,-2.990814224,0.113678473,-0.233120536,-2.423933018,-0.002818887,-0.003135192,-0.566881206,0.116497360,-2.796842352,-450.000000000,19.658035581,0.095634988,-0.002401512,-9.493595526,115.572609469,-114.174188293,109.427390531,-110.825811707,-9.829017791,-9.829017791
1786021573.746012211,68.400442751,0.000000000,NONE,0,0.049996788,0.500000000,-24.500000000,0.000000000,0.441058878,-21.098282518,-0.078058981,0.058941122,-3.401717482,0.078058981,-0.234538029,-2.990956980,0.113481118,-0.233222933,-2.423924922,-0.002977270,-0.001315095,-0.567032058,0.116458388,-2.677076317,-450.000000000,19.659124095,0.095539053,-0.002381866,-9.495670436,115.543186688,-114.204648530,109.456813312,-110.795351470,-9.829562048,-9.829562048
1786021573.796037436,68.450468106,0.000000000,TARGET_UPDATED,0,0.050121427,0.500000000,-24.500000000,0.000000000,0.441012894,-21.220037690,-0.078058408,0.058987106,-3.279962310,0.078058408,-0.232256776,-2.991135540,0.113465753,-0.232879708,-2.423922102,-0.002978236,0.000622931,-0.567213438,0.116443989,-2.507717585,-450.000000000,19.661526575,0.095418571,-0.002418538,-9.495230208,115.500736948,-114.246878156,109.499263052,-110.753121844,-9.830763287,-9.830763287
1786021573.846089840,68.500520476,0.000000000,NONE,0,0.050048821,0.500000000,-24.500000000,0.000000000,0.440986397,-21.341789570,-0.078055416,0.059013603,-3.158210430,0.078055416,-0.229828616,-2.991313790,0.113706083,-0.231955177,-2.423924923,-0.002767497,0.002126562,-0.567388867,0.116473580,-2.372544919,-450.000000000,19.667391108,0.095296518,-0.002443405,-9.494756277,115.466825299,-114.280552840,109.533174701,-110.719447160,-9.833695554,-9.833695554
1786021573.896038294,68.550468938,0.000000000,NONE,0,0.049815173,0.500000000,-24.500000000,0.000000000,0.441005902,-21.463535971,-0.078050239,0.058994098,-3.036464029,0.078050239,-0.227263485,-2.991491278,0.114183553,-0.230565763,-2.423934860,-0.002360095,0.003302277,-0.567556418,0.116543648,-2.252428142,-450.000000000,19.676014031,0.095173869,-0.002451402,-9.494346597,115.436693685,-114.310479614,109.563306315,-110.689520386,-9.838007015,-9.838007015
1786021573.945947647,68.600378366,0.000000000,NONE,0,0.050055882,0.500000000,-24.500000000,0.000000000,0.441090305,-21.585275415,-0.078043163,0.058909695,-2.914724585,0.078043163,-0.224565615,-2.991668671,0.114860782,-0.228837568,-2.423950668,-0.001785840,0.004271953,-0.567718004,0.116646622,-2.140220045,-450.000000000,19.686792302,0.095051402,-0.002444602,-9.494132993,115.408588260,-114.338478237,109.591411740,-110.661521763,-9.843396151,-9.843396151
1786021573.996011019,68.650441537,0.000000000,TARGET_UPDATED,0,0.050073272,0.500000000,-24.500000000,0.000000000,0.441214338,-21.682661220,-0.078036399,0.058785662,-2.817338780,0.078036399,-0.222312001,-2.991811499,0.115512368,-0.227247558,-2.423966632,-0.001232225,0.004935557,-0.567844867,0.116744594,-2.058356943,-450.000000000,19.696472576,0.094953921,-0.002432375,-9.495966091,115.388580758,-114.359402287,109.611419242,-110.640597713,-9.848236288,-9.848236288
1786021574.045927525,68.700357938,0.000000000,TARGET_UPDATED,0,0.049905281,0.500000000,-25.500000000,0.000000000,0.441449401,-21.804385585,-0.078027034,0.058550599,-3.695614415,0.078027034,-0.236945146,-2.990653965,0.116380194,-0.225121684,-2.423989638,-0.000475789,-0.011823462,-0.566664327,0.116855983,-3.733852907,-450.000000000,19.707461163,0.094831942,-0.002454490,-9.495451843,115.807326188,-113.940399734,109.192673812,-111.059600266,-9.853730581,-9.853730581
1786021574.095949173,68.750379720,0.000000000,NONE,0,0.050002551,0.500000000,-25.500000000,0.000000000,0.441673971,-21.926110816,-0.078017419,0.058326029,-3.573889184,0.078017419,-0.235121562,-2.990761787,0.117289805,-0.227322056,-2.424015648,0.000279427,-0.007799506,-0.566746139,0.117010378,-3.035252605,-450.000000000,19.722049913,0.094708275,-0.002483422,-9.494740472,115.632498269,-114.114871967,109.367501731,-110.885128033,-9.861024956,-9.861024956
1786021574.145915985,68.800346448,0.000000000,NONE,0,0.049967033,0.500000000,-25.500000000,0.000000000,0.441753121,-22.047849683,-0.078007806,0.058246879,-3.452150317,0.078007806,-0.233070766,-2.990888108,0.118144333,-0.228982608,-2.424039820,0.000989774,-0.004088157,-0.566848288,0.117154559,-2.773068814,-450.000000000,19.734867307,0.094583704,-0.002491199,-9.494149147,115.566804490,-114.180270083,109.433195510,-110.819729917,-9.867433654,-9.867433654
1786021574.196300507,68.850731226,0.000000000,TARGET_UPDATED,0,0.050407473,0.500000000,-25.500000000,0.000000000,0.441780417,-22.169593105,-0.077998557,0.058219583,-3.330406895,0.077998557,-0.230844226,-2.991030384,0.118897778,-0.229324769,-2.424061015,0.001616090,-0.001519457,-0.566969368,0.117281689,-2.593027417,-450.000000000,19.746358836,0.094457429,-0.002520783,-9.493273993,115.521575353,-114.225061644,109.478424647,-110.774938356,-9.873179418,-9.873179418
1786021574.245918989,68.900349505,0.000000000,NONE,0,0.049599634,0.500000000,-25.500000000,0.000000000,0.441798519,-22.291337100,-0.077990106,0.058201481,-3.208662900,0.077990106,-0.228469092,-2.991187966,0.119507130,-0.228962562,-2.424081555,0.002122047,0.000493470,-0.567106411,0.117385082,-2.430572671,-450.000000000,19.756070038,0.094332191,-0.002483964,-9.492980828,115.480888375,-114.265602039,109.519111625,-110.734397961,-9.878035019,-9.878035019
1786021574.295985222,68.950415841,0.000000000,NONE,0,0.050068374,0.500000000,-25.500000000,0.000000000,0.441825145,-22.388730763,-0.077984345,0.058174855,-3.111269237,0.077984345,-0.226470400,-2.991325264,0.119865885,-0.228279385,-2.424093843,0.002418118,0.001808986,-0.567231420,0.117447767,-2.322528895,-450.000000000,19.762565591,0.094233489,-0.002446856,-9.494891995,115.454355222,-114.293090775,109.545644778,-110.706909225,-9.881282796,-9.881282796
1786021574.346222639,69.000653154,0.000000000,NONE,0,0.050233937,0.500000000,-25.500000000,0.000000000,0.441890820,-22.510469079,-0.077978932,0.058109180,-2.989530921,0.077978932,-0.223849837,-2.991511514,0.120132084,-0.227165326,-2.424104149,0.002627354,0.003315490,-0.567407365,0.117504730,-2.172044590,-450.000000000,19.769386332,0.094111194,-0.002441949,-9.494612671,115.416664315,-114.330642020,109.583335685,-110.669357980,-9.884693166,-9.884693166
1786021574.395987511,69.050418133,0.000000000,TARGET_UPDATED,0,0.049792206,0.500000000,-25.500000000,0.000000000,0.442007825,-22.632201499,-0.077975805,0.057992175,-2.867798501,0.077975805,-0.221089123,-2.991714506,0.120184953,-0.225678957,-2.424108472,0.002664074,0.004589833,-0.567606034,0.117520878,-2.041268739,-450.000000000,19.772632900,0.093988405,-0.002449303,-9.494075729,115.383836117,-114.363201747,109.616163883,-110.636798253,-9.886316450,-9.886316450
1786021574.446157217,69.100587896,0.000000000,NONE,0,0.050149140,0.500000000,-25.500000000,0.000000000,0.442193944,-22.753926034,-0.077974756,0.057806056,-2.746073966,0.077974756,-0.218192023,-2.991933511,0.120026022,-0.223873317,-2.424106352,0.002532010,0.005681294,-0.567827159,0.117494012,-1.918757215,-450.000000000,19.772838312,0.093865591,-0.002443768,-9.493720545,115.353119440,-114.393740832,109.646880560,-110.606259168,-9.886419156,-9.886419156
1786021574.496426344,69.150856762,0.000000000,TARGET_UPDATED,0,0.050283649,0.500000000,-26.500000000,0.000000000,0.442463189,-22.875641111,-0.077975608,0.057536811,-3.624358889,0.077975608,-0.233246876,-2.990810996,0.119690947,-0.221806314,-2.424098730,0.002243677,-0.011440563,-0.566712266,0.117447270,-3.632840559,-450.000000000,19.772125364,0.093742617,-0.002445686,-9.493290853,115.781532853,-113.965112573,109.218467147,-111.034887427,-9.886062682,-9.886062682
1786021574.545954704,69.200385157,0.000000000,NONE,0,0.049471586,0.500000000,-26.500000000,0.000000000,0.442700773,-22.997357192,-0.077978146,0.057299227,-3.502642808,0.077978146,-0.231389213,-2.990977024,0.119150340,-0.224534167,-2.424085110,0.001804569,-0.006855046,-0.566891914,0.117345772,-2.883508429,-450.000000000,19.766801058,0.093620744,-0.002421140,-9.493049664,115.594139523,-114.152385309,109.405860477,-110.847614691,-9.883400529,-9.883400529
1786021574.595953703,69.250384408,0.000000000,TARGET_UPDATED,0,0.050063602,0.500000000,-26.500000000,0.000000000,0.442784328,-23.119085455,-0.077982149,0.057215672,-3.380914545,0.077982149,-0.229313711,-2.991164412,0.118462731,-0.226253474,-2.424065485,0.001238162,-0.003060237,-0.567098927,0.117224568,-2.627172326,-450.000000000,19.760881842,0.093500512,-0.002388495,-9.493119496,115.530072955,-114.216486792,109.469927045,-110.783513208,-9.880440921,-9.880440921
1786021574.645912647,69.300343298,0.000000000,NONE,0,0.049941587,0.500000000,-26.500000000,0.000000000,0.442814322,-23.240816308,-0.077987298,0.057185678,-3.259183692,0.077987298,-0.227080098,-2.991365466,0.117693742,-0.226648972,-2.424043240,0.000603555,-0.000431126,-0.567322226,0.117090188,-2.443962452,-450.000000000,19.754129230,0.093382042,-0.002355743,-9.493296675,115.484314782,-114.262333556,109.515685218,-110.737666444,-9.877064615,-9.877064615
1786021574.696112871,69.350543562,0.000000000,NONE,0,0.050197366,0.500000000,-26.500000000,0.000000000,0.442832348,-23.362545769,-0.077993113,0.057167652,-3.137454231,0.077993113,-0.224704772,-2.991576051,0.116906284,-0.226345501,-2.424019695,-0.000045114,0.001640729,-0.567556356,0.116951398,-2.279786335,-450.000000000,19.747275146,0.093265125,-0.002327356,-9.493590494,115.443344207,-114.303451040,109.556655793,-110.696548960,-9.873637573,-9.873637573
1786021574.745981216,69.400411670,0.000000000,NONE,0,0.049791685,0.500000000,-26.500000000,0.000000000,0.442869218,-23.484270968,-0.077999054,0.057130782,-3.015729032,0.077999054,-0.222196463,-2.991792951,0.116156537,-0.225468289,-2.423996297,-0.000659844,0.003271826,-0.567796653,0.116816381,-2.136879923,-450.000000000,19.740785509,0.093149392,-0.002306817,-9.493813408,115.407673333,-114.339233371,109.592326667,-110.660766629,-9.870392754,-9.870392754
1786021574.796333075,69.450763794,0.000000000,TARGET_UPDATED,0,0.050422233,0.500000000,-26.500000000,0.000000000,0.442948985,-23.605989741,-0.078004463,0.057051015,-2.894010259,0.078004463,-0.219559042,-2.992013367,0.115500673,-0.224154551,-2.423974854,-0.001191495,0.004595509,-0.568038513,0.116692168,-2.008269592,-450.000000000,19.735280675,0.093034472,-0.002292197,-9.494148022,115.375604403,-114.371469607,109.624395597,-110.628530393,-9.867640337,-9.867640337
1786021574.845895767,69.500326238,0.000000000,NONE,0,0.049573951,0.500000000,-26.500000000,0.000000000,0.443091462,-23.727700406,-0.078008750,0.056908538,-2.772299594,0.078008750,-0.216793051,-2.992235177,0.114984735,-0.222474050,-2.423956794,-0.001602866,0.005680999,-0.568278383,0.116587601,-1.889778508,-450.000000000,19.731205015,0.092919999,-0.002285936,-9.494265621,115.346011032,-114.401121778,109.653988968,-110.598878222,-9.865602507,-9.865602507
1786021574.896029472,69.550459989,0.000000000,TARGET_UPDATED,0,0.050137752,0.500000000,-27.500000000,0.000000000,0.443313101,-23.849401654,-0.078011457,0.056686899,-3.650598346,0.078011457,-0.231416583,-2.991151850,0.114673429,-0.220486754,-2.423943270,-0.001866645,-0.010929829,-0.567208580,0.116540074,-3.552575483,-450.000000000,19.731960999,0.092805703,-0.002282438,-9.494463094,115.761759644,-113.985471903,109.238240356,-111.014528097,-9.865980499,-9.865980499
1786021574.945940733,69.600371413,0.000000000,NONE,0,0.049871614,0.500000000,-27.500000000,0.000000000,0.443460606,-23.946764177,-0.078012214,0.056539394,-3.553235823,0.078012214,-0.230013548,-2.991266217,0.114514090,-0.222931660,-2.423937433,-0.001971159,-0.007081887,-0.567328784,0.116485250,-2.882530973,-450.000000000,19.730876567,0.092714199,-0.002285138,-9.496363322,115.594723574,-114.153458087,109.405276426,-110.846541913,-9.865438283,-9.865438283
1786021574.995988846,69.650419242,0.000000000,TARGET_UPDATED,0,0.050080464,0.500000000,-27.500000000,0.000000000,0.443505335,-24.068478576,-0.078011238,0.056494665,-3.431521424,0.078011238,-0.228045640,-2.991418159,0.114479383,-0.224855854,-2.423929614,-0.001978112,-0.003189785,-0.567488545,0.116457495,-2.605523217,-450.000000000,19.732394983,0.092594330,-0.002432231,-9.494577225,115.525025110,-114.222263502,109.474974890,-110.777736498,-9.866197492,-9.866197492
1786021575.045982361,69.700413010,0.000000000,NONE,0,0.049985176,0.500000000,-27.500000000,0.000000000,0.443493981,-24.190197034,-0.078008383,0.056506019,-3.309802966,0.078008383,-0.225906026,-2.991574559,0.114630148,-0.225218699,-2.423935773,-0.001846488,-0.000687327,-0.567638785,0.116476636,-2.436711577,-450.000000000,19.737583058,0.092471663,-0.002447260,-9.493858009,115.482642396,-114.264286608,109.517357604,-110.735713392,-9.868791529,-9.868791529
1786021575.095857620,69.750288281,0.000000000,NONE,0,0.049879195,0.500000000,-27.500000000,0.000000000,0.443473731,-24.311915387,-0.078003963,0.056526269,-3.188084613,0.078003963,-0.223620179,-2.991733369,0.114960224,-0.224839150,-2.423946137,-0.001574376,0.001218972,-0.567787233,0.116534600,-2.285130552,-450.000000000,19.745326011,0.092348252,-0.002455854,-9.493111725,115.444560569,-114.301995293,109.555439431,-110.698004707,-9.872663006,-9.872663006
1786021575.145867109,69.800297559,0.000000000,NONE,0,0.049991693,0.500000000,-27.500000000,0.000000000,0.443474357,-24.433630948,-0.077998152,0.056525643,-3.066369052,0.077998152,-0.221202006,-2.991894202,0.115443082,-0.223910399,-2.423958665,-0.001178756,0.002708393,-0.567935537,0.116621837,-2.152809143,-450.000000000,19.754930615,0.092226318,-0.002415286,-9.492983793,115.411448234,-114.335043663,109.588551766,-110.664956337,-9.877465308,-9.877465308
1786021575.195976973,69.850407693,0.000000000,TARGET_UPDATED,0,0.050136800,0.500000000,-27.500000000,0.000000000,0.443520069,-24.555341737,-0.077991115,0.056479931,-2.944658263,0.077991115,-0.218658592,-2.992057577,0.116042040,-0.222544696,-2.423975490,-0.000687363,0.003886103,-0.568082088,0.116729403,-2.034983483,-450.000000000,19.765786841,0.092106860,-0.002365901,-9.493156889,115.382035093,-114.364543351,109.617964907,-110.635456649,-9.882893421,-9.882893421
1786021575.245914221,69.900344614,0.000000000,NONE,0,0.049931370,0.500000000,-27.500000000,0.000000000,0.443630917,-24.677046120,-0.077982997,0.056369083,-2.822953880,0.077982997,-0.215991610,-2.992224778,0.116711319,-0.220815932,-2.423995119,-0.000135392,0.004824322,-0.568229660,0.116846711,-1.927970758,-450.000000000,19.777119467,0.091989923,-0.002319493,-9.493452305,115.355355766,-114.391370387,109.644644234,-110.608629613,-9.888559734,-9.888559734
1786021575.295976400,69.950407132,0.000000000,TARGET_UPDATED,0,0.050068085,0.500000000,-28.500000000,0.000000000,0.443822599,-24.798742794,-0.077974144,0.056177401,-3.701257206,0.077974144,-0.230003189,-2.991153629,0.117381548,-0.218806111,-2.424016070,0.000432770,-0.011197078,-0.567137559,0.116948778,-3.526425701,-450.000000000,19.786881050,0.091875140,-0.002281436,-9.493850291,115.755068998,-113.991856147,109.244931002,-111.008143853,-9.893440525,-9.893440525
1786021575.346034765,70.000465261,0.000000000,NONE,0,0.049950438,0.500000000,-28.500000000,0.000000000,0.443959487,-24.896101551,-0.077966934,0.056040513,-3.603898449,0.077966934,-0.228639317,-2.991237924,0.117886135,-0.220852399,-2.424033886,0.000847953,-0.007786918,-0.567204039,0.117038182,-2.903907019,-450.000000000,19.795813699,0.091784453,-0.002262255,-9.495956455,115.599965868,-114.148012359,109.400034132,-110.851987641,-9.897906849,-9.897906849
1786021575.396102428,70.050533052,0.000000000,TARGET_UPDATED,0,0.050174878,0.500000000,-28.500000000,0.000000000,0.443997041,-25.017812059,-0.077958493,0.056002959,-3.482187941,0.077958493,-0.226735502,-2.991360818,0.118431012,-0.222736483,-2.424053057,0.001272515,-0.003999020,-0.567307761,0.117158497,-2.628153209,-450.000000000,19.807783005,0.091671101,-0.002285182,-9.495858257,115.531002866,-114.216926262,109.468997134,-110.783073738,-9.903891502,-9.903891502
1786021575.445930004,70.100360647,0.000000000,NONE,0,0.049817510,0.500000000,-28.500000000,0.000000000,0.443981511,-25.139527086,-0.077951226,0.056018489,-3.360472914,0.077951226,-0.224659025,-2.991500131,0.118857799,-0.223058158,-2.424070123,0.001601333,-0.001600866,-0.567430008,0.117256466,-2.466945361,-450.000000000,19.817130222,0.091555763,-0.002325719,-9.495347962,115.490573331,-114.257100650,109.509426669,-110.742899350,-9.908565111,-9.908565111
1786021575.495901108,70.150331796,0.000000000,NONE,0,0.049987075,0.500000000,-28.500000000,0.000000000,0.443957975,-25.261242305,-0.077945252,0.056042025,-3.238757695,0.077945252,-0.222429868,-2.991655119,0.119140211,-0.222700682,-2.424083390,0.001812080,0.000270814,-0.567571729,0.117328131,-2.317789694,-450.000000000,19.824546285,0.091438683,-0.002354212,-9.494838192,115.453156972,-114.294262124,109.546843028,-110.705737876,-9.912273142,-9.912273142
1786021575.546088219,70.200518628,0.000000000,NONE,0,0.050013887,0.500000000,-28.500000000,0.000000000,0.443953471,-25.382954991,-0.077940784,0.056046529,-3.117045009,0.077940784,-0.220057223,-2.991825463,0.119262075,-0.221836084,-2.424091802,0.001892290,0.001778861,-0.567733661,0.117369785,-2.184470131,-450.000000000,19.829796341,0.091320540,-0.002368363,-9.494379834,115.419712491,-114.327477426,109.580287509,-110.672522574,-9.914898170,-9.914898170
1786021575.595991611,70.250422268,0.000000000,TARGET_UPDATED,0,0.050072858,0.500000000,-28.500000000,0.000000000,0.443990182,-25.504662845,-0.077937953,0.056009818,-2.995337155,0.077937953,-0.217547669,-2.992010582,0.119217957,-0.220564240,-2.424094793,0.001839255,0.003016571,-0.567915789,0.117378703,-2.063177836,-450.000000000,19.832704561,0.091201987,-0.002369629,-9.494016389,115.389298556,-114.357709638,109.610701444,-110.642290362,-9.916352281,-9.916352281
1786021575.645910263,70.300341006,0.000000000,NONE,0,0.049907415,0.500000000,-28.500000000,0.000000000,0.444086087,-25.626363951,-0.077936790,0.055913913,-2.873636049,0.077936790,-0.214905055,-2.992209602,0.119014025,-0.218962737,-2.424092133,0.001659436,0.004057682,-0.568117469,0.117354589,-1.949950632,-450.000000000,19.833283723,0.091083600,-0.002360527,-9.493727912,115.360919636,-114.385944320,109.639080364,-110.614055680,-9.916641861,-9.916641861
1786021575.695914745,70.350345463,0.000000000,NONE,0,0.050009821,0.500000000,-28.500000000,0.000000000,0.444255887,-25.748056702,-0.077937265,0.055744113,-2.751943298,0.077937265,-0.212130732,-2.992421313,0.118668558,-0.217091639,-2.424084020,0.001368067,0.004960907,-0.568337293,0.117300491,-1.841916085,-450.000000000,19.831831411,0.090965853,-0.002343376,-9.493578106,115.333873548,-114.412915505,109.666126452,-110.587084495,-9.915915705,-9.915915705
1786021575.745936394,70.400366935,0.000000000,TARGET_UPDATED,0,0.050037950,0.500000000,-29.500000000,0.000000000,0.444511123,-25.869739819,-0.077939280,0.055488877,-3.630260181,0.077939280,-0.226604762,-2.991379084,0.118191177,-0.215010013,-2.424071092,0.000989371,-0.011594749,-0.567307992,0.117201806,-3.487403366,-450.000000000,19.826965246,0.090849077,-0.002322250,-9.493539081,115.745235612,-114.001533929,109.254764388,-110.998466071,-9.913482623,-9.913482623
1786021575.796415567,70.450845954,0.000000000,TARGET_UPDATED,0,0.050040113,0.500000000,-29.500000000,0.000000000,0.444688515,-25.967087342,-0.077941912,0.055311485,-3.532912658,0.077941912,-0.225180117,-2.991504332,0.117747044,-0.217383753,-2.424059088,0.000618117,-0.007796364,-0.567445244,0.117128927,-2.822222505,-450.000000000,19.825310158,0.090756432,-0.002307101,-9.495361874,115.579396095,-114.168284842,109.420603905,-110.831715158,-9.912655079,-9.912655079
1786021575.846113443,70.500544097,0.000000000,NONE,0,0.050084404,0.500000000,-29.500000000,0.000000000,0.444771994,-26.088782348,-0.077946087,0.055228006,-3.411217652,0.077946087,-0.223195727,-2.991677297,0.117135394,-0.219317631,-2.424039790,0.000117629,-0.003878096,-0.567637507,0.117017765,-2.542452033,-450.000000000,19.819696054,0.090640662,-0.002327254,-9.494978067,115.509357525,-114.238131509,109.490642475,-110.761868491,-9.909848027,-9.909848027
1786021575.895842791,70.550273482,0.000000000,NONE,0,0.049759209,0.500000000,-29.500000000,0.000000000,0.444797381,-26.210480358,-0.077950626,0.055202619,-3.289519642,0.077950626,-0.221038294,-2.991861957,0.116515151,-0.219756347,-2.424019711,-0.000384031,-0.001281947,-0.567842245,0.116899182,-2.367054108,-450.000000000,19.814140031,0.090523460,-0.002353632,-9.494346938,115.465350261,-114.281823207,109.534649739,-110.718176793,-9.907070016,-9.907070016
1786021575.945957661,70.600388185,0.000000000,NONE,0,0.050071088,0.500000000,-29.500000000,0.000000000,0.444809118,-26.332177306,-0.077955220,0.055190882,-3.167822694,0.077955220,-0.218730711,-2.992054300,0.115936314,-0.219502843,-2.423999755,-0.000847642,0.000772131,-0.568054545,0.116783956,-2.206530582,-450.000000000,19.809079816,0.090405546,-0.002361360,-9.493889962,115.425105136,-114.321839845,109.574894864,-110.678160155,-9.904539908,-9.904539908
1786021575.996019125,70.650449774,0.000000000,TARGET_UPDATED,0,0.050107234,0.500000000,-29.500000000,0.000000000,0.444834120,-26.453870795,-0.077959410,0.055165880,-3.046129205,0.077959410,-0.216283911,-2.992251452,0.115443821,-0.218751399,-2.423981194,-0.001233423,0.002467489,-0.568270258,0.116677244,-2.061159873,-450.000000000,19.804704815,0.090287801,-0.002353254,-9.493599498,115.388689843,-114.358109906,109.611310157,-110.641890094,-9.902352407,-9.902352407
1786021576.046180964,70.700611469,0.000000000,NONE,0,0.050166956,0.500000000,-29.500000000,0.000000000,0.444896007,-26.575558811,-0.077962795,0.055103993,-2.924441189,0.077962795,-0.213706380,-2.992451036,0.115075287,-0.217559089,-2.423965317,-0.001512562,0.003852709,-0.568485720,0.116587849,-1.931301132,-450.000000000,19.801719231,0.090170861,-0.002333444,-9.493489610,115.356197686,-114.390547119,109.643802314,-110.609452881,-9.900859616,-9.900859616
1786021576.095937729,70.750368524,0.000000000,NONE,0,0.049751234,0.500000000,-29.500000000,0.000000000,0.445013749,-26.697239824,-0.077964986,0.054986251,-2.802760176,0.077964986,-0.211002559,-2.992651342,0.114858940,-0.216023419,-2.423953172,-0.001661137,0.005020860,-0.568698170,0.116520077,-1.810439028,-450.000000000,19.800293486,0.090055176,-0.002307573,-9.493454243,115.325973318,-114.420753804,109.674026682,-110.579246196,-9.900146743,-9.900146743
1786021576.146000385,70.800431074,0.000000000,TARGET_UPDATED,0,0.050061014,0.500000000,-30.500000000,0.000000000,0.445201963,-26.818912754,-0.077965664,0.054798037,-3.681087246,0.077965664,-0.224780281,-2.991648903,0.114837355,-0.214220067,-2.423945573,-0.001666940,-0.010560214,-0.567703330,0.116504296,-3.366710093,-450.000000000,19.803151901,0.089940899,-0.002278572,-9.493607127,115.715079305,-114.031724258,109.284920695,-110.968275742,-9.901575951,-9.901575951
1786021576.196187496,70.850617898,0.000000000,TARGET_UPDATED,0,0.050168345,0.500000000,-30.500000000,0.000000000,0.445348603,-26.940588024,-0.077964620,0.054651397,-3.559411976,0.077964620,-0.223018422,-2.991776852,0.114937519,-0.216956395,-2.423944058,-0.001543593,-0.006062027,-0.567832795,0.116481111,-2.658430741,-450.000000000,19.804303970,0.089827896,-0.002254132,-9.493824326,115.538063767,-114.208848396,109.461936233,-110.791151604,-9.902151985,-9.902151985
1786021576.246223450,70.900653905,0.000000000,NONE,0,0.050067148,0.500000000,-30.500000000,0.000000000,0.445363783,-27.037936540,-0.077962541,0.054636217,-3.462063460,0.077962541,-0.221464866,-2.991885061,0.115121447,-0.218129507,-2.423945194,-0.001367583,-0.003335359,-0.567939868,0.116489030,-2.497174637,-450.000000000,19.808394702,0.089738191,-0.002237849,-9.495796622,115.498242815,-114.249655496,109.501757185,-110.750344504,-9.904197351,-9.904197351
1786021576.295857191,70.950287744,0.000000000,NONE,0,0.049610892,0.500000000,-30.500000000,0.000000000,0.445336747,-27.159625437,-0.077958604,0.054663253,-3.340374563,0.077958604,-0.219387299,-2.992024308,0.115473920,-0.218663624,-2.423951876,-0.001054972,-0.000723675,-0.568072432,0.116528891,-2.298616062,-450.000000000,19.814720854,0.089625917,-0.002259659,-9.495489472,115.448526384,-114.299218352,109.551473616,-110.700781648,-9.907360427,-9.907360427
1786021576.346154451,71.000584975,0.000000000,NONE,0,0.050123624,0.500000000,-30.500000000,0.000000000,0.445290726,-27.281315271,-0.077953376,0.054709274,-3.218684729,0.077953376,-0.217164650,-2.992168077,0.115941173,-0.218478580,-2.423963236,-0.000654625,0.001313930,-0.568204841,0.116595798,-2.142031072,-450.000000000,19.822857733,0.089511915,-0.002290236,-9.495036881,115.409266988,-114.338251452,109.590733012,-110.661748548,-9.911428866,-9.911428866
1786021576.396775007,71.051205241,0.000000000,TARGET_UPDATED,0,0.050092678,0.500000000,-30.500000000,0.000000000,0.445258008,-27.403003334,-0.077947093,0.054741992,-3.096996666,0.077947093,-0.214809508,-2.992316343,0.116491263,-0.217718917,-2.423978223,-0.000191892,0.002909409,-0.568338120,0.116683155,-2.006498129,-450.000000000,19.832304309,0.089396783,-0.002306889,-9.494615986,115.375278529,-114.372029464,109.624721471,-110.627970536,-9.916152154,-9.916152154
1786021576.445938110,71.100368885,0.000000000,NONE,0,0.049870441,0.500000000,-30.500000000,0.000000000,0.445259301,-27.500350949,-0.077941354,0.054740699,-2.999649051,0.077941354,-0.212838792,-2.992438360,0.116964675,-0.216733723,-2.423990807,0.000207595,0.003894930,-0.568447552,0.116757080,-1.919154756,-450.000000000,19.840128863,0.089305148,-0.002288636,-9.496375156,115.353882478,-114.394305100,109.646117522,-110.605694900,-9.920064431,-9.920064431
1786021576.495935202,71.150365802,0.000000000,NONE,0,0.049999057,0.500000000,-30.500000000,0.000000000,0.445311390,-27.622030691,-0.077933583,0.054688610,-2.877969309,0.077933583,-0.210264488,-2.992596428,0.117563435,-0.215246286,-2.424010111,0.000701403,0.004981797,-0.568586317,0.116862032,-1.799882770,-450.000000000,19.851013716,0.089189818,-0.002327121,-9.495682700,115.323891368,-114.423949983,109.676108632,-110.576050017,-9.925506858,-9.925506858
1786021576.545978308,71.200408996,0.000000000,NONE,0,0.050031761,0.500000000,-30.500000000,0.000000000,0.445432436,-27.743703981,-0.077925784,0.054567564,-2.756296019,0.077925784,-0.207559950,-2.992762445,0.118130329,-0.213447540,-2.424029146,0.001162285,0.005887590,-0.568733299,0.116968044,-1.695114439,-450.000000000,19.861380477,0.089072312,-0.002364115,-9.494825141,115.297484895,-114.449927675,109.702515105,-110.550072325,-9.930690239,-9.930690239
1786021576.596509218,71.250939756,0.000000000,TARGET_UPDATED,0,0.050565476,0.500000000,-31.500000000,0.000000000,0.445637182,-27.865369461,-0.077918317,0.054362818,-3.634630539,0.077918317,-0.221708501,-2.991727068,0.118637400,-0.211377979,-2.424046806,0.001560410,-0.010330521,-0.567680262,0.117076990,-3.297034617,-450.000000000,19.872002360,0.088953708,-0.002376565,-9.494208280,115.697810724,-114.049293416,109.302189276,-110.950706584,-9.936001180,-9.936001180
1786021576.645876169,71.300306938,0.000000000,NONE,0,0.049338759,0.500000000,-31.500000000,0.000000000,0.445821230,-27.987036399,-0.077911464,0.054178770,-3.512963601,0.077911464,-0.219989224,-2.991839425,0.118993853,-0.213717742,-2.424063027,0.001849888,-0.006271483,-0.567776399,0.117143966,-2.614416706,-450.000000000,19.878783444,0.088835138,-0.002371003,-9.493544350,115.526990264,-114.219781911,109.473009736,-110.780218089,-9.939391722,-9.939391722
1786021576.695986032,71.350416617,0.000000000,NONE,0,0.050119598,0.500000000,-31.500000000,0.000000000,0.445875475,-28.108714275,-0.077905598,0.054124525,-3.391285725,0.077905598,-0.218069151,-2.991971649,0.119194735,-0.215032465,-2.424074097,0.001994887,-0.003036686,-0.567897552,0.117199848,-2.398008021,-450.000000000,19.885389737,0.088717533,-0.002345442,-9.493284580,115.472823150,-114.273819140,109.527176850,-110.726180860,-9.942694869,-9.942694869
1786021576.745928764,71.400359372,0.000000000,NONE,0,0.049916169,0.500000000,-31.500000000,0.000000000,0.445889196,-28.206058643,-0.077901928,0.054110804,-3.293941357,0.077901928,-0.216426414,-2.992088878,0.119240735,-0.215179028,-2.424080208,0.002011867,-0.001247387,-0.568008670,0.117228868,-2.285327156,-450.000000000,19.889813350,0.088624631,-0.002317439,-9.494980036,115.445076798,-114.302413220,109.554923202,-110.697586780,-9.944906675,-9.944906675
1786021576.796010017,71.450440565,0.000000000,TARGET_UPDATED,0,0.050106226,0.500000000,-31.500000000,0.000000000,0.445898855,-28.327738878,-0.077898835,0.054101145,-3.172261122,0.077898835,-0.214246746,-2.992249069,0.119152654,-0.214915896,-2.424083875,0.001906152,0.000669151,-0.568165194,0.117246502,-2.123133570,-450.000000000,19.893755632,0.088509223,-0.002319803,-9.494593443,115.404431753,-114.342864968,109.595568247,-110.657135032,-9.946877816,-9.946877816
1786021576.845896959,71.500327492,0.000000000,NONE,0,0.049898852,0.500000000,-31.500000000,0.000000000,0.445923701,-28.449416554,-0.077897448,0.054076299,-3.050583446,0.077897448,-0.211926571,-2.992423809,0.118911316,-0.214100009,-2.424082828,0.001676277,0.002173438,-0.568340981,0.117235040,-1.993755086,-450.000000000,19.895296588,0.088393193,-0.002328037,-9.494050161,115.371951312,-114.375073769,109.628048688,-110.624926231,-9.947648294,-9.947648294
1786021576.895868301,71.550299123,0.000000000,NONE,0,0.049955261,0.500000000,-31.500000000,0.000000000,0.445990127,-28.571089090,-0.077897535,0.054009873,-2.928910910,0.077897535,-0.209474600,-2.992611361,0.118535612,-0.212814561,-2.424076991,0.001341003,0.003339961,-0.568534370,0.117194608,-1.881184592,-450.000000000,19.894814015,0.088277140,-0.002320863,-9.493657508,115.343710525,-114.403118229,109.656289475,-110.596881771,-9.947407008,-9.947407008
1786021576.945900202,71.600330994,0.000000000,NONE,0,0.050023646,0.500000000,-31.500000000,0.000000000,0.446116599,-28.692754638,-0.077898902,0.053883401,-2.807245362,0.077898902,-0.206893947,-2.992810015,0.118053580,-0.211200262,-2.424066734,0.000923036,0.004306315,-0.568743280,0.117130544,-1.775870700,-450.000000000,19.892787821,0.088161733,-0.002301933,-9.493434586,115.317326322,-114.429390971,109.682673678,-110.570609029,-9.946393910,-9.946393910
1786021576.996062756,71.650493309,0.000000000,TARGET_UPDATED,0,0.050200334,0.500000000,-32.500000000,0.000000000,0.446317592,-28.814411746,-0.077901324,0.053682408,-3.685588254,0.077901324,-0.220409007,-2.991867818,0.117478588,-0.209319833,-2.424052842,0.000453102,-0.011089174,-0.567814976,0.117025485,-3.301370564,-450.000000000,19.887558949,0.088047424,-0.002276191,-9.493387319,115.698689471,-114.048004189,109.301310529,-110.951995811,-9.943779475,-9.943779475
1786021577.045896530,71.700327067,0.000000000,NONE,0,0.049823020,0.500000000,-32.500000000,0.000000000,0.446460899,-28.911737595,-0.077903879,0.053539101,-3.588262405,0.077903879,-0.219080047,-2.991984768,0.116988727,-0.211304442,-2.424040884,0.000038206,-0.007775605,-0.567943884,0.116950521,-2.701700051,-450.000000000,19.885813057,0.087956889,-0.002256175,-9.495109231,115.549202321,-114.198352295,109.450797679,-110.801647705,-9.942906528,-9.942906528
1786021577.095963240,71.750393587,0.000000000,NONE,0,0.050029283,0.500000000,-32.500000000,0.000000000,0.446511422,-29.033404373,-0.077907522,0.053488578,-3.466595627,0.077907522,-0.217227500,-2.992144501,0.116361752,-0.213109323,-2.424022858,-0.000486829,-0.004118177,-0.568121644,0.116848581,-2.437199984,-450.000000000,19.881067184,0.087843982,-0.002267903,-9.494748917,115.482987225,-114.264387233,109.517012775,-110.735612767,-9.940533592,-9.940533592
1786021577.146094084,71.800524748,0.000000000,NONE,0,0.050165433,0.500000000,-32.500000000,0.000000000,0.446505969,-29.155073977,-0.077911160,0.053494031,-3.344926023,0.077911160,-0.215207501,-2.992313649,0.115769561,-0.213528742,-2.424005098,-0.000978244,-0.001678759,-0.568308551,0.116747804,-2.273684802,-450.000000000,19.876969891,0.087729954,-0.002285935,-9.494248375,115.441983294,-114.305140893,109.558016706,-110.694859107,-9.938484945,-9.938484945
1786021577.196035862,71.850466492,0.000000000,TARGET_UPDATED,0,0.049938538,-1.500000000,-31.500000000,0.000000000,0.446489956,-29.276742429,-0.077914622,-1.946489956,-2.223257571,0.077914622,-2.166270154,-2.075625980,0.112736245,-0.213219422,-2.423988341,-0.001400115,-1.953050732,0.348362361,0.114136360,-380.182483252,-291.716792865,19.646734385,0.087615548,-0.002287773,-9.493828305,120.000000000,13.907718449,-17.251630765,-116.656087685,-9.823367192,-9.823367192
1786021577.245922565,71.900353205,0.000000000,NONE,0,0.049858181,-1.500000000,-31.500000000,0.000000000,0.431412026,-29.365237082,-0.077886104,-1.931412026,-2.134762918,0.077886104,-2.198293985,-2.041792541,0.110615668,-0.831479889,-2.018211349,0.007365974,-1.366814096,-0.023581192,0.103249695,-300.876429383,-329.179996832,18.721182281,0.086435403,-0.051665447,-8.914258961,120.000000000,-6.989583830,3.641351743,-116.651767913,-9.360591140,-9.360591140
1786021577.295948267,71.950378977,0.000000000,NONE,0,0.050030465,-1.500000000,-31.500000000,0.000000000,0.378476882,-29.465074156,-0.077563365,-1.878476882,-2.034925844,0.077563365,-2.212489485,-2.027519353,0.087130479,-1.430114975,-1.864969657,0.003480196,-0.782374510,-0.162549696,0.083650283,-268.892953982,-328.391095007,17.177919062,0.082606933,-0.100257011,-8.130331499,120.000000000,-13.404730651,10.181682732,-116.776952080,-8.588959531,-8.588959531
1786021577.346295118,72.000725682,0.000000000,NONE,0,0.050355643,-1.500000000,-31.500000000,0.000000000,0.304207423,-29.563918711,-0.077062655,-1.804207423,-1.936081289,0.077062655,-2.211753484,-2.029289606,0.059094769,-1.745086345,-1.854385784,-0.026258703,-0.466667139,-0.174903822,0.085353471,-255.219045547,-327.154110910,17.724864044,0.077353188,-0.125244215,-7.467950127,120.000000000,-16.154116342,13.115487785,-116.961371443,-8.862432022,-8.862432022
1786021577.395914078,72.050344690,0.000000000,NONE,0,0.049616981,-1.500000000,-31.500000000,0.000000000,0.218903684,-29.663544181,-0.076824531,-1.718903684,-1.836455819,0.076824531,-2.203780409,-2.038507044,0.033473260,-1.897655996,-1.869852427,-0.062285276,-0.306124414,-0.168654616,0.095758536,-246.948542466,-329.279731132,18.631478723,0.071474823,-0.130883742,-6.948378455,120.000000000,-18.371016770,15.511487289,-117.140470519,-9.315739361,-9.315739361
1786021577.445925474,72.100355986,0.000000000,NONE,0,0.050020772,-1.500000000,-31.500000000,0.000000000,0.128129143,-29.763788902,-0.076874759,-1.628129143,-1.736211098,0.076874759,-2.193101789,-2.050231682,0.012307797,-1.964464729,-1.887206766,-0.091615694,-0.228637060,-0.163024916,0.103923491,-241.751716481,-332.627179870,19.159148288,0.065666331,-0.121678560,-6.582320257,120.000000000,-20.130318003,17.411105745,-117.280787742,-9.579574144,-9.579574144
1786021577.495920181,72.150350724,0.000000000,NONE,0,0.049992386,-1.500000000,-31.500000000,0.000000000,0.034783212,-29.864382402,-0.077069264,-1.534783212,-1.635617598,0.077069264,-2.182438948,-2.061626169,-0.004694297,-1.989609782,-1.901343645,-0.112144422,-0.192829166,-0.160282525,0.107450126,-238.215224266,-336.108939849,19.316010708,0.060453806,-0.102995317,-6.358195145,120.000000000,-21.544014706,18.916129063,-117.372114358,-9.658005354,-9.658005354
1786021577.545949459,72.200379927,0.000000000,TARGET_UPDATED,0,0.050038259,-1.500000000,-32.500000000,0.000000000,-0.040761619,-29.944977320,-0.077229511,-1.459238381,-2.555022680,0.077229511,-1.637137419,-2.515992719,0.054604062,-1.995343087,-1.910232814,-0.123430806,0.358205668,-0.605759904,0.178034868,-95.488759251,-450.000000000,25.601468994,0.056930076,-0.084183466,-6.270112627,120.000000000,-78.465004573,75.737677280,-117.272672707,-12.800734497,-12.800734497
1786021577.595919132,72.250349637,0.000000000,NONE,0,0.049958726,-1.500000000,-32.500000000,0.000000000,-0.130124506,-30.050285450,-0.077562361,-1.369875494,-2.449714550,0.077562361,-1.607994739,-2.534983106,0.041825692,-1.775881021,-2.109429932,-0.112279311,0.167886282,-0.425553174,0.154105004,-117.214052166,-450.000000000,22.040619755,0.054319227,-0.017297037,-6.735536402,120.000000000,-70.986335594,68.169836082,-117.183500487,-11.020309877,-11.020309877
1786021577.645995378,72.300425801,0.000000000,NONE,0,0.050011375,-1.500000000,-32.500000000,0.000000000,-0.207937022,-30.163043422,-0.077890270,-1.292062978,-2.336956578,0.077890270,-1.599015742,-2.540857860,0.028991423,-1.620317784,-2.189227013,-0.101036591,0.021302042,-0.351630847,0.130028013,-123.756380389,-450.000000000,20.356044297,0.055449275,0.055460263,-7.559059416,120.000000000,-68.906343683,65.785535021,-116.879191338,-10.178022148,-10.178022148
1786021577.695950031,72.350380589,0.000000000,NONE,0,0.050017771,-1.500000000,-32.500000000,0.000000000,-0.280629532,-30.277113394,-0.077996296,-1.219370468,-2.222886606,0.077996296,-1.601264172,-2.539486877,0.025439231,-1.556526775,-2.196064959,-0.092542154,-0.044737397,-0.343421918,0.117981385,-126.452427833,-450.000000000,19.756314180,0.059620313,0.103623508,-8.380339070,120.000000000,-68.107246383,64.668175438,-116.560929054,-9.878157090,-9.878157090
1786021577.745911121,72.400341725,0.000000000,NONE,0,0.049955070,-1.500000000,-32.500000000,0.000000000,-0.350680449,-30.391364014,-0.077963143,-1.149319551,-2.108635986,0.077963143,-1.609201445,-2.534439784,0.027599978,-1.529064524,-2.190971800,-0.084311333,-0.080136920,-0.343467983,0.111911311,-129.182324724,-450.000000000,19.453540610,0.065540233,0.126021323,-9.084458957,120.000000000,-67.296432854,63.590172004,-116.293739150,-9.726770305,-9.726770305
1786021577.795932531,72.450363023,0.000000000,TARGET_UPDATED,0,0.050043917,0.149319551,-33.500000000,0.000000000,-0.419166443,-30.505709082,-0.077879693,0.568485993,-2.994290918,0.077879693,0.340710583,-2.980709635,0.113724121,-1.519047419,-2.184331215,-0.076853206,1.859758002,-0.796378419,0.190577326,155.799627013,-450.000000000,26.658380545,0.072031785,0.128054079,-9.631320224,59.242719836,-120.000000000,116.244067894,-55.486787730,-13.329190273,-13.329190273
1786021577.845949888,72.500380638,0.000000000,NONE,0,0.049999433,0.149319551,-33.500000000,0.000000000,-0.473810537,-30.618503208,-0.077657645,0.623130088,-2.881496792,0.077657645,0.399861933,-2.973877663,0.098646723,-1.000833173,-2.153756595,-0.036980729,1.400695105,-0.820121068,0.135627452,82.435383449,-450.000000000,20.144330449,0.078297071,0.116802409,-10.027855976,83.528418905,-120.000000000,115.563412856,-79.091831761,-10.072165225,-10.072165225
1786021577.895853043,72.550283785,0.000000000,NONE,0,0.049904754,0.149319551,-33.500000000,0.000000000,-0.502192722,-30.730957832,-0.077166238,0.651512272,-2.769042168,0.077166238,0.440203385,-2.968807885,0.076148784,-0.614035423,-2.229526253,-0.022487389,1.054238808,-0.739281631,0.098636172,65.529993949,-450.000000000,17.915174449,0.083799642,0.095789788,-10.266299463,90.088799132,-120.000000000,115.313942107,-85.402741239,-8.957587225,-8.957587225
1786021577.945898294,72.600328983,0.000000000,NONE,0,0.050047183,0.149319551,-33.500000000,0.000000000,-0.515310561,-30.845871334,-0.077088392,0.664630112,-2.654128666,0.077088392,0.471491742,-2.964585154,0.047971852,-0.366279653,-2.286785357,-0.039442820,0.837771395,-0.677799797,0.087414672,56.540781974,-450.000000000,17.648875986,0.088336484,0.073136856,-10.411559483,93.750408721,-120.000000000,115.166335316,-88.916744038,-8.824437993,-8.824437993
1786021577.996007442,72.650438169,0.000000000,TARGET_UPDATED,0,0.050119159,-0.015310561,-33.500000000,0.000000000,-0.517701211,-30.938699079,-0.077407208,0.502390650,-2.561300921,0.077407208,0.311446359,-2.985865113,0.033051639,-0.212022609,-2.314876419,-0.057823377,0.523468968,-0.670988694,0.090875016,29.772306379,-450.000000000,18.186638141,0.091019526,0.050206314,-10.406021114,105.422950934,-120.000000000,114.905027564,-100.327978498,-9.093319070,-9.093319070
1786021578.046004295,72.700434974,0.000000000,TARGET_UPDATED,0,0.049989658,-0.015310561,-34.500000000,0.000000000,-0.513423414,-31.056032493,-0.078027879,0.498112853,-3.443967507,0.078027879,0.157397384,-2.998080598,0.020918378,-0.091509505,-2.366002685,-0.076530761,0.248906890,-0.632077913,0.097449139,10.638094069,-450.000000000,18.711729769,0.093100684,0.021857517,-10.298333873,112.415059951,-117.734106986,112.584940049,-107.265893014,-9.355864884,-9.355864884
1786021578.095910311,72.750341134,0.000000000,NONE,0,0.049919937,-0.015310561,-34.500000000,0.000000000,-0.505053962,-31.175323613,-0.078565021,0.489743401,-3.324676387,0.078565021,0.164507741,-2.997798372,0.005492192,-0.043626494,-2.403456761,-0.087202700,0.208134235,-0.594341611,0.092694892,12.981734832,-450.000000000,18.154499051,0.093781500,-0.003860643,-10.104980700,111.780811467,-118.271678883,113.219188533,-106.728321117,-9.077249525,-9.077249525
1786021578.145928144,72.800358879,0.000000000,NONE,0,0.050020002,-0.015310561,-34.500000000,0.000000000,-0.494811294,-31.295600837,-0.078842380,0.479500733,-3.204399163,0.078842380,0.173799791,-2.997292440,-0.004235054,-0.004918936,-2.416279500,-0.091571616,0.178718727,-0.581012939,0.087336562,11.599921848,-450.000000000,17.769713972,0.093253482,-0.023709634,-9.873578446,112.068414149,-117.868375073,112.931585851,-107.131624927,-8.884856986,-8.884856986
1786021578.195988417,72.850418973,0.000000000,TARGET_UPDATED,0,0.050050523,0.005188706,-34.500000000,0.000000000,-0.482707248,-31.416018301,-0.078851050,0.487895954,-3.083981699,0.078851050,0.203504467,-2.995415597,-0.007789763,0.033277811,-2.419716642,-0.090642002,0.170226656,-0.575698955,0.082852240,12.047717446,-450.000000000,17.475412618,0.091857039,-0.036056450,-9.647589828,111.899968096,-117.923826818,113.100031904,-107.076173182,-8.737706309,-8.737706309
1786021578.245934963,72.900365579,0.000000000,NONE,0,0.049935063,0.005188706,-34.500000000,0.000000000,-0.468900846,-31.536363791,-0.078676070,0.474089551,-2.963636209,0.078676070,0.214511887,-2.994646504,-0.002072793,0.072216930,-2.420784044,-0.085726317,0.142294957,-0.573862460,0.083653524,10.205178511,-450.000000000,17.639233588,0.089975507,-0.040815843,-9.458459167,112.313320164,-117.415909419,112.686679836,-107.584090581,-8.819616794,-8.819616794
1786021578.295926809,72.950357391,0.000000000,NONE,0,0.049997602,0.005188706,-34.500000000,0.000000000,-0.453535463,-31.656598877,-0.078429059,0.458724168,-2.843401123,0.078429059,0.224473017,-2.993884792,0.010282433,0.105289365,-2.421354713,-0.077193271,0.119183651,-0.572530079,0.087475704,9.127192227,-450.000000000,17.969373723,0.087960048,-0.039376895,-9.320407502,112.548303819,-117.111899932,112.451696181,-107.888100068,-8.984686862,-8.984686862
1786021578.346370220,73.000800759,0.000000000,NONE,0,0.050003341,0.005188706,-34.500000000,0.000000000,-0.436936480,-31.776745495,-0.078195806,0.442125186,-2.723254505,0.078195806,0.232768983,-2.993133735,0.026960310,0.132536700,-2.421853991,-0.066229891,0.100232284,-0.571279744,0.093190201,8.256817239,-450.000000000,18.409553485,0.086087634,-0.033561656,-9.237376119,112.745139720,-116.873548339,112.254860280,-108.126451661,-9.204776743,-9.204776743
1786021578.396048546,73.050479386,0.000000000,TARGET_UPDATED,0,0.050130595,0.063063520,-34.500000000,0.000000000,-0.419322146,-31.896824523,-0.078026562,0.482385666,-2.603175477,0.078026562,0.303290051,-2.986640160,0.041158535,0.155027671,-2.422346438,-0.053888906,0.148262380,-0.564293722,0.095047441,14.282826304,-450.000000000,18.464708346,0.084546709,-0.025416080,-9.204034691,111.230302097,-118.371715249,113.769697903,-106.628284751,-9.232354173,-9.232354173
1786021578.446044683,73.100475331,0.000000000,TARGET_UPDATED,0,0.049897631,0.063063520,-35.500000000,0.000000000,-0.404251274,-31.992819884,-0.077947660,0.467314794,-3.507180116,0.077947660,0.154037803,-2.997573450,0.067055228,0.186050015,-2.422728595,-0.044624915,-0.032012212,-0.574844855,0.111680142,-4.361595302,-450.000000000,19.928072220,0.083631006,-0.018204589,-9.211239269,115.893208643,-113.712410992,109.106791357,-111.287589008,-9.964036110,-9.964036110
1786021578.495938778,73.150369398,0.000000000,NONE,0,0.049974453,0.063063520,-35.500000000,0.000000000,-0.384776755,-32.112779418,-0.077897913,0.447840275,-3.387220582,0.077897913,0.152376998,-2.997194908,0.085188763,0.179169891,-2.423202116,-0.029473742,-0.026792894,-0.573992792,0.114662505,-0.356053586,-450.000000000,19.866043929,0.082908373,-0.009468823,-9.249072896,114.901281620,-114.723254828,110.098718380,-110.276745172,-9.933021965,-9.933021965
1786021578.545966625,73.200397314,0.000000000,NONE,0,0.049975688,0.063063520,-35.500000000,0.000000000,-0.366297282,-32.232839620,-0.077845982,0.429360802,-3.267160380,0.077845982,0.149907177,-2.996797447,0.101822859,0.165326112,-2.423625253,-0.014643175,-0.015418935,-0.573172194,0.116466034,0.413533317,-450.000000000,19.971611604,0.082623284,-0.001866922,-9.310543108,114.724252448,-114.931019106,110.275747552,-110.068980894,-9.985805802,-9.985805802
1786021578.596034050,73.250464677,0.000000000,TARGET_UPDATED,0,0.050129583,0.133702718,-35.500000000,0.000000000,-0.348299731,-32.352956893,-0.077793850,0.482002449,-3.147043107,0.077793850,0.212365327,-2.992591007,0.113651978,0.157348108,-2.424002707,-0.001899604,0.055017219,-0.568588300,0.115551582,6.897971230,-450.000000000,19.856166359,0.082709543,0.003954207,-9.383947543,113.121494078,-116.570479693,111.878505922,-108.429520307,-9.928083180,-9.928083180
1786021578.646126509,73.300557143,0.000000000,NONE,0,0.049939657,0.133702718,-35.500000000,0.000000000,-0.330138713,-32.473075766,-0.077744884,0.463841431,-3.026924234,0.077744884,0.210542734,-2.992203274,0.126455219,0.169306760,-2.424326948,0.007982253,0.041235974,-0.567876327,0.118472966,4.354316774,-450.000000000,20.140361520,0.083058520,0.007578610,-9.456405504,113.775522183,-115.952680570,111.224477817,-109.047319430,-10.070180760,-10.070180760
1786021578.695924044,73.350354577,0.000000000,NONE,0,0.049948635,0.133702718,-35.500000000,0.000000000,-0.311348289,-32.593155279,-0.077697221,0.445051007,-2.906844721,0.077697221,0.207749882,-2.991946780,0.136665214,0.177340607,-2.424603137,0.016417918,0.030409276,-0.567343643,0.120247297,3.708946068,-450.000000000,20.244592586,0.083545423,0.008958282,-9.517500494,113.952138606,-115.806611641,111.047861394,-109.193388359,-10.122296293,-10.122296293
1786021578.745973349,73.400403816,0.000000000,NONE,0,0.049994671,0.133702718,-35.500000000,0.000000000,-0.296061677,-32.689204982,-0.077652477,0.429764395,-2.810795018,0.077652477,0.205206766,-2.991827473,0.142919028,0.181369172,-2.424778408,0.021770469,0.023837594,-0.567049064,0.121148559,3.350451191,-450.000000000,20.293213416,0.083954955,0.008530066,-9.554375490,114.050981075,-115.726206670,110.949018925,-109.273793330,-10.146606708,-10.146606708
1786021578.796069860,73.450500296,0.000000000,TARGET_UPDATED,0,0.050144193,0.203938323,-35.500000000,0.000000000,-0.276694140,-32.809251754,-0.077599660,0.480632463,-2.690748246,0.077599660,0.277854454,-2.985733591,0.147447163,0.185733389,-2.424940398,0.026256858,0.092121065,-0.560793193,0.121190306,10.617057808,-450.000000000,20.281979511,0.084418896,0.006974071,-9.584397020,112.241834803,-117.550363707,112.758165197,-107.449636293,-10.140989755,-10.140989755
1786021578.845969200,73.500399720,0.000000000,TARGET_UPDATED,0,0.049920212,0.203938323,-36.500000000,0.000000000,-0.256578098,-32.929238813,-0.077566544,0.460516421,-3.570761187,0.077566544,0.130943521,-2.995573917,0.151419892,0.209810550,-2.425033793,0.028215395,-0.078867029,-0.570540123,0.123204497,-7.296135483,-450.000000000,20.465563814,0.084768632,0.004435749,-9.595456034,116.722897879,-113.074830138,108.277102121,-111.925169862,-10.232781907,-10.232781907
1786021578.895993948,73.550424240,0.000000000,NONE,0,0.049962300,0.203938323,-36.500000000,0.000000000,-0.236205132,-33.049205280,-0.077554988,0.440143455,-3.450794720,0.077554988,0.125511481,-2.995827400,0.150991071,0.189842040,-2.425072437,0.028414480,-0.064330558,-0.570754963,0.122576590,-2.775833318,-450.000000000,20.371756620,0.084967278,0.001426657,-9.589747131,115.591395112,-114.203478453,109.408604888,-110.796521547,-10.185878310,-10.185878310
1786021578.946128845,73.600559450,0.000000000,NONE,0,0.050169251,0.203938323,-36.500000000,0.000000000,-0.217017168,-33.169269485,-0.077556708,0.420955490,-3.330730515,0.077556708,0.121297780,-2.996139251,0.148223767,0.172776254,-2.425012701,0.026322371,-0.051478474,-0.571126550,0.121901395,-2.090385352,-450.000000000,20.326660070,0.085011675,-0.001493185,-9.572630414,115.415753941,-114.370561266,109.584246059,-110.629438734,-10.163330035,-10.163330035
1786021578.996081114,73.650511820,0.000000000,TARGET_UPDATED,0,0.049899434,0.282982832,-36.500000000,0.000000000,-0.198456936,-33.289380656,-0.077582454,0.481439768,-3.210619344,0.077582454,0.190280137,-2.992742381,0.144323753,0.161898634,-2.424884146,0.022402351,0.028381503,-0.567858235,0.121921401,5.071490890,-450.000000000,20.344961659,0.084910287,-0.003937443,-9.548550692,113.619264950,-116.155010395,111.380735050,-108.844989605,-10.172480830,-10.172480830
1786021579.045931339,73.700361943,0.000000000,NONE,0,0.049909742,0.282982832,-36.500000000,0.000000000,-0.179837727,-33.409477713,-0.077628094,0.462820560,-3.090522287,0.077628094,0.189875601,-2.993042111,0.138581929,0.173854431,-2.424694400,0.017666612,0.016021170,-0.568347711,0.120915317,2.474862260,-450.000000000,20.256994196,0.084690097,-0.005668885,-9.522074825,114.261803141,-115.499234271,110.738196859,-109.500765729,-10.128497098,-10.128497098
1786021579.095934153,73.750364856,0.000000000,NONE,0,0.049985640,0.282982832,-36.500000000,0.000000000,-0.160679374,-33.529519116,-0.077685823,0.443662206,-2.970480884,0.077685823,0.189264857,-2.993386492,0.131890373,0.181629495,-2.424475326,0.012260368,0.007635362,-0.568911166,0.119630005,2.040747642,-450.000000000,20.164456683,0.084390806,-0.006615545,-9.497101563,114.364088480,-115.384462301,110.635911520,-109.615537699,-10.082228341,-10.082228341
1786021579.146157026,73.800587598,0.000000000,NONE,0,0.050246020,0.282982832,-36.500000000,0.000000000,-0.141276825,-33.649529888,-0.077748482,0.424259657,-2.850470112,0.077748482,0.188525323,-2.993737438,0.124880806,0.186671965,-2.424242371,0.006617421,0.001853358,-0.569495067,0.118263385,1.733236499,-450.000000000,20.070279498,0.084057116,-0.006807474,-9.476934217,114.435924430,-115.302542679,110.564075570,-109.697457321,-10.035139749,-10.035139749
1786021579.196387291,73.850818049,0.000000000,TARGET_UPDATED,0,0.050194026,0.358723175,-36.500000000,0.000000000,-0.121703899,-33.769517199,-0.077811639,0.480427075,-2.730482801,0.077811639,0.268389945,-2.987848810,0.119788535,0.190407976,-2.424017498,0.001131946,0.077981970,-0.563831312,0.118656590,9.675464096,-450.000000000,20.135813979,0.083728213,-0.006378087,-9.463321149,112.446964263,-117.284696311,112.553035737,-107.715303689,-10.067906989,-10.067906989
1786021579.245905638,73.900336305,0.000000000,NONE,0,0.049543904,0.358723175,-36.500000000,0.000000000,-0.105539652,-33.865458764,-0.077858154,0.464262828,-2.634541236,0.077858154,0.269920339,-2.987909988,0.114787508,0.211576169,-2.423848058,-0.002443393,0.058344170,-0.564061930,0.117230900,6.624883125,-450.000000000,20.002309816,0.083490206,-0.005685068,-9.459483585,113.208650115,-116.521091678,111.791349885,-108.478908322,-10.001154908,-10.001154908
1786021579.296539545,73.950970103,0.000000000,TARGET_UPDATED,0,0.050641299,0.358723175,-37.500000000,0.000000000,-0.084205372,-33.985285690,-0.077905029,0.442928548,-3.514714310,0.077905029,0.124033577,-2.997833931,0.106127666,0.232984802,-2.423672777,-0.006564886,-0.108951225,-0.574161154,0.112692552,-9.064454752,-450.000000000,19.626637606,0.083241745,-0.004685405,-9.458034300,117.130622263,-112.598394887,107.869377737,-112.401605113,-9.813318803,-9.813318803
1786021579.346114635,74.000545217,0.000000000,NONE,0,0.049484119,0.358723175,-37.500000000,0.000000000,-0.062882413,-34.105109281,-0.077946720,0.421605589,-3.394890719,0.077946720,0.119484715,-2.998181025,0.101509860,0.211982889,-2.423542166,-0.011140829,-0.092498175,-0.574638859,0.112650689,-4.496375496,-450.000000000,19.715266009,0.083050925,-0.003646436,-9.461377795,115.989438323,-113.741250575,109.010561677,-111.258749425,-9.857633004,-9.857633004
1786021579.396012306,74.050442827,0.000000000,TARGET_UPDATED,0,0.049988941,0.437117587,-37.500000000,0.000000000,-0.043066172,-34.225055113,-0.077994143,0.480183759,-3.274944887,0.077994143,0.186146108,-2.994852764,0.099466047,0.187976352,-2.423439017,-0.014334529,-0.001830245,-0.571413746,0.113800576,3.396838572,-450.000000000,19.822451241,0.082911902,-0.002660062,-9.468409031,114.017892615,-115.716311901,110.982107385,-109.283688099,-9.911225621,-9.911225621
1786021579.445970774,74.100401285,0.000000000,NONE,0,0.049956902,0.437117587,-37.500000000,0.000000000,-0.023663959,-34.345036878,-0.078025237,0.460781546,-3.154963122,0.078025237,0.185181361,-2.994968753,0.097815589,0.191336112,-2.423421151,-0.015352172,-0.006154751,-0.571547603,0.113167762,1.219800475,-450.000000000,19.745310969,0.082766706,-0.003013774,-9.461525783,114.560431327,-115.170331565,110.439568673,-109.829668435,-9.872655485,-9.872655485
1786021579.495911598,74.150342253,0.000000000,NONE,0,0.049953367,0.437117587,-37.500000000,0.000000000,-0.004071111,-34.464999887,-0.078031540,0.441188698,-3.035000113,0.078031540,0.183822162,-2.995061896,0.097538313,0.192197357,-2.423369825,-0.015357002,-0.008375195,-0.571692071,0.112895315,1.104553054,-450.000000000,19.736272651,0.082665332,-0.002032469,-9.471487756,114.591733676,-115.144010202,110.408266324,-109.855989798,-9.868136325,-9.868136325
1786021579.545949936,74.200380661,0.000000000,NONE,0,0.049984787,0.437117587,-37.500000000,0.000000000,0.011576548,-34.560972533,-0.078023184,0.425541038,-2.939027467,0.078023184,0.182562590,-2.995111480,0.098362899,0.191502870,-2.423380322,-0.014594810,-0.008940280,-0.571731158,0.112957709,1.081554799,-450.000000000,19.750165599,0.082616468,-0.001422007,-9.481942384,114.600096896,-115.140874296,110.399903104,-109.859125704,-9.875082799,-9.875082799
1786021579.596008778,74.250439252,0.000000000,TARGET_UPDATED,0,0.050117300,0.500000000,-37.500000000,0.000000000,0.031079668,-34.680944923,-0.078000307,0.468920332,-2.819055077,0.078000307,0.245985409,-2.990485466,0.100880949,0.190220334,-2.423437844,-0.012749642,0.055765075,-0.567047622,0.113630590,7.564245143,-450.000000000,19.812292575,0.082581329,-0.000909889,-9.492529942,112.982071200,-116.764193771,112.017928800,-108.235806229,-9.906146288,-9.906146288
1786021579.645924568,74.300355280,0.000000000,NONE,0,0.049909426,0.500000000,-37.500000000,0.000000000,0.050913435,-34.800893461,-0.077966955,0.449086565,-2.699106539,0.077966955,0.246556806,-2.990330186,0.103983272,0.205500761,-2.423528184,-0.010004910,0.041056045,-0.566802003,0.113988182,5.110360968,-450.000000000,19.833907226,0.082559649,-0.000705050,-9.501084972,113.597681001,-116.152861485,111.402318999,-108.847138515,-9.916953613,-9.916953613
1786021579.696116447,74.350547178,0.000000000,TARGET_UPDATED,0,0.050150746,0.500000000,-38.500000000,0.000000000,0.071568743,-34.920779266,-0.077925753,0.428431257,-3.579220734,0.077925753,0.110068714,-2.998312979,0.108014392,0.218281368,-2.423649513,-0.006945555,-0.108212654,-0.574663466,0.114959947,-8.852171354,-450.000000000,19.917025527,0.082536331,-0.000768539,-9.506863138,117.089758623,-112.663672946,107.910241377,-112.336327054,-9.958512763,-9.958512763
1786021579.745936394,74.400366938,0.000000000,NONE,0,0.049839382,0.500000000,-38.500000000,0.000000000,0.091725427,-35.040713040,-0.077883030,0.408274573,-3.459286960,0.077883030,0.105564389,-2.998308770,0.112466228,0.188898247,-2.423789149,-0.003570140,-0.083333858,-0.574519621,0.116036368,-3.932274700,-450.000000000,19.997487502,0.082496081,-0.001058201,-9.508969579,115.860311070,-113.894173720,109.139688930,-111.105826280,-9.998743751,-9.998743751
1786021579.796342850,74.450773441,0.000000000,TARGET_UPDATED,0,0.050420237,0.500000000,-38.500000000,0.000000000,0.106733375,-35.136757268,-0.077848849,0.393266625,-3.363242732,0.077848849,0.102641538,-2.998267907,0.116147622,0.170257054,-2.423892272,-0.000542134,-0.067615516,-0.574375635,0.116689756,-3.207342139,-450.000000000,20.037527487,0.082447212,-0.001362254,-9.510333599,115.679418934,-114.075747865,109.320581066,-110.924252135,-10.018763743,-10.018763743
1786021579.845938921,74.500369514,0.000000000,NONE,0,0.049595694,0.500000000,-38.500000000,0.000000000,0.124673575,-35.256886799,-0.077804015,0.375326425,-3.243113201,0.077804015,0.099443580,-2.998199235,0.120551299,0.153399473,-2.424023268,0.003121587,-0.053955894,-0.574175967,0.117429713,-2.456259350,-450.000000000,20.094197351,0.082365826,-0.001790842,-9.507706785,115.490991534,-114.262861859,109.509008466,-110.737138141,-10.047098675,-10.047098675
1786021579.895939350,74.550369838,0.000000000,NONE,0,0.049976770,0.500000000,-38.500000000,0.000000000,0.141872885,-35.377084400,-0.077760752,0.358127115,-3.122915600,0.077760752,0.096669355,-2.998127431,0.124467247,0.140141773,-2.424139662,0.006405915,-0.043472418,-0.573987769,0.118061332,-1.919943665,-450.000000000,20.139079363,0.082258566,-0.002294309,-9.502313372,115.355564259,-114.395592427,109.644435741,-110.604407573,-10.069539682,-10.069539682
1786021579.945909739,74.600340406,0.000000000,NONE,0,0.049988205,0.500000000,-38.500000000,0.000000000,0.155205318,-35.473282825,-0.077728838,0.344794682,-3.026717175,0.077728838,0.094667398,-2.998079408,0.127090270,0.131661112,-2.424228671,0.008607885,-0.036993714,-0.573850737,0.118482385,-1.630581442,-450.000000000,20.167299213,0.082162624,-0.002492064,-9.500874792,115.282864058,-114.467573338,109.717135942,-110.532426662,-10.083649606,-10.083649606
1786021579.995944262,74.650374896,0.000000000,TARGET_UPDATED,0,0.050051786,0.500000000,-38.500000000,0.000000000,0.171429828,-35.593572737,-0.077696257,0.328570172,-2.906427263,0.077696257,0.092367372,-2.998042032,0.129594892,0.122647472,-2.424319760,0.010634030,-0.030280100,-0.573722272,0.118960862,-1.244515301,-450.000000000,20.204906322,0.082036163,-0.002681490,-9.497075786,115.185397772,-114.563140121,109.814602228,-110.436859879,-10.102453161,-10.102453161
1786021580.045907021,74.700337501,0.000000000,NONE,0,0.049952166,0.500000000,-38.500000000,0.000000000,0.187244157,-35.713901323,-0.077675157,0.312755843,-2.786098677,0.077675157,0.090241862,-2.998038619,0.131133756,0.115464316,-2.424385763,0.011845437,-0.025222454,-0.573652856,0.119288318,-0.993085901,-450.000000000,20.227803326,0.081905665,-0.002777352,-9.493860052,115.121736488,-114.625193538,109.878263512,-110.374806462,-10.113901663,-10.113901663
1786021580.096007109,74.750437865,0.000000000,TARGET_UPDATED,0,0.050101633,0.500000000,-39.500000000,0.000000000,0.202730570,-35.834260245,-0.077665216,0.297269430,-3.665739755,0.077665216,-0.002174110,-2.999359206,0.131952159,0.109727293,-2.424424146,0.012212252,-0.111901403,-0.574935060,0.119739908,-8.416647677,-450.000000000,20.264872245,0.081775553,-0.002776575,-9.491652991,116.977075167,-112.768751329,108.022924833,-112.231248671,-10.132436123,-10.132436123
1786021580.145983219,74.800413903,0.000000000,NONE,0,0.049906478,0.500000000,-39.500000000,0.000000000,0.217423068,-35.954686134,-0.077663886,0.282576932,-3.545313866,0.077663886,-0.006208960,-2.999389185,0.131138259,0.084052555,-2.424437282,0.011792799,-0.090261515,-0.574951904,0.119345460,-4.958449138,-450.000000000,20.223321819,0.081650048,-0.002713824,-9.490389827,116.112209741,-113.632985172,108.887790259,-111.367014828,-10.111660909,-10.111660909
1786021580.195997238,74.850427724,0.000000000,TARGET_UPDATED,0,0.050094254,0.500000000,-39.500000000,0.000000000,0.230850932,-36.075215111,-0.077669905,0.269149068,-3.424784889,0.077669905,-0.009522495,-2.999459191,0.129333929,0.064090522,-2.424410174,0.010440180,-0.073613016,-0.575049017,0.118893749,-4.065135035,-450.000000000,20.193566480,0.081531080,-0.002604535,-9.490133772,115.888817202,-113.856249684,109.111182798,-111.143750316,-10.096783240,-10.096783240
1786021580.245837450,74.900268122,0.000000000,NONE,0,0.049832948,0.500000000,-39.500000000,0.000000000,0.243462534,-36.195808582,-0.077686252,0.256537466,-3.304191418,0.077686252,-0.012376275,-2.999561934,0.126704892,0.049556815,-2.424354668,0.008311877,-0.061933090,-0.575207266,0.118393014,-3.466825679,-450.000000000,20.160433917,0.081416742,-0.002481395,-9.490332651,115.739289583,-114.005876743,109.260710417,-110.994123257,-10.080216959,-10.080216959
1786021580.295922995,74.950353509,0.000000000,NONE,0,0.050081167,0.500000000,-39.500000000,0.000000000,0.255429527,-36.316450961,-0.077712055,0.244570473,-3.183549039,0.077712055,-0.014842298,-2.999686622,0.123482776,0.037976933,-2.424274239,0.005654340,-0.052819230,-0.575412382,0.117828436,-2.976918588,-450.000000000,20.122638951,0.081305299,-0.002363006,-9.490744829,115.616915854,-114.128456560,109.383084146,-110.871543440,-10.061319475,-10.061319475
1786021580.345910788,75.000341282,0.000000000,NONE,0,0.049991287,0.500000000,-39.500000000,0.000000000,0.266874361,-36.437131202,-0.077744104,0.233125639,-3.062868798,0.077744104,-0.016969059,-2.999821307,0.119931241,0.028651427,-2.424176716,0.002729746,-0.045620487,-0.575644592,0.117201495,-2.587343505,-450.000000000,20.080414855,0.081195486,-0.002258151,-9.491126426,115.519617483,-114.225945730,109.480382517,-110.774054270,-10.040207428,-10.040207428
1786021580.395987988,75.050418500,0.000000000,TARGET_UPDATED,0,0.050088002,0.500000000,-39.500000000,0.000000000,0.275722293,-36.533696737,-0.077771859,0.224277707,-2.966303263,0.077771859,-0.018456440,-2.999928471,0.117036621,0.022587591,-2.424092576,0.000343426,-0.041044031,-0.575835894,0.116693195,-2.368929329,-450.000000000,20.050149172,0.081108445,-0.002185224,-9.493017507,115.465486709,-114.281022044,109.534513291,-110.718977956,-10.025074586,-10.025074586
1786021580.445956469,75.100386815,0.000000000,NONE,0,0.049949936,0.500000000,-39.500000000,0.000000000,0.286461270,-36.654425070,-0.077805235,0.213538730,-2.845574930,0.077805235,-0.020075236,-3.000054033,0.113549587,0.016073203,-2.423986562,-0.002457995,-0.036148439,-0.576067471,0.116007583,-2.072430531,-450.000000000,20.001475776,0.080999964,-0.002141281,-9.492870399,115.391325232,-114.355109967,109.608674768,-110.644890033,-10.000737888,-10.000737888
1786021580.495947838,75.150378357,0.000000000,NONE,0,0.049980330,0.500000000,-39.500000000,0.000000000,0.296897716,-36.775173041,-0.077833283,0.203102284,-2.724826959,0.077833283,-0.021449587,-3.000162950,0.110420721,0.010781166,-2.423887087,-0.004960974,-0.032230753,-0.576275863,0.115381695,-1.860522701,-450.000000000,19.961750320,0.080891378,-0.002110047,-9.492581817,115.338276130,-114.408014779,109.661723870,-110.591985221,-9.980875160,-9.980875160
1786021580.546028137,75.200458667,0.000000000,TARGET_UPDATED,0,0.050053287,0.500000000,-40.500000000,0.000000000,0.307088268,-36.895936618,-0.077855778,0.192911732,-3.604063382,0.077855778,-0.084009455,-2.999198019,0.106733678,0.006477480,-2.423800550,-0.007037620,-0.090486935,-0.575397469,0.113771298,-6.915154947,-450.000000000,19.832218932,0.080784387,-0.002071437,-9.492495677,116.601912656,-113.144335182,108.398087344,-111.855664818,-9.916109466,-9.916109466
1786021580.596148729,75.250579403,0.000000000,TARGET_UPDATED,0,0.050176409,0.500000000,-40.500000000,0.000000000,0.316739832,-37.016740456,-0.077875282,0.183260168,-3.483259544,0.077875282,-0.086505619,-2.999198984,0.104725796,-0.011015771,-2.423734817,-0.008968933,-0.075489848,-0.575464166,0.113694728,-4.574757706,-450.000000000,19.860359046,0.080679869,-0.002034039,-9.492604656,116.016840590,-113.729461737,108.983159410,-111.270538263,-9.930179523,-9.930179523
1786021580.646148205,75.300578732,0.000000000,NONE,0,0.049780960,0.500000000,-40.500000000,0.000000000,0.325460442,-37.137616877,-0.077893277,0.174539558,-3.362383123,0.077893277,-0.088349470,-2.999187388,0.103542016,-0.026310535,-2.423684963,-0.010157727,-0.062038935,-0.575502425,0.113699743,-3.813312524,-450.000000000,19.865166895,0.080577772,-0.001992643,-9.492873359,115.826546471,-113.919890209,109.173453529,-111.080109791,-9.932583447,-9.932583447
1786021580.696022987,75.350453720,0.000000000,NONE,0,0.050072593,0.500000000,-40.500000000,0.000000000,0.333550875,-37.258542443,-0.077903379,0.166449125,-3.241457557,0.077903379,-0.089729968,-2.999157409,0.103239905,-0.037538352,-2.423659728,-0.010478407,-0.052191615,-0.575497680,0.113718312,-3.309048695,-450.000000000,19.869583849,0.080479284,-0.001950781,-9.493472488,115.700630296,-114.046105948,109.299369704,-110.953894052,-9.934791924,-9.934791924
1786021580.745887280,75.400317779,0.000000000,NONE,0,0.049838393,0.500000000,-40.500000000,0.000000000,0.341136923,-37.379507934,-0.077902819,0.158863077,-3.120492066,0.077902819,-0.090710444,-2.999107634,0.103826413,-0.046667016,-2.423658671,-0.010021688,-0.044043428,-0.575448964,0.113848101,-2.862863360,-450.000000000,19.883739470,0.080384523,-0.001917499,-9.494236965,115.589275081,-114.157843401,109.410724919,-110.842156599,-9.941869735,-9.941869735
1786021580.795988560,75.450419153,0.000000000,TARGET_UPDATED,0,0.050144572,0.500000000,-40.500000000,0.000000000,0.348307731,-37.500507159,-0.077891972,0.151692269,-2.999492841,0.077891972,-0.091331859,-2.999038587,0.105248054,-0.054126754,-2.423681788,-0.008872706,-0.037205105,-0.575356799,0.114120760,-2.486013332,-450.000000000,19.908520104,0.080292691,-0.001897530,-9.495142561,115.495288973,-114.252282307,109.504711027,-110.747717693,-9.954260052,-9.954260052
1786021580.845961571,75.500391885,0.000000000,NONE,0,0.049931011,0.500000000,-40.500000000,0.000000000,0.355139282,-37.621534999,-0.077872837,0.144860718,-2.878465001,0.077872837,-0.091631471,-2.998952731,0.107380595,-0.060189407,-2.423726764,-0.007150341,-0.031442064,-0.575225967,0.114530937,-2.164582996,-450.000000000,19.942869230,0.080202239,-0.001895725,-9.495933577,115.415129143,-114.332837645,109.584870857,-110.667162355,-9.971434615,-9.971434615
1786021580.896173716,75.550604417,0.000000000,NONE,0,0.050210784,0.500000000,-40.500000000,0.000000000,0.361691781,-37.742587519,-0.077848149,0.138308219,-2.757412481,0.077848149,-0.091639618,-2.998854461,0.110044787,-0.065149689,-2.423789306,-0.005006673,-0.026489929,-0.575065155,0.115051460,-1.884984283,-450.000000000,19.984346179,0.080111248,-0.001910355,-9.496552885,115.345384292,-114.402892150,109.654615708,-110.597107850,-9.992173089,-9.992173089
1786021580.946016312,75.600446859,0.000000000,TARGET_UPDATED,0,0.049830161,0.500000000,-41.500000000,0.000000000,0.368013595,-37.863661559,-0.077820519,0.131986405,-3.636338441,0.077820519,-0.132576631,-2.997229795,0.112530297,-0.069216286,-2.423863997,-0.002607060,-0.063360346,-0.573365798,0.115137357,-5.375201614,-450.000000000,19.984584645,0.080017901,-0.001938601,-9.496777315,116.217994732,-113.530393925,108.782005268,-111.469606075,-9.992292322,-9.992292322
1786021580.995996714,75.650427371,0.000000000,TARGET_UPDATED,0,0.050036104,0.500000000,-41.500000000,0.000000000,0.373847548,-37.984778333,-0.077793623,0.126152452,-3.515221667,0.077793623,-0.133240317,-2.997080220,0.115645268,-0.083716887,-2.423947286,-0.000335181,-0.049523430,-0.573132934,0.115980449,-3.538181292,-450.000000000,20.061628600,0.079920700,-0.001979645,-9.496588665,115.758692489,-113.989601843,109.241307511,-111.010398157,-10.030814300,-10.030814300
1786021581.045964241,75.700394792,0.000000000,NONE,0,0.049953588,0.500000000,-41.500000000,0.000000000,0.378024319,-38.081713627,-0.077773305,0.121975681,-3.418286373,0.077773305,-0.133402988,-2.996977437,0.118065364,-0.092193439,-2.424011474,0.001559224,-0.041209549,-0.572965963,0.116506140,-3.152553356,-450.000000000,20.095010772,0.079839955,-0.002008765,-9.497814453,115.662591952,-114.086315274,109.337408048,-110.913684726,-10.047505386,-10.047505386
1786021581.096014738,75.750445347,0.000000000,NONE,0,0.049959282,0.500000000,-41.500000000,0.000000000,0.382824516,-38.202919661,-0.077748436,0.117175484,-3.297080339,0.077748436,-0.133267847,-2.996871631,0.120834396,-0.100834090,-2.424089782,0.003735331,-0.032433758,-0.572781849,0.117099065,-2.615870153,-450.000000000,20.140785264,0.079735033,-0.002073631,-9.496739023,115.528152294,-114.220217217,109.471847706,-110.779782783,-10.070392632,-10.070392632
1786021581.146037817,75.800468277,0.000000000,NONE,0,0.050118035,0.500000000,-41.500000000,0.000000000,0.387235802,-38.324160321,-0.077725688,0.112764198,-3.175839679,0.077725688,-0.132783700,-2.996796507,0.123174968,-0.107595262,-2.424163594,0.005611526,-0.025188439,-0.572632913,0.117563442,-2.206731312,-450.000000000,20.173635106,0.079621956,-0.002207469,-9.494335466,115.425266695,-114.321901038,109.574733305,-110.678098962,-10.086817553,-10.086817553
1786021581.195992231,75.850422874,0.000000000,TARGET_UPDATED,0,0.049964200,0.500000000,-41.500000000,0.000000000,0.391345572,-38.445427614,-0.077705355,0.108654428,-3.054572386,0.077705355,-0.132015753,-2.996755489,0.124956603,-0.112786422,-2.424218694,0.007051630,-0.019229331,-0.572536795,0.117904973,-1.865262047,-450.000000000,20.198057642,0.079506233,-0.002203385,-9.493063356,115.339581351,-114.406950327,109.660418649,-110.593049673,-10.099028821,-10.099028821
1786021581.245919943,75.900350554,0.000000000,NONE,0,0.049923082,0.500000000,-41.500000000,0.000000000,0.395223974,-38.566715225,-0.077688689,0.104776026,-2.933284775,0.077688689,-0.131015041,-2.996750792,0.126093992,-0.116675136,-2.424260152,0.007964819,-0.014339906,-0.572490640,0.118129172,-1.581026187,-450.000000000,20.214355704,0.079391767,-0.002157512,-9.492291825,115.268329503,-114.477816409,109.731670497,-110.522183591,-10.107177852,-10.107177852
1786021581.295974255,75.950404791,0.000000000,NONE,0,0.050049705,0.500000000,-41.500000000,0.000000000,0.398924991,-38.688017947,-0.077677496,0.101075009,-2.811982053,0.077677496,-0.129815569,-2.996783653,0.126537304,-0.119584211,-2.424284274,0.008290497,-0.010231358,-0.572499379,0.118246807,-1.335694536,-450.000000000,20.223408683,0.079280397,-0.002093243,-9.491960849,115.206913846,-114.539066578,109.793086154,-110.460933422,-10.111704341,-10.111704341
1786021581.345975637,76.000405950,0.000000000,TARGET_UPDATED,0,0.050010211,0.500000000,-42.500000000,0.000000000,0.402492648,-38.809331237,-0.077673040,0.097507352,-3.690668763,0.077673040,-0.157836237,-2.995445587,0.126364293,-0.121678265,-2.424289048,0.008027382,-0.036157972,-0.571156539,0.118336911,-3.877216847,-450.000000000,20.232126382,0.079173123,-0.002024071,-9.491989549,115.842301599,-113.903693176,109.157698401,-111.096306824,-10.116063191,-10.116063191
1786021581.396191835,76.050622376,0.000000000,TARGET_UPDATED,0,0.050202883,0.500000000,-42.500000000,0.000000000,0.405134037,-38.906398067,-0.077674450,0.094865963,-3.593601933,0.077674450,-0.157545295,-2.995490194,0.125669999,-0.129258533,-2.424279969,0.007423057,-0.028286763,-0.571210225,0.118246941,-2.726062703,-450.000000000,20.225202811,0.079090613,-0.001976250,-9.493808130,115.554967708,-114.191936357,109.445032292,-110.808063643,-10.112601405,-10.112601405
1786021581.445929527,76.100359438,0.000000000,NONE,0,0.049734507,0.500000000,-42.500000000,0.000000000,0.408012059,-39.027763291,-0.077681896,0.091987941,-3.472236709,0.077681896,-0.156879064,-2.995585086,0.124243822,-0.136942898,-2.424247909,0.006223189,-0.019936166,-0.571337177,0.118020633,-2.204414090,-450.000000000,20.209537842,0.078990625,-0.001960273,-9.493825966,115.424560014,-114.322352969,109.575439986,-110.677647031,-10.104768921,-10.104768921
1786021581.495892763,76.150323371,0.000000000,NONE,0,0.049958995,0.500000000,-42.500000000,0.000000000,0.410588681,-39.149149412,-0.077694614,0.089411319,-3.350850588,0.077694614,-0.155970864,-2.995711990,0.122330630,-0.141877795,-2.424199803,0.004625330,-0.014093070,-0.571512187,0.117705300,-1.891571779,-450.000000000,20.188643272,0.078891870,-0.001961025,-9.493800772,115.346343138,-114.400557248,109.653656862,-110.599442752,-10.094321636,-10.094321636
1786021581.545973539,76.200404198,0.000000000,NONE,0,0.050054006,0.500000000,-42.500000000,0.000000000,0.412953942,-39.270548579,-0.077711455,0.087046058,-3.229451421,0.077711455,-0.154864659,-2.995860943,0.120091869,-0.145355033,-2.424139319,0.002762964,-0.009509627,-0.571721624,0.117328906,-1.625788089,-450.000000000,20.164024128,0.078793754,-0.001961637,-9.493833232,115.279905330,-114.467011286,109.720094670,-110.532988714,-10.082012064,-10.082012064
1786021581.595964432,76.250395076,0.000000000,TARGET_UPDATED,0,0.050052992,0.500000000,-42.500000000,0.000000000,0.415168538,-39.391955548,-0.077730991,0.084831462,-3.108044452,0.077730991,-0.153585234,-2.996022769,0.117702521,-0.147694129,-2.424071438,0.000781118,-0.005891105,-0.571951331,0.116921403,-1.409274428,-450.000000000,20.137803421,0.078695790,-0.001961791,-9.493872528,115.225786739,-114.521149525,109.774213261,-110.478850475,-10.068901711,-10.068901711
1786021581.645948410,76.300378972,0.000000000,NONE,0,0.049945178,0.500000000,-42.500000000,0.000000000,0.417284164,-39.513366087,-0.077751755,0.082715836,-2.986633913,0.077751755,-0.152152507,-2.996189086,0.115336802,-0.149070832,-2.424001566,-0.001177695,-0.003081674,-0.572187520,0.116514498,-1.235932761,-450.000000000,20.112224088,0.078597559,-0.001960996,-9.493873069,115.182451458,-114.564485077,109.817548542,-110.435514923,-10.056112044,-10.056112044
1786021581.695970297,76.350400941,0.000000000,NONE,0,0.050035231,0.500000000,-42.500000000,0.000000000,0.419343159,-39.634776973,-0.077772141,0.080656841,-2.865223027,0.077772141,-0.150580912,-2.996352835,0.113155720,-0.149666312,-2.423934833,-0.002974443,-0.000914600,-0.572418001,0.116130162,-1.096174014,-450.000000000,20.088691666,0.078498843,-0.001957630,-9.493864941,115.147509739,-114.599422732,109.852490261,-110.400577268,-10.044345833,-10.044345833
1786021581.745913506,76.400344109,0.000000000,NONE,0,0.049936200,0.500000000,-42.500000000,0.000000000,0.421379380,-39.756185878,-0.077790268,0.078620620,-2.743814122,0.077790268,-0.148879709,-2.996508477,0.111298075,-0.149637501,-2.423875716,-0.004487198,0.000757793,-0.572632761,0.115785274,-0.981329320,-450.000000000,20.068215112,0.078399687,-0.001950798,-9.493830738,115.118790014,-114.628125355,109.881209986,-110.371874645,-10.034107556,-10.034107556
1786021581.795936346,76.450366839,0.000000000,TARGET_UPDATED,0,0.050047049,0.500000000,-43.500000000,0.000000000,0.423421262,-39.877591076,-0.077804665,0.076578738,-3.622408924,0.077804665,-0.171189882,-2.995368390,0.109921599,-0.149079596,-2.423827809,-0.005631245,-0.022110285,-0.571540581,0.115552845,-3.185036358,-450.000000000,20.057099002,0.078300365,-0.001939502,-9.493835348,115.669717926,-114.077199747,109.330282074,-110.922800253,-10.028549501,-10.028549501
1786021581.845905781,76.500336251,0.000000000,NONE,0,0.049949543,0.500000000,-43.500000000,0.000000000,0.424949419,-39.974721628,-0.077812660,0.075050581,-3.525278372,0.077812660,-0.170608139,-2.995431974,0.109103059,-0.153839453,-2.423800793,-0.006250879,-0.016768686,-0.571631180,0.115353938,-2.291602290,-450.000000000,20.046718492,0.078220818,-0.001930699,-9.495373775,115.446744016,-114.300942871,109.553255984,-110.699057129,-10.023359246,-10.023359246
1786021581.895908594,76.550339265,0.000000000,NONE,0,0.050000331,0.500000000,-43.500000000,0.000000000,0.426596769,-40.096153530,-0.077817238,0.073403231,-3.403846470,0.077817238,-0.169629604,-2.995507467,0.108562138,-0.158217882,-2.423778272,-0.006632740,-0.011411722,-0.571729195,0.115194878,-1.954388665,-450.000000000,20.039265197,0.078120601,-0.001948791,-9.494987599,115.362344066,-114.385149733,109.637655934,-110.614850267,-10.019632598,-10.019632598
1786021581.947848082,76.602278747,0.000000000,NONE,0,0.051853062,0.500000000,-43.500000000,0.000000000,0.428085018,-40.217596487,-0.077816050,0.071914982,-3.282403513,0.077816050,-0.168445500,-2.995573156,0.108591385,-0.160534439,-2.423772714,-0.006577128,-0.007911061,-0.571800442,0.115168513,-1.765084727,-450.000000000,20.043078315,0.078019035,-0.001967775,-9.494763530,115.314962064,-114.432419701,109.685037936,-110.567580299,-10.021539157,-10.021539157
1786021581.996037006,76.650467868,0.000000000,TARGET_UPDATED,0,0.048241463,0.500000000,-43.500000000,0.000000000,0.429479898,-40.339046110,-0.077810390,0.070520102,-3.160953890,0.077810390,-0.167087064,-2.995627428,0.109182209,-0.161792614,-2.423783954,-0.006085869,-0.005294450,-0.571843474,0.115268078,-1.599743495,-450.000000000,20.055400487,0.077917256,-0.001974696,-9.494069673,115.273453292,-114.473581544,109.726546708,-110.526418456,-10.027700243,-10.027700243
1786021582.045939207,76.700369865,0.000000000,NONE,0,0.049934503,0.500000000,-43.500000000,0.000000000,0.430826537,-40.460499626,-0.077800734,0.069173463,-3.039500374,0.077800734,-0.165573720,-2.995670756,0.110277891,-0.162202129,-2.423810804,-0.005180749,-0.003371591,-0.571859952,0.115458640,-1.476172640,-450.000000000,20.073374897,0.077816439,-0.001959583,-9.493926892,115.242524883,-114.504438563,109.757475117,-110.495561437,-10.036687449,-10.036687449
1786021582.095916271,76.750347044,0.000000000,NONE,0,0.050000291,0.500000000,-43.500000000,0.000000000,0.432159215,-40.581955057,-0.077787378,0.067840785,-2.918044943,0.077787378,-0.163919172,-2.995705276,0.111780490,-0.162022218,-2.423850799,-0.003937178,-0.001896954,-0.571854477,0.115717668,-1.370750361,-450.000000000,20.095764148,0.077717643,-0.001933218,-9.494058663,115.216202256,-114.530827075,109.783797744,-110.469172925,-10.047882074,-10.047882074
1786021582.145892620,76.800323252,0.000000000,NONE,0,0.049955646,0.500000000,-43.500000000,0.000000000,0.433503886,-40.703410968,-0.077770614,0.066496114,-2.796589032,0.077770614,-0.162130037,-2.995734569,0.113564275,-0.161372896,-2.423900569,-0.002453050,-0.000757142,-0.571834001,0.116017325,-1.281228504,-450.000000000,20.120455863,0.077621013,-0.001906612,-9.494349531,115.193894509,-114.553280257,109.806105491,-110.446719743,-10.060227931,-10.060227931
1786021582.195932388,76.850363075,0.000000000,TARGET_UPDATED,0,0.050055640,0.500000000,-44.500000000,0.000000000,0.434880262,-40.824866256,-0.077751258,0.065119738,-3.675133744,0.077751258,-0.180037553,-2.994641672,0.115367102,-0.160376666,-2.423956238,-0.000853242,-0.019660887,-0.570685433,0.116220344,-3.108718068,-450.000000000,20.135633403,0.077526124,-0.001886222,-9.494723544,115.650860403,-114.096501369,109.349139597,-110.903498631,-10.067816701,-10.067816701
1786021582.245993614,76.900424473,0.000000000,NONE,0,0.050034006,0.500000000,-44.500000000,0.000000000,0.436153881,-40.946331660,-0.077730626,0.063846119,-3.553668340,0.077730626,-0.179047110,-2.994626820,0.117247402,-0.164734602,-2.424014947,0.000673224,-0.014312508,-0.570611873,0.116574178,-2.286657750,-450.000000000,20.166334109,0.077432119,-0.001879819,-9.495015719,115.445418367,-114.302089492,109.554581633,-110.697910508,-10.083167054,-10.083167054
1786021582.295973301,76.950404042,0.000000000,NONE,0,0.049999604,0.500000000,-44.500000000,0.000000000,0.437020458,-41.043516923,-0.077714230,0.062979542,-3.456483077,0.077714230,-0.178059569,-2.994629094,0.118660260,-0.166887383,-2.424053651,0.001821433,-0.011172186,-0.570575443,0.116838827,-2.125782408,-450.000000000,20.184010935,0.077352143,-0.002009287,-9.495058073,115.405210120,-114.342318916,109.594789880,-110.657681084,-10.092005467,-10.092005467
1786021582.345907450,77.000338103,0.000000000,NONE,0,0.049928123,0.500000000,-44.500000000,0.000000000,0.438008547,-41.165007893,-0.077695595,0.061991453,-3.334992107,0.077695595,-0.176653680,-2.994649520,0.120208536,-0.168529710,-2.424109660,0.003036460,-0.008123970,-0.570539860,0.117172076,-1.921057604,-450.000000000,20.208719902,0.077251459,-0.002015072,-9.494659570,115.353929293,-114.393400491,109.646070707,-110.606599509,-10.104359951,-10.104359951
1786021582.395987511,77.050418171,0.000000000,TARGET_UPDATED,0,0.050090105,0.500000000,-44.500000000,0.000000000,0.438928134,-41.286505833,-0.077680602,0.061071866,-3.213494167,0.077680602,-0.175073255,-2.994691879,0.121437346,-0.169344406,-2.424154097,0.003992092,-0.005728849,-0.570537782,0.117445254,-1.764211923,-450.000000000,20.226621539,0.077150246,-0.002013429,-9.494307842,115.314629941,-114.432523980,109.685370059,-110.567476020,-10.113310770,-10.113310770
1786021582.445968390,77.100399097,0.000000000,NONE,0,0.049955721,0.500000000,-44.500000000,0.000000000,0.439638429,-41.383706959,-0.077671543,0.060361571,-3.116293041,0.077671543,-0.173694635,-2.994742950,0.122142516,-0.169528159,-2.424181356,0.004534282,-0.004166475,-0.570561594,0.117608234,-1.664177509,-450.000000000,20.235838880,0.077069091,-0.002005650,-9.495593361,115.289942718,-114.457853963,109.710057282,-110.542146037,-10.117919440,-10.117919440
1786021582.496095657,77.150526465,0.000000000,NONE,0,0.050151033,0.500000000,-44.500000000,0.000000000,0.440164454,-41.456608585,-0.077666750,0.059835546,-3.043391415,0.077666750,-0.172596598,-2.994791872,0.122492192,-0.169508622,-2.424196578,0.004787858,-0.003087976,-0.570595294,0.117704334,-1.591176061,-450.000000000,20.241219598,0.077007975,-0.002014166,-9.498342976,115.272379759,-114.476791729,109.727620241,-110.523208271,-10.120609799,-10.120609799
1786021582.545985937,77.200416501,0.000000000,NONE,0,0.049815011,0.500000000,-44.500000000,0.000000000,0.440689711,-41.529510331,-0.077663776,0.059310289,-2.970489669,0.077663776,-0.171442704,-2.994850254,0.122680854,-0.169342746,-2.424207137,0.004912058,-0.002099959,-0.570643117,0.117768796,-1.514680790,-450.000000000,20.245109721,0.076945711,-0.002061637,-9.500553251,115.253808510,-114.496468115,109.746191490,-110.503531885,-10.122554861,-10.122554861
1786021582.595945358,77.250376096,0.000000000,TARGET_UPDATED,0,0.050053123,0.500000000,-44.500000000,0.000000000,0.441395201,-41.626712079,-0.077662623,0.058604799,-2.873287921,0.077662623,-0.169812068,-2.994943240,0.122677157,-0.168932960,-2.424213759,0.004875351,-0.000879108,-0.570729481,0.117801807,-1.410348719,-450.000000000,20.246785988,0.076858482,-0.002194513,-9.499940143,115.227572216,-114.522397856,109.772427784,-110.477602144,-10.123392994,-10.123392994
1786021582.646007538,77.300438090,0.000000000,NONE,0,0.049983606,0.500000000,-44.500000000,0.000000000,0.442114165,-41.723912205,-0.077664459,0.057885835,-2.776087795,0.077664459,-0.168075372,-2.995053189,0.122386850,-0.168291548,-2.424211348,0.004615710,0.000216177,-0.570841841,0.117771140,-1.319111258,-450.000000000,20.243366248,0.076765319,-0.002334874,-9.498757519,115.204467194,-114.544911565,109.795532806,-110.455088435,-10.121683124,-10.121683124
1786021582.695950270,77.350381028,0.000000000,TARGET_UPDATED,0,0.050004515,0.500000000,-45.500000000,0.000000000,0.442854238,-41.821109704,-0.077668987,0.057145762,-3.678890296,0.077668987,-0.183597746,-2.994166689,0.121781642,-0.167468693,-2.424199745,0.004145161,-0.016129053,-0.569966944,0.117636481,-2.909424253,-450.000000000,20.231860731,0.076667123,-0.002450331,-9.497414672,115.601709731,-114.146997605,109.398290269,-110.853002395,-10.115930366,-10.115930366
1786021582.745903730,77.400334246,0.000000000,NONE,0,0.049936687,0.500000000,-45.500000000,0.000000000,0.443381628,-41.894009088,-0.077674017,0.056618372,-3.605990912,0.077674017,-0.182786180,-2.994240040,0.121204847,-0.169408719,-2.424186466,0.003649495,-0.013377462,-0.570053574,0.117555352,-2.348501557,-450.000000000,20.227249992,0.076590929,-0.002518679,-9.498285060,115.461696654,-114.287445876,109.538303346,-110.712554124,-10.113624996,-10.113624996
1786021582.796090603,77.450521311,0.000000000,TARGET_UPDATED,0,0.050204954,0.500000000,-45.500000000,0.000000000,0.443833066,-41.966913347,-0.077680379,0.056166934,-3.533086653,0.077680379,-0.181886989,-2.994323266,0.120508689,-0.171378081,-2.424167090,0.003061173,-0.010508908,-0.570156176,0.117447515,-2.158974119,-450.000000000,20.219178136,0.076512900,-0.002592338,-9.498988813,115.414490733,-114.335003673,109.585509267,-110.664996327,-10.109589068,-10.109589068
1786021582.846009254,77.500440026,0.000000000,NONE,0,0.049878776,0.500000000,-45.500000000,0.000000000,0.444235169,-42.039820308,-0.077687727,0.055764831,-3.460179692,0.077687727,-0.180915821,-2.994414285,0.119717027,-0.172690549,-2.424144360,0.002406355,-0.008225271,-0.570269925,0.117310672,-2.016705915,-450.000000000,20.209003559,0.076432618,-0.002679043,-9.499323957,115.379007468,-114.370654511,109.620992532,-110.629345489,-10.104501780,-10.104501780
1786021582.896005869,77.550436501,0.000000000,NONE,0,0.050026144,0.500000000,-45.500000000,0.000000000,0.444600073,-42.112728928,-0.077695888,0.055399927,-3.387271072,0.077695888,-0.179878226,-2.994511637,0.118854309,-0.173621271,-2.424118677,0.001696105,-0.006256955,-0.570392959,0.117158203,-1.887342986,-450.000000000,20.198026443,0.076349739,-0.002775758,-9.499365477,115.346677116,-114.403005623,109.653322884,-110.596994377,-10.099013221,-10.099013221
1786021582.946024418,77.600454935,0.000000000,NONE,0,0.050008503,0.500000000,-45.500000000,0.000000000,0.444936823,-42.185638429,-0.077704720,0.055063177,-3.314361571,0.077704720,-0.178778290,-2.994613926,0.117946206,-0.174263904,-2.424090760,0.000952133,-0.004514386,-0.570523167,0.116994073,-1.768582740,-450.000000000,20.186303079,0.076264118,-0.002875116,-9.499149852,115.316933148,-114.432641778,109.683066852,-110.567358222,-10.093151539,-10.093151539
1786021582.995982170,77.650412648,0.000000000,TARGET_UPDATED,0,0.049969765,0.500000000,-45.500000000,0.000000000,0.445252153,-42.258548232,-0.077713901,0.054747847,-3.241451768,0.077713901,-0.177618907,-2.994719852,0.117018356,-0.174693241,-2.424061393,0.000201327,-0.002925666,-0.570658459,0.116817029,-1.656673036,-450.000000000,20.173649000,0.076175760,-0.002972257,-9.498722850,115.288848972,-114.460512453,109.711151028,-110.539487547,-10.086824500,-10.086824500
1786021583.046057940,77.700488595,0.000000000,NONE,0,0.050057572,0.500000000,-45.500000000,0.000000000,0.445553746,-42.331457712,-0.077723378,0.054446254,-3.168542288,0.077723378,-0.176404473,-2.994828045,0.116097034,-0.174850212,-2.424031376,-0.000548347,-0.001554261,-0.570796668,0.116645381,-1.558314804,-450.000000000,20.161747689,0.076084844,-0.003061169,-9.498177688,115.264123123,-114.484965721,109.735876877,-110.515034279,-10.080873845,-10.080873845
1786021583.095962048,77.750392656,0.000000000,NONE,0,0.049892051,0.500000000,-45.500000000,0.000000000,0.445847921,-42.404366377,-0.077732998,0.054152079,-3.095633623,0.077732998,-0.175138712,-2.994937271,0.115206849,-0.174810391,-2.424001498,-0.001268624,-0.000328321,-0.570935773,0.116475473,-1.466364370,-450.000000000,20.149877558,0.075991638,-0.003139508,-9.497520527,115.240971224,-114.507789039,109.759028776,-110.492210961,-10.074938779,-10.074938779
1786021583.145924568,77.800355255,0.000000000,NONE,0,0.049968888,0.500000000,-45.500000000,0.000000000,0.446042316,-42.452971524,-0.077739326,0.053957684,-3.047028476,0.077739326,-0.174267667,-2.995010122,0.114642077,-0.174689075,-2.423982008,-0.001722002,0.000421408,-0.571028114,0.116364079,-1.416419342,-450.000000000,20.143256265,0.075928377,-0.003184732,-9.499595538,115.229003720,-114.520794049,109.770996280,-110.479205951,-10.071628132,-10.071628132
1786021583.196226835,77.850657254,0.000000000,TARGET_UPDATED,0,0.050216679,0.500000000,-45.500000000,0.000000000,0.446334594,-42.525878075,-0.077748437,0.053665406,-2.974121925,0.077748437,-0.172921161,-2.995118782,0.113853401,-0.174407084,-2.423954083,-0.002343154,0.001485923,-0.571164699,0.116196555,-1.324015228,-450.000000000,20.130422822,0.075831739,-0.003266647,-9.498661401,115.205669157,-114.543661543,109.794330843,-110.456338457,-10.065211411,-10.065211411
1786021583.245963335,77.900393888,0.000000000,NONE,0,0.049821163,0.500000000,-45.500000000,0.000000000,0.446631110,-42.598783008,-0.077756789,0.053368890,-2.901216992,0.077756789,-0.171525796,-2.995226076,0.113152205,-0.173966080,-2.423928301,-0.002890552,0.002440285,-0.571297775,0.116042757,-1.245807375,-450.000000000,20.119906003,0.075732445,-0.003353214,-9.497398386,115.185801440,-114.562897753,109.814198560,-110.437102247,-10.059953002,-10.059953002
1786021583.296127558,77.950558069,0.000000000,NONE,0,0.050171030,0.500000000,-45.500000000,0.000000000,0.447040569,-42.695986616,-0.077766532,0.052959431,-2.804013384,0.077766532,-0.169594421,-2.995365605,0.112382374,-0.173181804,-2.423898213,-0.003478731,0.003587383,-0.571467392,0.115861104,-1.141754463,-450.000000000,20.106656641,0.075596864,-0.003434810,-9.493321480,115.158768986,-114.587891754,109.841231014,-110.412108246,-10.053328321,-10.053328321
1786021583.346175194,78.000605873,0.000000000,TARGET_UPDATED,0,0.050029298,0.500000000,-46.500000000,0.000000000,0.447362277,-42.768886897,-0.077772471,0.052637723,-3.731113103,0.077772471,-0.183562349,-2.994556296,0.112012093,-0.172443382,-2.423879330,-0.003804159,-0.011118967,-0.570676966,0.115816252,-2.576550847,-450.000000000,20.106241124,0.075494138,-0.003434043,-9.492664916,115.517303941,-114.229028517,109.482696059,-110.770971483,-10.053120562,-10.053120562
1786021583.396144390,78.050574917,0.000000000,TARGET_UPDATED,0,0.050004739,0.500000000,-46.500000000,0.000000000,0.447764968,-42.866087725,-0.077778337,0.052235032,-3.633912275,0.077778337,-0.182326171,-2.994646385,0.111631111,-0.174116450,-2.423860823,-0.004056082,-0.008209721,-0.570785561,0.115687193,-2.028490429,-450.000000000,20.095522577,0.075358132,-0.003396915,-9.489692214,115.379545661,-114.365300446,109.620454339,-110.634699554,-10.047761289,-10.047761289
1786021583.445887804,78.100318341,0.000000000,NONE,0,0.049742273,0.500000000,-46.500000000,0.000000000,0.447996108,-42.938992664,-0.077781010,0.052003892,-3.561007336,0.077781010,-0.181329212,-2.994711977,0.111499490,-0.175507426,-2.423850340,-0.004124657,-0.005821786,-0.570861637,0.115624147,-1.878237252,-450.000000000,20.092422839,0.075257680,-0.003324647,-9.489865693,115.342025736,-114.402907110,109.657974264,-110.597092890,-10.046211420,-10.046211420
1786021583.495923042,78.150353524,0.000000000,NONE,0,0.050037598,0.500000000,-46.500000000,0.000000000,0.448249740,-43.036202223,-0.077782518,0.051750260,-3.463797777,0.077782518,-0.179934976,-2.994794652,0.111539970,-0.176594638,-2.423843368,-0.004047315,-0.003340338,-0.570951285,0.115587285,-1.703820359,-450.000000000,20.090373307,0.075127556,-0.003208333,-9.488137327,115.297989421,-114.446079242,109.702010579,-110.553920758,-10.045186654,-10.045186654
1786021583.545984030,78.200414591,0.000000000,NONE,0,0.050047868,0.500000000,-46.500000000,0.000000000,0.448508102,-43.157717216,-0.077781191,0.051491898,-3.342282784,0.077781191,-0.178101402,-2.994889493,0.111933558,-0.177271913,-2.423845589,-0.003683997,-0.000829489,-0.571043904,0.115617554,-1.521295678,-450.000000000,20.093833616,0.074971987,-0.003023413,-9.485045400,115.251585270,-114.490937431,109.748414730,-110.509062569,-10.046916808,-10.046916808
1786021583.596178770,78.250609342,0.000000000,TARGET_UPDATED,0,0.050172821,0.500000000,-46.500000000,0.000000000,0.448647435,-43.230626911,-0.077778825,0.051352565,-3.269373089,0.077778825,-0.176963989,-2.994941481,0.112342102,-0.177259189,-2.423852538,-0.003329198,0.000295199,-0.571088943,0.115671300,-1.462294007,-450.000000000,20.098062225,0.074884057,-0.002858497,-9.487174423,115.237367108,-114.506220104,109.762632892,-110.493779896,-10.049031112,-10.049031112
1786021583.646172047,78.300602809,0.000000000,NONE,0,0.050037174,0.500000000,-46.500000000,0.000000000,0.448875959,-43.352143019,-0.077772513,0.051124041,-3.147856981,0.077772513,-0.175018830,-2.995020437,0.113270737,-0.176946502,-2.423873025,-0.002549720,0.001927673,-0.571147412,0.115820457,-1.321427131,-450.000000000,20.110412945,0.074748191,-0.002607953,-9.486290977,115.201929527,-114.541215961,109.798070473,-110.458784039,-10.055206472,-10.055206472
1786021583.696022034,78.350452628,0.000000000,NONE,0,0.049794734,0.500000000,-46.500000000,0.000000000,0.449017853,-43.425052349,-0.077767467,0.050982147,-3.074947651,0.077767467,-0.173820546,-2.995064139,0.113950535,-0.176505157,-2.423889982,-0.001978495,0.002684611,-0.571174157,0.115929031,-1.273427279,-450.000000000,20.117212559,0.074672488,-0.002456704,-9.489183787,115.190652767,-114.553939127,109.809347233,-110.446060873,-10.058606279,-10.058606279
1786021583.745905638,78.400336232,0.000000000,NONE,0,0.049924977,0.500000000,-46.500000000,0.000000000,0.449280856,-43.546566344,-0.077756824,0.050719144,-2.953433656,0.077756824,-0.171773874,-2.995132853,0.115224608,-0.175498418,-2.423924697,-0.000923098,0.003724543,-0.571208156,0.116147706,-1.171567503,-450.000000000,20.134719486,0.074555052,-0.002267719,-9.489123138,115.165172660,-114.579388909,109.834827340,-110.420611091,-10.067359743,-10.067359743
1786021583.795999527,78.450430082,0.000000000,TARGET_UPDATED,0,0.050113981,0.500000000,-46.500000000,0.000000000,0.449523898,-43.643775739,-0.077746851,0.050476102,-2.856224261,0.077746851,-0.170086506,-2.995186442,0.116314433,-0.174432362,-2.423956542,-0.000017947,0.004345856,-0.571229900,0.116332380,-1.115093845,-450.000000000,20.146951698,0.074467579,-0.002128425,-9.490981940,115.151518946,-114.593972024,109.848481054,-110.406027976,-10.073475849,-10.073475849
1786021583.846029758,78.500460335,0.000000000,TARGET_UPDATED,0,0.049983298,0.500000000,-47.500000000,0.000000000,0.449881520,-43.765284523,-0.077733333,0.050118480,-3.734715477,0.077733333,-0.182603405,-2.994394685,0.117694644,-0.172917512,-2.423998921,0.001087534,-0.009685893,-0.570395764,0.116607110,-2.460962022,-450.000000000,20.167994157,0.074365494,-0.001994428,-9.491589193,115.488137804,-114.257656793,109.511862196,-110.742343207,-10.083997078,-10.083997078
1786021583.895916224,78.550346935,0.000000000,NONE,0,0.049915430,0.500000000,-47.500000000,0.000000000,0.450227876,-43.886795489,-0.077720021,0.049772124,-3.613204511,0.077720021,-0.181345330,-2.994421156,0.118939972,-0.174692540,-2.424042207,0.002098362,-0.006652790,-0.570378949,0.116841609,-1.915805725,-450.000000000,20.183610578,0.074269372,-0.001892728,-9.492330806,115.352034133,-114.394131270,109.647965867,-110.605868730,-10.091805289,-10.091805289
1786021583.945905685,78.600336296,0.000000000,NONE,0,0.049989197,0.500000000,-47.500000000,0.000000000,0.450452800,-44.008316744,-0.077707225,0.049547200,-3.491683256,0.077707225,-0.179930831,-2.994463823,0.119990566,-0.176147294,-2.424081141,0.002936808,-0.003783537,-0.570382682,0.117053758,-1.722734423,-450.000000000,20.198006946,0.074178014,-0.001815299,-9.493212605,115.303986757,-114.442619546,109.696013243,-110.557380454,-10.099003473,-10.099003473
1786021583.995986700,78.650417293,0.000000000,TARGET_UPDATED,0,0.050096599,0.500000000,-47.500000000,0.000000000,0.450633085,-44.129842380,-0.077696012,0.049366915,-3.370157620,0.077696012,-0.178395201,-2.994523120,0.120784692,-0.176492644,-2.424114886,0.003545290,-0.001902557,-0.570408234,0.117239402,-1.603524164,-450.000000000,20.210463852,0.074090030,-0.001765111,-9.494099100,115.274405816,-114.472643734,109.725594184,-110.527356266,-10.105231926,-10.105231926
1786021584.045883656,78.700314174,0.000000000,NONE,0,0.049877136,0.500000000,-47.500000000,0.000000000,0.450804823,-44.251369385,-0.077687219,0.049195177,-3.248630615,0.077687219,-0.176745928,-2.994600687,0.121272572,-0.176248128,-2.424141021,0.003892713,-0.000497800,-0.570459666,0.117379860,-1.500692235,-450.000000000,20.219406239,0.074003760,-0.001744911,-9.494781693,115.248868482,-114.498522364,109.751131518,-110.501477636,-10.109703119,-10.109703119
1786021584.095879793,78.750310181,0.000000000,NONE,0,0.049997008,0.500000000,-47.500000000,0.000000000,0.450991895,-44.372895544,-0.077681467,0.049008105,-3.127104456,0.077681467,-0.174983423,-2.994697710,0.121424254,-0.175566469,-2.424157859,0.003957988,0.000583046,-0.570539851,0.117466266,-1.412800026,-450.000000000,20.224366830,0.073917653,-0.001749406,-9.495239498,115.227009881,-114.520609868,109.772990119,-110.479390132,-10.112183415,-10.112183415
1786021584.145957232,78.800387868,0.000000000,NONE,0,0.050076682,0.500000000,-47.500000000,0.000000000,0.451212952,-44.494418949,-0.077679177,0.048787048,-3.005581051,0.077679177,-0.173106577,-2.994814490,0.121230809,-0.174544262,-2.424164292,0.003738494,0.001437685,-0.570650198,0.117492315,-1.334871574,-450.000000000,20.224982202,0.073830523,-0.001771618,-9.495441404,115.207578245,-114.540142458,109.792421755,-110.459857542,-10.112491101,-10.112491101
1786021584.195982218,78.850413064,0.000000000,TARGET_UPDATED,0,0.050045153,0.500000000,-47.500000000,0.000000000,0.451482548,-44.615937956,-0.077680452,0.048517452,-2.884062044,0.077680452,-0.171113319,-2.994950277,0.120706836,-0.173253259,-2.424159689,0.003251823,0.002139940,-0.570790588,0.117455013,-1.262986067,-450.000000000,20.221105555,0.073741605,-0.001804093,-9.495383984,115.189592513,-114.558099479,109.810407487,-110.441900521,-10.110552777,-10.110552777
1786021584.245919466,78.900349967,0.000000000,NONE,0,0.049914762,0.500000000,-47.500000000,0.000000000,0.451811837,-44.737451172,-0.077685087,0.048188163,-2.762548828,0.077685087,-0.169000811,-2.995103183,0.119893034,-0.171754999,-2.424144288,0.002535628,0.002754187,-0.570958894,0.117357406,-1.193513820,-450.000000000,20.213062935,0.073650603,-0.001838993,-9.495107324,115.172155286,-114.575398376,109.827844714,-110.424601624,-10.106531467,-10.106531467
1786021584.296214819,78.950645298,0.000000000,TARGET_UPDATED,0,0.050302736,0.500000000,-48.500000000,0.000000000,0.452210702,-44.858957354,-0.077692810,0.047789298,-3.641042646,0.077692810,-0.181647334,-2.994407059,0.118793944,-0.170068512,-2.424119305,0.001641991,-0.011578822,-0.570287754,0.117151953,-2.562570025,-450.000000000,20.196552378,0.073557712,-0.001868612,-9.494780231,115.514337564,-114.233052551,109.485662436,-110.766947449,-10.098276189,-10.098276189
1786021584.345957994,79.000388543,0.000000000,NONE,0,0.049704659,0.500000000,-48.500000000,0.000000000,0.452506483,-44.956162400,-0.077700953,0.047493517,-3.543837600,0.077700953,-0.180578199,-2.994510173,0.117832817,-0.172065352,-2.424094663,0.000810746,-0.008512847,-0.570415510,0.117022071,-2.013729962,-450.000000000,20.188931880,0.073482362,-0.001888074,-9.495862396,115.377398089,-114.370533109,109.622601911,-110.629466891,-10.094465940,-10.094465940
1786021584.396545649,79.050976246,0.000000000,TARGET_UPDATED,0,0.050607263,0.500000000,-48.500000000,0.000000000,0.452719180,-45.053371891,-0.077710395,0.047280820,-3.446628109,0.077710395,-0.179381077,-2.994622485,0.116816682,-0.173363553,-2.424065124,-0.000049133,-0.006017525,-0.570557361,0.116865815,-1.855982661,-450.000000000,20.177519474,0.073405890,-0.001926290,-9.496792193,115.338193714,-114.410202383,109.661806286,-110.589797617,-10.088759737,-10.088759737
1786021584.445923805,79.100354465,0.000000000,NONE,0,0.049399144,0.500000000,-48.500000000,0.000000000,0.452933578,-45.174885059,-0.077722703,0.047066422,-3.325114941,0.077722703,-0.177740232,-2.994770392,0.115544584,-0.174054437,-2.424026171,-0.001094304,-0.003685795,-0.570744221,0.116638888,-1.690321933,-450.000000000,20.160128424,0.073307422,-0.002002157,-9.495398733,115.296430167,-114.451269200,109.703569833,-110.548730800,-10.080064212,-10.080064212
1786021584.495907784,79.150338362,0.000000000,NONE,0,0.050003733,0.500000000,-48.500000000,0.000000000,0.453119269,-45.296397517,-0.077734586,0.046880731,-3.203602483,0.077734586,-0.175950270,-2.994922376,0.114356737,-0.174152244,-2.423987047,-0.002060068,-0.001798026,-0.570935329,0.116416804,-1.556348771,-450.000000000,20.144734951,0.073205688,-0.002055184,-9.494050865,115.262599909,-114.484425523,109.737400091,-110.515574477,-10.072367475,-10.072367475
1786021584.545951605,79.200382003,0.000000000,NONE,0,0.049990623,0.500000000,-48.500000000,0.000000000,0.453301593,-45.417907469,-0.077745687,0.046698407,-3.082092531,0.077745687,-0.174027937,-2.995074068,0.113337926,-0.173802867,-2.423950330,-0.002878336,-0.000225069,-0.571123738,0.116216262,-1.436170311,-450.000000000,20.131126721,0.073102853,-0.002065466,-9.493030165,115.232300119,-114.514214964,109.767699881,-110.485785036,-10.065563360,-10.065563360
1786021584.596044064,79.250474782,0.000000000,TARGET_UPDATED,0,0.050128482,0.500000000,-48.500000000,0.000000000,0.453500082,-45.539413684,-0.077755540,0.046499918,-2.960586316,0.077755540,-0.171986334,-2.995221961,0.112558579,-0.173095477,-2.423918425,-0.003491268,0.001109143,-0.571303536,0.116049848,-1.327239549,-450.000000000,20.120169609,0.073000971,-0.002038712,-9.492465975,115.204926381,-114.541306607,109.795073619,-110.458693393,-10.060084805,-10.060084805
1786021584.645977259,79.300407947,0.000000000,NONE,0,0.049895779,0.500000000,-48.500000000,0.000000000,0.453730766,-45.660915305,-0.077763640,0.046269234,-2.839084695,0.077763640,-0.169834697,-2.995363474,0.112071388,-0.172100085,-2.423893385,-0.003853869,0.002265388,-0.571470089,0.115925256,-1.226165714,-450.000000000,20.112270910,0.072901490,-0.001987924,-9.492290352,115.179614016,-114.566531160,109.820385984,-110.433468840,-10.056135455,-10.056135455
1786021584.696033478,79.350464115,0.000000000,TARGET_UPDATED,0,0.050088683,0.500000000,-49.500000000,0.000000000,0.454005569,-45.782411869,-0.077769263,0.045994431,-3.717588131,0.077769263,-0.181208307,-2.994703378,0.111907799,-0.170894957,-2.423876752,-0.003935483,-0.010313350,-0.570826627,0.115843282,-2.445916069,-450.000000000,20.107393144,0.072805091,-0.001926691,-9.492484215,115.484600071,-114.261642037,109.515399929,-110.738357963,-10.053696572,-10.053696572
1786021584.746557951,79.400988390,0.000000000,NONE,0,0.049867234,0.500000000,-49.500000000,0.000000000,0.454231228,-45.903910681,-0.077771898,0.045768772,-3.596089319,0.077771898,-0.179778513,-2.994783703,0.112068342,-0.173386548,-2.423870295,-0.003749377,-0.006391965,-0.570913408,0.115817719,-1.856404532,-450.000000000,20.106727674,0.072711687,-0.001868412,-9.492846539,115.337312768,-114.409110502,109.662687232,-110.590889498,-10.053363837,-10.053363837
1786021584.796106100,79.450536720,0.000000000,TARGET_UPDATED,0,0.050194488,0.500000000,-49.500000000,0.000000000,0.454323347,-46.001115484,-0.077771705,0.045676653,-3.498884516,0.077771705,-0.178519982,-2.994845631,0.112424408,-0.174454370,-2.423871091,-0.003410788,-0.004065612,-0.570974540,0.115835196,-1.727703889,-450.000000000,20.108811870,0.072638788,-0.001827070,-9.494720131,115.305606005,-114.441754061,109.694393995,-110.558245939,-10.054405935,-10.054405935
1786021584.846000671,79.500431246,0.000000000,NONE,0,0.049886998,0.500000000,-49.500000000,0.000000000,0.454392174,-46.122624430,-0.077768598,0.045607826,-3.377375570,0.077768598,-0.176838444,-2.994918621,0.113130519,-0.175112812,-2.423881434,-0.002773614,-0.001725631,-0.571037188,0.115904133,-1.558283626,-450.000000000,20.114671195,0.072548721,-0.001818025,-9.494843768,115.263281848,-114.484140035,109.736718152,-110.515859965,-10.057335598,-10.057335598
1786021584.895953655,79.550384278,0.000000000,NONE,0,0.049960224,0.500000000,-49.500000000,0.000000000,0.454432751,-46.244135388,-0.077762662,0.045567249,-3.255864612,0.077762662,-0.175039780,-2.994987930,0.114079790,-0.175235567,-2.423900715,-0.001942418,0.000195787,-0.571087215,0.116022208,-1.421247762,-450.000000000,20.123917895,0.072458248,-0.001822147,-9.494804701,115.229013116,-114.518389235,109.770986884,-110.481610765,-10.061958947,-10.061958947
1786021584.945948124,79.600378800,0.000000000,NONE,0,0.049954592,0.500000000,-49.500000000,0.000000000,0.454470547,-46.365646909,-0.077754413,0.045529453,-3.134353091,0.077754413,-0.173133985,-2.995055170,0.115204547,-0.174898943,-2.423927272,-0.000974729,0.001764958,-0.571127898,0.116179276,-1.302446428,-450.000000000,20.135693562,0.072367383,-0.001824126,-9.494745907,115.199298084,-114.548074870,109.800701916,-110.451925130,-10.067846781,-10.067846781
1786021584.996377230,79.650807926,0.000000000,TARGET_UPDATED,0,0.050475434,0.500000000,-49.500000000,0.000000000,0.454525507,-46.487157865,-0.077744463,0.045474493,-3.012842135,0.077744463,-0.171127617,-2.995122720,0.116424598,-0.174193919,-2.423958974,0.000062096,0.003066302,-0.571163745,0.116362502,-1.196968507,-450.000000000,20.149005141,0.072276320,-0.001823214,-9.494766351,115.172933715,-114.574449461,109.827066285,-110.425550539,-10.074502571,-10.074502571
1786021585.045922756,79.700353354,0.000000000,NONE,0,0.049547112,0.500000000,-49.500000000,0.000000000,0.454613774,-46.608667301,-0.077733566,0.045386226,-2.891332699,0.077733566,-0.169023972,-2.995193477,0.117654473,-0.173188817,-2.423993460,0.001094753,0.004164845,-0.571200017,0.116559719,-1.100427633,-450.000000000,20.163160761,0.072185207,-0.001821966,-9.494642889,115.148767631,-114.598553814,109.851232369,-110.401446186,-10.081580381,-10.081580381
1786021585.095937967,79.750368713,0.000000000,NONE,0,0.050010993,0.500000000,-49.500000000,0.000000000,0.454750238,-46.730174233,-0.077722310,0.045249762,-2.769825767,0.077722310,-0.166825089,-2.995270483,0.118810052,-0.171897465,-2.424028278,0.002058399,0.005072376,-0.571242205,0.116751653,-1.014644737,-450.000000000,20.176453552,0.072094175,-0.001818211,-9.494608926,115.127313416,-114.619991047,109.872686584,-110.380008953,-10.088226776,-10.088226776
1786021585.146027327,79.800457843,0.000000000,TARGET_UPDATED,0,0.050090420,0.500000000,-50.500000000,0.000000000,0.454903213,-46.827377305,-0.077713421,0.045096787,-3.672622695,0.077713421,-0.178755408,-2.994547350,0.119671498,-0.170667176,-2.424054756,0.002738582,-0.008088232,-0.570492594,0.116932916,-2.282046671,-450.000000000,20.188922789,0.072021527,-0.001814644,-9.496047933,115.444523651,-114.303500316,109.555476349,-110.696499684,-10.094461394,-10.094461394
1786021585.195959806,79.850390539,0.000000000,TARGET_UPDATED,0,0.049952663,0.500000000,-50.500000000,0.000000000,0.455080668,-46.948882912,-0.077703568,0.044919332,-3.551117088,0.077703568,-0.177385854,-2.994595389,0.120490100,-0.172299466,-2.424085267,0.003399949,-0.005086388,-0.570510122,0.117090151,-1.755964236,-450.000000000,20.199458253,0.071930244,-0.001844398,-9.495633989,115.312899556,-114.434917438,109.687100444,-110.565082562,-10.099729127,-10.099729127
1786021585.245871544,79.900302277,0.000000000,NONE,0,0.049878639,0.500000000,-50.500000000,0.000000000,0.455147556,-47.070397040,-0.077695964,0.044852444,-3.429602960,0.077695964,-0.175858116,-2.994663091,0.121034652,-0.173579413,-2.424108881,0.003822313,-0.002278704,-0.570554210,0.117212339,-1.565619197,-450.000000000,20.207313449,0.071837324,-0.001878542,-9.495025177,115.265161094,-114.482351495,109.734838906,-110.517648505,-10.103656725,-10.103656725
1786021585.295878172,79.950308853,0.000000000,NONE,0,0.050003682,0.500000000,-50.500000000,0.000000000,0.455174499,-47.191914238,-0.077690913,0.044825501,-3.308085762,0.077690913,-0.174212258,-2.994749124,0.121278606,-0.173847777,-2.424125587,0.003986033,-0.000364482,-0.570623536,0.117292573,-1.441298113,-450.000000000,20.212084682,0.071743413,-0.001896191,-9.494510748,115.233952215,-114.513303159,109.766047785,-110.486696841,-10.106042341,-10.106042341
1786021585.346162796,80.000593227,0.000000000,NONE,0,0.050101418,0.500000000,-50.500000000,0.000000000,0.455193284,-47.313431796,-0.077688692,0.044806716,-3.186568204,0.077688692,-0.172460874,-2.994853174,0.121209163,-0.173587079,-2.424134003,0.003883919,0.001126205,-0.570719171,0.117325243,-1.331392906,-450.000000000,20.213419091,0.071649214,-0.001899742,-9.494118751,115.206377914,-114.540681461,109.793622086,-110.459318539,-10.106709545,-10.106709545
1786021585.396042347,80.050472982,0.000000000,TARGET_UPDATED,0,0.050077910,0.500000000,-50.500000000,0.000000000,0.455218265,-47.410644659,-0.077688975,0.044781735,-3.089355341,0.077688975,-0.170988159,-2.994948832,0.120932164,-0.173040119,-2.424134291,0.003617662,0.002051960,-0.570814542,0.117314503,-1.262934395,-450.000000000,20.211800734,0.071573997,-0.001894142,-9.495325954,115.189565087,-114.558097890,109.810434913,-110.441902110,-10.105900367,-10.105900367
1786021585.445928812,80.100359340,0.000000000,NONE,0,0.049894527,0.500000000,-50.500000000,0.000000000,0.455277164,-47.532157779,-0.077691720,0.044722836,-2.967842221,0.077691720,-0.169057334,-2.995082823,0.120330824,-0.172104748,-2.424126641,0.003076554,0.003047413,-0.570956183,0.117254270,-1.170345237,-450.000000000,20.206591720,0.071479693,-0.001913014,-9.494725789,115.166267757,-114.581095138,109.833732243,-110.418904862,-10.103295860,-10.103295860
1786021585.495926619,80.150357205,0.000000000,NONE,0,0.050000367,0.500000000,-50.500000000,0.000000000,0.455380944,-47.653666144,-0.077696812,0.044619056,-2.846333856,0.077696812,-0.167020962,-2.995231006,0.119490613,-0.170837216,-2.424110157,0.002341291,0.003816254,-0.571120849,0.117149322,-1.096045990,-450.000000000,20.198353618,0.071383518,-0.001944338,-9.493856974,115.147475741,-114.599452746,109.852524259,-110.400547254,-10.099176809,-10.099176809
1786021585.545969248,80.200399741,0.000000000,TARGET_UPDATED,0,0.050045959,0.500000000,-51.500000000,0.000000000,0.455544756,-47.775168363,-0.077703908,0.044455244,-3.724831637,0.077703908,-0.177998820,-2.994639753,0.118467036,-0.169298026,-2.424087479,0.001462924,-0.008700793,-0.570552274,0.117004113,-2.293457858,-450.000000000,20.187386350,0.071286885,-0.001937111,-9.493333815,115.446697918,-114.299968989,109.553302082,-110.700031011,-10.093693175,-10.093693175
1786021585.595950127,80.250380709,0.000000000,TARGET_UPDATED,0,0.050002684,0.500000000,-51.500000000,0.000000000,0.455692352,-47.896669612,-0.077712503,0.044307648,-3.603330388,0.077712503,-0.176692055,-2.994762894,0.117317514,-0.171028812,-2.424059865,0.000487842,-0.005663242,-0.570703030,0.116829672,-1.778376787,-450.000000000,20.174588401,0.071190899,-0.001915151,-9.492994029,115.317842704,-114.428654311,109.682157296,-110.571345689,-10.087294201,-10.087294201
1786021585.645900011,80.300330611,0.000000000,NONE,0,0.049926352,0.500000000,-51.500000000,0.000000000,0.455743270,-48.018175378,-0.077722216,0.044256730,-3.481824622,0.077722216,-0.175231776,-2.994895486,0.116131501,-0.171970893,-2.424027762,-0.000522342,-0.003260883,-0.570867724,0.116653842,-1.622430782,-450.000000000,20.162247188,0.071096188,-0.001881313,-9.492854665,115.278821362,-114.467605971,109.721178638,-110.532394029,-10.081123594,-10.081123594
1786021585.695917368,80.350347889,0.000000000,NONE,0,0.050016926,0.500000000,-51.500000000,0.000000000,0.455766027,-48.139680725,-0.077732527,0.044233973,-3.360319275,0.077732527,-0.173655857,-2.995031704,0.114995709,-0.172051018,-2.423995196,-0.001483479,-0.001604839,-0.571036508,0.116479188,-1.511887972,-450.000000000,20.150051236,0.071003175,-0.001841705,-9.492912450,115.251200105,-114.495256119,109.748799895,-110.504743881,-10.075025618,-10.075025618
1786021585.745888233,80.400318824,0.000000000,NONE,0,0.049969403,0.500000000,-51.500000000,0.000000000,0.455782817,-48.236883399,-0.077740651,0.044217183,-3.263116601,0.077740651,-0.172318128,-2.995140827,0.114175349,-0.171756605,-2.423970183,-0.002173512,-0.000561523,-0.571170644,0.116348860,-1.439455142,-450.000000000,20.141812065,0.070930108,-0.001810202,-9.494470782,115.233481481,-114.513753910,109.766518519,-110.486246090,-10.070906033,-10.070906033
1786021585.795997620,80.450428313,0.000000000,TARGET_UPDATED,0,0.050108629,0.500000000,-51.500000000,0.000000000,0.455817908,-48.358383744,-0.077749666,0.044182092,-3.141616256,0.077749666,-0.170550032,-2.995275181,0.113316142,-0.171127832,-2.423942148,-0.002872082,0.000577800,-0.571333034,0.116188224,-1.340303917,-450.000000000,20.129969921,0.070839708,-0.001804764,-9.494392500,115.208674104,-114.538522146,109.791325896,-110.461477854,-10.064984960,-10.064984960
1786021585.845998287,80.500428869,0.000000000,NONE,0,0.049924046,0.500000000,-51.500000000,0.000000000,0.455882605,-48.479879994,-0.077756488,0.044117395,-3.020120006,0.077756488,-0.168672322,-2.995405430,0.112692573,-0.170179562,-2.423919383,-0.003368129,0.001507240,-0.571486047,0.116060702,-1.258234088,-450.000000000,20.121694861,0.070749118,-0.001808753,-9.494169595,115.188100921,-114.558983877,109.811899079,-110.441016123,-10.060847431,-10.060847431
1786021585.895895720,80.550326416,0.000000000,NONE,0,0.049977732,0.500000000,-51.500000000,0.000000000,0.455992712,-48.601371332,-0.077761222,0.044007288,-2.898628668,0.077761222,-0.166688676,-2.995529798,0.112345155,-0.168949180,-2.423903203,-0.003637622,0.002260503,-0.571626595,0.115982776,-1.184792250,-450.000000000,20.117235102,0.070658706,-0.001804509,-9.494041746,115.169708499,-114.577312374,109.830291501,-110.422687626,-10.058617551,-10.058617551
1786021585.945878267,80.600308790,0.000000000,NONE,0,0.049990538,0.500000000,-51.500000000,0.000000000,0.456121480,-48.698560539,-0.077763456,0.043878520,-2.801439461,0.077763456,-0.165026388,-2.995624356,0.112281392,-0.167800363,-2.423895602,-0.003673420,0.002773976,-0.571728753,0.115954812,-1.132410747,-450.000000000,20.116277464,0.070586810,-0.001795883,-9.495433671,115.156961105,-114.590755731,109.843038895,-110.409244269,-10.058138732,-10.058138732
1786021585.995994329,80.650425081,0.000000000,TARGET_UPDATED,0,0.050113960,0.500000000,-52.500000000,0.000000000,0.456339405,-48.820042112,-0.077764075,0.043660595,-3.679957888,0.077764075,-0.176106854,-2.994987540,0.112438114,-0.166282254,-2.423893338,-0.003485007,-0.009824600,-0.571094202,0.115923121,-2.330559397,-450.000000000,20.113986073,0.070496956,-0.001813320,-9.495136758,115.456424039,-114.291144340,109.543575961,-110.708855660,-10.056993036,-10.056993036
1786021586.045926094,80.700356678,0.000000000,NONE,0,0.049921985,0.500000000,-52.500000000,0.000000000,0.456534652,-48.941524678,-0.077762294,0.043465348,-3.558475322,0.077762294,-0.174749994,-2.995049693,0.112895835,-0.168198610,-2.423900006,-0.003085611,-0.006551383,-0.571149687,0.115981446,-1.794654526,-450.000000000,20.119869508,0.070405993,-0.001834330,-9.494679215,115.322333435,-114.425006172,109.677666565,-110.574993828,-10.059934754,-10.059934754
1786021586.095894098,80.750324589,0.000000000,NONE,0,0.049973007,0.500000000,-52.500000000,0.000000000,0.456627478,-49.063014171,-0.077758370,0.043372522,-3.436985829,0.077758370,-0.173224026,-2.995111728,0.113593533,-0.169265845,-2.423912970,-0.002486129,-0.003958181,-0.571198759,0.116079661,-1.627505028,-450.000000000,20.127541651,0.070314410,-0.001839431,-9.494329277,115.280458576,-114.466706062,109.719541424,-110.533293938,-10.063770826,-10.063770826
1786021586.145911694,80.800342442,0.000000000,NONE,0,0.049998956,0.500000000,-52.500000000,0.000000000,0.456685264,-49.184506184,-0.077752386,0.043314736,-3.315493816,0.077752386,-0.171571177,-2.995172619,0.114483800,-0.169512227,-2.423932683,-0.001722548,-0.002058950,-0.571239936,0.116206347,-1.500322883,-450.000000000,20.136978089,0.070222961,-0.001830882,-9.494121003,115.248610971,-114.498449530,109.751389029,-110.501550470,-10.068489045,-10.068489045
1786021586.196019173,80.850449704,0.000000000,TARGET_UPDATED,0,0.050143351,0.500000000,-52.500000000,0.000000000,0.456723461,-49.281700595,-0.077746313,0.043276539,-3.218299405,0.077746313,-0.170165496,-2.995221441,0.115292334,-0.169376183,-2.423952053,-0.001029387,-0.000789313,-0.571269388,0.116321721,-1.413913894,-450.000000000,20.144821358,0.070150222,-0.001817538,-9.495470440,115.227346084,-114.520389136,109.772653916,-110.479610864,-10.072410679,-10.072410679
1786021586.245955229,80.900385902,0.000000000,NONE,0,0.049912158,0.500000000,-52.500000000,0.000000000,0.456776321,-49.403193726,-0.077737675,0.043223679,-3.096806274,0.077737675,-0.168307111,-2.995284505,0.116363778,-0.168959762,-2.423979372,-0.000125154,0.000652651,-0.571305133,0.116488933,-1.293803348,-450.000000000,20.157575420,0.070059296,-0.001828852,-9.495076811,115.197220040,-114.550318366,109.802779960,-110.449681634,-10.078787710,-10.078787710
1786021586.295900822,80.950331596,0.000000000,NONE,0,0.049947955,0.500000000,-52.500000000,0.000000000,0.456848425,-49.524686158,-0.077728629,0.043151575,-2.975313842,0.077728629,-0.166335880,-2.995352285,0.117434992,-0.168217910,-2.424008268,0.000777878,0.001882030,-0.571344017,0.116657114,-1.192801877,-450.000000000,20.169365153,0.069967350,-0.001841685,-9.494582228,115.171846026,-114.575445088,109.828153974,-110.424554912,-10.084682576,-10.084682576
1786021586.345936537,81.000367306,0.000000000,NONE,0,0.050020348,0.500000000,-52.500000000,0.000000000,0.456955366,-49.646176827,-0.077719485,0.043044634,-2.853823173,0.077719485,-0.164258096,-2.995427057,0.118434534,-0.167196366,-2.424036631,0.001621199,0.002938270,-0.571390426,0.116813336,-1.100082790,-450.000000000,20.180056657,0.069875017,-0.001839961,-9.494203198,115.148571497,-114.598530102,109.851428503,-110.401469898,-10.090028328,-10.090028328
1786021586.396106243,81.050536919,0.000000000,TARGET_UPDATED,0,0.050156223,0.500000000,-52.500000000,0.000000000,0.457074487,-49.743367458,-0.077712437,0.042925513,-2.756632542,0.077712437,-0.162521880,-2.995493415,0.119138956,-0.166194516,-2.424057597,0.002216489,0.003672636,-0.571435818,0.116922467,-1.035337893,-450.000000000,20.186748517,0.069801346,-0.001829293,-9.495418180,115.132689018,-114.615020072,109.867310982,-110.384979928,-10.093374258,-10.093374258
1786021586.445983887,81.100414583,0.000000000,TARGET_UPDATED,0,0.049930295,0.500000000,-53.500000000,0.000000000,0.457272520,-49.864852737,-0.077704801,0.042727480,-3.635147263,0.077704801,-0.173614080,-2.994841335,0.119871216,-0.164842569,-2.424080324,0.002803415,-0.008771511,-0.570761012,0.117067801,-2.223942296,-450.000000000,20.197656797,0.069709152,-0.001842477,-9.494871971,115.429703567,-114.317732419,109.570296433,-110.682267581,-10.098828399,-10.098828399
1786021586.495922089,81.150352897,0.000000000,NONE,0,0.049913123,0.500000000,-53.500000000,0.000000000,0.457443623,-49.986340180,-0.077699215,0.042556377,-3.513659820,0.077699215,-0.172208173,-2.994902932,0.120351170,-0.166825975,-2.424098624,0.003194210,-0.005382198,-0.570804308,0.117156959,-1.680389770,-450.000000000,20.202773430,0.069616038,-0.001856378,-9.494233341,115.293655778,-114.453460893,109.706344222,-110.546539107,-10.101386715,-10.101386715
1786021586.545915604,81.200346310,0.000000000,NONE,0,0.049964947,0.500000000,-53.500000000,0.000000000,0.457505568,-50.107835139,-0.077695790,0.042494432,-3.392164861,0.077695790,-0.170645411,-2.994983505,0.120566910,-0.168021729,-2.424109206,0.003362099,-0.002623682,-0.570874299,0.117204811,-1.502079671,-450.000000000,20.205294470,0.069522873,-0.001852499,-9.493766401,115.248961518,-114.497921682,109.751038482,-110.502078318,-10.102647235,-10.102647235
1786021586.596050262,81.250480699,0.000000000,TARGET_UPDATED,0,0.050169708,0.500000000,-53.500000000,0.000000000,0.457526714,-50.229332491,-0.077694726,0.042473286,-3.270667509,0.077694726,-0.168968163,-2.995080704,0.120513061,-0.168357853,-2.424112918,0.003302582,-0.000610310,-0.570967786,0.117210479,-1.369197310,-450.000000000,20.204846537,0.069430453,-0.001835280,-9.493511600,115.215677228,-114.531078572,109.784322772,-110.468921428,-10.102423269,-10.102423269
1786021586.645871162,81.300301742,0.000000000,NONE,0,0.049824583,0.500000000,-53.500000000,0.000000000,0.457534371,-50.326530441,-0.077695606,0.042465629,-3.173469559,0.077695606,-0.167553216,-2.995169544,0.120281709,-0.168227847,-2.424110481,0.003096858,0.000674631,-0.571059063,0.117184850,-1.283711144,-450.000000000,20.202425147,0.069357404,-0.001815594,-9.494775904,115.194621762,-114.552766190,109.805378238,-110.447233810,-10.101212573,-10.101212573
1786021586.695885897,81.350316403,0.000000000,NONE,0,0.050010461,0.500000000,-53.500000000,0.000000000,0.457548675,-50.448026518,-0.077698711,0.042451325,-3.051973482,0.077698711,-0.165695052,-2.995293273,0.119778177,-0.167804917,-2.424100973,0.002664323,0.002109865,-0.571192299,0.117113854,-1.165095042,-450.000000000,20.196550144,0.069266649,-0.001819455,-9.494404982,115.164875006,-114.582327485,109.835124994,-110.417672515,-10.098275072,-10.098275072
1786021586.746664762,81.401095385,0.000000000,NONE,0,0.050007823,0.500000000,-53.500000000,0.000000000,0.457584578,-50.569519628,-0.077703783,0.042415422,-2.930480372,0.077703783,-0.163737017,-2.995429234,0.119076115,-0.166992895,-2.424084974,0.002066548,0.003255878,-0.571344260,0.117009567,-1.071263752,-450.000000000,20.188584304,0.069175485,-0.001825805,-9.493967043,115.141307699,-114.605675823,109.858692301,-110.394324177,-10.094292152,-10.094292152
1786021586.795978785,81.450409413,0.000000000,TARGET_UPDATED,0,0.050099473,0.500000000,-53.500000000,0.000000000,0.457659596,-50.691008270,-0.077710472,0.042340404,-2.808991730,0.077710472,-0.161683675,-2.995574675,0.118229951,-0.165870449,-2.424063653,0.001350781,0.004186774,-0.571511022,0.116879170,-0.987764874,-450.000000000,20.178939109,0.069084404,-0.001819731,-9.493663479,115.120357088,-114.626474651,109.879642912,-110.373525349,-10.089469554,-10.089469554
1786021586.845949173,81.500379798,0.000000000,TARGET_UPDATED,0,0.049975173,0.500000000,-54.500000000,0.000000000,0.457787617,-50.812491285,-0.077718437,0.042212383,-3.687508715,0.077718437,-0.172292758,-2.995019050,0.117330500,-0.164488521,-2.424038605,0.000567970,-0.007804238,-0.570980445,0.116762530,-2.134965832,-450.000000000,20.171043135,0.068993924,-0.001803736,-9.493481021,115.407111713,-114.339628797,109.592888287,-110.660371203,-10.085521568,-10.085521568
1786021586.895937204,81.550367807,0.000000000,NONE,0,0.049946808,0.500000000,-54.500000000,0.000000000,0.457866253,-50.909677883,-0.077725377,0.042133747,-3.590322117,0.077725377,-0.171241805,-2.995109920,0.116557220,-0.166231820,-2.424017910,-0.000074900,-0.005009985,-0.571092010,0.116632120,-1.654328728,-450.000000000,20.161637425,0.068922171,-0.001787597,-9.494787042,115.287278942,-114.460114579,109.712721058,-110.539885421,-10.080818712,-10.080818712
1786021586.945913792,81.600344453,0.000000000,NONE,0,0.049992368,0.500000000,-54.500000000,0.000000000,0.457871055,-51.031165677,-0.077733917,0.042128945,-3.468834323,0.077733917,-0.169794139,-2.995229267,0.115617256,-0.167453621,-2.423990602,-0.000846912,-0.002340519,-0.571238666,0.116464169,-1.473214498,-450.000000000,20.149132276,0.068832609,-0.001795558,-9.494424688,115.241909797,-114.505302547,109.758090203,-110.494697453,-10.074566138,-10.074566138
1786021586.995988369,81.650419068,0.000000000,TARGET_UPDATED,0,0.050069374,0.500000000,-54.500000000,0.000000000,0.457840836,-51.152653834,-0.077741830,0.042159164,-3.347346166,0.077741830,-0.168232989,-2.995350385,0.114770484,-0.167629656,-2.423965368,-0.001550048,-0.000603333,-0.571385017,0.116320533,-1.362526301,-450.000000000,20.139568536,0.068742306,-0.001802792,-9.494011894,115.214134549,-114.532871398,109.785865451,-110.467128602,-10.069784268,-10.069784268
1786021587.045903683,81.700334234,0.000000000,NONE,0,0.049921417,0.500000000,-54.500000000,0.000000000,0.457813723,-51.249843181,-0.077747663,0.042186277,-3.250156819,0.077747663,-0.166912051,-2.995446454,0.114199319,-0.167366727,-2.423947557,-0.002029640,0.000454676,-0.571498896,0.116228959,-1.291417533,-450.000000000,20.134192759,0.068670000,-0.001797085,-9.495140682,115.196639554,-114.550930787,109.803360446,-110.449069213,-10.067096380,-10.067096380
1786021587.095923424,81.750354022,0.000000000,NONE,0,0.050030140,0.500000000,-54.500000000,0.000000000,0.457791826,-51.371327490,-0.077753594,0.042208174,-3.128672510,0.077753594,-0.165171915,-2.995563918,0.113656071,-0.166780140,-2.423929550,-0.002470249,0.001608225,-0.571634367,0.116126320,-1.192733861,-450.000000000,20.126790852,0.068579355,-0.001812201,-9.494600006,115.171833467,-114.575466536,109.828166533,-110.424533464,-10.063395426,-10.063395426
1786021587.145892382,81.800323066,0.000000000,NONE,0,0.049955135,0.500000000,-54.500000000,0.000000000,0.457798518,-51.492808358,-0.077757405,0.042201482,-3.007191642,0.077757405,-0.163331770,-2.995677240,0.113333959,-0.165838037,-2.423917287,-0.002727633,0.002506268,-0.571759953,0.116061592,-1.115031845,-450.000000000,20.123015698,0.068487838,-0.001822101,-9.494022272,115.152263529,-114.594747607,109.847736471,-110.405252393,-10.061507849,-10.061507849
1786021587.196007252,81.850437789,0.000000000,TARGET_UPDATED,0,0.050133370,0.500000000,-54.500000000,0.000000000,0.457850497,-51.614284943,-0.077759154,0.042149503,-2.885715057,0.077759154,-0.161396484,-2.995785302,0.113252778,-0.164599357,-2.423911410,-0.002787987,0.003202873,-0.571873893,0.116040765,-1.047257824,-450.000000000,20.122438118,0.068396460,-0.001812112,-9.493669759,115.135231896,-114.611602984,109.864768104,-110.388397016,-10.061219059,-10.061219059
1786021587.245990753,81.900421257,0.000000000,NONE,0,0.049943510,0.500000000,-54.500000000,0.000000000,0.457960592,-51.735756701,-0.077758815,0.042039408,-2.764243299,0.077758815,-0.159367991,-2.995887727,0.113415376,-0.163129536,-2.423912236,-0.002645428,0.003761545,-0.571975490,0.116060804,-0.985312881,-450.000000000,20.124657510,0.068306145,-0.001787608,-9.493512545,115.119706356,-114.627049916,109.880293644,-110.372950084,-10.062328755,-10.062328755
1786021587.296048403,81.950478965,0.000000000,TARGET_UPDATED,0,0.050090427,0.500000000,-55.500000000,0.000000000,0.458138408,-51.857223323,-0.077756378,0.041861592,-3.642776677,0.077756378,-0.170267462,-2.995273803,0.113786906,-0.161488308,-2.423919692,-0.002311504,-0.008779154,-0.571354111,0.116098410,-2.170916316,-450.000000000,20.127639464,0.068217421,-0.001755844,-9.493566317,115.416120658,-114.330662500,109.583879342,-110.669337500,-10.063819732,-10.063819732
1786021587.346059561,82.000490219,0.000000000,NONE,0,0.050002726,0.500000000,-55.500000000,0.000000000,0.458273395,-51.954397008,-0.077753039,0.041726605,-3.545602992,0.077753039,-0.169251813,-2.995314548,0.114223624,-0.162890945,-2.423930832,-0.001941083,-0.006360869,-0.571383716,0.116164708,-1.710803962,-450.000000000,20.132855414,0.068147651,-0.001731452,-9.495043758,115.301461930,-114.446059949,109.698538070,-110.553940051,-10.066427707,-10.066427707
1786021587.396026373,82.050456847,0.000000000,TARGET_UPDATED,0,0.049955278,0.500000000,-55.500000000,0.000000000,0.458351769,-52.075870327,-0.077747482,0.041648231,-3.424129673,0.077747482,-0.167837461,-2.995367911,0.114900712,-0.164091639,-2.423948017,-0.001381208,-0.003745822,-0.571419894,0.116281920,-1.527266448,-450.000000000,20.142080730,0.068061064,-0.001733734,-9.494894046,115.255540123,-114.491906900,109.744459877,-110.508093100,-10.071040365,-10.071040365
1786021587.445927143,82.100357799,0.000000000,NONE,0,0.049907157,0.500000000,-55.500000000,0.000000000,0.458387724,-52.173050990,-0.077742191,0.041612276,-3.326949010,0.077742191,-0.166613866,-2.995412131,0.115519021,-0.164270470,-2.423964929,-0.000866182,-0.002343396,-0.571447202,0.116385203,-1.447904243,-450.000000000,20.149033680,0.067991477,-0.001740630,-9.496044653,115.235987224,-114.512035102,109.764012776,-110.487964898,-10.074516840,-10.074516840
1786021587.495929956,82.150360507,0.000000000,NONE,0,0.050004859,0.500000000,-55.500000000,0.000000000,0.458424454,-52.294527752,-0.077734840,0.041575546,-3.205472248,0.077734840,-0.164977646,-2.995470488,0.116340100,-0.164137974,-2.423988515,-0.000191331,-0.000839672,-0.571481973,0.116531431,-1.329848707,-450.000000000,20.160124468,0.067903645,-0.001772515,-9.495490236,115.206334736,-114.541410382,109.793665264,-110.458589618,-10.080062234,-10.080062234
1786021587.545988083,82.200418744,0.000000000,NONE,0,0.050013426,0.500000000,-55.500000000,0.000000000,0.458468099,-52.416004530,-0.077727318,0.041531901,-3.083995470,0.077727318,-0.163222740,-2.995534170,0.117161547,-0.163622742,-2.424013082,0.000483583,0.000400002,-0.571521088,0.116677963,-1.233267172,-450.000000000,20.170387274,0.067814056,-0.001801929,-9.494812234,115.182019851,-114.565386266,109.817980149,-110.434613734,-10.085193637,-10.085193637
1786021587.596023560,82.250454304,0.000000000,TARGET_UPDATED,0,0.050068651,0.500000000,-55.500000000,0.000000000,0.458536789,-52.537480090,-0.077719887,0.041463211,-2.962519910,0.077719887,-0.161356025,-2.995604821,0.117927298,-0.162782495,-2.424036831,0.001114444,0.001426470,-0.571567990,0.116812854,-1.147025176,-450.000000000,20.179593901,0.067723519,-0.001812007,-9.494250065,115.160318810,-114.586806222,109.839681190,-110.413193778,-10.089796951,-10.089796951
1786021587.645915985,82.300346494,0.000000000,NONE,0,0.049909535,0.500000000,-55.500000000,0.000000000,0.458644416,-52.658953406,-0.077712945,0.041355584,-2.841046594,0.077712945,-0.159382004,-2.995684066,0.118586597,-0.161688407,-2.424058104,0.001657106,0.002306404,-0.571625962,0.116929492,-1.066838628,-450.000000000,20.187401384,0.067632932,-0.001804478,-9.493829510,115.140167034,-114.606747721,109.859832966,-110.393252279,-10.093700692,-10.093700692
1786021587.695997000,82.350427591,0.000000000,TARGET_UPDATED,0,0.050087121,0.500000000,-56.500000000,0.000000000,0.458801773,-52.780423594,-0.077707026,0.041198227,-3.719576406,0.077707026,-0.169500236,-2.995108801,0.119076855,-0.160398363,-2.424075500,0.002073829,-0.009101873,-0.571033302,0.117003026,-2.155708137,-450.000000000,20.191679974,0.067542991,-0.001784395,-9.493601138,115.412327319,-114.334473250,109.587672681,-110.665526750,-10.095839987,-10.095839987
1786021587.746080399,82.400511145,0.000000000,NONE,0,0.050018187,0.500000000,-56.500000000,0.000000000,0.458944053,-52.901894853,-0.077702700,0.041055947,-3.598105147,0.077702700,-0.168190239,-2.995169805,0.119393168,-0.161993499,-2.424088644,0.002319458,-0.006196740,-0.571081161,0.117073710,-1.674601863,-450.000000000,20.196572878,0.067454153,-0.001759313,-9.493492735,115.292023649,-114.454722718,109.707976351,-110.545277282,-10.098286439,-10.098286439
1786021587.795959949,82.450390726,0.000000000,TARGET_UPDATED,0,0.049942961,0.500000000,-56.500000000,0.000000000,0.458984270,-53.023372733,-0.077700383,0.041015730,-3.476627267,0.077700383,-0.166727639,-2.995247222,0.119499004,-0.163178186,-2.424094850,0.002388887,-0.003549453,-0.571152371,0.117110117,-1.497560626,-450.000000000,20.198437202,0.067366639,-0.001731772,-9.493496071,115.247764174,-114.498983861,109.752235826,-110.501016139,-10.099218601,-10.099218601
1786021587.846024752,82.500455409,0.000000000,NONE,0,0.050059753,0.500000000,-56.500000000,0.000000000,0.458987273,-53.144852551,-0.077700123,0.041012727,-3.355147449,0.077700123,-0.165150500,-2.995338680,0.119396190,-0.163455294,-2.424095141,0.002289556,-0.001695206,-0.571243539,0.117106635,-1.377344541,-450.000000000,20.197394845,0.067280489,-0.001705094,-9.493606912,115.217737863,-114.529065593,109.782262137,-110.470934407,-10.098697422,-10.098697422
1786021587.895943642,82.550374347,0.000000000,NONE,0,0.049912180,0.500000000,-56.500000000,0.000000000,0.458979398,-53.266332221,-0.077701889,0.041020602,-3.233667779,0.077701889,-0.163469545,-2.995442910,0.119096773,-0.163311721,-2.424089213,0.002030197,-0.000157824,-0.571353698,0.117066577,-1.264992872,-450.000000000,20.193857806,0.067195569,-0.001682927,-9.493742707,115.189683895,-114.557187459,109.810316105,-110.442812541,-10.096928903,-10.096928903
1786021587.945925474,82.600356056,0.000000000,NONE,0,0.049972832,0.500000000,-56.500000000,0.000000000,0.458978190,-53.363514778,-0.077704692,0.041021810,-3.136485222,0.077704692,-0.162053931,-2.995534411,0.118733566,-0.162915454,-2.424080239,0.001721200,0.000861523,-0.571454172,0.117012366,-1.192231333,-450.000000000,20.189780850,0.067128355,-0.001669477,-9.495209309,115.171860160,-114.575744494,109.828139840,-110.424255506,-10.094890425,-10.094890425
1786021587.996104479,82.650534923,0.000000000,TARGET_UPDATED,0,0.050049297,0.500000000,-56.500000000,0.000000000,0.458994730,-53.484990498,-0.077709570,0.041005270,-3.015009502,0.077709570,-0.160195525,-2.995657496,0.118155863,-0.162244945,-2.424064581,0.001243426,0.002049420,-0.571592916,0.116912438,-1.089001060,-450.000000000,20.181874037,0.067044404,-0.001685174,-9.495047329,115.146012097,-114.601511567,109.853987903,-110.398488433,-10.090937019,-10.090937019
1786021588.046051502,82.700482266,0.000000000,NONE,0,0.050088340,0.500000000,-56.500000000,0.000000000,0.459041974,-53.606462551,-0.077715493,0.040958026,-2.893537449,0.077715493,-0.158234687,-2.995788472,0.117484190,-0.161309417,-2.424045101,0.000691842,0.003074730,-0.571743371,0.116792348,-1.000883911,-450.000000000,20.173066844,0.066959182,-0.001711754,-9.494671462,115.123888843,-114.623446888,109.876111157,-110.376553112,-10.086533422,-10.086533422
1786021588.095876455,82.750306858,0.000000000,NONE,0,0.049823793,0.500000000,-56.500000000,0.000000000,0.459133680,-53.727929867,-0.077722322,0.040866320,-2.772070133,0.077722322,-0.156175064,-2.995924835,0.116770886,-0.160118808,-2.424023172,0.000104915,0.003943745,-0.571901663,0.116665971,-0.920781419,-450.000000000,20.164081509,0.066873022,-0.001727885,-9.494281114,115.103765633,-114.643374924,109.896234367,-110.356625076,-10.082040754,-10.082040754
1786021588.145994663,82.800425494,0.000000000,TARGET_UPDATED,0,0.050130745,0.500000000,-57.500000000,0.000000000,0.459280053,-53.849391696,-0.077729658,0.040719947,-3.650608304,0.077729658,-0.166621841,-2.995388886,0.116089866,-0.158740733,-2.424000348,-0.000467548,-0.007881108,-0.571388538,0.116557414,-2.044659798,-450.000000000,20.156853516,0.066786518,-0.001731672,-9.494019055,115.384669713,-114.362339814,109.615330287,-110.637660186,-10.078426758,-10.078426758
1786021588.196030140,82.850460825,0.000000000,TARGET_UPDATED,0,0.050033850,0.500000000,-57.500000000,0.000000000,0.459395224,-53.970853836,-0.077736884,0.040604776,-3.529146164,0.077736884,-0.165280837,-2.995488914,0.115434879,-0.160743192,-2.423978976,-0.000990116,-0.004537645,-0.571509939,0.116424996,-1.520228915,-450.000000000,20.147103107,0.066700124,-0.001727807,-9.493820690,115.253512401,-114.493397944,109.746487599,-110.506602056,-10.073551553,-10.073551553
1786021588.245986223,82.900416847,0.000000000,NONE,0,0.049858487,0.500000000,-57.500000000,0.000000000,0.459415778,-54.068027061,-0.077742216,0.040584222,-3.431972939,0.077742216,-0.164104155,-2.995571460,0.114978794,-0.161517108,-2.423962419,-0.001355656,-0.002587047,-0.571609041,0.116334450,-1.412469598,-450.000000000,20.141595422,0.066631292,-0.001718421,-9.495052269,115.226880467,-114.520645668,109.773119533,-110.479354332,-10.070797711,-10.070797711
1786021588.295923948,82.950354559,0.000000000,NONE,0,0.050024448,0.500000000,-57.500000000,0.000000000,0.459408671,-54.189494338,-0.077747768,0.040591329,-3.310505662,0.077747768,-0.162535333,-2.995674584,0.114527996,-0.161898417,-2.423945361,-0.001701684,-0.000636915,-0.571729223,0.116229680,-1.271171208,-450.000000000,20.133983256,0.066545241,-0.001729905,-9.494711104,115.191470578,-114.555884974,109.808529422,-110.444115026,-10.066991628,-10.066991628
1786021588.346523762,83.000953970,0.000000000,NONE,0,0.050490276,0.500000000,-57.500000000,0.000000000,0.459386473,-54.310961206,-0.077751581,0.040613527,-3.189038794,0.077751581,-0.160860668,-2.995776226,0.114239202,-0.161784577,-2.423932881,-0.001917457,0.000923909,-0.571843345,0.116156659,-1.159732980,-450.000000000,20.129519898,0.066458239,-0.001743445,-9.494326545,115.163514881,-114.583648391,109.836485119,-110.416351609,-10.064759949,-10.064759949
1786021588.396357298,83.050787916,0.000000000,TARGET_UPDATED,0,0.049938622,0.500000000,-57.500000000,0.000000000,0.459373006,-54.432426324,-0.077753782,0.040626994,-3.067573676,0.077753782,-0.159089858,-2.995874945,0.114133452,-0.161239074,-2.423925689,-0.001989411,0.002149215,-0.571949256,0.116122863,-1.065510181,-450.000000000,20.127923665,0.066370899,-0.001743287,-9.493969903,115.139870021,-114.607114931,109.860129979,-110.392885069,-10.063961833,-10.063961833
1786021588.446016312,83.100446705,0.000000000,NONE,0,0.049585362,0.500000000,-57.500000000,0.000000000,0.459386784,-54.553888736,-0.077754362,0.040613216,-2.946111264,0.077754362,-0.157229090,-2.995969981,0.114218216,-0.160355021,-2.423924171,-0.001907097,0.003125931,-0.572045810,0.116125313,-0.983589761,-450.000000000,20.128821305,0.066283928,-0.001729747,-9.493720979,115.119327685,-114.627532805,109.880672315,-110.372467195,-10.064410652,-10.064410652
1786021588.495925426,83.150356026,0.000000000,NONE,0,0.050000931,0.500000000,-57.500000000,0.000000000,0.459442526,-54.675347758,-0.077753238,0.040557474,-2.824652242,0.077753238,-0.155281232,-2.996061267,0.114486458,-0.159201373,-2.423928409,-0.001673940,0.003920141,-0.572132857,0.116160397,-0.910614167,-450.000000000,20.131929505,0.066197927,-0.001706160,-9.493696697,115.101077716,-114.645770633,109.898922284,-110.354229367,-10.065964752,-10.065964752
1786021588.545970917,83.200401457,0.000000000,TARGET_UPDATED,0,0.050065896,0.500000000,-58.500000000,0.000000000,0.459552428,-54.796802876,-0.077750389,0.040447572,-3.703197124,0.077750389,-0.165348489,-2.995505306,0.114931995,-0.157823363,-2.423938058,-0.001307409,-0.007525126,-0.571567248,0.116239404,-1.995989176,-450.000000000,20.138336319,0.066113241,-0.001679203,-9.493811480,115.372450164,-114.374455576,109.627549836,-110.625544424,-10.069168160,-10.069168160
1786021588.596032619,83.250463110,0.000000000,TARGET_UPDATED,0,0.050010494,0.500000000,-58.500000000,0.000000000,0.459626662,-54.893967860,-0.077746894,0.040373338,-3.606032140,0.077746894,-0.164356866,-2.995543460,0.115353810,-0.159264642,-2.423949907,-0.000942320,-0.005092224,-0.571593554,0.116296130,-1.557293972,-450.000000000,20.141863395,0.066046415,-0.001660562,-9.495257777,115.263137937,-114.484490951,109.736862063,-110.515509049,-10.070931698,-10.070931698
1786021588.645978451,83.300409100,0.000000000,NONE,0,0.049947101,0.500000000,-58.500000000,0.000000000,0.459630637,-55.015430067,-0.077741377,0.040369363,-3.484569933,0.077741377,-0.162987548,-2.995594810,0.115953291,-0.160462060,-2.423966809,-0.000445254,-0.002525488,-0.571628001,0.116398546,-1.379228718,-450.000000000,20.149948672,0.065963227,-0.001668159,-9.495116116,115.218586209,-114.528971850,109.781413791,-110.471028150,-10.074974336,-10.074974336
1786021588.696276665,83.350707286,0.000000000,NONE,0,0.050300705,0.500000000,-58.500000000,0.000000000,0.459599916,-55.136894834,-0.077735241,0.040400084,-3.363105166,0.077735241,-0.161505410,-2.995649775,0.116596109,-0.160653000,-2.423986638,0.000078940,-0.000852410,-0.571663137,0.116517169,-1.274050021,-450.000000000,20.158560102,0.065879255,-0.001684353,-9.494864010,115.192228508,-114.555203497,109.807771492,-110.444796503,-10.079280051,-10.079280051
1786021588.745954514,83.400385168,0.000000000,NONE,0,0.049650883,0.500000000,-58.500000000,0.000000000,0.459565548,-55.258360201,-0.077728747,0.040434452,-3.241639799,0.077728747,-0.159922831,-2.995709330,0.117235891,-0.160353031,-2.424007621,0.000597692,0.000430201,-0.571701709,0.116638199,-1.180245132,-450.000000000,20.167111512,0.065794785,-0.001693294,-9.494550500,115.168698908,-114.578576342,109.831301092,-110.421423658,-10.083555756,-10.083555756
1786021588.796597004,83.451027517,0.000000000,TARGET_UPDATED,0,0.050672986,0.500000000,-58.500000000,0.000000000,0.459547670,-55.379824854,-0.077722185,0.040452330,-3.120175146,0.077722185,-0.158245398,-2.995774817,0.117827429,-0.159676758,-2.424028187,0.001074190,0.001431360,-0.571746629,0.116753239,-1.100754648,-450.000000000,20.174996988,0.065710238,-0.001692894,-9.494450236,115.148801221,-114.598423897,109.851198779,-110.401576103,-10.087498494,-10.087498494
1786021588.845941544,83.500371976,0.000000000,NONE,0,0.049343999,0.500000000,-58.500000000,0.000000000,0.459556742,-55.476995270,-0.077717115,0.040443258,-3.023004730,0.077717115,-0.156837740,-2.995832362,0.118238187,-0.158896942,-2.424043378,0.001403719,0.002059202,-0.571788984,0.116834468,-1.048908519,-450.000000000,20.180058898,0.065642757,-0.001689460,-9.495564250,115.136118192,-114.611663933,109.863881808,-110.388336067,-10.090029449,-10.090029449
1786021588.895940065,83.550370730,0.000000000,NONE,0,0.049991595,0.500000000,-58.500000000,0.000000000,0.459607291,-55.598455906,-0.077711604,0.040392709,-2.901544094,0.077711604,-0.154993638,-2.995911970,0.118643997,-0.157762735,-2.424059821,0.001713056,0.002769096,-0.571852149,0.116930941,-0.977336908,-450.000000000,20.187095684,0.065558057,-0.001709533,-9.495142229,115.118119784,-114.629451330,109.881880216,-110.370548670,-10.093547842,-10.093547842
1786021588.945926428,83.600356920,0.000000000,NONE,0,0.049978043,0.500000000,-58.500000000,0.000000000,0.459709859,-55.719913174,-0.077707631,0.040290141,-2.780086826,0.077707631,-0.153049797,-2.996001292,0.118905796,-0.156427414,-2.424072420,0.001902037,0.003377617,-0.571928872,0.117003759,-0.914201070,-450.000000000,20.191720109,0.065472042,-0.001731359,-9.494587109,115.102197045,-114.645096510,109.897802955,-110.354903490,-10.095860055,-10.095860055
1786021588.996010065,83.650440540,0.000000000,TARGET_UPDATED,0,0.050115096,0.500000000,-59.500000000,0.000000000,0.459874162,-55.841366212,-0.077705210,0.040125838,-3.658633788,0.077705210,-0.163362056,-2.995453383,0.118985684,-0.154913243,-2.424080260,0.001962831,-0.008448812,-0.571373123,0.117022853,-2.027814856,-450.000000000,20.191980743,0.065385277,-0.001738832,-9.494124728,115.380484896,-114.366577468,109.619515104,-110.633422532,-10.095990372,-10.095990372
1786021589.045859575,83.700290227,0.000000000,NONE,0,0.049840350,0.500000000,-59.500000000,0.000000000,0.460037356,-55.962818913,-0.077704373,0.039962644,-3.537181087,0.077704373,-0.162118419,-2.995524320,0.118899538,-0.156241010,-2.424083531,0.001870390,-0.005877409,-0.571440789,0.117029148,-1.566789248,-450.000000000,20.192166644,0.065298470,-0.001734240,-9.493735100,115.265131087,-114.481736463,109.734868913,-110.518263537,-10.096083322,-10.096083322
1786021589.095942974,83.750373460,0.000000000,NONE,0,0.050077129,0.500000000,-59.500000000,0.000000000,0.460105870,-56.084277067,-0.077705199,0.039894130,-3.415722933,0.077705199,-0.160721579,-2.995609934,0.118639872,-0.157312307,-2.424080098,0.001632942,-0.003409273,-0.571529835,0.117006930,-1.399580043,-450.000000000,20.190041416,0.065212214,-0.001718519,-9.493523062,115.223275776,-114.523485755,109.776724224,-110.476514245,-10.095020708,-10.095020708
1786021589.145851374,83.800282148,0.000000000,NONE,0,0.049933797,0.500000000,-59.500000000,0.000000000,0.460142276,-56.205736311,-0.077707631,0.039857724,-3.294263689,0.077707631,-0.159208286,-2.995706973,0.118232926,-0.157488058,-2.424071674,0.001277375,-0.001720228,-0.571635299,0.116955551,-1.290645400,-450.000000000,20.185859607,0.065126940,-0.001695831,-9.493432142,115.196019385,-114.550696686,109.803980615,-110.449303314,-10.092929803,-10.092929803
1786021589.195956945,83.850387596,0.000000000,TARGET_UPDATED,0,0.050106431,0.500000000,-59.500000000,0.000000000,0.460173631,-56.327194644,-0.077711501,0.039826369,-3.172805356,0.077711501,-0.157589877,-2.995813328,0.117710913,-0.157231231,-2.424058676,0.000830836,-0.000358646,-0.571754652,0.116880078,-1.191152953,-450.000000000,20.180099167,0.065042860,-0.001670527,-9.493476901,115.171157463,-114.575580987,109.828842537,-110.424419013,-10.090049584,-10.090049584
1786021589.245874643,83.900305201,0.000000000,NONE,0,0.049893827,0.500000000,-59.500000000,0.000000000,0.460218482,-56.448650668,-0.077716617,0.039781518,-3.051349332,0.077716617,-0.155871713,-2.995926891,0.117114420,-0.156630520,-2.424042075,0.000326918,0.000758806,-0.571884816,0.116787502,-1.103171598,-450.000000000,20.173269676,0.064960006,-0.001646577,-9.493570283,115.149185470,-114.597599671,109.850814530,-110.402400329,-10.086634838,-10.086634838
1786021589.295918941,83.950349497,0.000000000,NONE,0,0.050047894,0.500000000,-59.500000000,0.000000000,0.460291752,-56.570103289,-0.077722654,0.039708248,-2.929896711,0.077722654,-0.154056689,-2.996045526,0.116488484,-0.155760664,-2.424023128,-0.000194763,0.001703975,-0.572022398,0.116683247,-1.023095190,-450.000000000,20.165744161,0.064878276,-0.001625817,-9.493733522,115.129207178,-114.617659583,109.870792822,-110.382340417,-10.082872081,-10.082872081
1786021589.346022844,84.000453489,0.000000000,NONE,0,0.049969582,0.500000000,-59.500000000,0.000000000,0.460378623,-56.667262388,-0.077727819,0.039621377,-2.832737612,0.077727819,-0.152535159,-2.996142723,0.115997575,-0.154899203,-2.424007205,-0.000599450,0.002364045,-0.572135519,0.116597025,-0.966854330,-450.000000000,20.160066249,0.064813587,-0.001612923,-9.495164784,115.115504779,-114.632077614,109.884495221,-110.367922386,-10.080033125,-10.080033125
1786021589.396043301,84.050473897,0.000000000,TARGET_UPDATED,0,0.050116838,0.500000000,-60.500000000,0.000000000,0.460529494,-56.788707068,-0.077734062,0.039470506,-3.711292932,0.077734062,-0.162291886,-2.995652544,0.115425278,-0.153722736,-2.423987643,-0.001046950,-0.008569150,-0.571664901,0.116472229,-2.000956524,-450.000000000,20.150565916,0.064732751,-0.001628974,-9.495025767,115.373995573,-114.373517311,109.626004427,-110.626482689,-10.075282958,-10.075282958
1786021589.445922375,84.100352984,0.000000000,NONE,0,0.049924900,0.500000000,-60.500000000,0.000000000,0.460653939,-56.910151939,-0.077739613,0.039346061,-3.589848061,0.077739613,-0.161030343,-2.995739649,0.114938862,-0.155506985,-2.423970392,-0.001432565,-0.005523359,-0.571769257,0.116371427,-1.519727548,-450.000000000,20.143980831,0.064650694,-0.001654213,-9.494664200,115.253597937,-114.493734163,109.746402063,-110.506265837,-10.071990415,-10.071990415
1786021589.495888948,84.150319530,0.000000000,NONE,0,0.049987112,0.500000000,-60.500000000,0.000000000,0.460682987,-57.007311333,-0.077743541,0.039317013,-3.492688667,0.077743541,-0.159913715,-2.995811418,0.114632820,-0.156335567,-2.423957566,-0.001674829,-0.003578148,-0.571853851,0.116307650,-1.408101546,-450.000000000,20.140259616,0.064584369,-0.001665445,-9.495702610,115.225951039,-114.521900266,109.774048961,-110.478099734,-10.070129808,-10.070129808
1786021589.545895338,84.200326040,0.000000000,NONE,0,0.049981121,0.500000000,-60.500000000,0.000000000,0.460684528,-57.128761629,-0.077747456,0.039315472,-3.371238371,0.077747456,-0.158414489,-2.995900994,0.114379118,-0.156766928,-2.423945270,-0.001860697,-0.001647561,-0.571955724,0.116239815,-1.269828752,-450.000000000,20.135429878,0.064500471,-0.001698250,-9.495110361,115.191234778,-114.556320402,109.808765222,-110.443679598,-10.067714939,-10.067714939
1786021589.595972776,84.250403406,0.000000000,TARGET_UPDATED,0,0.050052484,0.500000000,-60.500000000,0.000000000,0.460667265,-57.250211993,-0.077749853,0.039332735,-3.249788007,0.077749853,-0.156804684,-2.995989370,0.114286148,-0.156749878,-2.423937391,-0.001912382,-0.000054806,-0.572051979,0.116198531,-1.156862297,-450.000000000,20.133072333,0.064414858,-0.001725565,-9.494436454,115.162824688,-114.584393539,109.837175312,-110.415606461,-10.066536167,-10.066536167
1786021589.645913601,84.300344145,0.000000000,NONE,0,0.049963300,0.500000000,-60.500000000,0.000000000,0.460653533,-57.371661202,-0.077750814,0.039346467,-3.128338798,0.077750814,-0.155095906,-2.996075443,0.114362915,-0.156320932,-2.423934336,-0.001827111,0.001225025,-0.572141107,0.116190026,-1.060823211,-450.000000000,20.133131605,0.064328558,-0.001730011,-9.493916117,115.138684832,-114.608273226,109.861315168,-110.391726774,-10.066565802,-10.066565802
1786021589.695845127,84.350275646,0.000000000,NONE,0,0.049939981,0.500000000,-60.500000000,0.000000000,0.460659928,-57.493108429,-0.077750332,0.039340072,-3.006891571,0.077750332,-0.153295767,-2.996158792,0.114605448,-0.155595188,-2.423936258,-0.001604918,0.002299421,-0.572222534,0.116210367,-0.973920801,-450.000000000,20.135132967,0.064242590,-0.001715802,-9.493597272,115.116879518,-114.629919118,109.883120482,-110.370080882,-10.067566484,-10.067566484
1786021589.745901108,84.400331708,0.000000000,NONE,0,0.050053827,0.500000000,-60.500000000,0.000000000,0.460699664,-57.614553079,-0.077748391,0.039300336,-2.885446921,0.077748391,-0.151408448,-2.996239639,0.114997105,-0.154625102,-2.423942997,-0.001259619,0.003216654,-0.572296643,0.116256724,-0.894561701,-450.000000000,20.138896842,0.064157700,-0.001688955,-9.493497239,115.097014735,-114.649733884,109.902985265,-110.350266116,-10.069448421,-10.069448421
1786021589.795936584,84.450367114,0.000000000,TARGET_UPDATED,0,0.050067879,0.500000000,-60.500000000,0.000000000,0.460784416,-57.735994645,-0.077745037,0.039215584,-2.764005355,0.077745037,-0.149435830,-2.996318745,0.115510030,-0.153438137,-2.423954034,-0.000814637,0.004002307,-0.572364711,0.116324667,-0.821645361,-450.000000000,20.144083747,0.064074319,-0.001656192,-9.493570475,115.078803959,-114.667981278,109.921196041,-110.332018722,-10.072041873,-10.072041873
1786021589.845960379,84.500391091,0.000000000,TARGET_UPDATED,0,0.050009781,0.500000000,-61.500000000,0.000000000,0.460923710,-57.857432731,-0.077740463,0.039076290,-3.642567269,0.077740463,-0.159537179,-2.995773777,0.116126749,-0.152077511,-2.423968541,-0.000302773,-0.007459668,-0.571805236,0.116429522,-1.903323881,-450.000000000,20.152163209,0.063992544,-0.001623770,-9.493753197,115.349269270,-114.397607329,109.650730730,-110.602392671,-10.076081604,-10.076081604
1786021589.895970821,84.550401403,0.000000000,NONE,0,0.049992424,0.500000000,-61.500000000,0.000000000,0.461039115,-57.978872563,-0.077734906,0.038960885,-3.521127437,0.077734906,-0.158276563,-2.995816081,0.116750358,-0.153881721,-2.423986132,0.000233023,-0.004394842,-0.571829949,0.116517336,-1.409931424,-450.000000000,20.157970027,0.063912226,-0.001597747,-9.493978286,115.225977428,-114.521011716,109.774022572,-110.478988284,-10.078985013,-10.078985013
1786021589.945916653,84.600347315,0.000000000,NONE,0,0.049952599,0.500000000,-61.500000000,0.000000000,0.461065627,-58.076028821,-0.077729997,0.038934373,-3.423971179,0.077729997,-0.157171286,-2.995854768,0.117242444,-0.154576619,-2.424000164,0.000648459,-0.002594667,-0.571854604,0.116593985,-1.310621448,-450.000000000,20.163113367,0.063848720,-0.001582033,-9.495433798,115.201513812,-114.546203088,109.798486188,-110.453796912,-10.081556683,-10.081556683
1786021589.996013403,84.650443881,0.000000000,TARGET_UPDATED,0,0.050077238,0.500000000,-61.500000000,0.000000000,0.461068928,-58.197476323,-0.077723988,0.038931072,-3.302523677,0.077723988,-0.155696006,-2.995908992,0.117814936,-0.154916557,-2.424018274,0.001113703,-0.000779449,-0.571890717,0.116701233,-1.179498457,-450.000000000,20.171227986,0.063769442,-0.001595678,-9.495341864,115.168710080,-114.578960852,109.831289920,-110.421039148,-10.085613993,-10.085613993
1786021590.045943737,84.700374505,0.000000000,NONE,0,0.049930919,0.500000000,-61.500000000,0.000000000,0.461060496,-58.318924848,-0.077718635,0.038939504,-3.181075152,0.077718635,-0.154118771,-2.995970888,0.118305792,-0.154761482,-2.424035373,0.001507253,0.000642710,-0.571935516,0.116798539,-1.078607996,-450.000000000,20.177846558,0.063689014,-0.001619270,-9.495031838,115.143409959,-114.604105960,109.856590041,-110.395894040,-10.088923279,-10.088923279
1786021590.095913649,84.750344233,0.000000000,NONE,0,0.049981818,0.500000000,-61.500000000,0.000000000,0.461062289,-58.440372898,-0.077714088,0.038937711,-3.059627102,0.077714088,-0.152446731,-2.996041260,0.118682724,-0.154215656,-2.424050224,0.001803577,0.001768925,-0.571991036,0.116879148,-0.992488225,-450.000000000,20.183153084,0.063607674,-0.001635107,-9.494724719,115.121803236,-114.625559123,109.878196764,-110.374440877,-10.091576542,-10.091576542
1786021590.145905256,84.800335705,0.000000000,NONE,0,0.049977006,0.500000000,-61.500000000,0.000000000,0.461091094,-58.561819255,-0.077710564,0.038908906,-2.938180745,0.077710564,-0.150683951,-2.996120771,0.118921283,-0.153358765,-2.424061776,0.001982474,0.002674813,-0.572058994,0.116938809,-0.916983579,-450.000000000,20.186910420,0.063525852,-0.001642290,-9.494456763,115.102860086,-114.644368296,109.897139914,-110.355631704,-10.093455210,-10.093455210
1786021590.195978403,84.850409221,0.000000000,TARGET_UPDATED,0,0.050101771,0.500000000,-61.500000000,0.000000000,0.461142992,-58.658974396,-0.077708614,0.038857008,-2.841025604,0.077708614,-0.149209666,-2.996191234,0.119002021,-0.152472775,-2.424068101,0.002033573,0.003263109,-0.572123133,0.116968447,-0.866896759,-450.000000000,20.188382880,0.063460306,-0.001642211,-9.495572800,115.090617390,-114.657169010,109.909382610,-110.342830990,-10.094191440,-10.094191440
1786021590.245982885,84.900413447,0.000000000,TARGET_UPDATED,0,0.050008378,0.500000000,-62.500000000,0.000000000,0.461253007,-58.780415135,-0.077707430,0.038746993,-3.719584865,0.077707430,-0.158757979,-2.995701898,0.118964462,-0.151216808,-2.424072027,0.001975025,-0.007541171,-0.571629871,0.116989437,-1.883411325,-450.000000000,20.189680324,0.063377797,-0.001667290,-9.495060144,115.344617867,-114.402912205,109.655382133,-110.597087795,-10.094840162,-10.094840162
1786021590.295915365,84.950345802,0.000000000,NONE,0,0.049921997,0.500000000,-62.500000000,0.000000000,0.461343174,-58.901856584,-0.077707719,0.038656826,-3.598143416,0.077707719,-0.157561327,-2.995773721,0.118746957,-0.152817413,-2.424071940,0.001777732,-0.004743914,-0.571701782,0.116969225,-1.425555136,-450.000000000,20.187440875,0.063293888,-0.001691022,-9.494429636,115.229996193,-114.517218625,109.770003807,-110.482781375,-10.093720438,-10.093720438
1786021590.345921755,85.000352371,0.000000000,NONE,0,0.049975007,0.500000000,-62.500000000,0.000000000,0.461352854,-58.999013097,-0.077708990,0.038647146,-3.500986903,0.077708990,-0.156504951,-2.995840365,0.118464136,-0.153469687,-2.424067510,0.001524341,-0.003035265,-0.571772856,0.116939795,-1.329127549,-450.000000000,20.185196759,0.063226286,-0.001695262,-9.495298549,115.206106524,-114.541542750,109.793893476,-110.458457250,-10.092598379,-10.092598379
1786021590.395977259,85.050407893,0.000000000,TARGET_UPDATED,0,0.050091594,0.500000000,-62.500000000,0.000000000,0.461338699,-59.120459459,-0.077711825,0.038661301,-3.379540541,0.077711825,-0.155088745,-2.995932565,0.117998238,-0.153708043,-2.424058474,0.001117269,-0.001380702,-0.571874091,0.116880969,-1.209996717,-450.000000000,20.180493476,0.063141160,-0.001717860,-9.494588187,115.176146226,-114.571147867,109.823853774,-110.428852133,-10.090246738,-10.090246738
1786021590.445923567,85.100354092,0.000000000,NONE,0,0.049956396,0.500000000,-62.500000000,0.000000000,0.461316728,-59.241905079,-0.077715825,0.038683272,-3.258094921,0.077715825,-0.153570727,-2.996032897,0.117440836,-0.153469419,-2.424045779,0.000635288,-0.000101308,-0.571987118,0.116805548,-1.118304272,-450.000000000,20.174878583,0.063054980,-0.001729662,-9.493875729,115.153045000,-114.593892864,109.846955000,-110.406107136,-10.087439291,-10.087439291
1786021590.495940447,85.150370830,0.000000000,NONE,0,0.049989393,0.500000000,-62.500000000,0.000000000,0.461308412,-59.363348445,-0.077720825,0.038691588,-3.136651555,0.077720825,-0.151960566,-2.996139053,0.116832982,-0.152851183,-2.424030318,0.000113780,0.000890617,-0.572108735,0.116719202,-1.041065678,-450.000000000,20.168616892,0.062968863,-0.001718442,-9.493394115,115.133614948,-114.613082109,109.866385052,-110.386917891,-10.084308446,-10.084308446
1786021590.545925379,85.200355951,0.000000000,NONE,0,0.049990501,0.500000000,-62.500000000,0.000000000,0.461321814,-59.460500806,-0.077725278,0.038678186,-3.039499194,0.077725278,-0.150609444,-2.996226739,0.116339449,-0.152146375,-2.424016699,-0.000306208,0.001536932,-0.572210040,0.116645657,-0.989660460,-450.000000000,20.163724781,0.062900636,-0.001697647,-9.494432832,115.121023323,-114.626193093,109.878976677,-110.373806907,-10.081862390,-10.081862390
1786021590.595977306,85.250407918,0.000000000,TARGET_UPDATED,0,0.050067322,0.500000000,-62.500000000,0.000000000,0.461372784,-59.581937742,-0.077730835,0.038627216,-2.918062258,0.077730835,-0.148840460,-2.996338325,0.115749058,-0.151123732,-2.423999268,-0.000793355,0.002283272,-0.572339057,0.116542413,-0.917574904,-450.000000000,20.155906832,0.062815995,-0.001693681,-9.493991191,115.102891524,-114.644104072,109.897108476,-110.355895928,-10.077953416,-10.077953416
1786021590.645948172,85.300378720,0.000000000,NONE,0,0.049949485,0.500000000,-62.500000000,0.000000000,0.461470249,-59.703370264,-0.077735856,0.038529751,-2.796629736,0.077735856,-0.146978431,-2.996450686,0.115226165,-0.149901501,-2.423982543,-0.001220234,0.002923071,-0.572468143,0.116446399,-0.854935173,-450.000000000,20.149325687,0.062731435,-0.001686881,-9.493561209,115.087124095,-114.659656509,109.912875905,-110.340343491,-10.074662844,-10.074662844
1786021590.695898294,85.350328979,0.000000000,TARGET_UPDATED,0,0.049973977,0.500000000,-63.500000000,0.000000000,0.461623820,-59.824797852,-0.077740259,0.038376180,-3.675202148,0.077740259,-0.156717001,-2.995974125,0.114790277,-0.148508723,-2.423967608,-0.001559632,-0.008208278,-0.572006517,0.116349909,-1.899661117,-450.000000000,20.142562856,0.062647673,-0.001665975,-9.493330840,115.348247989,-114.398417431,109.651752011,-110.601582569,-10.071281428,-10.071281428
1786021590.745970964,85.400401658,0.000000000,NONE,0,0.049983039,0.500000000,-63.500000000,0.000000000,0.461738073,-59.921939561,-0.077743291,0.038261927,-3.578060439,0.077743291,-0.155759515,-2.996033985,0.114535487,-0.149788944,-2.423958312,-0.001767382,-0.005970572,-0.572075673,0.116302869,-1.483763050,-450.000000000,20.140259694,0.062581620,-0.001643210,-9.494530253,115.244573326,-114.502691801,109.755426674,-110.497308199,-10.070129847,-10.070129847
1786021590.796033621,85.450464169,0.000000000,TARGET_UPDATED,0,0.050111490,0.500000000,-63.500000000,0.000000000,0.461799071,-60.043370783,-0.077746281,0.038200929,-3.456629217,0.077746281,-0.154433864,-2.996110116,0.114343543,-0.150877559,-2.423948603,-0.001917016,-0.003556305,-0.572161512,0.116260559,-1.315971151,-450.000000000,20.137394825,0.062499734,-0.001640295,-9.494272447,115.202560899,-114.544575324,109.797439101,-110.455424676,-10.068697412,-10.068697412
1786021590.845919847,85.500350380,0.000000000,NONE,0,0.049906822,0.500000000,-63.500000000,0.000000000,0.461825791,-60.164803181,-0.077748046,0.038174209,-3.335196819,0.077748046,-0.152995288,-2.996185405,0.114307347,-0.151110426,-2.423943292,-0.001933916,-0.001884861,-0.572242113,0.116241263,-1.209320548,-450.000000000,20.136501803,0.062417839,-0.001637584,-9.493978144,115.175824673,-114.571164399,109.824175327,-110.428835601,-10.068250901,-10.068250901
1786021590.895901918,85.550332666,0.000000000,NONE,0,0.049990680,0.500000000,-63.500000000,0.000000000,0.461843836,-60.286235368,-0.077748449,0.038156164,-3.213764632,0.077748449,-0.151455489,-2.996258974,0.114430087,-0.150940586,-2.423942398,-0.001815835,-0.000514903,-0.572316576,0.116245922,-1.110859500,-450.000000000,20.137307729,0.062336417,-0.001624554,-9.493827181,115.151171670,-114.595741920,109.848828330,-110.404258080,-10.068653865,-10.068653865
1786021590.945930004,85.600360646,0.000000000,NONE,0,0.050004370,0.500000000,-63.500000000,0.000000000,0.461870543,-60.407666484,-0.077747408,0.038129457,-3.092333516,0.077747408,-0.149820597,-2.996330638,0.114703892,-0.150446476,-2.423945900,-0.001570246,0.000625879,-0.572384737,0.116274138,-1.023490670,-450.000000000,20.139753897,0.062255891,-0.001604699,-9.493809782,115.129325113,-114.617579778,109.870674887,-110.382420222,-10.069876949,-10.069876949
1786021590.996004820,85.650435568,0.000000000,TARGET_UPDATED,0,0.050102421,0.500000000,-63.500000000,0.000000000,0.461908086,-60.504810134,-0.077745549,0.038091914,-2.995189866,0.077745549,-0.148447001,-2.996386805,0.115019298,-0.149842424,-2.423951678,-0.001292245,0.001395423,-0.572435126,0.116311543,-0.965192846,-450.000000000,20.142554599,0.062192249,-0.001586959,-9.495127744,115.115080148,-114.632483724,109.884919852,-110.367516276,-10.071277300,-10.071277300
1786021591.045947552,85.700378107,0.000000000,NONE,0,0.049935568,0.500000000,-63.500000000,0.000000000,0.461984307,-60.626237751,-0.077742147,0.038015693,-2.873762249,0.077742147,-0.146646385,-2.996456379,0.115510385,-0.148950302,-2.423962252,-0.000869060,0.002303917,-0.572494127,0.116379445,-0.882444185,-450.000000000,20.147920939,0.062113022,-0.001593021,-9.494932259,115.094344111,-114.653122018,109.905655889,-110.346877982,-10.073960469,-10.073960469
1786021591.095897198,85.750327683,0.000000000,NONE,0,0.049958350,0.500000000,-63.500000000,0.000000000,0.462101004,-60.747662872,-0.077737894,0.037898996,-2.752337128,0.077737894,-0.144748042,-2.996526536,0.116077031,-0.147862399,-2.423975771,-0.000384926,0.003114358,-0.572550765,0.116461957,-0.809322511,-450.000000000,20.153988594,0.062033078,-0.001604585,-9.494619220,115.075985433,-114.671324177,109.924014567,-110.328675823,-10.076994297,-10.076994297
1786021591.146027565,85.800458127,0.000000000,TARGET_UPDATED,0,0.050123780,0.500000000,-64.500000000,0.000000000,0.462268369,-60.869084988,-0.077732953,0.037731631,-3.630915012,0.077732953,-0.154586164,-2.996011287,0.116682964,-0.146586055,-2.423991159,0.000129826,-0.008000109,-0.572020128,0.116553138,-1.854837352,-450.000000000,20.160538819,0.061952785,-0.001606422,-9.494388062,115.337306354,-114.409887678,109.662693646,-110.590112322,-10.080269410,-10.080269410
1786021591.196074247,85.850504924,0.000000000,TARGET_UPDATED,0,0.049984489,0.500000000,-64.500000000,0.000000000,0.462383764,-60.966224005,-0.077728636,0.037616236,-3.533775995,0.077728636,-0.153605244,-2.996043160,0.117152599,-0.148120549,-2.424004743,0.000531914,-0.005484695,-0.572038417,0.116620686,-1.417563769,-450.000000000,20.164799389,0.061888583,-0.001603015,-9.495472917,115.228259171,-114.519477287,109.771740829,-110.480522713,-10.082399695,-10.082399695
1786021591.245910645,85.900341263,0.000000000,NONE,0,0.049893781,0.500000000,-64.500000000,0.000000000,0.462437409,-61.087653564,-0.077723363,0.037562591,-3.412346436,0.077723363,-0.152246491,-2.996090928,0.117695504,-0.149387815,-2.424020256,0.000980610,-0.002858676,-0.572070672,0.116714894,-1.237940829,-450.000000000,20.171930776,0.061807984,-0.001621199,-9.495010845,115.183237918,-114.564267504,109.816762082,-110.435732496,-10.085965388,-10.085965388
1786021591.295924902,85.950355528,0.000000000,NONE,0,0.050012620,0.500000000,-64.500000000,0.000000000,0.462451146,-61.209085750,-0.077718791,0.037548854,-3.290914250,0.077718791,-0.150774226,-2.996146812,0.118160433,-0.149712508,-2.424034875,0.001360978,-0.001061718,-0.572111937,0.116799456,-1.125569869,-450.000000000,20.177652691,0.061726266,-0.001638440,-9.494475135,115.155011251,-114.592226317,109.844988749,-110.407773683,-10.088826346,-10.088826346
1786021591.345955372,86.000386038,0.000000000,NONE,0,0.050062037,0.500000000,-64.500000000,0.000000000,0.462452964,-61.330518688,-0.077715038,0.037547036,-3.169481312,0.077715038,-0.149200238,-2.996211255,0.118518199,-0.149596487,-2.424046644,0.001651687,0.000396249,-0.572164611,0.116866512,-1.022364966,-450.000000000,20.181995264,0.061643351,-0.001658219,-9.493816130,115.129045274,-114.617862791,109.870954726,-110.382137209,-10.090997632,-10.090997632
1786021591.396009684,86.050440378,0.000000000,TARGET_UPDATED,0,0.050036088,0.500000000,-64.500000000,0.000000000,0.462461643,-61.451951156,-0.077712209,0.037538357,-3.048048844,0.077712209,-0.147534606,-2.996284549,0.118746003,-0.149122633,-2.424056480,0.001834286,0.001588026,-0.572228069,0.116911717,-0.932545573,-450.000000000,20.184723640,0.061560787,-0.001641706,-9.493536651,115.106520556,-114.640247769,109.893479444,-110.359752231,-10.092361820,-10.092361820
1786021591.445916176,86.100346697,0.000000000,NONE,0,0.049907008,0.500000000,-64.500000000,0.000000000,0.462484780,-61.549095968,-0.077710676,0.037515220,-2.950904032,0.077710676,-0.146140869,-2.996349584,0.118826135,-0.148507076,-2.424061339,0.001895354,0.002366207,-0.572288245,0.116930781,-0.874495790,-450.000000000,20.185536630,0.061495598,-0.001620101,-9.494675720,115.092292877,-114.655044982,109.907707123,-110.344955018,-10.092768315,-10.092768315
1786021591.495925426,86.150356055,0.000000000,NONE,0,0.049995267,0.500000000,-64.500000000,0.000000000,0.462544620,-61.670524708,-0.077709815,0.037455380,-2.829475292,0.077709815,-0.144321847,-2.996438960,0.118794349,-0.147566925,-2.424063735,0.001858497,0.003245079,-0.572375225,0.116935852,-0.794490916,-450.000000000,20.185611057,0.061414798,0.000000000,-9.510553648,115.076261141,-114.679015683,109.923738859,-110.320984317,-10.092805528,-10.092805528
1786021591.545952320,86.200382940,0.000000000,TARGET_UPDATED,0,0.050039322,0.500000000,-65.500000000,0.000000000,0.462647886,-61.791950167,-0.077710259,0.037352114,-3.708049833,0.077710259,-0.153529248,-2.995987648,0.118635030,-0.146390558,-2.424062778,0.001702391,-0.007138690,-0.571924871,0.116932639,-1.773612720,-450.000000000,20.185220523,0.061324538,-0.001997075,-9.489499366,115.315778022,-114.428971661,109.684221978,-110.571028339,-10.092610261,-10.092610261
1786021591.595940828,86.250371599,0.000000000,TARGET_UPDATED,0,0.050007762,0.500000000,-65.500000000,0.000000000,0.462729615,-61.913376101,-0.077711945,0.037270385,-3.586623899,0.077711945,-0.152277681,-2.996064153,0.118318112,-0.147940110,-2.424058649,0.001433407,-0.004337572,-0.572005505,0.116884705,-1.323870026,-450.000000000,20.180970840,0.061223206,-0.001970691,-9.487779905,115.202912483,-114.540977470,109.797087517,-110.459022530,-10.090485420,-10.090485420
1786021591.645888090,86.300318607,0.000000000,NONE,0,0.049933975,0.500000000,-65.500000000,0.000000000,0.462728098,-62.034805992,-0.077714824,0.037271902,-3.465194008,0.077714824,-0.150924439,-2.996149741,0.117888200,-0.148725171,-2.424048425,0.001063982,-0.002199268,-0.572101317,0.116824218,-1.189244395,-450.000000000,20.176483893,0.061130337,-0.001778955,-9.488372702,115.169404274,-114.574782077,109.830595726,-110.425217923,-10.088241946,-10.088241946
1786021591.695907354,86.350337847,0.000000000,NONE,0,0.050004244,0.500000000,-65.500000000,0.000000000,0.462699879,-62.156236248,-0.077718786,0.037300121,-3.343763752,0.077718786,-0.149503759,-2.996241165,0.117379637,-0.148848124,-2.424035111,0.000628927,-0.000655635,-0.572206054,0.116750710,-1.088234693,-450.000000000,20.171079658,0.061047015,-0.001595351,-9.489648227,115.144470730,-114.600353384,109.855529270,-110.399646616,-10.085539829,-10.085539829
1786021591.745984793,86.400415382,0.000000000,NONE,0,0.050062844,0.500000000,-65.500000000,0.000000000,0.462674101,-62.253379696,-0.077722562,0.037325899,-3.246620304,0.077722562,-0.148320896,-2.996317313,0.116941289,-0.148640143,-2.424022987,0.000253949,0.000319247,-0.572294326,0.116687339,-1.024325085,-450.000000000,20.166847931,0.060986236,-0.001477721,-9.492068506,115.129098398,-114.616935855,109.870901602,-110.383064145,-10.083423965,-10.083423965
1786021591.795993090,86.450423675,0.000000000,TARGET_UPDATED,0,0.050030164,0.500000000,-65.500000000,0.000000000,0.462651536,-62.374807218,-0.077727564,0.037348464,-3.125192782,0.077727564,-0.146779584,-2.996415118,0.116386154,-0.148169179,-2.424007111,-0.000209630,0.001389595,-0.572408007,0.116595784,-0.936450711,-450.000000000,20.159874899,0.060915328,-0.001389901,-9.493369224,115.107454984,-114.639229628,109.892545016,-110.360770372,-10.079937450,-10.079937450
1786021591.845972061,86.500402508,0.000000000,NONE,0,0.049939877,0.500000000,-65.500000000,0.000000000,0.462652339,-62.496232011,-0.077732353,0.037347661,-3.003767989,0.077732353,-0.145160219,-2.996514699,0.115859345,-0.147410259,-2.423991478,-0.000647142,0.002250040,-0.572523221,0.116506488,-0.866379679,-450.000000000,20.153666054,0.060847114,-0.001351388,-9.494374682,115.090188590,-114.656998751,109.909811410,-110.343001249,-10.076833027,-10.076833027
1786021591.896020889,86.550451678,0.000000000,NONE,0,0.050002925,0.500000000,-65.500000000,0.000000000,0.462690912,-62.617653261,-0.077736799,0.037309088,-2.882346739,0.077736799,-0.143458956,-2.996614709,0.115397514,-0.146394193,-2.423977114,-0.001031103,0.002935237,-0.572637595,0.116428617,-0.805297359,-450.000000000,20.148445899,0.060779727,-0.001346375,-9.495112189,115.075102387,-114.672453707,109.924897613,-110.327546293,-10.074222950,-10.074222950
1786021591.945938110,86.600368761,0.000000000,NONE,0,0.049961731,0.500000000,-65.500000000,0.000000000,0.462777806,-62.739070424,-0.077740626,0.037222194,-2.760929576,0.077740626,-0.141670528,-2.996714080,0.115031722,-0.145186056,-2.423964914,-0.001331781,0.003515528,-0.572749165,0.116363503,-0.748154505,-450.000000000,20.144141964,0.060711859,-0.001364241,-9.495570621,115.060931281,-114.686854029,109.939068719,-110.313145971,-10.072070982,-10.072070982
1786021591.996154785,86.650585519,0.000000000,TARGET_UPDATED,0,0.050148133,0.500000000,-66.500000000,0.000000000,0.462922148,-62.860483079,-0.077743612,0.037077852,-3.639516921,0.077743612,-0.151353151,-2.996250422,0.114781480,-0.143801473,-2.423955638,-0.001530579,-0.007551678,-0.572294784,0.116312059,-1.780029522,-450.000000000,20.140818263,0.060642594,-0.001397585,-9.495778161,115.318951921,-114.428937160,109.681048079,-110.571062840,-10.070409132,-10.070409132
1786021592.045970440,86.700401067,0.000000000,NONE,0,0.049873665,0.500000000,-66.500000000,0.000000000,0.463042782,-62.981896342,-0.077745589,0.036957218,-3.518103658,0.077745589,-0.150209406,-2.996313086,0.114651080,-0.145548293,-2.423950484,-0.001630428,-0.004661113,-0.572362603,0.116281508,-1.311610104,-450.000000000,20.139093017,0.060571361,-0.001439695,-9.495700302,115.201827601,-114.546022550,109.798172399,-110.453977450,-10.069546508,-10.069546508
1786021592.096286297,86.750716703,0.000000000,NONE,0,0.050013462,0.500000000,-66.500000000,0.000000000,0.463086077,-63.103313570,-0.077746404,0.036913923,-3.396686430,0.077746404,-0.148925575,-2.996377022,0.114656222,-0.146223555,-2.423948061,-0.001620116,-0.002702020,-0.572428960,0.116276338,-1.194598272,-450.000000000,20.139240294,0.060498068,-0.001478814,-9.495497098,115.172523842,-114.575224707,109.827476158,-110.424775293,-10.069620147,-10.069620147
1786021592.146229982,86.800660567,0.000000000,NONE,0,0.049982858,0.500000000,-66.500000000,0.000000000,0.463108110,-63.224731552,-0.077745982,0.036891890,-3.275268448,0.077745982,-0.147534007,-2.996440449,0.114796944,-0.146288761,-2.423949871,-0.001496028,-0.001245246,-0.572490578,0.116292972,-1.097568688,-450.000000000,20.140840814,0.060423038,-0.001510961,-9.495213441,115.148195532,-114.599411188,109.851804468,-110.400588812,-10.070420407,-10.070420407
1786021592.196081161,86.850511670,0.000000000,TARGET_UPDATED,0,0.050147349,0.500000000,-66.500000000,0.000000000,0.463129251,-63.346149233,-0.077744306,0.036870749,-3.153850767,0.077744306,-0.146041648,-2.996503294,0.115061917,-0.145980645,-2.423955399,-0.001268601,-0.000061003,-0.572547895,0.116330518,-1.011145646,-450.000000000,20.143884979,0.060346718,-0.001533458,-9.494935321,115.126520242,-114.620947419,109.873479758,-110.379052581,-10.071942489,-10.071942489
1786021592.245939732,86.900370424,0.000000000,NONE,0,0.049855545,0.500000000,-66.500000000,0.000000000,0.463156727,-63.443282597,-0.077742115,0.036843273,-3.056717403,0.077742115,-0.144778613,-2.996553297,0.115352171,-0.145494896,-2.423962301,-0.001020852,0.000716283,-0.572590996,0.116373023,-0.954992601,-450.000000000,20.146964148,0.060285067,-0.001544079,-9.495908128,115.112725182,-114.635228882,109.887274818,-110.364771118,-10.073482074,-10.073482074
1786021592.295943260,86.950373725,0.000000000,NONE,0,0.050006342,0.500000000,-66.500000000,0.000000000,0.463214800,-63.564697819,-0.077738564,0.036785200,-2.935302181,0.077738564,-0.143113341,-2.996616220,0.115789417,-0.144718910,-2.423973483,-0.000654963,0.001605569,-0.572642737,0.116444380,-0.876532265,-450.000000000,20.152533564,0.060207031,-0.001576263,-9.495364835,115.092974275,-114.654708143,109.907025725,-110.345291857,-10.076266782,-10.076266782
1786021592.345951319,87.000381926,0.000000000,NONE,0,0.049998730,0.500000000,-66.500000000,0.000000000,0.463308465,-63.686110946,-0.077734462,0.036691535,-2.813889054,0.077734462,-0.141348910,-2.996680717,0.116280357,-0.143720556,-2.423986722,-0.000245373,0.002371646,-0.572693995,0.116525730,-0.809026508,-450.000000000,20.158428157,0.060127301,-0.001604305,-9.494718597,115.075936276,-114.671423022,109.924063724,-110.328576978,-10.079214079,-10.079214079
1786021592.396131039,87.050561579,0.000000000,TARGET_UPDATED,0,0.050196874,0.500000000,-67.500000000,0.000000000,0.463449271,-63.807521354,-0.077729874,0.036550729,-3.692478646,0.077729874,-0.150503632,-2.996215229,0.116778888,-0.142508229,-2.424000987,0.000183549,-0.007995403,-0.572214242,0.116595339,-1.780557379,-450.000000000,20.163060405,0.060046805,-0.001611307,-9.494237261,115.318698660,-114.428419971,109.681301340,-110.571580029,-10.081530202,-10.081530202
1786021592.445956469,87.100386959,0.000000000,NONE,0,0.049785906,0.500000000,-67.500000000,0.000000000,0.463545393,-63.904650805,-0.077726014,0.036454607,-3.595349195,0.077726014,-0.149576203,-2.996246402,0.117164227,-0.143903050,-2.424013087,0.000506180,-0.005673152,-0.572233315,0.116658047,-1.374914844,-450.000000000,20.167322824,0.059982456,-0.001605538,-9.495119613,115.217508614,-114.530051192,109.782491386,-110.469948808,-10.083661412,-10.083661412
1786021592.495962620,87.150393329,0.000000000,NONE,0,0.050012067,0.500000000,-67.500000000,0.000000000,0.463583849,-64.026067615,-0.077721493,0.036416151,-3.473932385,0.077721493,-0.148291259,-2.996293000,0.117598373,-0.145006877,-2.424026294,0.000856564,-0.003284382,-0.572266706,0.116741808,-1.212293173,-450.000000000,20.173601406,0.059901949,-0.001616018,-9.494565846,115.176714755,-114.570568168,109.823285245,-110.429431832,-10.086800703,-10.086800703
1786021592.545895100,87.200325701,0.000000000,NONE,0,0.049975822,0.500000000,-67.500000000,0.000000000,0.463586421,-64.147486625,-0.077717798,0.036413579,-3.352513375,0.077717798,-0.146896636,-2.996347409,0.117956387,-0.145282646,-2.424038147,0.001142687,-0.001613990,-0.572309262,0.116813700,-1.106811148,-450.000000000,20.178397531,0.059820841,-0.001621612,-9.494000472,115.150202905,-114.596797331,109.849797095,-110.403202669,-10.089198766,-10.089198766
1786021592.595999718,87.250430260,0.000000000,TARGET_UPDATED,0,0.050114557,0.500000000,-67.500000000,0.000000000,0.463578903,-64.268906178,-0.077714962,0.036421097,-3.231093822,0.077714962,-0.145405494,-2.996409758,0.118215648,-0.145142931,-2.424047552,0.001349846,-0.000262563,-0.572362206,0.116865802,-1.011396765,-450.000000000,20.181645804,0.059739921,-0.001610786,-9.493622794,115.126254890,-114.620556507,109.873745110,-110.379443493,-10.090822902,-10.090822902
1786021592.645961046,87.300391572,0.000000000,NONE,0,0.049919417,0.500000000,-67.500000000,0.000000000,0.463578505,-64.390325104,-0.077713020,0.036421495,-3.109674896,0.077713020,-0.143825117,-2.996480194,0.118360637,-0.144683580,-2.424053821,0.001464511,0.000858464,-0.572426373,0.116896126,-0.926818489,-450.000000000,20.183336260,0.059659919,-0.001587587,-9.493411022,115.105057378,-114.641648133,109.894942622,-110.358351867,-10.091668130,-10.091668130
1786021592.695963144,87.350393785,0.000000000,NONE,0,0.049988538,0.500000000,-67.500000000,0.000000000,0.463599327,-64.511742398,-0.077712051,0.036400673,-2.988257602,0.077712051,-0.142160041,-2.996558685,0.118383640,-0.143967792,-2.424056550,0.001478836,0.001807750,-0.572502135,0.116904803,-0.850566614,-450.000000000,20.183509834,0.059581281,-0.001557733,-9.493375328,115.085985486,-114.660702178,109.914014514,-110.339297822,-10.091754917,-10.091754917
1786021592.746023893,87.400454547,0.000000000,NONE,0,0.049992569,0.500000000,-67.500000000,0.000000000,0.463653362,-64.633157174,-0.077712138,0.036346638,-2.866842826,0.077712138,-0.140412650,-2.996644957,0.118285404,-0.143031333,-2.424055559,0.001393041,0.002618684,-0.572589398,0.116892362,-0.781059460,-450.000000000,20.182216512,0.059504196,-0.001526454,-9.493470776,115.068632559,-114.678102829,109.931367441,-110.321897171,-10.091108256,-10.091108256
1786021592.796075583,87.450505968,0.000000000,TARGET_UPDATED,0,0.050137010,0.500000000,-67.500000000,0.000000000,0.463749937,-64.754568706,-0.077713323,0.036250063,-2.745431294,0.077713323,-0.138582261,-2.996738519,0.118075254,-0.141927504,-2.424050924,0.001214793,0.003345243,-0.572687595,0.116860461,-0.714750531,-450.000000000,20.179595965,0.059428604,-0.001498175,-9.493665408,115.052103985,-114.694728719,109.947896015,-110.305271281,-10.089797983,-10.089797983
1786021592.846063614,87.500494300,0.000000000,TARGET_UPDATED,0,0.049995038,0.500000000,-68.500000000,0.000000000,0.463863385,-64.851695158,-0.077715051,0.036136615,-3.648304842,0.077715051,-0.148262725,-2.996284361,0.117844623,-0.140923259,-2.424044811,0.001014843,-0.007339466,-0.572239551,0.116829780,-1.716688253,-450.000000000,20.177470914,0.059369052,-0.001480185,-9.495017447,115.302926425,-114.444582298,109.697073575,-110.555417702,-10.088735457,-10.088735457
1786021592.895931244,87.550361695,0.000000000,NONE,0,0.049870837,0.500000000,-68.500000000,0.000000000,0.463996238,-64.973102891,-0.077718073,0.036003762,-3.526897109,0.077718073,-0.147104355,-2.996356308,0.117470870,-0.142174220,-2.424035388,0.000705404,-0.004930135,-0.572320921,0.116765466,-1.293902802,-450.000000000,20.172293055,0.059294870,-0.001490468,-9.494894196,115.197199250,-114.550247848,109.802800750,-110.449752152,-10.086146528,-10.086146528
1786021592.945948601,87.600379158,0.000000000,NONE,0,0.050000704,0.500000000,-68.500000000,0.000000000,0.464036958,-65.094514975,-0.077721782,0.035963042,-3.405485025,0.077721782,-0.145807517,-2.996436834,0.117038414,-0.143298578,-2.424022876,0.000346742,-0.002508939,-0.572413958,0.116691672,-1.130460988,-450.000000000,20.166941170,0.059219708,-0.001510160,-9.494606379,115.156266842,-114.591036348,109.843733158,-110.408963652,-10.083470585,-10.083470585
1786021592.996027708,87.650458295,0.000000000,TARGET_UPDATED,0,0.050093314,0.500000000,-68.500000000,0.000000000,0.464042661,-65.215927936,-0.077726021,0.035957339,-3.284072064,0.077726021,-0.144405556,-2.996522645,0.116585050,-0.143563360,-2.424009425,-0.000029462,-0.000842197,-0.572513220,0.116614512,-1.026218746,-450.000000000,20.161475525,0.059143807,-0.001521809,-9.494343222,115.130140492,-114.617031119,109.869859508,-110.382968881,-10.080737763,-10.080737763
1786021593.045898676,87.700329291,0.000000000,NONE,0,0.049867430,0.500000000,-68.500000000,0.000000000,0.464039096,-65.337340215,-0.077730458,0.035960904,-3.162659785,0.077730458,-0.142910073,-2.996611712,0.116144352,-0.143416602,-2.423995750,-0.000392062,0.000506529,-0.572615962,0.116536413,-0.931011747,-450.000000000,20.155982811,0.059067585,-0.001525008,-9.494104590,115.106279084,-114.640773211,109.893720916,-110.359226789,-10.077991405,-10.077991405
1786021593.095866442,87.750297045,0.000000000,NONE,0,0.049972306,0.500000000,-68.500000000,0.000000000,0.464044194,-65.458750770,-0.077734771,0.035955806,-3.041249230,0.077734771,-0.141327155,-2.996702348,0.115748579,-0.142927305,-2.423982769,-0.000715633,0.001600150,-0.572719579,0.116464212,-0.849052899,-450.000000000,20.151049969,0.058991458,-0.001519782,-9.493962545,115.085753861,-114.661227411,109.914246139,-110.338772589,-10.075524985,-10.075524985
1786021593.146494389,87.800925099,0.000000000,NONE,0,0.050082760,0.500000000,-68.500000000,0.000000000,0.464072854,-65.580158789,-0.077738605,0.035927146,-2.919841211,0.077738605,-0.139660574,-2.996793154,0.115425829,-0.142165619,-2.423971386,-0.000975277,0.002505046,-0.572821768,0.116401106,-0.776173575,-450.000000000,20.146817369,0.058915766,-0.001508706,-9.493919322,115.067523224,-114.679436437,109.932476776,-110.320563563,-10.073408684,-10.073408684
1786021593.196000099,87.850430634,0.000000000,TARGET_UPDATED,0,0.050064029,0.500000000,-68.500000000,0.000000000,0.464137550,-65.701563649,-0.077741651,0.035862450,-2.798436351,0.077741651,-0.137911778,-2.996883063,0.115198589,-0.141171643,-2.423962373,-0.001153603,0.003259865,-0.572920690,0.116352192,-0.710637281,-450.000000000,20.143676383,0.058840717,-0.001494664,-9.493947376,115.051146164,-114.695827524,109.948853836,-110.304172476,-10.071838192,-10.071838192
1786021593.245997667,87.900428293,0.000000000,TARGET_UPDATED,0,0.050004305,0.500000000,-69.500000000,0.000000000,0.464222926,-65.798684909,-0.077743402,0.035777074,-3.701315091,0.077743402,-0.147175048,-2.996446055,0.115107012,-0.140211104,-2.423957269,-0.001230751,-0.006963944,-0.572488786,0.116337763,-1.669754720,-450.000000000,20.143354842,0.058781193,-0.001483046,-9.495180258,115.291233744,-114.456356385,109.708766256,-110.543643615,-10.071677421,-10.071677421
1786021593.295982361,87.950412885,0.000000000,NONE,0,0.049940005,0.500000000,-69.500000000,0.000000000,0.464315194,-65.920086691,-0.077744531,0.035684806,-3.579913309,0.077744531,-0.146059775,-2.996502084,0.115070765,-0.141529508,-2.423954572,-0.001242878,-0.004530267,-0.572547512,0.116313643,-1.255055558,-450.000000000,20.141472008,0.058706727,-0.001497192,-9.494945148,115.187500177,-114.559972397,109.812499823,-110.440027603,-10.070736004,-10.070736004
1786021593.346373558,88.000803987,0.000000000,NONE,0,0.049976790,0.500000000,-69.500000000,0.000000000,0.464323949,-66.041492775,-0.077744396,0.035676051,-3.458507225,0.077744396,-0.144815197,-2.996559690,0.115143442,-0.142442617,-2.423954429,-0.001172104,-0.002372580,-0.572605261,0.116315546,-1.113942135,-450.000000000,20.142126303,0.058631229,-0.001513808,-9.494599589,115.152135431,-114.595164364,109.847864569,-110.404835636,-10.071063151,-10.071063151
1786021593.395981073,88.050411647,0.000000000,TARGET_UPDATED,0,0.050054352,0.500000000,-69.500000000,0.000000000,0.464304377,-66.162900088,-0.077743212,0.035695623,-3.337099912,0.077743212,-0.143472789,-2.996617279,0.115323277,-0.142602897,-2.423958018,-0.001018131,-0.000869892,-0.572659261,0.116341408,-1.018493755,-450.000000000,20.144415280,0.058555214,-0.001519277,-9.494325596,115.128204838,-114.618957960,109.871795162,-110.381042040,-10.072207640,-10.072207640
1786021593.445927858,88.100358559,0.000000000,NONE,0,0.049946814,0.500000000,-69.500000000,0.000000000,0.464281439,-66.284307329,-0.077741064,0.035718561,-3.215692671,0.077741064,-0.142043259,-2.996674704,0.115597119,-0.142339350,-2.423964796,-0.000788484,0.000296091,-0.572709908,0.116385603,-0.935733288,-450.000000000,20.147877014,0.058479275,-0.001514276,-9.494142149,115.107468859,-114.639602215,109.892531141,-110.360397785,-10.073938507,-10.073938507
1786021593.495864630,88.150295232,0.000000000,NONE,0,0.049935291,0.500000000,-69.500000000,0.000000000,0.464272295,-66.381432489,-0.077738713,0.035727705,-3.118567511,0.077738713,-0.140840322,-2.996720787,0.115870480,-0.141884953,-2.423972142,-0.000559883,0.001044631,-0.572748645,0.116430363,-0.882915806,-450.000000000,20.151021791,0.058418866,-0.001505002,-9.495236505,115.094538078,-114.653080175,109.905461922,-110.346919825,-10.075510895,-10.075510895
1786021593.546034575,88.200465263,0.000000000,NONE,0,0.050086482,0.500000000,-69.500000000,0.000000000,0.464283109,-66.502837625,-0.077735227,0.035716891,-2.997162375,0.077735227,-0.139261820,-2.996779321,0.116258637,-0.141144018,-2.423983254,-0.000242511,0.001882198,-0.572796067,0.116501148,-0.809790407,-450.000000000,20.156493571,0.058343385,-0.001516441,-9.494928083,115.076179622,-114.671284419,109.923820378,-110.328715581,-10.078246786,-10.078246786
1786021593.596001387,88.250431876,0.000000000,TARGET_UPDATED,0,0.050062602,0.500000000,-69.500000000,0.000000000,0.464328662,-66.624240795,-0.077731414,0.035671338,-2.875759205,0.077731414,-0.137596891,-2.996839928,0.116672323,-0.140166642,-2.423995732,0.000095740,0.002569751,-0.572844196,0.116576583,-0.749472132,-450.000000000,20.161867633,0.058267130,-0.001529315,-9.494532957,115.061001272,-114.686265206,109.938998728,-110.313734794,-10.080933816,-10.080933816
1786021593.645943880,88.300374430,0.000000000,NONE,0,0.049930495,0.500000000,-69.500000000,0.000000000,0.464419839,-66.745641410,-0.077727399,0.035580161,-2.754358590,0.077727399,-0.135846569,-2.996903577,0.117081787,-0.138994560,-2.424008619,0.000430709,0.003147992,-0.572894958,0.116651078,-0.694020154,-450.000000000,20.167067409,0.058190591,-0.001530682,-9.494207144,115.047056824,-114.700046747,109.952943176,-110.299953253,-10.083533705,-10.083533705
1786021593.695970297,88.350400958,0.000000000,TARGET_UPDATED,0,0.050041015,0.500000000,-70.500000000,0.000000000,0.464565253,-66.867038970,-0.077723396,0.035434747,-3.632961030,0.077723396,-0.145109912,-2.996454687,0.117450012,-0.137662528,-2.424020976,0.000737803,-0.007447384,-0.572433711,0.116712210,-1.677398669,-450.000000000,20.171076312,0.058114314,-0.001521670,-9.494011304,115.292852493,-114.454153159,109.707147507,-110.545846841,-10.085538156,-10.085538156
1786021593.745934963,88.400365523,0.000000000,NONE,0,0.049934175,0.500000000,-70.500000000,0.000000000,0.464693180,-66.988438124,-0.077719680,0.035306820,-3.511561876,0.077719680,-0.144012514,-2.996495921,0.117742841,-0.139223001,-2.424037519,0.000973956,-0.004789514,-0.572458401,0.116768885,-1.237949010,-450.000000000,20.174956934,0.058045834,-0.001355395,-9.495992611,115.183485405,-114.564510900,109.816514595,-110.435489100,-10.087478467,-10.087478467
1786021593.796021700,88.450451958,0.000000000,TARGET_UPDATED,0,0.050066397,0.500000000,-70.500000000,0.000000000,0.464744164,-67.109841381,-0.077716627,0.035255836,-3.390158619,0.077716627,-0.142783648,-2.996546221,0.117954623,-0.139954922,-2.424041700,0.001135611,-0.002828727,-0.572504521,0.116819012,-1.117623738,-450.000000000,20.178332056,0.057977176,-0.001392325,-9.495936021,115.153389940,-114.594578071,109.846610060,-110.405421929,-10.089166028,-10.089166028
1786021593.845914841,88.500345590,0.000000000,NONE,0,0.049934585,0.500000000,-70.500000000,0.000000000,0.464767617,-67.206964834,-0.077714871,0.035232383,-3.293035166,0.077714871,-0.141723136,-2.996592564,0.118053626,-0.140051185,-2.424045952,0.001205945,-0.001671951,-0.572546613,0.116847681,-1.049863399,-450.000000000,20.179911801,0.057920608,-0.000855952,-9.502558850,115.138105562,-114.613173863,109.861894438,-110.386826137,-10.089955900,-10.089955900
1786021593.895990849,88.550421459,0.000000000,NONE,0,0.050067967,0.500000000,-70.500000000,0.000000000,0.464791914,-67.328369184,-0.077713653,0.035208086,-3.171630816,0.077713653,-0.140294818,-2.996658558,0.118082724,-0.139894434,-2.424049816,0.001213520,-0.000400384,-0.572608742,0.116869204,-0.952132585,-450.000000000,20.181274139,0.057844221,0.000000000,-9.510799649,115.115733059,-114.639666766,109.884266941,-110.360333234,-10.090637070,-10.090637070
1786021593.945882082,88.600312619,0.000000000,NONE,0,0.049903629,0.500000000,-70.500000000,0.000000000,0.464825249,-67.449772551,-0.077713568,0.035174751,-3.050227449,0.077713568,-0.138720771,-2.996734811,0.118007053,-0.139355429,-2.424051696,0.001137658,0.000634658,-0.572683116,0.116869395,-0.873719326,-450.000000000,20.180861498,0.057749934,-0.002084226,-9.488178285,115.090474403,-114.653614740,109.909525597,-110.346385260,-10.090430749,-10.090430749
1786021593.995950937,88.650381435,0.000000000,TARGET_UPDATED,0,0.050085756,0.500000000,-70.500000000,0.000000000,0.464868859,-67.546893763,-0.077714255,0.035131141,-2.953106237,0.077714255,-0.137375856,-2.996801945,0.117876474,-0.138691357,-2.424050576,0.001020807,0.001315501,-0.572751370,0.116855667,-0.822269166,-450.000000000,20.179622571,0.057667330,-0.002007377,-9.488115125,115.077596073,-114.666461490,109.922403927,-110.333538510,-10.089811286,-10.089811286
1786021594.045925379,88.700355965,0.000000000,NONE,0,0.049945202,0.500000000,-70.500000000,0.000000000,0.464952878,-67.668292766,-0.077715947,0.035047122,-2.831707234,0.077715947,-0.135640227,-2.996890558,0.117635848,-0.137755918,-2.424044926,0.000815376,0.002115691,-0.572845632,0.116820472,-0.749172313,-450.000000000,20.176728330,0.057572640,-0.001816411,-9.488200538,115.059343213,-114.684757056,109.940656787,-110.315242944,-10.088364165,-10.088364165
1786021594.095962524,88.750393343,0.000000000,TARGET_UPDATED,0,0.050058105,0.500000000,-71.500000000,0.000000000,0.465077869,-67.789688399,-0.077718427,0.034922131,-3.710311601,0.077718427,-0.144248339,-2.996501086,0.117320103,-0.136645866,-2.424036040,0.000556394,-0.007602472,-0.572465046,0.116763710,-1.657545797,-450.000000000,20.172325758,0.057487426,-0.001628148,-9.489021446,115.286641811,-114.457868912,109.713358189,-110.542131088,-10.086162879,-10.086162879
1786021594.145900249,88.800330781,0.000000000,NONE,0,0.049915331,0.500000000,-71.500000000,0.000000000,0.465179350,-67.911084342,-0.077721593,0.034820650,-3.588915658,0.077721593,-0.143129442,-2.996569280,0.116952847,-0.138208875,-2.424025539,0.000249150,-0.004920567,-0.572543741,0.116703697,-1.233548441,-450.000000000,20.168056466,0.057411009,-0.001463504,-9.490285925,115.180958592,-114.564184371,109.819041408,-110.435815629,-10.084028233,-10.084028233
1786021594.195993900,88.850424386,0.000000000,TARGET_UPDATED,0,0.050107664,0.500000000,-71.500000000,0.000000000,0.465200715,-68.032483771,-0.077725280,0.034799285,-3.467516229,0.077725280,-0.141905290,-2.996642990,0.116560802,-0.139034553,-2.424012770,-0.000077559,-0.002870737,-0.572630220,0.116638361,-1.106805894,-450.000000000,20.163381393,0.057341796,-0.001335198,-9.491778474,115.149646092,-114.596243145,109.850353908,-110.403756855,-10.081690697,-10.081690697
1786021594.245950937,88.900381496,0.000000000,NONE,0,0.049916092,0.500000000,-71.500000000,0.000000000,0.465197647,-68.129603620,-0.077728451,0.034802353,-3.370396380,0.077728451,-0.140865405,-2.996704276,0.116250897,-0.139198772,-2.424001600,-0.000334599,-0.001666633,-0.572702676,0.116585496,-1.037359767,-450.000000000,20.159925658,0.057289409,-0.001287012,-9.493788684,115.132787113,-114.614107229,109.867212887,-110.385892771,-10.079962829,-10.079962829
1786021594.295943022,88.950373441,0.000000000,NONE,0,0.050009505,0.500000000,-71.500000000,0.000000000,0.465184769,-68.251003030,-0.077732332,0.034815231,-3.248996970,0.077732332,-0.139491253,-2.996782761,0.115889953,-0.139164988,-2.423989878,-0.000624546,-0.000326265,-0.572792883,0.116514498,-0.935888012,-450.000000000,20.154595183,0.057226384,-0.001253581,-9.494804709,115.107673180,-114.639729174,109.892326820,-110.360270826,-10.077297591,-10.077297591
1786021594.345979691,89.000410246,0.000000000,NONE,0,0.050028632,0.500000000,-71.500000000,0.000000000,0.465175658,-68.372401219,-0.077735794,0.034824342,-3.127598781,0.077735794,-0.138030278,-2.996862410,0.115584430,-0.138801373,-2.423978854,-0.000867774,0.000771095,-0.572883556,0.116452204,-0.855552930,-450.000000000,20.150409121,0.057163624,-0.001261687,-9.495422475,115.087743851,-114.659967386,109.912256149,-110.340032614,-10.075204561,-10.075204561
1786021594.396018744,89.050449245,0.000000000,TARGET_UPDATED,0,0.050074448,0.500000000,-71.500000000,0.000000000,0.465181426,-68.469518343,-0.077738198,0.034818574,-3.030481657,0.077738198,-0.136799208,-2.996926283,0.115395372,-0.138302952,-2.423971279,-0.001016588,0.001503744,-0.572955005,0.116411961,-0.802719810,-450.000000000,20.148033573,0.057112690,-0.001284192,-9.496842536,115.074890587,-114.673530682,109.925109413,-110.326469318,-10.074016787,-10.074016787
1786021594.445920706,89.100351474,0.000000000,NONE,0,0.049903304,0.500000000,-71.500000000,0.000000000,0.465214430,-68.590912509,-0.077740571,0.034785570,-2.909087491,0.077740571,-0.135179911,-2.997005782,0.115242460,-0.137520274,-2.423964015,-0.001128803,0.002340363,-0.573041767,0.116371262,-0.729320967,-450.000000000,20.145172818,0.057046892,-0.001346544,-9.496648779,115.056492436,-114.691831953,109.943507564,-110.308168047,-10.072586409,-10.072586409
1786021594.495940924,89.150371415,0.000000000,NONE,0,0.050021228,0.500000000,-71.500000000,0.000000000,0.465284268,-68.712303827,-0.077742035,0.034715732,-2.787696173,0.077742035,-0.133466691,-2.997084569,0.115192595,-0.136533329,-2.423959598,-0.001155509,0.003066638,-0.573124971,0.116348103,-0.665957362,-450.000000000,20.143904248,0.056977544,-0.001415757,-9.496108966,115.040516582,-114.707537901,109.959483418,-110.292462099,-10.071952124,-10.071952124
1786021594.546004057,89.200434685,0.000000000,TARGET_UPDATED,0,0.050047036,0.500000000,-72.500000000,0.000000000,0.465400087,-68.833691907,-0.077742576,0.034599913,-3.666308093,0.077742576,-0.142266171,-2.996677279,0.115258030,-0.135374470,-2.423958219,-0.001093497,-0.006891701,-0.572719061,0.116351527,-1.592874162,-450.000000000,20.144675335,0.056905152,-0.001469707,-9.495474008,115.272087043,-114.475649961,109.727912957,-110.524350039,-10.072337667,-10.072337667
1786021594.595984697,89.250415166,0.000000000,TARGET_UPDATED,0,0.049994491,0.500000000,-72.500000000,0.000000000,0.465501023,-68.955080385,-0.077742150,0.034498977,-3.544919615,0.077742150,-0.141143563,-2.996724614,0.115406775,-0.136787691,-2.423960513,-0.000953808,-0.004355872,-0.572764102,0.116360584,-1.175954079,-450.000000000,20.145422007,0.056830599,-0.001505046,-9.494838861,115.167698235,-114.579721195,109.832301765,-110.420278805,-10.072711003,-10.072711003
1786021594.645940304,89.300370776,0.000000000,NONE,0,0.049940332,0.500000000,-72.500000000,0.000000000,0.465524055,-69.076472933,-0.077740778,0.034475945,-3.423527067,0.077740778,-0.139896140,-2.996774014,0.115640577,-0.137573811,-2.423964745,-0.000748342,-0.002322329,-0.572809269,0.116388919,-1.047278275,-450.000000000,20.147791748,0.056754900,-0.001518653,-9.494315571,115.135398461,-114.611759324,109.864601539,-110.388240676,-10.073895874,-10.073895874
1786021594.696006775,89.350437292,0.000000000,NONE,0,0.050057781,0.500000000,-72.500000000,0.000000000,0.465523018,-69.173587911,-0.077739058,0.034476982,-3.326412089,0.077739058,-0.138831442,-2.996814185,0.115879824,-0.137697503,-2.423970213,-0.000541518,-0.001133938,-0.572843972,0.116421342,-0.978825496,-450.000000000,20.150141641,0.056694209,-0.001515433,-9.495168451,115.118498487,-114.629085739,109.881501513,-110.370914261,-10.075070821,-10.075070821
1786021594.745940924,89.400371633,0.000000000,NONE,0,0.049952235,0.500000000,-72.500000000,0.000000000,0.465513385,-69.294982003,-0.077736318,0.034486615,-3.205017997,0.077736318,-0.137421717,-2.996865588,0.116226173,-0.137614561,-2.423979109,-0.000250352,0.000192844,-0.572886479,0.116476525,-0.877815110,-450.000000000,20.154461436,0.056618207,-0.001527098,-9.494628016,115.093110782,-114.654203226,109.906889218,-110.345796774,-10.077230718,-10.077230718
1786021594.795986652,89.450417391,0.000000000,TARGET_UPDATED,0,0.050045652,0.500000000,-72.500000000,0.000000000,0.465508042,-69.416375821,-0.077733172,0.034491958,-3.083624179,0.077733172,-0.135924850,-2.996919030,0.116603019,-0.137203488,-2.423989634,0.000063399,0.001278638,-0.572929397,0.116539620,-0.797981619,-450.000000000,20.159034123,0.056541571,-0.001533675,-9.494090670,115.073018072,-114.674027263,109.926981928,-110.325972737,-10.079517062,-10.079517062
1786021594.845913172,89.500343745,0.000000000,NONE,0,0.049922255,0.500000000,-72.500000000,0.000000000,0.465523383,-69.537768499,-0.077729692,0.034476617,-2.962231501,0.077729692,-0.134347542,-2.996975095,0.116984216,-0.136495773,-2.424000989,0.000380240,0.002148231,-0.572974106,0.116603976,-0.729693075,-450.000000000,20.163567430,0.056465141,-0.001523013,-9.493720658,115.055853433,-114.691006896,109.944146567,-110.308993104,-10.081783715,-10.081783715
1786021594.896006107,89.550436634,0.000000000,NONE,0,0.050019380,0.500000000,-72.500000000,0.000000000,0.465571717,-69.659159368,-0.077726070,0.034428283,-2.840840632,0.077726070,-0.132693019,-2.997034557,0.117343273,-0.135566238,-2.424012341,0.000675877,0.002873218,-0.573022216,0.116667396,-0.667969882,-450.000000000,20.167985653,0.056389651,-0.001499954,-9.493553175,115.040380764,-114.706395823,109.959619236,-110.293604177,-10.083992826,-10.083992826
1786021594.946215630,89.600646225,0.000000000,TARGET_UPDATED,0,0.050289339,0.500000000,-73.500000000,0.000000000,0.465663458,-69.780547830,-0.077722545,0.034336542,-3.719452170,0.077722545,-0.141134315,-2.996636238,0.117661171,-0.134443280,-2.424022905,0.000930172,-0.006691035,-0.572613332,0.116731000,-1.556938313,-450.000000000,20.172434718,0.056315546,-0.001470494,-9.493583527,115.262630460,-114.484161303,109.737369540,-110.515838697,-10.086217359,-10.086217359
1786021594.996429920,89.650860458,0.000000000,TARGET_UPDATED,0,0.050214580,0.500000000,-73.500000000,0.000000000,0.465736501,-69.901936954,-0.077719385,0.034263499,-3.598063046,0.077719385,-0.140077381,-2.996676790,0.117886503,-0.135895102,-2.424026499,0.001112536,-0.004182279,-0.572650291,0.116773967,-1.152194008,-450.000000000,20.175033387,0.056248990,-0.001310810,-9.495504937,115.161924736,-114.585827732,109.838075264,-110.414172268,-10.087516694,-10.087516694
1786021595.045926332,89.700356994,0.000000000,NONE,0,0.049472618,0.500000000,-73.500000000,0.000000000,0.465735465,-70.023330455,-0.077716925,0.034264535,-3.476669545,0.077716925,-0.138904793,-2.996725813,0.118024080,-0.136626810,-2.424037084,0.001212843,-0.002277983,-0.572688728,0.116811237,-1.033855755,-450.000000000,20.177539900,0.056183077,-0.001332456,-9.495574503,115.132357565,-114.615429687,109.867642435,-110.384570313,-10.088769950,-10.088769950
1786021595.095932484,89.750363143,0.000000000,NONE,0,0.050017441,0.500000000,-73.500000000,0.000000000,0.465713072,-70.144725071,-0.077715420,0.034286928,-3.355274929,0.077715420,-0.137638625,-2.996782599,0.118063361,-0.136706525,-2.424042625,0.001228869,-0.000932100,-0.572739974,0.116834492,-0.948006144,-450.000000000,20.178879371,0.056115551,-0.001366267,-9.495447797,115.110863485,-114.636860413,109.889136515,-110.363139587,-10.089439686,-10.089439686
1786021595.146447897,89.800878413,0.000000000,NONE,0,0.050419232,0.500000000,-73.500000000,0.000000000,0.465689052,-70.266119478,-0.077714957,0.034310948,-3.233880522,0.077714957,-0.136284463,-2.996846853,0.118002628,-0.136442971,-2.424044600,0.001161203,0.000158508,-0.572802253,0.116841425,-0.870147846,-450.000000000,20.179037254,0.056046395,-0.001397585,-9.495253809,115.091350414,-114.656276491,109.908649586,-110.343723509,-10.089518627,-10.089518627
1786021595.196047544,89.850478130,0.000000000,TARGET_UPDATED,0,0.049689273,0.500000000,-73.500000000,0.000000000,0.465678923,-70.363234158,-0.077715331,0.034321077,-3.136765842,0.077715331,-0.135140096,-2.996903313,0.117885338,-0.136008758,-2.424043865,0.001050811,0.000868662,-0.572859448,0.116834527,-0.820038544,-450.000000000,20.178278059,0.055990028,-0.001418711,-9.496097382,115.079033982,-114.669014709,109.920966018,-110.330985291,-10.089139029,-10.089139029
1786021595.245930672,89.900361306,0.000000000,NONE,0,0.049890123,0.500000000,-73.500000000,0.000000000,0.465687998,-70.484625733,-0.077716627,0.034312002,-3.015374267,0.077716627,-0.133633190,-2.996979743,0.117661826,-0.135291378,-2.424040328,0.000852239,0.001658188,-0.572939416,0.116809588,-0.751771294,-450.000000000,20.176171265,0.055917923,-0.001463972,-9.495455901,115.061806799,-114.685921152,109.938193201,-110.314078848,-10.088085633,-10.088085633
1786021595.295957327,89.950387894,0.000000000,NONE,0,0.050010143,0.500000000,-73.500000000,0.000000000,0.465730723,-70.606014667,-0.077718696,0.034269277,-2.893985333,0.077718696,-0.132039715,-2.997061980,0.117368834,-0.134348077,-2.424034149,0.000599136,0.002308362,-0.573027831,0.116769697,-0.695332298,-450.000000000,20.173081143,0.055843611,-0.001500291,-9.494733248,115.047516386,-114.699850238,109.952483614,-110.300149762,-10.086540571,-10.086540571
1786021595.345996857,90.000427312,0.000000000,NONE,0,0.050031262,0.500000000,-73.500000000,0.000000000,0.465816922,-70.727400285,-0.077721374,0.034183078,-2.772599715,0.077721374,-0.130362128,-2.997148910,0.117027794,-0.133227938,-2.424025741,0.000309599,0.002865810,-0.573123169,0.116718195,-0.642673044,-450.000000000,20.169244221,0.055768082,-0.001515496,-9.494119118,115.034198041,-114.712861519,109.965801959,-110.287138481,-10.084622110,-10.084622110
1786021595.396555424,90.050986208,0.000000000,TARGET_UPDATED,0,0.050618964,0.500000000,-74.500000000,0.000000000,0.465954542,-70.848782054,-0.077724516,0.034045458,-3.651217946,0.077724516,-0.139140766,-2.996768887,0.116655729,-0.131958081,-2.424015700,0.000003478,-0.007182684,-0.572753187,0.116652251,-1.568280938,-450.000000000,20.164354834,0.055692393,-0.001510879,-9.493748414,115.265507338,-114.481366869,109.734492662,-110.518633131,-10.082177417,-10.082177417
1786021595.445864439,90.100295115,0.000000000,NONE,0,0.049288200,0.500000000,-74.500000000,0.000000000,0.466057876,-70.945887128,-0.077727245,0.033942124,-3.554112872,0.077727245,-0.138283896,-2.996820465,0.116353309,-0.133069515,-2.424007611,-0.000249703,-0.005214381,-0.572812855,0.116603012,-1.200524096,-450.000000000,20.161211835,0.055632235,-0.001498995,-9.494538622,115.173765680,-114.573503631,109.826234320,-110.426496369,-10.080605917,-10.080605917
1786021595.496202946,90.150633584,0.000000000,NONE,0,0.050050963,0.500000000,-74.500000000,0.000000000,0.466109989,-71.042994370,-0.077730089,0.033890011,-3.457005630,0.077730089,-0.137346592,-2.996875039,0.116061785,-0.133807919,-2.423998417,-0.000493241,-0.003538673,-0.572876622,0.116555026,-1.094200375,-450.000000000,20.157893121,0.055572302,-0.001500176,-9.495295042,115.147373854,-114.600273667,109.852626146,-110.399726333,-10.078946560,-10.078946560
1786021595.545918226,90.200348724,0.000000000,NONE,0,0.049972266,0.500000000,-74.500000000,0.000000000,0.466144366,-71.164379191,-0.077733438,0.033855634,-3.335620809,0.077733438,-0.136082224,-2.996945603,0.115733646,-0.134167261,-2.423987781,-0.000759750,-0.001914963,-0.572957823,0.116493396,-0.981321350,-450.000000000,20.153304403,0.055496749,-0.001522127,-9.494577852,115.118974800,-114.628314125,109.881025200,-110.371685875,-10.076652201,-10.076652201
1786021595.596042395,90.250473130,0.000000000,TARGET_UPDATED,0,0.050157688,0.500000000,-74.500000000,0.000000000,0.466164552,-71.285763795,-0.077736313,0.033835448,-3.214236205,0.077736313,-0.134720602,-2.997017527,0.115468193,-0.134100032,-2.423978385,-0.000973893,-0.000620570,-0.573039142,0.116442085,-0.892769040,-450.000000000,20.149922967,0.055420189,-0.001534144,-9.493892377,115.096665354,-114.650280834,109.903334646,-110.349719166,-10.074961484,-10.074961484
1786021595.646396160,90.300826810,0.000000000,NONE,0,0.049887748,0.500000000,-74.500000000,0.000000000,0.466184032,-71.382870619,-0.077738288,0.033815968,-3.117129381,0.077738288,-0.133568629,-2.997075119,0.115314553,-0.133771653,-2.423972120,-0.001097928,0.000203024,-0.573102999,0.116412482,-0.837902276,-450.000000000,20.148280327,0.055359014,-0.001525213,-9.494611216,115.083128373,-114.664177235,109.916871627,-110.335822765,-10.074140164,-10.074140164
1786021595.695932150,90.350362757,0.000000000,NONE,0,0.049976077,0.500000000,-74.500000000,0.000000000,0.466223544,-71.504252558,-0.077740166,0.033776456,-2.995747442,0.077740166,-0.132053057,-2.997146525,0.115206988,-0.133191658,-2.423966350,-0.001176918,0.001138601,-0.573180174,0.116383906,-0.760323417,-450.000000000,20.146301615,0.055282901,-0.001524967,-9.494050278,115.063593424,-114.683431715,109.936406576,-110.316568285,-10.073150807,-10.073150807
1786021595.745954752,90.400385310,0.000000000,NONE,0,0.050024989,0.500000000,-74.500000000,0.000000000,0.466289187,-71.625632332,-0.077741165,0.033710813,-2.874367668,0.077741165,-0.130452376,-2.997216931,0.115200448,-0.132390257,-2.423963201,-0.001170305,0.001937880,-0.573253730,0.116370752,-0.695016368,-450.000000000,20.145689736,0.055206860,-0.001517294,-9.493567183,115.047145888,-114.699637704,109.952854112,-110.300362296,-10.072844868,-10.072844868
1786021595.795986891,90.450417563,0.000000000,TARGET_UPDATED,0,0.050060101,0.500000000,-74.500000000,0.000000000,0.466391452,-71.747009505,-0.077741275,0.033608548,-2.752990495,0.077741275,-0.128769700,-2.997286030,0.115295962,-0.131403641,-2.423962830,-0.001078460,0.002633941,-0.573323200,0.116374423,-0.634451978,-450.000000000,20.146282892,0.055131717,-0.001493383,-9.493314614,115.031941648,-114.714715659,109.968058352,-110.285284341,-10.073141446,-10.073141446
1786021595.845989943,90.500420580,0.000000000,TARGET_UPDATED,0,0.049991212,0.500000000,-75.500000000,0.000000000,0.466538700,-71.868383770,-0.077740500,0.033461300,-3.631616230,0.077740500,-0.137497892,-2.996890944,0.115486207,-0.130264337,-2.423965230,-0.000906657,-0.007233555,-0.572925714,0.116392864,-1.548837935,-450.000000000,20.147869387,0.055058123,-0.001459078,-9.493275005,115.260528235,-114.486109268,109.739471765,-110.513890732,-10.073934694,-10.073934694
1786021595.895898342,90.550329044,0.000000000,NONE,0,0.049922599,0.500000000,-75.500000000,0.000000000,0.466670610,-71.989758627,-0.077738889,0.033329390,-3.510241373,0.077738889,-0.136417523,-2.996930138,0.115747606,-0.131677488,-2.423970811,-0.000677387,-0.004740035,-0.572959327,0.116424993,-1.137895629,-450.000000000,20.150393041,0.054986325,-0.001422779,-9.493384231,115.157819965,-114.588872150,109.842180035,-110.411127850,-10.075196520,-10.075196520
1786021595.945906162,90.600336753,0.000000000,NONE,0,0.049995632,0.500000000,-75.500000000,0.000000000,0.466721934,-72.111137752,-0.077736571,0.033278066,-3.388862248,0.077736571,-0.135216783,-2.996972133,0.116065265,-0.132545851,-2.423977635,-0.000405107,-0.002670932,-0.572994498,0.116470372,-1.006818986,-450.000000000,20.153833671,0.054916267,-0.001388151,-9.493617051,115.125109009,-114.621699516,109.874890991,-110.378300484,-10.076916836,-10.076916836
1786021595.996226072,90.650656772,0.000000000,TARGET_UPDATED,0,0.050296834,0.500000000,-75.500000000,0.000000000,0.466745292,-72.232518359,-0.077733704,0.033254708,-3.267481641,0.077733704,-0.133925743,-2.997016181,0.116419904,-0.132747995,-2.423986430,-0.000103924,-0.001177748,-0.573029751,0.116523828,-0.912379787,-450.000000000,20.157730754,0.054847760,-0.001359380,-9.493941549,115.101580334,-114.645390440,109.898419666,-110.354609560,-10.078865377,-10.078865377
1786021596.045959234,90.700389904,0.000000000,NONE,0,0.049721815,0.500000000,-75.500000000,0.000000000,0.466758325,-72.329623171,-0.077731110,0.033241675,-3.170376829,0.077731110,-0.132832582,-2.997053233,0.116714198,-0.132631462,-2.423994283,0.000145631,-0.000201120,-0.573058950,0.116568567,-0.849921653,-450.000000000,20.160699489,0.054793799,-0.001343674,-9.495230590,115.086288061,-114.661327234,109.913711939,-110.338672766,-10.080349745,-10.080349745
1786021596.095943689,90.750374400,0.000000000,NONE,0,0.050005191,0.500000000,-75.500000000,0.000000000,0.466779712,-72.451003965,-0.077727750,0.033220288,-3.048996035,0.077727750,-0.131390407,-2.997102565,0.117074269,-0.132285273,-2.424004602,0.000444088,0.000894867,-0.573097963,0.116630182,-0.763686519,-450.000000000,20.165344874,0.054726443,-0.001354966,-9.495202444,115.064722241,-114.682878981,109.935277759,-110.317121019,-10.082672437,-10.082672437
1786021596.145926952,90.800357538,0.000000000,NONE,0,0.049981296,0.500000000,-75.500000000,0.000000000,0.466818077,-72.572383897,-0.077724564,0.033181923,-2.927616103,0.077724564,-0.129861866,-2.997156109,0.117403778,-0.131669633,-2.424014748,0.000715615,0.001807767,-0.573141361,0.116688163,-0.693469951,-450.000000000,20.169331450,0.054658063,-0.001375424,-9.494991223,115.047115293,-114.700380318,109.952884707,-110.299619682,-10.084665725,-10.084665725
1786021596.196003437,90.850434063,0.000000000,TARGET_UPDATED,0,0.050086917,0.500000000,-75.500000000,0.000000000,0.466886225,-72.693762232,-0.077721644,0.033113775,-2.806237768,0.077721644,-0.128249546,-2.997214495,0.117680904,-0.130821545,-2.424023959,0.000943285,0.002571999,-0.573190536,0.116737619,-0.630705838,-450.000000000,20.172620742,0.054588796,-0.001390612,-9.494766324,115.031368040,-114.716015121,109.968631960,-110.283984879,-10.086310371,-10.086310371
1786021596.246007442,90.900438122,0.000000000,TARGET_UPDATED,0,0.050019035,0.500000000,-76.500000000,0.000000000,0.466993792,-72.815138377,-0.077719186,0.033006208,-3.684861623,0.077719186,-0.136551538,-2.996839184,0.117894850,-0.129793767,-2.424031559,0.001110252,-0.006757771,-0.572807625,0.116784598,-1.497315432,-450.000000000,20.175861057,0.054518954,-0.001399476,-9.494544313,115.247964936,-114.499307220,109.752035064,-110.500692780,-10.087930529,-10.087930529
1786021596.295903206,90.950333872,0.000000000,NONE,0,0.049888524,0.500000000,-76.500000000,0.000000000,0.467076052,-72.936515796,-0.077717357,0.032923948,-3.563484204,0.077717357,-0.135493681,-2.996882804,0.118003795,-0.131349765,-2.424037575,0.001197527,-0.004143917,-0.572845229,0.116806268,-1.087940713,-450.000000000,20.176873144,0.054448837,0.000000000,-9.508362430,115.149075786,-114.605105429,109.850924214,-110.394894571,-10.088436572,-10.088436572
1786021596.346103907,91.000534304,0.000000000,NONE,0,0.050147495,0.500000000,-76.500000000,0.000000000,0.467086238,-73.033620565,-0.077716462,0.032913762,-3.466379435,0.077716462,-0.134544412,-2.996924839,0.118021068,-0.131929611,-2.424040282,0.001204540,-0.002614800,-0.572884556,0.116816528,-1.005932357,-450.000000000,20.177361580,0.054386421,-0.001687560,-9.491948254,115.124470153,-114.621503974,109.875529847,-110.378496026,-10.088680790,-10.088680790
1786021596.396175623,91.050606217,0.000000000,TARGET_UPDATED,0,0.050104427,0.500000000,-76.500000000,0.000000000,0.467074410,-73.155002476,-0.077716203,0.032925590,-3.344997524,0.077716203,-0.133246422,-2.996985359,0.117956419,-0.132152419,-2.424041981,0.001138743,-0.001094003,-0.572943378,0.116817675,-0.898270246,-450.000000000,20.177260173,0.054297984,-0.001746299,-9.489727090,115.096999334,-114.647864211,109.903000666,-110.352135789,-10.088630087,-10.088630087
1786021596.445946932,91.100377496,0.000000000,NONE,0,0.049764861,0.500000000,-76.500000000,0.000000000,0.467053475,-73.276384277,-0.077716896,0.032946525,-3.223615723,0.077716896,-0.131879741,-2.997051911,0.117802321,-0.131970129,-2.424039906,0.000999131,0.000090388,-0.573012006,0.116803190,-0.816471996,-450.000000000,20.175932235,0.054214507,-0.001613442,-9.489773442,115.076561359,-114.668325361,109.923438641,-110.331674639,-10.087966118,-10.087966118
1786021596.495959282,91.150389893,0.000000000,NONE,0,0.049998059,0.500000000,-76.500000000,0.000000000,0.467042508,-73.373488884,-0.077718074,0.032957492,-3.126511116,0.077718074,-0.130745409,-2.997108740,0.117622544,-0.131590677,-2.424036072,0.000840699,0.000845267,-0.573072668,0.116781845,-0.765648440,-450.000000000,20.174302244,0.054152831,-0.001500656,-9.491382279,115.064257680,-114.681433460,109.935742320,-110.318566540,-10.087151122,-10.087151122
1786021596.546208143,91.200638992,0.000000000,NONE,0,0.050018626,0.500000000,-76.500000000,0.000000000,0.467046278,-73.494867979,-0.077720154,0.032953722,-3.005132021,0.077720154,-0.129274401,-2.997183717,0.117340725,-0.130967054,-2.424029229,0.000599586,0.001692653,-0.573154488,0.116741138,-0.694673246,-450.000000000,20.171065853,0.054081204,-0.001396154,-9.492107262,115.046695127,-114.699358504,109.953304873,-110.300641496,-10.085532926,-10.085532926
1786021596.596074581,91.250505126,0.000000000,TARGET_UPDATED,0,0.050093390,0.500000000,-76.500000000,0.000000000,0.467078795,-73.616244664,-0.077722689,0.032921205,-2.883755336,0.077722689,-0.127737972,-2.997262475,0.117014973,-0.130133026,-2.424020666,0.000324021,0.002395055,-0.573241809,0.116690952,-0.636551208,-450.000000000,20.167364819,0.054013749,-0.001321848,-9.492865363,115.032354143,-114.714078539,109.967645857,-110.285921461,-10.083682409,-10.083682409
1786021596.645961046,91.300391608,0.000000000,NONE,0,0.049903366,0.500000000,-76.500000000,0.000000000,0.467151187,-73.737618297,-0.077725594,0.032848813,-2.762381703,0.077725594,-0.126132990,-2.997344103,0.116668964,-0.129103770,-2.424010997,0.000032004,0.002970779,-0.573333106,0.116636960,-0.584981196,-450.000000000,20.163505244,0.053949244,-0.001272021,-9.493587739,115.019642234,-114.727151636,109.980357766,-110.272848364,-10.081752622,-10.081752622
1786021596.695991278,91.350421816,0.000000000,TARGET_UPDATED,0,0.050059724,0.500000000,-77.500000000,0.000000000,0.467271555,-73.858988429,-0.077728683,0.032728445,-3.641011571,0.077728683,-0.134653808,-2.996986882,0.116326755,-0.127932074,-2.424000875,-0.000253589,-0.006721734,-0.572986007,0.116580343,-1.477860445,-450.000000000,20.159493045,0.053886569,-0.001243924,-9.494249808,115.243027563,-114.504097341,109.756972437,-110.495902659,-10.079746522,-10.079746522
1786021596.746169090,91.400599597,0.000000000,NONE,0,0.049965400,0.500000000,-77.500000000,0.000000000,0.467378597,-73.980358408,-0.077731760,0.032621403,-3.519641592,0.077731760,-0.133640966,-2.997045139,0.115998002,-0.129293046,-2.423991551,-0.000524495,-0.004347920,-0.573053589,0.116522497,-1.081448851,-450.000000000,20.155417109,0.053824614,-0.001238043,-9.494730954,115.144044951,-114.603320526,109.855955049,-110.396679474,-10.077708554,-10.077708554
1786021596.796785116,91.451215725,0.000000000,TARGET_UPDATED,0,0.050816083,0.500000000,-76.500000000,1.000000000,0.467413418,-74.101731391,-0.077734665,0.032586582,-2.398268609,1.077734665,-0.120888493,-2.998006808,1.499113455,-0.130014647,-2.423982184,-0.000761557,0.009126154,-0.574024624,1.499875012,0.099714260,-450.000000000,111.000000000,0.053762419,-0.001247368,-9.495126111,114.848852963,-114.898710093,110.151147037,-110.101289907,-55.500000000,-55.500000000
1786021596.846009016,91.500439758,0.000000000,NONE,0,0.049206442,0.500000000,-76.500000000,1.000000000,0.467517709,-74.223096516,-0.067626015,0.032482291,-2.276903484,1.067626015,-0.118782351,-2.998194295,1.498906843,-0.126880325,-2.423976726,0.360317190,0.008097974,-0.574217568,1.138589653,-0.223746081,-450.000000000,84.359038747,0.053699460,0.000000000,-9.507847795,114.932898469,-114.821025429,110.067101531,-110.178974571,-42.179519373,-42.179519373
1786021596.895960569,91.550391153,0.000000000,NONE,0,0.049949880,0.500000000,-76.500000000,1.000000000,0.467712236,-74.320177827,-0.049616326,0.032287764,-2.179822173,1.049616326,-0.116964588,-2.998325992,1.498786353,-0.124752906,-2.423957618,0.475393949,0.007788318,-0.574368374,1.023392404,-0.206992204,-450.000000000,81.331211515,0.053642630,0.000000000,-9.508660236,114.928913110,-114.825417008,110.071086890,-110.174582992,-40.665605758,-40.665605758
1786021596.945942163,91.600372990,0.000000000,NONE,0,0.049993376,0.500000000,-76.500000000,1.000000000,0.468058376,-74.441520545,-0.026842488,0.031941624,-2.058479455,1.026842488,-0.114476182,-2.998486139,1.498658092,-0.122219954,-2.423906395,0.416645990,0.007743771,-0.574579744,1.082012101,-0.176689397,-450.000000000,88.913396371,0.053552893,-0.001967468,-9.487161208,114.915962651,-114.827617953,110.084037349,-110.172382047,-44.456698185,-44.456698185
1786021596.996338367,91.650768772,0.000000000,TARGET_UPDATED,0,0.050249274,0.500000000,-77.500000000,0.000000000,0.468516726,-74.562855432,-0.009343568,0.031483274,-2.937144568,0.009343568,-0.128164049,-2.997267627,0.012537135,-0.119666521,-2.423861447,0.312968003,-0.008497528,-0.573406180,-0.300430868,-1.632141029,-450.000000000,-36.549409308,0.053452379,-0.001934216,-9.484824476,115.279241376,-114.463170862,109.720758624,-110.536829138,18.274704654,18.274704654
1786021597.045948505,91.700378948,0.000000000,NONE,0,0.049755063,0.500000000,-77.500000000,0.000000000,0.468999595,-74.684193138,-0.005881124,0.031000405,-2.815806862,0.005881124,-0.127025405,-2.997313950,0.007173209,-0.120932715,-2.423826175,-0.190538225,-0.006092690,-0.573487775,0.197711435,-1.102592806,-450.000000000,35.849062472,0.053363530,-0.001663742,-9.485731498,115.147081076,-114.595784673,109.852918924,-110.404215327,-17.924531236,-17.924531236
1786021597.095927000,91.750357744,0.000000000,TARGET_UPDATED,0,0.049992969,0.500000000,-78.500000000,0.000000000,0.469372493,-74.805548381,-0.027484938,0.030627507,-3.694451619,0.027484938,-0.134945568,-2.996988403,0.039368859,-0.122354749,-2.423776868,-0.530485140,-0.012590819,-0.573211534,0.569853999,-1.770088992,-450.000000000,59.333678014,0.053288597,-0.001394299,-9.487759451,115.314462111,-114.429417615,109.685537889,-110.570582385,-29.666839007,-29.666839007
1786021597.145903826,91.800334526,0.000000000,NONE,0,0.049962030,0.500000000,-78.500000000,0.000000000,0.469646376,-74.926913129,-0.055695104,0.030353624,-3.573086871,0.055695104,-0.134135217,-2.997058059,0.081425481,-0.125097188,-2.423774012,-0.544308054,-0.009038029,-0.573284047,0.625733535,-1.345654716,-450.000000000,56.919787523,0.053225572,-0.001180785,-9.490171072,115.208956447,-114.536129089,109.791043553,-110.463870911,-28.459893762,-28.459893762
1786021597.196067095,91.850497661,0.000000000,TARGET_UPDATED,0,0.050175976,0.500000000,-78.500000000,0.000000000,0.469782404,-75.048285060,-0.078104325,0.030217596,-3.451714940,0.078104325,-0.133196379,-2.997132737,0.114802970,-0.127061638,-2.423842743,-0.372424288,-0.006134741,-0.573289995,0.487227258,-1.172886253,-450.000000000,43.345497814,0.053171089,-0.001037572,-9.492580411,115.166366666,-114.579923540,109.833633334,-110.420076460,-21.672748907,-21.672748907
1786021597.246036768,91.900467328,0.000000000,NONE,0,0.049939413,0.500000000,-78.500000000,0.000000000,0.469844242,-75.169657917,-0.090568469,0.030155758,-3.330342083,0.090568469,-0.132158965,-2.997197205,0.133412433,-0.128094806,-2.423926184,-0.169163991,-0.004064159,-0.573271022,0.302576424,-1.052020842,-450.000000000,29.482852608,0.053121372,-0.000970538,-9.494579098,115.136649985,-114.610639564,109.863350015,-110.389360436,-14.741426304,-14.741426304
1786021597.295982838,91.950413411,0.000000000,NONE,0,0.049942718,0.500000000,-78.500000000,0.000000000,0.469863491,-75.291028495,-0.093706927,0.030136509,-3.208971505,0.093706927,-0.131023324,-2.997243425,0.138282197,-0.128632220,-2.423975195,0.000055867,-0.002391104,-0.573268229,0.138226330,-0.945401785,-450.000000000,18.385071143,0.053073011,-0.000966595,-9.496050854,115.110363160,-114.637662267,109.889636840,-110.362337733,-9.192535571,-9.192535571
1786021597.345995426,92.000426211,0.000000000,NONE,0,0.049967980,0.500000000,-78.500000000,0.000000000,0.469863692,-75.388122705,-0.091295702,0.030136308,-3.111877295,0.091295702,-0.130040692,-2.997269183,0.134982955,-0.128755650,-2.423982418,0.089407372,-0.001285042,-0.573286765,0.045575582,-0.878196659,-450.000000000,13.336088396,0.053033535,-0.000998932,-9.497869366,115.094016506,-114.654918177,109.905983494,-110.345081823,-6.668044198,-6.668044198
1786021597.396214485,92.050645129,0.000000000,TARGET_UPDATED,0,0.050236826,0.500000000,-78.500000000,0.000000000,0.469859733,-75.509488658,-0.084851520,0.030140267,-2.990511342,0.084851520,-0.128714454,-2.997295629,0.125900778,-0.128666054,-2.423968067,0.142372652,-0.000048400,-0.573327562,-0.016471873,-0.785147780,-450.000000000,9.611456063,0.052981127,-0.001086287,-9.498126375,115.070818539,-114.678244649,109.929181461,-110.321755351,-4.805728031,-4.805728031
1786021597.445967913,92.100398410,0.000000000,NONE,0,0.049770804,0.500000000,-78.500000000,0.000000000,0.469864603,-75.630854310,-0.078085804,0.030135397,-2.869145690,0.078085804,-0.127276926,-2.997325001,0.116458386,-0.128228080,-2.423957829,0.120129897,0.000951153,-0.573367172,-0.003671511,-0.712129153,-450.000000000,11.999675300,0.052923655,-0.001191292,-9.497746692,115.052468961,-114.696404385,109.947531039,-110.303595615,-5.999837650,-5.999837650
1786021597.495937586,92.150368189,0.000000000,NONE,0,0.049990550,0.500000000,-78.500000000,0.000000000,0.469885004,-75.727947133,-0.074330465,0.030114996,-2.772052867,0.074330465,-0.126050873,-2.997353382,0.111423400,-0.127642884,-2.423967286,0.075914446,0.001592012,-0.573386096,0.035508954,-0.666084735,-450.000000000,15.269384194,0.052874043,-0.001268435,-9.498292707,115.041094361,-114.708051993,109.958905639,-110.291948007,-7.634692097,-7.634692097
1786021597.546000242,92.200430563,0.000000000,TARGET_UPDATED,0,0.050068520,0.500000000,-79.500000000,0.000000000,0.469940260,-75.849312999,-0.072454747,0.030059740,-3.650687001,0.072454747,-0.133734484,-2.996993562,0.109345684,-0.126741966,-2.423997724,0.012861887,-0.006992517,-0.572995839,0.096483797,-1.460828723,-450.000000000,19.971693722,0.052807517,-0.001374577,-9.497197186,115.239506477,-114.509092116,109.760493523,-110.490907884,-9.985846861,-9.985846861
1786021597.596098900,92.250529371,0.000000000,TARGET_UPDATED,0,0.050093729,0.500000000,-79.500000000,0.000000000,0.469984251,-75.970680277,-0.073361547,0.030015749,-3.529319723,0.073361547,-0.132711604,-2.997013419,0.111388993,-0.127847923,-2.424034305,-0.033003969,-0.004863681,-0.572979114,0.144392961,-1.106266263,-450.000000000,23.063897764,0.052736019,-0.001462219,-9.495884424,115.150537672,-114.597404540,109.849462328,-110.402595460,-11.531948882,-11.531948882
1786021597.645878315,92.300308715,0.000000000,NONE,0,0.049798904,0.500000000,-79.500000000,0.000000000,0.469965038,-76.067777084,-0.075135399,0.030034962,-3.432222916,0.075135399,-0.131800481,-2.997034034,0.114532173,-0.128500586,-2.424056321,-0.046233913,-0.003299895,-0.572977714,0.160766087,-1.012119414,-450.000000000,23.582410914,0.052676500,-0.001500233,-9.495989226,115.127027160,-114.620967453,109.872972840,-110.379032547,-11.791205457,-11.791205457
1786021597.696009636,92.350440281,0.000000000,NONE,0,0.050089658,0.500000000,-79.500000000,0.000000000,0.469914483,-76.189149524,-0.077466377,0.030085517,-3.310850476,0.077466377,-0.130571083,-2.997066382,0.118518490,-0.128779369,-2.424071589,-0.041282850,-0.001791714,-0.572994793,0.159801340,-0.907578391,-450.000000000,23.166833385,0.052600270,-0.001542263,-9.494739948,115.100579585,-114.646790389,109.899420415,-110.353209611,-11.583416692,-11.583416692
1786021597.745945930,92.400376580,0.000000000,NONE,0,0.049942566,0.500000000,-79.500000000,0.000000000,0.469851579,-76.310522853,-0.079077735,0.030148421,-3.189477147,0.079077735,-0.129246292,-2.997108771,0.121261315,-0.128701520,-2.424076166,-0.021473788,-0.000544772,-0.573032605,0.142735103,-0.821497601,-450.000000000,21.649739959,0.052522512,-0.001558476,-9.493603408,115.078775252,-114.668026452,109.921224748,-110.331973548,-10.824869980,-10.824869980
1786021597.795961142,92.450391546,0.000000000,TARGET_UPDATED,0,0.050025498,0.500000000,-79.500000000,0.000000000,0.469794746,-76.431896335,-0.079606671,0.030205254,-3.068103665,0.079606671,-0.127837157,-2.997163182,0.122185392,-0.128286733,-2.424076494,0.000120761,0.000449576,-0.573086688,0.122064630,-0.749634616,-450.000000000,20.131325378,0.052445107,0.000000000,-9.508242948,115.064469391,-114.689652083,109.935530609,-110.310347917,-10.065662689,-10.065662689
1786021597.845901489,92.500332261,0.000000000,NONE,0,0.049966036,0.500000000,-79.500000000,0.000000000,0.469757339,-76.553269145,-0.079237506,0.030242661,-2.946730855,0.079237506,-0.126319490,-2.997231179,0.121554345,-0.127613001,-2.424077375,0.014822521,0.001293511,-0.573153804,0.106731824,-0.683552059,-450.000000000,19.164363118,0.052358931,-0.001889989,-9.487681312,115.042808343,-114.701032313,109.957191657,-110.298967687,-9.582181559,-9.582181559
1786021597.895847082,92.550277752,0.000000000,NONE,0,0.049947979,0.500000000,-79.500000000,0.000000000,0.469749960,-76.674640195,-0.078424110,0.030250040,-2.825359805,0.078424110,-0.124701349,-2.997311037,0.120059940,-0.126711615,-2.424077217,0.019411097,0.002010265,-0.573233820,0.100648843,-0.623659923,-450.000000000,18.923632713,0.052266447,-0.001766569,-9.486738000,115.027599481,-114.715769519,109.972400519,-110.284230481,-9.461816357,-9.461816357
1786021597.946061850,92.600492359,0.000000000,TARGET_UPDATED,0,0.050138044,0.500000000,-80.500000000,0.000000000,0.469781211,-76.796008388,-0.077624787,0.030218789,-3.703991612,0.077624787,-0.132076840,-2.997013744,0.118414292,-0.125670461,-2.424071601,0.015701586,-0.006406379,-0.572942143,0.102712705,-1.401384070,-450.000000000,19.231052948,0.052184777,-0.001538940,-9.487713616,115.222274421,-114.521582387,109.777725579,-110.478417613,-9.615526474,-9.615526474
1786021597.996158123,92.650588645,0.000000000,TARGET_UPDATED,0,0.050066458,0.500000000,-80.500000000,0.000000000,0.469795635,-76.893102596,-0.077198824,0.030204365,-3.606897404,0.077198824,-0.131244964,-2.997068711,0.117316380,-0.126703211,-2.424062624,0.009633710,-0.004541752,-0.573006087,0.107682670,-1.074058020,-450.000000000,19.637054210,0.052127287,-0.001376027,-9.489963198,115.141005304,-114.603976294,109.858994696,-110.396023706,-9.818527105,-9.818527105
1786021598.045952082,92.700382466,0.000000000,NONE,0,0.049814640,0.500000000,-80.500000000,0.000000000,0.469750556,-77.014472287,-0.077021847,0.030249444,-3.485527713,0.077021847,-0.130126872,-2.997143302,0.116390912,-0.127529728,-2.424044548,0.001126625,-0.002597144,-0.573098754,0.115264287,-0.941711366,-450.000000000,20.220696657,0.052063087,-0.001230683,-9.491467648,115.108294753,-114.637439071,109.891705247,-110.362560929,-10.110348328,-10.110348328
1786021598.095995188,92.750425776,0.000000000,NONE,0,0.050067250,0.500000000,-80.500000000,0.000000000,0.469679540,-77.135841798,-0.077176259,0.030320460,-3.364158202,0.077176259,-0.128937746,-2.997222113,0.115914002,-0.127706339,-2.424022540,-0.004776417,-0.001231407,-0.573199573,0.120690419,-0.856861032,-450.000000000,20.556706210,0.052004427,-0.001139332,-9.492895758,115.087439197,-114.659008681,109.912560803,-110.340991319,-10.278353105,-10.278353105
1786021598.145938635,92.800369215,0.000000000,NONE,0,0.049976780,0.500000000,-80.500000000,0.000000000,0.469603217,-77.257210126,-0.077485064,0.030396783,-3.242789874,0.077485064,-0.127678533,-2.997303358,0.115670335,-0.127560525,-2.423999679,-0.006933158,-0.000118009,-0.573303679,0.122603493,-0.779644905,-450.000000000,20.620523780,0.051948953,-0.001093516,-9.494108484,115.068438347,-114.678615895,109.931561653,-110.321384105,-10.310261890,-10.310261890
1786021598.196004629,92.850435145,0.000000000,TARGET_UPDATED,0,0.050099721,0.500000000,-80.500000000,0.000000000,0.469535415,-77.378576629,-0.077781365,0.030464585,-3.121423371,0.077781365,-0.126346552,-2.997385202,0.115459360,-0.127157320,-2.423978421,-0.006113136,0.000810768,-0.573406782,0.121572495,-0.711496702,-450.000000000,20.489495760,0.051894622,-0.001085664,-9.495040320,115.051634256,-114.695885904,109.948365744,-110.304114096,-10.244747880,-10.244747880
1786021598.245912075,92.900342797,0.000000000,NONE,0,0.049909151,0.500000000,-80.500000000,0.000000000,0.469487591,-77.499940778,-0.077961940,0.030512409,-3.000059222,0.077961940,-0.124938979,-2.997465796,0.115172478,-0.126540233,-2.423960056,-0.003799664,0.001601254,-0.573505740,0.118972142,-0.649854561,-450.000000000,20.275948177,0.051839835,-0.001106151,-9.495627115,115.036370419,-114.711443138,109.963629581,-110.288556862,-10.137974089,-10.137974089
1786021598.295989275,92.950419802,0.000000000,NONE,0,0.050009735,0.500000000,-80.500000000,0.000000000,0.469469350,-77.621302168,-0.078000941,0.030530650,-2.878697832,0.078000941,-0.123453094,-2.997543545,0.114810108,-0.125739408,-2.423945084,-0.001453276,0.002286313,-0.573598461,0.116263384,-0.593226975,-450.000000000,20.084272293,0.051783491,-0.001144330,-9.495917105,115.022286020,-114.725672533,109.977713980,-110.274327467,-10.042136147,-10.042136147
1786021598.346010685,93.000441114,0.000000000,NONE,0,0.049975966,0.500000000,-80.500000000,0.000000000,0.469481661,-77.718389106,-0.077952418,0.030518339,-2.781610894,0.077952418,-0.122206366,-2.997602923,0.114519110,-0.124972223,-2.423935777,-0.000245267,0.002765857,-0.573667146,0.114764377,-0.553877864,-450.000000000,20.003511853,0.051736875,-0.001181403,-9.496988300,115.012716541,-114.735777609,109.987283459,-110.264222391,-10.001755927,-10.001755927
1786021598.396064758,93.050495501,0.000000000,TARGET_UPDATED,0,0.050127059,0.500000000,-81.500000000,0.000000000,0.469536231,-77.839744958,-0.077842330,0.030463769,-3.660255042,0.077842330,-0.129947664,-2.997281131,0.114250340,-0.123921718,-2.423928021,0.000366131,-0.006025947,-0.573353110,0.113884209,-1.359641683,-450.000000000,19.954335855,0.051675903,-0.001252485,-9.496580488,115.214055543,-114.534234701,109.785944457,-110.465765299,-9.977167927,-9.977167927
1786021598.445928335,93.100359055,0.000000000,NONE,0,0.049888155,0.500000000,-81.500000000,0.000000000,0.469577210,-77.961100904,-0.077732704,0.030422790,-3.538899096,0.077732704,-0.128923162,-2.997322735,0.114151571,-0.125168801,-2.423925698,-0.000057580,-0.003754361,-0.573397036,0.114209151,-0.989864461,-450.000000000,20.001153983,0.051611268,0.000000000,-9.509084060,115.124737130,-114.629804900,109.875262870,-110.370195100,-10.000576992,-10.000576992
1786021598.495924473,93.150355109,0.000000000,NONE,0,0.050020333,0.500000000,-81.500000000,0.000000000,0.469553845,-78.082459792,-0.077666373,0.030446155,-3.417540208,0.077666373,-0.127755237,-2.997363512,0.114292284,-0.125746984,-2.423928597,-0.000913157,-0.002008254,-0.573434914,0.115205440,-0.881472975,-450.000000000,20.084298519,0.051534401,-0.001714707,-9.490943217,115.093104048,-114.652367561,109.906895952,-110.347632439,-10.042149259,-10.042149259
1786021598.545935154,93.200365571,0.000000000,NONE,0,0.049967293,0.500000000,-81.500000000,0.000000000,0.469510543,-78.203819546,-0.077652745,0.030489457,-3.296180454,0.077652745,-0.126477142,-2.997402478,0.114670420,-0.125780369,-2.423937081,-0.001594537,-0.000696773,-0.573465397,0.116264956,-0.795962035,-450.000000000,20.159751145,0.051448384,-0.001676077,-9.489589580,115.071387904,-114.673406886,109.928612096,-110.326593114,-10.079875573,-10.079875573
1786021598.595996857,93.250427436,0.000000000,TARGET_UPDATED,0,0.050089149,0.500000000,-81.500000000,0.000000000,0.469464743,-78.325179458,-0.077677671,0.030535257,-3.174820542,0.077677671,-0.125141319,-2.997438341,0.115235140,-0.125516340,-2.423949335,-0.001760870,0.000375021,-0.573489006,0.116996010,-0.720459847,-450.000000000,20.204315791,0.051368861,-0.001528894,-9.489845620,115.052576367,-114.692346443,109.947423633,-110.307653557,-10.102157895,-10.102157895
1786021598.645933867,93.300364437,0.000000000,NONE,0,0.049938134,0.500000000,-81.500000000,0.000000000,0.469430438,-78.446539012,-0.077717077,0.030569562,-3.053460988,0.077717077,-0.123753704,-2.997472157,0.115911883,-0.125007590,-2.423964926,-0.001356934,0.001253886,-0.573507231,0.117268816,-0.655019601,-450.000000000,20.214280021,0.051296803,-0.001382491,-9.490668397,115.036421999,-114.708912199,109.963578001,-110.291087801,-10.107140011,-10.107140011
1786021598.695885897,93.350316401,0.000000000,NONE,0,0.049969796,0.500000000,-81.500000000,0.000000000,0.469419513,-78.543626095,-0.077744220,0.030580487,-2.956373905,0.077744220,-0.122606060,-2.997498803,0.116481971,-0.124436809,-2.423979103,-0.000731812,0.001830749,-0.573519700,0.117213783,-0.612929374,-450.000000000,20.203863455,0.051244017,-0.001283237,-9.492559301,115.026372169,-114.719907482,109.973627831,-110.280092518,-10.101931728,-10.101931728
1786021598.745916367,93.400347067,0.000000000,NONE,0,0.050014756,0.500000000,-81.500000000,0.000000000,0.469434225,-78.664983968,-0.077761682,0.030565775,-2.835016032,0.077761682,-0.121118982,-2.997533306,0.117174014,-0.123611952,-2.423997980,0.000215954,0.002492970,-0.573535326,0.116958060,-0.554147605,-450.000000000,20.181951231,0.051182439,-0.001205766,-9.493527524,115.011918782,-114.734844980,109.988081218,-110.265155020,-10.090975616,-10.090975616
1786021598.796192169,93.450622908,0.000000000,TARGET_UPDATED,0,0.050123596,0.500000000,-82.500000000,0.000000000,0.469487716,-78.786340442,-0.077758681,0.030512284,-3.713659558,0.077758681,-0.128639223,-2.997195284,0.117799866,-0.122620777,-2.424016936,0.001106139,-0.006018446,-0.573178348,0.116693727,-1.337632648,-450.000000000,20.163287280,0.051123473,-0.001166212,-9.494330794,115.207990860,-114.539174536,109.792009140,-110.460825464,-10.081643640,-10.081643640
1786021598.845914364,93.500345079,0.000000000,NONE,0,0.049867068,0.500000000,-82.500000000,0.000000000,0.469522733,-78.907698463,-0.077741609,0.030477267,-3.592301537,0.077741609,-0.127674652,-2.997215608,0.118305687,-0.123948628,-2.424035189,0.001748132,-0.003726023,-0.573180420,0.116557555,-0.972606874,-450.000000000,20.156298158,0.051065607,-0.001155610,-9.494900546,115.116876855,-114.630573418,109.883123145,-110.369426582,-10.078149079,-10.078149079
1786021598.895895004,93.550325717,0.000000000,NONE,0,0.049996368,0.500000000,-82.500000000,0.000000000,0.469504652,-79.004787573,-0.077724390,0.030495348,-3.495212427,0.077724390,-0.126827416,-2.997238232,0.118617953,-0.124402900,-2.424047387,0.002047767,-0.002424516,-0.573190845,0.116570187,-0.904229486,-450.000000000,20.160165710,0.051019313,-0.001162423,-9.496230432,115.100114980,-114.648000237,109.899885020,-110.351999763,-10.080082855,-10.080082855
1786021598.945893526,93.600324192,0.000000000,NONE,0,0.049974933,0.500000000,-82.500000000,0.000000000,0.469463051,-79.126150234,-0.077705761,0.030536949,-3.373849766,0.077705761,-0.125691503,-2.997274600,0.118880350,-0.124590199,-2.424060005,0.002180445,-0.001101304,-0.573214595,0.116699905,-0.810735404,-450.000000000,20.171589033,0.050960299,-0.001202815,-9.496198838,115.076733560,-114.671365859,109.923266440,-110.328634141,-10.085794517,-10.085794517
1786021598.995956898,93.650387487,0.000000000,TARGET_UPDATED,0,0.050083507,0.500000000,-82.500000000,0.000000000,0.469414632,-79.247513379,-0.077695255,0.030585368,-3.252486621,0.077695255,-0.124469002,-2.997320574,0.118991972,-0.124439170,-2.424068511,0.002108269,-0.000029832,-0.573252063,0.116883703,-0.736942621,-450.000000000,20.185529032,0.050898713,-0.001255341,-9.495845090,115.058196928,-114.689725617,109.941803072,-110.310274383,-10.092764516,-10.092764516
1786021599.045905828,93.700336459,0.000000000,NONE,0,0.049940803,0.500000000,-82.500000000,0.000000000,0.469376167,-79.368875904,-0.077693622,0.030623833,-3.131124096,0.077693622,-0.123165248,-2.997376118,0.118947050,-0.123975859,-2.424072256,0.001917876,0.000810611,-0.573303863,0.117029174,-0.675659190,-450.000000000,20.194955056,0.050834695,-0.001300002,-9.495354511,115.042753425,-114.704923830,109.957246575,-110.295076170,-10.097477528,-10.097477528
1786021599.095952988,93.750383380,0.000000000,NONE,0,0.050040001,0.500000000,-82.500000000,0.000000000,0.469360010,-79.490236917,-0.077698480,0.030639990,-3.009763083,0.077698480,-0.121783921,-2.997440804,0.118746266,-0.123286210,-2.424070904,0.001655222,0.001502288,-0.573369900,0.117091044,-0.620986336,-450.000000000,20.197609484,0.050768802,-0.001331513,-9.494848930,115.028958816,-114.718465649,109.971041184,-110.281534351,-10.098804742,-10.098804742
1786021599.145927906,93.800358677,0.000000000,NONE,0,0.049953268,0.500000000,-82.500000000,0.000000000,0.469375920,-79.611595661,-0.077706412,0.030624080,-2.888404339,0.077706412,-0.120327344,-2.997513758,0.118400779,-0.122412189,-2.424064545,0.001339690,0.002084846,-0.573449213,0.117061089,-0.571318172,-450.000000000,20.193676540,0.050701735,-0.001348556,-9.494378538,115.016424177,-114.730765091,109.983575823,-110.269234909,-10.096838270,-10.096838270
1786021599.195942879,93.850373652,0.000000000,TARGET_UPDATED,0,0.050054294,0.500000000,-82.500000000,0.000000000,0.469417413,-79.708680574,-0.077713017,0.030582587,-2.791319426,0.077713017,-0.119108904,-2.997577222,0.118035258,-0.121589536,-2.424056175,0.001047833,0.002480632,-0.573521047,0.116987425,-0.537346608,-450.000000000,20.187648066,0.050647725,-0.001351236,-9.495101190,115.008111950,-114.739438646,109.991888050,-110.260561354,-10.093824033,-10.093824033
1786021599.246006012,93.900436179,0.000000000,TARGET_UPDATED,0,0.050045572,0.500000000,-83.500000000,0.000000000,0.469510337,-79.830033688,-0.077720003,0.030489663,-3.669966312,0.077720003,-0.126842907,-2.997281809,0.117488427,-0.120482449,-2.424042367,0.000644159,-0.006360458,-0.573239442,0.116844268,-1.343281793,-450.000000000,20.176238239,0.050579704,-0.001369879,-9.494535717,115.209454378,-114.537813481,109.790545622,-110.462186519,-10.088119119,-10.088119119
1786021599.295908213,93.950338776,0.000000000,NONE,0,0.049911597,0.500000000,-83.500000000,0.000000000,0.469594319,-79.951386082,-0.077725078,0.030405681,-3.548613918,0.077725078,-0.125853706,-2.997347666,0.116878083,-0.121617247,-2.424026342,0.000181548,-0.004236459,-0.573321324,0.116696535,-0.984806975,-450.000000000,20.165797534,0.050510776,-0.001382202,-9.493940325,115.119686825,-114.627283338,109.880313175,-110.372716662,-10.082898767,-10.082898767
1786021599.345905066,94.000335747,0.000000000,NONE,0,0.049993823,0.500000000,-83.500000000,0.000000000,0.469612002,-80.072740512,-0.077729014,0.030387998,-3.427259488,0.077729014,-0.124753005,-2.997418299,0.116250914,-0.122271625,-2.424007892,-0.000317009,-0.002481380,-0.573410407,0.116567924,-0.873854729,-450.000000000,20.157182110,0.050441778,-0.001376197,-9.493524093,115.091844706,-114.654917341,109.908155294,-110.345082659,-10.078591055,-10.078591055
1786021599.395977497,94.050408056,0.000000000,TARGET_UPDATED,0,0.050099654,0.500000000,-83.500000000,0.000000000,0.469611496,-80.169823827,-0.077732079,0.030388504,-3.330176173,0.077732079,-0.123813136,-2.997476055,0.115770157,-0.122321607,-2.423993053,-0.000717072,-0.001491529,-0.573483002,0.116487230,-0.818704676,-450.000000000,20.152495402,0.050387127,-0.001359516,-9.494367604,115.078268070,-114.668915732,109.921731930,-110.331084268,-10.076247701,-10.076247701
1786021599.445922852,94.100353552,0.000000000,NONE,0,0.049903117,0.500000000,-83.500000000,0.000000000,0.469606132,-80.291177030,-0.077736045,0.030393868,-3.208822970,0.077736045,-0.122567828,-2.997548241,0.115230980,-0.122195485,-2.423975403,-0.001164686,-0.000372343,-0.573572838,0.116395667,-0.734256592,-450.000000000,20.145861863,0.050319431,-0.001354610,-9.494023186,115.057069944,-114.689941649,109.942930056,-110.310058351,-10.072930931,-10.072930931
1786021599.495933771,94.150364314,0.000000000,NONE,0,0.050019665,0.500000000,-83.500000000,0.000000000,0.469606767,-80.412528701,-0.077740069,0.030393233,-3.087471299,0.077740069,-0.121244224,-2.997618999,0.114795863,-0.121796136,-2.423959842,-0.001531347,0.000551913,-0.573659157,0.116327210,-0.667342127,-450.000000000,20.141536070,0.050251873,-0.001348138,-9.493710439,115.040263142,-114.706592078,109.959736858,-110.293407922,-10.070768035,-10.070768035
1786021599.546085596,94.200516291,0.000000000,NONE,0,0.050159961,0.500000000,-83.500000000,0.000000000,0.469626130,-80.533878341,-0.077744029,0.030373870,-2.966121659,0.077744029,-0.119846861,-2.997686933,0.114494908,-0.121174290,-2.423947391,-0.001783227,0.001327429,-0.573739542,0.116278135,-0.607723648,-450.000000000,20.138491073,0.050184994,-0.001330783,-9.493568254,115.025322975,-114.721461152,109.974677025,-110.278538848,-10.069245536,-10.069245536
1786021599.595960617,94.250391144,0.000000000,TARGET_UPDATED,0,0.049853964,0.500000000,-83.500000000,0.000000000,0.469673890,-80.655225650,-0.077747359,0.030326110,-2.844774350,0.077747359,-0.118377739,-2.997751108,0.114348023,-0.120376742,-2.423938837,-0.001897376,0.001999003,-0.573812271,0.116245399,-0.552673859,-450.000000000,20.136521333,0.050119240,-0.001306553,-9.493547507,115.011555342,-114.735218412,109.988444658,-110.264781588,-10.068260667,-10.068260667
1786021599.646068811,94.300499232,0.000000000,TARGET_UPDATED,0,0.050080114,0.500000000,-84.500000000,0.000000000,0.469758723,-80.776570438,-0.077749475,0.030241277,-3.723429562,0.077749475,-0.125774899,-2.997449369,0.114364155,-0.119417452,-2.423935075,-0.001866414,-0.006357447,-0.573514294,0.116230569,-1.320708163,-450.000000000,20.135843700,0.050054457,-0.001287547,-9.493568381,115.203569136,-114.543215054,109.796430864,-110.456784946,-10.067921850,-10.067921850
1786021599.695913076,94.350343476,0.000000000,NONE,0,0.049887003,0.500000000,-84.500000000,0.000000000,0.469815421,-80.873646497,-0.077749978,0.030184579,-3.626353503,0.077749978,-0.125004464,-2.997476991,0.114485607,-0.120472729,-2.423935453,-0.001746795,-0.004531736,-0.573541538,0.116232402,-0.998603010,-450.000000000,20.136304876,0.050003574,-0.001266177,-9.494700467,115.123325869,-114.624024364,109.876674131,-110.375975636,-10.068152438,-10.068152438
1786021599.745914459,94.400344881,0.000000000,NONE,0,0.049999024,0.500000000,-84.500000000,0.000000000,0.469821047,-80.994994590,-0.077748980,0.030178953,-3.505005410,0.077748980,-0.123944851,-2.997510123,0.114768323,-0.121363336,-2.423939368,-0.001489411,-0.002581515,-0.573570756,0.116257734,-0.866662182,-450.000000000,20.138548025,0.049940573,-0.001263282,-9.494683337,115.090336380,-114.657005289,109.909663620,-110.342994711,-10.069274012,-10.069274012
1786021599.796007156,94.450437900,0.000000000,TARGET_UPDATED,0,0.050100790,0.500000000,-84.500000000,0.000000000,0.469797649,-81.116344082,-0.077746317,0.030202351,-3.383655918,0.077746317,-0.122799581,-2.997541366,0.115178661,-0.121591555,-2.423947934,-0.001129797,-0.001208026,-0.573593432,0.116308458,-0.782393007,-450.000000000,20.142604460,0.049877311,-0.001267768,-9.494575294,115.069242075,-114.678045572,109.930757925,-110.321954428,-10.071302230,-10.071302230
1786021599.845906973,94.500337496,0.000000000,NONE,0,0.049910519,0.500000000,-84.500000000,0.000000000,0.469766954,-81.237694088,-0.077742266,0.030233046,-3.262305912,0.077742266,-0.121578121,-2.997571336,0.115687211,-0.121463203,-2.423960219,-0.000693202,-0.000114919,-0.573611117,0.116380413,-0.708083071,-450.000000000,20.148070571,0.049813914,-0.001268448,-9.494469169,115.050638060,-114.696596524,109.949361940,-110.303403476,-10.074035285,-10.074035285
1786021599.895941257,94.550372068,0.000000000,NONE,0,0.049997314,0.500000000,-84.500000000,0.000000000,0.469743021,-81.359044066,-0.077737214,0.030256979,-3.140955934,0.077737214,-0.120284940,-2.997601137,0.116257781,-0.121076214,-2.423975229,-0.000211034,0.000791274,-0.573625908,0.116468815,-0.642547660,-450.000000000,20.154585150,0.049750593,-0.001265071,-9.494412085,115.034239936,-114.712966106,109.965760064,-110.287033894,-10.077292575,-10.077292575
1786021599.945941448,94.600372180,0.000000000,NONE,0,0.049994680,0.500000000,-84.500000000,0.000000000,0.469737679,-81.480393539,-0.077731574,0.030262321,-3.019606461,0.077731574,-0.118922993,-2.997632114,0.116850232,-0.120469070,-2.423991860,0.000284196,0.001546076,-0.573640254,0.116566036,-0.584706505,-450.000000000,20.161567125,0.049687510,-0.001259237,-9.494392039,115.019774636,-114.727421384,109.980225364,-110.272578616,-10.080783562,-10.080783562
1786021599.996026993,94.650457530,0.000000000,TARGET_UPDATED,0,0.050125713,0.500000000,-84.500000000,0.000000000,0.469753388,-81.577472465,-0.077726930,0.030246612,-2.922527535,0.077726930,-0.117784748,-2.997658736,0.117312293,-0.119843340,-2.424005526,0.000668496,0.002058592,-0.573653210,0.116643797,-0.545923977,-450.000000000,20.166617132,0.049637264,-0.001253968,-9.495401238,115.010331304,-114.737369315,109.989668696,-110.262630685,-10.083308566,-10.083308566
1786021600.045936346,94.700367082,0.000000000,NONE,0,0.049892407,0.500000000,-84.500000000,0.000000000,0.469804076,-81.698820007,-0.077721493,0.030195924,-2.801179993,0.077721493,-0.116298490,-2.997695681,0.117841770,-0.118966488,-2.424022121,0.001095901,0.002667998,-0.573673560,0.116745869,-0.490706614,-450.000000000,20.174256700,0.049574235,-0.001269373,-9.495151623,114.996464559,-114.751111252,110.003535441,-110.248888748,-10.087128350,-10.087128350
1786021600.096143246,94.750573905,0.000000000,TARGET_UPDATED,0,0.050227632,0.500000000,-85.500000000,0.000000000,0.469894706,-81.820165984,-0.077717000,0.030105294,-3.679834016,0.077717000,-0.123886827,-2.997373742,0.118290123,-0.117952981,-2.424037102,0.001450154,-0.005933846,-0.573336640,0.116839969,-1.277383999,-450.000000000,20.180671260,0.049510114,-0.001288867,-9.494800502,115.193046125,-114.554354126,109.806953875,-110.445645874,-10.090335630,-10.090335630
1786021600.146369696,94.800800330,0.000000000,NONE,0,0.049737061,0.500000000,-85.500000000,0.000000000,0.469984079,-81.941512346,-0.077713432,0.030015921,-3.558487654,0.077713432,-0.122926044,-2.997400524,0.118608114,-0.118887431,-2.424049926,0.001705632,-0.004038613,-0.573350598,0.116902482,-0.943095930,-450.000000000,20.184430616,0.049445249,-0.001300651,-9.494412036,115.109376991,-114.637829027,109.890623009,-110.362170973,-10.092215308,-10.092215308
1786021600.196022511,94.850453033,0.000000000,TARGET_UPDATED,0,0.050123128,0.500000000,-85.500000000,0.000000000,0.470001964,-82.062862368,-0.077710833,0.029998036,-3.437137632,0.077710833,-0.121856178,-2.997437182,0.118781746,-0.119738208,-2.424058363,0.001839927,-0.002117970,-0.573378819,0.116941819,-0.815203962,-450.000000000,20.186712166,0.049380134,0.000000000,-9.507159497,115.080590865,-114.672988884,109.919409135,-110.327011116,-10.093356083,-10.093356083
1786021600.245927095,94.900357836,0.000000000,NONE,0,0.049912034,0.500000000,-85.500000000,0.000000000,0.469993774,-82.184213599,-0.077709354,0.030006226,-3.315786401,0.077709354,-0.120684544,-2.997483624,0.118803792,-0.119888483,-2.424063380,0.001846531,-0.000796061,-0.573420244,0.116957261,-0.734186913,-450.000000000,20.187317653,0.049308761,-0.001575912,-9.490612748,115.056199915,-114.689106459,109.943800085,-110.310893541,-10.093658827,-10.093658827
1786021600.295896292,94.950326874,0.000000000,NONE,0,0.049933464,0.500000000,-85.500000000,0.000000000,0.469981259,-82.305564682,-0.077709109,0.030018741,-3.194435318,0.077709109,-0.119407121,-2.997539853,0.118675415,-0.119655146,-2.424063967,0.001726908,0.000248025,-0.573475886,0.116948506,-0.662479985,-450.000000000,20.186220127,0.049227080,-0.001595364,-9.488799862,115.037819962,-114.706579969,109.962180038,-110.293420031,-10.093110063,-10.093110063
1786021600.346067429,95.000497740,0.000000000,NONE,0,0.050090204,0.500000000,-85.500000000,0.000000000,0.469978325,-82.426914720,-0.077710173,0.030021675,-3.073085280,0.077710173,-0.118077276,-2.997603228,0.118406508,-0.119179153,-2.424059893,0.001489529,0.001101877,-0.573543336,0.116916979,-0.600018714,-450.000000000,20.183559151,0.049151826,-0.001438914,-9.489268132,115.022321712,-114.722312355,109.977678288,-110.277687645,-10.091779576,-10.091779576
1786021600.396012783,95.050443434,0.000000000,TARGET_UPDATED,0,0.050060141,0.500000000,-85.500000000,0.000000000,0.469996800,-82.548262924,-0.077712540,0.030003200,-2.951737076,0.077712540,-0.116702085,-2.997672535,0.118018145,-0.118501405,-2.424051147,0.001152954,0.001799321,-0.573621388,0.116865191,-0.545839109,-450.000000000,20.179528802,0.049084738,-0.001280861,-9.490395961,115.009058768,-114.736139213,109.990941232,-110.263860787,-10.089764401,-10.089764401
1786021600.445926905,95.100357428,0.000000000,NONE,0,0.049909744,0.500000000,-85.500000000,0.000000000,0.470046716,-82.669608651,-0.077716113,0.029953284,-2.830391349,0.077716113,-0.115278540,-2.997746635,0.117539376,-0.117654602,-2.424038874,0.000742606,0.002376062,-0.573707762,0.116796769,-0.497798179,-450.000000000,20.174402967,0.049024636,-0.001154843,-9.491741651,114.997384957,-114.748485868,110.002615043,-110.251514132,-10.087201484,-10.087201484
1786021600.496048212,95.150478687,0.000000000,TARGET_UPDATED,0,0.050116606,0.500000000,-86.500000000,0.000000000,0.470136197,-82.790951400,-0.077720650,0.029863803,-3.709048600,0.077720650,-0.122708324,-2.997472832,0.117006033,-0.116670021,-2.424024129,0.000289808,-0.006038303,-0.573448703,0.116716225,-1.266613046,-450.000000000,20.168528611,0.048969593,-0.001069960,-9.493095403,115.189927112,-114.556620589,109.810072888,-110.443379411,-10.084264306,-10.084264306
1786021600.545917034,95.200347642,0.000000000,NONE,0,0.049871087,0.500000000,-86.500000000,0.000000000,0.470210247,-82.912293831,-0.077725771,0.029789753,-3.587706169,0.077725771,-0.121807410,-2.997531848,0.116441779,-0.117927507,-2.424008489,-0.000180907,-0.003879903,-0.573523359,0.116622686,-0.915521772,-450.000000000,20.161712372,0.048917505,-0.001027745,-9.494229613,115.102437846,-114.644676960,109.897562154,-110.355323040,-10.080856186,-10.080856186
1786021600.596107960,95.250538708,0.000000000,TARGET_UPDATED,0,0.050184122,0.500000000,-86.500000000,0.000000000,0.470223442,-83.033638105,-0.077731135,0.029776558,-3.466361895,0.077731135,-0.120808125,-2.997593789,0.115895050,-0.118508384,-2.423991807,-0.000636667,-0.002299741,-0.573601982,0.116531716,-0.820996589,-450.000000000,20.155407431,0.048866357,-0.001022057,-9.495099330,115.079023980,-114.668525685,109.920976020,-110.331474315,-10.077703715,-10.077703715
1786021600.645962954,95.300393592,0.000000000,NONE,0,0.049863180,0.500000000,-86.500000000,0.000000000,0.470217854,-83.154982199,-0.077736286,0.029782146,-3.345017801,0.077736286,-0.119728788,-2.997656321,0.115404476,-0.118614875,-2.423976272,-0.001039518,-0.001113913,-0.573680049,0.116443994,-0.745195330,-450.000000000,20.149320350,0.048814673,-0.001042611,-9.495627182,115.060205628,-114.687607963,109.939794372,-110.312392037,-10.074660175,-10.074660175
1786021600.695922852,95.350353470,0.000000000,NONE,0,0.049958987,0.500000000,-86.500000000,0.000000000,0.470211076,-83.252056843,-0.077739977,0.029788924,-3.247943157,0.077739977,-0.118808707,-2.997705789,0.115075528,-0.118467669,-2.423965209,-0.001307905,-0.000341037,-0.573740581,0.116383434,-0.696672844,-450.000000000,20.145628144,0.048772211,-0.001072354,-9.496806012,115.048369714,-114.700033292,109.951630286,-110.299966708,-10.072814072,-10.072814072
1786021600.746001005,95.400431624,0.000000000,NONE,0,0.050078408,0.500000000,-86.500000000,0.000000000,0.470210090,-83.373398924,-0.077743680,0.029789910,-3.126601076,0.077743680,-0.117585526,-2.997766055,0.114767156,-0.118105857,-2.423953607,-0.001548857,0.000520331,-0.573812448,0.116316013,-0.629453736,-450.000000000,20.140774571,0.048716425,-0.001145070,-9.496495263,115.031487250,-114.716760382,109.968512750,-110.283239618,-10.070387285,-10.070387285
1786021600.796273708,95.450704073,0.000000000,TARGET_UPDATED,0,0.050246516,0.500000000,-86.500000000,0.000000000,0.470227097,-83.494739344,-0.077746090,0.029772903,-3.005260656,0.077746090,-0.116280163,-2.997823830,0.114591573,-0.117509839,-2.423945979,-0.001680913,0.001229676,-0.573877851,0.116272486,-0.575382123,-450.000000000,20.138207764,0.048657104,0.000000000,-9.508089996,115.020868030,-114.733176968,109.979131970,-110.266823032,-10.069103882,-10.069103882
1786021600.845920563,95.500351065,0.000000000,NONE,0,0.049673083,0.500000000,-86.500000000,0.000000000,0.470261314,-83.591810213,-0.077747169,0.029738686,-2.908189787,0.077747169,-0.115162666,-2.997868418,0.114555271,-0.116859871,-2.423942890,-0.001702806,0.001697205,-0.573925528,0.116258078,-0.539655282,-450.000000000,20.137775380,0.048601886,0.000000000,-9.508500907,115.012039047,-114.742211406,109.987960953,-110.257788594,-10.068887690,-10.068887690
1786021600.896008015,95.550438443,0.000000000,NONE,0,0.050073654,0.500000000,-86.500000000,0.000000000,0.470335760,-83.713146795,-0.077747394,0.029664240,-2.786853205,0.077747394,-0.113645370,-2.997922998,0.114642522,-0.115913770,-2.423943438,-0.001617698,0.002268400,-0.573979560,0.116260220,-0.486770419,-450.000000000,20.138258198,0.048514055,-0.001926364,-9.487069329,114.993459937,-114.750074728,110.006540063,-110.249925272,-10.069129099,-10.069129099
1786021600.946031332,95.600461959,0.000000000,TARGET_UPDATED,0,0.050027464,0.500000000,-87.500000000,0.000000000,0.470450538,-83.834480993,-0.077746348,0.029549462,-3.665519007,0.077746348,-0.121085281,-2.997623058,0.114867183,-0.114809243,-2.423947465,-0.001416020,-0.006276038,-0.573675593,0.116283203,-1.265105241,-450.000000000,20.140283628,0.048415017,-0.001905228,-9.484201854,115.187326774,-114.554774153,109.812673226,-110.445225847,-10.070141814,-10.070141814
1786021600.996145725,95.650576227,0.000000000,TARGET_UPDATED,0,0.050117029,0.500000000,-87.500000000,0.000000000,0.470564748,-83.955814985,-0.077744179,0.029435252,-3.544185015,0.077744179,-0.120086271,-2.997649952,0.115210267,-0.115662281,-2.423954747,-0.001121395,-0.004423990,-0.573695205,0.116331662,-0.934850236,-450.000000000,20.144183259,0.048328051,-0.001615817,-9.484982791,115.104958257,-114.637533139,109.895041743,-110.362466861,-10.072091630,-10.072091630
1786021601.045933962,95.700364630,0.000000000,NONE,0,0.049785270,0.500000000,-87.500000000,0.000000000,0.470607693,-84.077152364,-0.077741066,0.029392307,-3.422847636,0.077741066,-0.119021676,-2.997675499,0.115644755,-0.116501722,-2.423963821,-0.000754640,-0.002519953,-0.573711677,0.116399395,-0.807237020,-450.000000000,20.149318144,0.048256348,-0.001317341,-9.487036248,115.073568317,-114.669949807,109.926431683,-110.330050193,-10.074659072,-10.074659072
1786021601.096037865,95.750468390,0.000000000,NONE,0,0.050064172,0.500000000,-87.500000000,0.000000000,0.470625793,-84.198491101,-0.077737102,0.029374207,-3.301508899,0.077737102,-0.117912527,-2.997699858,0.116142471,-0.116649285,-2.423975611,-0.000334422,-0.001263242,-0.573724247,0.116476892,-0.732472471,-450.000000000,20.154930428,0.048198055,-0.001073858,-9.489633626,115.055526524,-114.689290289,109.944473476,-110.310709711,-10.077465214,-10.077465214
1786021601.145892382,95.800322870,0.000000000,NONE,0,0.049922009,0.500000000,-87.500000000,0.000000000,0.470639281,-84.319830399,-0.077732494,0.029360719,-3.180169601,0.077732494,-0.116756755,-2.997724443,0.116667438,-0.116518199,-2.423989265,0.000106089,-0.000238555,-0.573735178,0.116561349,-0.662634934,-450.000000000,20.160986231,0.048149746,-0.000905485,-9.492260074,115.038723752,-114.707406285,109.961276248,-110.292593715,-10.080493115,-10.080493115
1786021601.196077347,95.850507954,0.000000000,TARGET_UPDATED,0,0.050164634,0.500000000,-87.500000000,0.000000000,0.470660807,-84.441169764,-0.077727554,0.029339193,-3.058830236,0.077727554,-0.115545084,-2.997750993,0.117183007,-0.116161331,-2.424003806,0.000535876,0.000616247,-0.573747186,0.116647131,-0.601389672,-450.000000000,20.167009198,0.048107385,-0.000818495,-9.494567655,115.023989332,-114.723294496,109.976010668,-110.276705504,-10.083504599,-10.083504599
1786021601.245942116,95.900372471,0.000000000,NONE,0,0.049860937,0.500000000,-87.500000000,0.000000000,0.470691712,-84.538240952,-0.077723542,0.029308288,-2.961759048,0.077723542,-0.114528864,-2.997774803,0.117564895,-0.115711432,-2.424015377,0.000854601,0.001182568,-0.573759426,0.116710294,-0.561909361,-450.000000000,20.170987319,0.048074986,-0.000809543,-9.496859411,115.014692193,-114.733737512,109.985307807,-110.266262488,-10.085493659,-10.085493659
1786021601.295976400,95.950406948,0.000000000,NONE,0,0.050015532,0.500000000,-87.500000000,0.000000000,0.470754245,-84.659579210,-0.077718943,0.029245755,-2.840420790,0.077718943,-0.113190475,-2.997809177,0.117977042,-0.115043019,-2.424028911,0.001187053,0.001852544,-0.573780266,0.116789989,-0.505087896,-450.000000000,20.176892682,0.048033305,-0.000859696,-9.497828203,115.000729025,-114.748185077,109.999270975,-110.251814923,-10.088446341,-10.088446341
1786021601.346025944,96.000456516,0.000000000,TARGET_UPDATED,0,0.050094344,0.500000000,-88.500000000,0.000000000,0.470849672,-84.780916264,-0.077715277,0.029150328,-3.719083736,0.077715277,-0.120407117,-2.997515340,0.118292673,-0.114210664,-2.424040458,0.001437797,-0.006196453,-0.573474882,0.116854876,-1.242674454,-450.000000000,20.181136609,0.047987567,-0.000953442,-9.498039538,115.185178498,-114.563841271,109.814821502,-110.436158729,-10.090568304,-10.090568304
1786021601.395974159,96.050404698,0.000000000,TARGET_UPDATED,0,0.049960104,0.500000000,-88.500000000,0.000000000,0.470933002,-84.902254146,-0.077712648,0.029066998,-3.597745854,0.077712648,-0.119518024,-2.997543343,0.118480698,-0.115356039,-2.424049617,0.001583818,-0.004161985,-0.573493726,0.116896880,-0.909135673,-450.000000000,20.183622377,0.047936639,-0.001060843,-9.497681099,115.101704193,-114.647136357,109.898295807,-110.352863643,-10.091811188,-10.091811188
1786021601.445906401,96.100337136,0.000000000,NONE,0,0.049917246,0.500000000,-88.500000000,0.000000000,0.470950844,-85.023595180,-0.077711158,0.029049156,-3.476404820,0.077711158,-0.118511789,-2.997581088,0.118534299,-0.116069657,-2.424054453,0.001616882,-0.002442131,-0.573526635,0.116917417,-0.800847272,-450.000000000,20.184630630,0.047880498,0.000000000,-9.508578352,115.077356406,-114.676932770,109.922643594,-110.323067230,-10.092315315,-10.092315315
1786021601.495938540,96.150369313,0.000000000,NONE,0,0.050019671,0.500000000,-88.500000000,0.000000000,0.470947628,-85.120668706,-0.077710849,0.029052372,-3.379331294,0.077710849,-0.117625267,-2.997618142,0.118479830,-0.116197225,-2.424056045,0.001562242,-0.001428042,-0.573562097,0.116917588,-0.744231523,-450.000000000,20.184234565,0.047827119,0.000000000,-9.509092648,115.063331043,-114.691215281,109.936668957,-110.308784719,-10.092117282,-10.092117282
1786021601.545984268,96.200414980,0.000000000,NONE,0,0.049972173,0.500000000,-88.500000000,0.000000000,0.470935410,-85.242010614,-0.077711585,0.029064590,-3.257989386,0.077711585,-0.116392084,-2.997673596,0.118295608,-0.116106574,-2.424055274,0.001397735,-0.000285510,-0.573618321,0.116897873,-0.659330343,-450.000000000,20.182456627,0.047740778,-0.001904646,-9.487910309,115.036810163,-114.707144992,109.963189837,-110.292855008,-10.091228313,-10.091228313
1786021601.595984697,96.250415351,0.000000000,TARGET_UPDATED,0,0.050091684,0.500000000,-88.500000000,0.000000000,0.470925123,-85.363351716,-0.077713485,0.029074877,-3.136648284,0.077713485,-0.115053040,-2.997737129,0.117997962,-0.115715810,-2.424050244,0.001140971,0.000662770,-0.573686885,0.116856991,-0.591565200,-450.000000000,20.179173187,0.047643237,-0.001880808,-9.485118511,115.019170928,-114.723388328,109.980829072,-110.276611672,-10.089586593,-10.089586593
1786021601.645932436,96.300363252,0.000000000,NONE,0,0.049919988,0.500000000,-88.500000000,0.000000000,0.470929813,-85.484691162,-0.077716373,0.029070187,-3.015308838,0.077716373,-0.113677847,-2.997805015,0.117609806,-0.115114281,-2.424040465,0.000811620,0.001436434,-0.573764550,0.116798186,-0.533536923,-450.000000000,20.174695018,0.047556558,-0.001622096,-9.485519360,115.004764071,-114.737995609,109.995235929,-110.262004391,-10.087347509,-10.087347509
1786021601.695905209,96.350335776,0.000000000,NONE,0,0.049988360,0.500000000,-88.500000000,0.000000000,0.470959649,-85.606028356,-0.077720043,0.029040351,-2.893971644,0.077720043,-0.112276599,-2.997875655,0.117159876,-0.114358931,-2.424027556,0.000433486,0.002082332,-0.573848099,0.116726390,-0.482204110,-450.000000000,20.169411058,0.047483657,-0.001350529,-9.487150180,114.992338572,-114.751236517,110.007661428,-110.248763483,-10.084705529,-10.084705529
1786021601.745903969,96.400334471,0.000000000,NONE,0,0.049988899,0.500000000,-88.500000000,0.000000000,0.471023269,-85.727362859,-0.077724298,0.028976731,-2.772637141,0.077724298,-0.110845395,-2.997947841,0.116680930,-0.113472084,-2.424012908,0.000032955,0.002626689,-0.573934933,0.116647975,-0.436274899,-450.000000000,20.163789633,0.047423221,-0.001121078,-9.489351122,114.981406505,-114.763269056,110.018593495,-110.236730944,-10.081894817,-10.081894817
1786021601.795989037,96.450419664,0.000000000,TARGET_UPDATED,0,0.050100517,0.500000000,-89.500000000,0.000000000,0.471127791,-85.848694354,-0.077728874,0.028872209,-3.651305646,0.077728874,-0.118314204,-2.997680893,0.116211061,-0.112477167,-2.423997733,-0.000360161,-0.005837037,-0.573683160,0.116571222,-1.205717271,-450.000000000,20.158453551,0.047372377,-0.000956179,-9.491679365,115.174349159,-114.571490524,109.825650841,-110.428509476,-10.079226776,-10.079226776
1786021601.845899343,96.500329921,0.000000000,NONE,0,0.049904220,0.500000000,-89.500000000,0.000000000,0.471204996,-85.945759142,-0.077732582,0.028795004,-3.554240858,0.077732582,-0.117622633,-2.997722322,0.115849454,-0.113450974,-2.423986466,-0.000657996,-0.004171660,-0.573735855,0.116507451,-0.895808655,-450.000000000,20.154243687,0.047336132,-0.000882447,-9.494241587,115.097512560,-114.649608233,109.902487440,-110.350391767,-10.077121844,-10.077121844
1786021601.895925999,96.550356716,0.000000000,NONE,0,0.050026095,0.500000000,-89.500000000,0.000000000,0.471240205,-86.067092169,-0.077736912,0.028759795,-3.432907831,0.077736912,-0.116670882,-2.997775141,0.115450949,-0.114313668,-2.423972732,-0.000979666,-0.002357214,-0.573802409,0.116430615,-0.773464819,-450.000000000,20.148607154,0.047292968,-0.000861347,-9.495731211,115.067299008,-114.680566598,109.932700992,-110.319433402,-10.074303577,-10.074303577
1786021601.945968151,96.600398696,0.000000000,NONE,0,0.049966208,0.500000000,-89.500000000,0.000000000,0.471250393,-86.188425523,-0.077740559,0.028749607,-3.311574477,0.077740559,-0.115636913,-2.997827411,0.115139064,-0.114514105,-2.423961492,-0.001229940,-0.001122807,-0.573865919,0.116369004,-0.699535100,-450.000000000,20.144597198,0.047248964,-0.000896189,-9.496584228,115.049029832,-114.699262282,109.950970168,-110.300737718,-10.072298599,-10.072298599
1786021601.996616602,96.651047087,0.000000000,TARGET_UPDATED,0,0.050094504,0.500000000,-89.500000000,0.000000000,0.471254229,-86.285491879,-0.077742893,0.028745771,-3.214508121,0.077742893,-0.114751890,-2.997868175,0.114966572,-0.114427051,-2.423954614,-0.001366739,-0.000324839,-0.573913561,0.116333311,-0.650713825,-450.000000000,20.142619235,0.047211861,-0.000946783,-9.497840095,115.037138480,-114.711781568,109.962861520,-110.288218432,-10.071309618,-10.071309618
1786021602.045994520,96.700425204,0.000000000,NONE,0,0.049935234,0.500000000,-89.500000000,0.000000000,0.471263989,-86.406824043,-0.077744841,0.028736011,-3.093175957,0.077744841,-0.113570945,-2.997917377,0.114859169,-0.114134699,-2.423949096,-0.001442843,0.000563753,-0.573968281,0.116302012,-0.582655773,-450.000000000,20.140514025,0.047161780,-0.001041818,-9.497593339,115.020062278,-114.728734391,109.979937722,-110.271265609,-10.070257013,-10.070257013
1786021602.095924377,96.750354983,0.000000000,NONE,0,0.049989375,0.500000000,-89.500000000,0.000000000,0.471289490,-86.528154997,-0.077745549,0.028710510,-2.971845003,0.077745549,-0.112305363,-2.997964350,0.114878604,-0.113591548,-2.423947226,-0.001415197,0.001286185,-0.574017125,0.116293800,-0.528983909,-450.000000000,20.140401747,0.047106696,-0.001138818,-9.496926291,115.006477550,-114.741985596,109.993522450,-110.258014404,-10.070200873,-10.070200873
1786021602.145918131,96.800348772,0.000000000,NONE,0,0.049991048,0.500000000,-89.500000000,0.000000000,0.471341752,-86.649484378,-0.077745060,0.028658248,-2.850515622,0.077745060,-0.110958980,-2.998008907,0.115023315,-0.112842473,-2.423949047,-0.001284799,0.001883493,-0.574059860,0.116308114,-0.481261936,-450.000000000,20.141854307,0.047047372,-0.001215132,-9.496121179,114.994345779,-114.753714811,110.005654221,-110.246285189,-10.070927154,-10.070927154
1786021602.195929289,96.850359856,0.000000000,TARGET_UPDATED,0,0.050029507,0.500000000,-90.500000000,0.000000000,0.471428630,-86.770811979,-0.077743416,0.028571370,-3.729188021,0.077743416,-0.117949173,-2.997732007,0.115281789,-0.111940926,-2.423954369,-0.001060472,-0.006008248,-0.573777638,0.116342261,-1.200938852,-450.000000000,20.144640822,0.046984970,-0.001266827,-9.495313294,115.174063036,-114.573593610,109.825936964,-110.426406390,-10.072320411,-10.072320411
1786021602.245949745,96.900380389,0.000000000,NONE,0,0.050009576,0.500000000,-90.500000000,0.000000000,0.471483881,-86.867874743,-0.077741319,0.028516119,-3.632125257,0.077741319,-0.117233340,-2.997749694,0.115548554,-0.113011497,-2.423961340,-0.000830105,-0.004221843,-0.573788354,0.116378659,-0.892366086,-450.000000000,20.147233938,0.046933702,-0.001288506,-9.495689323,115.097013852,-114.650830809,109.902986148,-110.349169191,-10.073616969,-10.073616969
1786021602.295905352,96.950335975,0.000000000,NONE,0,0.049974424,0.500000000,-90.500000000,0.000000000,0.471493299,-86.989206083,-0.077738002,0.028506701,-3.510793917,0.077738002,-0.116243120,-2.997772789,0.115944115,-0.113782782,-2.423971498,-0.000500834,-0.002460338,-0.573801291,0.116444949,-0.776181446,-450.000000000,20.152472880,0.046868342,-0.001320348,-9.494826604,115.067752013,-114.679661289,109.932247987,-110.320338711,-10.076236440,-10.076236440
1786021602.346423626,97.000854227,0.000000000,NONE,0,0.050359763,0.500000000,-90.500000000,0.000000000,0.471478281,-87.110538769,-0.077734278,0.028521719,-3.389461231,0.077734278,-0.115170446,-2.997796965,0.116383066,-0.113927197,-2.423983777,-0.000138597,-0.001243249,-0.573813187,0.116521663,-0.702425984,-450.000000000,20.158039744,0.046801736,-0.001335368,-9.494061735,115.049121930,-114.697908938,109.950878070,-110.302091062,-10.079019872,-10.079019872
1786021602.395969391,97.050400011,0.000000000,TARGET_UPDATED,0,0.049703404,0.500000000,-90.500000000,0.000000000,0.471458563,-87.231871943,-0.077730220,0.028541437,-3.268128057,0.077730220,-0.114026653,-2.997822913,0.116833976,-0.113748808,-2.423997077,0.000234598,-0.000277845,-0.573825835,0.116599378,-0.636747397,-450.000000000,20.163520026,0.046735180,-0.001325055,-9.493486212,115.032558402,-114.714184704,109.967441598,-110.285815296,-10.081760013,-10.081760013
1786021602.445880413,97.100311011,0.000000000,NONE,0,0.049918402,0.500000000,-90.500000000,0.000000000,0.471447393,-87.353205014,-0.077725964,0.028552607,-3.146794986,0.077725964,-0.112818223,-2.997851547,0.117265220,-0.113326501,-2.424010420,0.000591091,0.000508278,-0.573841127,0.116674129,-0.580165456,-450.000000000,20.168686486,0.046669769,-0.001295298,-9.493210196,115.018343913,-114.728261185,109.981656087,-110.271738815,-10.084343243,-10.084343243
1786021602.495930910,97.150361402,0.000000000,NONE,0,0.050028716,0.500000000,-90.500000000,0.000000000,0.471455526,-87.474537468,-0.077721791,0.028544474,-3.025462532,0.077721791,-0.111548931,-2.997883839,0.117647136,-0.112711296,-2.424022896,0.000903858,0.001162366,-0.573860943,0.116743278,-0.529979478,-450.000000000,20.173411622,0.046606178,-0.001255654,-9.493182729,115.005790552,-114.740800813,109.994209448,-110.259199187,-10.086705811,-10.086705811
1786021602.545883179,97.200313742,0.000000000,NONE,0,0.049951950,0.500000000,-90.500000000,0.000000000,0.471491362,-87.595868859,-0.077718094,0.028508638,-2.904131141,0.077718094,-0.110219524,-2.997920736,0.117954008,-0.111946462,-2.424033671,0.001150189,0.001726939,-0.573887065,0.116803818,-0.483769693,-450.000000000,20.177479265,0.046544630,-0.001214486,-9.493320531,114.994272556,-114.752387710,110.005727444,-110.247612290,-10.088739633,-10.088739633
1786021602.595978498,97.250409210,0.000000000,TARGET_UPDATED,0,0.050105421,0.500000000,-90.500000000,0.000000000,0.471562163,-87.717198756,-0.077715166,0.028437837,-2.782801244,0.077715166,-0.108828992,-2.997963022,0.118165876,-0.111049869,-2.424042025,0.001315971,0.002220877,-0.573920997,0.116849905,-0.440991681,-450.000000000,20.180413149,0.046485036,-0.001177407,-9.493582121,114.983643450,-114.763147610,110.016356550,-110.236852390,-10.090206575,-10.090206575
1786021602.645989418,97.300420102,0.000000000,TARGET_UPDATED,0,0.050012167,0.500000000,-91.500000000,0.000000000,0.471673927,-87.838526756,-0.077713255,0.028326073,-3.661473244,0.077713255,-0.116087702,-2.997686687,0.118265409,-0.110045621,-2.424047429,0.001389988,-0.006042081,-0.573639258,0.116875421,-1.189879351,-450.000000000,20.181789651,0.046427005,-0.001148776,-9.493869721,115.170937268,-114.575997592,109.829062732,-110.424002408,-10.090894825,-10.090894825
1786021602.695892334,97.350322709,0.000000000,NONE,0,0.049898659,0.500000000,-91.500000000,0.000000000,0.471753284,-87.935589548,-0.077712547,0.028246716,-3.564410452,0.077712547,-0.115377454,-2.997714432,0.118256141,-0.111071799,-2.424049854,0.001373427,-0.004305655,-0.573664578,0.116882714,-0.877940753,-450.000000000,20.181936171,0.046381381,-0.000908006,-9.497256276,115.093799257,-114.654828881,109.906200743,-110.345171119,-10.090968085,-10.090968085
1786021602.746092796,97.400523340,0.000000000,NONE,0,0.050086949,0.500000000,-91.500000000,0.000000000,0.471792286,-88.056920550,-0.077712770,0.028207714,-3.443079450,0.077712770,-0.114392248,-2.997756846,0.118138361,-0.111874490,-2.424048912,0.001262162,-0.002517757,-0.573707934,0.116876199,-0.759034289,-450.000000000,20.181203831,0.046323306,-0.001194201,-9.494388725,115.063355753,-114.683838609,109.936644247,-110.316161391,-10.090601916,-10.090601916
1786021602.796000957,97.450431737,0.000000000,TARGET_UPDATED,0,0.050020986,0.500000000,-91.500000000,0.000000000,0.471806313,-88.178252233,-0.077714175,0.028193687,-3.321747767,0.077714175,-0.113318217,-2.997806569,0.117913590,-0.112044777,-2.424044845,0.001065026,-0.001273440,-0.573761724,0.116848564,-0.683560140,-450.000000000,20.178846976,0.046262510,-0.001216553,-9.493929701,115.044372460,-114.702592390,109.955627540,-110.297407610,-10.089423488,-10.089423488
1786021602.845935345,97.500365853,0.000000000,NONE,0,0.049927962,0.500000000,-91.500000000,0.000000000,0.471814629,-88.299583533,-0.077716571,0.028185371,-3.200416467,0.077716571,-0.112171874,-2.997862165,0.117599343,-0.111904883,-2.424037543,0.000796973,-0.000266991,-0.573824623,0.116802370,-0.615566711,-450.000000000,20.175240691,0.046201898,-0.001206731,-9.493792523,115.027339809,-114.719556453,109.972660191,-110.280443547,-10.087620346,-10.087620346
1786021602.895896435,97.550327053,0.000000000,NONE,0,0.049980497,0.500000000,-91.500000000,0.000000000,0.471826228,-88.396647780,-0.077719111,0.028173772,-3.103352220,0.077719111,-0.111206516,-2.997910019,0.117299671,-0.111599730,-2.424029749,0.000542600,0.000393214,-0.573880270,0.116757071,-0.572606436,-450.000000000,20.172088658,0.046153921,-0.001194068,-9.494694542,115.016825244,-114.730522027,109.983174756,-110.269477973,-10.086044329,-10.086044329
1786021602.945915699,97.600346348,0.000000000,NONE,0,0.049981426,0.500000000,-91.500000000,0.000000000,0.471854918,-88.517976641,-0.077722774,0.028145082,-2.982023359,0.077722774,-0.109939249,-2.997973062,0.116887758,-0.111094668,-2.424018279,0.000201992,0.001155419,-0.573954783,0.116685766,-0.511435546,-450.000000000,20.166576985,0.046094238,-0.001197384,-9.494494501,115.001482512,-114.745764739,109.998517488,-110.254235261,-10.083288493,-10.083288493
1786021602.995982409,97.650413017,0.000000000,TARGET_UPDATED,0,0.050096950,0.500000000,-91.500000000,0.000000000,0.471906283,-88.639303511,-0.077726597,0.028093717,-2.860696489,0.077726597,-0.108601602,-2.998038582,0.116462687,-0.110421701,-2.424005672,-0.000146477,0.001820100,-0.574032910,0.116609164,-0.459545632,-450.000000000,20.161112380,0.046034127,-0.001204369,-9.494228044,114.988443419,-114.758670603,110.011556581,-110.241329397,-10.080556190,-10.080556190
1786021603.046012163,97.700442846,0.000000000,TARGET_UPDATED,0,0.050019301,0.500000000,-92.500000000,0.000000000,0.471989219,-88.760627952,-0.077730526,0.028010781,-3.739372048,0.077730526,-0.115392327,-2.997800827,0.116057715,-0.109583121,-2.423992804,-0.000481279,-0.005809206,-0.573808023,0.116538994,-1.155806428,-450.000000000,20.156326727,0.045973922,-0.001203157,-9.494022971,115.162457350,-114.584554136,109.837542650,-110.415445864,-10.078163363,-10.078163363
1786021603.095916986,97.750347739,0.000000000,NONE,0,0.049918298,0.500000000,-92.500000000,0.000000000,0.472059001,-88.881952065,-0.077734385,0.027940999,-3.618047935,0.077734385,-0.114506751,-2.997849285,0.115688350,-0.110673505,-2.423981007,-0.000781999,-0.003833245,-0.573868279,0.116470349,-0.835521046,-450.000000000,20.151549270,0.045913985,-0.001195835,-9.493885145,115.082351548,-114.664591025,109.917648452,-110.335408975,-10.075774635,-10.075774635
1786021603.145916939,97.800347600,0.000000000,NONE,0,0.049980709,0.500000000,-92.500000000,0.000000000,0.472066506,-89.003278127,-0.077737915,0.027933494,-3.496721873,0.077737915,-0.113526998,-2.997898370,0.115386935,-0.111326841,-2.423969926,-0.001025954,-0.002200157,-0.573928444,0.116412888,-0.733842334,-450.000000000,20.147752538,0.045854575,-0.001182935,-9.493845044,115.056921844,-114.690000678,109.943078156,-110.309999322,-10.073876269,-10.073876269
1786021603.195950747,97.850381573,0.000000000,TARGET_UPDATED,0,0.050065137,0.500000000,-92.500000000,0.000000000,0.472056972,-89.100339104,-0.077740353,0.027943028,-3.399660896,0.077740353,-0.112692469,-2.997936794,0.115210256,-0.111428612,-2.423962779,-0.001167261,-0.001263858,-0.573974015,0.116377517,-0.682662818,-450.000000000,20.145719725,0.045807574,0.000000000,-9.506501002,115.047290955,-114.705959546,109.952709045,-110.294040454,-10.072859863,-10.072859863
1786021603.245987415,97.900417869,0.000000000,NONE,0,0.049998490,0.500000000,-92.500000000,0.000000000,0.472038502,-89.221665001,-0.077742597,0.027961498,-3.278334999,0.077742597,-0.111571305,-2.997983790,0.115081884,-0.111358135,-2.423956777,-0.001260306,-0.000213170,-0.574027013,0.116342191,-0.605319514,-450.000000000,20.143246783,0.045743244,0.000000000,-9.505928810,115.027812081,-114.725152324,109.972187919,-110.274847676,-10.071623391,-10.071623391
1786021603.295995712,97.950426207,0.000000000,NONE,0,0.049936938,0.500000000,-92.500000000,0.000000000,0.472023175,-89.342990166,-0.077743694,0.027976825,-3.157009834,0.077743694,-0.110330350,-2.998030432,0.115064872,-0.110992894,-2.423954691,-0.001261060,0.000662544,-0.574075742,0.116325932,-0.543101838,-450.000000000,20.142489667,0.045661223,0.000000000,-9.503927494,115.011757333,-114.740206414,109.988242667,-110.259793586,-10.071244834,-10.071244834
1786021603.346087456,98.000517855,0.000000000,NONE,0,0.050044982,0.500000000,-92.500000000,0.000000000,0.472023142,-89.464314129,-0.077743679,0.027976858,-3.035685871,0.077743679,-0.108976592,-2.998076251,0.115161082,-0.110369409,-2.423956064,-0.001169842,0.001392818,-0.574120187,0.116330925,-0.488031756,-450.000000000,20.143264484,0.045562912,-0.002080868,-9.479814291,114.991961512,-114.747945634,110.008038488,-110.252054366,-10.071632242,-10.071632242
1786021603.396066904,98.050497498,0.000000000,TARGET_UPDATED,0,0.050120111,0.500000000,-92.500000000,0.000000000,0.472048680,-89.585636513,-0.077742597,0.027951320,-2.914363487,0.077742597,-0.107564797,-2.998119358,0.115364338,-0.109549063,-2.423959641,-0.000991267,0.001984266,-0.574159717,0.116355606,-0.440703073,-450.000000000,20.145384851,0.045466175,-0.001756858,-9.479872960,114.980144008,-114.759792472,110.019855992,-110.240207528,-10.072692426,-10.072692426
1786021603.445941210,98.100371804,0.000000000,NONE,0,0.049875391,0.500000000,-92.500000000,0.000000000,0.472092965,-89.682693143,-0.077741009,0.027907035,-2.817306857,0.077741009,-0.106438625,-2.998150622,0.115593741,-0.108817612,-2.423963582,-0.000793060,0.002378988,-0.574187040,0.116386801,-0.409349989,-450.000000000,20.147701540,0.045404841,-0.001399212,-9.483071895,114.973105471,-114.768430477,110.026894529,-110.231569523,-10.073850770,-10.073850770
1786021603.496006966,98.150437561,0.000000000,TARGET_UPDATED,0,0.050054587,0.500000000,-93.500000000,0.000000000,0.472184003,-89.804012259,-0.077738206,0.027815997,-3.695987741,0.077738206,-0.113395871,-2.997881684,0.115948472,-0.107849809,-2.423970638,-0.000494174,-0.005546061,-0.573911046,0.116442647,-1.124194942,-450.000000000,20.152100955,0.045345988,-0.001037288,-9.486522406,115.152679337,-114.590581866,109.847320663,-110.409418134,-10.076050477,-10.076050477
1786021603.545913458,98.200344004,0.000000000,NONE,0,0.049892085,0.500000000,-93.500000000,0.000000000,0.472248947,-89.901068024,-0.077735476,0.027751053,-3.598931976,0.077735476,-0.112735309,-2.997894475,0.116257364,-0.108798260,-2.423978377,-0.000231233,-0.003937048,-0.573916099,0.116488597,-0.830048622,-450.000000000,20.155122750,0.045309902,-0.000829127,-9.490238367,115.080071747,-114.665047436,109.919928253,-110.334952564,-10.077561375,-10.077561375
1786021603.595958710,98.250389335,0.000000000,TARGET_UPDATED,0,0.050083542,0.500000000,-93.500000000,0.000000000,0.472271805,-90.022390620,-0.077731740,0.027728195,-3.477609380,0.077731740,-0.111848398,-2.997911825,0.116660301,-0.109631505,-2.423988690,0.000100639,-0.002216893,-0.573923135,0.116559662,-0.715296979,-450.000000000,20.160595290,0.045273882,-0.000666141,-9.493521610,115.052204647,-114.694556158,109.947795353,-110.305443842,-10.080297645,-10.080297645
1786021603.645886421,98.300317010,0.000000000,NONE,0,0.049865069,0.500000000,-93.500000000,0.000000000,0.472270681,-90.143714679,-0.077728038,0.027729319,-3.356285321,0.077728038,-0.110900719,-2.997931355,0.117056960,-0.109850999,-2.424000189,0.000424322,-0.001049719,-0.573931166,0.116632638,-0.646161674,-450.000000000,20.165748104,0.045242776,-0.000608614,-9.496120445,115.035570530,-114.712489693,109.964429470,-110.287510307,-10.082874052,-10.082874052
1786021603.695871592,98.350302179,0.000000000,NONE,0,0.050019809,0.500000000,-93.500000000,0.000000000,0.472265509,-90.265039339,-0.077724380,0.027734491,-3.234960661,0.077724380,-0.109885311,-2.997954359,0.117419371,-0.109750180,-2.424011849,0.000721456,-0.000135130,-0.573942510,0.116697914,-0.585717084,-450.000000000,20.170159018,0.045211646,-0.000642159,-9.497817565,115.020883662,-114.728025120,109.979116338,-110.271974880,-10.085079509,-10.085079509
1786021603.745879650,98.400310225,0.000000000,NONE,0,0.049990545,0.500000000,-93.500000000,0.000000000,0.472268683,-90.386364010,-0.077720936,0.027731317,-3.113635990,0.077720936,-0.108794231,-2.997982055,0.117722723,-0.109413675,-2.424022722,0.000967399,0.000619444,-0.573959333,0.116755324,-0.532235265,-450.000000000,20.174021086,0.045176990,-0.000733837,-9.498645150,115.007720104,-114.741602471,109.992279896,-110.258397529,-10.087010543,-10.087010543
1786021603.796002150,98.450432685,0.000000000,TARGET_UPDATED,0,0.050116460,0.500000000,-93.500000000,0.000000000,0.472290467,-90.507688138,-0.077717976,0.027709533,-2.992311862,0.077717976,-0.107622508,-2.998015364,0.117946849,-0.108872026,-2.424031960,0.001144844,0.001249518,-0.573983404,0.116802005,-0.484824815,-450.000000000,20.177071809,0.045136739,-0.000856146,-9.498726167,114.995887746,-114.753475338,110.004112254,-110.246524662,-10.088535905,-10.088535905
1786021603.845896244,98.500326704,0.000000000,NONE,0,0.049931113,0.500000000,-93.500000000,0.000000000,0.472339463,-90.629011197,-0.077715757,0.027660537,-2.870988803,0.077715757,-0.106367873,-2.998054879,0.118077233,-0.108154854,-2.424038857,0.001242124,0.001786981,-0.574016022,0.116835109,-0.441532837,-450.000000000,20.179120652,0.045090105,0.000000000,-9.508059717,114.987398138,-114.766631720,110.012601862,-110.233368280,-10.089560326,-10.089560326
1786021603.895890236,98.550320682,0.000000000,NONE,0,0.049996356,0.500000000,-93.500000000,0.000000000,0.472403183,-90.726068540,-0.077714654,0.027596817,-2.773931460,0.077714654,-0.105290540,-2.998091619,0.118108313,-0.107454619,-2.424042620,0.001258514,0.002164079,-0.574048999,0.116849799,-0.411196639,-450.000000000,20.179779704,0.045043703,0.000000000,-9.508851580,114.980012055,-114.774413735,110.019987945,-110.225586265,-10.089889852,-10.089889852
1786021603.946092844,98.600523291,0.000000000,TARGET_UPDATED,0,0.050197079,0.500000000,-94.500000000,0.000000000,0.472518099,-90.847388452,-0.077714243,0.027481901,-3.652611548,0.077714243,-0.112329384,-2.997838333,0.118052200,-0.106461406,-2.424045122,0.001200188,-0.005867978,-0.573793211,0.116852011,-1.133893323,-450.000000000,20.179684857,0.044966663,0.000000000,-9.507202773,115.160274024,-114.593327362,109.839725976,-110.406672638,-10.089842429,-10.089842429
1786021603.996017218,98.650447658,0.000000000,TARGET_UPDATED,0,0.049911430,0.500000000,-94.500000000,0.000000000,0.472621239,-90.968708481,-0.077714932,0.027378761,-3.531291519,0.077714932,-0.111349236,-2.997881350,0.117889289,-0.107475913,-2.424045094,0.001054110,-0.003873323,-0.573836256,0.116835179,-0.803877748,-450.000000000,20.178125260,0.044868772,-0.002113516,-9.482715225,115.071648243,-114.669709369,109.928351757,-110.330290631,-10.089062630,-10.089062630
1786021604.045911789,98.700342432,0.000000000,NONE,0,0.049900489,0.500000000,-94.500000000,0.000000000,0.472660858,-91.065765931,-0.077716230,0.027339142,-3.434234069,0.077716230,-0.110487293,-2.997920970,0.117694502,-0.107827787,-2.424041480,0.000882606,-0.002659506,-0.573879490,0.116811896,-0.737632673,-450.000000000,20.176366158,0.044788090,-0.001910355,-9.482762241,115.055098728,-114.686282392,109.944901272,-110.313717608,-10.088183079,-10.088183079
1786021604.095901728,98.750332384,0.000000000,NONE,0,0.050010945,0.500000000,-94.500000000,0.000000000,0.472690813,-91.187087863,-0.077718608,0.027309187,-3.312912137,0.077718608,-0.109388984,-2.997973515,0.117385114,-0.107968087,-2.424033444,0.000619266,-0.001420897,-0.573940070,0.116765848,-0.651389444,-450.000000000,20.172688585,0.044703216,-0.001556232,-9.483984822,115.033843566,-114.708148844,109.966156434,-110.291851156,-10.086344293,-10.086344293
1786021604.146064281,98.800494883,0.000000000,NONE,0,0.050145882,0.500000000,-94.500000000,0.000000000,0.472711616,-91.308409305,-0.077721535,0.027288384,-3.191590695,0.077721535,-0.108268057,-2.998028485,0.117024205,-0.107860576,-2.424022829,0.000316539,-0.000407481,-0.574005656,0.116707666,-0.583513342,-450.000000000,20.168376372,0.044635379,-0.001230043,-9.486296262,115.017452401,-114.725695730,109.982547599,-110.274304270,-10.084188186,-10.084188186
1786021604.195939541,98.850370220,0.000000000,TARGET_UPDATED,0,0.049872801,0.500000000,-94.500000000,0.000000000,0.472737315,-91.429729625,-0.077724844,0.027262685,-3.070270375,0.077724844,-0.107121315,-2.998084914,0.116638160,-0.107535597,-2.424010820,-0.000005334,0.000414282,-0.574074095,0.116643494,-0.526146626,-450.000000000,20.163757844,0.044582166,-0.000965286,-9.489133682,115.003820077,-114.740746764,109.996179923,-110.259253236,-10.081878922,-10.081878922
1786021604.245893478,98.900324019,0.000000000,NONE,0,0.049972365,0.500000000,-94.500000000,0.000000000,0.472778809,-91.551048369,-0.077728362,0.027221191,-2.948951631,0.077728362,-0.105939416,-2.998142010,0.116254669,-0.107038607,-2.423998389,-0.000323227,0.001099191,-0.574143621,0.116577896,-0.475783348,-450.000000000,20.159140001,0.044539812,-0.000782427,-9.492025524,114.991952218,-114.754060544,110.008047782,-110.245939456,-10.079570000,-10.079570000
1786021604.295926571,98.950357223,0.000000000,NONE,0,0.050009726,0.500000000,-94.500000000,0.000000000,0.472844890,-91.672365201,-0.077731885,0.027155110,-2.827634799,0.077731885,-0.104709808,-2.998199108,0.115900899,-0.106395912,-2.423986429,-0.000614076,0.001686103,-0.574212679,0.116514975,-0.430140094,-450.000000000,20.154790043,0.044503995,-0.000686903,-9.494566614,114.981176677,-114.766106630,110.018823323,-110.233893370,-10.077395022,-10.077395022
1786021604.345969200,99.000399711,0.000000000,TARGET_UPDATED,0,0.050054040,0.500000000,-95.500000000,0.000000000,0.472942829,-91.793679871,-0.077735184,0.027057171,-3.706320129,0.077735184,-0.111505690,-2.997965852,0.115600333,-0.105624166,-2.423975736,-0.000856884,-0.005881524,-0.573990116,0.116457217,-1.117365475,-450.000000000,20.150851271,0.044470512,-0.000671392,-9.496494985,115.153465115,-114.594782378,109.846534885,-110.405217622,-10.075425635,-10.075425635
1786021604.396000862,99.050431366,0.000000000,TARGET_UPDATED,0,0.050029308,0.500000000,-95.500000000,0.000000000,0.473036678,-91.914994088,-0.077738029,0.026963322,-3.585005912,0.077738029,-0.110730698,-2.998003690,0.115368064,-0.106552953,-2.423967414,-0.001041369,-0.004177745,-0.574036275,0.116409433,-0.821782308,-450.000000000,20.147705234,0.044435797,-0.000286493,-9.502012949,115.080948814,-114.670057660,109.919051186,-110.329942340,-10.073852617,-10.073852617
1786021604.445923805,99.100354443,0.000000000,NONE,0,0.049935881,0.500000000,-95.500000000,0.000000000,0.473066846,-92.036310567,-0.077740262,0.026933154,-3.463689433,0.077740262,-0.109839382,-2.998042253,0.115221288,-0.107351617,-2.423960931,-0.001155568,-0.002487765,-0.574081322,0.116376855,-0.711279669,-450.000000000,20.145727487,0.044394799,0.000000000,-9.506031807,115.054327869,-114.698688035,109.945672131,-110.301311965,-10.072863743,-10.072863743
1786021604.495890379,99.150321005,0.000000000,NONE,0,0.049968991,0.500000000,-95.500000000,0.000000000,0.473073320,-92.157627622,-0.077741732,0.026926680,-3.342372378,0.077741732,-0.108830806,-2.998080967,0.115173207,-0.107525431,-2.423957852,-0.001186428,-0.001305375,-0.574123115,0.116359634,-0.640028461,-450.000000000,20.144829749,0.044339789,0.000000000,-9.506062275,115.036522684,-114.716508453,109.963477316,-110.283491547,-10.072414875,-10.072414875
1786021604.545911551,99.200342136,0.000000000,NONE,0,0.049984619,0.500000000,-95.500000000,0.000000000,0.473073470,-92.278944560,-0.077742265,0.026926530,-3.221055440,0.077742265,-0.107700501,-2.998119731,0.115227453,-0.107379619,-2.423958092,-0.001130438,-0.000320881,-0.574161639,0.116357891,-0.573257974,-450.000000000,20.145017490,0.044267161,0.000000000,-9.504677398,115.019483843,-114.732854856,109.980516157,-110.267145144,-10.072508745,-10.072508745
1786021604.595877409,99.250308091,0.000000000,NONE,0,0.050011801,0.500000000,-95.500000000,0.000000000,0.473079195,-92.400260917,-0.077741772,0.026920805,-3.099739083,0.077741772,-0.106453841,-2.998158330,0.115380750,-0.106965714,-2.423961366,-0.000991752,0.000511873,-0.574196964,0.116372502,-0.513588727,-450.000000000,20.146367337,0.044177824,-0.001910546,-9.482843794,114.999108130,-114.742313767,110.000891870,-110.257686233,-10.073183668,-10.073183668
1786021604.645907640,99.300338267,0.000000000,NONE,0,0.050004911,0.500000000,-95.500000000,0.000000000,0.473100918,-92.521576297,-0.077740282,0.026899082,-2.978423703,0.077740282,-0.105137401,-2.998195368,0.115622901,-0.106346645,-2.423966562,-0.000780199,0.001209244,-0.574228806,0.116403100,-0.461133480,-450.000000000,20.148828873,0.044086828,-0.001680336,-9.482275300,114.985852195,-114.755285455,110.014147805,-110.244714545,-10.074414437,-10.074414437
1786021604.695884466,99.350315172,0.000000000,NONE,0,0.049994510,0.500000000,-95.500000000,0.000000000,0.473147314,-92.642890440,-0.077737922,0.026852686,-2.857109560,0.077737922,-0.103811286,-2.998229345,0.115936088,-0.105609459,-2.423972903,-0.000511548,0.001798173,-0.574256442,0.116447636,-0.414700543,-450.000000000,20.152225344,0.044013874,-0.001310044,-9.484542833,114.974810844,-114.767460572,110.025189156,-110.232539428,-10.076112672,-10.076112672
1786021604.745959520,99.400390065,0.000000000,TARGET_UPDATED,0,0.050062653,0.500000000,-96.500000000,0.000000000,0.473225763,-92.764203196,-0.077734877,0.026774237,-3.735796804,0.077734877,-0.110326121,-2.997982451,0.116299059,-0.104777108,-2.423980894,-0.000205122,-0.005549012,-0.574001557,0.116504182,-1.080761026,-450.000000000,20.156422241,0.043958096,-0.000993843,-9.487643939,115.142101241,-114.601720728,109.857898759,-110.398279272,-10.078211121,-10.078211121
1786021604.795910120,99.450340819,0.000000000,NONE,0,0.049941948,0.500000000,-96.500000000,0.000000000,0.473288552,-92.885516851,-0.077731396,0.026711448,-3.614483149,0.077731396,-0.109523319,-2.997997158,0.116672912,-0.105922954,-2.423990712,0.000109498,-0.003600365,-0.574006446,0.116563414,-0.769734434,-450.000000000,20.160624998,0.043915469,-0.000768930,-9.490869299,115.065150933,-114.680283716,109.934849067,-110.319716284,-10.080312499,-10.080312499
1786021604.845966816,99.500397513,0.000000000,NONE,0,0.050030102,0.500000000,-96.500000000,0.000000000,0.473297217,-93.006833166,-0.077727721,0.026702783,-3.493166834,0.077727721,-0.108656655,-2.998014213,0.117038906,-0.106473226,-2.424000632,0.000412805,-0.002183428,-0.574013581,0.116626101,-0.686449103,-450.000000000,20.165080056,0.043880886,-0.000647307,-9.493709676,115.045039695,-114.701815143,109.954960305,-110.298184857,-10.082540028,-10.082540028
1786021604.895884275,99.550314967,0.000000000,NONE,0,0.049966000,0.500000000,-96.500000000,0.000000000,0.473287867,-93.128150613,-0.077724175,0.026712133,-3.371849387,0.077724175,-0.107731894,-2.998034360,0.117371941,-0.106636019,-2.424010834,0.000684644,-0.001095876,-0.574023525,0.116687298,-0.618233170,-450.000000000,20.169335598,0.043849732,-0.000613407,-9.495938313,115.028542871,-114.719426286,109.971457129,-110.280573714,-10.084667799,-10.084667799
1786021604.945914507,99.600345238,0.000000000,NONE,0,0.049983648,0.500000000,-96.500000000,0.000000000,0.473276856,-93.225204967,-0.077721612,0.026723144,-3.274795033,0.077721612,-0.106944966,-2.998053466,0.117599528,-0.106570286,-2.424018529,0.000868715,-0.000374680,-0.574034937,0.116730813,-0.574249060,-450.000000000,20.172027504,0.043824627,-0.000319364,-9.501251327,115.018875097,-114.731750567,109.981124903,-110.268249433,-10.086013752,-10.086013752
1786021604.995981455,99.650412164,0.000000000,TARGET_UPDATED,0,0.050107928,0.500000000,-96.500000000,0.000000000,0.473267399,-93.346522968,-0.077719025,0.026732601,-3.153477032,0.077719025,-0.105890449,-2.998082112,0.117819428,-0.106336520,-2.424027092,0.001038474,0.000446071,-0.574055020,0.116780954,-0.512335149,-450.000000000,20.175667480,0.043788622,0.000000000,-9.505952938,115.004572022,-114.748404447,109.995427978,-110.251595553,-10.087833740,-10.087833740
1786021605.045852900,99.700283549,0.000000000,NONE,0,0.049853516,0.500000000,-96.500000000,0.000000000,0.473270861,-93.467840567,-0.077717324,0.026729139,-3.032159433,0.077717324,-0.104735316,-2.998117263,0.117954862,-0.105881094,-2.424034068,0.001139107,0.001145778,-0.574083195,0.116815755,-0.461062036,-450.000000000,20.177800891,0.043740127,0.000000000,-9.506434515,114.991874138,-114.761343120,110.008125862,-110.238656880,-10.088900445,-10.088900445
1786021605.095922470,99.750352977,0.000000000,NONE,0,0.050070350,0.500000000,-96.500000000,0.000000000,0.473297326,-93.589157146,-0.077716370,0.026702674,-2.910842854,0.077716370,-0.103465789,-2.998159611,0.117997481,-0.105196608,-2.424038944,0.001166915,0.001730818,-0.574120667,0.116830565,-0.415658198,-450.000000000,20.178435366,0.043674027,0.000000000,-9.505520097,114.980294574,-114.772465475,110.019705426,-110.227534525,-10.089217683,-10.089217683
1786021605.145955086,99.800385747,0.000000000,NONE,0,0.049982178,0.500000000,-96.500000000,0.000000000,0.473354928,-93.710472134,-0.077716121,0.026645072,-2.789527866,0.077716121,-0.102082015,-2.998209078,0.117945442,-0.104319195,-2.424041144,0.001117365,0.002237180,-0.574167934,0.116828077,-0.373205460,-450.000000000,20.177915616,0.043590341,0.000000000,-9.503182674,114.969097034,-114.782494303,110.030902966,-110.217505697,-10.088957808,-10.088957808
1786021605.196018696,99.850449192,0.000000000,TARGET_UPDATED,0,0.050123915,0.500000000,-97.500000000,0.000000000,0.473450172,-93.831785021,-0.077716635,0.026549828,-3.668214979,0.077716635,-0.108721987,-2.997981205,0.117804694,-0.103281924,-2.424040381,0.000992987,-0.005440063,-0.573940824,0.116811707,-1.064045690,-450.000000000,20.176492877,0.043491453,-0.002083689,-9.478794662,115.135710088,-114.603687243,109.864289912,-110.396312757,-10.088246438,-10.088246438
1786021605.245915413,99.900345887,0.000000000,NONE,0,0.049893189,0.500000000,-97.500000000,0.000000000,0.473525982,-93.953098110,-0.077717959,0.026474018,-3.546901890,0.077717959,-0.107762696,-2.998024985,0.117573685,-0.104414998,-2.424036153,0.000795165,-0.003347698,-0.573988832,0.116778520,-0.733578385,-450.000000000,20.173831254,0.043397453,-0.001690175,-9.479540277,115.053279665,-114.686490473,109.946720335,-110.313509527,-10.086915627,-10.086915627
1786021605.295932055,99.950362728,0.000000000,NONE,0,0.050003004,0.500000000,-97.500000000,0.000000000,0.473549934,-94.074412651,-0.077720086,0.026450066,-3.425587349,0.077720086,-0.106783587,-2.998071707,0.117278435,-0.104794325,-2.424027562,0.000541620,-0.001989262,-0.574044145,0.116736815,-0.656870737,-450.000000000,20.170742972,0.043326619,-0.001236548,-9.482742740,115.034903369,-114.706468001,109.965096631,-110.293531999,-10.085371486,-10.085371486
1786021605.346034765,100.000465177,0.000000000,NONE,0,0.050008632,0.500000000,-97.500000000,0.000000000,0.473559571,-94.195727011,-0.077722903,0.026440429,-3.304272989,0.077722903,-0.105796658,-2.998120089,0.116939763,-0.104840465,-2.424017208,0.000253928,-0.000956193,-0.574102882,0.116685836,-0.591411366,-450.000000000,20.166989092,0.043275927,-0.000872933,-9.486651847,115.019515803,-114.723810120,109.980484197,-110.276189880,-10.083494546,-10.083494546
1786021605.396136999,100.050567538,0.000000000,TARGET_UPDATED,0,0.050160505,0.500000000,-97.500000000,0.000000000,0.473567876,-94.317040656,-0.077726176,0.026432124,-3.182959344,0.077726176,-0.104788756,-2.998169612,0.116581958,-0.104682436,-2.424005966,-0.000046738,-0.000106320,-0.574163646,0.116628696,-0.534011214,-450.000000000,20.162869576,0.043239943,-0.000626376,-9.490576577,115.006146948,-114.739141341,109.993853052,-110.260858659,-10.081434788,-10.081434788
1786021605.445854425,100.100285032,0.000000000,NONE,0,0.049755693,0.500000000,-97.500000000,0.000000000,0.473581019,-94.414090762,-0.077728944,0.026418981,-3.085909238,0.077728944,-0.103956566,-2.998209731,0.116299049,-0.104413393,-2.423996909,-0.000283235,0.000456827,-0.574212821,0.116582283,-0.497548834,-450.000000000,20.159827020,0.043217692,-0.000521998,-9.494140980,114.997922453,-114.749148037,110.002077547,-110.250851963,-10.079913510,-10.079913510
1786021605.495936871,100.150367225,0.000000000,NONE,0,0.050082302,0.500000000,-97.500000000,0.000000000,0.473612842,-94.535402117,-0.077732277,0.026387158,-2.964597883,0.077732277,-0.102869206,-2.998260171,0.115970102,-0.103968435,-2.423986191,-0.000550353,0.001099230,-0.574273980,0.116520455,-0.446740086,-450.000000000,20.155197289,0.043193054,-0.000489065,-9.496825702,114.985891447,-114.762521404,110.014108553,-110.237478596,-10.077598645,-10.077598645
1786021605.546001911,100.200432490,0.000000000,NONE,0,0.049976200,0.500000000,-97.500000000,0.000000000,0.473668418,-94.656711816,-0.077735160,0.026331582,-2.843288184,0.077735160,-0.101714396,-2.998310560,0.115689961,-0.103364777,-2.423976720,-0.000775817,0.001650381,-0.574333840,0.116465778,-0.404158078,-450.000000000,20.151510385,0.043167236,0.000000000,-9.503965569,114.977030912,-114.774951873,110.022969088,-110.225048127,-10.075755192,-10.075755192
1786021605.595985889,100.250416462,0.000000000,TARGET_UPDATED,0,0.050085146,0.500000000,-98.500000000,0.000000000,0.473755241,-94.778019602,-0.077737539,0.026244759,-3.721980398,0.077737539,-0.108237945,-2.998090484,0.115477400,-0.102608774,-2.423969244,-0.000944747,-0.005629171,-0.574121239,0.116422147,-1.062781321,-450.000000000,20.148679187,0.043133600,0.000000000,-9.505595406,115.142094182,-114.610703521,109.857905818,-110.389296479,-10.074339594,-10.074339594
1786021605.645937443,100.300368047,0.000000000,NONE,0,0.049934424,0.500000000,-98.500000000,0.000000000,0.473830872,-94.899327384,-0.077739339,0.026169128,-3.600672616,0.077739339,-0.107441594,-2.998124544,0.115339433,-0.103633770,-2.423964752,-0.001051808,-0.003807824,-0.574159792,0.116391241,-0.763583743,-450.000000000,20.146767941,0.043084486,0.000000000,-9.505969031,115.067388193,-114.685596322,109.932611807,-110.314403678,-10.073383970,-10.073383970
1786021605.695913076,100.350343564,0.000000000,NONE,0,0.050003305,0.500000000,-98.500000000,0.000000000,0.473847981,-95.020637212,-0.077740474,0.026152019,-3.479362788,0.077740474,-0.106501241,-2.998160055,0.115290191,-0.104228662,-2.423962211,-0.001086811,-0.002272579,-0.574197844,0.116377002,-0.667700548,-450.000000000,20.146105376,0.043018117,0.000000000,-9.504961585,115.043165533,-114.709315259,109.956834467,-110.290684741,-10.073052688,-10.073052688
1786021605.745916367,100.400346980,0.000000000,NONE,0,0.049972596,0.500000000,-98.500000000,0.000000000,0.473845546,-95.141947452,-0.077740866,0.026154454,-3.358052548,0.077740866,-0.105439518,-2.998195888,0.115334821,-0.104276637,-2.423962580,-0.001043239,-0.001162881,-0.574233307,0.116378061,-0.598909928,-450.000000000,20.146485422,0.042934849,-0.000904327,-9.493548059,115.023114497,-114.723659533,109.976885503,-110.276340467,-10.073242711,-10.073242711
1786021605.795962811,100.450393385,0.000000000,TARGET_UPDATED,0,0.050068753,0.500000000,-98.500000000,0.000000000,0.473839162,-95.263257486,-0.077740432,0.026160838,-3.236742514,0.077740432,-0.104285003,-2.998231019,0.115470512,-0.104034476,-2.423965240,-0.000923305,-0.000250528,-0.574265778,0.116393817,-0.536608517,-450.000000000,20.147881898,0.042842558,-0.001835635,-9.481141788,115.004437576,-114.736133318,109.995562424,-110.263866682,-10.073940949,-10.073940949
1786021605.845885515,100.500316041,0.000000000,NONE,0,0.049913955,0.500000000,-98.500000000,0.000000000,0.473840318,-95.384566908,-0.077739155,0.026159682,-3.115433092,0.077739155,-0.103093899,-2.998263767,0.115687621,-0.103593262,-2.423969348,-0.000735522,0.000499363,-0.574294420,0.116423143,-0.483017513,-450.000000000,20.150207530,0.042759149,-0.001507335,-9.482020648,114.991259540,-114.749750784,110.008740460,-110.250249216,-10.075103765,-10.075103765
1786021605.895911455,100.550341959,0.000000000,NONE,0,0.050045054,0.500000000,-98.500000000,0.000000000,0.473859243,-95.505875432,-0.077737064,0.026140757,-2.994124568,0.077737064,-0.101900828,-2.998293523,0.115969987,-0.103009192,-2.423974833,-0.000493495,0.001108364,-0.574318690,0.116463483,-0.437637166,-450.000000000,20.153249861,0.042695406,-0.001122598,-9.485041957,114.980669781,-114.761851198,110.019330219,-110.238148802,-10.076624930,-10.076624930
1786021605.945937634,100.600368227,0.000000000,NONE,0,0.049971344,0.500000000,-98.500000000,0.000000000,0.473892767,-95.602921486,-0.077734876,0.026107233,-2.897078514,0.077734876,-0.100939848,-2.998315871,0.116229025,-0.102455597,-2.423980448,-0.000272162,0.001515749,-0.574335423,0.116501187,-0.407874104,-450.000000000,20.155837646,0.042656684,-0.000881515,-9.488618288,114.974123098,-114.770186046,110.025876902,-110.229813954,-10.077918823,-10.077918823
1786021605.996083498,100.650514161,0.000000000,TARGET_UPDATED,0,0.050177862,0.500000000,-98.500000000,0.000000000,0.473962546,-95.724228025,-0.077731758,0.026037454,-2.775771975,0.077731758,-0.099716279,-2.998343217,0.116574539,-0.101716107,-2.423988819,0.000016051,0.001999828,-0.574354399,0.116558487,-0.365572063,-450.000000000,20.160236033,0.042619307,-0.000674437,-9.491975968,114.964387008,-114.781600976,110.035612992,-110.218399024,-10.080118016,-10.080118016
1786021606.045967579,100.700398371,0.000000000,TARGET_UPDATED,0,0.049897757,-0.000000000,-100.000000000,-0.500000000,0.474067627,-95.845533339,-0.077728559,-0.474067627,-4.154466661,-0.422271441,-0.466680125,-2.963543698,-0.633105873,-0.100889788,-2.423998121,0.000303192,-0.365790337,-0.539545576,-0.633409065,-39.737816738,-450.000000000,-47.384522897,0.042589131,-0.000571214,-9.494844321,120.000000000,-100.896530293,96.331999935,-115.435469642,23.692261449,23.692261449
1786021606.095947742,100.750378454,0.000000000,NONE,0,0.049949348,-0.000000000,-100.000000000,-0.500000000,0.471545573,-95.966082345,-0.084139672,-0.471545573,-4.033917655,-0.415860328,-0.473856157,-2.962801995,-0.621594128,-0.204219762,-2.393578085,-0.247829750,-0.269636395,-0.569223910,-0.373764378,-25.001380856,-450.000000000,-8.990484300,0.042560819,-0.000608330,-9.496460020,120.000000000,-107.615359865,102.911210099,-115.295850234,4.495242150,4.495242150
1786021606.145888090,100.800318578,0.000000000,NONE,0,0.049954800,-0.000000000,-100.000000000,-0.500000000,0.463651311,-96.086443831,-0.099480049,-0.463651311,-3.913556169,-0.400519951,-0.475839777,-2.962744513,-0.597208489,-0.288867656,-2.405151641,-0.306129185,-0.186972121,-0.557592872,-0.291079304,-20.406309056,-450.000000000,-6.752761361,0.042534972,-0.000701781,-9.497707357,119.976004103,-109.772849575,105.023995897,-115.227150425,3.376380681,3.376380681
1786021606.195952892,100.850383423,0.000000000,TARGET_UPDATED,0,0.050095744,-0.000000000,-100.000000000,-0.500000000,0.452458922,-96.207668081,-0.114644402,-0.452458922,-3.792331919,-0.385355598,-0.475210730,-2.962416037,-0.576531519,-0.344975653,-2.418252663,-0.296125742,-0.130235076,-0.544163374,-0.280405777,-17.499018359,-450.000000000,-7.454773295,0.042508547,-0.000827535,-9.498594835,119.249403299,-110.499894119,105.750596701,-114.500105881,3.727386648,3.727386648
1786021606.245924711,100.900355111,0.000000000,NONE,0,0.049943927,-0.000000000,-100.000000000,-0.500000000,0.438928253,-96.329382535,-0.129259750,-0.438928253,-3.670617465,-0.370740250,-0.473110566,-2.961990863,-0.558601173,-0.384284954,-2.422444841,-0.290680119,-0.088825612,-0.539546022,-0.267921053,-15.225112474,-450.000000000,-6.550620898,0.042474198,-0.000972990,-9.498635043,118.680936879,-111.068380642,106.319063121,-113.931619358,3.275310449,3.275310449
1786021606.295885086,100.950315733,0.000000000,NONE,0,0.049986520,-0.000000000,-100.000000000,-0.500000000,0.423763371,-96.451274331,-0.143392010,-0.423763371,-3.548725669,-0.356607990,-0.470281655,-2.961636931,-0.541915757,-0.410911116,-2.423489700,-0.283999370,-0.059370539,-0.538147231,-0.257916387,-13.571838942,-450.000000000,-5.906567946,0.042427974,-0.001121678,-9.497691886,118.267382707,-111.481463236,106.732617293,-113.518536764,2.953283973,2.953283973
1786021606.345958948,101.000389425,0.000000000,NONE,0,0.050004256,-0.000000000,-100.000000000,-0.500000000,0.407497587,-96.573247655,-0.156919163,-0.407497587,-3.426752345,-0.343080837,-0.467179412,-2.961415129,-0.525926674,-0.428553821,-2.423735585,-0.275440448,-0.038625592,-0.537679544,-0.250486226,-12.363769526,-450.000000000,-5.444276054,0.042358153,-0.001506154,-9.492497587,117.964066778,-111.782182015,107.035933222,-113.217817985,2.722138027,2.722138027
1786021606.395939589,101.050370222,0.000000000,TARGET_UPDATED,0,0.050036879,-0.000000000,-100.000000000,-0.500000000,0.393959058,-96.670861593,-0.167267855,-0.393959058,-3.329138407,-0.332732145,-0.464744444,-2.961344420,-0.513372045,-0.437796632,-2.423799706,-0.267584863,-0.026947812,-0.537544714,-0.245787182,-11.737006338,-450.000000000,-5.176171167,0.042297334,-0.001502801,-9.491898500,117.807226210,-111.938723040,107.192773790,-113.061276960,2.588085584,2.588085584
1786021606.445942879,101.100373407,0.000000000,NONE,0,0.049990727,-0.000000000,-100.000000000,-0.500000000,0.376599909,-96.792908163,-0.179614274,-0.376599909,-3.207091837,-0.320385726,-0.461905937,-2.961409057,-0.497649557,-0.446168154,-2.423836648,-0.257426439,-0.015737782,-0.537572409,-0.240223118,-10.948462583,-450.000000000,-4.775300847,0.042222389,-0.001466070,-9.490491664,117.609738562,-112.135507270,107.390261438,-112.864492730,2.387650423,2.387650423
1786021606.496054173,101.150484839,0.000000000,NONE,0,0.050003716,-0.000000000,-100.000000000,-0.500000000,0.358927987,-96.914976634,-0.191325973,-0.358927987,-3.085023366,-0.308674027,-0.459365227,-2.961661384,-0.481585570,-0.451262972,-2.423871306,-0.246273481,-0.008102256,-0.537790078,-0.235312089,-10.450416013,-450.000000000,-4.450500691,0.042152308,-0.001396208,-9.489799312,117.485053831,-112.259845825,107.514946169,-112.740154175,2.225250346,2.225250346
1786021606.545908689,101.200339390,0.000000000,NONE,0,0.049956039,-0.000000000,-100.000000000,-0.500000000,0.341101449,-97.037057259,-0.202416970,-0.341101449,-2.962942741,-0.297583030,-0.457131378,-2.962105829,-0.464984079,-0.454135165,-2.423913472,-0.234172979,-0.002996213,-0.538192357,-0.230811100,-10.096951167,-450.000000000,-4.149310951,0.042090715,-0.001297458,-9.490064723,117.396753972,-112.348278389,107.603246028,-112.651721611,2.074655476,2.074655476
1786021606.595997810,101.250428416,0.000000000,TARGET_UPDATED,0,0.050103998,-0.000000000,-100.000000000,-0.500000000,0.323218882,-97.159142699,-0.212915713,-0.323218882,-2.840857301,-0.287084287,-0.455067377,-2.962739170,-0.447805111,-0.455609436,-2.423960698,-0.221314479,0.000542059,-0.538778472,-0.226490631,-9.826416828,-450.000000000,-3.856421189,0.042038516,-0.001190541,-9.491170634,117.329396865,-112.416188451,107.670603135,-112.583811549,1.928210595,1.928210595
1786021606.645998001,101.300428705,0.000000000,NONE,0,0.049926536,-0.000000000,-100.000000000,-0.500000000,0.305343854,-97.281227119,-0.222855688,-0.305343854,-2.718772881,-0.277144312,-0.452957214,-2.963548742,-0.430149739,-0.456128282,-2.424008358,-0.207913303,0.003171068,-0.539540384,-0.222236437,-9.595152974,-450.000000000,-3.565196217,0.041993724,-0.001097002,-9.492715790,117.271967191,-112.474390704,107.728032809,-112.525609296,1.782598109,1.782598109
1786021606.695932865,101.350363395,0.000000000,NONE,0,0.050002803,-0.000000000,-100.000000000,-0.500000000,0.287520359,-97.403305860,-0.232269201,-0.287520359,-2.596694140,-0.267730799,-0.450573055,-2.964510025,-0.412242330,-0.455870174,-2.424051940,-0.194172218,0.005297119,-0.540458085,-0.218070112,-9.374833832,-450.000000000,-3.280892826,0.041952539,-0.001031407,-9.494272440,117.217276568,-112.529859652,107.782723432,-112.470140348,1.640446413,1.640446413
1786021606.745932341,101.400362781,0.000000000,NONE,0,0.049980717,-0.000000000,-100.000000000,-0.500000000,0.269782702,-97.525375302,-0.241183421,-0.269782702,-2.474624698,-0.258816579,-0.447718260,-2.965587862,-0.394405297,-0.454883100,-2.424086572,-0.180314467,0.007164840,-0.541501290,-0.214090830,-9.145406703,-450.000000000,-3.011398736,0.041910851,-0.001000647,-9.495434489,117.160210298,-112.587506946,107.839789702,-112.412493054,1.505699368,1.505699368
1786021606.795958281,101.450388850,0.000000000,TARGET_UPDATED,0,0.050071087,-0.000000000,-100.000000000,-0.500000000,0.252159528,-97.647432889,-0.249622287,-0.252159528,-2.352567111,-0.250377713,-0.444241973,-2.966742780,-0.377010074,-0.453190893,-2.424108831,-0.166650261,0.008948920,-0.542633949,-0.210359812,-8.891958736,-450.000000000,-2.760595941,0.041865581,-0.001000010,-9.496011803,117.096992635,-112.651013267,107.903007365,-112.348986733,1.380297971,1.380297971
1786021606.845889568,101.500320154,0.000000000,NONE,0,0.049923246,-0.000000000,-100.000000000,-0.500000000,0.234677661,-97.769477031,-0.257605462,-0.234677661,-2.230522969,-0.242394538,-0.440038527,-2.967937367,-0.360434298,-0.450776551,-2.424117662,-0.153449716,0.010738024,-0.543819705,-0.206984581,-8.606820347,-450.000000000,-2.536402447,0.041815333,-0.001019498,-9.495972183,117.025698133,-112.722287959,107.974301867,-112.277712041,1.268201224,1.268201224
1786021606.895892382,101.550323128,0.000000000,NONE,0,0.050003090,-0.000000000,-100.000000000,-0.500000000,0.217364094,-97.891506955,-0.265148376,-0.217364094,-2.108493045,-0.234851624,-0.435037834,-2.969141110,-0.345025425,-0.447620394,-2.424114240,-0.140966363,0.012582560,-0.545026870,-0.204059062,-8.286029078,-450.000000000,-2.345819545,0.041760410,-0.001046349,-9.495486130,116.945378802,-112.802364263,108.054621198,-112.197635737,1.172909773,1.172909773
1786021606.945898533,101.600329039,0.000000000,NONE,0,0.049978026,-0.000000000,-100.000000000,-0.500000000,0.200246787,-98.013522502,-0.272263580,-0.200246787,-1.986477498,-0.227736420,-0.428458476,-2.965202741,-0.331090502,-0.443708001,-2.424101246,-0.129428001,0.015249525,-0.541101496,-0.201662501,-7.838135956,-450.000000000,-2.193654069,0.041702381,-0.001069759,-9.494778106,116.833228515,-112.914160538,108.166771485,-112.085839462,1.096827034,1.096827034
1786021606.995969296,101.650399781,0.000000000,TARGET_UPDATED,0,0.050089142,-0.000000000,-100.000000000,-0.500000000,0.183360801,-98.135523636,-0.278962212,-0.183360801,-1.864476364,-0.221037788,-0.396056748,-2.783557272,-0.319589916,-0.438798624,-2.424081944,-0.119022542,0.042741875,-0.359475328,-0.200567374,-4.417565415,-450.000000000,-2.148107042,0.041643378,-0.001082990,-9.494097318,115.977915683,-113.769132976,109.022084317,-111.230867024,1.074053521,1.074053521
1786021607.045889616,101.700320132,0.000000000,NONE,0,0.049928051,-0.000000000,-100.000000000,-0.500000000,0.166950204,-98.257501692,-0.285258204,-0.166950204,-1.742498308,-0.214741796,-0.364103380,-2.601830124,-0.309925726,-0.425045400,-2.424058128,-0.110074013,0.060942020,-0.177771996,-0.199851712,-2.349655525,-450.000000000,-2.110529509,0.041585244,-0.001079513,-9.493633911,115.460822359,-114.285994597,109.539177641,-110.714005403,1.055264754,1.055264754
1786021607.095959187,101.750389808,0.000000000,NONE,0,0.050059509,-0.000000000,-100.000000000,-0.500000000,0.151435155,-98.379440778,-0.291169696,-0.151435155,-1.620559222,-0.208830304,-0.333313915,-2.420019521,-0.301837472,-0.405047509,-2.424034316,-0.102519921,0.071733595,0.004014795,-0.199317551,-0.824959693,-445.698803581,-2.081790463,0.041529020,-0.001064100,-9.493447997,114.004302818,-113.591822971,108.845098973,-109.257578819,1.040895232,1.040895232
1786021607.145864964,101.800295659,0.000000000,NONE,0,0.049902959,-0.000000000,-100.000000000,-0.500000000,0.137002662,-98.501086145,-0.296712051,-0.137002662,-1.498913855,-0.203287949,-0.303874927,-2.238598790,-0.294486044,-0.381880733,-2.416059725,-0.095690158,0.078005806,0.177460935,-0.198795886,0.358278257,-370.708569641,-2.050451110,0.041410312,-0.003437835,-9.464346981,94.953659591,-95.132798720,90.400625229,-90.221486101,1.025225555,1.025225555
1786021607.196086168,101.850516767,0.000000000,TARGET_UPDATED,0,0.050192694,-0.000000000,-100.000000000,-0.500000000,0.126169232,-98.594965232,-0.300882658,-0.126169232,-1.405034768,-0.199117342,-0.279671305,-2.099723439,-0.282393152,-0.360470835,-2.288967643,-0.084535406,0.080799530,0.189244205,-0.197857746,1.131672903,-327.091033931,-1.981509583,0.040449204,-0.038810478,-9.037792377,83.749288351,-84.315124803,79.796228614,-79.230392163,0.990754792,0.990754792
1786021607.245929718,101.900360325,0.000000000,NONE,0,0.049873158,-0.000000000,-100.000000000,-0.500000000,0.113442186,-98.705733374,-0.305767787,-0.113442186,-1.294266626,-0.194232213,-0.246595548,-1.937634641,-0.260068725,-0.329176071,-2.150170610,-0.060919203,0.082580523,0.212535968,-0.199149523,2.051014613,-275.332176402,-2.121492078,0.036827837,-0.096443588,-8.175425368,70.364146789,-71.389654096,67.301941412,-66.276434105,1.060746039,1.060746039
1786021607.295953751,101.950384386,0.000000000,NONE,0,0.050012956,-0.000000000,-100.000000000,-0.500000000,0.101616139,-98.809227522,-0.310288060,-0.101616139,-1.190772478,-0.189711940,-0.211060446,-1.787162373,-0.236810345,-0.292842127,-2.001088765,-0.034991253,0.081781680,0.213926392,-0.201819091,2.729253144,-232.753426329,-2.340884987,0.030260077,-0.154824822,-7.069219070,59.273348064,-60.637974636,57.103365101,-55.738738529,1.170442494,1.170442494
1786021607.345944643,102.000375210,0.000000000,NONE,0,0.049956050,-0.000000000,-100.000000000,-0.500000000,0.090686360,-98.905149164,-0.314446508,-0.090686360,-1.094850836,-0.185553492,-0.174937572,-1.647913773,-0.216379515,-0.253559347,-1.855309465,-0.011325564,0.078621775,0.207395692,-0.205053950,3.159499150,-196.661537618,-2.583823495,0.021164886,-0.198778859,-5.904177988,49.851554114,-51.431303689,48.479214695,-46.899465120,1.291911747,1.291911747
1786021607.395974159,102.050404687,0.000000000,TARGET_UPDATED,0,0.050093881,-0.000000000,-100.000000000,-0.500000000,0.080653998,-98.993595370,-0.318244796,-0.080653998,-1.006404630,-0.181755204,-0.140530868,-1.519217047,-0.200271858,-0.214204067,-1.713785877,0.007940107,0.073673199,0.194568830,-0.208211965,3.346690361,-166.332016422,-2.808387442,0.010530444,-0.221646446,-4.825801776,41.952781959,-43.626127140,41.213226252,-39.539881071,1.404193721,1.404193721
1786021607.445976496,102.100407259,0.000000000,NONE,0,0.049977404,-0.000000000,-100.000000000,-0.500000000,0.071511057,-99.075293258,-0.321706772,-0.071511057,-0.924706742,-0.178293228,-0.109435669,-1.399713927,-0.189184311,-0.177166027,-1.585893271,0.021801696,0.067730358,0.186179344,-0.210986006,3.342481589,-140.024986744,-3.000306580,-0.000687883,-0.227031819,-3.874413131,35.139229572,-36.810470366,34.873263800,-33.202023006,1.500153290,1.500153290
1786021607.495939732,102.150370491,0.000000000,NONE,0,0.049934274,-0.000000000,-100.000000000,-0.500000000,0.063230905,-99.150702655,-0.324863399,-0.063230905,-0.849297345,-0.175136601,-0.082448107,-1.288727999,-0.182566717,-0.143720481,-1.465706103,0.030362347,0.061272374,0.176978104,-0.212929065,3.193148535,-117.735043598,-3.125043287,-0.011766376,-0.220107317,-3.056203627,29.399524673,-30.996098940,29.467997126,-27.871422859,1.562521644,1.562521644
1786021607.546021461,102.200451975,0.000000000,NONE,0,0.050006456,-0.000000000,-100.000000000,-0.500000000,0.055774576,-99.220322918,-0.327754632,-0.055774576,-0.779677082,-0.172245368,-0.059720342,-1.185582598,-0.179854202,-0.114398833,-1.354750651,0.034205235,0.054678491,0.169168053,-0.214059437,2.950492296,-98.623537498,-3.193213763,-0.022252621,-0.205689405,-2.359257612,24.508075703,-25.983321851,24.803693045,-23.328446898,1.596606881,1.596606881
1786021607.595960379,102.250390902,0.000000000,TARGET_UPDATED,0,0.050055243,-0.000000000,-100.000000000,-0.500000000,0.050370820,-99.272208584,-0.329903369,-0.050370820,-0.727791416,-0.170096631,-0.044470110,-1.108219958,-0.180164917,-0.093946766,-1.269673419,0.034239750,0.049476656,0.161453461,-0.214404667,2.743357874,-85.488387975,-3.207038317,-0.030041455,-0.190739135,-1.882646132,21.156919058,-22.528597995,21.587274929,-20.215595992,1.603519158,1.603519158
1786021607.645915747,102.300346218,0.000000000,NONE,0,0.049963684,-0.000000000,-100.000000000,-0.500000000,0.044273783,-99.332731519,-0.332415450,-0.044273783,-0.667268481,-0.167584550,-0.028752979,-1.017336396,-0.183321763,-0.071705246,-1.178893278,0.030955668,0.042952267,0.161556882,-0.214277431,2.381207600,-70.525706635,-3.194041305,-0.038908162,-0.170962346,-1.367189439,17.377922118,-18.568525918,17.884931199,-16.694327399,1.597020653,1.597020653
1786021607.696136951,102.350567606,0.000000000,NONE,0,0.050176545,-0.000000000,-100.000000000,-0.500000000,0.038858760,-99.388792965,-0.334759212,-0.038858760,-0.611207035,-0.165240788,-0.016351786,-0.932438103,-0.188854615,-0.053160730,-1.090586462,0.024517898,0.036808944,0.158148359,-0.213372514,2.048363674,-58.117484585,-3.120562147,-0.046755694,-0.149838183,-0.945936485,14.253764349,-15.277946186,14.804977943,-13.780796107,1.560281073,1.560281073
1786021607.746032715,102.400463176,0.000000000,NONE,0,0.049927332,-0.000000000,-100.000000000,-0.500000000,0.034080855,-99.440477536,-0.336938904,-0.034080855,-0.559522464,-0.163061096,-0.006765116,-0.853611647,-0.195286890,-0.037764461,-1.005319758,0.016713154,0.030999345,0.151708111,-0.212000044,1.717206564,-47.777687490,-3.020326932,-0.053612845,-0.129538457,-0.595008122,11.663872262,-12.522475544,12.224971483,-11.366368201,1.510163466,1.510163466
1786021607.796014309,102.450444985,0.000000000,TARGET_UPDATED,0,0.049984787,-0.000000000,-100.000000000,-0.500000000,0.030671314,-99.478896732,-0.338575875,-0.030671314,-0.521103268,-0.161424125,-0.000892502,-0.794709534,-0.200416867,-0.027830157,-0.940390000,0.010320243,0.026937655,0.145680465,-0.210737110,1.511426296,-40.690840352,-2.939411278,-0.058317167,-0.111622753,-0.391989476,9.892850883,-10.648564031,10.452569293,-9.696856145,1.469705639,1.469705639
1786021607.845994949,102.500425638,0.000000000,NONE,0,0.049839230,-0.000000000,-100.000000000,-0.500000000,0.026875606,-99.523572134,-0.340503865,-0.026875606,-0.476427866,-0.159496135,0.004567483,-0.725974170,-0.206195303,-0.017564258,-0.869208911,0.002818802,0.022131741,0.143234740,-0.209014105,1.209486356,-32.756548918,-2.814704647,-0.063232628,-0.090467813,-0.203999067,7.937765407,-8.542508585,8.440509052,-7.835765874,1.407352323,1.407352323
1786021607.895925045,102.550355641,0.000000000,NONE,0,0.050060525,-0.000000000,-100.000000000,-0.500000000,0.023550180,-99.564806819,-0.342311856,-0.023550180,-0.435193181,-0.157688144,0.008307082,-0.662397721,-0.210926771,-0.009612145,-0.801232194,-0.003526454,0.017919227,0.138834473,-0.207400317,0.971760712,-26.295153144,-2.709265257,-0.067150979,-0.071030012,-0.078185757,6.350394547,-6.836274903,6.797182025,-6.311301669,1.354632629,1.354632629
1786021607.946026325,102.600456745,0.000000000,NONE,0,0.049981814,-0.000000000,-100.000000000,-0.500000000,0.020643834,-99.602784284,-0.344000389,-0.020643834,-0.397215716,-0.155999611,0.010697426,-0.603822715,-0.214485500,-0.003573037,-0.737538841,-0.008447293,0.014270463,0.133716125,-0.206038206,0.766505155,-20.932541561,-2.624051202,-0.070165624,-0.053635069,-0.003949644,5.042496513,-5.425749090,5.423774268,-5.040521691,1.312025601,1.312025601
1786021607.995993376,102.650423875,0.000000000,TARGET_UPDATED,0,0.050065673,-0.000000000,-100.000000000,-0.500000000,0.018588749,-99.630959382,-0.345266196,-0.018588749,-0.369040618,-0.154733804,0.011853277,-0.560401622,-0.216535050,0.000087247,-0.688764554,-0.011347364,0.011766030,0.128362932,-0.205187686,0.640756015,-17.383077206,-2.579915271,-0.072000055,-0.041484054,0.028504227,4.178454241,-4.498832249,4.513084362,-4.192706354,1.289957635,1.289957635
1786021608.046028852,102.700459414,0.000000000,NONE,0,0.049949669,-0.000000000,-100.000000000,-0.500000000,0.016318886,-99.663641706,-0.346746519,-0.016318886,-0.336358294,-0.153253481,0.012579748,-0.510109778,-0.218247333,0.003644752,-0.634449434,-0.013931224,0.008934996,0.124339655,-0.204316109,0.465309055,-13.471334826,-2.523546645,-0.073666617,-0.028220551,0.036553371,3.242368100,-3.475022628,3.493299313,-3.260644785,1.261773323,1.261773323
1786021608.095827341,102.750258186,0.000000000,NONE,0,0.049912699,-0.000000000,-100.000000000,-0.500000000,0.014342055,-99.693724843,-0.348118159,-0.014342055,-0.306275157,-0.151881841,0.012718867,-0.463927772,-0.219169654,0.006101857,-0.583458741,-0.015435507,0.006617010,0.119530969,-0.203734147,0.336799849,-10.327248520,-2.493683247,-0.074752899,-0.017688980,0.025602470,2.491211550,-2.659611475,2.672412710,-2.504012785,1.246841624,1.246841624
1786021608.146042824,102.800473465,0.000000000,NONE,0,0.050225555,-0.000000000,-100.000000000,-0.500000000,0.012945213,-99.716029931,-0.349138239,-0.012945213,-0.283970069,-0.150861761,0.012543458,-0.429783257,-0.219436037,0.007438651,-0.544734480,-0.015985924,0.005104807,0.114951223,-0.203450114,0.262317121,-8.256702847,-2.484914540,-0.075296685,-0.011333031,0.013109494,1.995319058,-2.126477618,2.133032365,-2.001873805,1.242457270,1.242457270
1786021608.195969343,102.850399969,0.000000000,TARGET_UPDATED,0,0.049916577,-0.000000000,-100.000000000,-0.500000000,0.011400344,-99.741897981,-0.350321855,-0.011400344,-0.258102019,-0.149678145,0.012084367,-0.390307809,-0.219320901,0.008648293,-0.501494262,-0.016081103,0.003436074,0.111186452,-0.203239798,0.158417317,-5.984445066,-2.476706829,-0.075667072,-0.005088096,-0.012154820,1.459545642,-1.538754301,1.532676891,-1.453468232,1.238353414,1.238353414
1786021608.245917082,102.900347872,0.000000000,NONE,0,0.049896166,-0.000000000,-100.000000000,-0.500000000,0.010049886,-99.765725232,-0.351409989,-0.010049886,-0.234274768,-0.148590011,0.011460832,-0.354081267,-0.218839181,0.009361127,-0.461593231,-0.015656928,0.002099705,0.107511963,-0.203182252,0.084234626,-4.134975882,-2.480807623,-0.075787763,-0.001007880,-0.035738649,1.021619976,-1.063737289,1.045867965,-1.003750651,1.240403812,1.240403812
1786021608.295945883,102.950376601,0.000000000,NONE,0,0.050071170,-0.000000000,-100.000000000,-0.500000000,0.008867159,-99.787633470,-0.352407322,-0.008867159,-0.212366530,-0.147592678,0.010767838,-0.320912377,-0.218090070,0.009690605,-0.424126668,-0.014838140,0.001077233,0.103214290,-0.203251931,0.028541049,-2.687598127,-2.493318527,-0.075770200,0.000959102,-0.049225688,0.677070691,-0.691341216,0.666728372,-0.652457848,1.246659264,1.246659264
1786021608.346014738,103.000445202,0.000000000,NONE,0,0.049964486,-0.000000000,-100.000000000,-0.500000000,0.007829424,-99.807759217,-0.353319892,-0.007829424,-0.192240783,-0.146680108,0.010061705,-0.290575632,-0.217171654,0.009780543,-0.389496574,-0.013763514,0.000281162,0.098920941,-0.203408139,-0.015430215,-1.521966892,-2.511069559,-0.075700874,0.001440090,-0.052017017,0.397353531,-0.389638423,0.363629915,-0.371345023,1.255534779,1.255534779
1786021608.395995855,103.050426420,0.000000000,TARGET_UPDATED,0,0.050098964,-0.000000000,-100.000000000,-0.500000000,0.006917024,-99.826235988,-0.354154319,-0.006917024,-0.173764012,-0.145845681,0.009373932,-0.262842790,-0.216169982,0.009703534,-0.357484277,-0.012554904,-0.000329603,0.094641486,-0.203615078,-0.048980468,-0.600303991,-2.531659932,-0.075638173,0.000958812,-0.044641500,0.173481490,-0.148991256,0.126670506,-0.151160740,1.265829966,1.265829966
1786021608.446033239,103.100463793,0.000000000,NONE,0,0.049919247,-0.000000000,-100.000000000,-0.500000000,0.006265678,-99.839916747,-0.354770090,-0.006265678,-0.160083253,-0.145229910,0.008850052,-0.242375766,-0.215360952,0.009548468,-0.333566824,-0.011569261,-0.000698415,0.091191058,-0.203791691,-0.066779104,0.003250751,-2.548516762,-0.075614662,0.000228857,-0.031673581,0.023800483,0.009589068,-0.025425859,-0.007963693,1.274258381,1.274258381
1786021608.495915413,103.150346131,0.000000000,NONE,0,0.050001313,-0.000000000,-100.000000000,-0.500000000,0.005535375,-99.855750917,-0.355480222,-0.005535375,-0.144249083,-0.144519778,0.008269043,-0.218750392,-0.214382367,0.009262233,-0.306274819,-0.010346524,-0.000993190,0.087524427,-0.204035842,-0.083472061,0.615664760,-2.572053313,-0.075626393,-0.000736389,-0.013519789,-0.129668227,0.171404258,-0.178164153,0.136428122,1.286026657,1.286026657
1786021608.546019554,103.200450213,0.000000000,NONE,0,0.050111743,-0.000000000,-100.000000000,-0.500000000,0.004892956,-99.870294039,-0.356129498,-0.004892956,-0.129705961,-0.143870502,0.007631539,-0.197073348,-0.213501820,0.009091459,-0.281217780,-0.009242852,-0.001459920,0.084144432,-0.204258968,-0.115414460,1.111258420,-2.592359672,-0.075687485,-0.001586642,0.007455748,-0.250824927,0.308532157,-0.304804283,0.247097053,1.296179836,1.296179836
1786021608.596004963,103.250435461,0.000000000,TARGET_UPDATED,0,0.049973355,-0.000000000,-100.000000000,-0.500000000,0.004325790,-99.883642415,-0.356724083,-0.004325790,-0.116357585,-0.143275917,0.006969611,-0.177158681,-0.212742216,0.008749344,-0.257998920,-0.008309897,-0.001779734,0.080840239,-0.204432319,-0.132194682,1.487187989,-2.608618592,-0.075786395,-0.002163012,0.028706892,-0.345925050,0.412022391,-0.397668945,0.331571604,1.304309296,1.304309296
1786021608.645917177,103.300347872,0.000000000,NONE,0,0.049904176,-0.000000000,-100.000000000,-0.500000000,0.003821614,-99.895881800,-0.357269464,-0.003821614,-0.104118200,-0.142730536,0.006310137,-0.158847175,-0.212106060,0.008325489,-0.236456835,-0.007555650,-0.002015352,0.077609660,-0.204550409,-0.145121605,1.767937554,-2.620886385,-0.075904460,-0.002349939,0.047597239,-0.417603297,0.490164099,-0.466365480,0.393804678,1.310443192,1.310443192
1786021608.695932627,103.350363212,0.000000000,NONE,0,0.050027031,-0.000000000,-100.000000000,-0.500000000,0.003371405,-99.907091304,-0.357770447,-0.003371405,-0.092908696,-0.142229553,0.005661838,-0.141997812,-0.211584499,0.007842447,-0.216455053,-0.006971770,-0.002180608,0.074457241,-0.204612729,-0.154043689,1.970633680,-2.629246228,-0.076020144,-0.002116011,0.062118784,-0.469677194,0.546699038,-0.515639646,0.438617802,1.314623114,1.314623114
1786021608.745953560,103.400384261,0.000000000,NONE,0,0.049985739,-0.000000000,-100.000000000,-0.500000000,0.003044805,-99.915366968,-0.358142036,-0.003044805,-0.084633032,-0.141857964,0.005157414,-0.129488385,-0.211237996,0.007421334,-0.201462056,-0.006612427,-0.002263919,0.071973671,-0.204625568,-0.157722646,2.096870104,-2.634270277,-0.076097300,-0.001654574,0.071284434,-0.502607973,0.581469296,-0.545827079,0.466965756,1.317135139,1.317135139
1786021608.796250343,103.450680962,0.000000000,TARGET_UPDATED,0,0.050304204,-0.000000000,-100.000000000,-0.500000000,0.002672646,-99.924907674,-0.358572802,-0.002672646,-0.075092326,-0.141427198,0.004555238,-0.114973404,-0.210873385,0.006868556,-0.184052682,-0.006260196,-0.002313318,0.069079278,-0.204613190,-0.160339064,2.188874086,-2.638047289,-0.076162272,-0.000887808,0.076477124,-0.526253036,0.606422568,-0.568184006,0.488014474,1.319023644,1.319023644
1786021608.846197605,103.500627993,0.000000000,NONE,0,0.049783288,-0.000000000,-100.000000000,-0.500000000,0.002335207,-99.933618066,-0.358968774,-0.002335207,-0.066381934,-0.141031226,0.003992747,-0.101624306,-0.210560337,0.006295210,-0.167936862,-0.005984968,-0.002302463,0.066312556,-0.204575369,-0.158774372,2.247945966,-2.639978472,-0.076183911,0.000009969,0.076815863,-0.541496864,0.620884050,-0.582476119,0.503088933,1.319989236,1.319989236
1786021608.895943880,103.550374561,0.000000000,NONE,0,0.049913545,-0.000000000,-100.000000000,-0.500000000,0.002027600,-99.941558477,-0.359332485,-0.002027600,-0.058441523,-0.140667515,0.003479461,-0.089376125,-0.210274260,0.005714893,-0.152978908,-0.005747064,-0.002235432,0.063602783,-0.204527197,-0.153866403,2.267417043,-2.641505281,-0.076159067,0.000910935,0.073421433,-0.546743018,0.623676220,-0.586965503,0.510032302,1.320752641,1.320752641
1786021608.945923805,103.600354433,0.000000000,NONE,0,0.049967425,-0.000000000,-100.000000000,-0.500000000,0.001746032,-99.948784401,-0.359666102,-0.001746032,-0.051215599,-0.140333898,0.003022521,-0.078176550,-0.209996647,0.005143591,-0.139106936,-0.005514230,-0.002121069,0.060930386,-0.204482417,-0.146253535,2.253131771,-2.643548394,-0.076090785,0.001711965,0.067552642,-0.543607719,0.616734487,-0.582958166,0.509831399,1.321774197,1.321774197
1786021608.996020317,103.650450705,0.000000000,TARGET_UPDATED,0,0.050132965,-0.000000000,-100.000000000,-0.500000000,0.001487527,-99.955348330,-0.359971664,-0.001487527,-0.044651670,-0.140028336,0.002626115,-0.067977641,-0.209716386,0.004594514,-0.126264429,-0.005266735,-0.001968399,0.058286788,-0.204449650,-0.136492938,2.210899712,-2.646622124,-0.075986278,0.002349295,0.060437667,-0.533711110,0.601957579,-0.571738746,0.503492277,1.323311062,1.323311062
1786021609.045842648,103.700273378,0.000000000,NONE,0,0.049805378,-0.000000000,-100.000000000,-0.500000000,0.001295758,-99.960156497,-0.360197280,-0.001295758,-0.039843503,-0.139802720,0.002353703,-0.060506809,-0.209487114,0.004179765,-0.116708262,-0.005053053,-0.001826063,0.056201453,-0.204434061,-0.128250373,2.171562567,-2.650962457,-0.075882947,0.002712005,0.056102842,-0.524853759,0.588978945,-0.560927524,0.496802338,1.325481229,1.325481229
1786021609.095851660,103.750282493,0.000000000,NONE,0,0.050007017,-0.000000000,-100.000000000,-0.500000000,0.001073402,-99.965651879,-0.360457524,-0.001073402,-0.034348121,-0.139542476,0.002065942,-0.051988673,-0.209194331,0.003692452,-0.105545535,-0.004765060,-0.001626511,0.053556862,-0.204429271,-0.115245997,2.076607651,-2.655955795,-0.075736523,0.003050757,0.048576123,-0.502484444,0.560107443,-0.535819381,0.478196383,1.327977898,1.327977898
1786021609.146085024,103.800515677,0.000000000,NONE,0,0.050070846,-0.000000000,-100.000000000,-0.500000000,0.000868852,-99.970616068,-0.360695510,-0.000868852,-0.029383932,-0.139304490,0.001834845,-0.044335529,-0.208897809,0.003247560,-0.095290240,-0.004456371,-0.001412714,0.050954711,-0.204441438,-0.102217176,1.979132876,-2.662264550,-0.075577479,0.003233173,0.041596879,-0.479628145,0.530736733,-0.509938293,0.458829705,1.331132275,1.331132275
1786021609.196002007,103.850432726,0.000000000,TARGET_UPDATED,0,0.050084675,-0.000000000,-100.000000000,-0.500000000,0.000681028,-99.975093885,-0.360913267,-0.000681028,-0.024906115,-0.139086733,0.001654587,-0.037488646,-0.208602813,0.002852431,-0.085898495,-0.004136341,-0.001197844,0.048409849,-0.204466472,-0.089364700,1.871722626,-2.669394068,-0.075414222,0.003257011,0.035852124,-0.454552512,0.499234862,-0.481308800,0.436626451,1.334697034,1.334697034
1786021609.245916128,103.900346670,0.000000000,NONE,0,0.049913393,-0.000000000,-100.000000000,-0.500000000,0.000509188,-99.979126940,-0.361112893,-0.000509188,-0.020873060,-0.138887107,0.001516978,-0.031387614,-0.208314796,0.002508429,-0.077320425,-0.003816787,-0.000991450,0.045932811,-0.204498009,-0.077181739,1.757617111,-2.676837318,-0.075253711,0.003159807,0.031495644,-0.427982754,0.466573623,-0.450825802,0.412234932,1.338418659,1.338418659
1786021609.295958757,103.950389526,0.000000000,NONE,0,0.050018551,-0.000000000,-100.000000000,-0.500000000,0.000352699,-99.982753854,-0.361296378,-0.000352699,-0.017246146,-0.138703622,0.001412569,-0.025970167,-0.208038734,0.002211751,-0.069494994,-0.003506351,-0.000799182,0.043524827,-0.204532383,-0.065971273,1.639511722,-2.684414069,-0.075100284,0.002993893,0.028393412,-0.400483465,0.433469102,-0.419272396,0.386286759,1.342207035,1.342207035
1786021609.345954657,104.000385083,0.000000000,NONE,0,0.050031645,-0.000000000,-100.000000000,-0.500000000,0.000238153,-99.985387785,-0.361432844,-0.000238153,-0.014612215,-0.138567156,0.001346538,-0.022083516,-0.207829192,0.002008215,-0.063773896,-0.003273461,-0.000661677,0.041690379,-0.204555731,-0.058841835,1.556269087,-2.690944989,-0.074984090,0.002840260,0.028137353,-0.381391151,0.410812069,-0.396743392,0.367322475,1.345472495,1.345472495
1786021609.396034479,104.050465308,0.000000000,TARGET_UPDATED,0,0.050035606,-0.000000000,-100.000000000,-0.500000000,0.000107794,-99.988373456,-0.361592041,-0.000107794,-0.011626544,-0.138407959,0.001277099,-0.017727341,-0.207583720,0.001783725,-0.057140068,-0.003003167,-0.000506626,0.039412727,-0.204580554,-0.049209681,1.425024229,-2.697830143,-0.074846804,0.002675768,0.026289437,-0.350525996,0.375130837,-0.361986118,0.337381278,1.348915071,1.348915071
1786021609.446017265,104.100447999,0.000000000,NONE,0,0.049999197,-0.000000000,-100.000000000,-0.500000000,-0.000009053,-99.991045868,-0.361740063,0.000009053,-0.008954132,-0.138259937,0.001215722,-0.013866733,-0.207357676,0.001592078,-0.051139826,-0.002764411,-0.000376356,0.037273092,-0.204593264,-0.041903571,1.309647547,-2.703592764,-0.074716457,0.002545575,0.024635160,-0.323094784,0.344046570,-0.331728990,0.310777204,1.351796382,1.351796382
1786021609.495943785,104.150374258,0.000000000,NONE,0,0.049920671,-0.000000000,-100.000000000,-0.500000000,-0.000113220,-99.993437722,-0.361878491,0.000113220,-0.006562278,-0.138121509,0.001155497,-0.010427703,-0.207150524,0.001431541,-0.045761536,-0.002561709,-0.000276044,0.035333833,-0.204588815,-0.036494567,1.204519809,-2.708044572,-0.074591698,0.002442403,0.023133477,-0.297789680,0.316036963,-0.304470225,0.286222941,1.354022286,1.354022286
1786021609.546021461,104.200451850,0.000000000,NONE,0,0.050005965,-0.000000000,-100.000000000,-0.500000000,-0.000205609,-99.995577287,-0.362008602,0.000205609,-0.004422713,-0.137991398,0.001090845,-0.007345039,-0.206960443,0.001293440,-0.040917599,-0.002392089,-0.000202595,0.033572561,-0.204568354,-0.032640231,1.107504862,-2.711407125,-0.074471438,0.002363202,0.021752674,-0.274154326,0.290474442,-0.279598105,0.263277989,1.355703563,1.355703563
1786021609.596213341,104.250643730,0.000000000,TARGET_UPDATED,0,0.050290161,-0.000000000,-100.000000000,-0.500000000,-0.000287163,-99.997489268,-0.362131385,0.000287163,-0.002510732,-0.137868615,0.001017015,-0.004563101,-0.206784819,0.001171106,-0.036544084,-0.002251676,-0.000154090,0.031980983,-0.204533143,-0.030245567,1.018925115,-2.713794344,-0.074353335,0.002335452,0.020060459,-0.252185002,0.267307785,-0.257277556,0.242154772,1.356897172,1.356897172
1786021609.645953178,104.300383872,0.000000000,NONE,0,0.049721317,-0.000000000,-100.000000000,-0.500000000,-0.000359046,-99.999195542,-0.362247593,0.000359046,-0.000804458,-0.137752407,0.000933891,-0.002035746,-0.206620697,0.001058510,-0.032586903,-0.002135239,-0.000124619,0.030551157,-0.204485458,-0.028859894,0.938063562,-2.715281119,-0.074238040,0.002286805,0.018705759,-0.231977357,0.246407304,-0.237054424,0.222624477,1.357640560,1.357640560
1786021609.695901155,104.350331715,0.000000000,NONE,0,0.049961569,-0.000000000,-100.000000000,-0.500000000,-0.000422307,-100.000715306,-0.362357782,0.000422307,0.000715306,-0.137642218,0.000839848,0.000272901,-0.206465198,0.000951964,-0.028994912,-0.002036993,-0.000112116,0.029267813,-0.204428205,-0.028462958,0.865187357,-2.716193287,-0.074125254,0.002248870,0.017469017,-0.213548354,0.227779833,-0.219045325,0.204813845,1.358096643,1.358096643
1786021609.745935440,104.400365786,0.000000000,NONE,0,0.050014405,-0.000000000,-100.000000000,-0.500000000,-0.000478039,-100.002065133,-0.362462352,0.000478039,0.002065133,-0.137537648,0.000735926,0.002387217,-0.206315849,0.000847360,-0.025716236,-0.001951511,-0.000111433,0.028103453,-0.204364339,-0.028669184,0.798865453,-2.716702216,-0.074014390,0.002220317,0.016289055,-0.196621331,0.210955923,-0.202811396,0.188476804,1.358351108,1.358351108
1786021609.796133995,104.450564503,0.000000000,TARGET_UPDATED,0,0.050098561,-0.000000000,-100.000000000,-0.500000000,-0.000517945,-100.003032498,-0.362542171,0.000517945,0.003032498,-0.137457829,0.000647427,0.003947805,-0.206199572,0.000763150,-0.023305613,-0.001889047,-0.000115723,0.027253418,-0.204310526,-0.029034579,0.755616546,-2.718255969,-0.073926705,0.002202748,0.016857150,-0.185859779,0.200377069,-0.191948494,0.177431204,1.359127985,1.359127985
1786021609.845909595,104.500340067,0.000000000,NONE,0,0.049892531,-0.000000000,-100.000000000,-0.500000000,-0.000562704,-100.004110878,-0.362637457,0.000562704,0.004110878,-0.137362543,0.000531798,0.005736690,-0.206057267,0.000658440,-0.020457605,-0.001818984,-0.000126642,0.026194295,-0.204238283,-0.029832597,0.689788697,-2.717920105,-0.073817306,0.002213405,0.015364562,-0.168830166,0.183746464,-0.176064183,0.161147885,1.358960053,1.358960053
1786021609.895926476,104.550357140,0.000000000,NONE,0,0.050007746,-0.000000000,-100.000000000,-0.500000000,-0.000602673,-100.005053465,-0.362728103,0.000602673,0.005053465,-0.137271897,0.000416303,0.007341945,-0.205918041,0.000549224,-0.017839830,-0.001749831,-0.000132921,0.025181775,-0.204168210,-0.030124581,0.632256002,-2.718166784,-0.073706627,0.002234517,0.013670941,-0.153950590,0.169012881,-0.162177411,0.147115120,1.359083392,1.359083392
1786021609.945965767,104.600396484,0.000000000,NONE,0,0.050038243,-0.000000000,-100.000000000,-0.500000000,-0.000638914,-100.005872162,-0.362814229,0.000638914,0.005872162,-0.137185771,0.000306676,0.008761280,-0.205782665,0.000437946,-0.015449189,-0.001678971,-0.000131270,0.024210469,-0.204103694,-0.029874074,0.577170006,-2.718869027,-0.073594871,0.002244155,0.011999130,-0.139823766,0.154760803,-0.148761238,0.133824200,1.359434514,1.359434514
1786021609.996662855,104.651093307,0.000000000,TARGET_UPDATED,0,0.050719715,-0.000000000,-100.000000000,-0.500000000,-0.000672298,-100.006577959,-0.362896060,0.000672298,0.006577959,-0.137103940,0.000208081,0.009992200,-0.205652230,0.000326939,-0.013275609,-0.001607859,-0.000118858,0.023267810,-0.204044371,-0.028923017,0.523794205,-2.720010659,-0.073482790,0.002238012,0.010548184,-0.126354843,0.140816351,-0.135542260,0.121080751,1.360005330,1.360005330
1786021610.045921803,104.700352330,0.000000000,NONE,0,0.049248206,-0.000000000,-100.000000000,-0.500000000,-0.000703508,-100.007181059,-0.362973909,0.000703508,0.007181059,-0.137026091,0.000124876,0.011034082,-0.205527883,0.000218946,-0.011302361,-0.001538250,-0.000094070,0.022336442,-0.203989632,-0.027180787,0.469814062,-2.721260166,-0.073371135,0.002220884,0.009013802,-0.112911769,0.126502163,-0.121995262,0.108404868,1.360630083,1.360630083
1786021610.095912695,104.750343301,0.000000000,NONE,0,0.050003508,-0.000000000,-100.000000000,-0.500000000,-0.000733106,-100.007691887,-0.363048154,0.000733106,0.007691887,-0.136951846,0.000061035,0.011891068,-0.205410560,0.000116810,-0.009540039,-0.001471653,-0.000055775,0.021431107,-0.203938907,-0.024622508,0.418340820,-2.722905264,-0.073260587,0.002191952,0.007785883,-0.100376049,0.112687303,-0.108794361,0.096483107,1.361452632,1.361452632
1786021610.145948648,104.800379316,0.000000000,NONE,0,0.049975581,-0.000000000,-100.000000000,-0.500000000,-0.000761443,-100.008120283,-0.363119182,0.000761443,0.008120283,-0.136880818,0.000018999,0.012571306,-0.205300842,0.000023745,-0.007969803,-0.001409979,-0.000004747,0.020541108,-0.203890862,-0.021305905,0.367025489,-2.724689983,-0.073151706,0.002157568,0.006730873,-0.088112614,0.098765567,-0.095400130,0.084747178,1.362344991,1.362344991
1786021610.195993423,104.850423986,0.000000000,TARGET_UPDATED,0,0.050108156,-0.000000000,-100.000000000,-0.500000000,-0.000788705,-100.008475745,-0.363187423,0.000788705,0.008475745,-0.136812577,0.000000163,0.013087650,-0.205198762,-0.000057601,-0.006589469,-0.001354914,0.000057764,0.019677119,-0.203843848,-0.017327366,0.317260083,-2.726529235,-0.073044682,0.002123299,0.005831873,-0.076441148,0.085104831,-0.082188894,0.073525211,1.363264617,1.363264617
1786021610.245919704,104.900350296,0.000000000,NONE,0,0.049921035,-0.000000000,-100.000000000,-0.500000000,-0.000814944,-100.008767696,-0.363253310,0.000814944,0.008767696,-0.136746690,0.000004679,0.013458832,-0.205103744,-0.000124818,-0.005396029,-0.001307612,0.000129497,0.018854860,-0.203796132,-0.012830770,0.269921203,-2.728258387,-0.072939413,0.002092867,0.004997124,-0.065521889,0.071937274,-0.069438712,0.063023327,1.364129194,1.364129194
1786021610.295903921,104.950334642,0.000000000,NONE,0,0.049988531,-0.000000000,-100.000000000,-0.500000000,-0.000840085,-100.009005326,-0.363317259,0.000840085,0.009005326,-0.136682741,0.000031513,0.013709491,-0.205014607,-0.000176076,-0.004383232,-0.001268437,0.000207589,0.018092723,-0.203746169,-0.008014737,0.226391724,-2.729809823,-0.072835621,0.002067116,0.004233145,-0.055652533,0.059659902,-0.057543329,0.053535960,1.364904912,1.364904912
1786021610.346122980,105.000553550,0.000000000,NONE,0,0.050006438,-0.000000000,-100.000000000,-0.500000000,-0.000863934,-100.009197502,-0.363379654,0.000863934,0.009197502,-0.136620346,0.000078298,0.013868329,-0.204929736,-0.000209655,-0.003542187,-0.001237319,0.000287953,0.017410515,-0.203692417,-0.003140568,0.187833966,-2.731064731,-0.072732971,0.002045890,0.003507654,-0.047050263,0.048620547,-0.046866720,0.045296436,1.365532365,1.365532365
1786021610.396704435,105.051134979,0.000000000,TARGET_UPDATED,0,0.050094733,-0.000000000,-100.000000000,-0.500000000,-0.000886193,-100.009352315,-0.363440828,0.000886193,0.009352315,-0.136559172,0.000141491,0.013964937,-0.204847364,-0.000225158,-0.002854609,-0.001213221,0.000366649,0.016819546,-0.203634143,0.001554913,0.154848415,-2.731997660,-0.072631173,0.002027488,0.002824729,-0.039807014,0.039029558,-0.037617193,0.038394650,1.365998830,1.365998830
1786021610.445882797,105.100313468,0.000000000,NONE,0,0.049888145,-0.000000000,-100.000000000,-0.500000000,-0.000902602,-100.009454172,-0.363489066,0.000902602,0.009454172,-0.136510934,0.000200916,0.014016368,-0.204782132,-0.000223811,-0.002408492,-0.001198223,0.000424727,0.016424860,-0.203583909,0.004644368,0.135572745,-2.733715808,-0.072550241,0.002013312,0.003730656,-0.035986942,0.033664758,-0.031799430,0.034121614,1.366857904,1.366857904
1786021610.495912552,105.150343074,0.000000000,NONE,0,0.050005057,-0.000000000,-100.000000000,-0.500000000,-0.000920918,-100.009558501,-0.363548741,0.000920918,0.009558501,-0.136451259,0.000279000,0.014067734,-0.204700095,-0.000207764,-0.001921873,-0.001186876,0.000486764,0.015989607,-0.203513219,0.008457029,0.109175138,-2.733449165,-0.072449041,0.002024061,0.002772833,-0.030101250,0.025872735,-0.024486319,0.028714834,1.366724582,1.366724582
1786021610.545947790,105.200378556,0.000000000,NONE,0,0.050002374,-0.000000000,-100.000000000,-0.500000000,-0.000936660,-100.009641233,-0.363607965,0.000936660,0.009641233,-0.136392035,0.000359702,0.014121738,-0.204616317,-0.000182802,-0.001526754,-0.001177638,0.000542504,0.015648492,-0.203438679,0.011691570,0.091098258,-2.733240467,-0.072346787,0.002038003,0.001688151,-0.026119495,0.020273710,-0.019429634,0.025275419,1.366620233,1.366620233
1786021610.596023083,105.250453715,0.000000000,TARGET_UPDATED,0,0.050094101,-0.000000000,-100.000000000,-0.500000000,-0.000949568,-100.009706786,-0.363666689,0.000949568,0.009706786,-0.136333311,0.000439251,0.014193237,-0.204530250,-0.000146294,-0.001207398,-0.001167719,0.000585545,0.015400634,-0.203362531,0.014036186,0.078641722,-2.732974406,-0.072244250,0.002033714,0.000766049,-0.023360989,0.016342896,-0.015959872,0.022977965,1.366487203,1.366487203
1786021610.645931482,105.300362243,0.000000000,NONE,0,0.049913923,-0.000000000,-100.000000000,-0.500000000,-0.000959333,-100.009758195,-0.363724860,0.000959333,0.009758195,-0.136275140,0.000512632,0.014290268,-0.204441685,-0.000100265,-0.000938761,-0.001156848,0.000612898,0.015229029,-0.203284837,0.015384753,0.070446961,-2.732572734,-0.072142553,0.002009493,0.000074371,-0.021476521,0.013784145,-0.013746959,0.021439336,1.366286367,1.366286367
1786021610.695976734,105.350407091,0.000000000,NONE,0,0.049951038,-0.000000000,-100.000000000,-0.500000000,-0.000965708,-100.009797437,-0.363782406,0.000965708,0.009797437,-0.136217594,0.000574874,0.014413699,-0.204350836,-0.000047734,-0.000701556,-0.001144268,0.000622607,0.015115255,-0.203206568,0.015632479,0.065429730,-2.732158726,-0.072042727,0.001968400,-0.000303594,-0.020189654,0.012373415,-0.012525211,0.020341451,1.366079363,1.366079363
1786021610.745909929,105.400340757,0.000000000,NONE,0,0.050030836,-0.000000000,-100.000000000,-0.500000000,-0.000968542,-100.009825595,-0.363839230,0.000968542,0.009825595,-0.136160770,0.000621245,0.014556982,-0.204258387,0.000007781,-0.000479599,-0.001129603,0.000613464,0.015036581,-0.203128784,0.014724723,0.062108631,-2.731807360,-0.071945491,0.001917091,-0.000370366,-0.019115747,0.011753386,-0.011938568,0.019300930,1.365903680,1.365903680
1786021610.795988560,105.450419084,0.000000000,TARGET_UPDATED,0,0.050101483,-0.000000000,-100.000000000,-0.500000000,-0.000967836,-100.009843112,-0.363895238,0.000967836,0.009843112,-0.136104762,0.000647884,0.014707925,-0.204165372,0.000062160,-0.000263187,-0.001112986,0.000585723,0.014971112,-0.203052386,0.012705682,0.059159589,-2.731575989,-0.071851104,0.001863826,-0.000189018,-0.017919063,0.011566222,-0.011660731,0.018013572,1.365787995,1.365787995
1786021610.845981598,105.500412418,0.000000000,NONE,0,0.049924280,-0.000000000,-100.000000000,-0.500000000,-0.000963783,-100.009850130,-0.363950360,0.000963783,0.009850130,-0.136049640,0.000652395,0.014851435,-0.204073003,0.000111186,-0.000049133,-0.001094955,0.000541209,0.014900568,-0.202978048,0.009710681,0.055517574,-2.731474955,-0.071759354,0.001816169,0.000112620,-0.016335219,0.011479878,-0.011423568,0.016278909,1.365737477,1.365737477
1786021610.895936251,105.550366911,0.000000000,NONE,0,0.049992533,-0.000000000,-100.000000000,-0.500000000,-0.000956817,-100.009846826,-0.364004556,0.000956817,0.009846826,-0.135995444,0.000634273,0.014972330,-0.203982496,0.000150132,0.000159303,-0.001076137,0.000484141,0.014813027,-0.202906359,0.006047657,0.050573408,-2.731583612,-0.071669658,0.001779586,0.000468703,-0.014272442,0.011248614,-0.011014262,0.014038091,1.365791806,1.365791806
1786021610.946156263,105.600586931,0.000000000,NONE,0,0.049999720,-0.000000000,-100.000000000,-0.500000000,-0.000947555,-100.009833590,-0.364057830,0.000947555,0.009833590,-0.135942170,0.000594870,0.015057420,-0.203894898,0.000176269,0.000356527,-0.001057648,0.000418601,0.014700893,-0.202837250,0.001954140,0.043917084,-2.731868777,-0.071581271,0.001756723,0.000784485,-0.011663927,0.010686858,-0.010294615,0.011271685,1.365934388,1.365934388
1786021610.995968342,105.650398708,0.000000000,TARGET_UPDATED,0,0.050043097,-0.000000000,-100.000000000,-0.500000000,-0.000939004,-100.009816348,-0.364099822,0.000939004,0.009816348,-0.135900178,0.000549962,0.015093102,-0.203827434,0.000185923,0.000499242,-0.001043892,0.000364039,0.014593860,-0.202783542,-0.001092428,0.038046499,-2.733492033,-0.071510979,0.001749392,0.002391659,-0.009836432,0.010382646,-0.009186817,0.008640603,1.366746017,1.366746017
1786021611.046536684,105.700967307,0.000000000,NONE,0,0.049978000,-0.000000000,-100.000000000,-0.500000000,-0.000927283,-100.009787274,-0.364151692,0.000927283,0.009787274,-0.135848308,0.000475929,0.015092132,-0.203746609,0.000193668,0.000661357,-0.001032604,0.000282262,0.014430775,-0.202714006,-0.006541593,0.027495469,-2.733372066,-0.071422406,0.001778922,0.002149600,-0.005775869,0.009046666,-0.007971865,0.004701069,1.366686033,1.366686033
1786021611.096037388,105.750468046,0.000000000,NONE,0,0.050090744,-0.000000000,-100.000000000,-0.500000000,-0.000913103,-100.009743044,-0.364213354,0.000913103,0.009743044,-0.135786646,0.000374353,0.015023649,-0.203654465,0.000172318,0.000813776,-0.001021714,0.000202035,0.014209873,-0.202632751,-0.011319642,0.013292367,-2.732528431,-0.071313016,0.001833537,-0.000003458,-0.000492317,0.006152137,-0.006153867,0.000494046,1.366264216,1.366264216
1786021611.146121025,105.800551524,0.000000000,NONE,0,0.050090091,-0.000000000,-100.000000000,-0.500000000,-0.000903185,-100.009700619,-0.364264134,0.000903185,0.009700619,-0.135735866,0.000300917,0.014911232,-0.203582014,0.000120926,0.000888496,-0.001008910,0.000179991,0.014022737,-0.202573104,-0.011478572,0.002831650,-2.733857960,-0.071220842,0.001829048,-0.000197625,0.002211137,0.003528149,-0.003626962,-0.002112324,1.366928980,1.366928980
1786021611.196095467,105.850526031,0.000000000,TARGET_UPDATED,0,0.049957550,-0.000000000,-100.000000000,-0.500000000,-0.000896675,-100.009664819,-0.364304378,0.000896675,0.009664819,-0.135695622,0.000246904,0.014793252,-0.203526427,0.000085960,0.000912847,-0.001002976,0.000160944,0.013880405,-0.202523451,-0.012559988,-0.004743005,-2.735637884,-0.071147553,0.001821326,0.001125230,0.004044441,0.002235553,-0.001672938,-0.004607056,1.367818942,1.367818942
1786021611.245992899,105.900423534,0.000000000,NONE,0,0.049858362,-0.000000000,-100.000000000,-0.500000000,-0.000889947,-100.009619327,-0.364354527,0.000889947,0.009619327,-0.135645473,0.000177500,0.014619898,-0.203458883,0.000052891,0.000915169,-0.001003045,0.000124609,0.013704729,-0.202455838,-0.015085867,-0.016006953,-2.735589852,-0.071055700,0.001844737,0.000628287,0.007616133,-0.000073200,0.000387343,-0.007930277,1.367794926,1.367794926
1786021611.295954943,105.950385480,0.000000000,NONE,0,0.050003725,-0.000000000,-100.000000000,-0.500000000,-0.000885523,-100.009574464,-0.364404765,0.000885523,0.009574464,-0.135595235,0.000117257,0.014425757,-0.203392622,0.000002200,0.000880779,-0.001005385,0.000115058,0.013544979,-0.202387237,-0.015119153,-0.025356450,-2.735832067,-0.070962436,0.001874316,-0.000031859,0.010126866,-0.002567289,0.002551359,-0.010110936,1.367916034,1.367916034
1786021611.345945358,106.000375964,0.000000000,NONE,0,0.050015540,-0.000000000,-100.000000000,-0.500000000,-0.000884624,-100.009533496,-0.364455115,0.000884624,0.009533496,-0.135544885,0.000084181,0.014250800,-0.203325112,-0.000065138,0.000777153,-0.001008495,0.000149318,0.013473647,-0.202316617,-0.012184092,-0.027915132,-2.735908077,-0.070868195,0.001891094,-0.000649847,0.010187268,-0.004095222,0.003770298,-0.009862344,1.367954038,1.367954038
1786021611.396113873,106.050544524,0.000000000,TARGET_UPDATED,0,0.050146395,-0.000000000,-100.000000000,-0.500000000,-0.000886902,-100.009497623,-0.364505625,0.000886902,0.009497623,-0.135494375,0.000075494,0.014102784,-0.203255921,-0.000115832,0.000666727,-0.001012101,0.000191326,0.013436057,-0.202243820,-0.009506206,-0.029478486,-2.735843431,-0.070773636,0.001890900,-0.001114574,0.010024816,-0.005271714,0.004714426,-0.009467529,1.367921716,1.367921716
1786021611.445956469,106.100386909,0.000000000,NONE,0,0.049824701,-0.000000000,-100.000000000,-0.500000000,-0.000891764,-100.009467365,-0.364556305,0.000891764,0.009467365,-0.135443695,0.000088873,0.013989692,-0.203184589,-0.000155387,0.000547054,-0.001015453,0.000244260,0.013442638,-0.202169136,-0.006099248,-0.028110409,-2.735604847,-0.070679458,0.001876461,-0.001461274,0.008917733,-0.005868109,0.005137472,-0.008187096,1.367802423,1.367802423
1786021611.495911121,106.150341911,0.000000000,NONE,0,0.049983212,-0.000000000,-100.000000000,-0.500000000,-0.000898634,-100.009442959,-0.364607123,0.000898634,0.009442959,-0.135392877,0.000122853,0.013918448,-0.203110758,-0.000181870,0.000428331,-0.001017632,0.000304724,0.013490117,-0.202093126,-0.002316224,-0.024258992,-2.735312996,-0.070586278,0.001849196,-0.001586713,0.007040482,-0.005882370,0.005089014,-0.006247126,1.367656498,1.367656498
1786021611.545902014,106.200332638,0.000000000,NONE,0,0.049940544,-0.000000000,-100.000000000,-0.500000000,-0.000905095,-100.009427427,-0.364647832,0.000905095,0.009427427,-0.135352168,0.000162717,0.013893285,-0.203049837,-0.000192324,0.000342870,-0.001018235,0.000355041,0.013550415,-0.202031602,0.000510089,-0.020098859,-2.736339853,-0.070512770,0.001822006,-0.000152554,0.004935331,-0.005190375,0.005114098,-0.004859054,1.368169926,1.368169926
1786021611.596015453,106.250445851,0.000000000,TARGET_UPDATED,0,0.050169453,-0.000000000,-100.000000000,-0.500000000,-0.000913317,-100.009412400,-0.364698845,0.000913317,0.009412400,-0.135301155,0.000216875,0.013900570,-0.202971290,-0.000184573,0.000251085,-0.001022713,0.000401448,0.013649484,-0.201948577,0.003223028,-0.013029510,-2.735170991,-0.070421629,0.001819378,-0.000351524,0.002539502,-0.004151016,0.003975254,-0.002363740,1.367585495,1.367585495
1786021611.645952463,106.300383180,0.000000000,NONE,0,0.049908633,-0.000000000,-100.000000000,-0.500000000,-0.000921568,-100.009401180,-0.364750007,0.000921568,0.009401180,-0.135249993,0.000281461,0.013945535,-0.202890303,-0.000176614,0.000186940,-0.001023261,0.000458074,0.013758595,-0.201867042,0.006843186,-0.005832121,-2.734522163,-0.070330412,0.001816566,-0.000600578,-0.000102622,-0.003318971,0.003018682,0.000402911,1.367261081,1.367261081
1786021611.695938110,106.350368761,0.000000000,NONE,0,0.049997324,-0.000000000,-100.000000000,-0.500000000,-0.000927999,-100.009393500,-0.364790876,0.000927999,0.009393500,-0.135209124,0.000343987,0.013993699,-0.202824855,-0.000167057,0.000170419,-0.001020750,0.000511044,0.013823280,-0.201804105,0.009960849,-0.002394807,-2.735536373,-0.070257793,0.001804627,0.000734622,-0.002075166,-0.002905258,0.003272570,0.001707855,1.367768186,1.367768186
1786021611.746695280,106.401125768,0.000000000,NONE,0,0.049976054,-0.000000000,-100.000000000,-0.500000000,-0.000934128,-100.009385637,-0.364841885,0.000934128,0.009385637,-0.135158115,0.000408024,0.014080713,-0.202741447,-0.000115511,0.000139974,-0.001020719,0.000523534,0.013940740,-0.201720728,0.009916134,0.006244778,-2.734331040,-0.070167272,0.001815747,0.000395134,-0.004139012,-0.000819055,0.001016623,0.003941444,1.367165520,1.367165520
1786021611.796010971,106.450441617,0.000000000,TARGET_UPDATED,0,0.050106563,-0.000000000,-100.000000000,-0.500000000,-0.000938398,-100.009377845,-0.364892859,0.000938398,0.009377845,-0.135107141,0.000467321,0.014171928,-0.202657734,-0.000082021,0.000159765,-0.001017738,0.000549342,0.014012164,-0.201639996,0.011745922,0.010153760,-2.733788659,-0.070076074,0.001826535,0.000013955,-0.005478409,-0.000394552,0.000401529,0.005471432,1.366894330,1.366894330
1786021611.845923185,106.500353596,0.000000000,NONE,0,0.049907394,-0.000000000,-100.000000000,-0.500000000,-0.000940860,-100.009368684,-0.364943564,0.000940860,0.009368684,-0.135056436,0.000523890,0.014255107,-0.202574773,-0.000045307,0.000196976,-0.001011147,0.000569197,0.014058131,-0.201563626,0.012836895,0.012939354,-2.733553455,-0.069984910,0.001822598,-0.000254287,-0.006380490,-0.000037957,-0.000089187,0.006507634,1.366776727,1.366776727
1786021611.895890951,106.550321652,0.000000000,NONE,0,0.049992594,-0.000000000,-100.000000000,-0.500000000,-0.000941701,-100.009358170,-0.364993890,0.000941701,0.009358170,-0.135006110,0.000583258,0.014336444,-0.202492291,-0.000014870,0.000229174,-0.001002956,0.000598128,0.014107270,-0.201489335,0.014771701,0.016480282,-2.733433785,-0.069894441,0.001807475,-0.000352111,-0.007724968,0.000339118,-0.000515173,0.007901023,1.366716893,1.366716893
1786021611.946022749,106.600453011,0.000000000,NONE,0,0.050001902,-0.000000000,-100.000000000,-0.500000000,-0.000939521,-100.009343990,-0.365043793,0.000939521,0.009343990,-0.134956207,0.000622160,0.014372517,-0.202413259,0.000047714,0.000320617,-0.000994052,0.000574446,0.014051900,-0.201419208,0.012315080,0.011498441,-2.733644085,-0.069804956,0.001785528,-0.000310689,-0.005875708,-0.000281832,0.000126488,0.006031052,1.366822042,1.366822042
1786021611.996074915,106.650505766,0.000000000,TARGET_UPDATED,0,0.050166790,-0.000000000,-100.000000000,-0.500000000,-0.000934673,-100.009326825,-0.365092291,0.000934673,0.009326825,-0.134907709,0.000642966,0.014367790,-0.202338943,0.000083957,0.000343455,-0.000887362,0.000559010,0.014024335,-0.201451582,0.011570104,0.010743820,-2.743011166,-0.069718248,0.001589154,0.001711522,-0.006006361,0.000221310,0.000634451,0.005150601,1.371505583,1.371505583
1786021612.045941830,106.700372413,0.000000000,NONE,0,0.049844898,-0.000000000,-100.000000000,-0.500000000,-0.000924753,-100.009303424,-0.365143391,0.000924753,0.009303424,-0.134856609,0.000602007,0.014264336,-0.202267206,0.000185138,0.000500892,-0.001016960,0.000416868,0.013763443,-0.201250246,0.000505613,-0.009478177,-2.729248791,-0.069627239,0.001797775,-0.000714312,0.002421719,-0.002674526,0.002317369,-0.002064563,1.364624396,1.364624396
1786021612.095932722,106.750363219,0.000000000,NONE,0,0.049997082,-0.000000000,-100.000000000,-0.500000000,-0.000915968,-100.009281712,-0.365193889,0.000915968,0.009281712,-0.134806111,0.000588309,0.014178410,-0.202195201,0.000144235,0.000434548,-0.000997536,0.000444074,0.013743862,-0.201197665,0.005544048,-0.005654190,-2.733585300,-0.069537417,0.001788934,-0.000858315,0.000242115,-0.003014138,0.002584981,0.000187043,1.366792650,1.366792650
1786021612.145933628,106.800364254,0.000000000,NONE,0,0.049996561,-0.000000000,-100.000000000,-0.500000000,-0.000907863,-100.009258980,-0.365243429,0.000907863,0.009258980,-0.134756571,0.000587523,0.014037140,-0.202128320,0.000138930,0.000460198,-0.000987148,0.000448592,0.013576942,-0.201141173,0.005372597,-0.018582302,-2.734580774,-0.069448684,0.001765695,-0.000780181,0.003497472,-0.006183770,0.005793680,-0.003107381,1.367290387,1.367290387
1786021612.196082830,106.850513592,0.000000000,TARGET_UPDATED,0,0.050157815,-0.000000000,-100.000000000,-0.500000000,-0.000899865,-100.009243731,-0.365282842,0.000899865,0.009243731,-0.134717158,0.000557169,0.013949543,-0.202073699,0.000180550,0.000373923,-0.000984151,0.000376620,0.013575620,-0.201089548,-0.000463304,-0.015196704,-2.736110811,-0.069378347,0.001753675,0.000672770,0.003746809,-0.003515158,0.003851543,-0.004083194,1.368055405,1.368055405
1786021612.245861530,106.900292137,0.000000000,NONE,0,0.049778484,-0.000000000,-100.000000000,-0.500000000,-0.000889059,-100.009227632,-0.365332089,0.000889059,0.009227632,-0.134667911,0.000499252,0.013845994,-0.202005340,0.000196026,0.000312678,-0.000986498,0.000303226,0.013533316,-0.201018842,-0.004901729,-0.018441998,-2.735773451,-0.069290402,0.001769899,0.000373276,0.005742613,-0.003291748,0.003478386,-0.005929251,1.367886725,1.367886725
1786021612.295923948,106.950354633,0.000000000,NONE,0,0.050065809,-0.000000000,-100.000000000,-0.500000000,-0.000878793,-100.009214651,-0.365381518,0.000878793,0.009214651,-0.134618482,0.000433594,0.013755086,-0.201936127,0.000180158,0.000243694,-0.000989769,0.000253436,0.013511392,-0.200946358,-0.007405828,-0.019199490,-2.735702505,-0.069201301,0.001792989,-0.000056427,0.006665436,-0.002962522,0.002934309,-0.006637223,1.367851253,1.367851253
1786021612.345972300,107.000402594,0.000000000,NONE,0,0.050014485,-0.000000000,-100.000000000,-0.500000000,-0.000869973,-100.009205365,-0.365431079,0.000869973,0.009205365,-0.134568921,0.000367992,0.013686389,-0.201865550,0.000152405,0.000165032,-0.000992301,0.000215587,0.013521357,-0.200873249,-0.009436169,-0.017770700,-2.735594169,-0.069111469,0.001804281,-0.000442763,0.006912408,-0.002194324,0.001972942,-0.006691026,1.367797084,1.367797084
1786021612.396068811,107.050499367,0.000000000,TARGET_UPDATED,0,0.050123269,-0.000000000,-100.000000000,-0.500000000,-0.000863062,-100.009199906,-0.365480749,0.000863062,0.009199906,-0.134519251,0.000306945,0.013646888,-0.201793200,0.000116454,0.000087002,-0.000994276,0.000190491,0.013559886,-0.200798924,-0.010683052,-0.014632378,-2.735402628,-0.069021527,0.001802242,-0.000698595,0.006503506,-0.001161980,0.000812683,-0.006154209,1.367701314,1.367701314
1786021612.445950985,107.100381522,0.000000000,NONE,0,0.049891896,-0.000000000,-100.000000000,-0.500000000,-0.000859149,-100.009198157,-0.365520541,0.000859149,0.009198157,-0.134479459,0.000264701,0.013639923,-0.201733830,0.000082446,0.000029459,-0.000995144,0.000182254,0.013610464,-0.200738686,-0.010838218,-0.011027623,-2.736469114,-0.068949859,0.001792333,0.000547164,0.005329669,0.000089440,0.000184142,-0.005603252,1.368234557,1.368234557
1786021612.495883703,107.150314373,0.000000000,NONE,0,0.049954686,-0.000000000,-100.000000000,-0.500000000,-0.000854879,-100.009197064,-0.365570409,0.000854879,0.009197064,-0.134429591,0.000195715,0.013626886,-0.201659841,0.000073325,0.000013300,-0.000999823,0.000122390,0.013613586,-0.200660018,-0.015461880,-0.011478772,-2.735606861,-0.068860422,0.001803699,0.000158299,0.006695588,0.001035352,-0.000956202,-0.006774738,1.367803431,1.367803431
1786021612.545922756,107.200353353,0.000000000,NONE,0,0.050015701,-0.000000000,-100.000000000,-0.500000000,-0.000853696,-100.009199399,-0.365620513,0.000853696,0.009199399,-0.134379487,0.000151111,0.013662999,-0.201582511,-0.000000092,-0.000073218,-0.001002895,0.000151203,0.013736218,-0.200579616,-0.011955557,-0.001312531,-2.734962078,-0.068770027,0.001816509,-0.000322245,0.003397583,0.002580195,-0.002741318,-0.003236461,1.367481039,1.367481039
1786021612.596008301,107.250438751,0.000000000,TARGET_UPDATED,0,0.050107885,-0.000000000,-100.000000000,-0.500000000,-0.000855612,-100.009203856,-0.365670665,0.000855612,0.009203856,-0.134329335,0.000130018,0.013731202,-0.201503144,-0.000051518,-0.000098356,-0.001002455,0.000181536,0.013829558,-0.200500689,-0.010102018,0.004188383,-2.734492881,-0.068679381,0.001810586,-0.000631896,0.001636383,0.003414626,-0.003730574,-0.001320435,1.367246441,1.367246441
1786021612.645932198,107.300362802,0.000000000,NONE,0,0.049900340,-0.000000000,-100.000000000,-0.500000000,-0.000858795,-100.009207407,-0.365710711,0.000858795,0.009207407,-0.134289289,0.000128356,0.013794971,-0.201439118,-0.000085806,-0.000091155,-0.000999931,0.000214162,0.013886126,-0.200439186,-0.008090690,0.007334257,-2.735531318,-0.068607381,0.001793174,0.000629263,0.000031793,0.004013553,-0.003698921,-0.000346424,1.367765659,1.367765659
1786021612.695931435,107.350361900,0.000000000,NONE,0,0.050003045,-0.000000000,-100.000000000,-0.500000000,-0.000862467,-100.009211022,-0.365750691,0.000862467,0.009211022,-0.134249309,0.000125015,0.013874022,-0.201374128,-0.000090883,-0.000093187,-0.000999752,0.000215897,0.013967210,-0.200374376,-0.008600327,0.013203948,-2.735940643,-0.068535787,0.001793052,0.001756967,-0.001590147,0.005890310,-0.005011827,0.000711664,1.367970322,1.367970322
1786021612.745918989,107.400349572,0.000000000,NONE,0,0.049976923,-0.000000000,-100.000000000,-0.500000000,-0.000866752,-100.009213523,-0.365790734,0.000866752,0.009213523,-0.134209266,0.000126894,0.013950384,-0.201309083,-0.000112348,-0.000053100,-0.001002007,0.000239242,0.014003484,-0.200307076,-0.006761280,0.014997298,-2.736184548,-0.068463529,0.001818548,0.002564568,-0.002700147,0.006080786,-0.004798502,0.001417863,1.368092274,1.368092274
1786021612.796009302,107.450439773,0.000000000,TARGET_UPDATED,0,0.050105980,-0.000000000,-100.000000000,-0.500000000,-0.000871676,-100.009214070,-0.365830906,0.000871676,0.009214070,-0.134169094,0.000136705,0.014014496,-0.201244467,-0.000130133,-0.000002626,-0.001005591,0.000266838,0.014017122,-0.200238876,-0.005015015,0.015850494,-2.736412623,-0.068389637,0.001867232,0.003019780,-0.003463815,0.005971322,-0.004461432,0.001953925,1.368206311,1.368206311
1786021612.845925808,107.500356420,0.000000000,NONE,0,0.049897201,-0.000000000,-100.000000000,-0.500000000,-0.000878555,-100.009211700,-0.365881357,0.000878555,0.009211700,-0.134118643,0.000161983,0.014071983,-0.201164579,-0.000148834,0.000066426,-0.001011169,0.000310817,0.014005557,-0.200153411,-0.002037535,0.015125678,-2.735071868,-0.068294123,0.001942997,0.001436429,-0.003631143,0.004649911,-0.003931696,0.002912928,1.367535934,1.367535934
1786021612.895939827,107.550370356,0.000000000,NONE,0,0.050038157,-0.000000000,-100.000000000,-0.500000000,-0.000886454,-100.009205590,-0.365931956,0.000886454,0.009205590,-0.134068044,0.000213341,0.014095026,-0.201086462,-0.000170801,0.000139593,-0.001011406,0.000384142,0.013955433,-0.200075056,0.002956448,0.011747203,-2.734739688,-0.068195871,0.001981670,0.000014312,-0.003679491,0.002201267,-0.002194111,0.003672335,1.367369844,1.367369844
1786021612.945923328,107.600353862,0.000000000,NONE,0,0.049957933,-0.000000000,-100.000000000,-0.500000000,-0.000893081,-100.009198337,-0.365972388,0.000893081,0.009198337,-0.134027612,0.000270946,0.014089407,-0.201025452,-0.000176378,0.000187792,-0.001009769,0.000447324,0.013901616,-0.200015683,0.006559244,0.008777702,-2.735957223,-0.068116789,0.001980790,0.000502479,-0.003959856,0.000680234,-0.000428995,0.003708617,1.367978611,1.367978611
1786021612.996041536,107.650472214,0.000000000,TARGET_UPDATED,0,0.050147078,-0.000000000,-100.000000000,-0.500000000,-0.000900286,-100.009186777,-0.366022926,0.000900286,0.009186777,-0.133977074,0.000344361,0.014049797,-0.200951183,-0.000149492,0.000240905,-0.001011829,0.000493853,0.013808892,-0.199939354,0.009028662,0.002703386,-2.735293675,-0.068018096,0.001982855,-0.000591753,-0.002785074,-0.001729257,0.001433381,0.003080950,1.367646837,1.367646837
1786021613.045959473,107.700390043,0.000000000,NONE,0,0.049860999,-0.000000000,-100.000000000,-0.500000000,-0.000906550,-100.009173755,-0.366073579,0.000906550,0.009173755,-0.133926421,0.000429126,0.013988197,-0.200878058,-0.000131491,0.000259590,-0.001012991,0.000560616,0.013728607,-0.199865067,0.013462681,-0.001664901,-2.735108535,-0.067919656,0.001966705,-0.001532350,-0.002566358,-0.004164983,0.003398808,0.003332533,1.367554268,1.367554268
1786021613.095944881,107.750375597,0.000000000,NONE,0,0.050030143,-0.000000000,-100.000000000,-0.500000000,-0.000911195,-100.009160097,-0.366124231,0.000911195,0.009160097,-0.133875769,0.000516734,0.013905249,-0.200806275,-0.000092260,0.000267767,-0.001012683,0.000608994,0.013637482,-0.199793592,0.016012515,-0.007179701,-2.735164437,-0.067822762,0.001923906,-0.002069559,-0.001690814,-0.006315444,0.005280664,0.002725593,1.367582218,1.367582218
1786021613.145962954,107.800393671,0.000000000,NONE,0,0.049948920,-0.000000000,-100.000000000,-0.500000000,-0.000913459,-100.009146770,-0.366174858,0.000913459,0.009146770,-0.133825142,0.000598323,0.013806716,-0.200735563,-0.000039570,0.000254268,-0.001012378,0.000637892,0.013552448,-0.199723185,0.017378288,-0.012033450,-2.735242941,-0.067728415,0.001864888,-0.002261177,-0.000770915,-0.007918229,0.006787640,0.001901504,1.367621470,1.367621470
1786021613.195986748,107.850417302,0.000000000,TARGET_UPDATED,0,0.050103721,-0.000000000,-100.000000000,-0.500000000,-0.000913335,-100.009137077,-0.366215352,0.000913335,0.009137077,-0.133784648,0.000655615,0.013721865,-0.200679466,0.000006571,0.000228526,-0.001012426,0.000649044,0.013493339,-0.199667040,0.017711117,-0.014898178,-2.736603866,-0.067655073,0.001814062,-0.000840743,-0.000493049,-0.008362510,0.007942138,0.000913421,1.368301933,1.368301933
1786021613.246025562,107.900456111,0.000000000,NONE,0,0.049991563,-0.000000000,-100.000000000,-0.500000000,-0.000912446,-100.009132908,-0.366235609,0.000912446,0.009132908,-0.133764391,0.000677430,0.013682682,-0.200651250,0.000043499,0.000202324,-0.001013217,0.000633931,0.013480358,-0.199638033,0.016296642,-0.014502232,-2.740103812,-0.067619092,0.001793497,0.003247148,-0.001260389,-0.006887931,0.008511505,-0.000363184,1.370051906,1.370051906
1786021613.295979977,107.950410567,0.000000000,NONE,0,0.049983529,-0.000000000,-100.000000000,-0.500000000,-0.000912446,-100.009132908,-0.366235609,0.000912446,0.009132908,-0.133764391,0.000677430,0.013682682,-0.200651250,0.000043499,0.000202324,-0.001013217,0.000633931,0.013480358,-0.199638033,0.016614805,-0.013905678,-2.745673357,-0.067619092,0.001793497,0.010006829,-0.003178989,-0.005128413,0.010131828,-0.001824425,1.372836679,1.372836679
1786021613.345971346,108.000402028,0.000000000,NONE,0,0.049966593,-0.000000000,-100.000000000,-0.500000000,-0.000912446,-100.009132908,-0.366235609,0.000912446,0.009132908,-0.133764391,0.000677430,0.013682682,-0.200651250,0.000043499,0.000202324,-0.001013217,0.000633931,0.013480358,-0.199638033,0.016630643,-0.013568894,-2.750660973,-0.067619092,0.001793497,0.016764220,-0.004956492,-0.003358829,0.011740939,-0.003425618,1.375330487,1.375330487
1786021613.396054745,108.050485499,0.000000000,TARGET_UPDATED,0,0.050144209,-0.000000000,-100.000000000,-0.500000000,-0.000912446,-100.009132908,-0.366235609,0.000912446,0.009132908,-0.133764391,0.000677430,0.013682682,-0.200651250,0.000043499,0.000202324,-0.001013217,0.000633931,0.013480358,-0.199638033,0.016646537,-0.013230913,-2.755666319,-0.067619092,0.001793497,0.023545632,-0.006740314,-0.001582954,0.013355770,-0.005032502,1.377833159,1.377833159
1786021613.445953846,108.100384503,0.000000000,NONE,0,0.049864758,-0.000000000,-100.000000000,-0.500000000,-0.000912446,-100.009132908,-0.366235609,0.000912446,0.009132908,-0.133764391,0.000677430,0.013682682,-0.200651250,0.000043499,0.000202324,-0.001013217,0.000633931,0.013480358,-0.199638033,0.016662342,-0.012894815,-2.760643770,-0.067619092,0.001793497,0.030289251,-0.008514195,0.000183023,0.014961602,-0.006630431,1.380321885,1.380321885
1786021613.495944738,108.150375281,0.000000000,NONE,0,0.049999294,-0.000000000,-100.000000000,-0.500000000,-0.000912446,-100.009132908,-0.366235609,0.000912446,0.009132908,-0.133764391,0.000677430,0.013682682,-0.200651250,0.000043499,0.000202324,-0.001013217,0.000633931,0.013480358,-0.199638033,0.016678190,-0.012557811,-2.765634650,-0.067619092,0.001793497,0.037051065,-0.010292861,0.001953766,0.016571767,-0.008232672,1.382817325,1.382817325
1786021613.545978069,108.200408722,0.000000000,NONE,0,0.049983769,-0.000000000,-100.000000000,-0.500000000,-0.000912446,-100.009132908,-0.366235609,0.000912446,0.009132908,-0.133764391,0.000677430,0.013682682,-0.200651250,0.000043499,0.000202324,-0.001013217,0.000633931,0.013480358,-0.199638033,0.016694033,-0.012220912,-2.770623981,-0.067619092,0.001793497,0.043810779,-0.012070975,0.003723959,0.018181431,-0.009834414,1.385311991,1.385311991
1786021613.595982552,108.250413285,0.000000000,NONE,0,0.050044207,-0.000000000,-100.000000000,-0.500000000,-0.000912446,-100.009132908,-0.366235609,0.000912446,0.009132908,-0.133764391,0.000677430,0.013682682,-0.200651250,0.000043499,0.000202324,-0.001013217,0.000633931,0.013480358,-0.199638033,0.016709896,-0.011883605,-2.775619345,-0.067619092,0.001793497,0.050578667,-0.013851239,0.005496292,0.019793042,-0.011438094,1.387809672,1.387809672
1786021613.645985365,108.300415780,0.000000000,NONE,0,0.049999226,-0.000000000,-100.000000000,-0.500000000,-0.000912446,-100.009132908,-0.366235609,0.000912446,0.009132908,-0.133764391,0.000677430,0.013682682,-0.200651250,0.000043499,0.000202324,-0.001013217,0.000633931,0.013480358,-0.199638033,0.016725744,-0.011546601,-2.780610218,-0.067619092,0.001793497,0.057340471,-0.015629904,0.007267032,0.021403204,-0.013040332,1.390305109,1.390305109
1786021613.696022272,108.350452766,0.000000000,NONE,0,0.049999841,-0.000000000,-100.000000000,-0.500000000,-0.000912446,-100.009132908,-0.366235609,0.000912446,0.009132908,-0.133764391,0.000677430,0.013682682,-0.200651250,0.000043499,0.000202324,-0.001013217,0.000633931,0.013480358,-0.199638033,0.016741592,-0.011209593,-2.785601153,-0.067619092,0.001793497,0.064102359,-0.017408589,0.009037793,0.023013386,-0.014642590,1.392800577,1.392800577
