wall_time_unix_sec,elapsed_sec,ros_time_sec,event,logger_queue_overflow,control_dt_sec,target_position_x,target_position_y,target_position_z,current_position_x,current_position_y,current_position_z,position_error_x,position_error_y,position_error_z,target_velocity_x,target_velocity_y,target_velocity_z,current_velocity_x,current_velocity_y,current_velocity_z,velocity_error_x,velocity_error_y,velocity_error_z,body_command_x,body_command_y,body_command_z,yaw,yaw_rate,yaw_command,motor1_command,motor2_command,motor3_command,motor4_command,motor5_command,motor6_command
1786021445.165752649,68.250484126,0.000000000,TARGET_UPDATED,0,0.050000000,0.500000000,-2.500000000,0.409635601,0.000311826,-0.000000000,-0.090385104,0.499688174,-2.500000000,0.500020705,0.588003169,-2.941812570,0.750025109,0.000004617,-0.000000000,-0.001389456,0.587998552,-2.941812570,0.751414565,51.788249735,-450.000000000,63.617804911,0.000000000,0.000000000,0.000000000,95.230229199,-120.000000000,120.000000000,-95.230229199,-31.808902456,-31.808902456
1786021445.215556383,68.300288072,0.000000000,NONE,0,0.049824295,0.500000000,-2.500000000,0.409635601,0.003070005,-0.022978034,-0.085637699,0.496929995,-2.477021966,0.495273300,0.578798701,-2.957409915,0.686027588,0.119018216,-0.995631061,0.194884254,0.459780485,-1.961778854,0.491143334,41.020881585,-450.000000000,40.187272678,0.004241512,0.184759514,-2.187338728,100.038833144,-120.000000000,118.935619333,-98.974452477,-20.093636339,-20.093636339
1786021445.265538931,68.350270520,0.000000000,NONE,0,0.049994215,0.500000000,-2.500000000,0.409635601,0.013916220,-0.102401698,-0.069502461,0.486083780,-2.397598302,0.479138062,0.543774457,-2.985701830,0.553564639,0.243095786,-1.910972640,0.263160109,0.300678672,-1.074729190,0.290404531,28.997687784,-450.000000000,27.351356575,0.019418365,0.357166358,-5.127497067,105.624699384,-120.000000000,117.458096925,-103.082796309,-13.675678288,-13.675678288
1786021445.315896988,68.400628832,0.000000000,TARGET_UPDATED,0,0.050338641,0.500000000,-3.500000000,0.409635601,0.031075067,-0.208609119,-0.052314604,0.468924933,-3.291390881,0.461950205,0.314618518,-3.029739302,0.449266551,0.301145970,-2.260828839,0.124843267,0.013472548,-0.768910462,0.324423284,-0.141121730,-450.000000000,34.431873482,0.039560206,0.400868352,-7.179847045,114.330242194,-114.259681329,110.669757806,-110.740318671,-17.215936741,-17.215936741
1786021445.365534782,68.450266290,0.000000000,NONE,0,0.049670896,0.500000000,-3.500000000,0.409635601,0.051090806,-0.323954953,-0.041765870,0.448909194,-3.176045047,0.451401471,0.255157852,-3.041126153,0.380675178,0.263134693,-2.363482801,-0.087773954,-0.007976841,-0.677643352,0.468449132,2.229181194,-450.000000000,46.749121300,0.059657571,0.374975063,-8.534629903,114.076362177,-115.190952774,110.923637823,-109.809047226,-23.374560650,-23.374560650
1786021445.415545702,68.500277374,0.000000000,NONE,0,0.049986942,0.500000000,-3.500000000,0.409635601,0.070705122,-0.442302480,-0.039454169,0.429294878,-3.057697520,0.449089770,0.201930938,-3.049194272,0.339737891,0.208524225,-2.385564382,-0.272367693,-0.006593287,-0.663629890,0.612105585,1.610920992,-450.000000000,56.794648893,0.077511922,0.324050222,-9.461478723,114.462639433,-115.268099929,110.537360567,-109.731900071,-28.397324447,-28.397324447
1786021445.465562820,68.550294505,0.000000000,NONE,0,0.050015326,0.500000000,-3.500000000,0.409635601,0.090051059,-0.561637012,-0.042466814,0.409948941,-2.938362988,0.452102415,0.156874081,-3.055454577,0.315404798,0.162158281,-2.388655052,-0.368548929,-0.005284200,-0.666799525,0.683953727,0.916612693,-450.000000000,60.403765852,0.092565233,0.267521358,-10.109714368,114.798275419,-115.256581765,110.201724581,-109.743418235,-30.201882926,-30.201882926
1786021445.515559673,68.600291441,0.000000000,NONE,0,0.049978606,0.500000000,-3.500000000,0.409635601,0.108983183,-0.681273123,-0.046841880,0.391016817,-2.818726877,0.456477481,0.120378367,-3.060220643,0.298989917,0.122086617,-2.389442878,-0.389428894,-0.001708250,-0.670777765,0.688418812,0.693806157,-450.000000000,59.386342317,0.104743703,0.211347222,-10.532720472,114.959728579,-115.306631657,110.040271421,-109.693368343,-29.693171158,-29.693171158
1786021445.565556526,68.650288015,0.000000000,NONE,0,0.050020864,0.500000000,-3.500000000,0.409635601,0.127401527,-0.800943412,-0.050201427,0.372598473,-2.699056588,0.459837028,0.092273336,-3.063527280,0.286441871,0.089165538,-2.390568258,-0.373532014,0.003107798,-0.672959021,0.659973885,0.722469499,-450.000000000,56.753702509,0.114129405,0.157699712,-10.758519182,115.009012421,-115.370247170,109.990987579,-109.629752830,-28.376851254,-28.376851254
1786021445.615542889,68.700274531,0.000000000,NONE,0,0.049999454,0.500000000,-3.500000000,0.409635601,0.145300692,-0.920555965,-0.051855400,0.354699308,-2.579444035,0.461491001,0.072123829,-3.065508372,0.276853658,0.063468483,-2.391628063,-0.349267634,0.008655346,-0.673880309,0.626121292,0.912188815,-450.000000000,54.291275839,0.120879786,0.107788330,-10.811523743,114.974833732,-115.430928140,110.025166268,-109.569071860,-27.145637919,-27.145637919
1786021445.665600061,68.750331754,0.000000000,TARGET_UPDATED,0,0.050057009,0.500000000,-4.500000000,0.409635601,0.162720623,-1.040103042,-0.052082038,0.337279377,-3.459896958,0.461717639,-0.057829887,-3.066047249,0.275085666,0.044436736,-2.392167119,-0.330571541,-0.102266623,-0.673880130,0.605657207,-8.480241316,-450.000000000,53.142192271,0.125210031,0.062624483,-10.718840131,117.299770362,-113.059649704,107.700229638,-111.940350296,-26.571096135,-26.571096135
1786021445.715563059,68.800294657,0.000000000,NONE,0,0.049933629,0.500000000,-4.500000000,0.409635601,0.179102547,-1.159689631,-0.051502438,0.320897453,-3.340310369,0.461138039,-0.067529753,-3.065852485,0.272849647,0.005710103,-2.392189609,-0.319784335,-0.073239856,-0.673662876,0.592633982,-4.001251002,-450.000000000,52.393367544,0.127340903,0.023210218,-10.507884419,116.127283855,-114.126658354,108.872716145,-110.873341646,-26.196683772,-26.196683772
1786021445.765642405,68.850374221,0.000000000,TARGET_UPDATED,0,0.050094085,0.500000000,-4.500000000,0.448497562,0.193707963,-1.279454216,-0.050717636,0.306292037,-3.220545784,0.499215198,-0.068520693,-3.073370986,0.332312019,-0.024945825,-2.392040569,-0.316660219,-0.043574868,-0.681330417,0.648972239,-2.217996113,-450.000000000,57.738759966,0.127540122,-0.009290335,-10.211594444,115.607397639,-114.498399583,109.392602361,-110.501600417,-28.869379983,-28.869379983
1786021445.815569639,68.900301209,0.000000000,NONE,0,0.049923098,0.500000000,-4.500000000,0.448497562,0.207116360,-1.399305777,-0.049709511,0.292883640,-3.100694223,0.498207073,-0.066940867,-3.072498359,0.337262361,-0.043284024,-2.392027358,-0.299671679,-0.023656843,-0.680471002,0.636934039,-1.206507443,-450.000000000,55.546201121,0.126262428,-0.032935817,-9.885530881,115.273009581,-114.669755859,109.726990419,-110.330244141,-27.773100560,-27.773100560
1786021445.865536213,68.950267817,0.000000000,NONE,0,0.049986067,0.500000000,-4.500000000,0.448497562,0.219592283,-1.519183279,-0.048398271,0.280407717,-2.980816721,0.496895833,-0.062140588,-3.071369115,0.344045943,-0.054936394,-2.391923677,-0.295105444,-0.007204194,-0.679445438,0.639151388,-0.259799090,-450.000000000,56.002884034,0.124039345,-0.046066892,-9.588773983,114.962143268,-114.832243723,110.037856732,-110.167756277,-28.001442017,-28.001442017
1786021445.915554047,69.000285751,0.000000000,NONE,0,0.049990118,0.500000000,-4.500000000,0.448497562,0.231359816,-1.639158302,-0.047594429,0.268640184,-2.860841698,0.496091992,-0.055725311,-3.070229866,0.352596943,-0.061906053,-2.391947760,-0.299429658,0.006180743,-0.678282106,0.652026600,0.518129702,-450.000000000,57.133642169,0.121407754,-0.049429474,-9.356759250,114.709657387,-114.968722238,110.290342613,-110.031277762,-28.566821084,-28.566821084
1786021445.965533733,69.050265301,0.000000000,NONE,0,0.050010086,0.500000000,-4.500000000,0.448497562,0.242596408,-1.759230203,-0.047401951,0.257403592,-2.740769797,0.495899514,-0.049060285,-3.069144979,0.362289830,-0.065549476,-2.392325293,-0.302388086,0.016489192,-0.676819686,0.664677916,1.108741297,-450.000000000,58.031274706,0.118811653,-0.045283935,-9.202410162,114.523417216,-115.077787865,110.476582784,-109.922212135,-29.015637353,-29.015637353
1786021446.015541315,69.100273005,0.000000000,NONE,0,0.050000359,0.500000000,-4.500000000,0.448497562,0.253444683,-1.879372546,-0.047627333,0.246555317,-2.620627454,0.496124895,-0.043125627,-3.068084979,0.372571531,-0.067099414,-2.393046478,-0.300845887,0.023973788,-0.675038500,0.673417418,1.528078480,-450.000000000,58.581688914,0.116560164,-0.036290000,-9.123886458,114.398951995,-115.162991235,110.601048005,-109.837008765,-29.290844457,-29.290844457
1786021446.065636635,69.150368294,0.000000000,TARGET_UPDATED,0,0.050081618,0.500000000,-5.500000000,0.448497562,0.264020932,-1.999556314,-0.048033906,0.235979068,-3.500443686,0.496531469,-0.118767806,-3.064576424,0.385990188,-0.067523068,-2.393989385,-0.294917303,-0.051244738,-0.670587039,0.680907491,-5.222110868,-450.000000000,59.097813029,0.114830219,-0.024873284,-9.111159776,116.083317661,-113.472262227,108.916682339,-111.527737773,-29.548906514,-29.548906514
1786021446.115569115,69.200300868,0.000000000,NONE,0,0.049912733,0.500000000,-5.500000000,0.448497562,0.273974231,-2.119806507,-0.048433278,0.226025769,-3.380193493,0.496930841,-0.118623446,-3.063384466,0.396509366,-0.085969052,-2.395025396,-0.285199361,-0.032654395,-0.668359070,0.681708727,-2.231494650,-450.000000000,59.037407952,0.113657629,-0.013009696,-9.147334428,115.344707270,-114.228959944,109.655292730,-110.771040056,-29.518703976,-29.518703976
1786021446.165705919,69.250437325,0.000000000,NONE,0,0.050089252,0.500000000,-5.500000000,0.448497562,0.282810629,-2.240170062,-0.048732492,0.217189371,-3.259829938,0.497230055,-0.119580531,-3.062071397,0.407067740,-0.102141138,-2.396049247,-0.274714621,-0.017439393,-0.666022150,0.681782362,-1.398606114,-450.000000000,59.045054662,0.112993663,-0.002107078,-9.214562835,115.153292237,-114.453989180,109.846707763,-110.546010820,-29.522527331,-29.522527331
1786021446.215538502,69.300270093,0.000000000,NONE,0,0.049915475,0.500000000,-5.500000000,0.448497562,0.290986056,-2.360597611,-0.048932990,0.209013944,-3.139402389,0.497430552,-0.121598975,-3.060627529,0.417739647,-0.112896795,-2.397027564,-0.264550500,-0.008702180,-0.663599966,0.682290147,-1.026530942,-450.000000000,59.106330902,0.112795831,0.006805398,-9.299121585,115.081413132,-114.568147661,109.918586868,-110.431852339,-29.553165451,-29.553165451
1786021446.265573263,69.350304994,0.000000000,NONE,0,0.050039855,0.500000000,-5.500000000,0.448497562,0.298696038,-2.481071343,-0.049059992,0.201303962,-3.018928657,0.497557555,-0.124384599,-3.059068883,0.428537002,-0.121420668,-2.397963770,-0.254935589,-0.002963931,-0.661105112,0.683472591,-0.775364598,-450.000000000,59.219659598,0.112964093,0.013126540,-9.387099364,115.040615990,-114.652933691,109.959384010,-110.347066309,-29.609829799,-29.609829799
1786021446.315570831,69.400302693,0.000000000,NONE,0,0.049966527,0.500000000,-5.500000000,0.448497562,0.306071948,-2.601581842,-0.049146617,0.193928052,-2.898418158,0.497644180,-0.127562471,-3.057421142,0.439449277,-0.128141866,-2.398876674,-0.245921066,0.000579395,-0.658544468,0.685370343,-0.644704741,-450.000000000,59.383975429,0.113375062,0.016701285,-9.467054213,115.027939739,-114.705587368,109.972060261,-110.294412632,-29.691987715,-29.691987715
1786021446.365612984,69.450344822,0.000000000,TARGET_UPDATED,0,0.050067837,0.500000000,-5.500000000,0.450853383,0.313220588,-2.722122152,-0.049220895,0.186779412,-2.777877848,0.500074278,-0.130718186,-3.056058518,0.453967208,-0.133248804,-2.399785134,-0.237343339,0.002530618,-0.656273384,0.691310546,-0.598392278,-450.000000000,59.897758495,0.113905130,0.017750965,-9.531362486,115.032438691,-114.733242552,109.967561309,-110.266757448,-29.948879248,-29.948879248
1786021446.415539503,69.500271087,0.000000000,NONE,0,0.049921840,0.500000000,-5.500000000,0.450853383,0.320225240,-2.842683496,-0.049267457,0.179774760,-2.657316504,0.500120839,-0.133638062,-3.054293271,0.464978926,-0.136885908,-2.400695400,-0.227799715,0.003247846,-0.653597872,0.692778641,-0.616704405,-450.000000000,59.928582290,0.114447371,0.016766151,-9.576320463,115.048256217,-114.739904014,109.951743783,-110.260095986,-29.964291145,-29.964291145
1786021446.465537310,69.550269032,0.000000000,NONE,0,0.050004688,0.500000000,-5.500000000,0.450853383,0.327151135,-2.963259669,-0.049285674,0.172848865,-2.536740331,0.500139057,-0.136030932,-3.052504569,0.475945756,-0.139198146,-2.401596169,-0.219289958,0.003167214,-0.650908400,0.695235714,-0.668225443,-450.000000000,60.137688887,0.114921163,0.014358077,-9.601636244,115.067465422,-114.733352700,109.932534578,-110.266647300,-30.068844444,-30.068844444
1786021446.515597105,69.600328809,0.000000000,TARGET_UPDATED,0,0.050050292,0.500000000,-6.500000000,0.450853383,0.334049975,-3.083850004,-0.049322774,0.165950025,-3.416149996,0.500176157,-0.197763121,-3.047335838,0.487370970,-0.140298623,-2.402497483,-0.211314616,-0.057464498,-0.644838355,0.698685586,-6.500355500,-450.000000000,60.416455927,0.115275134,0.011140276,-9.609315056,116.527417639,-113.277239889,108.472582361,-111.722760111,-30.208227963,-30.208227963
1786021446.565578222,69.650309823,0.000000000,NONE,0,0.049963447,0.500000000,-6.500000000,0.450853383,0.340529233,-3.204501235,-0.049381540,0.159470767,-3.295498765,0.500234922,-0.201218784,-3.045412651,0.497997478,-0.156905893,-2.403401834,-0.203275134,-0.044312891,-0.642010817,0.701272612,-4.303497843,-450.000000000,60.597916948,0.115464012,0.007642920,-9.600989707,115.976121888,-113.824372966,109.023878112,-111.175627034,-30.298958474,-30.298958474
1786021446.615552664,69.700284515,0.000000000,NONE,0,0.049986466,0.500000000,-6.500000000,0.450853383,0.346261714,-3.325251141,-0.049452865,0.153738286,-3.174748859,0.500306248,-0.203636265,-3.043542953,0.508495655,-0.168242564,-2.404302959,-0.195336481,-0.035393701,-0.639239995,0.703832136,-3.900713120,-450.000000000,60.794100694,0.115476059,0.004350784,-9.580576514,115.870322408,-113.919965848,109.129677592,-111.080034152,-30.397050347,-30.397050347
1786021446.665542364,69.750274095,0.000000000,NONE,0,0.050002492,0.500000000,-6.500000000,0.450853383,0.351578393,-3.446061636,-0.049530107,0.148421607,-3.053938364,0.500383489,-0.205218480,-3.041711570,0.518882723,-0.175166924,-2.405203621,-0.187321144,-0.030051556,-0.636507949,0.706203866,-3.683389973,-450.000000000,60.974005666,0.115352189,0.001637602,-9.555070939,115.809615228,-113.967920241,109.190384772,-111.032079759,-30.487002833,-30.487002833
1786021446.715554476,69.800286266,0.000000000,NONE,0,0.049991718,0.500000000,-6.500000000,0.450853383,0.356608773,-3.566917193,-0.049602347,0.143391227,-2.933082807,0.500455730,-0.206108772,-3.039907905,0.529154950,-0.179591038,-2.406093409,-0.179204347,-0.026517733,-0.633814496,0.708359297,-3.525642176,-450.000000000,61.138275364,0.115133326,-0.000318273,-9.529514533,115.763789177,-114.000968089,109.236210823,-110.999031911,-30.569137682,-30.569137682
1786021446.765559912,69.850291497,0.000000000,NONE,0,0.050010223,0.500000000,-6.500000000,0.450853383,0.361450164,-3.687806189,-0.049662259,0.138549836,-2.812193811,0.500515642,-0.206455256,-3.038121749,0.539308126,-0.182070658,-2.406965442,-0.171059522,-0.024384599,-0.631156308,0.710367648,-3.433117206,-450.000000000,61.293665801,0.114861481,-0.001493463,-9.507503516,115.735155180,-114.018596577,109.264844820,-110.981403423,-30.646832901,-30.646832901
1786021446.815565825,69.900297433,0.000000000,NONE,0,0.050005855,0.500000000,-6.500000000,0.450853383,0.366180959,-3.808719660,-0.049707444,0.133819041,-2.691280340,0.500560826,-0.206396688,-3.036345233,0.549336507,-0.183082892,-2.407816118,-0.162970640,-0.023313796,-0.628529116,0.712307147,-3.389538915,-450.000000000,61.445867131,0.114574646,-0.001976316,-9.491187027,115.720181485,-114.025412028,109.279818515,-110.974587972,-30.722933566,-30.722933566
1786021446.865579367,69.950310979,0.000000000,NONE,0,0.050005051,0.500000000,-6.500000000,0.450853383,0.370862091,-3.929651152,-0.049739227,0.129137909,-2.570348848,0.500592610,-0.206046820,-3.034573761,0.559232474,-0.183024141,-2.408644664,-0.154998943,-0.023022679,-0.625929097,0.714231417,-3.381355588,-450.000000000,61.598119675,0.114302793,-0.001929652,-9.481336831,115.715673105,-114.024995311,109.284326895,-110.975004689,-30.799059838,-30.799059838
1786021446.915709019,70.000440538,0.000000000,TARGET_UPDATED,0,0.050069140,0.500000000,-7.500000000,0.450853383,0.375540537,-4.050596196,-0.049760751,0.124459463,-3.449403804,0.500614134,-0.249474836,-3.029643372,0.568248179,-0.182200144,-2.409452071,-0.147173511,-0.067274692,-0.620191301,0.715421690,-7.871505042,-450.000000000,61.684640210,0.114065905,-0.001547255,-9.477632180,116.837284306,-112.901531785,108.162715694,-112.098468215,-30.842320105,-30.842320105
1786021446.965591192,70.050323059,0.000000000,TARGET_UPDATED,0,0.049972628,0.500000000,-7.500000000,0.450239249,0.379917347,-4.171590654,-0.049774749,0.120082653,-3.328409346,0.500013998,-0.250689087,-3.027723867,0.576692868,-0.193662197,-2.410240754,-0.139830944,-0.057026890,-0.617483113,0.716523813,-6.198147383,-450.000000000,61.777973992,0.113862567,-0.001027833,-9.477939352,116.419021684,-113.319947992,108.580978316,-111.680052008,-30.888986996,-30.888986996
1786021447.016090631,70.100822319,0.000000000,NONE,0,0.050473808,0.500000000,-7.500000000,0.450239249,0.383753791,-4.292663381,-0.049789796,0.116246209,-3.207336619,0.500029045,-0.251579663,-3.025896499,0.585852716,-0.201211124,-2.411008974,-0.132930394,-0.050368539,-0.614887524,0.718783111,-5.894407353,-450.000000000,61.976971960,0.113688245,-0.000499708,-9.480751418,116.343789693,-113.396586016,108.656210307,-111.603413984,-30.988485980,-30.988485980
1786021447.065544844,70.150276729,0.000000000,NONE,0,0.049478039,0.500000000,-7.500000000,0.450239249,0.387294287,-4.413787361,-0.049808860,0.112705713,-3.086212639,0.500048109,-0.252208187,-3.024100100,0.594825913,-0.205943569,-2.411763810,-0.125905389,-0.046264618,-0.612336290,0.720731302,-5.713394502,-450.000000000,62.125788626,0.113549285,-0.000044921,-9.485418850,116.299703338,-113.443006087,108.700296662,-111.556993913,-31.062894313,-31.062894313
1786021447.115494490,70.200226035,0.000000000,NONE,0,0.049918730,0.500000000,-7.500000000,0.450239249,0.390638973,-4.534951346,-0.049819121,0.109361027,-2.965048654,0.500058370,-0.252581170,-3.022334096,0.603598130,-0.208981866,-2.412501899,-0.118837697,-0.043599304,-0.609832197,0.722435827,-5.593096733,-450.000000000,62.257908053,0.113442392,0.000274915,-9.491391619,116.271122088,-113.474573722,108.728877912,-111.525426278,-31.128954026,-31.128954026
1786021447.165710688,70.250442371,0.000000000,NONE,0,0.050113763,0.500000000,-7.500000000,0.450239249,0.393224845,-4.631905885,-0.049818716,0.106775155,-2.868094115,0.500057965,-0.252691982,-3.020944321,0.610469163,-0.210443704,-2.413079121,-0.113221055,-0.042248278,-0.607865200,0.723690218,-5.542198631,-450.000000000,62.354733721,0.113375260,0.000395607,-9.498591259,116.260197472,-113.489098157,108.739802528,-111.510901843,-31.177366861,-31.177366861
1786021447.215530396,70.300262127,0.000000000,NONE,0,0.049954442,0.500000000,-7.500000000,0.450239249,0.396394229,-4.753123229,-0.049810283,0.103605771,-2.746876771,0.500049532,-0.252583453,-3.019238922,0.618877521,-0.211394943,-2.413783913,-0.106469417,-0.041188510,-0.605455008,0.725346938,-5.482769908,-450.000000000,62.496954998,0.113306063,0.000363269,-9.504052410,116.246705580,-113.505320626,108.753294420,-111.494679374,-31.248477499,-31.248477499
1786021447.265538931,70.350270419,0.000000000,NONE,0,0.049994722,0.500000000,-7.500000000,0.450239249,0.399536415,-4.874363150,-0.049797240,0.100463585,-2.625636850,0.500036489,-0.252182289,-3.017572616,0.627089871,-0.211475204,-2.414470761,-0.099847963,-0.040707085,-0.603101855,0.726937834,-5.456827270,-450.000000000,62.625145879,0.113243234,0.000148337,-9.508199871,116.241256785,-113.512843150,108.758743215,-111.487156850,-31.312572940,-31.312572940
1786021447.315637589,70.400369273,0.000000000,TARGET_UPDATED,0,0.050107818,0.500000000,-8.500000000,0.450239249,0.402690290,-4.995621472,-0.049778431,0.097309710,-3.504378528,0.500017680,-0.284571483,-3.013254000,0.633923640,-0.210865516,-2.415139281,-0.093351786,-0.073705967,-0.598114719,0.727275425,-8.936133381,-450.000000000,62.641914405,0.113178407,-0.000201414,-9.510858491,117.111747968,-112.643681278,107.888252032,-112.356318722,-31.320957203,-31.320957203
1786021447.365675688,70.450407283,0.000000000,NONE,0,0.049925208,0.500000000,-8.500000000,0.450239249,0.405676118,-5.116919206,-0.049755637,0.094323882,-3.383080794,0.499994886,-0.285189379,-3.011571187,0.641556308,-0.218537050,-2.415790208,-0.087439174,-0.066652329,-0.595780979,0.728995482,-7.731531685,-450.000000000,62.808231418,0.113100849,-0.000648397,-9.511477213,116.810752224,-112.944986382,108.189247776,-112.055013618,-31.404115709,-31.404115709
1786021447.415558100,70.500289826,0.000000000,NONE,0,0.049978985,0.500000000,-8.500000000,0.450239249,0.408225114,-5.238287117,-0.049729858,0.091774886,-3.261712883,0.499969107,-0.285360602,-3.009964430,0.648932931,-0.225187489,-2.416419352,-0.081694436,-0.060173113,-0.593545079,0.730627367,-7.360588026,-450.000000000,62.938920055,0.113001767,-0.001132902,-9.510001035,116.717647265,-113.037353252,108.282352735,-111.962646748,-31.469460028,-31.469460028
1786021447.465531111,70.550262698,0.000000000,NONE,0,0.049992216,0.500000000,-8.500000000,0.450239249,0.410538315,-5.359701912,-0.049699128,0.089461685,-3.140298088,0.499938377,-0.285146772,-3.008423392,0.656080306,-0.228772860,-2.417030407,-0.076006227,-0.056373912,-0.591392986,0.732086533,-7.181868528,-450.000000000,63.055897462,0.112885101,-0.001588417,-9.507399286,116.672316953,-113.081382690,108.327683047,-111.918617310,-31.527948731,-31.527948731
1786021447.515537262,70.600268796,0.000000000,NONE,0,0.049983716,0.500000000,-8.500000000,0.450239249,0.412710764,-5.481152496,-0.049663973,0.087289236,-3.018847504,0.499903222,-0.284578995,-3.006944780,0.663008416,-0.230785543,-2.417621705,-0.070462736,-0.053793452,-0.589323074,0.733471152,-7.037323923,-450.000000000,63.169665105,0.112754696,-0.001972530,-9.504397551,116.635430369,-113.116768407,108.364569631,-111.883231593,-31.584832552,-31.584832552
1786021447.565582991,70.650314847,0.000000000,TARGET_UPDATED,0,0.050075809,0.500000000,-8.500000000,0.450336027,0.414803845,-5.602631630,-0.049626216,0.085196155,-2.897368370,0.499962243,-0.283688827,-3.005529507,0.669871691,-0.231650420,-2.418192814,-0.065080184,-0.052038407,-0.587336693,0.734951875,-6.925771040,-450.000000000,63.293585676,0.112614830,-0.002266958,-9.501542617,116.606828414,-113.143942894,108.393171586,-111.856057106,-31.646792838,-31.646792838
1786021447.615545273,70.700277033,0.000000000,NONE,0,0.049937773,0.500000000,-8.500000000,0.450336027,0.416865983,-5.724133526,-0.049586384,0.083134017,-2.775866474,0.499922410,-0.282486737,-3.004168567,0.676385912,-0.231625956,-2.418743692,-0.059806305,-0.050860782,-0.585424875,0.736192217,-6.835382096,-450.000000000,63.394059602,0.112469733,-0.002471751,-9.499119869,116.583625491,-113.165934443,108.416374509,-111.834065557,-31.697029801,-31.697029801
1786021447.665527105,70.750258584,0.000000000,NONE,0,0.050001144,0.500000000,-8.500000000,0.450336027,0.418934453,-5.845653668,-0.049544496,0.081065547,-2.654346332,0.499880523,-0.280998797,-3.002863994,0.682699581,-0.230924854,-2.419274331,-0.054701603,-0.050073943,-0.583589663,0.737401184,-6.757272298,-450.000000000,63.496463802,0.112323009,-0.002597960,-9.497352437,116.563656184,-113.185020035,108.436343816,-111.814979965,-31.748231901,-31.748231901
1786021447.715609074,70.800340741,0.000000000,TARGET_UPDATED,0,0.050063672,0.500000000,-9.500000000,0.450336027,0.421037692,-5.967188606,-0.049503163,0.078962308,-3.532811394,0.499839189,-0.305565632,-2.999337366,0.687563264,-0.229712737,-2.419785081,-0.049769253,-0.075852895,-0.579552285,0.737332517,-9.523987625,-450.000000000,63.484563479,0.112177342,-0.002664003,-9.496270614,117.255064560,-112.493070747,107.744935440,-112.506929253,-31.742281739,-31.742281739
1786021447.765563726,70.850295346,0.000000000,NONE,0,0.049966561,0.500000000,-9.500000000,0.450336027,0.423028110,-6.088754898,-0.049464463,0.076971890,-3.411245102,0.499800490,-0.304991622,-2.998048272,0.693352625,-0.235271873,-2.420277702,-0.045421791,-0.069719749,-0.577770569,0.738774416,-8.503353696,-450.000000000,63.634182342,0.112032739,-0.002695605,-9.495582193,116.999733972,-112.748057124,108.000266028,-112.251942876,-31.817091171,-31.817091171
1786021447.815531969,70.900263628,0.000000000,NONE,0,0.049968085,0.500000000,-9.500000000,0.450336027,0.424686213,-6.210376898,-0.049428448,0.075313787,-3.289623102,0.499764475,-0.304088431,-2.996836603,0.698906857,-0.240083963,-2.420748697,-0.041180646,-0.064004469,-0.576087906,0.740087503,-8.144159535,-450.000000000,63.742010005,0.111888186,-0.002705075,-9.495104889,116.909816106,-112.837736338,108.090183894,-112.162263662,-31.871005003,-31.871005003
1786021447.865544558,70.950276067,0.000000000,NONE,0,0.049999792,0.500000000,-9.500000000,0.450336027,0.426173094,-6.332035875,-0.049390285,0.073826906,-3.167964125,0.499726311,-0.302903272,-2.995692135,0.704246127,-0.242483653,-2.421201427,-0.036931187,-0.060419618,-0.574490708,0.741177314,-7.938942698,-450.000000000,63.832343948,0.111745755,-0.002698426,-9.494951444,116.858473535,-112.889002186,108.141526465,-112.110997814,-31.916171974,-31.916171974
1786021447.915575504,71.000307207,0.000000000,NONE,0,0.050023682,0.500000000,-9.500000000,0.450336027,0.427564758,-6.453722801,-0.049348594,0.072435242,-3.046277199,0.499684621,-0.301452610,-2.994611544,0.709379058,-0.243666651,-2.421635274,-0.032789781,-0.057785959,-0.572976269,0.742168839,-7.759594421,-450.000000000,63.918338523,0.111606098,-0.002684802,-9.495081000,116.813668855,-112.933871645,108.186331145,-112.066128355,-31.959169261,-31.959169261
1786021447.965537548,71.050269253,0.000000000,NONE,0,0.049971667,0.500000000,-9.500000000,0.450336027,0.428909835,-6.575431758,-0.049304538,0.071090165,-2.924568242,0.499640565,-0.299742968,-2.993592887,0.714315996,-0.243968107,-2.422050411,-0.028797203,-0.055774861,-0.571542476,0.743113199,-7.603693792,-450.000000000,64.002087793,0.111469056,-0.002673115,-9.495375075,116.774767217,-112.972920321,108.225232783,-112.027079679,-32.001043896,-32.001043896
1786021448.015562773,71.100294315,0.000000000,NONE,0,0.050029733,0.500000000,-9.500000000,0.450336027,0.430246500,-6.697157998,-0.049259972,0.069753500,-2.802842002,0.499595999,-0.297777464,-2.992634749,0.719066901,-0.243582900,-2.422447188,-0.024960781,-0.054194564,-0.570187560,0.744027682,-7.462864073,-450.000000000,64.084094222,0.111333964,-0.002669307,-9.495745860,116.739652483,-113.008220447,108.260347517,-111.991779553,-32.042047111,-32.042047111
1786021448.065525770,71.150257349,0.000000000,NONE,0,0.049969171,0.500000000,-9.500000000,0.450336027,0.431604062,-6.818897748,-0.049216506,0.068395938,-2.681102252,0.499552533,-0.295555595,-2.991736171,0.723640258,-0.242672405,-2.422825907,-0.021272979,-0.052883190,-0.568910264,0.744913236,-7.327957428,-450.000000000,64.161648538,0.111199873,-0.002676425,-9.496060533,116.706004490,-113.042025776,108.293995510,-111.957974224,-32.080824269,-32.080824269
1786021448.115545034,71.200276602,0.000000000,NONE,0,0.049991901,0.500000000,-9.500000000,0.450336027,0.433004880,-6.940647984,-0.049175238,0.066995120,-2.559352016,0.499511265,-0.293073534,-2.990896530,0.728043085,-0.241358704,-2.423186799,-0.017727919,-0.051714830,-0.567709731,0.745771005,-7.192324645,-450.000000000,64.221128488,0.111065745,-0.002693868,-9.496260653,116.672146325,-113.075984002,108.327853675,-111.924015998,-32.110564244,-32.110564244
1786021448.165893555,71.250625256,0.000000000,TARGET_UPDATED,0,0.050322389,0.500000000,-10.500000000,0.450824762,0.434466053,-7.062406244,-0.049138076,0.065533947,-3.437593756,0.499962837,-0.313691389,-2.988054980,0.731807035,-0.239732816,-2.423530071,-0.014366321,-0.073958573,-0.564524909,0.746173356,-9.590995218,-450.000000000,64.240130363,0.110930644,-0.002718677,-9.496369032,117.271841062,-112.476343454,107.728158938,-112.523656546,-32.120065181,-32.120065181
1786021448.215485096,71.300216948,0.000000000,NONE,0,0.049635958,0.500000000,-10.500000000,0.450824762,0.435842785,-7.184188127,-0.049103019,0.064157215,-3.315811873,0.499927780,-0.312130231,-2.987232005,0.735769789,-0.244417380,-2.423857151,-0.011348936,-0.067712851,-0.563374855,0.747118725,-8.603469553,-450.000000000,64.317356794,0.110793699,-0.002752257,-9.496076349,117.024886475,-112.723151699,107.975113525,-112.276848301,-32.158678397,-32.158678397
1786021448.265496731,71.350228440,0.000000000,NONE,0,0.050003522,0.500000000,-10.500000000,0.450824762,0.436959161,-7.306012392,-0.049065099,0.063040839,-3.193987608,0.499889861,-0.310262437,-2.986484967,0.739524829,-0.247936326,-2.424164321,-0.008481278,-0.062326111,-0.562320646,0.748006108,-8.244470598,-450.000000000,64.378173956,0.110654655,-0.002780635,-9.495735322,116.935051480,-112.812816181,108.064948520,-112.187183819,-32.189086978,-32.189086978
1786021448.315541744,71.400273312,0.000000000,NONE,0,0.050038404,0.500000000,-10.500000000,0.450824762,0.437943152,-7.427864097,-0.049029801,0.062056848,-3.072135903,0.499854562,-0.308123624,-2.985805531,0.743100248,-0.249749200,-2.424455186,-0.005774183,-0.058374425,-0.561350344,0.748874431,-7.974489828,-450.000000000,64.438563288,0.110513880,-0.002799542,-9.495344069,116.867458474,-112.880213560,108.132541526,-112.119786440,-32.219281644,-32.219281644
1786021448.365536213,71.450268011,0.000000000,NONE,0,0.050003330,0.500000000,-10.500000000,0.450824762,0.438851651,-7.549736218,-0.049000013,0.061148349,-2.950263782,0.499824775,-0.305723509,-2.985190416,0.746509967,-0.250588970,-2.424729370,-0.003197404,-0.055134539,-0.560461046,0.749707371,-7.725371949,-450.000000000,64.496173671,0.110371683,-0.002807681,-9.494924874,116.805074206,-112.942388231,108.194925794,-112.057611769,-32.248086836,-32.248086836
1786021448.415515184,71.500246832,0.000000000,NONE,0,0.049982135,0.500000000,-10.500000000,0.450824762,0.439725648,-7.671623503,-0.048975952,0.060274352,-2.828376497,0.499800713,-0.303067671,-2.984637093,0.749762033,-0.250673527,-2.424986930,-0.000708712,-0.052394145,-0.559650163,0.750470745,-7.495092953,-450.000000000,64.548225093,0.110228400,-0.002804143,-9.494516489,116.747402360,-112.999855884,108.252597640,-112.000144116,-32.274112546,-32.274112546
1786021448.465536356,71.550267940,0.000000000,NONE,0,0.050025327,0.500000000,-10.500000000,0.450824762,0.440597660,-7.793521656,-0.048956142,0.059402340,-2.706478344,0.499780904,-0.300160002,-2.984143571,0.752860053,-0.250168705,-2.425228026,0.001712914,-0.049991297,-0.558915545,0.751147140,-7.275294721,-450.000000000,64.593820809,0.110084371,-0.002789152,-9.494158085,116.692363202,-113.054715841,108.307636798,-111.945284159,-32.296910404,-32.296910404
1786021448.515527487,71.600259027,0.000000000,NONE,0,0.049966125,0.500000000,-10.500000000,0.450824762,0.441493042,-7.915427193,-0.048938696,0.058506958,-2.584572807,0.499763458,-0.297002292,-2.983708402,0.755805341,-0.249203907,-2.425452892,0.004061944,-0.047798385,-0.558255511,0.751743397,-7.059104558,-450.000000000,64.633971067,0.109939908,-0.002764138,-9.493837780,116.638235584,-113.108683305,108.361764416,-111.891316695,-32.316985534,-32.316985534
1786021448.565604925,71.650336560,0.000000000,TARGET_UPDATED,0,0.050082382,0.500000000,-11.500000000,0.451061304,0.442431740,-8.037337235,-0.048922348,0.057568260,-3.462662765,0.499983652,-0.313752065,-2.981519446,0.758000431,-0.247874572,-2.425661813,0.006319392,-0.065877493,-0.555857633,0.751681039,-9.038390412,-450.000000000,64.616427580,0.109795287,-0.002730408,-9.493603010,117.132998356,-112.613803150,107.867001644,-112.386196850,-32.308213790,-32.308213790
1786021448.615550518,71.700282016,0.000000000,NONE,0,0.049950155,0.500000000,-11.500000000,0.451061304,0.443259134,-8.159268154,-0.048904874,0.056740866,-3.340731846,0.499966178,-0.311457576,-2.981104123,0.760549992,-0.252650794,-2.425856170,0.008201972,-0.058806782,-0.555247953,0.752348019,-8.044640246,-450.000000000,64.677714281,0.109651416,-0.002694471,-9.493406908,116.884511789,-112.862191665,108.115488211,-112.137808335,-32.338857140,-32.338857140
1786021448.665544510,71.750276207,0.000000000,NONE,0,0.050012255,0.500000000,-11.500000000,0.451061304,0.443862459,-8.281231459,-0.048885633,0.056137541,-3.218768541,0.499946936,-0.308904706,-2.980758250,0.762914641,-0.255439394,-2.426032861,0.009989977,-0.053465311,-0.554725390,0.752924663,-7.684691624,-450.000000000,64.716256474,0.109509036,-0.002653578,-9.493378978,116.794517651,-112.952171838,108.205482349,-112.047828162,-32.358128237,-32.358128237
1786021448.715545893,71.800277591,0.000000000,NONE,0,0.049964737,0.500000000,-11.500000000,0.451061304,0.444361493,-8.403213272,-0.048867119,0.055638507,-3.096786728,0.499928423,-0.306124046,-2.980474602,0.765113181,-0.256781842,-2.426195182,0.011655913,-0.049342204,-0.554279420,0.753457268,-7.381237618,-450.000000000,64.752668383,0.109367798,-0.002612191,-9.493422929,116.718665137,-113.028046328,108.281334863,-111.971953672,-32.376334192,-32.376334192
1786021448.765578508,71.850310225,0.000000000,TARGET_UPDATED,0,0.050062309,0.500000000,-11.500000000,0.451132881,0.444803815,-8.525207643,-0.048851528,0.055196185,-2.974792357,0.499984409,-0.303124833,-2.980249489,0.767263475,-0.257288262,-2.426342772,0.013191562,-0.045836571,-0.553906717,0.754071913,-7.097373568,-450.000000000,64.797311516,0.109227441,-0.002573149,-9.493521132,116.647723675,-113.099036891,108.352276325,-111.900963109,-32.398655758,-32.398655758
1786021448.815495253,71.900226864,0.000000000,NONE,0,0.049919259,0.500000000,-11.500000000,0.451132881,0.445225428,-8.647209919,-0.048838858,0.054774572,-2.852790081,0.499971739,-0.299899751,-2.980082981,0.769156669,-0.257132886,-2.426475739,0.014658387,-0.042766865,-0.553607241,0.754498282,-6.830015195,-450.000000000,64.823420934,0.109087652,-0.002538192,-9.493578697,116.580898473,-113.165890876,108.419101527,-111.834109124,-32.411710467,-32.411710467
1786021448.865528345,71.950259961,0.000000000,NONE,0,0.050009720,0.500000000,-11.500000000,0.451132881,0.445655136,-8.769216244,-0.048828695,0.054344864,-2.730783756,0.499961576,-0.296453760,-2.979972576,0.770903471,-0.256451975,-2.426594295,0.016004990,-0.040001785,-0.553378282,0.754898480,-6.573279560,-450.000000000,64.850896039,0.108948142,-0.002506530,-9.493631450,116.516727752,-113.230087972,108.483272248,-111.769912028,-32.425448020,-32.425448020
1786021448.915583134,72.000314956,0.000000000,NONE,0,0.050014813,0.500000000,-11.500000000,0.451132881,0.446115682,-8.891223422,-0.048821767,0.053884318,-2.608776578,0.499954648,-0.292785291,-2.979917209,0.772507709,-0.255354257,-2.426698602,0.017247208,-0.037431034,-0.553218607,0.755260501,-6.320743894,-450.000000000,64.875473347,0.108808705,-0.002477878,-9.493647148,116.453597760,-113.293225814,108.546402240,-111.706774186,-32.437736674,-32.437736674
1786021448.965669155,72.050400594,0.000000000,TARGET_UPDATED,0,0.050154006,0.500000000,-12.500000000,0.451178233,0.446625313,-9.013228765,-0.048817578,0.053374687,-3.486771235,0.499995811,-0.307265972,-2.978258888,0.773338345,-0.253918722,-2.426788823,0.018398038,-0.053347250,-0.551470065,0.754940308,-8.060310680,-450.000000000,64.839437329,0.108669209,-0.002451276,-9.493653839,116.888491130,-112.858335790,108.111508870,-112.141664210,-32.419718664,-32.419718664
1786021449.015579939,72.100311409,0.000000000,NONE,0,0.049888633,0.500000000,-12.500000000,0.451178233,0.447044360,-9.135246793,-0.048815963,0.052955640,-3.364753207,0.499994197,-0.304506438,-2.978215799,0.774592427,-0.258002400,-2.426866115,0.019189647,-0.046504038,-0.551349684,0.755402780,-7.115826707,-450.000000000,64.887464662,0.108530564,-0.002429841,-9.493605484,116.652358048,-113.094444694,108.347641952,-111.905555306,-32.443732331,-32.443732331
1786021449.065544605,72.150276391,0.000000000,NONE,0,0.049977286,0.500000000,-12.500000000,0.451178233,0.447270960,-9.257287698,-0.048816145,0.052729040,-3.242712302,0.499994378,-0.301525399,-2.978237200,0.775675811,-0.260288905,-2.426927332,0.019956818,-0.041236494,-0.551309868,0.755718993,-6.746392866,-450.000000000,64.906656671,0.108393442,-0.002408061,-9.493687949,116.560020204,-113.186823771,108.439979796,-111.813176229,-32.453328335,-32.453328335
1786021449.115622044,72.200353817,0.000000000,NONE,0,0.050001330,0.500000000,-12.500000000,0.451178233,0.447413458,-9.379339031,-0.048815577,0.052586542,-3.120660969,0.499993810,-0.298345761,-2.978316760,0.776598452,-0.261269351,-2.426975640,0.020670346,-0.037076411,-0.551341120,0.755928106,-6.428924252,-450.000000000,64.919149581,0.108257145,-0.002389163,-9.493799148,116.480680850,-113.266218724,108.519319150,-111.733781276,-32.459574790,-32.459574790
1786021449.166126966,72.250858533,0.000000000,TARGET_UPDATED,0,0.050449328,0.500000000,-12.500000000,0.451184423,0.447514963,-9.501395408,-0.048814219,0.052485037,-2.998604592,0.499998642,-0.294968765,-2.978452128,0.777375902,-0.261489607,-2.427010847,0.021275841,-0.033479158,-0.551441281,0.756100061,-6.130247549,-450.000000000,64.930412757,0.108121279,-0.002374717,-9.493983621,116.406057793,-113.340934018,108.593942207,-111.659065982,-32.465206378,-32.465206378
1786021449.215531826,72.300263361,0.000000000,NONE,0,0.049555500,0.500000000,-12.500000000,0.451184423,0.447590702,-9.599041060,-0.048813048,0.052409298,-2.900958940,0.499997471,-0.292124828,-2.978599331,0.777883936,-0.261130786,-2.427029645,0.021682212,-0.030994042,-0.551569686,0.756201724,-5.923414926,-450.000000000,64.936172178,0.108012615,-0.002368268,-9.496060290,116.354868804,-113.393161341,108.645131196,-111.606838659,-32.468086089,-32.468086089
1786021449.265527725,72.350259407,0.000000000,NONE,0,0.049996445,0.500000000,-12.500000000,0.451184423,0.447698451,-9.721096070,-0.048812312,0.052301549,-2.778903930,0.499996735,-0.288385634,-2.978831580,0.778388590,-0.260433973,-2.427041876,0.022069617,-0.027951661,-0.551789705,0.756318973,-5.627318185,-450.000000000,64.944673248,0.107875411,-0.002410783,-9.495445570,116.280690939,-113.467031846,108.719309061,-111.532968154,-32.472336624,-32.472336624
1786021449.315543652,72.400275139,0.000000000,NONE,0,0.049996811,0.500000000,-12.500000000,0.451184423,0.447836174,-9.843146454,-0.048813255,0.052163826,-2.656853546,0.499997678,-0.284430132,-2.979116983,0.778753026,-0.259307982,-2.427041473,0.022342799,-0.025122150,-0.552075511,0.756410227,-5.354346613,-450.000000000,64.950541102,0.107735199,-0.002454493,-9.494564314,116.212227732,-113.535054425,108.787772268,-111.464945575,-32.475270551,-32.475270551
1786021449.365561962,72.450293399,0.000000000,TARGET_UPDATED,0,0.050027254,0.500000000,-13.500000000,0.451186745,0.448024255,-9.965189302,-0.048816072,0.051975745,-3.534810698,0.500002817,-0.297577075,-2.977896016,0.778517528,-0.257817926,-2.427028329,0.022513408,-0.039759149,-0.550867687,0.756004120,-6.947749988,-450.000000000,64.912170647,0.107592969,-0.002474919,-9.493746854,116.610374211,-113.136499217,108.389625789,-111.863500783,-32.456085324,-32.456085324
1786021449.415504217,72.500235812,0.000000000,NONE,0,0.049921423,0.500000000,-13.500000000,0.451186745,0.448153282,-10.087235737,-0.048821442,0.051846718,-3.412764263,0.500008187,-0.294563751,-2.978184171,0.778568982,-0.261038370,-2.427003521,0.022402710,-0.033525381,-0.551180651,0.756166272,-6.071989374,-450.000000000,64.934887195,0.107450876,-0.002473090,-9.493125917,116.391278823,-113.355284136,108.608721177,-111.644715864,-32.467443597,-32.467443597
1786021449.465506077,72.550237788,0.000000000,NONE,0,0.050026086,0.500000000,-13.500000000,0.451186745,0.448103936,-10.209297792,-0.048829287,0.051896064,-3.290702208,0.500016032,-0.291353211,-2.978530763,0.778462506,-0.263176826,-2.426964130,0.022233040,-0.028176385,-0.551566633,0.756229466,-5.679964933,-450.000000000,64.937325828,0.107310812,-0.002451871,-9.492869664,116.293208649,-113.453226183,108.706791351,-111.546773817,-32.468662914,-32.468662914
1786021449.515563965,72.600295627,0.000000000,NONE,0,0.050070730,0.500000000,-13.500000000,0.451186745,0.447980365,-10.331363645,-0.048837050,0.052019635,-3.168636355,0.500023795,-0.287966320,-2.978927712,0.778215027,-0.263913487,-2.426913509,0.022020546,-0.024052833,-0.552014203,0.756194481,-5.364123371,-450.000000000,64.932914991,0.107172801,-0.002421069,-9.492869173,116.214248136,-113.532186450,108.785751864,-111.467813550,-32.466457496,-32.466457496
1786021449.565619230,72.650350807,0.000000000,TARGET_UPDATED,0,0.050023314,0.500000000,-13.500000000,0.451162950,0.447827140,-10.453427923,-0.048844025,0.052172860,-3.046572077,0.500006975,-0.284403650,-2.979371679,0.777801167,-0.263903067,-2.426851986,0.021725524,-0.020500583,-0.552519693,0.756075643,-5.065566967,-450.000000000,64.922919384,0.107036812,-0.002389480,-9.493014628,116.139645399,-113.606861915,108.860354601,-111.393138085,-32.461459692,-32.461459692
1786021449.615552425,72.700284261,0.000000000,NONE,0,0.049946191,0.500000000,-13.500000000,0.451162950,0.447675820,-10.575486680,-0.048850847,0.052324180,-2.924513320,0.500013797,-0.280663913,-2.979858626,0.777303917,-0.263309134,-2.426780173,0.021325688,-0.017354779,-0.553078453,0.755978229,-4.784471347,-450.000000000,64.916525605,0.106902603,-0.002362253,-9.493228919,116.069425067,-113.677189393,108.930574933,-111.322810607,-32.458262803,-32.458262803
1786021449.665495634,72.750227214,0.000000000,NONE,0,0.049917330,0.500000000,-13.500000000,0.451162950,0.447552116,-10.697536644,-0.048858355,0.052447884,-2.802463356,0.500021305,-0.276741800,-2.980386004,0.776698900,-0.262244899,-2.426698708,0.020842831,-0.014496901,-0.553687296,0.755856069,-4.514800726,-450.000000000,64.907477572,0.106769812,-0.002341932,-9.493468235,116.002067240,-113.744666877,108.997932760,-111.255333123,-32.453738786,-32.453738786
1786021449.715545416,72.800276937,0.000000000,NONE,0,0.050046507,0.500000000,-13.500000000,0.451162950,0.447476707,-10.819575129,-0.048866612,0.052523293,-2.680424871,0.500029562,-0.272630600,-2.980951153,0.775995681,-0.260800066,-2.426608269,0.020286017,-0.011830535,-0.554342883,0.755709664,-4.251345335,-450.000000000,64.896751133,0.106638051,-0.002329493,-9.493725447,115.936267696,-113.810595028,109.063732304,-111.189404972,-32.448375566,-32.448375566
1786021449.765638828,72.850370643,0.000000000,TARGET_UPDATED,0,0.050121612,0.500000000,-13.500000000,0.451133388,0.447466516,-10.941599896,-0.048875727,0.052533484,-2.558400104,0.500009115,-0.268320604,-2.981552096,0.775159119,-0.259039789,-2.426509578,0.019661894,-0.009280815,-0.555042519,0.755497225,-3.989779521,-450.000000000,64.880567250,0.106506933,-0.002325438,-9.493953120,115.870933160,-113.876043400,109.129066840,-111.123956600,-32.440283625,-32.440283625
1786021449.815575838,72.900307513,0.000000000,TARGET_UPDATED,0,0.049940183,0.500000000,-14.500000000,0.451133388,0.447535800,-11.063609032,-0.048886074,0.052464200,-3.436390968,0.500019462,-0.282519790,-2.980536861,0.774032546,-0.257009044,-2.426403376,0.018964081,-0.025510745,-0.554133485,0.755068465,-5.713188485,-450.000000000,64.846207048,0.106376099,-0.002329065,-9.494075067,116.301815888,-113.445221646,108.698184112,-111.554778354,-32.423103524,-32.423103524
1786021449.865563631,72.950295278,0.000000000,NONE,0,0.049983268,0.500000000,-14.500000000,0.451133388,0.447561528,-11.185615349,-0.048898317,0.052438472,-3.314384651,0.500031705,-0.279365892,-2.981090854,0.773061032,-0.260125337,-2.426291370,0.018109809,-0.019240555,-0.554799484,0.754951222,-4.802486578,-450.000000000,64.844239917,0.106245940,-0.002340517,-9.494168848,116.074163857,-113.672920567,108.925836143,-111.327079433,-32.422119958,-32.422119958
1786021449.915577650,73.000309224,0.000000000,NONE,0,0.050024431,0.500000000,-14.500000000,0.451133388,0.447412907,-11.307632331,-0.048911845,0.052587093,-3.192367669,0.500045233,-0.276012477,-2.981684482,0.771995169,-0.262146590,-2.426170963,0.017229275,-0.013865886,-0.555513519,0.754765893,-4.409513152,-450.000000000,64.829907777,0.106116845,-0.002354540,-9.494317849,115.975957750,-113.771201174,109.024042250,-111.228798826,-32.414953888,-32.414953888
1786021449.965636492,73.050368238,0.000000000,TARGET_UPDATED,0,0.050054403,0.500000000,-14.500000000,0.451088155,0.447198224,-11.429648169,-0.048924774,0.052801776,-3.070351831,0.500012929,-0.272478344,-2.982309305,0.770789111,-0.262721919,-2.426045943,0.016335358,-0.009756425,-0.556263361,0.754453753,-4.096058813,-450.000000000,64.805526700,0.105988066,-0.002372094,-9.494450356,115.897627292,-113.849597886,109.102372708,-111.150402114,-32.402763350,-32.402763350
1786021450.015518427,73.100250178,0.000000000,NONE,0,0.049874856,0.500000000,-14.500000000,0.451088155,0.446962767,-11.551657809,-0.048937238,0.053037233,-2.948342191,0.500025393,-0.268762954,-2.982960024,0.769592819,-0.262534099,-2.425916720,0.015383244,-0.006228855,-0.557043304,0.754209576,-3.800001892,-450.000000000,64.789774488,0.105859180,-0.002393475,-9.494485091,115.823621746,-113.923620800,109.176378254,-111.076379200,-32.394887244,-32.394887244
1786021450.065505505,73.150237231,0.000000000,NONE,0,0.049967131,0.500000000,-14.500000000,0.451088155,0.446738721,-11.673657635,-0.048949888,0.053261279,-2.826342365,0.500038043,-0.264860413,-2.983633653,0.768351994,-0.261743936,-2.425783962,0.014408484,-0.003116477,-0.557849691,0.753943510,-3.522433502,-450.000000000,64.770720854,0.105729930,-0.002416242,-9.494483477,115.754229245,-113.993012494,109.245770755,-111.006987506,-32.385360427,-32.385360427
1786021450.115609646,73.200341312,0.000000000,NONE,0,0.050062646,0.500000000,-14.500000000,0.451088155,0.446552604,-11.795644692,-0.048962226,0.053447396,-2.704355308,0.500050381,-0.260764344,-2.984327086,0.767077025,-0.260463368,-2.425648402,0.013417261,-0.000300976,-0.558678685,0.753659764,-3.256852853,-450.000000000,64.750515702,0.105600222,-0.002438889,-9.494453614,115.687826617,-114.059400190,109.312173383,-110.940599810,-32.375257851,-32.375257851
1786021450.166047573,73.250778829,0.000000000,TARGET_UPDATED,0,0.050401590,0.500000000,-14.500000000,0.451037774,0.446425959,-11.917616598,-0.048974311,0.053574041,-2.582383402,0.500012085,-0.256465971,-2.985038094,0.765702273,-0.258781085,-2.425510750,0.012408743,0.002315114,-0.559527344,0.753293530,-2.998105376,-450.000000000,64.723280795,0.105470051,-0.002460479,-9.494455773,115.623140287,-114.124087599,109.376859713,-110.875912401,-32.361640397,-32.361640397
1786021450.215646505,73.300378200,0.000000000,TARGET_UPDATED,0,0.049699784,0.500000000,-15.500000000,0.451037774,0.446378257,-12.039571230,-0.048987269,0.053621743,-3.460428770,0.500025043,-0.270772231,-2.984128184,0.764341368,-0.256727590,-2.425371692,0.011358141,-0.014044641,-0.558756492,0.752983227,-4.720940092,-450.000000000,64.702582338,0.105339444,-0.002481542,-9.494267271,116.053801841,-113.693331795,108.946198159,-111.306668205,-32.351291169,-32.351291169
1786021450.265553236,73.350284887,0.000000000,NONE,0,0.049901207,0.500000000,-15.500000000,0.451037774,0.446260718,-12.161524344,-0.049001914,0.053739282,-3.338475656,0.500039688,-0.267650432,-2.984757960,0.763002273,-0.260355021,-2.425232726,0.010271054,-0.007295411,-0.559525234,0.752731218,-3.771561321,-450.000000000,64.686135131,0.105208922,-0.002500328,-9.494137739,115.816424765,-113.930644104,109.183575235,-111.069355896,-32.343067565,-32.343067565
1786021450.315556526,73.400288282,0.000000000,NONE,0,0.049994233,0.500000000,-15.500000000,0.451037774,0.445992710,-12.283483830,-0.049016997,0.054007290,-3.216516170,0.500054771,-0.264319752,-2.985406694,0.761646364,-0.261747609,-2.425087804,0.009204333,-0.002572143,-0.560318890,0.752442031,-3.444481720,-450.000000000,64.665157741,0.105071538,-0.002659888,-9.492057385,115.734134776,-114.011893916,109.265865224,-110.988106084,-32.332578871,-32.332578871
1786021450.365581036,73.450312682,0.000000000,TARGET_UPDATED,0,0.050065314,0.500000000,-15.500000000,0.450983003,0.445675548,-12.405439842,-0.049031255,0.054324452,-3.094560158,0.500014258,-0.260823750,-2.986069047,0.760193856,-0.262046384,-2.424951691,0.008148735,0.001222634,-0.561117356,0.752045120,-3.147863806,-450.000000000,64.635230571,0.104935928,-0.002614210,-9.492172608,115.660009104,-114.086077200,109.339990896,-110.913922800,-32.317615285,-32.317615285
1786021450.415547609,73.500279198,0.000000000,NONE,0,0.049942375,0.500000000,-15.500000000,0.450983003,0.445348015,-12.527388079,-0.049045206,0.054651985,-2.972611921,0.500028209,-0.257164211,-2.986739257,0.758827156,-0.261637085,-2.424813495,0.007069282,0.004472874,-0.561925761,0.751757874,-2.873026364,-450.000000000,64.617299609,0.104803585,-0.002563969,-9.492555914,115.591395569,-114.154882387,109.408604431,-110.845117613,-32.308649805,-32.308649805
1786021450.465537071,73.550268630,0.000000000,NONE,0,0.049984352,0.500000000,-15.500000000,0.450983003,0.445041762,-12.649325278,-0.049059085,0.054958238,-2.850674722,0.500042088,-0.253334969,-2.987414949,0.757474765,-0.260648096,-2.424676269,0.006023877,0.007313127,-0.562738680,0.751450889,-2.617431973,-450.000000000,64.595420585,0.104674084,-0.002523795,-9.493061689,115.527623416,-114.218907429,109.472376584,-110.781092571,-32.297710293,-32.297710293
1786021450.515561104,73.600292823,0.000000000,NONE,0,0.050019616,0.500000000,-15.500000000,0.450983003,0.444783448,-12.771248795,-0.049072192,0.055216552,-2.728751205,0.500055194,-0.249327668,-2.988093974,0.756144372,-0.259173004,-2.424541242,0.005003828,0.009845336,-0.563552732,0.751140544,-2.375360072,-450.000000000,64.573633665,0.104546716,-0.002498180,-9.493587192,115.467236816,-114.279556780,109.532763184,-110.720443220,-32.286816832,-32.286816832
1786021450.565632105,73.650363665,0.000000000,TARGET_UPDATED,0,0.050084852,0.500000000,-15.500000000,0.450927808,0.444593070,-12.893156723,-0.049084403,0.055406930,-2.606843277,0.500012212,-0.245130908,-2.988774541,0.754761588,-0.257332567,-2.424409091,0.004011871,0.012201659,-0.564365451,0.750749717,-2.138260569,-450.000000000,64.544676841,0.104420799,-0.002487420,-9.494081224,115.408085448,-114.338955164,109.591914552,-110.661044836,-32.272338421,-32.272338421
1786021450.615603685,73.700335436,0.000000000,TARGET_UPDATED,0,0.049972727,0.500000000,-16.500000000,0.450927808,0.444488217,-13.015047441,-0.049096731,0.055511783,-3.484952559,0.500024539,-0.259882564,-2.987820458,0.753621375,-0.255160314,-2.424280428,0.003016097,-0.004722250,-0.563540030,0.750605278,-3.894909033,-450.000000000,64.539479073,0.104295430,-0.002490955,-9.494440172,115.847337301,-113.899882785,109.152662699,-111.100117215,-32.269739537,-32.269739537
1786021450.665556669,73.750288462,0.000000000,NONE,0,0.049937632,0.500000000,-16.500000000,0.450927808,0.444316625,-13.136937163,-0.049109337,0.055683375,-3.363062837,0.500037145,-0.256904972,-2.988393899,0.752386417,-0.258752890,-2.424156374,0.002092117,0.001847918,-0.564237524,0.750294300,-2.957015991,-450.000000000,64.514373706,0.104170014,-0.002508253,-9.494637936,115.612913482,-114.134405486,109.387086518,-110.865594514,-32.257186853,-32.257186853
1786021450.715591192,73.800322722,0.000000000,NONE,0,0.050006386,0.500000000,-16.500000000,0.450927808,0.443997168,-13.258834440,-0.049121364,0.056002832,-3.241165560,0.500049173,-0.253742338,-2.988974304,0.751171141,-0.260100850,-2.424034267,0.001170443,0.006358511,-0.564940036,0.750000698,-2.650546630,-450.000000000,64.494177580,0.104044046,-0.002529745,-9.494751328,115.536324489,-114.211051175,109.463675511,-110.788948825,-32.247088790,-32.247088790
1786021450.765585661,73.850317367,0.000000000,TARGET_UPDATED,0,0.050039175,0.500000000,-16.500000000,0.450878636,0.443633619,-13.380728665,-0.049132795,0.056366381,-3.119271335,0.500011431,-0.250414470,-2.989555737,0.749916533,-0.260313427,-2.423917256,0.000273284,0.009898957,-0.565638481,0.749643249,-2.377282460,-450.000000000,64.467884071,0.103917295,-0.002553353,-9.494774991,115.468014363,-114.279373133,109.531985637,-110.720626867,-32.233942036,-32.233942036
1786021450.815551758,73.900283451,0.000000000,NONE,0,0.049954720,0.500000000,-16.500000000,0.450878636,0.443265488,-13.502615957,-0.049144353,0.056734512,-2.997384043,0.500022988,-0.246916273,-2.990135721,0.748780640,-0.259798508,-2.423805118,-0.000619482,0.012882236,-0.566330603,0.749400122,-2.126003764,-450.000000000,64.453141590,0.103789674,-0.002576618,-9.494702246,115.405176503,-114.342174620,109.594823497,-110.657825380,-32.226570795,-32.226570795
1786021450.865528584,73.950260146,0.000000000,NONE,0,0.049992176,0.500000000,-16.500000000,0.450878636,0.442925308,-13.624493190,-0.049156130,0.057074692,-2.875506810,0.500034766,-0.243243899,-2.990711155,0.747701422,-0.258678315,-2.423698373,-0.001446980,0.015434415,-0.567012782,0.749148401,-1.895285185,-450.000000000,64.435352887,0.103661315,-0.002596654,-9.494597695,115.347470720,-114.399828127,109.652529280,-110.600171873,-32.217676443,-32.217676443
1786021450.915625811,74.000357392,0.000000000,NONE,0,0.049996259,0.500000000,-16.500000000,0.450878636,0.442691289,-13.721986056,-0.049164980,0.057308711,-2.778013944,0.500043616,-0.240176485,-2.991167378,0.746880923,-0.257385113,-2.423616907,-0.002069662,0.017208627,-0.567550471,0.748950585,-1.733228714,-450.000000000,64.422584321,0.103558207,-0.002609373,-9.496576938,115.307451413,-114.440837056,109.692548587,-110.559162944,-32.211292161,-32.211292161
1786021450.965630293,74.050361773,0.000000000,TARGET_UPDATED,0,0.050092950,0.500000000,-16.500000000,0.450835020,0.442423685,-13.868208791,-0.049176109,0.057576315,-2.631791209,0.500011129,-0.235341022,-2.991845958,0.745652336,-0.255246514,-2.423501635,-0.002905976,0.019905492,-0.568344323,0.748558312,-1.442879260,-450.000000000,64.391250965,0.103401347,-0.002681459,-9.493666588,115.234136462,-114.512696832,109.765863538,-110.487303168,-32.195625482,-32.195625482
1786021451.015624762,74.100356363,0.000000000,TARGET_UPDATED,0,0.049989443,0.500000000,-17.500000000,0.450835020,0.442298542,-13.990043981,-0.049184503,0.057701458,-3.509956019,0.500019523,-0.250654496,-2.990765415,0.745009049,-0.252850207,-2.423411898,-0.003608259,0.002195711,-0.567353517,0.748617308,-3.268547278,-450.000000000,64.404391722,0.103269092,-0.002675784,-9.493467655,115.690503733,-114.056230094,109.309496267,-110.943769906,-32.202195861,-32.202195861
1786021451.065575838,74.150307666,0.000000000,NONE,0,0.049942675,0.500000000,-17.500000000,0.450835020,0.442114867,-14.111879309,-0.049192741,0.057885133,-3.388120691,0.500027761,-0.247854855,-2.991209425,0.744175120,-0.256328077,-2.423328879,-0.004164866,0.008473222,-0.567880546,0.748339986,-2.345141952,-450.000000000,64.378246238,0.103137687,-0.002657362,-9.493441473,115.459645856,-114.287074880,109.540354144,-110.712925120,-32.189123119,-32.189123119
1786021451.115586996,74.200318696,0.000000000,NONE,0,0.049966950,0.500000000,-17.500000000,0.450835020,0.441788717,-14.233723634,-0.049199860,0.058211283,-3.266276366,0.500034880,-0.244880873,-2.991653114,0.743386496,-0.257542295,-2.423249813,-0.004728547,0.012661422,-0.568403301,0.748115043,-2.065503354,-450.000000000,64.363551173,0.103007093,-0.002635314,-9.493508321,115.389752919,-114.357001242,109.610247081,-110.642998758,-32.181775586,-32.181775586
1786021451.166482925,74.251214712,0.000000000,TARGET_UPDATED,0,0.050677319,0.500000000,-17.500000000,0.450800140,0.441499064,-14.331198165,-0.049205187,0.058500936,-3.168801835,0.500005327,-0.242392335,-2.992003892,0.742745350,-0.257614622,-2.423191616,-0.005162516,0.015222288,-0.568812276,0.747907865,-1.886906247,-450.000000000,64.349462381,0.102903348,-0.002617866,-9.495812938,115.345679796,-114.402226673,109.654320204,-110.597773327,-32.174731191,-32.174731191
1786021451.215542316,74.300274022,0.000000000,NONE,0,0.049331952,0.500000000,-17.500000000,0.450800140,0.441131094,-14.453037360,-0.049211520,0.058868906,-3.046962640,0.500011660,-0.239135354,-2.992436797,0.742066394,-0.257252392,-2.423125104,-0.005665506,0.018117038,-0.569311693,0.747731900,-1.629812308,-450.000000000,64.337666082,0.102773456,-0.002645019,-9.495290056,115.281275591,-114.466369437,109.718724409,-110.533630563,-32.168833041,-32.168833041
1786021451.265516281,74.350247920,0.000000000,NONE,0,0.049993634,0.500000000,-17.500000000,0.450800140,0.440786191,-14.574869400,-0.049217766,0.059213809,-2.925130600,0.500017906,-0.235705634,-2.992862022,0.741458063,-0.256165849,-2.423065561,-0.006120810,0.020460214,-0.569796461,0.747578873,-1.422830008,-450.000000000,64.327460180,0.102641581,-0.002678466,-9.494668463,115.229374618,-114.517959614,109.770625382,-110.482040386,-32.163730090,-32.163730090
1786021451.315541744,74.400273410,0.000000000,NONE,0,0.050000552,0.500000000,-17.500000000,0.450800140,0.440495819,-14.696691381,-0.049223530,0.059504181,-2.803308619,0.500023670,-0.232101108,-2.993277938,0.740924773,-0.254539255,-2.423012845,-0.006510963,0.022438146,-0.570265093,0.747435737,-1.230464488,-450.000000000,64.317638858,0.102508632,-0.002692340,-9.494144722,115.181152302,-114.565920059,109.818847698,-110.434079941,-32.158819429,-32.158819429
1786021451.365958691,74.450690398,0.000000000,TARGET_UPDATED,0,0.050419226,0.500000000,-17.500000000,0.450776470,0.440282470,-14.818501333,-0.049228410,0.059717530,-2.681498667,0.500004880,-0.228316375,-2.993682933,0.740435759,-0.252497263,-2.422967071,-0.006833008,0.024180888,-0.570715862,0.747268767,-1.047156218,-450.000000000,64.305502031,0.102375585,-0.002688615,-9.493861665,115.135254471,-114.611676362,109.864745529,-110.388323638,-32.152751015,-32.152751015
1786021451.415597677,74.500329172,0.000000000,NONE,0,0.049598079,0.500000000,-17.500000000,0.450776470,0.440165263,-14.940297663,-0.049232547,0.059834737,-2.559702337,0.500009017,-0.224341497,-2.994077704,0.740060728,-0.250097675,-2.422927889,-0.007103217,0.025756178,-0.571149815,0.747163944,-0.868971600,-450.000000000,64.299362665,0.102243191,-0.002673544,-9.493562983,115.090633646,-114.656147846,109.909366354,-110.343852154,-32.149681332,-32.149681332
1786021451.465607405,74.550339031,0.000000000,TARGET_UPDATED,0,0.050050442,0.500000000,-18.500000000,0.450776470,0.440160750,-15.062079043,-0.049236168,0.059839250,-3.437920957,0.500012638,-0.241500753,-2.992727798,0.740125764,-0.247387936,-2.422895578,-0.007301624,0.005887183,-0.569832220,0.747427389,-2.871028725,-450.000000000,64.325180803,0.102111984,-0.002648265,-9.493540717,115.591142361,-114.155627998,109.408857639,-110.844372002,-32.162590401,-32.162590401
1786021451.515617371,74.600349027,0.000000000,NONE,0,0.049941746,0.500000000,-18.500000000,0.450776470,0.440127290,-15.183860403,-0.049238152,0.059872710,-3.316139597,0.500014622,-0.238933960,-2.992987941,0.739909893,-0.250478312,-2.422871173,-0.007331423,0.011544352,-0.570116768,0.747241316,-1.962227826,-450.000000000,64.303166339,0.101981795,-0.002623149,-9.493563045,115.363947718,-114.382833805,109.636052282,-110.617166195,-32.151583169,-32.151583169
1786021451.565613031,74.650344631,0.000000000,TARGET_UPDATED,0,0.050070375,0.500000000,-18.500000000,0.450761848,0.439930852,-15.305655664,-0.049238280,0.060069148,-3.194344336,0.500000128,-0.236179618,-2.993248579,0.739717797,-0.252119593,-2.422851153,-0.007380528,0.015939975,-0.570397426,0.747098325,-1.661150834,-450.000000000,64.294026917,0.101852199,-0.002596928,-9.493657088,115.288701980,-114.458126564,109.711298020,-110.541873436,-32.147013459,-32.147013459
1786021451.615555286,74.700286939,0.000000000,NONE,0,0.049941074,0.500000000,-18.500000000,0.450761848,0.439689708,-15.427453092,-0.049238446,0.060310292,-3.072546908,0.500000294,-0.233263899,-2.993503481,0.739611741,-0.252263529,-2.422838617,-0.007434350,0.018999630,-0.570664864,0.747046091,-1.438324770,-450.000000000,64.292180419,0.101723538,-0.002571698,-9.493776902,115.233025418,-114.513863033,109.766974582,-110.486136967,-32.146090210,-32.146090210
1786021451.665531874,74.750263676,0.000000000,NONE,0,0.049990298,0.500000000,-18.500000000,0.450761848,0.439450710,-15.549248264,-0.049239230,0.060549290,-2.950751736,0.500001078,-0.230186303,-2.993750893,0.739575747,-0.251611161,-2.422833054,-0.007444086,0.021424858,-0.570917839,0.747019833,-1.236985770,-450.000000000,64.290863057,0.101595843,-0.002548586,-9.493950063,115.182733958,-114.564241073,109.817266042,-110.435758927,-32.145431529,-32.145431529
1786021451.715571404,74.800303091,0.000000000,NONE,0,0.049926699,0.500000000,-18.500000000,0.450761848,0.439248062,-15.671038048,-0.049240142,0.060751938,-2.828961952,0.500001991,-0.226941528,-2.993989792,0.739612835,-0.250323786,-2.422834354,-0.007394216,0.023382258,-0.571155439,0.747007051,-1.057507926,-450.000000000,64.290237575,0.101469049,-0.002529642,-9.494128019,115.137908986,-114.609155023,109.862091014,-110.390844977,-32.145118787,-32.145118787
1786021451.765587568,74.850319220,0.000000000,TARGET_UPDATED,0,0.050132373,0.500000000,-18.500000000,0.450759858,0.439109924,-15.792819933,-0.049240632,0.060890076,-2.707180067,0.500000490,-0.223521998,-2.994219645,0.739721390,-0.248520177,-2.422842409,-0.007280073,0.024998180,-0.571377236,0.747001463,-0.893415991,-450.000000000,64.289990981,0.101343021,-0.002515043,-9.494352901,115.096942223,-114.650234227,109.903057777,-110.349765773,-32.144995491,-32.144995491
1786021451.815528631,74.900260365,0.000000000,NONE,0,0.049928211,0.500000000,-18.500000000,0.450759858,0.439059147,-15.914591949,-0.049240287,0.060940853,-2.585408051,0.500000145,-0.219917086,-2.994440471,0.739907472,-0.246295623,-2.422857055,-0.007103129,0.026378536,-0.571583416,0.747010601,-0.738264329,-450.000000000,64.290925088,0.101217572,-0.002505958,-9.494515011,115.058194835,-114.689062671,109.941805165,-110.310937329,-32.145462544,-32.145462544
1786021451.865618229,74.950349781,0.000000000,TARGET_UPDATED,0,0.050091227,0.500000000,-19.500000000,0.450759858,0.439114617,-16.036352526,-0.049238920,0.060885383,-3.463647474,0.499998778,-0.237437483,-2.992945598,0.740538545,-0.243718757,-2.422878082,-0.006865178,0.006281273,-0.570067517,0.747403723,-2.755058615,-450.000000000,64.326108697,0.101092496,-0.002501380,-9.494682435,115.562435262,-114.184905955,109.437564738,-110.815094045,-32.163054349,-32.163054349
1786021451.915688038,75.000419468,0.000000000,NONE,0,0.050001142,0.500000000,-19.500000000,0.450759858,0.439137594,-16.158116109,-0.049235757,0.060862406,-3.341883891,0.499995614,-0.235206655,-2.993041799,0.740856769,-0.246871161,-2.422906226,-0.006470924,0.011664506,-0.570135573,0.747327693,-1.872598861,-450.000000000,64.311417957,0.100967127,-0.002504423,-9.494719373,115.341829558,-114.405530128,109.658170442,-110.594469872,-32.155708979,-32.155708979
1786021451.965596199,75.050327748,0.000000000,TARGET_UPDATED,0,0.049984357,0.500000000,-19.500000000,0.450764243,0.438996496,-16.279896174,-0.049230833,0.061003504,-3.220103826,0.499995076,-0.232788338,-2.993142274,0.741213759,-0.248540091,-2.422937692,-0.006118016,0.015751753,-0.570204582,0.747331775,-1.598872245,-450.000000000,64.313305950,0.100840918,-0.002508086,-9.494666963,115.273384802,-114.473948679,109.726615198,-110.526051321,-32.156652975,-32.156652975
1786021452.015541792,75.100273402,0.000000000,NONE,0,0.049928565,0.500000000,-19.500000000,0.450764243,0.438810719,-16.401680919,-0.049226074,0.061189281,-3.098319081,0.499990317,-0.230209621,-2.993241357,0.741611707,-0.248687321,-2.422975291,-0.005779034,0.018477700,-0.570266065,0.747390741,-1.405071631,-450.000000000,64.318532867,0.100714311,-0.002509390,-9.494582422,115.224913513,-114.522377698,109.775086487,-110.477622302,-32.159266433,-32.159266433
1786021452.065516949,75.150248787,0.000000000,NONE,0,0.049980884,0.500000000,-19.500000000,0.450764243,0.438627963,-16.523465795,-0.049221975,0.061372037,-2.976534205,0.499986219,-0.227470162,-2.993338139,0.742060043,-0.248021327,-2.423018188,-0.005419273,0.020551165,-0.570319951,0.747479316,-1.233450595,-450.000000000,64.325324259,0.100587605,-0.002507428,-9.494520516,115.181992778,-114.565267480,109.818007222,-110.434732520,-32.162662130,-32.162662130
1786021452.115575552,75.200307127,0.000000000,NONE,0,0.050027889,0.500000000,-19.500000000,0.450764243,0.438482981,-16.645247554,-0.049218404,0.061517019,-2.854752446,0.499982647,-0.224565661,-2.993432289,0.742559327,-0.246709085,-2.423065956,-0.005022843,0.022143425,-0.570366332,0.747582170,-1.084386115,-450.000000000,64.332807868,0.100461063,-0.002502711,-9.494495987,115.144720525,-114.602527468,109.855279475,-110.397472532,-32.166403934,-32.166403934
1786021452.165760040,75.250491691,0.000000000,TARGET_UPDATED,0,0.050194686,0.500000000,-19.500000000,0.450781596,0.438404254,-16.767023571,-0.049214868,0.061595746,-2.732976429,0.499996464,-0.221489406,-2.993524007,0.743134247,-0.244874643,-2.423118201,-0.004582282,0.023385237,-0.570405805,0.747716530,-0.950919187,-450.000000000,64.342833850,0.100334870,-0.002496360,-9.494536621,115.111363952,-114.635904358,109.888636048,-110.364095642,-32.171416925,-32.171416925
1786021452.215531588,75.300263112,0.000000000,NONE,0,0.049804052,0.500000000,-19.500000000,0.450781596,0.438415172,-16.888791729,-0.049210562,0.061584828,-2.611208271,0.499992158,-0.218233535,-2.993613602,0.743729844,-0.242608358,-2.423174508,-0.004087859,0.024374822,-0.570439094,0.747817703,-0.827510177,-450.000000000,64.349270649,0.100209111,-0.002490283,-9.494518351,115.080507132,-114.666752044,109.919492868,-110.333247956,-32.174635325,-32.174635325
1786021452.265600681,75.350332562,0.000000000,TARGET_UPDATED,0,0.050072995,0.500000000,-20.500000000,0.450781596,0.438535294,-17.010550284,-0.049205032,0.061464706,-3.489449716,0.499986628,-0.235935445,-2.992029889,0.744688876,-0.239979049,-2.423234446,-0.003560781,0.004043604,-0.568795443,0.748249657,-2.856709102,-450.000000000,64.386102473,0.100083832,-0.002483376,-9.494588109,115.587824303,-114.159469752,109.412175697,-110.840530248,-32.193051237,-32.193051237
1786021452.315658808,75.400390256,0.000000000,NONE,0,0.049927742,0.500000000,-20.500000000,0.450781596,0.438606174,-17.132315395,-0.049197922,0.061393826,-3.367684605,0.499979518,-0.234005503,-2.992016971,0.745338706,-0.243465151,-2.423298502,-0.002922825,0.009459648,-0.568718469,0.748261531,-1.973735293,-450.000000000,64.378544984,0.099958653,-0.002481440,-9.494574559,115.367077463,-114.380209817,109.632922537,-110.619790183,-32.189272492,-32.189272492
1786021452.365590811,75.450322354,0.000000000,TARGET_UPDATED,0,0.050056864,0.500000000,-20.500000000,0.450802078,0.438527965,-17.254097081,-0.049189780,0.061472035,-3.245902919,0.499991858,-0.231894239,-2.992015274,0.746023686,-0.244772981,-2.423362926,-0.002365454,0.012878743,-0.568652349,0.748389139,-1.761516993,-450.000000000,64.389789036,0.099833359,-0.002478317,-9.494576964,115.314023489,-114.433264993,109.685976511,-110.566735007,-32.194894518,-32.194894518
1786021452.415546179,75.500277699,0.000000000,NONE,0,0.049883518,0.500000000,-20.500000000,0.450802078,0.438437940,-17.351526460,-0.049183550,0.061562060,-3.148473540,0.499985628,-0.230092775,-2.992018915,0.746557293,-0.244829229,-2.423416678,-0.001929961,0.014736453,-0.568602237,0.748487253,-1.641048069,-450.000000000,64.396074577,0.099733259,-0.002475284,-9.496549381,115.284399363,-114.463875328,109.715600637,-110.536124672,-32.198037288,-32.198037288
1786021452.465469837,75.550201681,0.000000000,NONE,0,0.049999419,0.500000000,-20.500000000,0.450802078,0.438326023,-17.473314827,-0.049176430,0.061673977,-3.026685173,0.499978508,-0.227694169,-2.992029877,0.747237728,-0.244315859,-2.423485971,-0.001404546,0.016621690,-0.568543907,0.748642275,-1.474672402,-450.000000000,64.408059701,0.099607367,-0.002514903,-9.496042413,115.242678704,-114.505342503,109.757321296,-110.494657497,-32.204029851,-32.204029851
1786021452.515532732,75.600264484,0.000000000,NONE,0,0.050022173,0.500000000,-20.500000000,0.450802078,0.438244236,-17.595102163,-0.049170555,0.061755764,-2.904897837,0.499972633,-0.225121651,-2.992048190,0.747934687,-0.243127421,-2.423557125,-0.000874036,0.018005770,-0.568491065,0.748808723,-1.345643525,-450.000000000,64.419938060,0.099479159,-0.002558883,-9.495298321,115.210235461,-114.537413699,109.789764539,-110.462586301,-32.209969030,-32.209969030
1786021452.565581560,75.650313313,0.000000000,TARGET_UPDATED,0,0.050075369,0.500000000,-20.500000000,0.450829445,0.438224097,-17.716885388,-0.049165223,0.061775903,-2.783114612,0.499994668,-0.222372717,-2.992073601,0.748688148,-0.241371110,-2.423629489,-0.000321582,0.018998393,-0.568444112,0.749009730,-1.234774708,-450.000000000,64.434695220,0.099349545,-0.002581700,-9.494650915,115.182356406,-114.564969052,109.817643594,-110.435030948,-32.217347610,-32.217347610
1786021452.615652561,75.700384008,0.000000000,NONE,0,0.049931265,0.500000000,-20.500000000,0.450829445,0.438289507,-17.838662177,-0.049159375,0.061710493,-2.661337823,0.499988820,-0.219444289,-2.992106133,0.749413061,-0.239177450,-2.423702515,0.000265130,0.019733161,-0.568403619,0.749147932,-1.133581826,-450.000000000,64.443123039,0.099219633,-0.002583693,-9.494146405,115.156932058,-114.590141145,109.843067942,-110.409858855,-32.221561519,-32.221561519
1786021452.665555954,75.750287744,0.000000000,TARGET_UPDATED,0,0.050042182,0.500000000,-21.500000000,0.450829445,0.438459545,-17.960430685,-0.049152282,0.061540455,-3.539569315,0.499981727,-0.236794430,-2.990541014,0.750367726,-0.236631383,-2.423775785,0.000859295,-0.000163047,-0.566765230,0.749508431,-3.117280279,-450.000000000,64.472794114,0.099090347,-0.002568950,-9.493868331,115.652787152,-114.094147013,109.347212848,-110.905852987,-32.236397057,-32.236397057
1786021452.715535641,75.800267227,0.000000000,NONE,0,0.049946551,0.500000000,-21.500000000,0.450829445,0.438626014,-18.082201761,-0.049144164,0.061373986,-3.417798239,0.499973609,-0.235120533,-2.990491489,0.751078965,-0.239033750,-2.423850012,0.001491846,0.003913217,-0.566641477,0.749587119,-2.355722095,-450.000000000,64.472673735,0.098962219,-0.002546767,-9.493725561,115.462361914,-114.284500866,109.537638086,-110.715499134,-32.236336868,-32.236336868
1786021452.765563726,75.850295381,0.000000000,TARGET_UPDATED,0,0.050067291,0.500000000,-21.500000000,0.450855836,0.438628047,-18.203991271,-0.049135338,0.061371953,-3.296008729,0.499991173,-0.233263948,-2.990463484,0.751795331,-0.240920774,-2.423921339,0.002055563,0.007656827,-0.566542146,0.749739768,-2.096271371,-450.000000000,64.484832628,0.098835476,-0.002519344,-9.493757238,115.397507152,-114.349371467,109.602492848,-110.650628533,-32.242416314,-32.242416314
1786021452.815493822,75.900225503,0.000000000,NONE,0,0.049912916,0.500000000,-21.500000000,0.450855836,0.438580669,-18.325787774,-0.049127117,0.061419331,-3.174212226,0.499982953,-0.231248057,-2.990451027,0.752455072,-0.241112171,-2.423992503,0.002572276,0.009864114,-0.566458524,0.749882796,-1.949466288,-450.000000000,64.494661277,0.098710358,-0.002490918,-9.493885907,115.360838049,-114.386104905,109.639161951,-110.613895095,-32.247330639,-32.247330639
1786021452.865476370,75.950207994,0.000000000,NONE,0,0.049993251,0.500000000,-21.500000000,0.450855836,0.438536218,-18.447586072,-0.049119690,0.061463782,-3.052413928,0.499975526,-0.229074083,-2.990452997,0.753100837,-0.240464720,-2.424062814,0.003059507,0.011390637,-0.566390183,0.750041330,-1.823539342,-450.000000000,64.506064228,0.098586795,-0.002465484,-9.494112516,115.329412965,-114.417643294,109.670587035,-110.582356706,-32.253032114,-32.253032114
1786021452.915553093,76.000284554,0.000000000,NONE,0,0.050012671,0.500000000,-21.500000000,0.450855836,0.438528539,-18.569382786,-0.049113338,0.061471461,-2.930617214,0.499969174,-0.226737733,-2.990469010,0.753734532,-0.239196291,-2.424131880,0.003530145,0.012458558,-0.566337130,0.750204387,-1.717532174,-450.000000000,64.517567387,0.098464534,-0.002446097,-9.494374475,115.302976662,-114.444210575,109.697023338,-110.555789425,-32.258783694,-32.258783694
1786021452.965578318,76.050309859,0.000000000,TARGET_UPDATED,0,0.050062042,0.500000000,-21.500000000,0.450886662,0.438584981,-18.691175171,-0.049107772,0.061415019,-2.808824829,0.499994433,-0.224232816,-2.990498934,0.754402573,-0.237428587,-2.424199410,0.003996422,0.013195771,-0.566299525,0.750406151,-1.625707275,-450.000000000,64.532460872,0.098343191,-0.002434360,-9.494630891,115.280084542,-114.467230904,109.719915458,-110.532769096,-32.266230436,-32.266230436
1786021453.015475512,76.100207024,0.000000000,NONE,0,0.049917935,0.500000000,-21.500000000,0.450886662,0.438727317,-18.812961024,-0.049102151,0.061272683,-2.687038976,0.499988813,-0.221552234,-2.990543058,0.755011029,-0.235262730,-2.424265115,0.004476091,0.013710496,-0.566277943,0.750534938,-1.541891255,-450.000000000,64.540025650,0.098222334,-0.002430472,-9.494807370,115.259174656,-114.488229029,109.740825344,-110.511770971,-32.270012825,-32.270012825
1786021453.065611601,76.150343106,0.000000000,NONE,0,0.050121906,0.500000000,-21.500000000,0.450886662,0.438972995,-18.934738557,-0.049095779,0.061027005,-2.565261443,0.499982441,-0.218685978,-2.990601782,0.755604340,-0.232774603,-2.424328726,0.004943850,0.014088626,-0.566273056,0.750660491,-1.461422756,-450.000000000,64.548739276,0.098101573,-0.002432617,-9.494959111,115.239095467,-114.508384089,109.760904533,-110.491615911,-32.274369638,-32.274369638
1786021453.115565300,76.200296941,0.000000000,TARGET_UPDATED,0,0.049967141,0.500000000,-22.500000000,0.450886662,0.439336290,-19.056506280,-0.049089272,0.060663710,-3.443493720,0.499975934,-0.237177710,-2.989017609,0.756284550,-0.230019545,-2.424389987,0.005390255,-0.007158165,-0.564627622,0.750894295,-3.571301467,-450.000000000,64.567279771,0.097980603,-0.002439600,-9.495003265,115.766576183,-113.980925449,109.233423817,-111.019074551,-32.283639886,-32.283639886
1786021453.165632486,76.250364145,0.000000000,TARGET_UPDATED,0,0.050090032,0.500000000,-22.500000000,0.450910728,0.439698556,-19.178275807,-0.049082913,0.060301444,-3.321724193,0.499993641,-0.235614930,-2.989006965,0.756841239,-0.232560813,-2.424449786,0.005823186,-0.003054117,-0.564557179,0.751018052,-2.782739096,-450.000000000,64.573734362,0.097859269,-0.002451987,-9.494976237,115.569428833,-114.178059285,109.430571167,-110.821940715,-32.286867181,-32.286867181
1786021453.215525627,76.300257377,0.000000000,NONE,0,0.049893321,0.500000000,-22.500000000,0.450910728,0.439888557,-19.300063687,-0.049076545,0.060111443,-3.199936313,0.499987273,-0.233848131,-2.989026026,0.757304319,-0.234575569,-2.424504139,0.006196101,0.000727438,-0.564521888,0.751108218,-2.522400077,-450.000000000,64.579382465,0.097737616,-0.002464347,-9.494873276,115.504318338,-114.243118300,109.495681662,-110.756881700,-32.289691232,-32.289691232
1786021453.265530825,76.350262677,0.000000000,NONE,0,0.050001283,0.500000000,-22.500000000,0.450910728,0.440026136,-19.421857983,-0.049070540,0.059973864,-3.078142017,0.499981268,-0.231903589,-2.989067852,0.757728155,-0.234830259,-2.424556074,0.006512329,0.002926670,-0.564511778,0.751215826,-2.378977816,-450.000000000,64.587259887,0.097615648,-0.002473350,-9.494787650,115.468441366,-114.278952459,109.531558634,-110.721047541,-32.293629943,-32.293629943
1786021453.315562725,76.400294260,0.000000000,NONE,0,0.050006486,0.500000000,-22.500000000,0.450910728,0.440161593,-19.543653611,-0.049065488,0.059838407,-2.956346389,0.499976216,-0.229783432,-2.989130938,0.758117601,-0.234296234,-2.424604991,0.006788511,0.004512801,-0.564525947,0.751329090,-2.249266879,-450.000000000,64.595301261,0.097493445,-0.002479602,-9.494699501,115.435991595,-114.311358156,109.564008405,-110.688641844,-32.297650630,-32.297650630
1786021453.365596533,76.450328143,0.000000000,TARGET_UPDATED,0,0.050070499,0.500000000,-22.500000000,0.450934512,0.440327481,-19.665447223,-0.049061437,0.059672519,-2.834552777,0.499995949,-0.227483970,-2.989214261,0.758511722,-0.233150456,-2.424650631,0.007038536,0.005666486,-0.564563630,0.751473186,-2.138421675,-450.000000000,64.606000863,0.097371072,-0.002483260,-9.494623877,115.408261388,-114.339050550,109.591738612,-110.660949450,-32.303000431,-32.303000431
1786021453.415536642,76.500268385,0.000000000,NONE,0,0.049917355,0.500000000,-22.500000000,0.450934512,0.440551563,-19.787235947,-0.049057717,0.059448437,-2.712764053,0.499992229,-0.225001177,-2.989317261,0.758840759,-0.231492735,-2.424692863,0.007285034,0.006491558,-0.564624399,0.751555725,-2.041675558,-450.000000000,64.610554248,0.097248588,-0.002484573,-9.494520830,115.384049097,-114.363211318,109.615950903,-110.636788682,-32.305277124,-32.305277124
1786021453.465550900,76.550282618,0.000000000,NONE,0,0.050009110,0.500000000,-22.500000000,0.450934512,0.440855728,-19.909017488,-0.049053870,0.059144272,-2.590982512,0.499988381,-0.222328686,-2.989439458,0.759141320,-0.229434801,-2.424731570,0.007506745,0.007106114,-0.564707887,0.751634575,-1.951834644,-450.000000000,64.615996974,0.097126060,-0.002483016,-9.494448572,115.361570804,-114.385653482,109.638429196,-110.614346518,-32.307998487,-32.307998487
1786021453.515622616,76.600354415,0.000000000,TARGET_UPDATED,0,0.050081276,0.500000000,-23.500000000,0.450934512,0.441257550,-20.030789972,-0.049050231,0.058742450,-3.469210028,0.499984743,-0.239961304,-2.988006137,0.759410013,-0.227051170,-2.424766651,0.007704261,-0.012910134,-0.563239487,0.751705752,-3.953952637,-450.000000000,64.620823874,0.097003561,-0.002479269,-9.494402268,115.862088726,-113.885112408,109.137911274,-111.114887592,-32.310411937,-32.310411937
1786021453.565607071,76.650338708,0.000000000,TARGET_UPDATED,0,0.049984858,0.500000000,-23.500000000,0.450949769,0.441621769,-20.152566447,-0.049046997,0.058378231,-3.347433553,0.499996766,-0.238467646,-2.988074609,0.759628882,-0.230230987,-2.424799033,0.007846259,-0.008236659,-0.563275576,0.751782624,-3.146486964,-450.000000000,64.626321548,0.096881324,-0.002477494,-9.494326248,115.660203303,-114.086959821,109.339796697,-110.913040179,-32.313160774,-32.313160774
1786021453.615547419,76.700279100,0.000000000,NONE,0,0.049939564,0.500000000,-23.500000000,0.450949769,0.441822327,-20.274358834,-0.049044097,0.058177673,-3.225641166,0.499993866,-0.236775578,-2.988173215,0.759765991,-0.231950873,-2.424825181,0.007933379,-0.004824705,-0.563348035,0.751832612,-2.928705222,-450.000000000,64.629283787,0.096759573,-0.002473300,-9.494292334,115.605749389,-114.141396778,109.394250611,-110.858603222,-32.314641893,-32.314641893
1786021453.665526867,76.750258543,0.000000000,NONE,0,0.049988205,0.500000000,-23.500000000,0.450949769,0.441971588,-20.396156020,-0.049041564,0.058028412,-3.103843980,0.499991333,-0.234909331,-2.988296154,0.759858014,-0.232271114,-2.424848100,0.007975595,-0.002638217,-0.563448054,0.751882419,-2.780170418,-450.000000000,64.632765675,0.096638202,-0.002467592,-9.494301279,115.568617924,-114.178532715,109.431382076,-110.821467285,-32.316382838,-32.316382838
1786021453.715542555,76.800274281,0.000000000,NONE,0,0.049989860,0.500000000,-23.500000000,0.450949769,0.442114156,-20.517953483,-0.049039582,0.057885844,-2.982046517,0.499989351,-0.232868919,-2.988441681,0.759910800,-0.231825368,-2.424867282,0.007982930,-0.001043551,-0.563574400,0.751927870,-2.650824972,-450.000000000,64.635860113,0.096517131,-0.002461989,-9.494321354,115.536286582,-114.210874095,109.463713418,-110.789125905,-32.317930056,-32.317930056
1786021453.765582323,76.850314086,0.000000000,TARGET_UPDATED,0,0.050075887,0.500000000,-23.500000000,0.450960418,0.442282861,-20.639747854,-0.049038110,0.057717139,-2.860252146,0.499998528,-0.230651450,-2.988608426,0.759944916,-0.230770943,-2.424882659,0.007963811,0.000119494,-0.563725766,0.751981105,-2.540681012,-450.000000000,64.639740441,0.096396249,-0.002457053,-9.494354466,115.508758869,-114.238418363,109.491241131,-110.761581637,-32.319870220,-32.319870220
1786021453.815552235,76.900284046,0.000000000,NONE,0,0.049959684,0.500000000,-23.500000000,0.450960418,0.442504309,-20.761536378,-0.049036887,0.057495691,-2.738463622,0.499997305,-0.228252566,-2.988795498,0.759931690,-0.229230590,-2.424894225,0.007928801,0.000978024,-0.563901273,0.752002889,-2.442670345,-450.000000000,64.640638246,0.096275441,-0.002453222,-9.494347870,115.484254554,-114.262919381,109.515745446,-110.737080619,-32.320319123,-32.320319123
1786021453.865528822,76.950260604,0.000000000,NONE,0,0.049976130,0.500000000,-23.500000000,0.450960418,0.442799661,-20.883316831,-0.049035765,0.057200339,-2.616683169,0.499996182,-0.225666193,-2.989002134,0.759889745,-0.227301714,-2.424901980,0.007870565,0.001635521,-0.564100153,0.752019180,-2.351202973,-450.000000000,64.641668569,0.096154613,-0.002449598,-9.494328786,115.461382940,-114.285781453,109.538617060,-110.714218547,-32.320834285,-32.320834285
1786021453.915936470,77.000668250,0.000000000,TARGET_UPDATED,0,0.050406923,0.500000000,-24.500000000,0.450960418,0.443185968,-21.005087396,-0.049034944,0.056814032,-3.494912604,0.499995361,-0.242366550,-2.987734412,0.759730941,-0.225057583,-2.424905933,0.007791187,-0.017308967,-0.562828479,0.751939755,-4.250167217,-450.000000000,64.634207144,0.096033728,-0.002445695,-9.494378508,115.936136431,-113.811052823,109.063863569,-111.188947177,-32.317103572,-32.317103572
1786021453.965612650,77.050344221,0.000000000,TARGET_UPDATED,0,0.049672003,0.500000000,-24.500000000,0.450965056,0.443534635,-21.126860330,-0.049034715,0.056465365,-3.373139670,0.499999771,-0.240872172,-2.987892126,0.759592472,-0.228106559,-2.424907075,0.007630679,-0.012765613,-0.562985051,0.751961793,-3.476135621,-450.000000000,64.637769220,0.095912946,-0.002446267,-9.494238620,115.742593560,-114.004525750,109.257406440,-110.995474250,-32.318884610,-32.318884610
1786021454.015552282,77.100283821,0.000000000,NONE,0,0.049934241,0.500000000,-24.500000000,0.450965056,0.443725548,-21.248646864,-0.049035176,0.056274452,-3.251353136,0.500000232,-0.239181983,-2.988078619,0.759393620,-0.229770965,-2.424902116,0.007427639,-0.009411018,-0.563176502,0.751965981,-3.260675317,-450.000000000,64.637702560,0.095792466,-0.002443308,-9.494196443,115.688717940,-114.058380282,109.311282060,-110.941619718,-32.318851280,-32.318851280
1786021454.065529346,77.150261001,0.000000000,NONE,0,0.049987326,0.500000000,-24.500000000,0.450965056,0.443865525,-21.370436531,-0.049036006,0.056134475,-3.129563469,0.500001062,-0.237319079,-2.988288088,0.759155022,-0.230102491,-2.424894029,0.007199121,-0.007216588,-0.563394059,0.751955901,-3.110124542,-450.000000000,64.636711373,0.095672226,-0.002438283,-9.494192334,115.651079219,-114.096016948,109.348920781,-110.903983052,-32.318355686,-32.318355686
1786021454.115566254,77.200297879,0.000000000,NONE,0,0.049997318,0.500000000,-24.500000000,0.450965056,0.443997143,-21.492225063,-0.049037059,0.056002857,-3.007774937,0.500002115,-0.235283688,-2.988518499,0.758883080,-0.229701786,-2.424882464,0.006947451,-0.005581902,-0.563636034,0.751935629,-2.977498935,-450.000000000,64.635088562,0.095552167,-0.002432979,-9.494195355,115.617923572,-114.129174105,109.382076428,-110.870825895,-32.317544281,-32.317544281
1786021454.165613174,77.250344655,0.000000000,TARGET_UPDATED,0,0.050094469,0.500000000,-24.500000000,0.450962941,0.444151793,-21.614009280,-0.049038265,0.055848207,-2.885990720,0.500001207,-0.233073203,-2.988768211,0.758580371,-0.228719256,-2.424867492,0.006676629,-0.004353947,-0.563900718,0.751903741,-2.862725376,-450.000000000,64.632625356,0.095432215,-0.002427827,-9.494211926,115.589234326,-114.157871637,109.410765674,-110.842128363,-32.316312678,-32.316312678
1786021454.215539217,77.300270979,0.000000000,NONE,0,0.049915706,0.500000000,-24.500000000,0.450962941,0.444353501,-21.735786723,-0.049039612,0.055646499,-2.764213277,0.500002553,-0.230682874,-2.989035981,0.758257914,-0.227303190,-2.424849235,0.006389370,-0.003379684,-0.564186745,0.751868543,-2.756466962,-450.000000000,64.630092875,0.095312300,-0.002423236,-9.494179768,115.562661683,-114.184428202,109.437338317,-110.815571798,-32.315046438,-32.315046438
1786021454.265524626,77.350256479,0.000000000,NONE,0,0.049987489,0.500000000,-24.500000000,0.450962941,0.444624357,-21.857555134,-0.049041254,0.055375643,-2.642444866,0.500004195,-0.228108046,-2.989320516,0.757917549,-0.225468695,-2.424827833,0.006088475,-0.002639351,-0.564492683,0.751829074,-2.660467392,-450.000000000,64.627245586,0.095192381,-0.002418105,-9.494154421,115.538655453,-114.208421757,109.461344547,-110.791578243,-32.313622793,-32.313622793
1786021454.316032410,77.400764021,0.000000000,TARGET_UPDATED,0,0.050122410,0.500000000,-25.500000000,0.450962941,0.444980860,-21.979312804,-0.049043223,0.055019140,-3.520687196,0.500006164,-0.243878943,-2.988203318,0.757415248,-0.223339777,-2.424803430,0.005779466,-0.020539166,-0.563399888,0.751635782,-4.461997519,-450.000000000,64.610648345,0.095072470,-0.002412372,-9.494149403,115.989036731,-113.758037971,109.010963269,-111.241962029,-32.305324173,-32.305324173
1786021454.365583420,77.450314995,0.000000000,TARGET_UPDATED,0,0.049948028,0.500000000,-25.500000000,0.450956777,0.445293956,-22.101071959,-0.049045805,0.054706044,-3.398928041,0.500002582,-0.242320972,-2.988437162,0.756987243,-0.226394639,-2.424777072,0.005381313,-0.015926333,-0.563660090,0.751605930,-3.700015335,-450.000000000,64.611817435,0.094952747,-0.002409599,-9.494084690,115.798525006,-113.948517339,109.201474994,-111.051482661,-32.305908717,-32.305908717
1786021454.415499449,77.500231133,0.000000000,NONE,0,0.049879226,0.500000000,-25.500000000,0.450956777,0.445457765,-22.222842413,-0.049049210,0.054542235,-3.277157587,0.500005987,-0.240572175,-2.988694763,0.756532957,-0.227917565,-2.424745833,0.004961792,-0.012654610,-0.563948930,0.751571165,-3.490501936,-450.000000000,64.609284539,0.094833362,-0.002404618,-9.494044200,115.746136534,-114.000885566,109.253863466,-110.999114434,-32.304642269,-32.304642269
1786021454.465525866,77.550257410,0.000000000,NONE,0,0.050057072,0.500000000,-25.500000000,0.450956777,0.445573218,-22.344614437,-0.049052896,0.054426782,-3.155385563,0.500009673,-0.238654171,-2.988970655,0.756055800,-0.228231762,-2.424712680,0.004541551,-0.010422409,-0.564257975,0.751514249,-3.333982785,-450.000000000,64.604860413,0.094714248,-0.002397931,-9.494064114,115.707011725,-114.040020332,109.292988275,-110.959979668,-32.302430206,-32.302430206
1786021454.515597105,77.600328796,0.000000000,NONE,0,0.050002252,0.500000000,-25.500000000,0.450956777,0.445679638,-22.466384185,-0.049056453,0.054320362,-3.033615815,0.500013230,-0.236566734,-2.989262648,0.755562551,-0.227859156,-2.424677379,0.004117389,-0.008707578,-0.564585269,0.751445163,-3.194286308,-450.000000000,64.599779718,0.094595361,-0.002391530,-9.494077125,115.672090858,-114.074947704,109.327909142,-110.925052296,-32.299889859,-32.299889859
1786021454.565631628,77.650363503,0.000000000,TARGET_UPDATED,0,0.050086670,0.500000000,-25.500000000,0.450943547,0.445806789,-22.588148735,-0.049059791,0.054193211,-2.911851265,0.500003339,-0.234307090,-2.989568962,0.755039814,-0.226935342,-2.424640116,0.003689779,-0.007371748,-0.564928846,0.751350035,-3.071188205,-450.000000000,64.592603191,0.094476636,-0.002385517,-9.494103356,115.641322890,-114.105728788,109.358677110,-110.894271212,-32.296301595,-32.296301595
1786021454.615539789,77.700271462,0.000000000,NONE,0,0.049911965,0.500000000,-25.500000000,0.450943547,0.445978763,-22.709905728,-0.049063202,0.054021237,-2.790094272,0.500006749,-0.231871663,-2.989887979,0.754533359,-0.225572113,-2.424601106,0.003253286,-0.006299550,-0.565286873,0.751280073,-2.958041377,-450.000000000,64.588203436,0.094358022,-0.002380299,-9.494085564,115.613031735,-114.134011047,109.386968265,-110.865988953,-32.294101718,-32.294101718
1786021454.665541410,77.750272938,0.000000000,NONE,0,0.049985196,0.500000000,-25.500000000,0.450943547,0.446214745,-22.831653285,-0.049066908,0.053785255,-2.668346715,0.500010455,-0.229254544,-2.990218520,0.754028568,-0.223857149,-2.424560557,0.002824011,-0.005397395,-0.565657963,0.751204557,-2.849909743,-450.000000000,64.582808229,0.094239497,-0.002374752,-9.494080216,115.585997490,-114.161042618,109.414002510,-110.838957382,-32.291404115,-32.291404115
1786021454.715583563,77.800315195,0.000000000,TARGET_UPDATED,0,0.050059624,0.500000000,-26.500000000,0.450943547,0.446530218,-22.953389896,-0.049070761,0.053469782,-3.546610104,0.500014308,-0.244150441,-2.989210344,0.753355345,-0.221856772,-2.424518688,0.002404954,-0.022293669,-0.564691656,0.750950392,-4.556216118,-450.000000000,64.561450174,0.094121081,-0.002369084,-9.494086904,116.012575756,-113.734467696,108.987424244,-111.265532304,-32.280725087,-32.280725087
1786021454.765606642,77.850338374,0.000000000,TARGET_UPDATED,0,0.050026946,0.500000000,-26.500000000,0.450929239,0.446796509,-23.075127714,-0.049075098,0.053203491,-3.424872286,0.500004337,-0.242487332,-2.989483476,0.752793596,-0.224923970,-2.424476529,0.001903145,-0.017563362,-0.565006947,0.750890451,-3.802150261,-450.000000000,64.561133355,0.094002852,-0.002366496,-9.494059887,115.824052537,-113.922977407,109.175947463,-111.077022593,-32.280566677,-32.280566677
1786021454.815523386,77.900254971,0.000000000,NONE,0,0.049923186,0.500000000,-26.500000000,0.450929239,0.446918809,-23.196875507,-0.049080200,0.053081191,-3.303124493,0.500009439,-0.240637052,-2.989773999,0.752240972,-0.226374125,-2.424431402,0.001403242,-0.014262927,-0.565342597,0.750837730,-3.590281502,-450.000000000,64.557585075,0.093884860,-0.002362490,-9.494034645,115.771079037,-113.975938286,109.228920963,-111.024061714,-32.278792538,-32.278792538
1786021454.865517616,77.950249220,0.000000000,NONE,0,0.049993150,0.500000000,-26.500000000,0.450929239,0.446994487,-23.318624073,-0.049085441,0.053005513,-3.181375927,0.500014680,-0.238620538,-2.990076775,0.751687532,-0.226678931,-2.424386181,0.000926792,-0.011941607,-0.565690595,0.750760740,-3.424875523,-450.000000000,64.551711774,0.093767086,-0.002357145,-9.494041570,115.729729273,-114.017291512,109.270270727,-110.982708488,-32.275855887,-32.275855887
1786021454.915560961,78.000292616,0.000000000,NONE,0,0.050016472,0.500000000,-26.500000000,0.450929239,0.447060617,-23.440369908,-0.049090264,0.052939383,-3.059630092,0.500019503,-0.236437396,-2.990389722,0.751139502,-0.226331946,-2.424340645,0.000466861,-0.010105450,-0.566049077,0.750672640,-3.275205537,-450.000000000,64.545323422,0.093649532,-0.002351630,-9.494060458,115.692316499,-114.054713730,109.307683501,-110.945286270,-32.272661711,-32.272661711
1786021454.965620041,78.050351652,0.000000000,TARGET_UPDATED,0,0.050074306,0.500000000,-26.500000000,0.450909736,0.447145557,-23.562110348,-0.049094572,0.052854443,-2.937889652,0.500004308,-0.234084715,-2.990711138,0.750573732,-0.225459955,-2.424294992,0.000021406,-0.008624761,-0.566416146,0.750552326,-3.140913335,-450.000000000,64.536260097,0.093532182,-0.002346465,-9.494091178,115.658751128,-114.088294461,109.341248872,-110.911705539,-32.268130049,-32.268130049
1786021455.015558243,78.100289781,0.000000000,NONE,0,0.049930110,0.500000000,-26.500000000,0.450909736,0.447272294,-23.683843250,-0.049098792,0.052727706,-2.816156750,0.500008528,-0.231559020,-2.991039556,0.750054653,-0.224168642,-2.424249436,-0.000419805,-0.007390378,-0.566790120,0.750474458,-3.015778747,-450.000000000,64.531652492,0.093415009,-0.002342011,-9.494090331,115.627467269,-114.119577896,109.372532731,-110.880422104,-32.265826246,-32.265826246
1786021455.065546274,78.150277920,0.000000000,NONE,0,0.049992616,0.500000000,-26.500000000,0.450909736,0.447459174,-23.805566926,-0.049103225,0.052540826,-2.694433074,0.500012962,-0.228854114,-2.991373907,0.749557942,-0.222541099,-2.424204178,-0.000834947,-0.006313015,-0.567169729,0.750392888,-2.895056923,-450.000000000,64.525870566,0.093298009,-0.002337452,-9.494104345,115.597290317,-114.149761855,109.402709683,-110.850238145,-32.262935283,-32.262935283
1786021455.115551949,78.200283702,0.000000000,NONE,0,0.049995010,0.500000000,-26.500000000,0.450909736,0.447721040,-23.927280031,-0.049107612,0.052278960,-2.572719969,0.500017348,-0.225962286,-2.991713350,0.749086984,-0.220640096,-2.424159419,-0.001221754,-0.005322191,-0.567553931,0.750308738,-2.774729386,-450.000000000,64.519928515,0.093181199,-0.002333149,-9.494119778,115.567212291,-114.179847598,109.432787709,-110.820152402,-32.259964257,-32.259964257
1786021455.165660143,78.250391707,0.000000000,TARGET_UPDATED,0,0.050112713,0.500000000,-27.500000000,0.450892388,0.448070122,-24.048981479,-0.049111868,0.051929878,-3.451018521,0.500004257,-0.241232978,-2.990678669,0.748436588,-0.218511645,-2.424115358,-0.001579892,-0.022721333,-0.566563311,0.750016480,-4.526606848,-450.000000000,64.495321556,0.093064588,-0.002329155,-9.494158313,116.005191290,-113.741887866,108.994808710,-111.258112134,-32.247660778,-32.247660778
1786021455.215543747,78.300275521,0.000000000,NONE,0,0.049890495,0.500000000,-27.500000000,0.450892388,0.448327672,-24.146342218,-0.049115573,0.051672328,-3.353657782,0.500007961,-0.239754478,-2.990890349,0.748071268,-0.220872969,-2.424081733,-0.001926460,-0.018881510,-0.566808616,0.749997728,-3.838598851,-450.000000000,64.499465060,0.092971399,-0.002328982,-9.495981695,115.833645137,-113.914345711,109.166354863,-111.085654289,-32.249732530,-32.249732530
1786021455.265570402,78.350302044,0.000000000,NONE,0,0.050025834,0.500000000,-27.500000000,0.450892388,0.448497531,-24.268054190,-0.049120892,0.051502469,-3.231945810,0.500013281,-0.237721377,-2.991167886,0.747618290,-0.223087409,-2.424038220,-0.002337331,-0.014633968,-0.567129665,0.749955621,-3.529861275,-450.000000000,64.496051804,0.092854040,-0.002367756,-9.495495377,115.756339163,-113.991408525,109.243660837,-111.008591475,-32.248025902,-32.248025902
1786021455.315724850,78.400456475,0.000000000,NONE,0,0.050166634,0.500000000,-27.500000000,0.450892388,0.448595828,-24.389769394,-0.049125728,0.051404172,-3.110230606,0.500018116,-0.235500333,-2.991454382,0.747182061,-0.223751506,-2.423996578,-0.002702463,-0.011748827,-0.567457804,0.749884525,-3.334303928,-450.000000000,64.490499509,0.092734290,-0.002410968,-9.494787621,115.707272887,-114.040120923,109.292727113,-110.959879077,-32.245249754,-32.245249754
1786021455.365577698,78.450309280,0.000000000,TARGET_UPDATED,0,0.049862496,0.500000000,-27.500000000,0.450874272,0.448672071,-24.511483271,-0.049129708,0.051327929,-2.988516729,0.500003981,-0.233097717,-2.991747191,0.746741694,-0.223624325,-2.423956453,-0.003038765,-0.009473392,-0.567790737,0.749780460,-3.156182592,-450.000000000,64.482545126,0.092612982,-0.002433875,-9.494089711,115.662568076,-114.084476780,109.337431924,-110.915523220,-32.241272563,-32.241272563
1786021455.415527344,78.500258983,0.000000000,NONE,0,0.049942022,0.500000000,-27.500000000,0.450874272,0.448757289,-24.633193003,-0.049133166,0.051242711,-2.866806997,0.500007439,-0.230515099,-2.992044474,0.746357416,-0.222925284,-2.423917808,-0.003358812,-0.007589815,-0.568126666,0.749716228,-2.994158485,-450.000000000,64.478849854,0.092491220,-0.002434976,-9.493576209,115.621933674,-114.124854431,109.378066326,-110.875145569,-32.239424927,-32.239424927
1786021455.465649366,78.550381135,0.000000000,NONE,0,0.050085928,0.500000000,-27.500000000,0.450874272,0.448876577,-24.754896345,-0.049136620,0.051123423,-2.745103655,0.500010893,-0.227751381,-2.992344739,0.746007224,-0.221766672,-2.423880776,-0.003648736,-0.005984709,-0.568463964,0.749655960,-2.843251843,-450.000000000,64.474713918,0.092370016,-0.002418365,-9.493298822,115.584137666,-114.162511745,109.415862334,-110.837488255,-32.237356959,-32.237356959
1786021455.515565872,78.600297360,0.000000000,NONE,0,0.049912213,0.500000000,-27.500000000,0.450874272,0.449050050,-24.876591544,-0.049139927,0.050949950,-2.623408456,0.500014199,-0.224802858,-2.992646936,0.745694267,-0.220241978,-2.423845526,-0.003901341,-0.004560880,-0.568801410,0.749595608,-2.697801357,-450.000000000,64.470483352,0.092250074,-0.002390936,-9.493186561,115.547746980,-114.198846301,109.452253020,-110.801153699,-32.235241676,-32.235241676
1786021455.565583944,78.650315531,0.000000000,TARGET_UPDATED,0,0.050065179,0.500000000,-28.500000000,0.450860073,0.449293932,-24.998277223,-0.049143030,0.050706068,-3.501722777,0.500003103,-0.238972533,-2.991653711,0.745256452,-0.218420963,-2.423812229,-0.004116745,-0.020551570,-0.567841482,0.749373198,-4.319172062,-450.000000000,64.451681422,0.092131776,-0.002358312,-9.493274197,115.953111565,-113.793525534,109.046888435,-111.206474466,-32.225840711,-32.225840711
1786021455.615543604,78.700275285,0.000000000,NONE,0,0.049953692,0.500000000,-28.500000000,0.450860073,0.449521147,-25.119961607,-0.049146307,0.050478853,-3.380038393,0.500006380,-0.237004963,-2.991877253,0.744992287,-0.220692329,-2.423781936,-0.004367056,-0.016312634,-0.568095317,0.749359343,-3.616312622,-450.000000000,64.454876641,0.092015117,-0.002328737,-9.493430169,115.777435698,-113.969279387,109.222564302,-111.030720613,-32.227438320,-32.227438320
1786021455.665563345,78.750295139,0.000000000,NONE,0,0.049996394,0.500000000,-28.500000000,0.450860073,0.449587485,-25.241658031,-0.049150187,0.050412515,-3.258341969,0.500010260,-0.234848064,-2.992111194,0.744741617,-0.222742255,-2.423751741,-0.004600515,-0.012105809,-0.568359453,0.749342132,-3.316370002,-450.000000000,64.453604992,0.091899769,-0.002302960,-9.493649400,115.702504850,-114.044319850,109.297495150,-110.955680150,-32.226802496,-32.226802496
1786021455.715546131,78.800277890,0.000000000,NONE,0,0.049982043,0.500000000,-28.500000000,0.450860073,0.449589303,-25.363357713,-0.049153709,0.050410697,-3.136642287,0.500013782,-0.232521449,-2.992349687,0.744518730,-0.223311216,-2.423724361,-0.004783494,-0.009210233,-0.568625325,0.749302225,-3.117202772,-450.000000000,64.450357304,0.091785578,-0.002282278,-9.493896261,115.652774758,-114.094173372,109.347225242,-110.905826628,-32.225178652,-32.225178652
1786021455.765593052,78.850324725,0.000000000,TARGET_UPDATED,0,0.050081817,0.500000000,-28.500000000,0.450846291,0.449572883,-25.485056522,-0.049156392,0.050427117,-3.014943478,0.500002683,-0.230027380,-2.992590855,0.744307339,-0.223142108,-2.423699581,-0.004928928,-0.006885271,-0.568891275,0.749236267,-2.934353538,-450.000000000,64.445221730,0.091672266,-0.002268185,-9.494154463,115.607127000,-114.139950231,109.392873000,-110.860049769,-32.222610865,-32.222610865
1786021455.815548420,78.900279991,0.000000000,NONE,0,0.049928203,0.500000000,-28.500000000,0.450846291,0.449567728,-25.606751879,-0.049158415,0.050432272,-2.893248121,0.500004706,-0.227362692,-2.992833637,0.744152953,-0.222430704,-2.423677384,-0.005048986,-0.004931987,-0.569156253,0.749201939,-2.766438996,-450.000000000,64.443448174,0.091559504,-0.002261322,-9.494344885,115.565195970,-114.181976472,109.434804030,-110.818023528,-32.221724087,-32.221724087
1786021455.865526199,78.950258016,0.000000000,NONE,0,0.049993982,0.500000000,-28.500000000,0.450846291,0.449597844,-25.728441720,-0.049160193,0.050402156,-2.771558280,0.500006484,-0.224522298,-2.993077180,0.744038524,-0.221277967,-2.423657821,-0.005134990,-0.003244331,-0.569419358,0.749173513,-2.609395478,-450.000000000,64.441577363,0.091446980,-0.002260250,-9.494497321,115.525973200,-114.221275461,109.474026800,-110.778724539,-32.220788681,-32.220788681
1786021455.915639639,79.000371186,0.000000000,NONE,0,0.050013070,0.500000000,-28.500000000,0.450846291,0.449682589,-25.850124410,-0.049161691,0.050317411,-2.649875590,0.500007982,-0.221499651,-2.993320959,0.743966061,-0.219769688,-2.423640920,-0.005182412,-0.001729963,-0.569680039,0.749148472,-2.457741081,-450.000000000,64.439892384,0.091334468,-0.002263621,-9.494598478,115.488084890,-114.259214349,109.511915110,-110.740785651,-32.219946192,-32.219946192
1786021455.965587378,79.050319051,0.000000000,TARGET_UPDATED,0,0.050053200,0.500000000,-29.500000000,0.450838309,0.449837633,-25.971798657,-0.049162939,0.050162367,-3.528201343,0.500001247,-0.235105306,-2.992314356,0.743830018,-0.217970504,-2.423626698,-0.005191543,-0.017134802,-0.568687658,0.749021561,-4.016867404,-450.000000000,64.428973748,0.091221801,-0.002269964,-9.494653540,115.877880236,-113.869446534,109.122119764,-111.130553466,-32.214486874,-32.214486874
1786021456.015531063,79.100262713,0.000000000,NONE,0,0.049926055,0.500000000,-29.500000000,0.450838309,0.449978694,-26.093472358,-0.049164221,0.050021306,-3.406527642,0.500002530,-0.233043055,-2.992479054,0.743818352,-0.220127745,-2.423616030,-0.005215592,-0.012915310,-0.568863024,0.749033943,-3.325680545,-450.000000000,64.432624031,0.091108734,-0.002280225,-9.494602959,115.705070876,-114.042230604,109.294929124,-110.957769396,-32.216312016,-32.216312016
1786021456.065536499,79.150268145,0.000000000,NONE,0,0.050011730,0.500000000,-29.500000000,0.450838309,0.449966219,-26.215158296,-0.049165840,0.050033781,-3.284841704,0.500004148,-0.230794991,-2.992652836,0.743822565,-0.222063863,-2.423605964,-0.005223604,-0.008731128,-0.569046872,0.749046168,-3.025955787,-450.000000000,64.433476237,0.090995032,-0.002289388,-9.494516879,115.630118167,-114.117140273,109.369881833,-110.882859727,-32.216738119,-32.216738119
1786021456.115558386,79.200290059,0.000000000,NONE,0,0.049995470,0.500000000,-29.500000000,0.450838309,0.449893583,-26.336848046,-0.049167170,0.050106417,-3.163151954,0.500005478,-0.228380569,-2.992830265,0.743855932,-0.222561745,-2.423599012,-0.005189330,-0.005818824,-0.569231253,0.749045262,-2.823888629,-450.000000000,64.433150253,0.090880944,-0.002295090,-9.494420071,115.579577175,-114.167632861,109.420422825,-110.832367139,-32.216575126,-32.216575126
1786021456.165702581,79.250434251,0.000000000,TARGET_UPDATED,0,0.050127167,0.500000000,-29.500000000,0.450832830,0.449805621,-26.458537650,-0.049167878,0.050194379,-3.041462350,0.500000709,-0.225803156,-2.993009700,0.743913614,-0.222341327,-2.423594855,-0.005120427,-0.003461829,-0.569414845,0.749034041,-2.637943287,-450.000000000,64.432158993,0.090766687,-0.002297174,-9.494358400,115.533075422,-114.214103778,109.466924578,-110.785896222,-32.216079496,-32.216079496
1786021456.215531588,79.300263203,0.000000000,NONE,0,0.049874759,0.500000000,-29.500000000,0.450832830,0.449730995,-26.580224630,-0.049168022,0.050269005,-2.919775370,0.500000852,-0.223060704,-2.993190238,0.744014812,-0.221592166,-2.423593386,-0.005023028,-0.001468538,-0.569596851,0.749037840,-2.466713452,-450.000000000,64.432724988,0.090652447,-0.002296430,-9.494269205,115.490245664,-114.256888938,109.509754336,-110.743111062,-32.216362494,-32.216362494
1786021456.265551567,79.350283185,0.000000000,NONE,0,0.050010451,0.500000000,-29.500000000,0.450832830,0.449696160,-26.701906721,-0.049167813,0.050303840,-2.798093279,0.500000644,-0.220151478,-2.993370933,0.744154037,-0.220343187,-2.423594583,-0.004893272,0.000191709,-0.569776350,0.749047308,-2.312351674,-450.000000000,64.433500915,0.090538401,-0.002292242,-9.494243144,115.451648705,-114.295472867,109.548351295,-110.704527133,-32.216750458,-32.216750458
1786021456.315549850,79.400281720,0.000000000,NONE,0,0.050009005,0.500000000,-29.500000000,0.450832830,0.449719618,-26.823582387,-0.049167305,0.050280382,-2.676417613,0.500000135,-0.217070135,-2.993551571,0.744331816,-0.218773307,-2.423598392,-0.004730028,0.001703172,-0.569953179,0.749061844,-2.160326947,-450.000000000,64.434619743,0.090424683,-0.002286408,-9.494248148,115.413643774,-114.333480300,109.586356226,-110.666519700,-32.217309871,-32.217309871
1786021456.365590096,79.450321636,0.000000000,TARGET_UPDATED,0,0.050036580,0.500000000,-30.500000000,0.450832695,0.449815419,-26.945250500,-0.049166568,0.050184581,-3.554749500,0.499999263,-0.230336883,-2.992515880,0.744507873,-0.216940105,-2.423604893,-0.004532328,-0.013396778,-0.568910987,0.749040201,-3.681816170,-450.000000000,64.432381533,0.090311340,-0.002280003,-9.494282459,115.794024657,-113.953116572,109.205975343,-111.046883428,-32.216190766,-32.216190766
1786021456.415557623,79.500289233,0.000000000,NONE,0,0.049970480,0.500000000,-30.500000000,0.450832695,0.449870947,-27.066921450,-0.049165743,0.050129053,-3.433078550,0.499998438,-0.228207795,-2.992622288,0.744734534,-0.219653863,-2.423614465,-0.004342213,-0.008553932,-0.569007824,0.749076747,-2.946194010,-450.000000000,64.436103667,0.090198188,-0.002276731,-9.494277516,115.610117881,-114.137020877,109.389882119,-110.862979123,-32.218051834,-32.218051834
1786021456.465560913,79.550292500,0.000000000,NONE,0,0.049987615,0.500000000,-30.500000000,0.450832695,0.449791002,-27.188603852,-0.049164914,0.050208998,-3.311396148,0.499997609,-0.225908186,-2.992736487,0.744975459,-0.221058430,-2.423624505,-0.004138079,-0.004849757,-0.569111982,0.749113537,-2.697059934,-450.000000000,64.438683590,0.090085066,-0.002272524,-9.494276111,115.547834011,-114.199304044,109.452165989,-110.800695956,-32.219341795,-32.219341795
1786021456.515539408,79.600271144,0.000000000,NONE,0,0.049950783,0.500000000,-30.500000000,0.450832695,0.449666627,-27.310289590,-0.049163894,0.050333373,-3.189710410,0.499996589,-0.223457300,-2.992854627,0.745238445,-0.221348302,-2.423637342,-0.003909948,-0.002108997,-0.569217285,0.749148393,-2.499360934,-450.000000000,64.441085318,0.089972129,-0.002267353,-9.494281233,115.498410542,-114.248730075,109.501589458,-110.751269925,-32.220542659,-32.220542659
1786021456.565642595,79.650374081,0.000000000,TARGET_UPDATED,0,0.050140510,0.500000000,-30.500000000,0.450836106,0.449533353,-27.431975575,-0.049162584,0.050466647,-3.068024425,0.499998690,-0.220854531,-2.992975852,0.745530602,-0.221021539,-2.423652462,-0.003659035,0.000167007,-0.569323389,0.749189637,-2.317105993,-450.000000000,64.444097168,0.089859439,-0.002261698,-9.494333721,115.452859929,-114.294306932,109.547140071,-110.705693068,-32.222048584,-32.222048584
1786021456.615520239,79.700252019,0.000000000,NONE,0,0.049887867,0.500000000,-30.500000000,0.450836106,0.449418532,-27.553659453,-0.049160902,0.050581468,-2.946340547,0.499997008,-0.218097038,-2.993099576,0.745843067,-0.220184742,-2.423669714,-0.003383214,0.002087705,-0.569429862,0.749226281,-2.150962788,-450.000000000,64.446574178,0.089747001,-0.002256849,-9.494341783,115.411326143,-114.335844749,109.588673857,-110.664155251,-32.223287089,-32.223287089
1786021456.665521622,79.750253337,0.000000000,NONE,0,0.050001518,0.500000000,-30.500000000,0.450836106,0.449344068,-27.675339367,-0.049158869,0.050655932,-2.824660633,0.499994975,-0.215180253,-2.993225598,0.746181393,-0.218947790,-2.423688963,-0.003086459,0.003767537,-0.569536635,0.749267852,-1.994695793,-450.000000000,64.449581062,0.089634804,-0.002251949,-9.494378794,115.372268647,-114.374920750,109.627731353,-110.625079250,-32.224790531,-32.224790531
1786021456.715576410,79.800307988,0.000000000,NONE,0,0.050002715,0.500000000,-30.500000000,0.450836106,0.449327646,-27.797013836,-0.049156626,0.050672354,-2.702986164,0.499992731,-0.212097817,-2.993353978,0.746545461,-0.217384453,-2.423710063,-0.002768764,0.005286636,-0.569643915,0.749314225,-1.843803776,-450.000000000,64.452923165,0.089522845,-0.002247551,-9.494418770,115.334555637,-114.412653748,109.665444363,-110.587346252,-32.226461582,-32.226461582
1786021456.765636206,79.850367809,0.000000000,TARGET_UPDATED,0,0.050102454,0.500000000,-30.500000000,0.450843374,0.449383878,-27.918681658,-0.049154263,0.050616122,-2.581318342,0.499997637,-0.208841354,-2.993485025,0.746945365,-0.215548920,-2.423732869,-0.002429715,0.006707566,-0.569752156,0.749375080,-1.695008114,-450.000000000,64.457470232,0.089411085,-0.002243924,-9.494473712,115.297370456,-114.449866399,109.702629544,-110.550133601,-32.228735116,-32.228735116
1786021456.815617561,79.900349242,0.000000000,TARGET_UPDATED,0,0.049970855,0.500000000,-31.500000000,0.450843374,0.449525114,-28.040341826,-0.049151716,0.050474886,-3.459658174,0.499995091,-0.223143595,-2.992344040,0.747377437,-0.213481114,-2.423757228,-0.002065372,-0.009662481,-0.568586813,0.749442809,-3.328138388,-450.000000000,64.462351992,0.089299471,-0.002241457,-9.494494018,115.705658102,-114.041588907,109.294341898,-110.958411093,-32.231175996,-32.231175996
1786021456.865579605,79.950311218,0.000000000,NONE,0,0.049947528,0.500000000,-31.500000000,0.450843374,0.449622918,-28.162005979,-0.049148936,0.050377082,-3.337994021,0.499992311,-0.220954918,-2.992403183,0.747786610,-0.216428510,-2.423783759,-0.001702821,-0.004526408,-0.568619424,0.749489431,-2.543297814,-450.000000000,64.465193594,0.089187805,-0.002242381,-9.494460860,115.509439669,-114.237790762,109.490560331,-110.762209238,-32.232596797,-32.232596797
1786021456.915542364,80.000273925,0.000000000,NONE,0,0.049979134,0.500000000,-31.500000000,0.450843374,0.449582439,-28.283682543,-0.049146137,0.050417561,-3.216317457,0.499989512,-0.218590974,-2.992474160,0.748193015,-0.217815147,-2.423809467,-0.001351966,-0.000775827,-0.568664693,0.749544981,-2.296501147,-450.000000000,64.469260154,0.089076003,-0.002241556,-9.494428857,115.447732501,-114.299481928,109.552267499,-110.700518072,-32.234630077,-32.234630077
1786021456.965651989,80.050383580,0.000000000,TARGET_UPDATED,0,0.050105217,0.500000000,-31.500000000,0.450853863,0.449498098,-28.405363141,-0.049143430,0.050501902,-3.094636859,0.499997293,-0.216072806,-2.992553367,0.748619262,-0.218102214,-2.423836782,-0.000999385,0.002029408,-0.568716584,0.749618647,-2.094977201,-450.000000000,64.474775545,0.088964232,-0.002238998,-9.494427866,115.397351267,-114.349862666,109.602648733,-110.650137334,-32.237387773,-32.237387773
1786021457.015535593,80.100267255,0.000000000,NONE,0,0.049892684,0.500000000,-31.500000000,0.450853863,0.449405379,-28.527044658,-0.049140617,0.050594621,-2.972955342,0.499994480,-0.213398952,-2.992640074,0.749035281,-0.217761314,-2.423865089,-0.000635756,0.004362362,-0.568774985,0.749671038,-1.909337724,-450.000000000,64.478022684,0.088852563,-0.002235782,-9.494392699,115.350932606,-114.396263744,109.649067394,-110.603736256,-32.239011342,-32.239011342
1786021457.065577507,80.150309087,0.000000000,NONE,0,0.050020988,0.500000000,-31.500000000,0.450853863,0.449331915,-28.648724681,-0.049137584,0.050668085,-2.851275319,0.499991446,-0.210565582,-2.992733873,0.749457706,-0.216904286,-2.423894190,-0.000269508,0.006338704,-0.568839683,0.749727214,-1.740543198,-450.000000000,64.482028052,0.088741052,-0.002231241,-9.494395114,115.308734578,-114.438462979,109.691265422,-110.561537021,-32.241014026,-32.241014026
1786021457.115530729,80.200262479,0.000000000,NONE,0,0.049973396,0.500000000,-31.500000000,0.450853863,0.449300558,-28.770401224,-0.049134500,0.050699442,-2.729598776,0.499988363,-0.207567321,-2.992834614,0.749887055,-0.215627382,-2.423923916,0.000100857,0.008060060,-0.568910698,0.749786198,-1.582319732,-450.000000000,64.486214168,0.088629750,-0.002226227,-9.494399355,115.269179772,-114.478019906,109.730820228,-110.521980094,-32.243107084,-32.243107084
1786021457.165624380,80.250356055,0.000000000,TARGET_UPDATED,0,0.050091987,0.500000000,-31.500000000,0.450865500,0.449329942,-28.892072673,-0.049131424,0.050670058,-2.607927327,0.499996924,-0.204396553,-2.992942414,0.750340480,-0.214005149,-2.423954098,0.000476956,0.009608595,-0.568988316,0.749863524,-1.430385301,-450.000000000,64.491990400,0.088518667,-0.002221020,-9.494432887,115.231204547,-114.516011896,109.768795453,-110.483988104,-32.245995200,-32.245995200
1786021457.215584517,80.300316211,0.000000000,TARGET_UPDATED,0,0.049971211,0.500000000,-32.500000000,0.450865500,0.449408197,-28.989405214,-0.049128846,0.050591803,-3.510594786,0.499994346,-0.218901194,-2.991810034,0.750761123,-0.212459885,-2.423978439,0.000788843,-0.006441309,-0.567831595,0.749972279,-3.038531055,-450.000000000,64.500235910,0.088429946,-0.002217312,-9.496210211,115.633685316,-114.114419789,109.366314684,-110.885580211,-32.250117955,-32.250117955
1786021457.265541553,80.350273406,0.000000000,NONE,0,0.049947241,0.500000000,-32.500000000,0.450865500,0.449481459,-29.111073429,-0.049125374,0.050518541,-3.388926571,0.499990874,-0.216803595,-2.991853781,0.751190135,-0.214745715,-2.424010034,0.001176455,-0.002057880,-0.567843747,0.750013680,-2.323033971,-450.000000000,64.501786458,0.088318220,-0.002254574,-9.495722011,115.454688995,-114.293172010,109.545311005,-110.706827990,-32.250893229,-32.250893229
1786021457.315579891,80.400311532,0.000000000,NONE,0,0.050017825,0.500000000,-32.500000000,0.450865500,0.449401527,-29.232755503,-0.049121985,0.050598473,-3.267244497,0.499987485,-0.214527200,-2.991914984,0.751594739,-0.216609326,-2.424039690,0.001531383,0.002082126,-0.567875294,0.750063355,-2.032732312,-450.000000000,64.505428047,0.088204153,-0.002295279,-9.495013185,115.381936374,-114.365570218,109.618063626,-110.634429782,-32.252714023,-32.252714023
1786021457.365585327,80.450317096,0.000000000,TARGET_UPDATED,0,0.050046900,0.500000000,-32.500000000,0.450878015,0.449265241,-29.354442825,-0.049118960,0.050734759,-3.145557175,0.499996975,-0.212093996,-2.991988601,0.752006345,-0.217035682,-2.424069627,0.001866451,0.004941686,-0.567918974,0.750139894,-1.837148298,-450.000000000,64.511321880,0.088088623,-0.002315381,-9.494386835,115.332883783,-114.414309634,109.667116217,-110.585690366,-32.255660940,-32.255660940
1786021457.415524721,80.500256195,0.000000000,NONE,0,0.049930099,0.500000000,-32.500000000,0.450878015,0.449117057,-29.476131445,-0.049116156,0.050882943,-3.023868555,0.499994171,-0.209508979,-2.992073309,0.752389651,-0.216740675,-2.424099282,0.002198100,0.007231696,-0.567974027,0.750191551,-1.658849970,-450.000000000,64.514443147,0.087972687,-0.002315287,-9.493897874,115.288186961,-114.458761976,109.711813039,-110.541238024,-32.257221574,-32.257221574
1786021457.465552092,80.550283708,0.000000000,NONE,0,0.050006238,0.500000000,-32.500000000,0.450878015,0.448986283,-29.597818759,-0.049113286,0.051013717,-2.902181241,0.499991300,-0.206771261,-2.992168354,0.752764645,-0.215902309,-2.424128425,0.002521624,0.009131048,-0.568039929,0.750243021,-1.498176051,-450.000000000,64.518040776,0.087857241,-0.002298956,-9.493612316,115.247947092,-114.498859066,109.752052908,-110.501140934,-32.259020388,-32.259020388
1786021457.515532494,80.600264180,0.000000000,NONE,0,0.049991797,0.500000000,-32.500000000,0.450878015,0.448897068,-29.719502628,-0.049110481,0.051102932,-2.780497372,0.499988496,-0.203877780,-2.992273283,0.753132502,-0.214621072,-2.424156942,0.002836409,0.010743292,-0.568116341,0.750296092,-1.350222575,-450.000000000,64.521788069,0.087742928,-0.002272079,-9.493508907,115.210932870,-114.535821583,109.789067130,-110.464178417,-32.260894035,-32.260894035
1786021457.565623283,80.650354873,0.000000000,TARGET_UPDATED,0,0.050098145,0.500000000,-32.500000000,0.450889519,0.448869023,-29.841181322,-0.049107788,0.051130977,-2.658818678,0.499997307,-0.200822485,-2.992387954,0.753510850,-0.212981046,-2.424184734,0.003145261,0.012158561,-0.568203220,0.750365589,-1.210016823,-450.000000000,64.526978420,0.087630088,-0.002240451,-9.493578218,115.175898760,-114.570890349,109.824101240,-110.429109651,-32.263489210,-32.263489210
1786021457.615630627,80.700362200,0.000000000,TARGET_UPDATED,0,0.049997326,0.500000000,-33.500000000,0.450889519,0.448918218,-29.962853424,-0.049105069,0.051081782,-3.537146576,0.499994588,-0.214625117,-2.991314495,0.753963842,-0.211045386,-2.424211710,0.003454809,-0.003579731,-0.567102785,0.750509033,-2.770985431,-450.000000000,64.538501309,0.087518785,-0.002209472,-9.493735200,115.566180158,-114.180687442,109.433819842,-110.819312558,-32.269250655,-32.269250655
1786021457.665536404,80.750268177,0.000000000,NONE,0,0.049917628,0.500000000,-33.500000000,0.450889519,0.448956631,-30.084526687,-0.049102041,0.051043369,-3.415473313,0.499991559,-0.212617461,-2.991373341,0.754294610,-0.213149284,-2.424238639,0.003768205,0.000531823,-0.567134702,0.750526405,-2.086210916,-450.000000000,64.537196384,0.087408864,-0.002184919,-9.493913551,115.395031117,-114.351925659,109.604968883,-110.648074341,-32.268598192,-32.268598192
1786021457.715533972,80.800265644,0.000000000,NONE,0,0.049979254,0.500000000,-33.500000000,0.450889519,0.448852195,-30.206212554,-0.049098902,0.051147805,-3.293787446,0.499988421,-0.210449199,-2.991451083,0.754589624,-0.214844476,-2.424262482,0.004035373,0.004395277,-0.567188601,0.750554252,-1.815599395,-450.000000000,64.539354768,0.087300079,-0.002165647,-9.494129849,115.327432311,-114.419632613,109.672567689,-110.580367387,-32.269677384,-32.269677384
1786021457.765583277,80.850315039,0.000000000,TARGET_UPDATED,0,0.050074654,0.500000000,-33.500000000,0.450901098,0.448698802,-30.327902741,-0.049096264,0.051301198,-3.172097259,0.499997362,-0.208138051,-2.991543044,0.754879350,-0.215154403,-2.424285679,0.004265549,0.007016352,-0.567257365,0.750613801,-1.636967115,-450.000000000,64.544155299,0.087192137,-0.002152105,-9.494362140,115.282832314,-114.464348756,109.717167686,-110.535651244,-32.272077650,-32.272077650
1786021457.815537214,80.900268753,0.000000000,NONE,0,0.049943410,0.500000000,-33.500000000,0.450901098,0.448539386,-30.449593446,-0.049094133,0.051460614,-3.050406554,0.499995231,-0.205684615,-2.991648171,0.755131993,-0.214770654,-2.424307818,0.004480520,0.009086039,-0.567340353,0.750651473,-1.475028218,-450.000000000,64.546357413,0.087084695,-0.002145146,-9.494534951,115.242390792,-114.504876683,109.757609208,-110.495123317,-32.273178707,-32.273178707
1786021457.865580559,80.950312226,0.000000000,NONE,0,0.050017061,0.500000000,-33.500000000,0.450901098,0.448402223,-30.571282146,-0.049092215,0.051597777,-2.928717854,0.499993313,-0.203084221,-2.991765836,0.755366757,-0.213861920,-2.424328731,0.004679586,0.010777699,-0.567437105,0.750687170,-1.330170365,-450.000000000,64.548815617,0.086977421,-0.002143875,-9.494666505,115.206209217,-114.541124035,109.793790783,-110.458875965,-32.274407808,-32.274407808
1786021457.915558100,81.000289882,0.000000000,NONE,0,0.049988740,0.500000000,-33.500000000,0.450901098,0.448310629,-30.692966751,-0.049090532,0.051689371,-2.807033249,0.499991630,-0.200331064,-2.991895606,0.755585411,-0.212522840,-2.424348320,0.004864084,0.012191776,-0.567547286,0.750721327,-1.197571283,-450.000000000,64.551176201,0.086870064,-0.002146805,-9.494733628,115.173076228,-114.574290586,109.826923772,-110.425709414,-32.275588101,-32.275588101
1786021457.965578556,81.050310225,0.000000000,TARGET_UPDATED,0,0.050046316,0.500000000,-33.500000000,1.450909468,0.448283538,-30.814645551,-0.049089018,0.051716462,-2.685354449,1.499998486,-0.192474943,-2.990912862,1.505786722,-0.210833259,-2.424366492,0.005037320,0.018358316,-0.566546369,1.500749402,-0.584978667,-450.000000000,111.000000000,0.086762443,-0.002152111,-9.494755197,115.019933466,-114.727444133,109.980066534,-110.272555867,-55.500000000,-55.500000000
1786021458.015535831,81.100267579,0.000000000,NONE,0,0.049947399,0.500000000,-33.500000000,1.450909468,0.448339985,-30.936322874,-0.045219955,0.051660015,-2.563677126,1.496129423,-0.189281239,-2.991015953,1.505986780,-0.207650267,-2.424386964,0.166129275,0.018369027,-0.566628989,1.339857506,-0.648717676,-450.000000000,102.568798688,0.086654456,-0.002157768,-9.494716006,115.035858420,-114.711499582,109.964141580,-110.288500418,-51.284399344,-51.284399344
1786021458.065601110,81.150332759,0.000000000,TARGET_UPDATED,0,0.050063256,0.500000000,-33.500000000,2.450909468,0.448492531,-31.058006528,-0.033064596,0.051507469,-2.441993472,2.483974064,-0.185787386,-2.991121092,1.506213019,-0.204687134,-2.424455401,0.281992745,0.018899748,-0.566665691,1.224220274,-0.543501457,-450.000000000,95.385596767,0.086546044,-0.002162416,-9.494662138,115.009540899,-114.737790170,109.990459101,-110.262209830,-47.692798383,-47.692798383
1786021458.115542412,81.200274165,0.000000000,NONE,0,0.049925224,0.500000000,-33.500000000,2.450909468,0.448743121,-31.179688949,-0.019433431,0.051256879,-2.320311051,2.470342899,-0.181919462,-2.991195728,1.506536899,-0.202378035,-2.424562446,0.263519532,0.020458572,-0.566633282,1.243017367,-0.360991223,-450.000000000,99.387720629,0.086437214,-0.002164858,-9.494562051,114.963888318,-114.783392707,110.036111682,-110.216607293,-49.693860315,-49.693860315
1786021458.165555477,81.250286996,0.000000000,NONE,0,0.050015520,0.500000000,-33.500000000,2.450909468,0.449102581,-31.301363737,-0.007294711,0.050897419,-2.198636263,2.458204179,-0.177628033,-2.991218836,1.507003038,-0.199930459,-2.424624241,0.242345076,0.022302425,-0.566594595,1.264657962,-0.170553490,-450.000000000,100.958734959,0.086328045,-0.002163264,-9.494479995,114.916258371,-114.830981626,110.083741629,-110.169018374,-50.479367479,-50.479367479
1786021458.215609550,81.300341252,0.000000000,NONE,0,0.050007978,0.500000000,-33.500000000,2.450909468,0.449575681,-31.423031065,0.004236325,0.050424319,-2.076968935,2.446673142,-0.172871841,-2.991184955,1.507623260,-0.197247709,-2.424677416,0.234790349,0.024375868,-0.566507539,1.272832911,0.038584317,-450.000000000,101.261776650,0.086218671,-0.002157409,-9.494411834,114.863956879,-114.883249038,110.136043121,-110.116750962,-50.630888325,-50.630888325
1786021458.265545845,81.350277356,0.000000000,NONE,0,0.049997784,0.500000000,-33.500000000,2.450909468,0.450169770,-31.544691617,0.015519479,0.049830230,-1.955308383,2.435389988,-0.163603481,-2.925126505,1.508219201,-0.194338973,-2.424739929,0.231493675,0.030735492,-0.500386576,1.276725527,0.655435261,-450.000000000,101.448642623,0.086109184,-0.002147451,-9.494363004,114.709731936,-115.037449566,110.290268064,-109.962550434,-50.724321312,-50.724321312
1786021458.315570116,81.400301932,0.000000000,NONE,0,0.049998662,0.500000000,-33.500000000,2.450909468,0.450917027,-31.666344007,0.026652339,0.049082973,-1.833655993,2.424257129,-0.147090488,-2.742831526,1.508582895,-0.190223399,-2.424817272,0.229838845,0.043132911,-0.318014253,1.278744050,1.765861598,-450.000000000,101.552455029,0.085999605,-0.002133194,-9.494339017,114.432119355,-115.315050154,110.567880645,-109.684949846,-50.776227515,-50.776227515
1786021458.365581036,81.450312689,0.000000000,NONE,0,0.050019285,0.500000000,-33.500000000,2.450909468,0.451917792,-31.787981164,0.037688919,0.048082208,-1.712018836,2.413220549,-0.130590202,-2.560436437,1.509000443,-0.183433770,-2.424912192,0.229175037,0.052843568,-0.135524245,1.279825406,2.514577766,-450.000000000,101.609397211,0.085889816,-0.002114070,-9.494339444,114.244940420,-115.502229302,110.755059580,-109.497770698,-50.804698605,-50.804698605
1786021458.415613651,81.500345255,0.000000000,TARGET_UPDATED,0,0.050058750,0.500000000,-34.500000000,2.450909468,0.453288492,-31.909594845,0.048658252,0.046711508,-2.590405155,2.402251215,-0.182680234,-2.988204484,1.512369628,-0.174834200,-2.425027654,0.229114925,-0.007846033,-0.563176830,1.283254703,-3.311951199,-450.000000000,101.896334666,0.085779570,-0.002090700,-9.494341446,115.701573161,-114.045597562,109.298426839,-110.954402438,-50.948167333,-50.948167333
1786021458.465543985,81.550275665,0.000000000,NONE,0,0.049911633,0.500000000,-34.500000000,2.450909468,0.454661088,-32.031218802,0.059591454,0.045338912,-2.468781198,2.391318014,-0.178606344,-2.987624408,1.514001377,-0.182568313,-2.425169930,0.230300886,0.003961969,-0.562454478,1.283700491,-1.084213439,-450.000000000,101.867965911,0.085669223,-0.002073759,-9.494234910,115.144612087,-114.602505368,109.855387913,-110.397494632,-50.933982956,-50.933982956
1786021458.515565634,81.600297279,0.000000000,NONE,0,0.050007024,0.500000000,-34.500000000,2.450909468,0.455529248,-32.152898057,0.070513607,0.044470752,-2.347101943,2.380395860,-0.174001796,-2.986976092,1.515815689,-0.189262238,-2.425325181,0.231654061,0.015260442,-0.561650911,1.284161628,-0.339111237,-450.000000000,101.900535425,0.085559482,-0.002051376,-9.494236617,114.958336964,-114.788781345,110.041663036,-110.211218655,-50.950267713,-50.950267713
1786021458.565603495,81.650335347,0.000000000,TARGET_UPDATED,0,0.050053665,0.500000000,-35.500000000,0.500000000,0.456155572,-32.274612151,0.081416726,0.043844428,-3.225387849,0.418583274,-0.203520806,-2.989176012,0.646245274,-0.192626586,-2.425507993,0.233099523,-0.010894220,-0.563668019,0.413145751,-3.188754383,-450.000000000,23.518562215,0.085449919,-0.002023245,-9.494307056,115.670765360,-114.076388168,109.329234640,-110.923611832,-11.759281107,-11.759281107
1786021458.615464449,81.700196157,0.000000000,NONE,0,0.049867745,0.500000000,-35.500000000,0.500000000,0.456543239,-32.396326217,0.085113881,0.043456761,-3.103673783,0.414886119,-0.201006755,-2.988872793,0.643062452,-0.203825497,-2.425782496,-0.055616187,0.002818742,-0.563090297,0.698678639,-1.519872012,-450.000000000,66.633307807,0.085340711,-0.001997880,-9.494335523,115.253551884,-114.493615878,109.746448116,-110.506384122,-33.316653904,-33.316653904
1786021458.665500879,81.750232571,0.000000000,NONE,0,0.050021949,0.500000000,-35.500000000,0.500000000,0.456632725,-32.518002607,0.074643125,0.043367275,-2.981997393,0.425356875,-0.197710337,-2.988399370,0.661414309,-0.213274518,-2.426169875,-0.247906203,0.015564181,-0.562229495,0.909320512,-0.712246546,-450.000000000,79.863424740,0.085232173,-0.001969266,-9.494465640,115.051678046,-114.695554774,109.948321954,-110.304445226,-39.931712370,-39.931712370
1786021458.715575218,81.800306964,0.000000000,NONE,0,0.050044816,0.500000000,-35.500000000,0.500000000,0.456484313,-32.639673198,0.058682102,0.043515687,-2.860326802,0.441317898,-0.193745558,-2.987778501,0.688371728,-0.219595340,-2.426573138,-0.320133482,0.025849781,-0.561205363,1.008505210,-0.069694105,-450.000000000,84.577282270,0.085123439,-0.001937510,-9.494604415,114.891074630,-114.856227577,110.108925370,-110.143772423,-42.288641135,-42.288641135
1786021458.766128540,81.850860418,0.000000000,TARGET_UPDATED,0,0.050597665,0.500000000,-35.500000000,0.500000000,0.456146667,-32.761347820,0.040499612,0.043853333,-2.738652180,0.459500388,-0.189132205,-2.987004289,0.719097176,-0.224059870,-2.426998243,-0.348157539,0.034927665,-0.560006046,1.067254714,0.534010267,-450.000000000,87.868940987,0.085013648,-0.001903023,-9.494768952,114.740189671,-115.007194805,110.259810329,-109.992805195,-43.934470494,-43.934470494
1786021458.815545082,81.900276726,0.000000000,NONE,0,0.049419792,0.500000000,-35.500000000,0.500000000,0.455671476,-32.883028680,0.021466116,0.044328524,-2.616971320,0.478533884,-0.183855412,-2.986058297,0.751592348,-0.227123588,-2.427462324,-0.353922584,0.043268176,-0.558595973,1.105514932,1.118756111,-450.000000000,90.160233396,0.084901832,-0.001865303,-9.494592565,114.593959113,-115.153337169,110.406040887,-109.846662831,-45.080116698,-45.080116698
1786021458.865607023,81.950338507,0.000000000,TARGET_UPDATED,0,0.050061365,0.500000000,-36.500000000,0.500000000,0.455108392,-33.004717182,0.002388712,0.044891608,-3.495282818,0.497611288,-0.193282703,-2.983844023,0.785146405,-0.228979143,-2.427976035,-0.346610001,0.035696440,-0.555867988,1.131756406,0.175720498,-450.000000000,91.747134609,0.084787020,-0.001815405,-9.494395708,114.829668803,-114.917529051,110.170331197,-110.082470949,-45.873567305,-45.873567305
1786021458.915593147,82.000324693,0.000000000,NONE,0,0.049931719,0.500000000,-36.500000000,0.500000000,0.454401265,-33.126422661,-0.016319813,0.045598735,-3.373577339,0.516319813,-0.188146646,-2.982401921,0.818351060,-0.233927119,-2.428547891,-0.332764226,0.045780473,-0.553854030,1.151115286,1.228565634,-450.000000000,92.965777054,0.084669041,-0.001751805,-9.494048728,114.566370773,-115.180653591,110.433629227,-109.819346409,-46.482888527,-46.482888527
1786021458.965526104,82.050257641,0.000000000,TARGET_UPDATED,0,0.049996311,0.500000000,-36.500000000,0.483680187,0.453466895,-33.248156055,-0.034407169,0.046533105,-3.251843945,0.518087356,-0.183229463,-2.981071598,0.826783971,-0.237520866,-2.429109569,-0.309741121,0.054291402,-0.551962029,1.136525092,1.795967142,-450.000000000,91.264931057,0.084547907,-0.001667959,-9.493650619,114.424420869,-115.322404440,110.575579131,-109.677595560,-45.632465529,-45.632465529
1786021459.015558958,82.100290588,0.000000000,NONE,0,0.050003945,0.500000000,-36.500000000,0.483680187,0.452416433,-33.369920564,-0.049430338,0.047583567,-3.130079436,0.533110525,-0.177123448,-2.979314309,0.855440765,-0.236263254,-2.428814953,-0.206017777,0.059139805,-0.550499356,1.061458543,2.120043823,-450.000000000,84.800885458,0.084424298,-0.001563482,-9.493249779,114.343301489,-115.403323401,110.656698511,-109.596676599,-42.400442729,-42.400442729
1786021459.065590620,82.150322070,0.000000000,NONE,0,0.050037993,0.500000000,-36.500000000,0.483680187,0.451326800,-33.491750260,-0.057728539,0.048673200,-3.008249740,0.541408725,-0.171177529,-2.977800695,0.873458037,-0.230955473,-2.428133539,-0.051953649,0.059777944,-0.549667156,0.925411686,2.174414439,-450.000000000,74.059946862,0.084303550,-0.001452909,-9.493132408,114.329679492,-115.416886712,110.670320508,-109.583113288,-37.029973431,-37.029973431
1786021459.115573168,82.200304957,0.000000000,NONE,0,0.049949408,0.500000000,-36.500000000,0.483680187,0.450262931,-33.613676182,-0.058751392,0.049737069,-2.886323818,0.542431579,-0.165789924,-2.976837145,0.879190738,-0.224416702,-2.427721661,0.085726180,0.058626777,-0.549115484,0.793464558,2.157613465,-450.000000000,64.900903625,0.084191775,-0.001356346,-9.493566693,114.333988307,-115.412795040,110.666011693,-109.587204960,-32.450451813,-32.450451813
1786021459.165642977,82.250374643,0.000000000,TARGET_UPDATED,0,0.050113569,0.500000000,-36.500000000,0.441248608,0.449277918,-33.735690580,-0.054809837,0.050722082,-2.764309420,0.496058444,-0.163794270,-2.977736654,0.812356024,-0.219078960,-2.427869383,0.159439349,0.055284690,-0.549867271,0.652916675,1.946206699,-450.000000000,54.899579856,0.084091059,-0.001290464,-9.494596467,114.387097442,-115.360200792,110.612902558,-109.639799208,-27.449789928,-27.449789928
1786021459.215542078,82.300273638,0.000000000,NONE,0,0.049894019,0.500000000,-36.500000000,0.441248608,0.448419688,-33.857738135,-0.049919663,0.051580312,-2.642261865,0.491168271,-0.159288922,-2.977739354,0.806535486,-0.216640386,-2.428424923,0.144097036,0.057351465,-0.549314430,0.662438450,2.249195869,-450.000000000,58.561531518,0.083998510,-0.001266515,-9.495814047,114.311654545,-115.436252479,110.688345455,-109.563747521,-29.280765759,-29.280765759
1786021459.265632868,82.350364417,0.000000000,TARGET_UPDATED,0,0.050089953,0.500000000,-37.500000000,0.441248608,0.447705000,-33.979766121,-0.046915729,0.052295000,-3.520233879,0.488164337,-0.172264508,-2.976652529,0.803772111,-0.215482283,-2.428994796,0.103961204,0.043217775,-0.547657732,0.699810908,0.873438959,-450.000000000,61.732870394,0.083908943,-0.001288386,-9.496835983,114.655849256,-115.092568735,110.344150744,-109.907431265,-30.866435197,-30.866435197
1786021459.315576077,82.400307736,0.000000000,NONE,0,0.049924904,0.500000000,-37.500000000,0.441248608,0.446982155,-34.101775813,-0.045950820,0.053017845,-3.398224187,0.487199428,-0.169023446,-2.976656893,0.803126516,-0.219573095,-2.429372969,0.066108850,0.050549649,-0.547283924,0.737017666,1.796404821,-450.000000000,64.336491085,0.083819593,-0.001346673,-9.497474465,114.425267411,-115.323469822,110.574732589,-109.676530178,-32.168245543,-32.168245543
1786021459.365597963,82.450329725,0.000000000,TARGET_UPDATED,0,0.050055175,0.500000000,-37.500000000,0.454049180,0.446155069,-34.223772734,-0.046577260,0.053844931,-3.276227266,0.500626440,-0.164550123,-2.976221276,0.823978486,-0.221668903,-2.429529328,0.041155056,0.057118780,-0.546691948,0.782823430,2.247545385,-450.000000000,67.712745588,0.083729042,-0.001424966,-9.497829647,114.312571066,-115.436343758,110.687428934,-109.563656242,-33.856372794,-33.856372794
1786021459.415492773,82.500224501,0.000000000,NONE,0,0.049866634,0.500000000,-37.500000000,0.454049180,0.445473603,-34.321363634,-0.047559511,0.054526397,-3.178636366,0.501608691,-0.161551022,-2.976200466,0.825988759,-0.221855677,-2.429532871,0.039401937,0.060304655,-0.546667596,0.786586821,2.419506884,-450.000000000,67.136546620,0.083654477,-0.001496279,-9.499494455,114.269996893,-115.479750335,110.730003107,-109.520249665,-33.568273310,-33.568273310
1786021459.465535402,82.550267094,0.000000000,NONE,0,0.050012330,0.500000000,-37.500000000,0.454049180,0.444618179,-34.443354132,-0.048609832,0.055381821,-3.056645868,0.502659012,-0.157662629,-2.976228247,0.828074031,-0.221266176,-2.429473812,0.045883103,0.063603547,-0.546754435,0.782190929,2.680316402,-450.000000000,66.665468843,0.083557779,-0.001623844,-9.498840752,114.204631087,-115.544789288,110.795368913,-109.455210712,-33.332734421,-33.332734421
1786021459.515568733,82.600300218,0.000000000,NONE,0,0.049998784,0.500000000,-37.500000000,0.454049180,0.443784054,-34.565348302,-0.049230623,0.056215946,-2.934651698,0.503279802,-0.153654863,-2.976351733,0.829231152,-0.219814539,-2.429409419,0.056283247,0.066159676,-0.546942314,0.772947905,2.880020339,-450.000000000,65.921488374,0.083456501,-0.001753652,-9.497785926,114.154441397,-115.594451566,110.845558603,-109.405548434,-32.960744187,-32.960744187
1786021459.565723419,82.650455005,0.000000000,TARGET_UPDATED,0,0.050157379,0.500000000,-37.500000000,0.450769377,0.443003908,-34.687345711,-0.049341389,0.056996092,-2.812654289,0.500110766,-0.149808601,-2.976700357,0.824355275,-0.217767766,-2.429371453,0.065860377,0.067959166,-0.547328904,0.758494897,3.030127497,-450.000000000,64.806489656,0.083351945,-0.001857303,-9.496746333,114.116654709,-115.631718458,110.883345291,-109.368281542,-32.403244828,-32.403244828
1786021459.615482092,82.700213675,0.000000000,NONE,0,0.049827321,0.500000000,-37.500000000,0.450769377,0.442304484,-34.809341132,-0.049125750,0.057695516,-2.690658868,0.499895127,-0.145602103,-2.977056071,0.823529745,-0.215490169,-2.429360452,0.069451728,0.069888066,-0.547695618,0.754078017,3.209716950,-450.000000000,64.696817478,0.083245526,-0.001931834,-9.495783287,114.071516584,-115.676375059,110.928483416,-109.323624941,-32.348408739,-32.348408739
1786021459.665570736,82.750302471,0.000000000,NONE,0,0.050072850,0.500000000,-37.500000000,0.450769377,0.441707744,-34.931326930,-0.048857562,0.058292256,-2.568673070,0.499626940,-0.141254531,-2.977509034,0.822282213,-0.213023910,-2.429351153,0.068806558,0.071769379,-0.548157881,0.753475656,3.382745765,-450.000000000,64.731266178,0.083138350,-0.001978734,-9.495066152,114.028080097,-115.719452979,110.971919903,-109.280547021,-32.365633089,-32.365633089
1786021459.716129541,82.800860927,0.000000000,TARGET_UPDATED,0,0.050061002,0.500000000,-38.500000000,0.450769377,0.441230133,-35.053298236,-0.048653252,0.058769867,-3.446701764,0.499422629,-0.157558983,-2.976714858,0.821915742,-0.210345452,-2.429321691,0.066058141,0.052786469,-0.547393167,0.755857601,1.595910734,-450.000000000,64.957612923,0.083031214,-0.002003641,-9.494559463,114.474662182,-115.272617549,110.525337818,-109.727382451,-32.478806462,-32.478806462
1786021459.765550375,82.850282011,0.000000000,TARGET_UPDATED,0,0.049937365,0.500000000,-38.500000000,0.451346748,0.440773955,-35.175260637,-0.048565279,0.059226045,-3.324739363,0.499912027,-0.154764137,-2.977209352,0.821324915,-0.212244349,-2.429262552,0.062840357,0.057480212,-0.547946800,0.758484558,2.393799453,-450.000000000,65.146524106,0.082925963,-0.002015543,-9.494302623,114.275125792,-115.472025519,110.724874208,-109.527974481,-32.573262053,-32.573262053
1786021459.815552711,82.900284361,0.000000000,NONE,0,0.049997626,0.500000000,-38.500000000,0.451346748,0.440178746,-35.297226142,-0.048576043,0.059821254,-3.202773858,0.499922791,-0.151877165,-2.977792946,0.819761423,-0.213849466,-2.429168593,0.060214865,0.061972301,-0.548624353,0.759546557,2.702958427,-450.000000000,65.189499986,0.082824851,-0.002018495,-9.494466196,114.197876942,-115.549356156,110.802123058,-109.450643844,-32.594749993,-32.594749993
1786021459.865535736,82.950267315,0.000000000,NONE,0,0.049984213,0.500000000,-38.500000000,0.451346748,0.439551976,-35.419185116,-0.048636289,0.060448024,-3.080814884,0.499983037,-0.148870191,-2.978438178,0.818049829,-0.213783949,-2.429048142,0.058178253,0.064913758,-0.549390036,0.759871576,2.893210661,-450.000000000,65.197512741,0.082726545,-0.002022902,-9.494827661,114.150404250,-115.597009581,110.849595750,-109.402990419,-32.598756371,-32.598756371
1786021459.915773392,83.000505003,0.000000000,NONE,0,0.050103965,0.500000000,-38.500000000,0.451346748,0.438944083,-35.541132796,-0.048709098,0.061055917,-2.958867204,0.500055846,-0.145742691,-2.979141015,0.816151665,-0.212873027,-2.428907127,0.056645560,0.067130336,-0.550233888,0.759506105,3.057233685,-450.000000000,65.158133143,0.082629947,-0.002037106,-9.495238008,114.109501081,-115.638117923,110.890498919,-109.361882077,-32.579066571,-32.579066571
1786021459.965583086,83.050314867,0.000000000,TARGET_UPDATED,0,0.049938871,0.500000000,-38.500000000,0.451290902,0.438387750,-35.663066024,-0.048764952,0.061612250,-2.836933976,0.500055854,-0.142491188,-2.979899422,0.813954162,-0.211329948,-2.428750747,0.055388081,0.068838760,-0.551148675,0.758566081,3.196136859,-450.000000000,65.080802174,0.082533968,-0.002063647,-9.495537536,114.074850169,-115.672918599,110.925149831,-109.327081401,-32.540401087,-32.540401087
1786021460.015510321,83.100241997,0.000000000,NONE,0,0.049913601,0.500000000,-38.500000000,0.451290902,0.437911593,-35.784981842,-0.048792602,0.062088407,-2.715018158,0.500083505,-0.139095579,-2.980705559,0.811624722,-0.209240894,-2.428582583,0.054022728,0.070145316,-0.552122977,0.757601994,3.313859682,-450.000000000,65.012824507,0.082437552,-0.002100975,-9.495680515,114.045455208,-115.702385049,110.954544792,-109.297614951,-32.506412254,-32.506412254
1786021460.065474987,83.150206688,0.000000000,NONE,0,0.049985979,0.500000000,-38.500000000,0.451290902,0.437479279,-35.931254049,-0.048795914,0.062520721,-2.568745951,0.500086817,-0.134814670,-2.981730000,0.808583059,-0.206186518,-2.428367492,0.051983041,0.071371848,-0.553362508,0.756600018,3.443533847,-450.000000000,64.941956115,0.082320163,-0.002153399,-9.493994875,114.012615257,-115.734382180,110.987384743,-109.265617820,-32.470978057,-32.470978057
1786021460.115625143,83.200356879,0.000000000,TARGET_UPDATED,0,0.050151590,0.500000000,-39.500000000,0.451290902,0.437293120,-36.028750531,-0.048790462,0.062706880,-3.471249469,0.500081364,-0.153674522,-2.981098254,0.807539737,-0.203758050,-2.428216313,0.050242199,0.050083528,-0.552881941,0.757297538,1.458921240,-450.000000000,65.024735924,0.082241294,-0.002153002,-9.495938397,114.509254289,-115.238714909,110.490745711,-109.761285091,-32.512367962,-32.512367962
1786021460.165634394,83.250366032,0.000000000,TARGET_UPDATED,0,0.050020401,0.500000000,-39.500000000,0.451209538,0.437073535,-36.150608480,-0.048783114,0.062926465,-3.349391520,0.499992652,-0.151731663,-2.981933972,0.804692957,-0.205583095,-2.428020231,0.048208732,0.053851432,-0.553913741,0.756484225,2.214454983,-450.000000000,64.937636162,0.082143156,-0.002191594,-9.495919128,114.320366036,-115.427593528,110.679633964,-109.572406472,-32.468818081,-32.468818081
1786021460.215555906,83.300287574,0.000000000,NONE,0,0.049906356,0.500000000,-39.500000000,0.451209538,0.436711446,-36.272464854,-0.048778499,0.063288554,-3.227535146,0.499988037,-0.149638099,-2.982803233,0.801851853,-0.207120386,-2.427813530,0.045853824,0.057482287,-0.554989704,0.755998029,2.461265014,-450.000000000,64.910119858,0.082044736,-0.002246283,-9.495687726,114.258605678,-115.489238185,110.741394322,-109.510761815,-32.455059929,-32.455059929
1786021460.265591860,83.350323432,0.000000000,NONE,0,0.050023004,0.500000000,-39.500000000,0.451209538,0.436323182,-36.394309467,-0.048786585,0.063676818,-3.105690533,0.499996123,-0.147414068,-2.983696778,0.798945497,-0.206885747,-2.427600013,0.043235297,0.059471680,-0.556096766,0.755710200,2.580648232,-450.000000000,64.893960075,0.081944750,-0.002294274,-9.495407129,114.228689724,-115.519013840,110.771310276,-109.480986160,-32.446980037,-32.446980037
1786021460.315570116,83.400301773,0.000000000,NONE,0,0.049981271,0.500000000,-39.500000000,0.451209538,0.435961318,-36.516137720,-0.048806022,0.064038682,-2.983862280,0.500015560,-0.145055984,-2.984608602,0.795993255,-0.205818925,-2.427380483,0.040601735,0.060762941,-0.557228119,0.755391520,2.678607920,-450.000000000,64.871030423,0.081842874,-0.002333478,-9.495046294,114.204109594,-115.543413554,110.795890406,-109.456586446,-32.435515212,-32.435515212
1786021460.365576506,83.450308117,0.000000000,TARGET_UPDATED,0,0.050022898,0.500000000,-39.500000000,0.451193978,0.435659453,-36.637946747,-0.048831086,0.064340547,-2.862053253,0.500025065,-0.142556770,-2.985534009,0.792982123,-0.204111592,-2.427156445,0.038022614,0.061554822,-0.558377563,0.754959510,2.751945897,-450.000000000,64.838529421,0.081739126,-0.002361861,-9.494640217,114.185673580,-115.561646529,110.814326420,-109.438353471,-32.419264711,-32.419264711
1786021460.415570736,83.500302244,0.000000000,NONE,0,0.049977654,0.500000000,-39.500000000,0.451193978,0.435445467,-36.759734247,-0.048856214,0.064554533,-2.740265753,0.500050192,-0.139905681,-2.986468030,0.789967116,-0.201881405,-2.426929516,0.035493949,0.061975724,-0.559538514,0.754473167,2.807062659,-450.000000000,64.803390531,0.081633716,-0.002378403,-9.494201772,114.171784778,-115.575316108,110.828215222,-109.424683892,-32.401695265,-32.401695265
1786021460.465561628,83.550293383,0.000000000,NONE,0,0.049998895,0.500000000,-39.500000000,0.451193978,0.435343426,-36.881498296,-0.048878775,0.064656574,-2.618501704,0.500072754,-0.137094915,-2.987406899,0.786936282,-0.199194190,-2.426701052,0.032974016,0.062099275,-0.560705847,0.753962266,2.847219252,-450.000000000,64.767140399,0.081527070,-0.002380599,-9.493800665,114.161645353,-115.585254979,110.838354647,-109.414745021,-32.383570199,-32.383570199
1786021460.515783310,83.600515088,0.000000000,TARGET_UPDATED,0,0.050224885,0.500000000,-40.500000000,0.451193978,0.435372669,-37.003237421,-0.048897698,0.064627331,-3.496762579,0.500091676,-0.156249951,-2.987024268,0.784842828,-0.196149155,-2.426472170,0.030453542,0.039899204,-0.560552098,0.754389286,0.803680797,-450.000000000,64.815752160,0.081419670,-0.002370231,-9.493490937,114.672452535,-115.074292934,110.327547465,-109.925707066,-32.407876080,-32.407876080
1786021460.565631390,83.650363085,0.000000000,TARGET_UPDATED,0,0.049851654,0.500000000,-40.500000000,0.451102302,0.435406302,-37.124962250,-0.048911486,0.064593698,-3.375037750,0.500013788,-0.154937240,-2.987888969,0.781693665,-0.198477488,-2.426244967,0.028210855,0.043540249,-0.561644002,0.753482810,1.557766821,-450.000000000,64.725613277,0.081312601,-0.002352548,-9.493209395,114.483860643,-115.262744054,110.516139357,-109.737255946,-32.362806638,-32.362806638
1786021460.615588427,83.700320040,0.000000000,NONE,0,0.049962538,0.500000000,-40.500000000,0.451102302,0.435307819,-37.246683997,-0.048922327,0.064692181,-3.253316003,0.500024630,-0.153465971,-2.988756487,0.778677261,-0.199605159,-2.426016790,0.025739621,0.046139188,-0.562739697,0.752937640,1.715481530,-450.000000000,64.694723244,0.081206706,-0.002324817,-9.493129683,114.444412038,-115.302152803,110.555587962,-109.697847197,-32.347361622,-32.347361622
1786021460.665527582,83.750259175,0.000000000,NONE,0,0.049943077,0.500000000,-40.500000000,0.451102302,0.435193240,-37.368393348,-0.048937475,0.064806760,-3.131606652,0.500039777,-0.151860426,-2.989620648,0.775690849,-0.199236754,-2.425791252,0.023160067,0.047376328,-0.563829396,0.752530782,1.787031540,-450.000000000,64.669008286,0.081101578,-0.002292302,-9.493145510,114.426528493,-115.320044262,110.573471507,-109.679955738,-32.334504143,-32.334504143
1786021460.715588808,83.800320502,0.000000000,NONE,0,0.050025975,0.500000000,-40.500000000,0.451102302,0.435108360,-37.490086854,-0.048956959,0.064891640,-3.009913146,0.500059261,-0.150116851,-2.990477915,0.772748418,-0.198101480,-2.425568617,0.020597057,0.047984629,-0.564909298,0.752151362,1.837235776,-450.000000000,64.643010845,0.080997005,-0.002259144,-9.493215124,114.413994837,-115.332612725,110.586005163,-109.667387275,-32.321505423,-32.321505423
1786021460.765602827,83.850334521,0.000000000,TARGET_UPDATED,0,0.050045746,0.500000000,-40.500000000,0.451043041,0.435085453,-37.611762226,-0.048979092,0.064914547,-2.888237774,0.500022134,-0.148232088,-2.991325761,0.769770900,-0.196364997,-2.425349616,0.018094475,0.048132909,-0.565976145,0.751676425,1.864965125,-450.000000000,64.607859718,0.080892786,-0.002227441,-9.493291303,114.407081545,-115.339564107,110.592918455,-109.660435893,-32.303929859,-32.303929859
1786021460.815535069,83.900266674,0.000000000,NONE,0,0.049937060,0.500000000,-40.500000000,0.451043041,0.435151107,-37.733417679,-0.049002594,0.064848893,-2.766582321,0.500045635,-0.146193116,-2.992160777,0.766944681,-0.194140327,-2.425134981,0.015637618,0.047947212,-0.567025796,0.751307064,1.876976998,-450.000000000,64.584097914,0.080788750,-0.002197776,-9.493333786,114.404089197,-115.342577696,110.595910803,-109.657422304,-32.292048957,-32.292048957
1786021460.865546942,83.950278702,0.000000000,NONE,0,0.050002723,0.500000000,-40.500000000,0.451043041,0.435326768,-37.855051877,-0.049026174,0.064673232,-2.644948123,0.500069216,-0.143995927,-2.992981339,0.764188211,-0.191520047,-2.424925342,0.013278563,0.047524120,-0.568055997,0.750909648,1.878453151,-450.000000000,64.555727516,0.080684804,-0.002169430,-9.493370501,114.403729338,-115.342955913,110.596270662,-109.657044087,-32.277863758,-32.277863758
1786021460.915636539,84.000368070,0.000000000,TARGET_UPDATED,0,0.050073114,0.500000000,-41.500000000,0.451043041,0.435629874,-37.976663841,-0.049047686,0.064370126,-3.523336159,0.500090728,-0.163294357,-2.992510637,0.762180552,-0.188576129,-2.424721278,0.011007808,0.025281772,-0.567789359,0.751172744,-0.174087553,-450.000000000,64.587346301,0.080580934,-0.002142110,-9.493403969,114.916872881,-114.829829104,110.083127119,-110.170170896,-32.293673151,-32.293673151
1786021460.965598106,84.050329922,0.000000000,TARGET_UPDATED,0,0.049985165,0.500000000,-41.500000000,0.450952314,0.435927456,-38.098264810,-0.049064996,0.064072544,-3.401735190,0.500017309,-0.162441741,-2.993229796,0.759425451,-0.191105581,-2.424524262,0.009015605,0.028663840,-0.568705534,0.750409846,0.554660589,-450.000000000,64.513426690,0.080477229,-0.002118527,-9.493388773,114.734682046,-115.012012341,110.265317954,-109.987987659,-32.256713345,-32.256713345
1786021461.015538216,84.100269894,0.000000000,NONE,0,0.049943200,0.500000000,-41.500000000,0.450952314,0.436092432,-38.219865333,-0.049079525,0.063907568,-3.280134667,0.500031839,-0.161419393,-2.993938209,0.756868166,-0.192242685,-2.424331355,0.006892664,0.030823292,-0.569606854,0.749975502,0.676368981,-450.000000000,64.489588348,0.080373686,-0.002093425,-9.493384522,114.704253885,-115.042438376,110.295746115,-109.957561624,-32.244794174,-32.244794174
1786021461.065565586,84.150297291,0.000000000,NONE,0,0.050006396,0.500000000,-41.500000000,0.450952314,0.436237655,-38.341456746,-0.049096496,0.063762345,-3.158543254,0.500048809,-0.160252548,-2.994630699,0.754397723,-0.191982468,-2.424145910,0.004761905,0.031729919,-0.570484789,0.749635818,0.724357375,-450.000000000,64.467714453,0.080270258,-0.002067120,-9.493401390,114.692261004,-115.054439691,110.307738996,-109.945560309,-32.233857226,-32.233857226
1786021461.115563869,84.200295519,0.000000000,NONE,0,0.050000305,0.500000000,-41.500000000,0.450952314,0.436405671,-38.463036090,-0.049115346,0.063594329,-3.036963910,0.500067660,-0.158940045,-2.995305069,0.752022505,-0.191001302,-2.423967836,0.002704691,0.032061258,-0.571337233,0.749317815,0.753521029,-450.000000000,64.445886997,0.080166986,-0.002040675,-9.493420878,114.684974962,-115.061735477,110.315025038,-109.938264523,-32.222943498,-32.222943498
1786021461.165695906,84.250427694,0.000000000,TARGET_UPDATED,0,0.050137045,0.500000000,-41.500000000,0.450884654,0.436627286,-38.584601365,-0.049134948,0.063372714,-2.915398635,0.500019602,-0.157481429,-2.995959334,0.749647499,-0.189447178,-2.423797457,0.000741839,0.031965748,-0.572161878,0.748905660,0.762077386,-450.000000000,64.415175653,0.080063939,-0.002014411,-9.493468090,114.682847676,-115.063886369,110.317152324,-109.936113631,-32.207587827,-32.207587827
1786021461.215533972,84.300265872,0.000000000,NONE,0,0.049852495,0.500000000,-41.500000000,0.450884654,0.436927681,-38.706151045,-0.049155009,0.063072319,-2.793848955,0.500039663,-0.155868963,-2.996592192,0.747482003,-0.187434571,-2.423635090,-0.001151981,0.031565608,-0.572957102,0.748633984,0.756837675,-450.000000000,64.398929285,0.079961196,-0.001989115,-9.493474111,114.684159109,-115.062577947,110.315840891,-109.937422053,-32.199464643,-32.199464643
1786021461.265555143,84.350286947,0.000000000,NONE,0,0.050009703,0.500000000,-41.500000000,0.450884654,0.437326838,-38.827684026,-0.049175018,0.062673162,-2.672315974,0.500059672,-0.154101433,-2.997202349,0.745429470,-0.185057222,-2.423481022,-0.002915320,0.030955790,-0.573721328,0.748344790,0.742991359,-450.000000000,64.378352521,0.079858855,-0.001963983,-9.493525570,114.687633553,-115.059129232,110.312366447,-109.940870768,-32.189176261,-32.189176261
1786021461.315618992,84.400350770,0.000000000,TARGET_UPDATED,0,0.050056108,0.500000000,-42.500000000,0.450884654,0.437840722,-38.949199535,-0.049192763,0.062159278,-3.550800465,0.500077417,-0.172714177,-2.996580218,0.743875671,-0.182387246,-2.423335498,-0.004549353,0.009673069,-0.573244720,0.748425024,-1.236894910,-450.000000000,64.391354576,0.079757030,-0.001939942,-9.493604689,115.182624900,-114.564177445,109.817375100,-110.435822555,-32.195677288,-32.195677288
1786021461.365611553,84.450343090,0.000000000,TARGET_UPDATED,0,0.050012590,0.500000000,-42.500000000,0.450807237,0.438334880,-39.070708857,-0.049206376,0.061665120,-3.429291143,0.500013613,-0.172118924,-2.997080536,0.741898892,-0.185114708,-2.423199539,-0.005964157,0.012995784,-0.573880997,0.747863049,-0.535800302,-450.000000000,64.339176783,0.079655397,-0.001920764,-9.493633370,115.007358418,-114.739458267,109.992641582,-110.260541733,-32.169588392,-32.169588392
1786021461.415553331,84.500285049,0.000000000,NONE,0,0.049924266,0.500000000,-42.500000000,0.450807237,0.438697977,-39.192221229,-0.049217298,0.061302023,-3.307778771,0.500024535,-0.171354117,-2.997564173,0.740136475,-0.186256449,-2.423070204,-0.007436526,0.014902331,-0.574493969,0.747573001,-0.436752783,-450.000000000,64.324300290,0.079553647,-0.001901381,-9.493630486,114.982595817,-114.764219426,110.017404183,-110.235780574,-32.162150145,-32.162150145
1786021461.465540648,84.550272337,0.000000000,NONE,0,0.049993829,0.500000000,-42.500000000,0.450807237,0.439034367,-39.313728838,-0.049228704,0.060965633,-3.186271162,0.500035941,-0.170443494,-2.998026676,0.738488954,-0.186184939,-2.422950574,-0.008844546,0.015741444,-0.575076102,0.747333500,-0.392569092,-450.000000000,64.308554404,0.079452122,-0.001881105,-9.493655462,114.971556138,-114.775271593,110.028443862,-110.224728407,-32.154277202,-32.154277202
1786021461.515531778,84.600263415,0.000000000,NONE,0,0.049981662,0.500000000,-42.500000000,0.450807237,0.439382650,-39.435229080,-0.049239930,0.060617350,-3.064770920,0.500047167,-0.169386277,-2.998466517,0.736961983,-0.185440231,-2.422840133,-0.010154149,0.016053954,-0.575626384,0.747116132,-0.366810262,-450.000000000,64.293780265,0.079350696,-0.001867703,-9.493607612,114.965104469,-114.781699337,110.034895531,-110.218300663,-32.146890133,-32.146890133
1786021461.565580368,84.650312043,0.000000000,TARGET_UPDATED,0,0.050078826,0.500000000,-42.500000000,0.450760070,0.439771989,-39.556720166,-0.049250331,0.060228011,-2.943279834,0.500010401,-0.168183427,-2.998882160,0.735488631,-0.184157343,-2.422739555,-0.011354147,0.015973916,-0.576142605,0.746842779,-0.359693173,-450.000000000,64.273536044,0.079249908,-0.001845796,-9.493701088,114.963348565,-114.783501979,110.036651435,-110.216498021,-32.136768022,-32.136768022
1786021461.615553856,84.700285409,0.000000000,NONE,0,0.049946900,0.500000000,-42.500000000,0.450760070,0.440225987,-39.678200712,-0.049260126,0.059774013,-2.821799288,0.500020197,-0.166832407,-2.999273348,0.734215075,-0.182447610,-2.422648388,-0.012468312,0.015615203,-0.576624960,0.746683387,-0.364818073,-450.000000000,64.264645896,0.079149944,-0.001825629,-9.493812253,114.964657581,-114.782248545,110.035342419,-110.217751455,-32.132322948,-32.132322948
1786021461.665540695,84.750272355,0.000000000,NONE,0,0.049998011,0.500000000,-42.500000000,0.450760070,0.440763280,-39.799669735,-0.049269243,0.059236720,-2.700330265,0.500029313,-0.165331823,-2.999639068,0.733073536,-0.180400708,-2.422566835,-0.013450579,0.015068885,-0.577072233,0.746524115,-0.377187651,-450.000000000,64.253502475,0.079050836,-0.001808319,-9.493961488,114.967787285,-114.779193459,110.032212715,-110.220806541,-32.126751238,-32.126751238
1786021461.715557814,84.800289435,0.000000000,NONE,0,0.049987717,0.500000000,-42.500000000,0.450760070,0.441398644,-39.921126546,-0.049276633,0.058601356,-2.578873454,0.500036703,-0.163678223,-2.999978685,0.732065513,-0.178085956,-2.422494833,-0.014307467,0.014407733,-0.577483852,0.746372979,-0.392842587,-450.000000000,64.243085094,0.078952593,-0.001795044,-9.494128100,114.971742672,-114.775321378,110.028257328,-110.224678622,-32.121542547,-32.121542547
1786021461.765646219,84.850377896,0.000000000,TARGET_UPDATED,0,0.050071072,0.500000000,-43.500000000,0.450723367,0.442143988,-40.042570721,-0.049282053,0.057856012,-3.457429279,0.500005420,-0.182251161,-2.999094233,0.731252685,-0.175554488,-2.422432855,-0.015048983,-0.006696673,-0.576661379,0.746301668,-2.374033543,-450.000000000,64.239692552,0.078855060,-0.001786153,-9.494311053,115.467086149,-114.280069377,109.532913851,-110.719930623,-32.119846276,-32.119846276
1786021461.815556765,84.900288535,0.000000000,NONE,0,0.049945718,0.500000000,-43.500000000,0.450723367,0.442854849,-40.164014205,-0.049285885,0.057145151,-3.335985795,0.500009252,-0.181709879,-2.999321734,0.730459770,-0.178629440,-2.422381272,-0.015689288,-0.003080439,-0.576940461,0.746149059,-1.653846206,-450.000000000,64.227378590,0.078757460,-0.001785306,-9.494378729,115.287056234,-114.460133131,109.712943766,-110.539866869,-32.113689295,-32.113689295
1786021461.865530014,84.950261779,0.000000000,NONE,0,0.049992096,0.500000000,-43.500000000,0.450723367,0.443423813,-40.285465805,-0.049288793,0.056576187,-3.214534195,0.500012161,-0.180990093,-2.999531452,0.729781487,-0.179997628,-2.422337127,-0.016270473,-0.000992466,-0.577194325,0.746051960,-1.546775805,-450.000000000,64.221694901,0.078659220,-0.001785599,-9.494381301,115.260289277,-114.486901374,109.739710723,-110.513098626,-32.110847451,-32.110847451
1786021461.915550709,85.000282361,0.000000000,NONE,0,0.049996038,0.500000000,-43.500000000,0.450723367,0.443954195,-40.406917847,-0.049291275,0.056045805,-3.093082153,0.500014642,-0.180117334,-2.999719725,0.729227167,-0.180194681,-2.422303324,-0.016762040,0.000077347,-0.577416401,0.745989208,-1.487918777,-450.000000000,64.217989383,0.078560882,-0.001785178,-9.494373934,115.245573178,-114.501613789,109.754426822,-110.498386211,-32.108994692,-32.108994692
1786021461.965623856,85.050355371,0.000000000,TARGET_UPDATED,0,0.050090350,0.500000000,-43.500000000,0.450708725,0.444482701,-40.528367900,-0.049293237,0.055517299,-2.971632100,0.500001962,-0.179092670,-2.999885529,0.728777774,-0.179747371,-2.422279327,-0.017149667,0.000654701,-0.577606202,0.745927441,-1.445574310,-450.000000000,64.213687802,0.078462678,-0.001783780,-9.494392028,115.234991584,-114.512204429,109.765008416,-110.487795571,-32.106843901,-32.106843901
1786021462.015525103,85.100256759,0.000000000,NONE,0,0.049911326,0.500000000,-43.500000000,0.450708725,0.445037461,-40.649814210,-0.049294689,0.054962539,-2.850185790,0.500003414,-0.177916122,-3.000028450,0.728479812,-0.178779643,-2.422264991,-0.017435917,0.000863521,-0.577763459,0.745915729,-1.420328428,-450.000000000,64.213866358,0.078364844,-0.001782070,-9.494404991,115.228683355,-114.518519141,109.771316645,-110.481480859,-32.106933179,-32.106933179
1786021462.065541267,85.150273031,0.000000000,NONE,0,0.049998087,0.500000000,-43.500000000,0.450708725,0.445641355,-40.771255447,-0.049295494,0.054358645,-2.728744553,0.500004219,-0.176586651,-3.000147894,0.728312611,-0.177396825,-2.422260397,-0.017604361,0.000810174,-0.577887498,0.745916972,-1.406276708,-450.000000000,64.214212919,0.078267363,-0.001783817,-9.494415509,115.225173054,-114.522034700,109.774826946,-110.477965300,-32.107106460,-32.107106460
1786021462.115553617,85.200285070,0.000000000,NONE,0,0.049987405,0.500000000,-43.500000000,0.450708725,0.446312388,-40.892690635,-0.049295215,0.053687612,-2.607309365,0.500003939,-0.175102703,-3.000243757,0.728275570,-0.175688012,-2.422265071,-0.017657561,0.000585310,-0.577978686,0.745933131,-1.398289097,-450.000000000,64.215642413,0.078170447,-0.001783520,-9.494480259,115.223192339,-114.524047791,109.776807661,-110.475952209,-32.107821207,-32.107821207
1786021462.165573359,85.250305111,0.000000000,TARGET_UPDATED,0,0.050068938,0.500000000,-44.500000000,0.450704785,0.447064871,-41.014119090,-0.049293744,0.052935129,-3.485880910,0.499998529,-0.191748196,-2.999220170,0.728290938,-0.173719459,-2.422278910,-0.017601114,-0.018028737,-0.576941260,0.745892052,-3.174155124,-450.000000000,64.211623217,0.078074211,-0.001783391,-9.494600846,115.667188993,-114.080111430,109.332811007,-110.919888570,-32.105811608,-32.105811608
1786021462.215535164,85.300266657,0.000000000,NONE,0,0.049942789,0.500000000,-44.500000000,0.450704785,0.447645869,-41.111263587,-0.049291841,0.052354131,-3.388736413,0.499996626,-0.191320554,-2.999217099,0.728413104,-0.176026220,-2.422297511,-0.017519984,-0.015294334,-0.576919587,0.745933088,-2.576138998,-450.000000000,64.216137830,0.077997327,-0.001786620,-9.496208626,115.518086906,-114.230017407,109.481913094,-110.769982593,-32.108068915,-32.108068915
1786021462.265530348,85.350262160,0.000000000,NONE,0,0.050001782,0.500000000,-44.500000000,0.450704785,0.448227792,-41.232705843,-0.049288847,0.051772208,-3.267294157,0.499993633,-0.190622601,-2.999201403,0.728656051,-0.178117646,-2.422326289,-0.017358142,-0.012504955,-0.576875115,0.746014193,-2.395337097,-450.000000000,64.222615590,0.077899977,-0.001825221,-9.495824887,115.472790496,-114.275121948,109.527209504,-110.724878052,-32.111307795,-32.111307795
1786021462.315541744,85.400273526,0.000000000,NONE,0,0.049987781,0.500000000,-44.500000000,0.450704785,0.448745664,-41.354153863,-0.049285377,0.051254336,-3.145846137,0.499990162,-0.189762588,-2.999169655,0.729005767,-0.178720903,-2.422364189,-0.017106676,-0.011041685,-0.576805466,0.746112443,-2.318724137,-450.000000000,64.229836439,0.077800461,-0.001868356,-9.495210472,115.453483652,-114.294121584,109.546516348,-110.705878416,-32.114918220,-32.114918220
1786021462.365597486,85.450329085,0.000000000,TARGET_UPDATED,0,0.050091560,0.500000000,-44.500000000,0.450714623,0.449245169,-41.475604456,-0.049281302,0.050754831,-3.024395544,0.499995925,-0.188748180,-2.999121637,0.729475402,-0.178597022,-2.422410304,-0.016764077,-0.010151158,-0.576711333,0.746239479,-2.258724592,-450.000000000,64.239299604,0.077699701,-0.001893899,-9.494678432,115.438350756,-114.308988460,109.561649244,-110.691011540,-32.119649802,-32.119649802
1786021462.415554762,85.500286483,0.000000000,NONE,0,0.049934723,0.500000000,-44.500000000,0.450714623,0.449754931,-41.597055748,-0.049276403,0.050245069,-2.902944252,0.499991026,-0.187582510,-2.999057429,0.730032292,-0.177947356,-2.422464001,-0.016328438,-0.009635154,-0.576593428,0.746360730,-2.214522593,-450.000000000,64.247679288,0.077598755,-0.001901745,-9.494273999,115.427199148,-114.319937852,109.572800852,-110.680062148,-32.123839644,-32.123839644
1786021462.465538740,85.550270403,0.000000000,NONE,0,0.049995992,0.500000000,-44.500000000,0.450714623,0.450298274,-41.718506271,-0.049270478,0.049701726,-2.781493729,0.499985101,-0.186268176,-2.998977719,0.730686860,-0.176872133,-2.422524756,-0.015809161,-0.009396043,-0.576452963,0.746496020,-2.182521576,-450.000000000,64.257427444,0.077498515,-0.001894971,-9.494071766,115.419148336,-114.327887548,109.580851664,-110.672112452,-32.128713722,-32.128713722
1786021462.515565395,85.600296941,0.000000000,NONE,0,0.049997067,0.500000000,-44.500000000,0.450714623,0.450893364,-41.839954950,-0.049263822,0.049106636,-2.660045050,0.499978445,-0.184805595,-2.998883509,0.731434271,-0.175472639,-2.422592039,-0.015215813,-0.009332956,-0.576291470,0.746650084,-2.156600163,-450.000000000,64.268587333,0.077399574,-0.001879887,-9.494046838,115.412661750,-114.334361669,109.587338250,-110.665638331,-32.134293666,-32.134293666
1786021462.565598488,85.650330136,0.000000000,TARGET_UPDATED,0,0.050055190,0.500000000,-45.500000000,0.450736178,0.451554366,-41.961401008,-0.049256713,0.048445634,-3.538598992,0.499992891,-0.199336606,-2.997790655,0.732120284,-0.173818844,-2.422665311,-0.014551411,-0.025517762,-0.575125345,0.746671694,-3.719212103,-450.000000000,64.267450323,0.077302193,-0.001862122,-9.494172736,115.803346210,-113.943740158,109.196653790,-111.056259842,-32.133725161,-32.133725161
1786021462.615544081,85.700275610,0.000000000,NONE,0,0.049933680,0.500000000,-45.500000000,0.450736178,0.452188071,-42.082852008,-0.049249277,0.047811929,-3.417147992,0.499985455,-0.198668952,-2.997620849,0.732985105,-0.176201899,-2.422744707,-0.013889615,-0.022467053,-0.574876142,0.746874719,-3.139619624,-450.000000000,64.285296262,0.077205977,-0.001849002,-9.494317042,115.658484167,-114.088674354,109.341515833,-110.911325646,-32.142648131,-32.142648131
1786021462.665556908,85.750288618,0.000000000,NONE,0,0.050015987,0.500000000,-45.500000000,0.450736178,0.452681061,-42.204316892,-0.049241559,0.047318939,-3.295683108,0.499977737,-0.197835838,-2.997448560,0.733902596,-0.177883254,-2.422827075,-0.013184251,-0.019952584,-0.574621485,0.747086847,-2.984314062,-450.000000000,64.300320493,0.077110354,-0.001839661,-9.494474132,115.619697048,-114.127540018,109.380302952,-110.872459982,-32.150160246,-32.150160246
1786021462.715571165,85.800302914,0.000000000,NONE,0,0.049994729,0.500000000,-45.500000000,0.450736178,0.453121110,-42.325789090,-0.049233484,0.046878890,-3.174210910,0.499969662,-0.196857314,-2.997271799,0.734874616,-0.178372681,-2.422914171,-0.012420413,-0.018484633,-0.574357628,0.747295029,-2.899186018,-450.000000000,64.314816126,0.077015430,-0.001834191,-9.494635587,115.598455401,-114.148862392,109.401544599,-110.851137608,-32.157408063,-32.157408063
1786021462.765633345,85.850364890,0.000000000,TARGET_UPDATED,0,0.050081049,0.500000000,-45.500000000,0.450766516,0.453544594,-42.447265997,-0.049224976,0.046455406,-3.052734003,0.499991492,-0.195736389,-2.997091514,0.735941968,-0.178265455,-2.423005015,-0.011609023,-0.017470934,-0.574086499,0.747550991,-2.826929380,-450.000000000,64.333680314,0.076921079,-0.001833076,-9.494803231,115.580433153,-114.166968463,109.419566847,-110.833031537,-32.166840157,-32.166840157
1786021462.815565825,85.900297411,0.000000000,NONE,0,0.049926427,0.500000000,-45.500000000,0.450766516,0.453976343,-42.568745870,-0.049215693,0.046023657,-2.931254130,0.499982209,-0.194471004,-2.996908384,0.737008234,-0.177699863,-2.423098922,-0.010741054,-0.016771141,-0.573809462,0.747749288,-2.768030594,-450.000000000,64.346421913,0.076827107,-0.001836564,-9.494922063,115.565738164,-114.181722867,109.434261836,-110.818277133,-32.173210957,-32.173210957
1786021462.865561247,85.950292956,0.000000000,NONE,0,0.049998383,0.500000000,-45.500000000,0.450766516,0.454436537,-42.690227304,-0.049205476,0.045563463,-2.809772696,0.499971992,-0.193060334,-2.996723788,0.738113293,-0.176767027,-2.423195268,-0.009846491,-0.016293307,-0.573528520,0.747959783,-2.718148470,-450.000000000,64.361394896,0.076733311,-0.001843597,-9.495021098,115.553292392,-114.194218157,109.446707608,-110.805781843,-32.180697448,-32.180697448
1786021462.915600061,86.000331790,0.000000000,NONE,0,0.049994695,0.500000000,-45.500000000,0.450766516,0.454941101,-42.811709199,-0.049195164,0.045058899,-2.688290801,0.499961680,-0.191501893,-2.996539061,0.739252639,-0.175544725,-2.423293452,-0.008932517,-0.015957168,-0.573245609,0.748185156,-2.672622476,-450.000000000,64.377468825,0.076639514,-0.001853413,-9.495082293,115.541926192,-114.205614954,109.458073808,-110.794385046,-32.188734413,-32.188734413
1786021462.965600014,86.050331605,0.000000000,TARGET_UPDATED,0,0.050059871,0.500000000,-45.500000000,0.450804836,0.455502604,-42.933190687,-0.049185181,0.044497396,-2.566809313,0.499990017,-0.189792807,-2.996355771,0.740478444,-0.174092772,-2.423392892,-0.007996272,-0.015700035,-0.572962878,0.748474715,-2.628087329,-450.000000000,64.399014340,0.076545560,-0.001865028,-9.495113549,115.530800220,-114.216756555,109.469199780,-110.783243445,-32.199507170,-32.199507170
1786021463.015638828,86.100370457,0.000000000,TARGET_UPDATED,0,0.050027913,0.500000000,-46.500000000,0.450804836,0.456131210,-43.054671059,-0.049175052,0.043868790,-3.445328941,0.499979888,-0.203511994,-2.995220814,0.741410746,-0.172453693,-2.423493019,-0.007016350,-0.031058301,-0.571727795,0.748427096,-4.119894193,-450.000000000,64.388944868,0.076451330,-0.001877539,-9.495099454,115.903748412,-113.843801315,109.096251588,-111.156198685,-32.194472434,-32.194472434
1786021463.065560818,86.150292493,0.000000000,NONE,0,0.049927321,0.500000000,-46.500000000,0.450804836,0.456728941,-43.176157905,-0.049164913,0.043271059,-3.323842095,0.499969749,-0.202574284,-2.994993554,0.742569330,-0.174882269,-2.423593970,-0.006140844,-0.027692015,-0.571399584,0.748710174,-3.526025354,-450.000000000,64.415382017,0.076356595,-0.001892123,-9.494999399,115.755256188,-113.992243511,109.244743812,-111.007756489,-32.207691009,-32.207691009
1786021463.115605354,86.200336928,0.000000000,NONE,0,0.049994058,0.500000000,-46.500000000,0.450804836,0.457189901,-43.297659238,-0.049155766,0.042810099,-3.202340762,0.499960602,-0.201465042,-2.994779104,0.743721262,-0.176505299,-2.423692761,-0.005259402,-0.024959743,-0.571086342,0.748980664,-3.354104810,-450.000000000,64.434056956,0.076261256,-0.001903984,-9.494878907,115.712245929,-114.035193524,109.287754071,-110.964806476,-32.217028478,-32.217028478
1786021463.165584326,86.250316027,0.000000000,TARGET_UPDATED,0,0.050047441,0.500000000,-46.500000000,0.450844234,0.457597076,-43.419168685,-0.049146795,0.042402924,-3.080831315,0.499991029,-0.200206485,-2.994575342,0.744926640,-0.177047235,-2.423791183,-0.004353135,-0.023159249,-0.570784159,0.749279775,-3.241215101,-450.000000000,64.455560746,0.076165578,-0.001911872,-9.494769531,115.683996158,-114.063388607,109.316003842,-110.936611393,-32.227780373,-32.227780373
1786021463.215561867,86.300293552,0.000000000,NONE,0,0.049948985,0.500000000,-46.500000000,0.450844234,0.457983328,-43.540683699,-0.049137087,0.042016672,-2.959316301,0.499981320,-0.198798873,-2.994382533,0.746063151,-0.177040877,-2.423888412,-0.003421270,-0.021757996,-0.570494122,0.749484420,-3.138812544,-450.000000000,64.468006510,0.076069738,-0.001916196,-9.494658279,115.658367706,-114.088961434,109.341632294,-110.911038566,-32.234003255,-32.234003255
1786021463.265562534,86.350294232,0.000000000,NONE,0,0.050000671,0.500000000,-46.500000000,0.450844234,0.458373134,-43.662202353,-0.049126125,0.041626866,-2.837797647,0.499970359,-0.197243392,-2.994201139,0.747186652,-0.176575497,-2.423983971,-0.002501727,-0.020667895,-0.570217168,0.749688379,-3.050787530,-450.000000000,64.482265639,0.075973890,-0.001916776,-9.494582129,115.636342415,-114.110948650,109.363657585,-110.889051350,-32.241132820,-32.241132820
1786021463.315561056,86.400292669,0.000000000,NONE,0,0.049996752,0.500000000,-46.500000000,0.450844234,0.458785163,-43.783723154,-0.049115066,0.041214837,-2.716276846,0.499959300,-0.195538297,-2.994031822,0.748295830,-0.175774767,-2.424077467,-0.001609114,-0.019763530,-0.569954355,0.749904944,-2.968783995,-450.000000000,64.497677681,0.075878134,-0.001914879,-9.494527987,115.615827995,-114.131435998,109.384172005,-110.868564002,-32.248838840,-32.248838840
1786021463.365648031,86.450379667,0.000000000,TARGET_UPDATED,0,0.050090982,0.500000000,-46.500000000,0.450884934,0.459234104,-43.905244893,-0.049104708,0.040765896,-2.594755107,0.499989642,-0.193681154,-2.993875278,0.749449884,-0.174704017,-2.424168525,-0.000737593,-0.018977137,-0.569706753,0.750187477,-2.889982541,-450.000000000,64.518763751,0.075782515,-0.001911283,-9.494506452,115.596122248,-114.151130978,109.403877752,-110.848869022,-32.259381876,-32.259381876
1786021463.415585279,86.500317033,0.000000000,TARGET_UPDATED,0,0.049951199,0.500000000,-47.500000000,0.450884934,0.459731872,-44.026766562,-0.049094763,0.040268128,-3.473233438,0.499979697,-0.205695763,-2.992865088,0.750268045,-0.173414819,-2.424256795,0.000141193,-0.032280945,-0.568608293,0.750126852,-4.199954702,-450.000000000,64.507665968,0.075687027,-0.001906981,-9.494471765,115.923606617,-113.823629266,109.076393383,-111.176370734,-32.253832984,-32.253832984
1786021463.465544462,86.550276031,0.000000000,NONE,0,0.049962765,0.500000000,-47.500000000,0.450884934,0.460174575,-44.148295946,-0.049085712,0.039825425,-3.351704054,0.499970647,-0.204511791,-2.992690139,0.751275328,-0.176129245,-2.424342537,0.000870630,-0.028382546,-0.568347602,0.750404698,-3.599228862,-450.000000000,64.533889933,0.075591683,-0.001904219,-9.494425367,115.773413557,-113.973799126,109.226586443,-111.026200874,-32.266944966,-32.266944966
1786021463.515528202,86.600259905,0.000000000,NONE,0,0.049970812,0.500000000,-47.500000000,0.450884934,0.460495009,-44.269837879,-0.049078230,0.039504991,-3.230162121,0.499963164,-0.203166798,-2.992535487,0.752244466,-0.177458564,-2.424423293,0.001604372,-0.025708234,-0.568112194,0.750640094,-3.437763731,-450.000000000,64.549517258,0.075496537,-0.001899830,-9.494402858,115.733041647,-114.014159782,109.266958353,-110.985840218,-32.274758629,-32.274758629
1786021463.565619230,86.650350908,0.000000000,TARGET_UPDATED,0,0.050099808,0.500000000,-47.500000000,0.450921770,0.460766560,-44.391386650,-0.049071311,0.039233440,-3.108613350,0.499993081,-0.201679076,-2.992399382,0.753230322,-0.177970630,-2.424500841,0.002333173,-0.023708446,-0.567898541,0.750897149,-3.303239486,-450.000000000,64.567931304,0.075401587,-0.001894618,-9.494414203,115.699413422,-114.047793679,109.300586578,-110.952206321,-32.283965652,-32.283965652
1786021463.615551472,86.700283071,0.000000000,NONE,0,0.049921122,0.500000000,-47.500000000,0.450921770,0.461016342,-44.512940031,-0.049063987,0.038983658,-2.987059969,0.499985757,-0.200046146,-2.992281989,0.754120676,-0.177995189,-2.424574572,0.003063441,-0.022050957,-0.567707416,0.751057236,-3.179761040,-450.000000000,64.577213278,0.075306788,-0.001889770,-9.494397512,115.668539638,-114.078659118,109.331460362,-110.921340882,-32.288606639,-32.288606639
1786021463.665530920,86.750262605,0.000000000,NONE,0,0.049983050,0.500000000,-47.500000000,0.450921770,0.461265930,-44.634496206,-0.049056073,0.038734070,-2.865503794,0.499977843,-0.198267259,-2.992183213,0.754970108,-0.177618976,-2.424644265,0.003751322,-0.020648283,-0.567538948,0.751218785,-3.067454697,-450.000000000,64.588547039,0.075212080,-0.001884690,-9.494390380,115.640461269,-114.106733921,109.359538731,-110.893266079,-32.294273519,-32.294273519
1786021463.715552330,86.800283988,0.000000000,NONE,0,0.050006796,0.500000000,-47.500000000,0.450921770,0.461532934,-44.756053648,-0.049048504,0.038467066,-2.743946352,0.499970274,-0.196339750,-2.992103173,0.755779349,-0.176920702,-2.424709723,0.004397357,-0.019419048,-0.567393450,0.751381991,-2.961383509,-450.000000000,64.600003048,0.075117421,-0.001879623,-9.494381040,115.613941137,-114.133249383,109.386058863,-110.866750617,-32.300001524,-32.300001524
1786021463.765644550,86.850376170,0.000000000,TARGET_UPDATED,0,0.050100859,0.500000000,-47.500000000,0.450951496,0.461831498,-44.877611086,-0.049041798,0.038168502,-2.622388914,0.499993293,-0.194260418,-2.992041949,0.756592873,-0.175962310,-2.424770762,0.005006464,-0.018298108,-0.567271187,0.751586409,-2.858048455,-450.000000000,64.615128755,0.075022760,-0.001874503,-9.494376787,115.588106310,-114.159082083,109.411893690,-110.840917917,-32.307564378,-32.307564378
1786021463.815613508,86.900345186,0.000000000,TARGET_UPDATED,0,0.049985454,0.500000000,-48.500000000,0.450951496,0.462173127,-44.999167442,-0.049035709,0.037826873,-3.500832558,0.499987204,-0.204955219,-2.991198411,0.757097506,-0.174791292,-2.424827224,0.005599698,-0.030163928,-0.566371187,0.751497809,-4.034185415,-450.000000000,64.603074099,0.074928050,-0.001869553,-9.494340158,115.882131393,-113.865038686,109.117868607,-111.134961314,-32.301537049,-32.301537049
1786021463.865546703,86.950278513,0.000000000,NONE,0,0.049919650,0.500000000,-48.500000000,0.450951496,0.462462661,-45.120729661,-0.049030677,0.037537339,-3.379270339,0.499982173,-0.203509832,-2.991130910,0.757746342,-0.177296731,-2.424879521,0.006046215,-0.026213100,-0.566251389,0.751700127,-3.453096737,-450.000000000,64.623061745,0.074833436,-0.001866159,-9.494276274,115.736843253,-114.010294884,109.263156747,-110.989705116,-32.311530872,-32.311530872
1786021463.915575504,87.000307227,0.000000000,NONE,0,0.050005644,0.500000000,-48.500000000,0.450951496,0.462638570,-45.242302018,-0.049027143,0.037361430,-3.257697982,0.499978639,-0.201911122,-2.991087513,0.758339849,-0.178522403,-2.424925493,0.006482603,-0.023388719,-0.566162021,0.751857246,-3.275961601,-450.000000000,64.633149263,0.074739069,-0.001860801,-9.494255245,115.692554211,-114.054573411,109.307445789,-110.945426589,-32.316574632,-32.316574632
1786021463.965591908,87.050323554,0.000000000,TARGET_UPDATED,0,0.050049204,0.500000000,-48.500000000,0.450972857,0.462768647,-45.363879199,-0.049024117,0.037231353,-3.136120801,0.499996973,-0.200174649,-2.991066177,0.758911342,-0.178990152,-2.424966965,0.006899750,-0.021184497,-0.566099212,0.752011592,-3.123370918,-450.000000000,64.643895296,0.074644886,-0.001854751,-9.494252907,115.654405956,-114.092720497,109.345594044,-110.907279503,-32.321947648,-32.321947648
1786021464.015597343,87.100328936,0.000000000,NONE,0,0.049964531,0.500000000,-48.500000000,0.450972857,0.462878177,-45.485459066,-0.049020906,0.037121823,-3.014540934,0.499993762,-0.198298615,-2.991066665,0.759397019,-0.179001679,-2.425003540,0.007297077,-0.019296935,-0.566063124,0.752099942,-2.981201076,-450.000000000,64.648764195,0.074550838,-0.001848819,-9.494238239,115.618859829,-114.128259291,109.381140171,-110.871740709,-32.324382098,-32.324382098
1786021464.065571785,87.150303595,0.000000000,NONE,0,0.049998266,0.500000000,-48.500000000,0.450972857,0.462987398,-45.607039860,-0.049017396,0.037012602,-2.892960140,0.499990252,-0.196281659,-2.991088450,0.759829891,-0.178636453,-2.425035164,0.007647751,-0.017645206,-0.566053286,0.752182140,-2.849315268,-450.000000000,64.654393795,0.074456880,-0.001842789,-9.494227323,115.585885648,-114.161228014,109.414114352,-110.838771986,-32.327196898,-32.327196898
1786021464.115542889,87.200274463,0.000000000,NONE,0,0.049983002,0.500000000,-48.500000000,0.450972857,0.463112943,-45.728620086,-0.049014193,0.036887057,-2.771379914,0.499987050,-0.194120977,-2.991131240,0.760211691,-0.177965693,-2.425061796,0.007951734,-0.016155284,-0.566069443,0.752259957,-2.723310544,-450.000000000,64.659753892,0.074362980,-0.001836762,-9.494209336,115.554379970,-114.192724698,109.445620030,-110.807275302,-32.329876946,-32.329876946
1786021464.165633440,87.250365168,0.000000000,TARGET_UPDATED,0,0.050084226,0.500000000,-48.500000000,0.450985807,0.463268318,-45.850198487,-0.049011678,0.036731682,-2.649801513,0.499997485,-0.191812781,-2.991194764,0.760563005,-0.177045269,-2.425083403,0.008212495,-0.014767513,-0.566111361,0.752350510,-2.600018513,-450.000000000,64.666343694,0.074269116,-0.001830575,-9.494201539,115.523555013,-114.223545756,109.476444987,-110.776454244,-32.333171847,-32.333171847
1786021464.215548277,87.300279924,0.000000000,TARGET_UPDATED,0,0.049916486,0.500000000,-49.500000000,0.450985807,0.463421765,-45.947459156,-0.049010162,0.036578235,-3.552540844,0.499995969,-0.201931181,-2.990513046,0.760622410,-0.176134564,-2.425097043,0.008399528,-0.025796617,-0.565416003,0.752222882,-3.701125061,-450.000000000,64.653044924,0.074194042,-0.001825677,-9.495651599,115.799194165,-113.948631634,109.200805835,-111.051368366,-32.326522462,-32.326522462
1786021464.265493155,87.350224818,0.000000000,NONE,0,0.049945193,0.500000000,-49.500000000,0.450985807,0.463578706,-46.069037538,-0.049009194,0.036421294,-3.430962462,0.499995001,-0.200274890,-2.990568654,0.760840225,-0.178093885,-2.425110274,0.008520053,-0.022181004,-0.565458380,0.752320173,-3.159620267,-450.000000000,64.664360038,0.074099539,-0.001855653,-9.495193393,115.663703415,-114.083893281,109.336296585,-110.916106719,-32.332180019,-32.332180019
1786021464.315699100,87.400430654,0.000000000,NONE,0,0.050053436,0.500000000,-49.500000000,0.450985807,0.463618525,-46.190624232,-0.049009645,0.036381475,-3.309375768,0.499995452,-0.198467295,-2.990649879,0.760995270,-0.179510378,-2.425117091,0.008605682,-0.018956917,-0.565532788,0.752389588,-2.940244615,-450.000000000,64.668658013,0.074003462,-0.001885176,-9.494620250,115.608716216,-114.138593909,109.391283784,-110.861406091,-32.334329007,-32.334329007
1786021464.365636349,87.450368041,0.000000000,TARGET_UPDATED,0,0.050084720,0.500000000,-49.500000000,0.450990355,0.463608801,-46.312213953,-0.049010489,0.036391199,-3.187786047,0.500000844,-0.196524147,-2.990753526,0.761100193,-0.179997874,-2.425119250,0.008673679,-0.016526273,-0.565634276,0.752426514,-2.774087804,-450.000000000,64.670593248,0.073906400,-0.001897997,-9.494130228,115.567054508,-114.180010606,109.432945492,-110.819989394,-32.335296624,-32.335296624
1786021464.415535688,87.500267321,0.000000000,NONE,0,0.049919225,0.500000000,-49.500000000,0.450990355,0.463579780,-46.433804200,-0.049011204,0.036420220,-3.066195800,0.500001559,-0.194449088,-2.990878415,0.761143460,-0.179973709,-2.425116518,0.008711548,-0.014475379,-0.565761897,0.752431912,-2.620139783,-450.000000000,64.670341953,0.073809145,-0.001894627,-9.493752564,115.528473087,-114.218403195,109.471526913,-110.781596805,-32.335170977,-32.335170977
1786021464.465501785,87.550233459,0.000000000,NONE,0,0.049931315,0.500000000,-49.500000000,0.450990355,0.463551833,-46.555393216,-0.049011777,0.036448167,-2.944606784,0.500002132,-0.192242467,-2.991023567,0.761134452,-0.179575992,-2.425108939,0.008708142,-0.012666475,-0.565914628,0.752426310,-2.476073028,-450.000000000,64.669729505,0.073712339,-0.001879248,-9.493522959,115.492398997,-114.254362483,109.507601003,-110.745637517,-32.334864753,-32.334864753
1786021464.515566587,87.600298303,0.000000000,NONE,0,0.050055178,0.500000000,-49.500000000,0.450990355,0.463541051,-46.676979574,-0.049012515,0.036458949,-2.823020426,0.500002871,-0.189902569,-2.991188180,0.761076045,-0.178883683,-2.425096632,0.008662404,-0.011018886,-0.566091547,0.752413641,-2.338149576,-450.000000000,64.668701749,0.073616419,-0.001856556,-9.493446070,115.457898912,-114.288824123,109.542101088,-110.711175877,-32.334350875,-32.334350875
1786021464.565585613,87.650317396,0.000000000,TARGET_UPDATED,0,0.050072566,0.500000000,-49.500000000,0.450987485,0.463560619,-46.798562076,-0.049013702,0.036439381,-2.701437924,0.500001187,-0.187425713,-2.991371584,0.760966701,-0.177949049,-2.425079748,0.008576864,-0.009476664,-0.566291836,0.752389837,-2.203385456,-450.000000000,64.666813200,0.073521605,-0.001831188,-9.493477449,115.424215726,-114.322522998,109.575784274,-110.677477002,-32.333406600,-32.333406600
1786021464.615557909,87.700289556,0.000000000,NONE,0,0.049946991,0.500000000,-49.500000000,0.450987485,0.463621526,-46.920139698,-0.049015555,0.036378474,-2.579860302,0.500003040,-0.184806349,-2.991573158,0.760817648,-0.176811407,-2.425058459,0.008454030,-0.007994942,-0.566514699,0.752363617,-2.069303448,-450.000000000,64.664928277,0.073427923,-0.001806647,-9.493563314,115.390716691,-114.356064966,109.609283309,-110.643935034,-32.332464138,-32.332464138
1786021464.665548086,87.750279698,0.000000000,TARGET_UPDATED,0,0.050000279,0.500000000,-50.500000000,0.450987485,0.463733123,-47.041711552,-0.049018117,0.036266877,-3.458288448,0.500005601,-0.194808537,-2.991016435,0.760514905,-0.175499462,-2.425032958,0.008301047,-0.019309075,-0.565983477,0.752213858,-3.185713516,-450.000000000,64.651974897,0.073335280,-0.001784821,-9.493703685,115.669854300,-114.076997542,109.330145700,-110.923002458,-32.325987448,-32.325987448
1786021464.715586662,87.800318129,0.000000000,NONE,0,0.050000157,0.500000000,-50.500000000,0.450987485,0.463805351,-47.163284087,-0.049021548,0.036194649,-3.336715913,0.500009032,-0.192923655,-2.991203944,0.760262951,-0.177718319,-2.425003993,0.008062397,-0.015205337,-0.566199951,0.752200554,-2.596649798,-450.000000000,64.653772712,0.073243683,-0.001769405,-9.493854490,115.522626072,-114.224301173,109.477373928,-110.775698827,-32.326886356,-32.326886356
1786021464.765598774,87.850330457,0.000000000,TARGET_UPDATED,0,0.050060119,0.500000000,-50.500000000,0.450978452,0.463770705,-47.284861976,-0.049025732,0.036229295,-3.215138024,0.500004184,-0.190899147,-2.991411910,0.759948497,-0.178854087,-2.424969752,0.007806022,-0.012045060,-0.566442158,0.752142475,-2.389210831,-450.000000000,64.648813056,0.073153023,-0.001758247,-9.494037370,115.470812050,-114.276206635,109.529187950,-110.723793365,-32.324406528,-32.324406528
1786021464.815582752,87.900314334,0.000000000,NONE,0,0.049953233,0.500000000,-50.500000000,0.450978452,0.463695433,-47.406440186,-0.049030085,0.036304567,-3.093559814,0.500008537,-0.188748016,-2.991637315,0.759604878,-0.179222023,-2.424932379,0.007526295,-0.009525993,-0.566704936,0.752078583,-2.212047198,-450.000000000,64.644221802,0.073062920,-0.001752378,-9.494187298,115.426558624,-114.320535025,109.573441376,-110.679464975,-32.322110901,-32.322110901
1786021464.865546703,87.950278421,0.000000000,NONE,0,0.049982365,0.500000000,-50.500000000,0.450978452,0.463604473,-47.528016724,-0.049034430,0.036395527,-2.971983276,0.500012883,-0.186467439,-2.991878857,0.759223145,-0.179145953,-2.424891811,0.007225064,-0.007321486,-0.566987046,0.751998081,-2.045461665,-450.000000000,64.638255061,0.072973076,-0.001751240,-9.494305845,115.384941878,-114.362211045,109.615058122,-110.637788955,-32.319127531,-32.319127531
1786021464.915578127,88.000309786,0.000000000,NONE,0,0.050004922,0.500000000,-50.500000000,0.450978452,0.463517566,-47.649589992,-0.049038619,0.036482434,-2.850410008,0.500017072,-0.184053382,-2.992135271,0.758807805,-0.178699216,-2.424848290,0.006900524,-0.005354166,-0.567286981,0.751907282,-1.889650052,-450.000000000,64.631693896,0.072883256,-0.001753873,-9.494382977,115.346008257,-114.401183231,109.653991743,-110.598816769,-32.315846948,-32.315846948
1786021464.965604305,88.050336004,0.000000000,TARGET_UPDATED,0,0.050071851,0.500000000,-50.500000000,0.450961381,0.463451301,-47.771158639,-0.049042751,0.036548699,-2.728841361,0.500004132,-0.181500784,-2.992405482,0.758337784,-0.177944373,-2.424802078,0.006552326,-0.003556411,-0.567603404,0.751785458,-1.740799361,-450.000000000,64.622549082,0.072793294,-0.001759059,-9.494423957,115.308805829,-114.438406149,109.691194171,-110.561593851,-32.311274541,-32.311274541
1786021465.015506506,88.100238008,0.000000000,NONE,0,0.049873420,0.500000000,-50.500000000,0.450961381,0.463419468,-47.892721534,-0.049047259,0.036580532,-2.607278466,0.500008639,-0.178803641,-2.992688296,0.757869027,-0.176931344,-2.424753443,0.006173568,-0.001872297,-0.567934853,0.751695459,-1.595576291,-450.000000000,64.616877591,0.072703093,-0.001765663,-9.494393713,115.272492501,-114.474704355,109.727507499,-110.525295645,-32.308438795,-32.308438795
1786021465.065582752,88.150314476,0.000000000,TARGET_UPDATED,0,0.050077594,0.500000000,-51.500000000,0.450961381,0.463433759,-48.014277719,-0.049052352,0.036566241,-3.485722281,0.500013732,-0.188589865,-2.992223754,0.757338608,-0.175696989,-2.424702654,0.005785020,-0.012892876,-0.567521100,0.751553589,-2.682487353,-450.000000000,64.605918202,0.072612642,-0.001771664,-9.494370168,115.544214380,-114.202970704,109.455785620,-110.797029296,-32.302959101,-32.302959101
1786021465.115566254,88.200297870,0.000000000,NONE,0,0.049961355,0.500000000,-51.500000000,0.450961381,0.463407754,-48.135833418,-0.049057838,0.036592246,-3.364166582,0.500019218,-0.186638862,-2.992480196,0.756816657,-0.177891589,-2.424650521,0.005357637,-0.008747272,-0.567829675,0.751459021,-2.096000391,-450.000000000,64.600238611,0.072522082,-0.001778895,-9.494299679,115.397575017,-114.349574822,109.602424983,-110.650425178,-32.300119306,-32.300119306
1786021465.165614605,88.250346321,0.000000000,TARGET_UPDATED,0,0.050084400,0.500000000,-51.500000000,0.450942162,0.463276805,-48.257393156,-0.049063584,0.036723195,-3.242606844,0.500005747,-0.184552500,-2.992750138,0.756240647,-0.178988498,-2.424595362,0.004919521,-0.005564002,-0.568154776,0.751321126,-1.887617545,-450.000000000,64.589725618,0.072431531,-0.001783538,-9.494264578,115.345470531,-114.401661758,109.654529469,-110.598338242,-32.294862809,-32.294862809
1786021465.215490580,88.300222128,0.000000000,NONE,0,0.049877514,0.500000000,-51.500000000,0.450942162,0.463143097,-48.354640425,-0.049068311,0.036856903,-3.145359575,0.500010474,-0.182795613,-2.992973525,0.755790188,-0.179250695,-2.424550586,0.004554050,-0.003544919,-0.568422939,0.751236138,-1.758850446,-450.000000000,64.584825723,0.072359106,-0.001785934,-9.495664734,115.313628795,-114.434203572,109.686371205,-110.565796428,-32.292412862,-32.292412862
1786021465.265503883,88.350235771,0.000000000,NONE,0,0.049992786,0.500000000,-51.500000000,0.450942162,0.462960885,-48.476197289,-0.049074370,0.037039115,-3.023802711,0.500016532,-0.180485438,-2.993261179,0.755215015,-0.179263030,-2.424493931,0.004102542,-0.001222408,-0.568767248,0.751112472,-1.573518771,-450.000000000,64.575399407,0.072267835,-0.001820428,-9.495243920,115.267190673,-114.480431287,109.732809327,-110.519568713,-32.287699703,-32.287699703
1786021465.315567732,88.400299225,0.000000000,NONE,0,0.050058423,0.500000000,-51.500000000,0.450942162,0.462778124,-48.597750467,-0.049079995,0.037221876,-2.902249533,0.500022158,-0.178039900,-2.993557121,0.754630646,-0.178865234,-2.424436663,0.003650059,0.000825334,-0.569120459,0.750980587,-1.414357018,-450.000000000,64.566006432,0.072174722,-0.001855585,-9.494669205,115.227256556,-114.520078047,109.772743444,-110.479921953,-32.283003216,-32.283003216
1786021465.365681887,88.450413674,0.000000000,TARGET_UPDATED,0,0.050088963,0.500000000,-51.500000000,0.450920005,0.462614545,-48.719298501,-0.049085272,0.037385455,-2.780701499,0.500005277,-0.175457120,-2.993859931,0.754008876,-0.178113989,-2.424378986,0.003193419,0.002656869,-0.569480945,0.750815457,-1.265185610,-450.000000000,64.553785284,0.072080447,-0.001874422,-9.494159721,115.189836333,-114.557243528,109.810163667,-110.442756472,-32.276892642,-32.276892642
1786021465.415514946,88.500246633,0.000000000,NONE,0,0.049848740,0.500000000,-51.500000000,0.450920005,0.462486154,-48.840840223,-0.049090710,0.037513846,-2.659159777,0.500010715,-0.172734116,-2.994168223,0.753421320,-0.177060908,-2.424321112,0.002722676,0.004326792,-0.569847111,0.750698644,-1.122718493,-450.000000000,64.546561729,0.071985868,-0.001876611,-9.493748274,115.154116692,-114.592757445,109.845883308,-110.407242555,-32.273280864,-32.273280864
1786021465.465564728,88.550296296,0.000000000,TARGET_UPDATED,0,0.050066437,0.500000000,-52.500000000,0.450920005,0.462406006,-48.962374703,-0.049096695,0.037593994,-3.537625297,0.500016700,-0.182404755,-2.993738166,0.752859797,-0.175766478,-2.424263305,0.002260835,-0.006638277,-0.569474861,0.750598962,-2.197135425,-450.000000000,64.539936364,0.071891722,-0.001865272,-9.493528722,115.422666037,-114.324098324,109.577333963,-110.675901676,-32.269968182,-32.269968182
1786021465.515552998,88.600284593,0.000000000,NONE,0,0.049983530,0.500000000,-52.500000000,0.450920005,0.462308711,-49.083906711,-0.049102728,0.037691289,-3.416093289,0.500022733,-0.180456800,-2.994004995,0.752276931,-0.177428066,-2.424206433,0.001808567,-0.003028734,-0.569798562,0.750468364,-1.655694360,-450.000000000,64.530172692,0.071798538,-0.001847301,-9.493431176,115.287281384,-114.459434204,109.712718616,-110.540565796,-32.265086346,-32.265086346
1786021465.565605164,88.650336699,0.000000000,TARGET_UPDATED,0,0.050067470,0.500000000,-52.500000000,0.450897272,0.462104351,-49.205442681,-0.049108541,0.037895649,-3.294557319,0.500005814,-0.178382749,-2.994278832,0.751656138,-0.178668780,-2.424148714,0.001355020,0.000286031,-0.570130118,0.750301118,-1.427306077,-450.000000000,64.517737834,0.071706563,-0.001824963,-9.493476923,115.230195750,-114.516542712,109.769804250,-110.483457288,-32.258868917,-32.258868917
1786021465.615591764,88.700323226,0.000000000,NONE,0,0.049965574,0.500000000,-52.500000000,0.450897272,0.461860668,-49.326977793,-0.049114347,0.038139332,-3.173022207,0.500011619,-0.176195009,-2.994556075,0.751076145,-0.178947708,-2.424092262,0.000894785,0.002752699,-0.570463813,0.750181360,-1.259070434,-450.000000000,64.510298368,0.071615870,-0.001802177,-9.493605997,115.188169108,-114.558633891,109.811830892,-110.441366109,-32.255149184,-32.255149184
1786021465.665523052,88.750254601,0.000000000,NONE,0,0.049934750,0.500000000,-52.500000000,0.450897272,0.461607721,-49.448509962,-0.049120379,0.038392279,-3.051490038,0.500017651,-0.173892763,-2.994835375,0.750507895,-0.178732996,-2.424037087,0.000448721,0.004840233,-0.570798288,0.750059174,-1.102810593,-450.000000000,64.501695285,0.071526353,-0.001782187,-9.493787853,115.149149612,-114.597744315,109.850850388,-110.402255685,-32.250847643,-32.250847643
1786021465.715594053,88.800325556,0.000000000,NONE,0,0.050087668,0.500000000,-52.500000000,0.450897272,0.461366327,-49.570037779,-0.049126149,0.038633673,-2.929962221,0.500023421,-0.171471697,-2.995115640,0.749954970,-0.178130567,-2.423983382,0.000022632,0.006658870,-0.571132258,0.749932338,-0.959133891,-450.000000000,64.492731394,0.071437802,-0.001766881,-9.494013121,115.113286753,-114.633719808,109.886713247,-110.366280192,-32.246365697,-32.246365697
1786021465.765624762,88.850356492,0.000000000,TARGET_UPDATED,0,0.050035341,0.500000000,-52.500000000,0.450873851,0.461154027,-49.691560084,-0.049131449,0.038845973,-2.808439916,0.500005300,-0.168926403,-2.995395940,0.749385720,-0.177204039,-2.423931364,-0.000385596,0.008277636,-0.571464576,0.749771316,-0.824425845,-450.000000000,64.480773968,0.071349936,-0.001757643,-9.494216286,115.079660533,-114.667447610,109.920339467,-110.332552390,-32.240386984,-32.240386984
1786021465.815517426,88.900249132,0.000000000,NONE,0,0.049857351,0.500000000,-52.500000000,0.450873851,0.460985401,-49.813075941,-0.049136559,0.039014599,-2.686924059,0.500010411,-0.166249442,-2.995675576,0.748874081,-0.176006706,-2.423881231,-0.000787633,0.009757263,-0.571794346,0.749661714,-0.695277470,-450.000000000,64.474121654,0.071262450,-0.001754303,-9.494356695,115.047408541,-114.699769806,109.952591459,-110.300230194,-32.237060827,-32.237060827
1786021465.865468264,88.950199842,0.000000000,NONE,0,0.049977056,0.500000000,-52.500000000,0.450873851,0.460872735,-49.934584586,-0.049141796,0.039127265,-2.565415414,0.500015648,-0.163432338,-2.995953969,0.748388196,-0.174578720,-2.423833161,-0.001164105,0.011146382,-0.572120808,0.749552301,-0.569228690,-450.000000000,64.466471841,0.071175095,-0.001755245,-9.494473087,115.015925444,-114.731311099,109.984074556,-110.268688901,-32.233235920,-32.233235920
1786021465.915719986,89.000451506,0.000000000,TARGET_UPDATED,0,0.050081930,0.500000000,-53.500000000,0.450873851,0.460826601,-50.056085389,-0.049146705,0.039173399,-3.443914611,0.500020557,-0.174401722,-2.995430091,0.748016618,-0.172950144,-2.423787322,-0.001510024,-0.001451578,-0.571642769,0.749526642,-1.781268668,-450.000000000,64.466352589,0.071087698,-0.001759431,-9.494559883,115.318957138,-114.428322804,109.681042862,-110.571677196,-32.233176294,-32.233176294
1786021465.965581656,89.050313150,0.000000000,TARGET_UPDATED,0,0.050031918,0.500000000,-53.500000000,0.450853295,0.460772104,-50.177583841,-0.049150933,0.039227896,-3.322416159,0.500004227,-0.172486837,-2.995651109,0.747550826,-0.174627892,-2.423744495,-0.001814810,0.002141054,-0.571906614,0.749365637,-1.210615737,-450.000000000,64.452376505,0.071000024,-0.001767916,-9.494565704,115.176295360,-114.570987492,109.823704640,-110.429012508,-32.226188253,-32.226188253
1786021466.015489817,89.100221446,0.000000000,NONE,0,0.049909751,0.500000000,-53.500000000,0.450853295,0.460607832,-50.299087198,-0.049154654,0.039392168,-3.200912802,0.500007949,-0.170435229,-2.995874629,0.747131129,-0.175880440,-2.423702550,-0.002127583,0.005445212,-0.572172079,0.749258712,-0.984272627,-450.000000000,64.445967505,0.070911863,-0.001776493,-9.494505435,115.119694516,-114.627558202,109.880305484,-110.372441798,-32.222983753,-32.222983753
1786021466.065492153,89.150223814,0.000000000,NONE,0,0.049985646,0.500000000,-53.500000000,0.450853295,0.460406581,-50.420590408,-0.049158568,0.039593419,-3.079409592,0.500011863,-0.168261914,-2.996097151,0.746737223,-0.176103476,-2.423663644,-0.002428720,0.007841563,-0.572433507,0.749165942,-0.823442557,-450.000000000,64.439760046,0.070823334,-0.001782723,-9.494441089,115.079470911,-114.667749633,109.920529089,-110.332250367,-32.219880023,-32.219880023
1786021466.115572214,89.200303974,0.000000000,NONE,0,0.050103345,0.500000000,-53.500000000,0.450853295,0.460199946,-50.542091368,-0.049162421,0.039800054,-2.957908632,0.500015716,-0.165966594,-2.996317570,0.746372204,-0.175807022,-2.423627618,-0.002704201,0.009840428,-0.572689952,0.749076405,-0.674713236,-450.000000000,64.433561281,0.070734580,-0.001786297,-9.494393122,115.042276590,-114.704919972,109.957723410,-110.295080028,-32.216780641,-32.216780641
1786021466.165624619,89.250356165,0.000000000,TARGET_UPDATED,0,0.050041616,0.500000000,-53.500000000,0.450837579,0.460009668,-50.663588682,-0.049165984,0.039990332,-2.836411318,0.500003563,-0.163545491,-2.996535016,0.746015273,-0.175101706,-2.423594521,-0.002952133,0.011556215,-0.572940495,0.748967406,-0.539026865,-450.000000000,64.425540267,0.070645734,-0.001787648,-9.494342359,115.008342306,-114.738828873,109.991657694,-110.261171127,-32.212770133,-32.212770133
1786021466.215523958,89.300255411,0.000000000,NONE,0,0.049899472,0.500000000,-53.500000000,0.450837579,0.459854215,-50.785081197,-0.049169310,0.040145785,-2.714918803,0.500006890,-0.160993036,-2.996748915,0.745716221,-0.174052493,-2.423564442,-0.003179260,0.013059457,-0.573184473,0.748895481,-0.413151553,-450.000000000,64.421242231,0.070556913,-0.001786857,-9.494286082,114.976859409,-114.770283632,110.023140591,-110.229716368,-32.210621115,-32.210621115
1786021466.265534639,89.350266401,0.000000000,NONE,0,0.050029168,0.500000000,-53.500000000,0.450837579,0.459750172,-50.906567902,-0.049172544,0.040249828,-2.593432098,0.500010123,-0.158303395,-2.996958678,0.745453885,-0.172690066,-2.423537460,-0.003373891,0.014386671,-0.573421218,0.748827776,-0.295787369,-450.000000000,64.416591011,0.070468244,-0.001783724,-9.494274879,114.947515562,-114.799621878,110.052484438,-110.200378122,-32.208295506,-32.208295506
1786021466.315718651,89.400450374,0.000000000,TARGET_UPDATED,0,0.050100767,0.500000000,-54.500000000,0.450837579,0.459710428,-51.028048057,-0.049175314,0.040289572,-3.471951943,0.500012894,-0.169525220,-2.996370196,0.745356196,-0.171092408,-2.423513636,-0.003531885,0.001567188,-0.572856560,0.748888082,-1.522815967,-450.000000000,64.423369396,0.070379825,-0.001779413,-9.494296619,115.254278147,-114.492870163,109.745721853,-110.507129837,-32.211684698,-32.211684698
1786021466.365591764,89.450323510,0.000000000,TARGET_UPDATED,0,0.049959717,0.500000000,-54.500000000,0.450824686,0.459649032,-51.149527922,-0.049177169,0.040350968,-3.350472078,0.500001855,-0.167737911,-2.996519747,0.745142652,-0.173060124,-2.423493603,-0.003628085,0.005322213,-0.573026145,0.748770737,-0.937590672,-450.000000000,64.411602809,0.070291513,-0.001777134,-9.494277882,115.107967138,-114.639171802,109.892032862,-110.360828198,-32.205801404,-32.205801404
1786021466.415551186,89.500282976,0.000000000,NONE,0,0.049933846,0.500000000,-54.500000000,0.450824686,0.459482601,-51.271013440,-0.049178269,0.040517399,-3.228986560,0.500002954,-0.165821348,-2.996668976,0.744973138,-0.174130442,-2.423475206,-0.003734034,0.008309094,-0.573193770,0.748707171,-0.743017951,-450.000000000,64.408228999,0.070203158,-0.001773614,-9.494255743,115.059318424,-114.687809448,109.940681576,-110.312190552,-32.204114499,-32.204114499
1786021466.465533733,89.550265262,0.000000000,NONE,0,0.049998763,0.500000000,-54.500000000,0.450824686,0.459284959,-51.392499584,-0.049179448,0.040715041,-3.107500416,0.500004133,-0.163791325,-2.996815151,0.744835990,-0.174270063,-2.423460492,-0.003828593,0.010478738,-0.573354659,0.748664584,-0.597080207,-450.000000000,64.405669078,0.070114938,-0.001768492,-9.494260674,115.022835220,-114.724295117,109.977164780,-110.275704883,-32.202834539,-32.202834539
1786021466.515551090,89.600282551,0.000000000,NONE,0,0.049997475,0.500000000,-54.500000000,0.450824686,0.459085317,-51.513984470,-0.049180673,0.040914683,-2.986015530,0.500005359,-0.161646392,-2.996957563,0.744733420,-0.173907610,-2.423449152,-0.003898125,0.012261218,-0.573508411,0.748631545,-0.464267881,-450.000000000,64.403547352,0.070026937,-0.001762701,-9.494280893,114.989637193,-114.757503253,110.010362807,-110.242496747,-32.201773676,-32.201773676
1786021466.565628052,89.650359776,0.000000000,TARGET_UPDATED,0,0.050094747,0.500000000,-54.500000000,0.450819327,0.458905624,-51.635466727,-0.049181803,0.041094376,-2.864533273,0.500001130,-0.159382631,-2.997095677,0.744659131,-0.173132682,-2.423441148,-0.003938397,0.013750051,-0.573654529,0.748597527,-0.345856257,-450.000000000,64.401147848,0.069939197,-0.001756857,-9.494327291,114.960045887,-114.787117758,110.039954113,-110.212882242,-32.200573924,-32.200573924
1786021466.615569115,89.700300683,0.000000000,NONE,0,0.049934439,0.500000000,-54.500000000,0.450819327,0.458764453,-51.756945226,-0.049182734,0.041235547,-2.743054774,0.500002061,-0.156994606,-2.997229199,0.744630417,-0.172014065,-2.423436465,-0.003949907,0.015019460,-0.573792735,0.748580323,-0.237574247,-450.000000000,64.400278100,0.069851722,-0.001751646,-9.494357422,114.932982917,-114.814195794,110.067017083,-110.185804206,-32.200139050,-32.200139050
1786021466.665530443,89.750262103,0.000000000,NONE,0,0.049971947,0.500000000,-54.500000000,0.450819327,0.458677241,-51.878419061,-0.049183355,0.041322759,-2.621580939,0.500002682,-0.154475425,-2.997357968,0.744639906,-0.170608212,-2.423435067,-0.003927470,0.016132787,-0.573922901,0.748567376,-0.136082823,-450.000000000,64.399457219,0.069764499,-0.001746943,-9.494399159,114.907620495,-114.839579084,110.092379505,-110.160420916,-32.199728610,-32.199728610
1786021466.715609789,89.800341613,0.000000000,TARGET_UPDATED,0,0.050063811,0.500000000,-55.500000000,0.450819327,0.458657013,-51.999887496,-0.049183479,0.041342987,-3.500112504,0.500002805,-0.165964531,-2.996696208,0.744831472,-0.168958527,-2.423436908,-0.003871886,0.002993996,-0.573259300,0.748703358,-1.384681778,-450.000000000,64.411951228,0.069677517,-0.001742926,-9.494457390,115.219784792,-114.527443903,109.780215208,-110.472556097,-32.205975614,-32.205975614
1786021466.765612125,89.850343575,0.000000000,TARGET_UPDATED,0,0.050012642,0.500000000,-55.500000000,0.450816521,0.458617857,-52.121356727,-0.049182725,0.041382143,-3.378643273,0.499999246,-0.164347142,-2.996766168,0.744903252,-0.170881779,-2.423442512,-0.003751247,0.006534637,-0.573323656,0.748654499,-0.813358509,-450.000000000,64.404837976,0.069590554,0.000000000,-9.511890371,115.081312220,-114.674632965,109.918687780,-110.325367035,-32.202418988,-32.202418988
1786021466.815527201,89.900258900,0.000000000,NONE,0,0.049922164,0.500000000,-55.500000000,0.450816521,0.458476281,-52.242832634,-0.049181146,0.041523719,-3.257167366,0.499997667,-0.162574446,-2.996837892,0.745001310,-0.171877457,-2.423450708,-0.003641637,0.009303012,-0.573387183,0.748642947,-0.634718667,-450.000000000,64.404774897,0.069492441,-0.002170132,-9.489278453,115.030999280,-114.713639947,109.969000720,-110.286360053,-32.202387448,-32.202387448
1786021466.865531206,89.950262922,0.000000000,NONE,0,0.049999012,0.500000000,-55.500000000,0.450816521,0.458306700,-52.364310111,-0.049179622,0.041693300,-3.135689889,0.499996143,-0.160653846,-2.996909064,0.745129335,-0.171898846,-2.423462615,-0.003528647,0.011245000,-0.573446449,0.748657982,-0.504917128,-450.000000000,64.406359415,0.069382210,-0.002139888,-9.487700477,114.998154401,-114.745695837,110.001845599,-110.254304163,-32.203179708,-32.203179708
1786021466.915648699,90.000380452,0.000000000,NONE,0,0.050019203,0.500000000,-55.500000000,0.450816521,0.458138491,-52.485787200,-0.049178337,0.041861509,-3.014212800,0.499994858,-0.158648962,-2.996975889,0.745288171,-0.171434794,-2.423475733,-0.003397047,0.012785832,-0.573500156,0.748685218,-0.389644616,-450.000000000,64.408509795,0.069280828,-0.001940135,-9.488518236,114.969540713,-114.774718405,110.030459287,-110.225281595,-32.204254898,-32.204254898
1786021466.965621233,90.050352996,0.000000000,TARGET_UPDATED,0,0.050082315,0.500000000,-55.500000000,0.450821663,0.457993699,-52.607262551,-0.049177179,0.042006301,-2.892737449,0.499998843,-0.156559704,-2.997038155,0.745485582,-0.170581315,-2.423491133,-0.003241019,0.014021610,-0.573547022,0.748726601,-0.289860876,-450.000000000,64.411688348,0.069189344,-0.001751432,-9.490016883,114.944969440,-114.800039002,110.055030560,-110.199960998,-32.205844174,-32.205844174
1786021467.015513182,90.100244776,0.000000000,NONE,0,0.049880427,0.500000000,-55.500000000,0.450821663,0.457890831,-52.728735096,-0.049175851,0.042109169,-2.771264904,0.499997514,-0.154376552,-2.997096237,0.745705325,-0.169406385,-2.423509243,-0.003055627,0.015029834,-0.573586994,0.748760952,-0.201072129,-450.000000000,64.413955340,0.069106125,-0.001604341,-9.491724373,114.923199125,-114.822663061,110.076800875,-110.177336939,-32.206977670,-32.206977670
1786021467.065542698,90.150274322,0.000000000,NONE,0,0.050023158,0.500000000,-55.500000000,0.450821663,0.457845137,-52.850203983,-0.049174102,0.042154863,-2.649796017,0.499995765,-0.152085888,-2.997150839,0.745953889,-0.167963210,-2.423530106,-0.002846184,0.015877323,-0.573620732,0.748800073,-0.119608027,-450.000000000,64.416787181,0.069028788,-0.001507815,-9.493408746,114.903254193,-114.843450180,110.096745807,-110.156549820,-32.208393591,-32.208393591
1786021467.115597725,90.200329430,0.000000000,TARGET_UPDATED,0,0.050053647,0.500000000,-56.500000000,0.450821663,0.457869348,-52.971668517,-0.049171937,0.042130652,-3.528331483,0.499993600,-0.163815433,-2.996429228,0.746365854,-0.166290738,-2.423553609,-0.002615042,0.002475305,-0.572875619,0.748980896,-1.385124494,-450.000000000,64.432275290,0.068954775,-0.001462478,-9.494843919,115.219992103,-114.527429856,109.780007897,-110.472570144,-32.216137645,-32.216137645
1786021467.165624619,90.250356183,0.000000000,TARGET_UPDATED,0,0.050031141,0.500000000,-56.500000000,0.450828063,0.457877407,-53.093134827,-0.049169074,0.042122593,-3.406865173,0.499997137,-0.162423906,-2.996431948,0.746664326,-0.168193048,-2.423580127,-0.002332569,0.005769142,-0.572851821,0.748996895,-0.832104776,-450.000000000,64.430102431,0.068881552,-0.001464063,-9.495862688,115.081991866,-114.665939478,109.918008134,-110.334060522,-32.215051216,-32.215051216
1786021467.215561867,90.300293644,0.000000000,NONE,0,0.049926117,0.500000000,-56.500000000,0.450828063,0.457807282,-53.190313646,-0.049166201,0.042192718,-3.309686354,0.499994264,-0.161220353,-2.996436640,0.746901970,-0.169075291,-2.423601543,-0.002117845,0.007854938,-0.572835097,0.749019815,-0.712237144,-450.000000000,64.431846154,0.068822144,-0.001490407,-9.497718636,115.052488945,-114.696370373,109.947511055,-110.303629627,-32.215923077,-32.215923077
1786021467.265526772,90.350258525,0.000000000,NONE,0,0.049983258,0.500000000,-56.500000000,0.450828063,0.457692602,-53.311789731,-0.049162608,0.042307398,-3.188210269,0.499990671,-0.159612648,-2.996444112,0.747211816,-0.169301827,-2.423630754,-0.001863570,0.009689179,-0.572813358,0.749075386,-0.582414960,-450.000000000,64.436388826,0.068745093,-0.001571237,-9.497618492,115.020008363,-114.728800883,109.979991637,-110.271199117,-32.218194413,-32.218194413
1786021467.315746069,90.400477689,0.000000000,NONE,0,0.050027385,0.500000000,-56.500000000,0.450828063,0.457573326,-53.433266975,-0.049159510,0.042426674,-3.066733025,0.499987573,-0.157882577,-2.996453528,0.747536881,-0.168983617,-2.423661881,-0.001608243,0.011101040,-0.572791646,0.749145123,-0.479697558,-450.000000000,64.441552611,0.068663346,-0.001664479,-9.497016357,114.994178479,-114.754329700,110.005821521,-110.245670300,-32.220776306,-32.220776306
1786021467.365601063,90.450332738,0.000000000,TARGET_UPDATED,0,0.050044773,0.500000000,-56.500000000,0.450840490,0.457474171,-53.554743725,-0.049156832,0.042525829,-2.945256275,0.499997322,-0.156028601,-2.996464679,0.747896035,-0.168205281,-2.423694554,-0.001341153,0.012176680,-0.572770125,0.749237188,-0.393819537,-450.000000000,64.448442794,0.068577330,-0.001742966,-9.496214136,114.972508418,-114.775598650,110.027491582,-110.224401350,-32.224221397,-32.224221397
1786021467.415587425,90.500319013,0.000000000,NONE,0,0.049953479,0.500000000,-56.500000000,0.450840490,0.457414660,-53.676218684,-0.049154143,0.042585340,-2.823781316,0.499994633,-0.154050118,-2.996477415,0.748251021,-0.167060451,-2.423728445,-0.001052634,0.013010333,-0.572748969,0.749303655,-0.319014538,-450.000000000,64.452586449,0.068488100,-0.001798255,-9.495365243,114.953594945,-114.794087676,110.046405055,-110.205912324,-32.226293224,-32.226293224
1786021467.465570211,90.550302038,0.000000000,NONE,0,0.049996114,0.500000000,-56.500000000,0.450840490,0.457410620,-53.797690805,-0.049151016,0.042589380,-2.702309195,0.499991506,-0.151945359,-2.996491790,0.748619029,-0.165617418,-2.423763298,-0.000752247,0.013672059,-0.572728491,0.749371276,-0.251698477,-450.000000000,64.457341846,0.068396924,-0.001827756,-9.494615316,114.936578448,-114.810729210,110.063421552,-110.189270790,-32.228670923,-32.228670923
1786021467.515541553,90.600273189,0.000000000,NONE,0,0.049985553,0.500000000,-56.500000000,0.450840490,0.457475129,-53.919159238,-0.049147570,0.042524871,-2.580840762,0.499988060,-0.149711263,-2.996507986,0.748999043,-0.163928935,-2.423798900,-0.000444849,0.014217672,-0.572709086,0.749443891,-0.188777145,-450.000000000,64.462525131,0.068305059,-0.001833377,-9.494038493,114.920703910,-114.826315337,110.079296090,-110.173684663,-32.231262566,-32.231262566
1786021467.565612078,90.650343778,0.000000000,TARGET_UPDATED,0,0.050066776,0.500000000,-57.500000000,0.450852430,0.457619157,-54.040623279,-0.049143934,0.042380843,-3.459376721,0.499996363,-0.162261411,-2.995727871,0.749518230,-0.162035354,-2.423835066,-0.000130701,-0.000226056,-0.571892804,0.749648931,-1.541587843,-450.000000000,64.479520448,0.068213568,-0.001819866,-9.493684731,115.258818143,-114.488024222,109.741181857,-110.511975778,-32.239760224,-32.239760224
1786021467.615540743,90.700272301,0.000000000,NONE,0,0.049931192,0.500000000,-57.500000000,0.450852430,0.457767053,-54.162088175,-0.049139852,0.042232947,-3.337911825,0.499992282,-0.160968553,-2.995699991,0.749902209,-0.163560665,-2.423872314,0.000215321,0.002592112,-0.571827677,0.749686888,-1.007567560,-450.000000000,64.478842356,0.068123143,-0.001795684,-9.493495528,115.125265772,-114.621481992,109.874734228,-110.378518008,-32.239421178,-32.239421178
1786021467.665574312,90.750305935,0.000000000,NONE,0,0.050018820,0.500000000,-57.500000000,0.450852430,0.457805425,-54.283561611,-0.049135137,0.042194575,-3.216438389,0.499987567,-0.159549692,-2.995680814,0.750274870,-0.164799436,-2.423908036,0.000533118,0.005249744,-0.571772778,0.749741752,-0.829592229,-450.000000000,64.483019523,0.068034152,-0.001764417,-9.493494909,115.080771785,-114.665975670,109.919228215,-110.334024330,-32.241509761,-32.241509761
1786021467.715532541,90.800264304,0.000000000,NONE,0,0.049969532,0.500000000,-57.500000000,0.450852430,0.457810811,-54.405038381,-0.049130799,0.042189189,-3.094961619,0.499983228,-0.158021486,-2.995667647,0.750644272,-0.164926141,-2.423944241,0.000822930,0.006904655,-0.571723406,0.749821342,-0.726987711,-450.000000000,64.489086719,0.067946856,-0.001731132,-9.493634621,115.055155583,-114.691661728,109.944844417,-110.308338272,-32.244543359,-32.244543359
1786021467.765608311,90.850339826,0.000000000,TARGET_UPDATED,0,0.050081264,0.500000000,-57.500000000,0.450869201,0.457817110,-54.526516199,-0.049127185,0.042182890,-2.973483801,0.499996387,-0.156384258,-2.995660264,0.751036230,-0.164510264,-2.423980493,0.001103313,0.008126006,-0.571679771,0.749932917,-0.637678321,-450.000000000,64.497532026,0.067861209,-0.001700814,-9.493883143,115.032890366,-114.714051206,109.967109634,-110.285948794,-32.248766013,-32.248766013
1786021467.815569401,90.900301154,0.000000000,NONE,0,0.049954255,0.500000000,-57.500000000,0.450869201,0.457846673,-54.647993557,-0.049123959,0.042153327,-2.852006443,0.499993160,-0.154634232,-2.995658687,0.751399957,-0.163680739,-2.424016561,0.001391114,0.009046508,-0.571642126,0.750008843,-0.562217738,-450.000000000,64.502138938,0.067776950,-0.001677085,-9.494151246,115.014092246,-114.732983377,109.985907754,-110.267016623,-32.251069469,-32.251069469
1786021467.865530252,90.950261931,0.000000000,NONE,0,0.049977837,0.500000000,-57.500000000,0.450869201,0.457918181,-54.769469190,-0.049120619,0.042081819,-2.730530810,0.499989820,-0.152765886,-2.995663060,0.751759609,-0.162507821,-2.424052275,0.001676869,0.009741935,-0.571610785,0.750082740,-0.497362838,-450.000000000,64.507270398,0.067693694,-0.001661298,-9.494415011,114.997944462,-114.749263043,110.002055538,-110.250736957,-32.253635199,-32.253635199
1786021467.915560007,91.000291723,0.000000000,NONE,0,0.050003731,0.500000000,-57.500000000,0.450869201,0.458046951,-54.890942051,-0.049117271,0.041953049,-2.609057949,0.499986472,-0.150772488,-2.995673645,0.752114774,-0.161053357,-2.424087462,0.001956893,0.010280869,-0.571586183,0.750157881,-0.439042070,-450.000000000,64.512554339,0.067611030,-0.001653528,-9.494641179,114.983420812,-114.763899777,110.016579188,-110.236100223,-32.256277170,-32.256277170
1786021467.965605736,91.050337276,0.000000000,TARGET_UPDATED,0,0.050064278,0.500000000,-58.500000000,0.450882729,0.458245574,-55.012411273,-0.049113960,0.041754426,-3.487588727,0.499996689,-0.163060572,-2.994923856,0.752552254,-0.159365100,-2.424121948,0.002232436,-0.003695473,-0.570801908,0.750319818,-1.751627941,-450.000000000,64.525621821,0.067528566,-0.001652935,-9.494811481,115.311609855,-114.435795885,109.688390145,-110.564204115,-32.262810911,-32.262810911
1786021468.015542507,91.100274281,0.000000000,NONE,0,0.049937313,0.500000000,-58.500000000,0.450882729,0.458442325,-55.133881712,-0.049110411,0.041557675,-3.366118288,0.499993140,-0.161936434,-2.994902092,0.752876228,-0.160956076,-2.424156231,0.002516166,-0.000980357,-0.570745862,0.750360063,-1.237778724,-450.000000000,64.526010283,0.067445960,-0.001659913,-9.494869367,115.183162023,-114.564272661,109.816837977,-110.435727339,-32.263005141,-32.263005141
1786021468.065561771,91.150293447,0.000000000,NONE,0,0.050008143,0.500000000,-58.500000000,0.450882729,0.458528607,-55.255360574,-0.049106437,0.041471393,-3.244639426,0.499989166,-0.160681583,-2.994893023,0.753175169,-0.162243837,-2.424187772,0.002763602,0.001562254,-0.570705250,0.750411567,-1.069397011,-450.000000000,64.529839642,0.067362989,-0.001669617,-9.494872116,115.141067282,-114.606368776,109.858932718,-110.393631224,-32.264919821,-32.264919821
1786021468.115568876,91.200300569,0.000000000,NONE,0,0.049989465,0.500000000,-58.500000000,0.450882729,0.458579469,-55.376842727,-0.049102846,0.041420531,-3.123157273,0.499985575,-0.159311142,-2.994893899,0.753457388,-0.162432666,-2.424218539,0.002978272,0.003121525,-0.570675361,0.750479116,-0.974494937,-450.000000000,64.534889381,0.067279600,-0.001679448,-9.494829211,115.117331037,-114.630083568,109.882668963,-110.369916432,-32.267444691,-32.267444691
1786021468.165634632,91.250366259,0.000000000,TARGET_UPDATED,0,0.050091174,0.500000000,-58.500000000,0.450897154,0.458628441,-55.498325848,-0.049099915,0.041371559,-3.001674152,0.499997069,-0.157825972,-2.994904251,0.753745909,-0.162078801,-2.424248120,0.003175017,0.004252829,-0.570656131,0.750570892,-0.892648437,-450.000000000,64.541794657,0.067195803,-0.001688229,-9.494769419,115.096854464,-114.650530245,109.903145536,-110.349469755,-32.270897328,-32.270897328
1786021468.215538025,91.300269668,0.000000000,NONE,0,0.049897930,0.500000000,-58.500000000,0.450897154,0.458697660,-55.619808380,-0.049097374,0.041302340,-2.880191620,0.499994529,-0.156223636,-2.994923867,0.753997943,-0.161311670,-2.424276319,0.003368314,0.005088034,-0.570647547,0.750629629,-0.824250366,-450.000000000,64.545251194,0.067111655,-0.001695287,-9.494664533,115.079728725,-114.667603542,109.920271275,-110.332396458,-32.272625597,-32.272625597
1786021468.265675545,91.350407111,0.000000000,NONE,0,0.050133981,0.500000000,-58.500000000,0.450897154,0.458806581,-55.741288945,-0.049094753,0.041193419,-2.758711055,0.499991907,-0.154501532,-2.994952474,0.754235207,-0.160180332,-2.424303020,0.003552269,0.005678799,-0.570649454,0.750682939,-0.768090092,-450.000000000,64.548869043,0.067027269,-0.001699191,-9.494595230,115.065671330,-114.681626285,109.934328670,-110.318373715,-32.274434522,-32.274434522
1786021468.315540314,91.400271921,0.000000000,NONE,0,0.049872147,0.500000000,-58.500000000,0.450897154,0.458969987,-55.862766480,-0.049092196,0.041030013,-2.637233520,0.499989350,-0.152655340,-2.994990048,0.754458080,-0.158782602,-2.424328109,0.003721698,0.006127262,-0.570661939,0.750736383,-0.716769344,-450.000000000,64.552618392,0.066942758,-0.001700848,-9.494494985,115.052816082,-114.694431410,109.947183918,-110.305568590,-32.276309196,-32.276309196
1786021468.365666151,91.450397833,0.000000000,TARGET_UPDATED,0,0.050121740,0.500000000,-59.500000000,0.450907804,0.459199718,-55.984240115,-0.049089818,0.040800282,-3.515759885,0.499997622,-0.164495696,-2.994304353,0.754703425,-0.157163504,-2.424351489,0.003878729,-0.007332192,-0.569952864,0.750824696,-1.981185927,-450.000000000,64.559490687,0.066858228,-0.001699690,-9.494446232,115.368908040,-114.378315076,109.631091960,-110.621684924,-32.279745344,-32.279745344
1786021468.415577412,91.500309027,0.000000000,NONE,0,0.049899564,0.500000000,-59.500000000,0.450907804,0.459406761,-56.105715767,-0.049087462,0.040593239,-3.394284233,0.499995266,-0.163446739,-2.994318449,0.754871870,-0.159143413,-2.424373644,0.004020174,-0.004303326,-0.569944805,0.750851696,-1.453916670,-450.000000000,64.560159811,0.066773807,-0.001698990,-9.494363564,115.237070058,-114.510111724,109.762929942,-110.489888276,-32.280079905,-32.280079905
1786021468.465588331,91.550319852,0.000000000,NONE,0,0.050025483,0.500000000,-59.500000000,0.450907804,0.459514746,-56.227198363,-0.049085135,0.040485254,-3.272801637,0.499992939,-0.162273028,-2.994345973,0.755012430,-0.160104965,-2.424392356,0.004123689,-0.002168063,-0.569953618,0.750888740,-1.325633489,-450.000000000,64.562952326,0.066689605,-0.001695688,-9.494332741,115.204991557,-114.542174813,109.795008443,-110.457825187,-32.281476163,-32.281476163
1786021468.515551805,91.600283496,0.000000000,NONE,0,0.049958755,0.500000000,-59.500000000,0.450907804,0.459595038,-56.348683040,-0.049083246,0.040404962,-3.151316960,0.499991050,-0.160989814,-2.994384837,0.755130180,-0.160209708,-2.424409566,0.004201776,-0.000780106,-0.569975271,0.750928404,-1.237488569,-450.000000000,64.565782171,0.066605669,-0.001690983,-9.494320037,115.182952151,-114.564207867,109.817047849,-110.435792133,-32.282891086,-32.282891086
1786021468.565629959,91.650361653,0.000000000,TARGET_UPDATED,0,0.050092607,0.500000000,-59.500000000,0.450916754,0.459674566,-56.470167908,-0.049081821,0.040325434,-3.029832092,0.499998575,-0.159596176,-2.994434497,0.755240292,-0.159846146,-2.424424891,0.004261994,0.000249970,-0.570009605,0.750978298,-1.161583042,-450.000000000,64.569476926,0.066522006,-0.001685807,-9.494343273,115.163981579,-114.583190058,109.836018421,-110.416809942,-32.284738463,-32.284738463
1786021468.615525723,91.700257301,0.000000000,NONE,0,0.049888163,0.500000000,-59.500000000,0.450916754,0.459773827,-56.591651507,-0.049080626,0.040226173,-2.908348493,0.499997380,-0.158089557,-2.994494565,0.755317218,-0.159099964,-2.424438258,0.004313042,0.001010407,-0.570056306,0.751004176,-1.098419430,-450.000000000,64.570811029,0.066438582,-0.001681206,-9.494344334,115.148190941,-114.598981226,109.851809059,-110.401018774,-32.285405514,-32.285405514
1786021468.665539980,91.750271702,0.000000000,NONE,0,0.050000077,0.500000000,-59.500000000,0.450916754,0.459909832,-56.713132612,-0.049079481,0.040090168,-2.786867388,0.499996235,-0.156466635,-2.994564691,0.755375425,-0.158041344,-2.424449633,0.004348429,0.001574709,-0.570115058,0.751026996,-1.044125747,-450.000000000,64.572346113,0.066355348,-0.001676854,-9.494364649,115.134622599,-114.612559725,109.865377401,-110.387440275,-32.286173056,-32.286173056
1786021468.715564013,91.800295631,0.000000000,NONE,0,0.050028693,0.500000000,-59.500000000,0.450916754,0.460096382,-56.834610212,-0.049078487,0.039903618,-2.665389788,0.499995241,-0.154723022,-2.994644651,0.755416107,-0.156728803,-2.424458983,0.004369080,0.002005782,-0.570185668,0.751047027,-0.994996656,-450.000000000,64.573692276,0.066272262,-0.001673115,-9.494386203,115.122345715,-114.624847387,109.877654285,-110.375152613,-32.286846138,-32.286846138
1786021468.765641212,91.850372766,0.000000000,TARGET_UPDATED,0,0.050075980,0.500000000,-60.500000000,0.450921513,0.460344770,-56.956083465,-0.049077682,0.039655230,-3.543916535,0.499999196,-0.166028016,-2.994038031,0.755426475,-0.155207084,-2.424466289,0.004376766,-0.010820932,-0.569571742,0.751049709,-2.202611814,-450.000000000,64.573533160,0.066189268,-0.001670167,-9.494405190,115.424254251,-114.322948344,109.575745749,-110.677051656,-32.286766580,-32.286766580
1786021468.815551519,91.900283056,0.000000000,NONE,0,0.049891744,0.500000000,-60.500000000,0.450921513,0.460569775,-57.077557957,-0.049077071,0.039430225,-3.422442043,0.499998584,-0.165020356,-2.994098274,0.755407587,-0.157128273,-2.424472085,0.004350646,-0.007892083,-0.569626189,0.751056942,-1.696315252,-450.000000000,64.574130878,0.066106367,-0.001669971,-9.494371382,115.297671659,-114.449514032,109.702328341,-110.550485968,-32.287065439,-32.287065439
1786021468.865522623,91.950254452,0.000000000,NONE,0,0.049992772,0.500000000,-60.500000000,0.450921513,0.460698267,-57.199038340,-0.049076694,0.039301733,-3.300961660,0.499998208,-0.163889592,-2.994171999,0.755360981,-0.158077620,-2.424474304,0.004296144,-0.005811972,-0.569697695,0.751064837,-1.571007541,-450.000000000,64.574696498,0.066023587,-0.001668751,-9.494362590,115.266342533,-114.480838762,109.733657467,-110.519161238,-32.287348249,-32.287348249
1786021468.915655613,92.000387420,0.000000000,NONE,0,0.050116348,0.500000000,-60.500000000,0.450921513,0.460798411,-57.320520002,-0.049076623,0.039201589,-3.179479998,0.499998136,-0.162650031,-2.994257033,0.755291727,-0.158208546,-2.424474875,0.004223330,-0.004441485,-0.569782158,0.751068397,-1.483842710,-450.000000000,64.574858824,0.065940905,-0.001666949,-9.494375484,115.244554548,-114.502633194,109.755445452,-110.497366806,-32.287429412,-32.287429412
1786021468.965607405,92.050339085,0.000000000,TARGET_UPDATED,0,0.049978794,0.500000000,-60.500000000,0.450923377,0.460895884,-57.442001150,-0.049076798,0.039104116,-3.057998850,0.500000175,-0.161300844,-2.994352674,0.755204935,-0.157893019,-2.424473501,0.004135181,-0.003407825,-0.569879173,0.751069753,-1.407722311,-450.000000000,64.574909885,0.065858287,-0.001665441,-9.494364177,115.225521622,-114.521660466,109.774478378,-110.478339534,-32.287454942,-32.287454942
1786021469.015557528,92.100289199,0.000000000,NONE,0,0.049932406,0.500000000,-60.500000000,0.450923377,0.461010205,-57.563480398,-0.049077129,0.038989795,-2.936519602,0.500000506,-0.159839726,-2.994458303,0.755097261,-0.157212475,-2.424470182,0.004035025,-0.002627251,-0.569988121,0.751062236,-1.343618828,-450.000000000,64.574205990,0.065775702,-0.001663787,-9.494342588,115.209490354,-114.537680940,109.790509646,-110.462319060,-32.287102995,-32.287102995
1786021469.065687895,92.150419490,0.000000000,NONE,0,0.050132807,0.500000000,-60.500000000,0.450923377,0.461157560,-57.684956586,-0.049077563,0.038842440,-2.815043414,0.500000940,-0.158263812,-2.994573375,0.754973498,-0.156234847,-2.424464952,0.003922736,-0.002028965,-0.570108424,0.751050761,-1.287556795,-450.000000000,64.573324396,0.065693149,-0.001661587,-9.494347106,115.195475975,-114.551697578,109.804524025,-110.448302422,-32.286662198,-32.286662198
1786021469.115634918,92.200366483,0.000000000,NONE,0,0.049860756,0.500000000,-60.500000000,0.450923377,0.461351038,-57.806428767,-0.049078127,0.038648962,-2.693571233,0.500001504,-0.156569154,-2.994697452,0.754835514,-0.155016334,-2.424457853,0.003799627,-0.001552820,-0.570239599,0.751035887,-1.235959518,-450.000000000,64.572213770,0.065610624,-0.001659509,-9.494308615,115.182567033,-114.564587274,109.817432967,-110.435412726,-32.286106885,-32.286106885
1786021469.165638447,92.250369956,0.000000000,TARGET_UPDATED,0,0.050101504,0.500000000,-60.500000000,0.450921873,0.461601333,-57.927896153,-0.049078846,0.038398667,-2.572103847,0.500000719,-0.154750610,-2.994830180,0.754682756,-0.153599728,-2.424448940,0.003667236,-0.001150882,-0.570381239,0.751015520,-1.186391359,-450.000000000,64.570679921,0.065528130,-0.001656634,-9.494303978,115.170173834,-114.576978155,109.829826166,-110.423021845,-32.285339961,-32.285339961
1786021469.215607643,92.300339208,0.000000000,TARGET_UPDATED,0,0.049976602,0.500000000,-61.500000000,0.450921873,0.461917306,-58.049358085,-0.049079763,0.038082694,-3.450641915,0.500001635,-0.166291267,-2.994267124,0.754463576,-0.152018272,-2.424438278,0.003526279,-0.014272995,-0.569828846,0.750937297,-2.421408259,-450.000000000,64.564045606,0.065445690,-0.001653516,-9.494281517,115.478922444,-114.268218315,109.521077556,-110.731781685,-32.282022803,-32.282022803
1786021469.265565872,92.350297667,0.000000000,NONE,0,0.049937738,0.500000000,-61.500000000,0.450921873,0.462152715,-58.146527921,-0.049080776,0.037847285,-3.353472079,0.500002649,-0.165450121,-2.994353989,0.754305246,-0.153726992,-2.424429187,0.003377847,-0.011723129,-0.569924802,0.750927399,-1.941771475,-450.000000000,64.564719738,0.065379816,-0.001652349,-9.495553087,115.359331140,-114.388445403,109.640668860,-110.611554597,-32.282359869,-32.282359869
1786021469.315593004,92.400324548,0.000000000,NONE,0,0.049988221,0.500000000,-61.500000000,0.450921873,0.462348797,-58.267995426,-0.049082397,0.037651203,-3.232004574,0.500004270,-0.164277856,-2.994473744,0.754088451,-0.155064831,-2.424414642,0.003181170,-0.009213025,-0.570059102,0.750907281,-1.773803450,-450.000000000,64.563107217,0.065296944,-0.001678734,-9.495187623,115.317247768,-114.430346043,109.682752232,-110.569653957,-32.281553609,-32.281553609
1786021469.365593433,92.450324950,0.000000000,TARGET_UPDATED,0,0.050061527,0.500000000,-61.500000000,0.450917603,0.462503544,-58.389464215,-0.049084100,0.037496456,-3.110535785,0.500001704,-0.162983786,-2.994603584,0.753849781,-0.155390840,-2.424399039,0.002979456,-0.007592946,-0.570204545,0.750870325,-1.674438128,-450.000000000,64.560184573,0.065212468,-0.001706993,-9.494676259,115.292278597,-114.455059533,109.707721403,-110.544940467,-32.280092286,-32.280092286
1786021469.415554762,92.500286487,0.000000000,NONE,0,0.049948172,0.500000000,-61.500000000,0.450917603,0.462647812,-58.510932191,-0.049085815,0.037352188,-2.989067809,0.500003418,-0.161571103,-2.994742354,0.753605138,-0.155218218,-2.424382123,0.002768302,-0.006352884,-0.570360231,0.750836836,-1.585855848,-450.000000000,64.557908025,0.065126966,-0.001720745,-9.494204464,115.270015078,-114.477087154,109.729984922,-110.522912846,-32.278954012,-32.278954012
1786021469.465553045,92.550284917,0.000000000,NONE,0,0.049998089,0.500000000,-61.500000000,0.450917603,0.462801776,-58.632397969,-0.049087582,0.037198224,-2.867602031,0.500005186,-0.160039852,-2.994889104,0.753351293,-0.154669118,-2.424363889,0.002551502,-0.005370734,-0.570525215,0.750799790,-1.508751494,-450.000000000,64.555244397,0.065041176,-0.001719799,-9.493854589,115.250651521,-114.496275774,109.749348479,-110.503724226,-32.277622199,-32.277622199
1786021469.515571356,92.600303006,0.000000000,NONE,0,0.049992625,0.500000000,-61.500000000,0.450917603,0.462982198,-58.753860398,-0.049089357,0.037017802,-2.746139602,0.500006961,-0.158389021,-2.995042994,0.753090993,-0.153811472,-2.424344440,0.002331322,-0.004577548,-0.570698554,0.750759671,-1.439975701,-450.000000000,64.552374463,0.064955742,-0.001707176,-9.493640769,115.233404117,-114.513416267,109.766595883,-110.486583733,-32.276187232,-32.276187232
1786021469.565649271,92.650380768,0.000000000,TARGET_UPDATED,0,0.050101113,0.500000000,-61.500000000,0.450910643,0.463202712,-58.875318546,-0.049091162,0.036797288,-2.624681454,0.500001804,-0.156615779,-2.995203360,0.752816305,-0.152704700,-2.424323899,0.002108767,-0.003911079,-0.570879461,0.750707538,-1.376002448,-450.000000000,64.548487100,0.064871121,-0.001686991,-9.493573157,115.217393901,-114.529392677,109.782606099,-110.470607323,-32.274243550,-32.274243550
1786021469.615638733,92.700370552,0.000000000,TARGET_UPDATED,0,0.049985064,0.500000000,-62.500000000,0.450910643,0.463474415,-58.996771657,-0.049093122,0.036525585,-3.503228343,0.500003764,-0.167191553,-2.994716878,0.752480082,-0.151395004,-2.424302400,0.001882209,-0.015796549,-0.570414479,0.750597873,-2.503972239,-450.000000000,64.539657188,0.064787559,-0.001663670,-9.493598236,115.499392619,-114.247406499,109.500607381,-110.752593501,-32.269828594,-32.269828594
1786021469.665526628,92.750258177,0.000000000,NONE,0,0.049911233,0.500000000,-62.500000000,0.450910643,0.463734827,-59.118223787,-0.049095485,0.036265173,-3.381776213,0.500006128,-0.166109272,-2.994850418,0.752191777,-0.152945873,-2.424280650,0.001622960,-0.013163399,-0.570569768,0.750568818,-2.038566476,-450.000000000,64.539235084,0.064705118,-0.001642046,-9.493678193,115.383061167,-114.363777929,109.616938833,-110.636222071,-32.269617542,-32.269617542
1786021469.715568781,92.800300417,0.000000000,NONE,0,0.049998479,0.500000000,-62.500000000,0.450910643,0.463889116,-59.239680982,-0.049098234,0.036110884,-3.260319018,0.500008876,-0.164901319,-2.994993520,0.751891841,-0.154240797,-2.424256706,0.001357237,-0.010660521,-0.570736815,0.750534604,-1.872283611,-450.000000000,64.536737985,0.064623731,-0.001622391,-9.493825963,115.341527394,-114.405385588,109.658472606,-110.594614412,-32.268368992,-32.268368992
1786021469.765584469,92.850316050,0.000000000,TARGET_UPDATED,0,0.050062797,0.500000000,-62.500000000,0.450901766,0.464002581,-59.361138983,-0.049100961,0.035997419,-3.138861017,0.500002727,-0.163580949,-2.995143216,0.751574696,-0.154581456,-2.424232546,0.001099588,-0.008999493,-0.570910670,0.750475107,-1.769037176,-450.000000000,64.532069085,0.064543228,-0.001606301,-9.494009049,115.315761556,-114.431242968,109.684238444,-110.568757032,-32.266034543,-32.266034543
1786021469.815533876,92.900265612,0.000000000,NONE,0,0.049945116,0.500000000,-62.500000000,0.450901766,0.464104479,-59.482595885,-0.049103550,0.035895521,-3.017404115,0.500005316,-0.162148764,-2.995298508,0.751269981,-0.154451135,-2.424208071,0.000841502,-0.007697628,-0.571090437,0.750428479,-1.675976226,-450.000000000,64.529059952,0.064463362,-0.001595290,-9.494169121,115.292536337,-114.454548224,109.707463663,-110.545451776,-32.264529976,-32.264529976
1786021469.865568399,92.950300206,0.000000000,NONE,0,0.050005662,0.500000000,-62.500000000,0.450901766,0.464214134,-59.604050431,-0.049106091,0.035785866,-2.895949569,0.500007857,-0.160601722,-2.995458627,0.750967628,-0.153961870,-2.424183349,0.000588301,-0.006639852,-0.571275278,0.750379328,-1.593769288,-450.000000000,64.525570004,0.064383867,-0.001589212,-9.494309417,115.272019676,-114.475135032,109.727980324,-110.524864968,-32.262785002,-32.262785002
1786021469.915564299,93.000295921,0.000000000,NONE,0,0.049993523,0.500000000,-62.500000000,0.450901766,0.464347617,-59.725501583,-0.049108477,0.035652383,-2.774498417,0.500010243,-0.158936136,-2.995622888,0.750670278,-0.153176603,-2.424158493,0.000342166,-0.005759533,-0.571464395,0.750328111,-1.519249556,-450.000000000,64.521943348,0.064304513,-0.001587507,-9.494407804,115.253414340,-114.493789562,109.746585660,-110.506210438,-32.260971674,-32.260971674
1786021469.965598106,93.050329839,0.000000000,TARGET_UPDATED,0,0.050059589,0.500000000,-62.500000000,0.450891523,0.464518001,-59.846948503,-0.049110731,0.035481999,-2.653051497,0.500002254,-0.157147157,-2.995790735,0.750365053,-0.152150366,-2.424133612,0.000102857,-0.004996791,-0.571657123,0.750262197,-1.449006878,-450.000000000,64.517037037,0.064225117,-0.001588997,-9.494471348,115.235869556,-114.511366117,109.764130444,-110.488633883,-32.258518519,-32.258518519
1786021470.015614510,93.100346194,0.000000000,TARGET_UPDATED,0,0.050012655,0.500000000,-63.500000000,0.450891523,0.464735959,-59.968390513,-0.049113051,0.035264041,-3.531609487,0.500004574,-0.167043670,-2.995344560,0.750011779,-0.150926044,-2.424108814,-0.000133296,-0.016117626,-0.571235747,0.750145074,-2.507309519,-450.000000000,64.507813338,0.064145555,-0.001592691,-9.494485659,115.500448794,-114.246794035,109.499551206,-110.753205965,-32.253906669,-32.253906669
1786021470.065557957,93.150289635,0.000000000,NONE,0,0.049928313,0.500000000,-63.500000000,0.450891523,0.464942469,-60.089831445,-0.049115760,0.035057531,-3.410168555,0.500007283,-0.165896971,-2.995481619,0.749722918,-0.152404723,-2.424084741,-0.000392664,-0.013492248,-0.571396877,0.750115582,-2.056967588,-450.000000000,64.507500052,0.064065743,-0.001598629,-9.494438698,115.387851572,-114.359367778,109.612148428,-110.640632222,-32.253750026,-32.253750026
1786021470.115541697,93.200273289,0.000000000,NONE,0,0.049995799,0.500000000,-63.500000000,0.450891523,0.465047814,-60.211277001,-0.049118781,0.034952186,-3.288722999,0.500010304,-0.164623890,-2.995625123,0.749434642,-0.153636950,-2.424059543,-0.000646283,-0.010986940,-0.571565580,0.750080925,-1.889323399,-450.000000000,64.504971538,0.063985655,-0.001603499,-9.494380997,115.345926099,-114.401264399,109.654073901,-110.598735601,-32.252485769,-32.252485769
1786021470.165653944,93.250385679,0.000000000,TARGET_UPDATED,0,0.050098678,0.500000000,-63.500000000,0.450881219,0.465113892,-60.332723222,-0.049121639,0.034886108,-3.167276778,0.500002858,-0.163237433,-2.995772265,0.749138509,-0.153961316,-2.424035073,-0.000880877,-0.009276118,-0.571737192,0.750019385,-1.781183023,-450.000000000,64.500128614,0.063905392,-0.001606054,-9.494337560,115.318880146,-114.428288634,109.681119854,-110.571711366,-32.250064307,-32.250064307
1786021470.215585470,93.300317255,0.000000000,NONE,0,0.049936923,0.500000000,-63.500000000,0.450881219,0.465168517,-60.454168353,-0.049124217,0.034831483,-3.045831647,0.500005436,-0.161739010,-2.995922116,0.748868076,-0.153835747,-2.424011217,-0.001107103,-0.007903263,-0.571910899,0.749975179,-1.682436693,-450.000000000,64.497377293,0.063825051,-0.001607065,-9.494274600,115.294177823,-114.452959477,109.705822177,-110.547040523,-32.248688646,-32.248688646
1786021470.265570402,93.350301910,0.000000000,NONE,0,0.049984571,0.500000000,-63.500000000,0.450881219,0.465231618,-60.575611154,-0.049126704,0.034768382,-2.924388846,0.500007923,-0.160127438,-2.996073837,0.748611110,-0.153333214,-2.423988027,-0.001320503,-0.006794224,-0.572085809,0.749931614,-1.596623521,-450.000000000,64.494341392,0.063744733,-0.001605672,-9.494235581,115.272714775,-114.474403015,109.727285225,-110.525596985,-32.247170696,-32.247170696
1786021470.315605402,93.400337035,0.000000000,NONE,0,0.049977387,0.500000000,-63.500000000,0.450881219,0.465318295,-60.697050700,-0.049128964,0.034681705,-2.802949300,0.500010183,-0.158399980,-2.996226848,0.748369581,-0.152561158,-2.423965593,-0.001517200,-0.005838822,-0.572261255,0.749886782,-1.516267349,-450.000000000,64.491177654,0.063664535,-0.001602865,-9.494211455,115.252619701,-114.494486026,109.747380299,-110.505513974,-32.245588827,-32.245588827
1786021470.365580797,93.450312511,0.000000000,TARGET_UPDATED,0,0.050062580,0.500000000,-63.500000000,0.450871036,0.465440500,-60.818486277,-0.049130968,0.034559500,-2.681513723,0.500002004,-0.156552373,-2.996380689,0.748130089,-0.151567379,-2.423944000,-0.001698204,-0.004984994,-0.572436689,0.749828293,-1.439464480,-450.000000000,64.486812197,0.063584526,-0.001599033,-9.494215417,115.233419974,-114.513687734,109.766580026,-110.486312266,-32.243406098,-32.243406098
1786021470.415567875,93.500299557,0.000000000,NONE,0,0.049951275,0.500000000,-63.500000000,0.450871036,0.465608187,-60.939917304,-0.049132920,0.034391813,-2.560082696,0.500003957,-0.154579392,-2.996535030,0.747925081,-0.150389203,-2.423923335,-0.001868806,-0.004190189,-0.572611695,0.749793887,-1.363740774,-450.000000000,64.484883276,0.063504740,-0.001595026,-9.494216899,115.214489418,-114.532619031,109.785510582,-110.467380969,-32.242441638,-32.242441638
1786021470.465597868,93.550329626,0.000000000,TARGET_UPDATED,0,0.050058922,0.500000000,-64.500000000,0.450871036,0.465829705,-61.061343310,-0.049134949,0.034170295,-3.438656690,0.500005985,-0.164680434,-2.996061018,0.747671184,-0.149055186,-2.423903681,-0.002018470,-0.015625249,-0.572157336,0.749689655,-2.448418468,-450.000000000,64.476193628,0.063425191,-0.001590844,-9.494244795,115.485665816,-114.261456582,109.514334184,-110.738543418,-32.238096814,-32.238096814
1786021470.515555143,93.600286850,0.000000000,NONE,0,0.049922877,0.500000000,-64.500000000,0.450871036,0.466024556,-61.182769499,-0.049137045,0.033975444,-3.317230501,0.500008082,-0.163393938,-2.996178390,0.747486229,-0.150938520,-2.423885599,-0.002186646,-0.012455418,-0.572292791,0.749672875,-1.946478628,-450.000000000,64.476765177,0.063345802,-0.001589053,-9.494236393,115.360178755,-114.386939441,109.639821245,-110.613060559,-32.238382588,-32.238382588
1786021470.565648317,93.650379955,0.000000000,TARGET_UPDATED,0,0.050108932,0.500000000,-64.500000000,0.450862955,0.466123461,-61.304200246,-0.049139200,0.033876539,-3.195799754,0.500002154,-0.161979388,-2.996299114,0.747301241,-0.151954434,-2.423867283,-0.002336493,-0.010024954,-0.572431831,0.749637734,-1.793936722,-450.000000000,64.473940077,0.063266499,-0.001586553,-9.494257583,115.322048576,-114.425080215,109.677951424,-110.574919785,-32.236970038,-32.236970038
1786021470.615562201,93.700293832,0.000000000,NONE,0,0.049927681,0.500000000,-64.500000000,0.450862955,0.466188285,-61.425631691,-0.049141183,0.033811715,-3.074368309,0.500004138,-0.160451098,-2.996421181,0.747144470,-0.152232346,-2.423850565,-0.002468828,-0.008218753,-0.572570616,0.749613298,-1.674589939,-450.000000000,64.472441413,0.063187334,-0.001583992,-9.494259582,115.292212380,-114.454917411,109.707787620,-110.545082589,-32.236220707,-32.236220707
1786021470.665577412,93.750309175,0.000000000,NONE,0,0.049989294,0.500000000,-64.500000000,0.450862955,0.466242143,-61.547062437,-0.049142931,0.033757857,-2.952937563,0.500005886,-0.158807906,-2.996543957,0.747005762,-0.152107040,-2.423835208,-0.002580539,-0.006700866,-0.572708749,0.749586301,-1.564470545,-450.000000000,64.470501021,0.063108315,-0.001581228,-9.494275213,115.264686439,-114.482451167,109.735313561,-110.517548833,-32.235250511,-32.235250511
1786021470.715567589,93.800299205,0.000000000,NONE,0,0.049991657,0.500000000,-64.500000000,0.450862955,0.466302804,-61.668491430,-0.049144306,0.033697196,-2.831508570,0.500007261,-0.157047059,-2.996666919,0.746886828,-0.151648611,-2.423821232,-0.002672922,-0.005398448,-0.572845687,0.749559749,-1.464240115,-450.000000000,64.468651334,0.063029456,-0.001578539,-9.494295261,115.239633844,-114.507513786,109.760366156,-110.492486214,-32.234325667,-32.234325667
1786021470.765582323,93.850314070,0.000000000,TARGET_UPDATED,0,0.050050357,0.500000000,-64.500000000,0.450855694,0.466385199,-61.789917801,-0.049145343,0.033614801,-2.710082199,0.500001037,-0.155164786,-2.996789675,0.746778326,-0.150914546,-2.423808678,-0.002747401,-0.004250240,-0.572980997,0.749525727,-1.370531417,-450.000000000,64.466121170,0.062950753,-0.001576118,-9.494324682,115.216214025,-114.530948316,109.783785975,-110.469051684,-32.233060585,-32.233060585
1786021470.815560102,93.900291781,0.000000000,NONE,0,0.049969043,0.500000000,-64.500000000,0.450855694,0.466501644,-61.911340851,-0.049146251,0.033498356,-2.588659149,0.500001945,-0.153156174,-2.996911994,0.746703463,-0.149952318,-2.423797577,-0.002807783,-0.003203856,-0.573114417,0.749511246,-1.280285672,-450.000000000,64.465497416,0.062872193,-0.001574217,-9.494342190,115.193656965,-114.553514129,109.806343035,-110.446485871,-32.232748708,-32.232748708
1786021470.865680695,93.950412376,0.000000000,TARGET_UPDATED,0,0.050065187,0.500000000,-65.500000000,0.450855694,0.466662431,-62.032760012,-0.049147172,0.033337569,-3.467239988,0.500002866,-0.162688906,-2.996435095,0.746602630,-0.148797947,-2.423787957,-0.002846257,-0.013890959,-0.572647139,0.749448887,-2.299895187,-450.000000000,64.460176544,0.062793759,-0.001572661,-9.494370573,115.448566440,-114.298618847,109.551433560,-110.701381153,-32.230088272,-32.230088272
1786021470.915584326,94.000316021,0.000000000,NONE,0,0.049907137,0.500000000,-65.500000000,0.450855694,0.466792639,-62.154180105,-0.049148126,0.033207361,-3.345819895,0.500003820,-0.161336918,-2.996520039,0.746556529,-0.150678908,-2.423780298,-0.002894064,-0.010658010,-0.572739741,0.749450593,-1.807042856,-450.000000000,64.461575663,0.062715344,-0.001573379,-9.494350065,115.325348230,-114.421826802,109.674651770,-110.578173198,-32.230787831,-32.230787831
1786021470.965657949,94.050389470,0.000000000,TARGET_UPDATED,0,0.050104410,0.500000000,-65.500000000,0.450851874,0.466827695,-62.275605182,-0.049149112,0.033172305,-3.224394818,0.500000986,-0.159860730,-2.996607357,0.746519332,-0.151702998,-2.423772822,-0.002923945,-0.008157732,-0.572834535,0.749443277,-1.649489584,-450.000000000,64.460883347,0.062636872,-0.001573044,-9.494352480,115.285960516,-114.461215724,109.714039484,-110.538784276,-32.230441673,-32.230441673
1786021471.015538692,94.100270248,0.000000000,NONE,0,0.049898367,0.500000000,-65.500000000,0.450851874,0.466827902,-62.397031538,-0.049149920,0.033172098,-3.102968462,0.500001794,-0.158273670,-2.996695279,0.746505785,-0.151999647,-2.423767224,-0.002934292,-0.006274023,-0.572928054,0.749440077,-1.524688283,-450.000000000,64.460741299,0.062558435,-0.001572131,-9.494329740,115.254754506,-114.492410364,109.745245494,-110.507589636,-32.230370649,-32.230370649
1786021471.065526247,94.150258020,0.000000000,NONE,0,0.049989765,0.500000000,-65.500000000,0.450851874,0.466816346,-62.518457802,-0.049150470,0.033183654,-2.981542198,0.500002343,-0.156574645,-2.996783333,0.746511426,-0.151892043,-2.423763222,-0.002924902,-0.004682602,-0.573020111,0.749436328,-1.409717308,-450.000000000,64.460467987,0.062480078,-0.001570169,-9.494327506,115.226011203,-114.521152549,109.773988797,-110.478847451,-32.230233994,-32.230233994
1786021471.115559101,94.200290889,0.000000000,NONE,0,0.050008491,0.500000000,-65.500000000,0.450851874,0.466810859,-62.639882937,-0.049150694,0.033189141,-2.860117063,0.500002568,-0.154760989,-2.996871162,0.746537375,-0.151450142,-2.423760783,-0.002896900,-0.003310848,-0.573110379,0.749434274,-1.304962881,-450.000000000,64.460358139,0.062401850,-0.001567696,-9.494335254,115.199824534,-114.547343093,109.800175466,-110.452656907,-32.230179069,-32.230179069
1786021471.165582180,94.250313822,0.000000000,TARGET_UPDATED,0,0.050057429,0.500000000,-65.500000000,0.450849306,0.466826436,-62.761306087,-0.049150633,0.033173564,-2.738693913,0.499999939,-0.152829032,-2.996958539,0.746580647,-0.150731051,-2.423759893,-0.002851258,-0.002097980,-0.573198647,0.749431905,-1.207095985,-450.000000000,64.460186000,0.062323773,-0.001565059,-9.494354999,115.175362746,-114.571814753,109.824637254,-110.428185247,-32.230093000,-32.230093000
1786021471.215548992,94.300280520,0.000000000,NONE,0,0.049941765,0.500000000,-65.500000000,0.450849306,0.466862521,-62.858442703,-0.049150457,0.033137479,-2.641557297,0.499999763,-0.151195046,-2.997028041,0.746634077,-0.149972696,-2.423760266,-0.002803052,-0.001222350,-0.573267775,0.749437129,-1.137587081,-450.000000000,64.460703638,0.062261422,-0.001563100,-9.495605401,115.158298120,-114.589504580,109.841701880,-110.410495420,-32.230351819,-32.230351819
1786021471.265581608,94.350313130,0.000000000,TARGET_UPDATED,0,0.050059685,0.500000000,-66.500000000,0.450849306,0.466945518,-62.979860643,-0.049150174,0.033054482,-3.520139357,0.499999480,-0.160196809,-2.996545623,0.746692803,-0.148899518,-2.423762176,-0.002726532,-0.011297291,-0.572783447,0.749419335,-2.094876508,-450.000000000,64.458997988,0.062182996,-0.001587537,-9.495312702,115.397547303,-114.350109049,109.602452697,-110.649890951,-32.229498994,-32.229498994
1786021471.315561771,94.400293415,0.000000000,NONE,0,0.049939209,0.500000000,-66.500000000,0.450849306,0.467016517,-63.101278901,-0.049149878,0.032983483,-3.398721099,0.499999184,-0.158802505,-2.996596119,0.746787540,-0.150272800,-2.423766139,-0.002650066,-0.008529705,-0.572829980,0.749437606,-1.651138703,-450.000000000,64.460998261,0.062102950,-0.001617745,-9.494809646,115.286487087,-114.460917736,109.713512913,-110.539082264,-32.230499131,-32.230499131
1786021471.365588665,94.450320287,0.000000000,TARGET_UPDATED,0,0.050065267,0.500000000,-66.500000000,0.450850122,0.466989198,-63.222702848,-0.049149627,0.033010802,-3.277297152,0.499999749,-0.157284716,-2.996650119,0.746892907,-0.151501924,-2.423770183,-0.002565804,-0.005782792,-0.572879936,0.749458711,-1.464134836,-450.000000000,64.462531303,0.062021704,-0.001634225,-9.494355493,115.239622582,-114.507555164,109.760377418,-110.492444836,-32.231265651,-32.231265651
1786021471.415546417,94.500277968,0.000000000,NONE,0,0.049933704,0.500000000,-66.500000000,0.450850122,0.466922055,-63.344128899,-0.049149250,0.033077945,-3.155871101,0.499999372,-0.155657084,-2.996705295,0.747011936,-0.151836650,-2.423775851,-0.002463895,-0.003820434,-0.572929444,0.749475831,-1.337757748,-450.000000000,64.463651019,0.061940071,-0.001635763,-9.493995252,115.207938250,-114.539059376,109.792061750,-110.460940624,-32.231825509,-32.231825509
1786021471.465537310,94.550268848,0.000000000,NONE,0,0.049998718,0.500000000,-66.500000000,0.450850122,0.466842884,-63.465555397,-0.049148630,0.033157116,-3.034444603,0.499998752,-0.153922383,-2.996761149,0.747146377,-0.151723523,-2.423782889,-0.002346984,-0.002198860,-0.572978260,0.749493362,-1.221766737,-450.000000000,64.464885939,0.061858733,-0.001625078,-9.493780791,115.178886882,-114.568003514,109.821113118,-110.431996486,-32.232442969,-32.232442969
1786021471.515533924,94.600265416,0.000000000,NONE,0,0.049981661,0.500000000,-66.500000000,0.450850122,0.466769937,-63.586981279,-0.049147775,0.033230063,-2.913018721,0.499997897,-0.152079494,-2.996817423,0.747296749,-0.151272382,-2.423791197,-0.002216455,-0.000807112,-0.573026225,0.749513204,-1.115967436,-450.000000000,64.466321291,0.061778194,-0.001606281,-9.493701176,115.152417153,-114.594433435,109.847582847,-110.405566565,-32.233160645,-32.233160645
1786021471.565594196,94.650325781,0.000000000,TARGET_UPDATED,0,0.050090133,0.500000000,-66.500000000,0.450852225,0.466718501,-63.708405673,-0.049146732,0.033281499,-2.791594327,0.499998957,-0.150125739,-2.996874006,0.747466459,-0.150539850,-2.423800726,-0.002072672,0.000414112,-0.573073280,0.749539131,-1.017982031,-450.000000000,64.468256796,0.061698736,-0.001583569,-9.493752645,115.127933669,-114.618942654,109.872066331,-110.381057346,-32.234128398,-32.234128398
1786021471.615531683,94.700263462,0.000000000,NONE,0,0.049930959,0.500000000,-66.500000000,0.450852225,0.466701233,-63.829827867,-0.049145539,0.033298767,-2.670172133,0.499997765,-0.148056623,-2.996930946,0.747649058,-0.149575402,-2.423811422,-0.001914732,0.001518779,-0.573119523,0.749563790,-0.924488420,-450.000000000,64.469959140,0.061620434,-0.001561033,-9.493867386,115.104588952,-114.642344742,109.895411048,-110.357655258,-32.234979570,-32.234979570
1786021471.665624380,94.750356086,0.000000000,TARGET_UPDATED,0,0.050089464,0.500000000,-67.500000000,0.450852225,0.466728656,-63.951247285,-0.049144220,0.033271344,-3.548752715,0.499996445,-0.156885778,-2.996433336,0.747840968,-0.148416769,-2.423823222,-0.001743998,-0.008469009,-0.572610114,0.749584966,-1.873928872,-450.000000000,64.471370407,0.061543195,-0.001541210,-9.494051790,115.341995165,-114.405030730,109.658004835,-110.594969270,-32.235685204,-32.235685204
1786021471.715563297,94.800294806,0.000000000,NONE,0,0.049894451,0.500000000,-67.500000000,0.450852225,0.466749973,-64.072667149,-0.049142863,0.033250027,-3.427332851,0.499995089,-0.155471263,-2.996456209,0.748042660,-0.149670499,-2.423836561,-0.001573349,-0.005800764,-0.572619648,0.749616008,-1.440024705,-450.000000000,64.473742753,0.061466764,-0.001527594,-9.494207161,115.233557967,-114.513545614,109.766442033,-110.486454386,-32.236871377,-32.236871377
1786021471.765593529,94.850325266,0.000000000,TARGET_UPDATED,0,0.050080652,0.500000000,-67.500000000,0.450857137,0.466679036,-64.194092757,-0.049141541,0.033320964,-3.305907243,0.499998678,-0.153944083,-2.996483640,0.748253992,-0.150805607,-2.423849530,-0.001402706,-0.003138477,-0.572634110,0.749656698,-1.258142031,-450.000000000,64.476781357,0.061390802,-0.001518820,-9.494366929,115.188127240,-114.559056224,109.811872760,-110.440943776,-32.238390679,-32.238390679
1786021471.815552950,94.900284759,0.000000000,NONE,0,0.049939738,0.500000000,-67.500000000,0.450857137,0.466572779,-64.315520645,-0.049140164,0.033427221,-3.184479355,0.499997301,-0.152314280,-2.996513674,0.748465154,-0.151073115,-2.423863657,-0.001222492,-0.001241164,-0.572650017,0.749687646,-1.135691119,-450.000000000,64.478754883,0.061315130,-0.001514249,-9.494482989,115.157543527,-114.589697968,109.842456473,-110.410302032,-32.239377442,-32.239377442
1786021471.865564823,94.950296696,0.000000000,NONE,0,0.050004875,0.500000000,-67.500000000,0.450857137,0.466458114,-64.436949209,-0.049138618,0.033541886,-3.063050791,0.499995754,-0.150581720,-2.996546101,0.748683549,-0.150907426,-2.423878659,-0.001035927,0.000325706,-0.572667442,0.749719476,-1.023293943,-450.000000000,64.480999896,0.061239556,-0.001513300,-9.494571132,115.129466269,-114.617819297,109.870533731,-110.382180703,-32.240499948,-32.240499948
1786021471.915580511,95.000311957,0.000000000,NONE,0,0.050011700,0.500000000,-67.500000000,0.450857137,0.466352676,-64.558377405,-0.049136981,0.033647324,-2.941622595,0.499994117,-0.148743167,-2.996580871,0.748909420,-0.150412888,-2.423894383,-0.000844248,0.001669721,-0.572686487,0.749753669,-0.920818763,-450.000000000,64.483440520,0.061163936,-0.001515001,-9.494622354,115.103860279,-114.643450898,109.896139721,-110.356549102,-32.241720260,-32.241720260
1786021471.965607643,95.050339364,0.000000000,TARGET_UPDATED,0,0.050065870,0.500000000,-67.500000000,0.450863019,0.466271280,-64.679804362,-0.049135305,0.033728720,-2.820195638,0.499998324,-0.146794639,-2.996618012,0.749151555,-0.149642478,-2.423910726,-0.000646640,0.002847839,-0.572707286,0.749798195,-0.825931966,-450.000000000,64.486762955,0.061088169,-0.001518292,-9.494644943,115.080144227,-114.667178244,109.919855773,-110.332821756,-32.243381477,-32.243381477
1786021472.015540123,95.100271835,0.000000000,NONE,0,0.049916783,0.500000000,-67.500000000,0.450863019,0.466226230,-64.801229360,-0.049133546,0.033773770,-2.698770640,0.499996565,-0.144731177,-2.996657645,0.749391833,-0.148642945,-2.423927581,-0.000440002,0.003911768,-0.572730063,0.749831835,-0.735519205,-450.000000000,64.488902405,0.061012202,-0.001522304,-9.494618544,115.057534437,-114.689774835,109.942465563,-110.310225165,-32.244451202,-32.244451202
1786021472.065557003,95.150288641,0.000000000,NONE,0,0.050001518,0.500000000,-67.500000000,0.450863019,0.466227798,-64.922651800,-0.049131638,0.033772202,-2.577348200,0.499994657,-0.142546618,-2.996699984,0.749638346,-0.147450526,-2.423944844,-0.000228456,0.004903909,-0.572755139,0.749866802,-0.647402067,-450.000000000,64.491375460,0.060936034,-0.001525713,-9.494584785,115.035496713,-114.711795679,109.964503287,-110.288204321,-32.245687730,-32.245687730
1786021472.115595579,95.200327173,0.000000000,TARGET_UPDATED,0,0.050044971,0.500000000,-68.500000000,0.450863019,0.466284730,-65.044071172,-0.049129718,0.033715270,-3.455928828,0.499992737,-0.152134412,-2.996160295,0.749908171,-0.146092644,-2.423962412,-0.000013559,-0.006041768,-0.572197883,0.749921730,-1.677633650,-450.000000000,64.495618702,0.060859713,-0.001527987,-9.494547860,115.293045377,-114.454228553,109.706954623,-110.545771447,-32.247809351,-32.247809351
1786021472.165632248,95.250364021,0.000000000,TARGET_UPDATED,0,0.050037801,0.500000000,-68.500000000,0.450870282,0.466340452,-65.165490972,-0.049127829,0.033659548,-3.334509028,0.499998111,-0.150683051,-2.996171168,0.750165781,-0.147360283,-2.423980734,0.000199930,-0.003322768,-0.572190434,0.749965851,-1.220555143,-450.000000000,64.498491290,0.060783261,-0.001530560,-9.494488837,115.178760995,-114.568483423,109.821239005,-110.431516577,-32.249245645,-32.249245645
1786021472.215533495,95.300265306,0.000000000,NONE,0,0.049903478,0.500000000,-68.500000000,0.450870282,0.466300772,-65.286916876,-0.049125904,0.033699228,-3.213083124,0.499996186,-0.149112770,-2.996189443,0.750403639,-0.148529405,-2.423997745,0.000406621,-0.000583365,-0.572191698,0.749997018,-1.033192944,-450.000000000,64.500415807,0.060706693,-0.001531439,-9.494413565,115.131901627,-114.615305155,109.868098373,-110.384694845,-32.250207904,-32.250207904
1786021472.265554667,95.350286341,0.000000000,NONE,0,0.050021099,0.500000000,-68.500000000,0.450870282,0.466226634,-65.408345172,-0.049123918,0.033773366,-3.091654828,0.499994200,-0.147436443,-2.996212918,0.750638127,-0.148763305,-2.424015097,0.000607075,0.001326862,-0.572197821,0.750031051,-0.911537350,-450.000000000,64.502853965,0.060630152,-0.001529556,-9.494374696,115.101478012,-114.645709336,109.898521988,-110.354290664,-32.251426982,-32.251426982
1786021472.315559864,95.400291710,0.000000000,NONE,0,0.049992105,0.500000000,-68.500000000,0.450870282,0.466145596,-65.529774191,-0.049122034,0.033854404,-2.970225809,0.499992316,-0.145654735,-2.996241361,0.750869575,-0.148566196,-2.424032489,0.000801893,0.002911462,-0.572208872,0.750067682,-0.797968726,-450.000000000,64.505470436,0.060553751,-0.001525931,-9.494353262,115.073080497,-114.674096134,109.926919503,-110.325903866,-32.252735218,-32.252735218
1786021472.365625143,95.450356681,0.000000000,TARGET_UPDATED,0,0.050081551,0.500000000,-68.500000000,0.450877966,0.466075392,-65.651202858,-0.049120305,0.033924608,-2.848797142,0.499998271,-0.143764331,-2.996274679,0.751109828,-0.148034461,-2.424049774,0.000993833,0.004270130,-0.572224906,0.750115995,-0.694809668,-450.000000000,64.509084322,0.060477549,-0.001521334,-9.494360698,115.047292591,-114.699887757,109.952707409,-110.300112243,-32.254542161,-32.254542161
1786021472.415544271,95.500276080,0.000000000,NONE,0,0.049911010,0.500000000,-68.500000000,0.450877966,0.466031244,-65.772630247,-0.049118610,0.033968756,-2.727369753,0.499996576,-0.141761040,-2.996312863,0.751335699,-0.147219588,-2.424066866,0.001188181,0.005458548,-0.572245997,0.750147518,-0.599400357,-450.000000000,64.510957891,0.060401570,-0.001516620,-9.494358922,115.023439820,-114.723739641,109.976560180,-110.276260359,-32.255478946,-32.255478946
1786021472.465544701,95.550276358,0.000000000,NONE,0,0.050013761,0.500000000,-68.500000000,0.450877966,0.466025881,-65.894055585,-0.049116816,0.033974119,-2.605944415,0.499994782,-0.139639210,-2.996355993,0.751558323,-0.146167807,-2.424083678,0.001379401,0.006528596,-0.572272315,0.750178922,-0.508966446,-450.000000000,64.513152399,0.060325812,-0.001511801,-9.494380721,115.000836792,-114.746353569,109.999163208,-110.253646431,-32.256576199,-32.256576199
1786021472.515631914,95.600363400,0.000000000,TARGET_UPDATED,0,0.050060069,0.500000000,-69.500000000,0.450877966,0.466070021,-66.015478217,-0.049115058,0.033929979,-3.484521783,0.499993024,-0.149133738,-2.995833654,0.751813907,-0.144915381,-2.424100127,0.001566212,-0.004218357,-0.571733527,0.750247695,-1.520759225,-450.000000000,64.518712457,0.060250266,-0.001507322,-9.494414140,115.253793341,-114.493413729,109.746206659,-110.506586271,-32.259356229,-32.259356229
1786021472.565606117,95.650337842,0.000000000,TARGET_UPDATED,0,0.049997931,0.500000000,-69.500000000,0.450884942,0.466103372,-66.136901794,-0.049113334,0.033896628,-3.363098206,0.499998276,-0.147730922,-2.995851051,0.752029372,-0.146365803,-2.424116648,0.001750004,-0.001365119,-0.571734402,0.750279367,-1.057984532,-450.000000000,64.520189191,0.060174876,-0.001505285,-9.494420552,115.138101271,-114.609109005,109.861898729,-110.390890995,-32.260094596,-32.260094596
1786021472.615546465,95.700277964,0.000000000,NONE,0,0.049926361,0.500000000,-69.500000000,0.450884942,0.466042975,-66.258331227,-0.049111558,0.033957025,-3.241668773,0.499996499,-0.146214192,-2.995877330,0.752218423,-0.147451798,-2.424131273,0.001918150,0.001237606,-0.571746057,0.750300274,-0.885457715,-450.000000000,64.521437891,0.060099586,-0.001503558,-9.494415716,115.094968358,-114.652239500,109.905031642,-110.347760500,-32.260718945,-32.260718945
1786021472.665522099,95.750253896,0.000000000,NONE,0,0.049996355,0.500000000,-69.500000000,0.450884942,0.465949670,-66.379762818,-0.049109849,0.034050330,-3.120237182,0.499994791,-0.144595802,-2.995910529,0.752396461,-0.147679475,-2.424145639,0.002070081,0.003083673,-0.571764890,0.750326380,-0.767372141,-450.000000000,64.523368761,0.060024409,-0.001501277,-9.494426361,115.065449626,-114.681763555,109.934550374,-110.318236445,-32.261684380,-32.261684380
1786021472.715555429,95.800286871,0.000000000,NONE,0,0.050001228,0.500000000,-69.500000000,0.450884942,0.465849840,-66.501194956,-0.049108393,0.034150160,-2.998805044,0.499993334,-0.142875435,-2.995950342,0.752564391,-0.147473117,-2.424159450,0.002210003,0.004597682,-0.571790892,0.750354388,-0.659468849,-450.000000000,64.525367295,0.059949349,-0.001499015,-9.494439267,115.038477029,-114.708742604,109.961522971,-110.291257396,-32.262683647,-32.262683647
1786021472.765620232,95.850351805,0.000000000,TARGET_UPDATED,0,0.050086798,0.500000000,-69.500000000,0.450891607,0.465761731,-66.622626516,-0.049107195,0.034238269,-2.877373484,0.499998803,-0.141049765,-2.995996563,0.752732930,-0.146923865,-2.424172595,0.002341894,0.005874100,-0.571823968,0.750391036,-0.562804316,-450.000000000,64.528104211,0.059874391,-0.001497038,-9.494460183,115.014316125,-114.732913967,109.985683875,-110.267086033,-32.264052105,-32.264052105
1786021472.815567970,95.900299555,0.000000000,NONE,0,0.049930718,0.500000000,-69.500000000,0.450891607,0.465700841,-66.744056536,-0.049106096,0.034299159,-2.755943464,0.499997703,-0.139114652,-2.996049083,0.752882354,-0.146086516,-2.424185015,0.002470979,0.006971864,-0.571864068,0.750411374,-0.474399926,-450.000000000,64.529203517,0.059799509,-0.001495565,-9.494456047,114.992213993,-114.755014030,110.007786007,-110.244985970,-32.264601758,-32.264601758
1786021472.865543365,95.950275084,0.000000000,NONE,0,0.050000414,0.500000000,-69.500000000,0.450891607,0.465680079,-66.865484212,-0.049104936,0.034319921,-2.634515788,0.499996543,-0.137064588,-2.996107861,0.753022715,-0.145008756,-2.424196652,0.002592632,0.007944169,-0.571911209,0.750430083,-0.391393395,-450.000000000,64.530479941,0.059724684,-0.001494061,-9.494457654,114.971462762,-114.775766065,110.028537238,-110.224233935,-32.265239970,-32.265239970
1786021472.915596962,96.000328596,0.000000000,TARGET_UPDATED,0,0.050033717,0.500000000,-70.500000000,0.450891607,0.465710286,-66.986908861,-0.049103810,0.034289714,-3.513091139,0.499995418,-0.146529244,-2.995614515,0.753201531,-0.143727931,-2.424207452,0.002705741,-0.002801313,-0.571407063,0.750495790,-1.398446962,-450.000000000,64.536018604,0.059649917,-0.001492486,-9.494461024,115.223226997,-114.524003515,109.776773003,-110.475996485,-32.268009302,-32.268009302
1786021472.965582609,96.050314152,0.000000000,TARGET_UPDATED,0,0.050013855,0.500000000,-70.500000000,0.450896190,0.465732020,-67.108334025,-0.049102683,0.034267980,-3.391665975,0.499998873,-0.145192187,-2.995650907,0.753320871,-0.145116239,-2.424217880,0.002815281,-0.000075948,-0.571433027,0.750505590,-0.947063028,-450.000000000,64.535587194,0.059575198,-0.001492576,-9.494441791,115.110376205,-114.636844691,109.889623795,-110.363155309,-32.267793597,-32.267793597
1786021473.015537977,96.100269598,0.000000000,NONE,0,0.049946590,0.500000000,-70.500000000,0.450896190,0.465663394,-67.229764478,-0.049101495,0.034336606,-3.270235522,0.499997685,-0.143745253,-2.995697032,0.753413158,-0.146140857,-2.424226018,0.002902610,0.002395603,-0.571471014,0.750510548,-0.783774529,-450.000000000,64.535837620,0.059500532,0.000000000,-9.509337908,115.073278109,-114.681390845,109.926721891,-110.318609155,-32.267918810,-32.267918810
1786021473.065563440,96.150294993,0.000000000,NONE,0,0.050004736,0.500000000,-70.500000000,0.450896190,0.465564668,-67.351196570,-0.049100476,0.034435332,-3.148803430,0.499996666,-0.142177867,-2.995752014,0.753490426,-0.146300077,-2.424234234,0.002968648,0.004122209,-0.571517780,0.750521778,-0.673651378,-450.000000000,64.536749045,0.059417759,0.000000000,-9.508658427,115.045577451,-114.708751762,109.954422549,-110.291248238,-32.268374522,-32.268374522
1786021473.115541697,96.200273420,0.000000000,NONE,0,0.049975232,0.500000000,-70.500000000,0.450896190,0.465461996,-67.472628641,-0.049099785,0.034538004,-3.027371359,0.499995975,-0.140446831,-2.995817239,0.753554710,-0.145975625,-2.424242833,0.003020295,0.005528794,-0.571574407,0.750534415,-0.572162829,-450.000000000,64.537661918,0.059313072,-0.002265851,-9.483553379,115.013929052,-114.727847638,109.986070948,-110.272152362,-32.268830959,-32.268830959
1786021473.165601015,96.250332714,0.000000000,TARGET_UPDATED,0,0.050080130,0.500000000,-70.500000000,0.450900215,0.465374186,-67.594059410,-0.049099381,0.034625814,-2.905940590,0.499999596,-0.138592503,-2.995889906,0.753614542,-0.145271516,-2.424249526,0.003063550,0.006679013,-0.571640381,0.750550991,-0.483476916,-450.000000000,64.538900388,0.059202028,-0.002091685,-9.482341211,114.991454532,-114.749716074,110.008545468,-110.250283926,-32.269450194,-32.269450194
1786021473.215487480,96.300219105,0.000000000,NONE,0,0.049870789,0.500000000,-70.500000000,0.450900215,0.465316575,-67.715487885,-0.049099101,0.034683425,-2.784512115,0.499999316,-0.136684373,-2.995966516,0.753658062,-0.144326340,-2.424253239,0.003102111,0.007641966,-0.571713278,0.750555951,-0.404110424,-450.000000000,64.539016032,0.059108174,0.000000000,-9.501645277,114.976438925,-114.774383713,110.023561075,-110.225616287,-32.269508016,-32.269508016
1786021473.265673161,96.350404869,0.000000000,NONE,0,0.050187923,0.500000000,-70.500000000,0.450900215,0.465302699,-67.836913291,-0.049098803,0.034697301,-2.663086709,0.499999018,-0.134683807,-2.996048709,0.753691046,-0.143144407,-2.424256528,0.003132432,0.008460600,-0.571792182,0.750558614,-0.331879532,-450.000000000,64.539156056,0.059018993,0.000000000,-9.500434825,114.958078589,-114.792138823,110.041921411,-110.207861177,-32.269578028,-32.269578028
1786021473.316320181,96.401051910,0.000000000,TARGET_UPDATED,0,0.049972789,0.500000000,-71.500000000,0.450900215,0.465342889,-67.958335007,-0.049098520,0.034657111,-3.541664993,0.499998735,-0.144073211,-2.995593348,0.753764260,-0.141749610,-2.424260086,0.003154481,-0.002323601,-0.571333262,0.750609779,-1.335961759,-450.000000000,64.543708421,0.058919829,-0.002054256,-9.477847937,115.203452424,-114.535471544,109.796547576,-110.464528456,-32.271854210,-32.271854210
1786021473.365594387,96.450326088,0.000000000,TARGET_UPDATED,0,0.049959029,0.500000000,-71.500000000,0.450901480,0.465360040,-68.079758016,-0.049098165,0.034639960,-3.420241984,0.499999645,-0.142734188,-2.995656104,0.753770960,-0.143384492,-2.424268647,0.003177137,0.000650305,-0.571387457,0.750593823,-0.863862437,-450.000000000,64.541248229,0.058820153,0.000000000,-9.496293585,115.090039006,-114.658107787,109.909960994,-110.341892213,-32.270624114,-32.270624114
1786021473.415783167,96.500514923,0.000000000,NONE,0,0.050173655,0.500000000,-71.500000000,0.450901480,0.465299350,-68.201184614,-0.049097780,0.034700650,-3.298815386,0.499999260,-0.141329652,-2.995726672,0.753754584,-0.144037416,-2.424263782,0.003169468,0.002707764,-0.571462890,0.750585116,-0.739834088,-450.000000000,64.540784560,0.058732275,-0.001780406,-9.477352912,115.054296750,-114.684379706,109.945703250,-110.315620294,-32.270392280,-32.270392280
1786021473.465556622,96.550288376,0.000000000,NONE,0,0.049758870,0.500000000,-71.500000000,0.450901480,0.465217235,-68.322611715,-0.049097637,0.034782765,-3.177388285,0.499999117,-0.139861851,-2.995802987,0.753724844,-0.144085387,-2.424261129,0.003144304,0.004223536,-0.571541857,0.750580539,-0.639637984,-450.000000000,64.540545755,0.058654649,0.000000000,-9.494784066,115.033605512,-114.713786521,109.966394488,-110.286213479,-32.270272878,-32.270272878
1786021473.515490770,96.600222379,0.000000000,NONE,0,0.049951430,0.500000000,-71.500000000,0.450901480,0.465135139,-68.444038167,-0.049097796,0.034864861,-3.055961833,0.499999276,-0.138343604,-2.995884304,0.753682065,-0.143780209,-2.424258161,0.003106250,0.005436605,-0.571626143,0.750575815,-0.552745924,-450.000000000,64.540212445,0.058590530,-0.001287860,-9.482629372,115.008843824,-114.732470862,109.991156176,-110.267529138,-32.270106222,-32.270106222
1786021473.565635920,96.650367445,0.000000000,TARGET_UPDATED,0,0.050159606,0.500000000,-71.500000000,0.450902204,0.465070218,-68.565463016,-0.049098205,0.034929782,-2.934536984,0.500000409,-0.136752045,-2.995971085,0.753629255,-0.143172857,-2.424254725,0.003059205,0.006420812,-0.571716360,0.750570050,-0.477309549,-450.000000000,64.539788582,0.058534595,0.000000000,-9.496905258,114.993553702,-114.754898927,110.006446298,-110.245101073,-32.269894291,-32.269894291
1786021473.615550041,96.700281667,0.000000000,NONE,0,0.049898591,0.500000000,-71.500000000,0.450902204,0.465036597,-68.686885465,-0.049098753,0.034963403,-2.813114535,0.500000957,-0.135085446,-2.996063199,0.753564453,-0.142326842,-2.424250581,0.003004957,0.007241396,-0.571812618,0.750559496,-0.409458151,-450.000000000,64.538953254,0.058486381,0.000000000,-9.498884913,114.977085766,-114.772356691,110.022914234,-110.227643309,-32.269476627,-32.269476627
1786021473.665483713,96.750215463,0.000000000,NONE,0,0.049950843,0.500000000,-71.500000000,0.450902204,0.465046092,-68.808304824,-0.049099346,0.034953908,-2.691695176,0.500001550,-0.133298513,-2.996162176,0.753490017,-0.141249156,-2.424246514,0.002943796,0.007950643,-0.571915662,0.750546222,-0.346072754,-450.000000000,64.537969749,0.058432982,0.000000000,-9.500450581,114.961630834,-114.788594457,110.038369166,-110.211405543,-32.268984875,-32.268984875
1786021473.715479612,96.800211095,0.000000000,NONE,0,0.049985968,0.500000000,-71.500000000,0.450902204,0.465108651,-68.929720454,-0.049099946,0.034891349,-2.570279546,0.500002151,-0.131376721,-2.996268123,0.753407147,-0.139966118,-2.424241993,0.002876378,0.008589398,-0.572026130,0.750530769,-0.284688175,-450.000000000,64.536844665,0.058371682,0.000000000,-9.501382130,114.946517576,-114.804173489,110.053482424,-110.195826511,-32.268422333,-32.268422333
1786021473.765850306,96.850582144,0.000000000,TARGET_UPDATED,0,0.050367439,0.500000000,-72.500000000,0.450900054,0.465232838,-69.051131771,-0.049100552,0.034767162,-3.448868229,0.500000605,-0.141640998,-2.995811208,0.753362060,-0.138497241,-2.424236842,0.002803356,-0.003143757,-0.571574366,0.750558704,-1.368169512,-450.000000000,64.539663912,0.058300566,0.000000000,-9.501565713,115.217433806,-114.533349050,109.782566194,-110.466650950,-32.269831956,-32.269831956
1786021473.815478325,96.900209866,0.000000000,NONE,0,0.049633498,0.500000000,-72.500000000,0.450900054,0.465332131,-69.172543756,-0.049101086,0.034667869,-3.327456244,0.500001139,-0.140410220,-2.995897513,0.753250041,-0.140323502,-2.424231441,0.002727662,-0.000086719,-0.571666072,0.750522379,-0.873645804,-450.000000000,64.535834654,0.058218768,-0.001723794,-9.483563159,115.089302241,-114.652479339,109.910697759,-110.347520661,-32.267917327,-32.267917327
1786021473.865493774,96.950225395,0.000000000,NONE,0,0.050002436,0.500000000,-72.500000000,0.450900054,0.465349881,-69.293959524,-0.049101638,0.034650119,-3.206040476,0.500001692,-0.139074365,-2.995991330,0.753125540,-0.141025051,-2.424222909,0.002627883,0.001950686,-0.571768421,0.750497658,-0.754388451,-450.000000000,64.534341623,0.058139025,-0.001464504,-9.485590822,115.059994818,-114.682800593,109.940005182,-110.317199407,-32.267170811,-32.267170811
1786021473.915504217,97.000235858,0.000000000,NONE,0,0.050015553,0.500000000,-72.500000000,0.450900054,0.465345567,-69.415375588,-0.049102437,0.034654433,-3.084624412,0.500002491,-0.137688069,-2.996089495,0.752990930,-0.141117903,-2.424212828,0.002515086,0.003429834,-0.571876667,0.750475844,-0.658423206,-450.000000000,64.532872925,0.058074349,-0.001188119,-9.488989829,115.036853259,-114.707641656,109.963146741,-110.292358344,-32.266436462,-32.266436462
1786021473.965812683,97.050544424,0.000000000,TARGET_UPDATED,0,0.050314643,0.500000000,-72.500000000,0.450897563,0.465340438,-69.536790754,-0.049103471,0.034659562,-2.963209246,0.500001034,-0.136237223,-2.996192134,0.752844233,-0.140851751,-2.424202121,0.002394270,0.004614528,-0.571990013,0.750449962,-0.574294774,-450.000000000,64.530982984,0.058020658,-0.001009910,-9.492315191,115.016652491,-114.729505104,109.983347509,-110.270494896,-32.265491492,-32.265491492
1786021474.015531063,97.100262733,0.000000000,NONE,0,0.049717477,0.500000000,-72.500000000,0.450897563,0.465351593,-69.658204070,-0.049104695,0.034648407,-2.841795930,0.500002258,-0.134703283,-2.996299538,0.752694614,-0.140281197,-2.424191201,0.002267187,0.005577914,-0.572108337,0.750427427,-0.500695236,-450.000000000,64.529466635,0.057972915,-0.000931226,-9.495047158,114.998935598,-114.748587981,110.001064402,-110.251412019,-32.264733318,-32.264733318
1786021474.065570116,97.150301726,0.000000000,NONE,0,0.050032453,0.500000000,-72.500000000,0.450897563,0.465393976,-69.779614690,-0.049106033,0.034606024,-2.720385310,0.500003595,-0.133068034,-2.996411949,0.752539978,-0.139435734,-2.424180181,0.002137868,0.006367700,-0.572231768,0.750402110,-0.435852099,-450.000000000,64.527641681,0.057926388,-0.000939996,-9.497033678,114.983221444,-114.765295395,110.016778556,-110.234704605,-32.263820841,-32.263820841
1786021474.115687132,97.200418745,0.000000000,NONE,0,0.049936171,0.500000000,-72.500000000,0.450897563,0.465479780,-69.901021900,-0.049107355,0.034520220,-2.598978100,0.500004918,-0.131315159,-2.996529516,0.752381721,-0.138359843,-2.424169034,0.002007443,0.007044684,-0.572360482,0.750374277,-0.375178087,-450.000000000,64.525642057,0.057877450,-0.001012045,-9.498178493,114.968339145,-114.780750102,110.031660855,-110.219249898,-32.262821029,-32.262821029
1786021474.165681124,97.250412930,0.000000000,TARGET_UPDATED,0,0.050165543,0.500000000,-73.500000000,0.450892645,0.465619217,-70.022425079,-0.049108604,0.034380783,-3.477574921,0.500001249,-0.141387287,-2.996102518,0.752251385,-0.137080427,-2.424157698,0.001876176,-0.004306860,-0.571944820,0.750375209,-1.427246398,-450.000000000,64.526283204,0.057823687,-0.000782956,-9.501969822,115.232304055,-114.518680856,109.767695945,-110.481319144,-32.263141602,-32.263141602
1786021474.215568542,97.300300260,0.000000000,NONE,0,0.049894335,0.500000000,-73.500000000,0.450892645,0.465720481,-70.119547546,-0.049109528,0.034279519,-3.380452454,0.500002173,-0.140535948,-2.996178259,0.752110615,-0.138442031,-2.424149132,0.001769213,-0.002093917,-0.572029127,0.750341402,-1.012438190,-450.000000000,64.523220572,0.057774912,-0.001289778,-9.498764918,115.127800777,-114.621581682,109.872199223,-110.378418318,-32.261610286,-32.261610286
1786021474.265547276,97.350278826,0.000000000,NONE,0,0.049988677,0.500000000,-73.500000000,0.450892645,0.465762642,-70.240954546,-0.049110628,0.034237358,-3.259045454,0.500003273,-0.139347229,-2.996280517,0.751926044,-0.139606112,-2.424136725,0.001622252,0.000258883,-0.572143792,0.750303793,-0.852678337,-450.000000000,64.520513140,0.057705338,-0.001447357,-9.497392427,115.087517691,-114.661178522,109.912482309,-110.338821478,-32.260256570,-32.260256570
1786021474.315548658,97.400280422,0.000000000,NONE,0,0.049986285,0.500000000,-73.500000000,0.450892645,0.465768720,-70.362362492,-0.049111785,0.034231280,-3.137637508,0.500004430,-0.138043000,-2.996388710,0.751737186,-0.139877445,-2.424124141,0.001465091,0.001834445,-0.572264569,0.750272095,-0.756387013,-450.000000000,64.518412522,0.057629831,-0.001548562,-9.496101243,115.063122064,-114.684928557,109.936877936,-110.315071443,-32.259206261,-32.259206261
1786021474.365545511,97.450277227,0.000000000,TARGET_UPDATED,0,0.050013054,0.500000000,-73.500000000,0.450888215,0.465767518,-70.483769672,-0.049113114,0.034232482,-3.016230328,0.500001328,-0.136630692,-2.996501688,0.751540201,-0.139666555,-2.424111264,0.001303434,0.003035863,-0.572390424,0.750236768,-0.673218225,-450.000000000,64.515867372,0.057550548,-0.001607905,-9.494921709,115.042034983,-114.705425871,109.957965017,-110.294574129,-32.257933686,-32.257933686
1786021474.415554047,97.500285738,0.000000000,NONE,0,0.049999811,0.500000000,-73.500000000,0.450888215,0.465777907,-70.605174966,-0.049114635,0.034222093,-2.894825034,0.500002849,-0.135113543,-2.996618557,0.751350761,-0.139102046,-2.424098127,0.001140317,0.003988503,-0.572520430,0.750210443,-0.601261998,-450.000000000,64.514204554,0.057469406,-0.001630410,-9.493952230,115.023803557,-114.723172558,109.976196443,-110.276827442,-32.257102277,-32.257102277
1786021474.465540648,97.550272204,0.000000000,NONE,0,0.049994714,0.500000000,-73.500000000,0.450888215,0.465815526,-70.726577459,-0.049116285,0.034184474,-2.773422541,0.500004500,-0.133493258,-2.996738563,0.751164201,-0.138246120,-2.424084814,0.000982250,0.004752861,-0.572653749,0.750181952,-0.538283952,-450.000000000,64.512166708,0.057388081,-0.001621934,-9.493269159,115.007888278,-114.738746302,109.992111722,-110.261253698,-32.256083354,-32.256083354
1786021474.515552998,97.600284736,0.000000000,NONE,0,0.049992847,0.500000000,-73.500000000,0.450888215,0.465893442,-70.847976407,-0.049117877,0.034106558,-2.652023593,0.500006092,-0.131769532,-2.996860920,0.750982773,-0.137150296,-2.424071488,0.000831313,0.005380764,-0.572789431,0.750151460,-0.481391901,-450.000000000,64.509992272,0.057307896,-0.001590531,-9.492898422,114.993572581,-114.752876630,110.006427419,-110.247123370,-32.254996136,-32.254996136
1786021474.565633297,97.650364990,0.000000000,TARGET_UPDATED,0,0.050107141,0.500000000,-74.500000000,0.450882123,0.466022482,-70.969371208,-0.049119319,0.033977518,-3.530628792,0.500001442,-0.141334531,-2.996464392,0.750818847,-0.135857751,-2.424058123,0.000686107,-0.005476781,-0.572406270,0.750132740,-1.486843216,-450.000000000,64.508918243,0.057229696,-0.001545869,-9.492824270,115.244916871,-114.501495264,109.755083129,-110.498504736,-32.254459122,-32.254459122
1786021474.615524769,97.700256465,0.000000000,NONE,0,0.049898109,0.500000000,-74.500000000,0.450882123,0.466138100,-71.090765612,-0.049120611,0.033861900,-3.409234388,0.500002733,-0.140291654,-2.996560367,0.750633310,-0.137323893,-2.424045356,0.000539237,-0.002967761,-0.572515012,0.750094073,-1.055395829,-450.000000000,64.505810217,0.057153833,-0.001498903,-9.492928577,115.137081101,-114.609383187,109.862918899,-110.390616813,-32.252905109,-32.252905109
1786021474.665573120,97.750304792,0.000000000,NONE,0,0.050030413,0.500000000,-74.500000000,0.450882123,0.466170528,-71.212163570,-0.049121867,0.033829472,-3.287836430,0.500003990,-0.139151608,-2.996660826,0.750446336,-0.138175412,-2.424031502,0.000384058,-0.000976196,-0.572629324,0.750062277,-0.931204573,-450.000000000,64.503723893,0.057080270,-0.001453783,-9.493206217,115.106102698,-114.640500411,109.893897302,-110.359499589,-32.251861946,-32.251861946
1786021474.715551138,97.800282785,0.000000000,NONE,0,0.049920812,0.500000000,-74.500000000,0.450882123,0.466177124,-71.333561829,-0.049123161,0.033822876,-3.166438171,0.500005284,-0.137925192,-2.996764032,0.750262533,-0.138304763,-2.424018274,0.000228987,0.000379571,-0.572745758,0.750033545,-0.846287358,-450.000000000,64.501772606,0.057008768,-0.001415599,-9.493559790,115.084961787,-114.661818108,109.915038213,-110.338181892,-32.250886303,-32.250886303
1786021474.765599012,97.850330664,0.000000000,TARGET_UPDATED,0,0.050117918,0.500000000,-74.500000000,0.450876839,0.466181157,-71.454959057,-0.049124475,0.033818843,-3.045040943,0.500001313,-0.136611946,-2.996869463,0.750075698,-0.138038678,-2.424004893,0.000077264,0.001426731,-0.572864570,0.749998434,-0.772487361,-450.000000000,64.499189842,0.056939436,-0.001374987,-9.494126705,115.066653516,-114.680409836,109.933346484,-110.319590164,-32.249594921,-32.249594921
1786021474.815535545,97.900267159,0.000000000,NONE,0,0.049929289,0.500000000,-74.500000000,0.450876839,0.466199805,-71.576354377,-0.049125838,0.033800195,-2.923645623,0.500002677,-0.135206019,-2.996976619,0.749904328,-0.137454647,-2.423992979,-0.000070850,0.002248628,-0.572983640,0.749975179,-0.709319704,-450.000000000,64.497796754,0.056871111,-0.001362697,-9.494462662,115.050945592,-114.696285740,109.949054408,-110.303714260,-32.248898377,-32.248898377
1786021474.865482330,97.950213874,0.000000000,NONE,0,0.049939197,0.500000000,-74.500000000,0.450876839,0.466247685,-71.697746973,-0.049127254,0.033752315,-2.802253027,0.500004092,-0.133701948,-2.997085273,0.749741865,-0.136599923,-2.423981322,-0.000209436,0.002897975,-0.573103951,0.749951301,-0.654450663,-450.000000000,64.496112900,0.056803009,-0.001362166,-9.494693193,115.037285964,-114.710060633,109.962714036,-110.289939367,-32.248056450,-32.248056450
1786021474.915629387,98.000360925,0.000000000,NONE,0,0.050070787,0.500000000,-74.500000000,0.450876839,0.466336588,-71.819136228,-0.049128562,0.033663412,-2.680863772,0.500005400,-0.132093192,-2.997195161,0.749589690,-0.135527120,-2.423970534,-0.000336774,0.003433928,-0.573224628,0.749926464,-0.604108035,-450.000000000,64.494356462,0.056734326,-0.001377205,-9.494729699,115.024709433,-114.722655416,109.975290567,-110.277344584,-32.247178231,-32.247178231
1786021474.965606451,98.050337989,0.000000000,TARGET_UPDATED,0,0.050076499,0.500000000,-74.500000000,0.450871438,0.466476146,-71.940521579,-0.049129684,0.033523854,-2.559478421,0.500001122,-0.130374593,-2.997306143,0.749440373,-0.134273756,-2.423959663,-0.000453470,0.003899163,-0.573346481,0.749893843,-0.555991444,-450.000000000,64.491917574,0.056665172,-0.001386208,-9.494782526,115.012693492,-114.734697771,109.987306508,-110.265302229,-32.245958787,-32.245958787
1786021475.015625715,98.100357361,0.000000000,TARGET_UPDATED,0,0.050004140,0.500000000,-75.500000000,0.450871438,0.466674751,-72.061902596,-0.049130704,0.033325249,-3.438097404,0.500002142,-0.140452845,-2.996882546,0.749314901,-0.132860765,-2.423949559,-0.000562738,-0.007592080,-0.572932987,0.749877639,-1.614959333,-450.000000000,64.491110661,0.056595530,-0.001396557,-9.494767691,115.277431756,-114.469952089,109.722568244,-110.530047911,-32.245555330,-32.245555330
1786021475.065549612,98.150281231,0.000000000,NONE,0,0.049918246,0.500000000,-75.500000000,0.450871438,0.466862661,-72.183283296,-0.049131683,0.033137339,-3.316716704,0.500003121,-0.139438054,-2.996963633,0.749181578,-0.134365911,-2.423940607,-0.000670739,-0.005072143,-0.573023026,0.749852317,-1.170053139,-450.000000000,64.489154945,0.056525318,-0.001408488,-9.494674693,115.166181958,-114.581155388,109.833818042,-110.418844612,-32.244577472,-32.244577472
1786021475.115561724,98.200293281,0.000000000,NONE,0,0.049975706,0.500000000,-75.500000000,0.450871438,0.466964270,-72.304667918,-0.049132578,0.033035730,-3.195332082,0.500004016,-0.138311040,-2.997047312,0.749057076,-0.135274160,-2.423931363,-0.000775927,-0.003036880,-0.573115949,0.749833002,-1.042836729,-450.000000000,64.487923669,0.056454563,-0.001417574,-9.494566149,115.134350719,-114.612932355,109.865649281,-110.387067645,-32.243961835,-32.243961835
1786021475.165544510,98.250276160,0.000000000,TARGET_UPDATED,0,0.050024587,0.500000000,-75.500000000,0.450867422,0.467038801,-72.426053223,-0.049133435,0.032961199,-3.073946777,0.500000856,-0.137088089,-2.997133844,0.748930907,-0.135429748,-2.423923492,-0.000878216,-0.001658340,-0.573210352,0.749809123,-0.957266866,-450.000000000,64.486161258,0.056384333,-0.001403325,-9.494731464,115.112999582,-114.634366150,109.887000418,-110.365633850,-32.243080629,-32.243080629
1786021475.215523243,98.300254901,0.000000000,NONE,0,0.049928583,0.500000000,-75.500000000,0.450867422,0.467109594,-72.547437815,-0.049134283,0.032890406,-2.952562185,0.500001705,-0.135766561,-2.997221929,0.748820397,-0.135188161,-2.423915044,-0.000975028,-0.000578399,-0.573306884,0.749795425,-0.881210925,-450.000000000,64.485405426,0.056313859,-0.001411930,-9.494630793,115.093960429,-114.653354967,109.906039571,-110.346645033,-32.242702713,-32.242702713
1786021475.265464306,98.350195852,0.000000000,NONE,0,0.049996424,0.500000000,-75.500000000,0.450867422,0.467194839,-72.668820733,-0.049135149,0.032805161,-2.831179267,0.500002571,-0.134344010,-2.997310947,0.748721949,-0.134602300,-2.423907855,-0.001060582,0.000258289,-0.573403093,0.749782531,-0.817567732,-450.000000000,64.484519236,0.056242991,-0.001418529,-9.494519304,115.078021759,-114.669237893,109.921978241,-110.330762107,-32.242259618,-32.242259618
1786021475.315585136,98.400316681,0.000000000,NONE,0,0.050080131,0.500000000,-75.500000000,0.450867422,0.467282946,-72.765925362,-0.049135773,0.032717054,-2.734074638,0.500003195,-0.133131361,-2.997382617,0.748652573,-0.133936622,-2.423902760,-0.001119945,0.000805262,-0.573479857,0.749772518,-0.775069188,-450.000000000,64.483876337,0.056186134,-0.001420939,-9.495574238,115.067660856,-114.680126262,109.932339144,-110.319873738,-32.241938168,-32.241938168
1786021475.365659237,98.450390760,0.000000000,TARGET_UPDATED,0,0.050113482,0.500000000,-75.500000000,0.450864227,0.467460113,-72.911578855,-0.049136469,0.032539887,-2.588421145,0.500000696,-0.131179413,-2.997490910,0.748559797,-0.132763565,-2.423896211,-0.001192041,0.001584152,-0.573594699,0.749751838,-0.699063913,-450.000000000,64.482216004,0.056099915,-0.001452541,-9.493983454,115.048261842,-114.698729885,109.951738158,-110.301270115,-32.241108002,-32.241108002
1786021475.415672064,98.500403715,0.000000000,TARGET_UPDATED,0,0.049970899,0.500000000,-76.500000000,0.450864227,0.467660386,-73.032953048,-0.049136905,0.032339614,-3.467046952,0.500001132,-0.140753518,-2.997073514,0.748492717,-0.131511447,-2.423892116,-0.001241879,-0.009242070,-0.573181397,0.749734596,-1.705259922,-450.000000000,64.481076700,0.056026871,-0.001454418,-9.493720519,115.299745110,-114.447115149,109.700254890,-110.552884851,-32.240538350,-32.240538350
1786021475.465510368,98.550242026,0.000000000,NONE,0,0.049856503,0.500000000,-76.500000000,0.450864227,0.467801763,-73.130052969,-0.049137236,0.032198237,-3.369947031,0.500001463,-0.139965850,-2.997122995,0.748442787,-0.133009132,-2.423889221,-0.001284998,-0.006956718,-0.573233774,0.749727785,-1.295274977,-450.000000000,64.480808303,0.055969035,-0.001438844,-9.494830245,115.197526305,-114.549888817,109.802473695,-110.450111183,-32.240404151,-32.240404151
1786021475.515567780,98.600299487,0.000000000,NONE,0,0.050055053,0.500000000,-76.500000000,0.450864227,0.467908860,-73.275707896,-0.049137651,0.032091140,-3.224292104,0.500001878,-0.138654692,-2.997200613,0.748376634,-0.134270286,-2.423884494,-0.001344522,-0.004384405,-0.573316119,0.749721156,-1.118067794,-450.000000000,64.480348483,0.055882623,-0.001444537,-9.493454744,115.152880635,-114.593846738,109.847119365,-110.406153262,-32.240174242,-32.240174242
1786021475.565584660,98.650316382,0.000000000,TARGET_UPDATED,0,0.050056736,0.500000000,-76.500000000,0.450862349,0.467967848,-73.397087989,-0.049137928,0.032032152,-3.102912011,0.500000277,-0.137458152,-2.997266515,0.748331020,-0.134313907,-2.423881790,-0.001384586,-0.003144246,-0.573384726,0.749715606,-1.054590966,-450.000000000,64.479981517,0.055811008,-0.001418765,-9.493570761,115.137040432,-114.609744949,109.862959568,-110.390255051,-32.239990758,-32.239990758
1786021475.615552425,98.700284077,0.000000000,NONE,0,0.049948749,0.500000000,-76.500000000,0.450862349,0.468026049,-73.518467545,-0.049138156,0.031973951,-2.981532455,0.500000506,-0.136171381,-2.997333106,0.748299903,-0.134049657,-2.423880008,-0.001415118,-0.002121724,-0.573453098,0.749715021,-0.980799714,-450.000000000,64.480039779,0.055740787,-0.001392294,-9.493786139,115.118646463,-114.628246606,109.881353537,-110.371753394,-32.240019890,-32.240019890
1786021475.665639639,98.750371323,0.000000000,NONE,0,0.050051927,0.500000000,-76.500000000,0.450862349,0.468081696,-73.615570298,-0.049138279,0.031918304,-2.884429702,0.500000628,-0.135074310,-2.997386693,0.748284276,-0.133612605,-2.423879189,-0.001430751,-0.001461705,-0.573507504,0.749715027,-0.934324278,-450.000000000,64.480051970,0.055685452,-0.001375878,-9.495097836,115.107355529,-114.640193390,109.892644471,-110.359806610,-32.240025985,-32.240025985
1786021475.715508699,98.800240345,0.000000000,NONE,0,0.049890847,0.500000000,-76.500000000,0.450862349,0.468172670,-73.736947110,-0.049138311,0.031827330,-2.763052890,0.500000660,-0.133612694,-2.997454154,0.748276505,-0.132906131,-2.423879024,-0.001439528,-0.000706563,-0.573575130,0.749716033,-0.868349850,-450.000000000,64.480142447,0.055616563,-0.001383527,-9.495059712,115.090852391,-114.656677465,109.909147609,-110.343322535,-32.240071223,-32.240071223
1786021475.765610933,98.850342769,0.000000000,TARGET_UPDATED,0,0.050085254,0.500000000,-76.500000000,0.450861689,0.468296808,-73.858321635,-0.049138200,0.031703192,-2.641678365,0.499999890,-0.132042081,-2.997522187,0.748281617,-0.131979507,-2.423879782,-0.001436377,-0.000062573,-0.573642405,0.749717995,-0.812085923,-450.000000000,64.480298792,0.055546755,-0.001402520,-9.494849275,115.076733800,-114.670690838,109.923266200,-110.329309162,-32.240149396,-32.240149396
1786021475.815541029,98.900272736,0.000000000,TARGET_UPDATED,0,0.049982606,0.500000000,-77.500000000,0.450861689,0.468504499,-74.003967275,-0.049137926,0.031495501,-3.496032725,0.499999616,-0.140822910,-2.997121202,0.748286405,-0.130619648,-2.423881809,-0.001416985,-0.010203263,-0.573239393,0.749703390,-1.750823012,-450.000000000,64.478945149,0.055461942,0.000000000,-9.507633701,115.314614178,-114.439202672,109.685385822,-110.560797328,-32.239472574,-32.239472574
1786021475.865565538,98.950297151,0.000000000,NONE,0,0.049989874,0.500000000,-77.500000000,0.450861689,0.468648304,-74.125339894,-0.049137664,0.031351696,-3.374660106,0.499999354,-0.139803046,-2.997164417,0.748304158,-0.132421235,-2.423885471,-0.001408916,-0.007381811,-0.573278946,0.749713074,-1.308742562,-450.000000000,64.480108866,0.055380641,-0.001785945,-9.488807177,115.199387435,-114.545016154,109.800612565,-110.454983846,-32.240054433,-32.240054433
1786021475.916064739,99.000796328,0.000000000,NONE,0,0.050015276,0.500000000,-77.500000000,0.450861689,0.468720695,-74.246716052,-0.049137411,0.031279305,-3.253283948,0.499999100,-0.138662185,-2.997210381,0.748331947,-0.132976953,-2.423888505,-0.001392703,-0.005685233,-0.573321877,0.749724651,-1.214454157,-450.000000000,64.480957016,0.055293861,-0.001665771,-9.488597543,115.175762925,-114.568535846,109.824237075,-110.431464154,-32.240478508,-32.240478508
1786021475.965620279,99.050351937,0.000000000,TARGET_UPDATED,0,0.050034633,0.500000000,-77.500000000,0.450862589,0.468762412,-74.343817546,-0.049137177,0.031237588,-3.156182454,0.499999766,-0.137704194,-2.997247284,0.748362043,-0.133053358,-2.423890186,-0.001372677,-0.004650836,-0.573357098,0.749734721,-1.153124257,-450.000000000,64.481631704,0.055231278,-0.001510074,-9.490674835,115.160949773,-114.584387644,109.839050227,-110.415612356,-32.240815852,-32.240815852
1786021476.015525103,99.100256732,0.000000000,NONE,0,0.049905594,0.500000000,-77.500000000,0.450862589,0.468817502,-74.489469856,-0.049136716,0.031182498,-3.010530144,0.499999305,-0.136181703,-2.997302862,0.748417355,-0.132892054,-2.423895090,-0.001332090,-0.003289649,-0.573407771,0.749749444,-1.045041383,-450.000000000,64.482756144,0.055146470,-0.001354128,-9.490953869,115.133998813,-114.611478121,109.866001187,-110.388521879,-32.241378072,-32.241378072
1786021476.065523863,99.150255719,0.000000000,NONE,0,0.050011418,0.500000000,-77.500000000,0.450862589,0.468861595,-74.586570798,-0.049136302,0.031138405,-2.913429202,0.499998891,-0.135103338,-2.997340095,0.748463056,-0.132460313,-2.423898699,-0.001295839,-0.002643025,-0.573441396,0.749758894,-1.006700182,-450.000000000,64.483311554,0.055094422,-0.001268416,-9.493157890,115.124964518,-114.621614427,109.875035482,-110.378385573,-32.241655777,-32.241655777
1786021476.115566015,99.200297614,0.000000000,NONE,0,0.049990797,0.500000000,-77.500000000,0.450862589,0.468956852,-74.732220410,-0.049135540,0.031043148,-2.767779590,0.499998130,-0.133381526,-2.997396627,0.748544334,-0.131642741,-2.423905100,-0.001232573,-0.001738785,-0.573491527,0.749776908,-0.925277879,-450.000000000,64.484743878,0.055021026,-0.001082120,-9.494650234,115.104982028,-114.642343089,109.895017972,-110.357656911,-32.242371939,-32.242371939
1786021476.165564775,99.250296225,0.000000000,TARGET_UPDATED,0,0.050055835,0.500000000,-77.500000000,0.450864329,0.469074270,-74.853592872,-0.049134807,0.030925730,-2.646407128,0.499999135,-0.131836666,-2.997444669,0.748627146,-0.130680288,-2.423911324,-0.001167740,-0.001156378,-0.573533345,0.749794886,-0.877269748,-450.000000000,64.486001166,0.054960926,0.000000000,-9.506165651,115.095858850,-114.657223976,109.904141150,-110.342776024,-32.243000583,-32.243000583
1786021476.215627670,99.300359391,0.000000000,TARGET_UPDATED,0,0.050057240,0.500000000,-78.500000000,0.450864329,0.469200733,-74.950689005,-0.049134134,0.030799267,-3.549310995,0.499998463,-0.140707490,-2.997030105,0.748671153,-0.129779136,-2.423917271,-0.001108328,-0.010928354,-0.573112834,0.749779480,-1.786047161,-450.000000000,64.484255856,0.054906897,0.000000000,-9.507340289,115.323346863,-114.430323282,109.676653137,-110.569676718,-32.242127928,-32.242127928
1786021476.265576363,99.350308110,0.000000000,NONE,0,0.049938233,0.500000000,-78.500000000,0.450864329,0.469341764,-75.072060060,-0.049133310,0.030658236,-3.427939940,0.499997638,-0.139681950,-2.997056811,0.748755042,-0.131077515,-2.423926484,-0.001047673,-0.008604436,-0.573130326,0.749802715,-1.391357655,-450.000000000,64.486655332,0.054822650,-0.001841519,-9.487660886,115.219754635,-114.524075808,109.780245365,-110.475924192,-32.243327666,-32.243327666
1786021476.315597534,99.400329125,0.000000000,NONE,0,0.049993765,0.500000000,-78.500000000,0.450864329,0.469401331,-75.193435408,-0.049132639,0.030598669,-3.306564592,0.499996968,-0.138526895,-2.997088317,0.748842505,-0.131930566,-2.423934491,-0.000985294,-0.006596329,-0.573153826,0.749827799,-1.262075249,-450.000000000,64.488447649,0.054730135,-0.001772093,-9.486426246,115.187125374,-114.556087749,109.812874626,-110.443912251,-32.244223825,-32.244223825
1786021476.365596533,99.450328079,0.000000000,TARGET_UPDATED,0,0.050053459,0.500000000,-78.500000000,0.450867361,0.469432601,-75.314812107,-0.049131995,0.030567399,-3.185187893,0.499999356,-0.137312448,-2.997120490,0.748940992,-0.132089595,-2.423941819,-0.000913448,-0.005222853,-0.573178671,0.749854440,-1.176543814,-450.000000000,64.490343047,0.054648430,-0.001536316,-9.487718343,115.166065539,-114.577793632,109.833934461,-110.422206368,-32.245171523,-32.245171523
1786021476.415537119,99.500268722,0.000000000,NONE,0,0.049938849,0.500000000,-78.500000000,0.450867361,0.469457504,-75.436189020,-0.049131230,0.030542496,-3.063810980,0.499998591,-0.136041160,-2.997153130,0.749041220,-0.131913264,-2.423949236,-0.000832435,-0.004127896,-0.573203894,0.749873655,-1.099885882,-450.000000000,64.491540624,0.054578185,-0.001322351,-9.489689517,115.147393850,-114.597450909,109.852606150,-110.402549091,-32.245770312,-32.245770312
1786021476.465561628,99.550293349,0.000000000,NONE,0,0.050006668,0.500000000,-78.500000000,0.450867361,0.469491403,-75.557565394,-0.049130276,0.030508597,-2.942434606,0.499997637,-0.134704016,-2.997186532,0.749147784,-0.131471936,-2.423957130,-0.000745771,-0.003232080,-0.573229402,0.749893555,-1.032959653,-450.000000000,64.492946789,0.054517065,0.000000000,-9.503475863,115.134108879,-114.617629053,109.865891121,-110.382370947,-32.246473395,-32.246473395
1786021476.515571594,99.600303368,0.000000000,NONE,0,0.049991410,0.500000000,-78.500000000,0.450867361,0.469547160,-75.678940603,-0.049129214,0.030452840,-2.821059397,0.499996575,-0.133270348,-2.997222037,0.749260548,-0.130795734,-2.423966127,-0.000654702,-0.002474614,-0.573255910,0.749915251,-0.972008207,-450.000000000,64.494501532,0.054455279,0.000000000,-9.503977571,115.118996445,-114.632992341,109.881003555,-110.367007659,-32.247250766,-32.247250766
1786021476.565597773,99.650329323,0.000000000,TARGET_UPDATED,0,0.050053543,0.500000000,-78.500000000,0.450870786,0.469635356,-75.800314090,-0.049128120,0.030364644,-2.699685910,0.499998906,-0.131695525,-2.997261363,0.749385182,-0.129890834,-2.423976486,-0.000558555,-0.001804691,-0.573284876,0.749943737,-0.913720044,-450.000000000,64.496630682,0.054379679,0.000000000,-9.503373348,115.104273348,-114.647413326,109.895726652,-110.352586674,-32.248315341,-32.248315341
1786021476.615537405,99.700269132,0.000000000,NONE,0,0.049942155,0.500000000,-78.500000000,0.450870786,0.469764781,-75.921685329,-0.049127003,0.030235219,-2.578314671,0.499997789,-0.129973471,-2.997304471,0.749511727,-0.128787207,-2.423987351,-0.000454691,-0.001186265,-0.573317120,0.749966419,-0.856149429,-450.000000000,64.498103478,0.054290003,-0.001901621,-9.482605811,115.084688810,-114.656614096,109.915311190,-110.343385904,-32.249051739,-32.249051739
1786021476.665622950,99.750354685,0.000000000,TARGET_UPDATED,0,0.050099238,0.500000000,-79.500000000,0.450870786,0.469942946,-76.043053852,-0.049125855,0.030057054,-3.456946148,0.499996641,-0.138738332,-2.996885617,0.749613710,-0.127532530,-2.423997514,-0.000344699,-0.011205802,-0.572888104,0.749958409,-1.782333138,-450.000000000,64.496928778,0.054198790,-0.001684817,-9.482907392,115.316310132,-114.425143563,109.683689868,-110.574856437,-32.248464389,-32.248464389
1786021476.715525389,99.800257020,0.000000000,NONE,0,0.049893755,0.500000000,-79.500000000,0.450870786,0.470111046,-76.164422881,-0.049124827,0.029888954,-3.335577119,0.499995613,-0.137670235,-2.996903182,0.749738856,-0.128844191,-2.424006763,-0.000250587,-0.008826044,-0.572896419,0.749989443,-1.377993689,-450.000000000,64.499882996,0.054125180,0.000000000,-9.499267840,115.219315382,-114.530318538,109.780684618,-110.469681462,-32.249941498,-32.249941498
1786021476.765582323,99.850313998,0.000000000,TARGET_UPDATED,0,0.050067447,0.500000000,-79.500000000,0.450875173,0.470196886,-76.285796342,-0.049124001,0.029803114,-3.214203658,0.499999174,-0.136521871,-2.996924849,0.749867567,-0.129779183,-2.424015189,-0.000158618,-0.006742688,-0.572909661,0.750026185,-1.244225976,-450.000000000,64.502566793,0.054059674,0.000000000,-9.499440575,115.185916638,-114.563803650,109.814083362,-110.436196350,-32.251283396,-32.251283396
1786021476.815533161,99.900264821,0.000000000,NONE,0,0.049936869,0.500000000,-79.500000000,0.450875173,0.470253623,-76.407171403,-0.049123164,0.029746377,-3.092828597,0.499998338,-0.135257245,-2.996951295,0.749989782,-0.129984950,-2.424025063,-0.000059556,-0.005272296,-0.572926232,0.750049338,-1.151904105,-450.000000000,64.503917312,0.053986941,0.000000000,-9.499013816,115.162729480,-114.586777428,109.837270520,-110.413222572,-32.251958656,-32.251958656
1786021476.865548849,99.950280342,0.000000000,NONE,0,0.050003729,0.500000000,-79.500000000,0.450875173,0.470302752,-76.528546885,-0.049122167,0.029697248,-2.971453115,0.499997341,-0.133875360,-2.996982285,0.750112386,-0.129815580,-2.424035290,0.000041081,-0.004059779,-0.572946995,0.750071305,-1.066709405,-450.000000000,64.505430613,0.053906883,0.000000000,-9.498000277,115.141177421,-114.607822718,109.858822579,-110.392177282,-32.252715307,-32.252715307
1786021476.915568590,100.000300396,0.000000000,NONE,0,0.049990329,0.500000000,-79.500000000,0.450875173,0.470359492,-76.649921926,-0.049121084,0.029640508,-2.850078074,0.499996257,-0.132376604,-2.997017474,0.750236146,-0.129343705,-2.424045485,0.000142101,-0.003032899,-0.572971989,0.750094045,-0.989843118,-450.000000000,64.507038051,0.053820501,-0.001770599,-9.478764764,115.117151970,-114.622230411,109.882848030,-110.377769589,-32.253519026,-32.253519026
1786021476.965598106,100.050329962,0.000000000,TARGET_UPDATED,0,0.050070403,0.500000000,-79.500000000,0.450878916,0.470436833,-76.771295793,-0.049119986,0.029563167,-2.728704207,0.499998902,-0.130791526,-2.997055146,0.750367615,-0.128639039,-2.424054697,0.000244514,-0.002152487,-0.573000449,0.750123101,-0.920130904,-450.000000000,64.509197375,0.053739826,-0.001427007,-9.481128201,115.100314776,-114.640249324,109.899685224,-110.359750676,-32.254598687,-32.254598687
1786021477.015566111,100.100297664,0.000000000,NONE,0,0.049950467,0.500000000,-79.500000000,0.450878916,0.470545450,-76.892667943,-0.049118880,0.029454550,-2.607332057,0.499997796,-0.129167841,-2.997093274,0.750494913,-0.127790633,-2.424062457,0.000350212,-0.001377208,-0.573030817,0.750144701,-0.855575551,-450.000000000,64.510561477,0.053681415,-0.001005059,-9.486037672,115.085403306,-114.657615530,109.914596694,-110.342384470,-32.255280738,-32.255280738
1786021477.065608740,100.150340397,0.000000000,TARGET_UPDATED,0,0.050073706,0.500000000,-80.500000000,0.450878916,0.470694162,-77.014038007,-0.049117763,0.029305838,-3.485961993,0.499996679,-0.137620832,-2.996691246,0.750596169,-0.126822590,-2.424070039,0.000456014,-0.010798242,-0.572621208,0.750140155,-1.732353078,-450.000000000,64.509720056,0.053640452,-0.000715112,-9.491032025,115.305846276,-114.439669737,109.694153724,-110.560330263,-32.254860028,-32.254860028
1786021477.115559578,100.200291434,0.000000000,NONE,0,0.049907741,0.500000000,-80.500000000,0.450878916,0.470828069,-77.135409054,-0.049116796,0.029171931,-3.364590946,0.499995712,-0.136655160,-2.996706568,0.750709975,-0.128268516,-2.424078286,0.000542312,-0.008386644,-0.572628281,0.750167663,-1.338767018,-450.000000000,64.512287592,0.053609414,-0.000175541,-9.499295723,115.209515685,-114.540132176,109.790484315,-110.459867824,-32.256143796,-32.256143796
1786021477.165673733,100.250405429,0.000000000,TARGET_UPDATED,0,0.050053038,0.500000000,-80.500000000,0.450883204,0.470879241,-77.256784722,-0.049116071,0.029120759,-3.243215278,0.499999275,-0.135587881,-2.996728395,0.750821697,-0.129315679,-2.424085791,0.000621535,-0.006272202,-0.572642604,0.750200162,-1.204273652,-450.000000000,64.514660672,0.053578795,0.000000000,-9.503965164,115.177059704,-114.574922878,109.822940296,-110.425077122,-32.257330336,-32.257330336
1786021477.215549231,100.300280756,0.000000000,NONE,0,0.049955154,0.500000000,-80.500000000,0.450883204,0.470900142,-77.378162193,-0.049115383,0.029099858,-3.121837807,0.499998587,-0.134397811,-2.996756709,0.750921617,-0.129624319,-2.424094158,0.000703125,-0.004773492,-0.572662551,0.750218492,-1.111385712,-450.000000000,64.515661349,0.053537907,0.000000000,-9.506043136,115.154357212,-114.598664356,109.845642788,-110.401335644,-32.257830675,-32.257830675
1786021477.265558243,100.350289948,0.000000000,NONE,0,0.050004370,0.500000000,-80.500000000,0.450883204,0.470913007,-77.499540209,-0.049114592,0.029086993,-3.000459791,0.499997796,-0.133067411,-2.996791907,0.751016893,-0.129524264,-2.424102834,0.000781822,-0.003543146,-0.572689072,0.750235071,-1.026075049,-450.000000000,64.516786526,0.053480985,0.000000000,-9.506837973,115.133228255,-114.620190731,109.866771745,-110.379809269,-32.258393263,-32.258393263
1786021477.315559149,100.400290834,0.000000000,NONE,0,0.049994144,0.500000000,-80.500000000,0.450883204,0.470932542,-77.620917874,-0.049113776,0.029067458,-2.879082126,0.499996980,-0.131587199,-2.996833958,0.751108676,-0.129105064,-2.424111424,0.000856962,-0.002482136,-0.572722534,0.750251714,-0.947170605,-450.000000000,64.517952897,0.053405828,-0.001653101,-9.489634357,115.109201240,-114.635615938,109.890798760,-110.364384062,-32.258976449,-32.258976449
1786021477.365608931,100.450340626,0.000000000,TARGET_UPDATED,0,0.050071757,0.500000000,-80.500000000,0.450886224,0.470971289,-77.742294395,-0.049112999,0.029028711,-2.757705605,0.499999223,-0.129987916,-2.996880951,0.751203007,-0.128430966,-2.424118757,0.000930195,-0.001556949,-0.572762195,0.750272811,-0.874487642,-450.000000000,64.519518128,0.053324669,-0.001563493,-9.489377821,115.090966366,-114.653722545,109.909033634,-110.346277455,-32.259759064,-32.259759064
1786021477.415524960,100.500256636,0.000000000,NONE,0,0.049921637,0.500000000,-80.500000000,0.450886224,0.471039738,-77.863669151,-0.049112253,0.028960262,-2.636330849,0.499998477,-0.128308248,-2.996931059,0.751290753,-0.127579635,-2.424124543,0.001003822,-0.000728612,-0.572806516,0.750286931,-0.805993508,-450.000000000,64.520367987,0.053251038,-0.001409639,-9.490342634,115.074084035,-114.671087281,109.925915965,-110.328912719,-32.260183994,-32.260183994
1786021477.465594053,100.550325857,0.000000000,TARGET_UPDATED,0,0.050070922,0.500000000,-81.500000000,0.450886224,0.471146719,-77.985041675,-0.049111548,0.028853281,-3.514958325,0.499997772,-0.136323142,-2.996560202,0.751357400,-0.126580741,-2.424129642,0.001075132,-0.009742402,-0.572430561,0.750282268,-1.644858322,-450.000000000,64.519665658,0.053184399,-0.001281230,-9.491621611,115.284119983,-114.461690822,109.715880017,-110.538309178,-32.259832829,-32.259832829
1786021477.515564442,100.600296199,0.000000000,NONE,0,0.049929604,0.500000000,-81.500000000,0.450886224,0.471222159,-78.106415742,-0.049111008,0.028777841,-3.393584258,0.499997232,-0.135230659,-2.996592441,0.751425433,-0.128260551,-2.424134670,0.001125706,-0.006970107,-0.572457771,0.750299728,-1.228997857,-450.000000000,64.521330623,0.053123022,-0.001192445,-9.492904063,115.180475480,-114.565976551,109.819524520,-110.434023449,-32.260665311,-32.260665311
1786021477.565537930,100.650269777,0.000000000,TARGET_UPDATED,0,0.050010138,0.500000000,-81.500000000,0.450888992,0.471226953,-78.227793371,-0.049110667,0.028773047,-3.272206629,0.499999658,-0.134050892,-2.996630102,0.751490266,-0.128936049,-2.424138276,0.001171480,-0.005114843,-0.572491826,0.750318786,-1.121081064,-450.000000000,64.522696145,0.053064939,-0.001142183,-9.494067670,115.153787184,-114.593246652,109.846212816,-110.406753348,-32.261348073,-32.261348073
1786021477.615562201,100.700293995,0.000000000,NONE,0,0.050005586,0.500000000,-81.500000000,0.450888992,0.471208560,-78.349172049,-0.049110371,0.028791440,-3.150827951,0.499999362,-0.132787810,-2.996672784,0.751543870,-0.129115037,-2.424141843,0.001216022,-0.003672772,-0.572530941,0.750327848,-1.026830007,-450.000000000,64.523130528,0.053008261,0.000000000,-9.506256613,115.133271655,-114.619856651,109.866728345,-110.380143349,-32.261565264,-32.261565264
1786021477.665519714,100.750251230,0.000000000,NONE,0,0.049981249,0.500000000,-81.500000000,0.450888992,0.471183559,-78.470550876,-0.049110053,0.028816441,-3.029449124,0.499999045,-0.131411044,-2.996721562,0.751590890,-0.128969694,-2.424145692,0.001255230,-0.002441349,-0.572575870,0.750335660,-0.939854184,-450.000000000,64.523652546,0.052943041,-0.001447252,-9.491858872,115.107928264,-114.638001172,109.892071736,-110.361998828,-32.261826273,-32.261826273
1786021477.715591669,100.800323306,0.000000000,NONE,0,0.050017319,0.500000000,-81.500000000,0.450888992,0.471166415,-78.591929021,-0.049109746,0.028833585,-2.908070979,0.499998738,-0.129918090,-2.996775923,0.751633231,-0.128529583,-2.424149059,0.001290783,-0.001388507,-0.572626865,0.750342449,-0.861694575,-450.000000000,64.524107117,0.052870576,-0.001416697,-9.491656094,115.088337667,-114.657490380,109.911662333,-110.342509620,-32.262053559,-32.262053559
1786021477.765617847,100.850349520,0.000000000,TARGET_UPDATED,0,0.050066205,0.500000000,-81.500000000,0.450890254,0.471169292,-78.713305782,-0.049109469,0.028830708,-2.786694218,0.499999723,-0.128341577,-2.996834195,0.751673217,-0.127873763,-2.424151157,0.001323151,-0.000467814,-0.572683037,0.750350066,-0.789701979,-450.000000000,64.524656746,0.052802184,-0.001332586,-9.492313080,115.070503765,-114.675652775,109.929496235,-110.324347225,-32.262328373,-32.262328373
1786021477.815536976,100.900268452,0.000000000,NONE,0,0.049919993,0.500000000,-81.500000000,0.450890254,0.471202323,-78.834680608,-0.049109223,0.028797677,-2.665319392,0.499999477,-0.126676391,-2.996896357,0.751707483,-0.127038801,-2.424152561,0.001353469,0.000362410,-0.572743796,0.750354014,-0.721380157,-450.000000000,64.524860043,0.052737526,-0.001265681,-9.493074801,115.053613740,-114.692923661,109.946386260,-110.307076339,-32.262430022,-32.262430022
1786021477.865949631,100.950681156,0.000000000,NONE,0,0.050074727,0.500000000,-81.500000000,0.450890254,0.471256320,-78.931778764,-0.049109056,0.028743680,-2.568221236,0.499999310,-0.125274729,-2.996948958,0.751732419,-0.126245791,-2.424153312,0.001375716,0.000971063,-0.572795646,0.750356703,-0.672466162,-450.000000000,64.525022888,0.052687756,-0.001229900,-9.494727628,115.041798448,-114.705565366,109.958201552,-110.294434634,-32.262511444,-32.262511444
1786021477.915598631,101.000330198,0.000000000,TARGET_UPDATED,0,0.049991214,0.500000000,-82.500000000,0.450890254,0.471390241,-79.077422786,-0.049108905,0.028609759,-3.422577214,0.499999159,-0.133382209,-2.996593075,0.751756102,-0.124981866,-2.424153977,0.001405643,-0.008400343,-0.572439098,0.750350459,-1.534614893,-450.000000000,64.524407238,0.052614336,-0.001224857,-9.494164998,115.257194973,-114.489887526,109.742805027,-110.510112474,-32.262203619,-32.262203619
1786021477.965608120,101.050339878,0.000000000,TARGET_UPDATED,0,0.050006773,0.500000000,-82.500000000,0.450891095,0.471476249,-79.198793769,-0.049108910,0.028523751,-3.301206231,0.500000005,-0.132229956,-2.996641764,0.751766845,-0.126674568,-2.424154360,0.001413334,-0.005555389,-0.572487404,0.750353510,-1.105104099,-450.000000000,64.524806734,0.052553101,-0.001219961,-9.494571157,115.149918814,-114.597366764,109.850081186,-110.402633236,-32.262403367,-32.262403367
1786021478.015554905,101.100286414,0.000000000,NONE,0,0.049937697,0.500000000,-82.500000000,0.450891095,0.471491346,-79.320168042,-0.049109039,0.028508654,-3.179831958,0.500000134,-0.130977016,-2.996696459,0.751768354,-0.127334087,-2.424153114,0.001414378,-0.003642929,-0.572543345,0.750353976,-0.993309904,-450.000000000,64.524787665,0.052491938,-0.001223681,-9.494883534,115.122048360,-114.625393407,109.877951640,-110.374606593,-32.262393833,-32.262393833
1786021478.065550566,101.150282133,0.000000000,NONE,0,0.049996957,0.500000000,-82.500000000,0.450891095,0.471483531,-79.441543066,-0.049109238,0.028516469,-3.058456934,0.500000333,-0.129631947,-2.996756470,0.751762575,-0.127494985,-2.424151703,0.001410815,-0.002136962,-0.572604766,0.750351760,-0.894458924,-450.000000000,64.524578912,0.052430306,-0.001236907,-9.495063474,115.097380600,-114.650151137,109.902619400,-110.349848863,-32.262289456,-32.262289456
1786021478.115546227,101.200277759,0.000000000,NONE,0,0.049983091,0.500000000,-82.500000000,0.450891095,0.471469929,-79.562917915,-0.049109473,0.028530071,-2.937082085,0.500000568,-0.128191293,-2.996821501,0.751750730,-0.127334430,-2.424149859,0.001403022,-0.000856863,-0.572671642,0.750347708,-0.804465955,-450.000000000,64.524258474,0.052367833,-0.001255928,-9.495110444,115.074894100,-114.672661122,109.925105900,-110.327338878,-32.262129237,-32.262129237
1786021478.165614367,101.250346108,0.000000000,TARGET_UPDATED,0,0.050082758,0.500000000,-82.500000000,0.450890527,0.471464822,-79.660017127,-0.049109674,0.028535178,-2.839982873,0.500000202,-0.126967639,-2.996876929,0.751736886,-0.126988117,-2.424148051,0.001394196,0.000020478,-0.572728878,0.750342691,-0.745023322,-450.000000000,64.523888155,0.052317129,-0.001272401,-9.496129721,115.060288261,-114.687776600,109.939711739,-110.312223400,-32.261944078,-32.261944078
1786021478.215552330,101.300283964,0.000000000,NONE,0,0.049936107,0.500000000,-82.500000000,0.450890527,0.471474708,-79.781389813,-0.049109935,0.028525292,-2.718610187,0.500000462,-0.125343616,-2.996950487,0.751716568,-0.126417467,-2.424145453,0.001380543,0.001073851,-0.572805034,0.750336025,-0.658670252,-450.000000000,64.523388281,0.052252323,-0.001314631,-9.495741521,115.038602943,-114.709267817,109.961397057,-110.290732183,-32.261694141,-32.261694141
1786021478.265558720,101.350290559,0.000000000,NONE,0,0.050007142,0.500000000,-82.500000000,0.450890527,0.471511953,-79.902760508,-0.049110216,0.028488047,-2.597239492,0.500000743,-0.123607119,-2.997028637,0.751692958,-0.125612229,-2.424142450,0.001364296,0.002005111,-0.572886186,0.750328661,-0.584593781,-450.000000000,64.522859040,0.052185184,-0.001357107,-9.495164889,115.019939668,-114.727642777,109.980060332,-110.272357223,-32.261429520,-32.261429520
1786021478.315640211,101.400371973,0.000000000,TARGET_UPDATED,0,0.050078161,0.500000000,-83.500000000,0.450890527,0.471587053,-80.024128634,-0.049110531,0.028412947,-3.475871366,0.500001058,-0.131649797,-2.996692398,0.751668400,-0.124617824,-2.424139004,0.001346446,-0.007031973,-0.572553394,0.750321953,-1.424011386,-450.000000000,64.522402795,0.052116377,-0.001383244,-9.494618781,115.229657542,-114.517651849,109.770342458,-110.482348151,-32.261201397,-32.261201397
1786021478.365600586,101.450332174,0.000000000,TARGET_UPDATED,0,0.049969036,0.500000000,-83.500000000,0.450889469,0.471647728,-80.145496915,-0.049110891,0.028352272,-3.354503085,0.500000360,-0.130490538,-2.996753036,0.751627746,-0.125919284,-2.424135504,0.001318544,-0.004571254,-0.572617532,0.750309202,-1.032281210,-450.000000000,64.521388958,0.052046751,-0.001393747,-9.494145110,115.131606580,-114.615465975,109.868393420,-110.384534025,-32.260694479,-32.260694479
1786021478.415545225,101.500277010,0.000000000,NONE,0,0.049937332,0.500000000,-83.500000000,0.450889469,0.471628891,-80.266868660,-0.049111337,0.028371109,-3.233131340,0.500000806,-0.129231102,-2.996819805,0.751579799,-0.126815483,-2.424130415,0.001280274,-0.002415619,-0.572689389,0.750299525,-0.893477319,-450.000000000,64.520772990,0.051977079,-0.001389188,-9.493808103,115.096821355,-114.650082696,109.903178645,-110.349917304,-32.260386495,-32.260386495
1786021478.465554953,101.550286709,0.000000000,NONE,0,0.050013964,0.500000000,-83.500000000,0.450889469,0.471581269,-80.388241204,-0.049111894,0.028418731,-3.111758796,0.500001363,-0.127883871,-2.996891082,0.751526865,-0.127025216,-2.424125199,0.001238023,-0.000858655,-0.572765883,0.750288842,-0.795592717,-450.000000000,64.520005332,0.051908013,-0.001373057,-9.493636428,115.072307286,-114.674510928,109.927692714,-110.325489072,-32.260002666,-32.260002666
1786021478.515558004,101.600289615,0.000000000,NONE,0,0.049983985,0.500000000,-83.500000000,0.450889469,0.471526021,-80.509613438,-0.049112507,0.028473979,-2.990386562,0.500001975,-0.126449487,-2.996966425,0.751470037,-0.126883715,-2.424119696,0.001193456,0.000434229,-0.572846730,0.750276582,-0.705870431,-450.000000000,64.519115419,0.051839977,-0.001350386,-9.493602544,115.049868244,-114.696933028,109.950131756,-110.303066972,-32.259557710,-32.259557710
1786021478.565620661,101.650352346,0.000000000,TARGET_UPDATED,0,0.050084713,0.500000000,-83.500000000,0.450887493,0.471478276,-80.630984570,-0.049113129,0.028521724,-2.869015430,0.500000622,-0.124925752,-2.997045478,0.751407587,-0.126459749,-2.424113915,0.001147453,0.001533997,-0.572931563,0.750260134,-0.625481586,-450.000000000,64.517880968,0.051773154,-0.001325651,-9.493690182,115.029792942,-114.717052149,109.970207058,-110.282947851,-32.258940484,-32.258940484
1786021478.615536451,101.700268097,0.000000000,NONE,0,0.049925902,0.500000000,-83.500000000,0.450887493,0.471450945,-80.752353927,-0.049113761,0.028549055,-2.747646073,0.500001254,-0.123309133,-2.997127963,0.751346560,-0.125798597,-2.424107900,0.001099708,0.002489464,-0.573020062,0.750246852,-0.551768058,-450.000000000,64.517013616,0.051707531,-0.001302618,-9.493833726,115.011400446,-114.735516417,109.988599554,-110.264483583,-32.258506808,-32.258506808
1786021478.665546179,101.750277859,0.000000000,NONE,0,0.049997393,0.500000000,-83.500000000,0.450887493,0.471455263,-80.873720929,-0.049114422,0.028544737,-2.626279071,0.500001916,-0.121594890,-2.997213673,0.751285027,-0.124928962,-2.424101691,0.001052288,0.003334072,-0.573111982,0.750232739,-0.483225521,-450.000000000,64.516009489,0.051642936,-0.001283689,-9.494019484,114.994311251,-114.752698491,110.005688749,-110.247301509,-32.258004745,-32.258004745
1786021478.715595484,101.800327061,0.000000000,TARGET_UPDATED,0,0.050052090,0.500000000,-84.500000000,0.450887493,0.471500249,-80.995085111,-0.049115073,0.028499751,-3.504914889,0.500002567,-0.129505597,-2.996895354,0.751233861,-0.123894691,-2.424095319,0.001006138,-0.005610906,-0.572800035,0.750227723,-1.310429930,-450.000000000,64.515840389,0.051579128,-0.001270089,-9.494214121,115.201161013,-114.545946048,109.798838987,-110.454053952,-32.257920194,-32.257920194
1786021478.765586853,101.850318646,0.000000000,TARGET_UPDATED,0,0.050011550,0.500000000,-84.500000000,0.450884927,0.471528678,-81.116449452,-0.049115680,0.028471322,-3.383550548,0.500000606,-0.128374076,-2.996962274,0.751158165,-0.125245707,-2.424089190,0.000954872,-0.003128369,-0.572873084,0.750203293,-0.919283319,-450.000000000,64.513742011,0.051515799,-0.001263695,-9.494364521,115.103411960,-114.643770300,109.896588040,-110.356229700,-32.256871006,-32.256871006
1786021478.815531969,101.900263778,0.000000000,NONE,0,0.049929646,0.500000000,-84.500000000,0.450884927,0.471484233,-81.237816792,-0.049116305,0.028515767,-3.262183208,0.500001232,-0.127147948,-2.997034067,0.751081203,-0.126004146,-2.424081852,0.000893736,-0.001143802,-0.572952214,0.750187467,-0.795183961,-450.000000000,64.512805716,0.051452660,0.000000000,-9.507088385,115.075568086,-114.677976106,109.924431914,-110.322023894,-32.256402858,-32.256402858
1786021478.865555763,101.950287297,0.000000000,NONE,0,0.050012119,0.500000000,-84.500000000,0.450884927,0.471416127,-81.359184590,-0.049117044,0.028583873,-3.140815410,0.500001971,-0.125814555,-2.997110469,0.751001976,-0.126132008,-2.424075316,0.000829993,0.000317453,-0.573035153,0.750171982,-0.701939469,-450.000000000,64.511729161,0.051381588,-0.000160833,-9.504933664,115.051718283,-114.700748549,109.948281717,-110.299251451,-32.255864580,-32.255864580
1786021478.915551662,102.000283533,0.000000000,NONE,0,0.049987455,0.500000000,-84.500000000,0.450884927,0.471343589,-81.480551810,-0.049117835,0.028656411,-3.019448190,0.500002762,-0.124341275,-2.997192217,0.750922284,-0.125884258,-2.424069592,0.000766456,0.001542983,-0.573122624,0.750155828,-0.615488976,-450.000000000,64.510584761,0.051292714,-0.001904962,-9.485510408,115.025249846,-114.717505358,109.974750154,-110.282494642,-32.255292381,-32.255292381
1786021478.965616941,102.050348656,0.000000000,TARGET_UPDATED,0,0.050083488,0.500000000,-84.500000000,0.450882165,0.471281290,-81.601917617,-0.049118624,0.028718710,-2.898082383,0.500000789,-0.122765134,-2.997277038,0.750840100,-0.125343652,-2.424063096,0.000705008,0.002578518,-0.573213942,0.750135092,-0.538553280,-450.000000000,64.509042426,0.051200134,-0.001744674,-9.484835489,115.005847192,-114.736570552,109.994152808,-110.263429448,-32.254521213,-32.254521213
1786021479.015538692,102.100270231,0.000000000,NONE,0,0.049927738,0.500000000,-84.500000000,0.450882165,0.471241736,-81.723281350,-0.049119410,0.028758264,-2.776718650,0.500001575,-0.121137801,-2.997362489,0.750764467,-0.124603699,-2.424055309,0.000644781,0.003465897,-0.573307180,0.750119686,-0.469192553,-450.000000000,64.508069456,0.051121468,-0.001456120,-9.486532528,114.988931270,-114.754334994,110.011068730,-110.245665006,-32.254034728,-32.254034728
1786021479.065565586,102.150297363,0.000000000,NONE,0,0.050023113,0.500000000,-84.500000000,0.450882165,0.471235332,-81.844642541,-0.049120192,0.028764668,-2.655357459,0.500002357,-0.119454346,-2.997448551,0.750691779,-0.123703975,-2.424047301,0.000588361,0.004249629,-0.573401250,0.750103418,-0.404846758,-450.000000000,64.506914013,0.051056338,-0.001205969,-9.488931593,114.973444588,-114.771021209,110.026555412,-110.228978791,-32.253457006,-32.253457006
1786021479.115617037,102.200348729,0.000000000,TARGET_UPDATED,0,0.050030558,0.500000000,-85.500000000,0.450882165,0.471270760,-81.966000831,-0.049120909,0.028729240,-3.533999169,0.500003074,-0.127315470,-2.997138559,0.750638493,-0.122668500,-2.424039535,0.000535834,-0.004646970,-0.573099024,0.750102659,-1.224790562,-450.000000000,64.507170972,0.051001717,-0.001024946,-9.491475448,115.179066503,-114.566671221,109.820933497,-110.433328779,-32.253585486,-32.253585486
1786021479.165613651,102.250345307,0.000000000,TARGET_UPDATED,0,0.050025120,0.500000000,-85.500000000,0.450879091,0.471291443,-82.087359206,-0.049121514,0.028708557,-3.412640794,0.500000605,-0.126256868,-2.997202796,0.750557101,-0.124005221,-2.424032538,0.000482546,-0.002251647,-0.573170258,0.750074556,-0.842616429,-450.000000000,64.504657109,0.050953832,0.000000000,-9.502992026,115.086402114,-114.665093899,109.913597886,-110.334906101,-32.252328554,-32.252328554
1786021479.215483665,102.300215355,0.000000000,NONE,0,0.049850327,0.500000000,-85.500000000,0.450879091,0.471241656,-82.208720498,-0.049122085,0.028758344,-3.291279502,0.500001175,-0.125099684,-2.997271402,0.750477750,-0.124756302,-2.424025311,0.000419922,-0.000343382,-0.573246091,0.750057829,-0.723856043,-450.000000000,64.503712450,0.050903134,0.000000000,-9.504011251,115.056966823,-114.695038802,109.943033177,-110.304961198,-32.251856225,-32.251856225
1786021479.265523672,102.350255463,0.000000000,NONE,0,0.050017209,0.500000000,-85.500000000,0.450879091,0.471171461,-82.330082156,-0.049122783,0.028828539,-3.169917844,0.500001874,-0.123820391,-2.997344379,0.750399495,-0.124836888,-2.424019445,0.000356091,0.001016497,-0.573324934,0.750043404,-0.638138581,-450.000000000,64.502749904,0.050838693,0.000000000,-9.503941648,115.035520057,-114.716450767,109.964479943,-110.283549233,-32.251374952,-32.251374952
1786021479.315669775,102.400401526,0.000000000,NONE,0,0.050124918,0.500000000,-85.500000000,0.450879091,0.471099074,-82.451443201,-0.049123546,0.028900926,-3.048556799,0.500002637,-0.122414951,-2.997421387,0.750323623,-0.124575035,-2.424014130,0.000294895,0.002160084,-0.573407258,0.750028728,-0.557333696,-450.000000000,64.501718150,0.050759739,0.000000000,-9.502713968,115.015011916,-114.736345068,109.984988084,-110.263654932,-32.250859075,-32.250859075
1786021479.365751266,102.450483068,0.000000000,TARGET_UPDATED,0,0.050044486,0.500000000,-85.500000000,0.450876454,0.471048852,-82.548531078,-0.049124153,0.028951148,-2.951468922,0.500000607,-0.121199569,-2.997485488,0.750261808,-0.124137794,-2.424010070,0.000248678,0.002938224,-0.573475418,0.750013129,-0.503713043,-450.000000000,64.500607360,0.050686746,-0.000956289,-9.492384781,114.999024456,-114.747167935,110.000975544,-110.252832065,-32.250303680,-32.250303680
1786021479.415590048,102.500321823,0.000000000,NONE,0,0.049876454,0.500000000,-85.500000000,0.450876454,0.471005184,-82.669889192,-0.049124870,0.028994816,-2.830110808,0.500001323,-0.119580728,-2.997567741,0.750194016,-0.123421813,-2.424004853,0.000195358,0.003841085,-0.573562888,0.749998658,-0.428298250,-450.000000000,64.499615929,0.050589388,-0.001927217,-9.479933312,114.977057891,-114.762908766,110.022942109,-110.237091234,-32.249807965,-32.249807965
1786021479.465579033,102.550310721,0.000000000,NONE,0,0.050026209,0.500000000,-85.500000000,0.450876454,0.470991161,-82.791244936,-0.049125516,0.029008839,-2.708755064,0.500001970,-0.117893708,-2.997650229,0.750132393,-0.122522388,-2.423998712,0.000147879,0.004628680,-0.573651518,0.749984514,-0.364173614,-450.000000000,64.498633275,0.050501152,0.000000000,-9.497199418,114.965343258,-114.783256451,110.034656742,-110.216743549,-32.249316638,-32.249316638
1786021479.515563965,102.600295677,0.000000000,NONE,0,0.049982678,0.500000000,-85.500000000,0.450876454,0.471017386,-82.912597833,-0.049126077,0.028982614,-2.587402167,0.500002531,-0.116146058,-2.997732534,0.750076959,-0.121459789,-2.423992521,0.000105788,0.005313731,-0.573740013,0.749971172,-0.305463628,-450.000000000,64.497715058,0.050424744,-0.001557072,-9.480556776,114.946505101,-114.793773287,110.053494899,-110.206226713,-32.248857529,-32.248857529
1786021479.565632820,102.650364446,0.000000000,TARGET_UPDATED,0,0.050085321,0.500000000,-86.500000000,0.450873923,0.471091900,-83.033947553,-0.049126554,0.028908100,-3.466052447,0.500000477,-0.124446506,-2.997406432,0.750045878,-0.120261681,-2.423986922,0.000069882,-0.004184825,-0.573419510,0.749975996,-1.174101688,-450.000000000,64.498416016,0.050353977,-0.001250498,-9.483005095,115.164276696,-114.577225852,109.835723304,-110.422774148,-32.249208008,-32.249208008
1786021479.615545750,102.700277610,0.000000000,NONE,0,0.049913743,0.500000000,-86.500000000,0.450873923,0.471159757,-83.155296968,-0.049126944,0.028840243,-3.344703032,0.500000867,-0.123391162,-2.997463182,0.749994029,-0.121480535,-2.423981302,0.000036150,-0.001910626,-0.573481881,0.749957879,-0.790010121,-450.000000000,64.496688589,0.050302682,0.000000000,-9.496428128,115.071609562,-114.676604502,109.928390438,-110.323395498,-32.248344295,-32.248344295
1786021479.665563583,102.750295244,0.000000000,NONE,0,0.050002944,0.500000000,-86.500000000,0.450873923,0.471153250,-83.276649540,-0.049127291,0.028846750,-3.223350460,0.500001214,-0.122271072,-2.997522406,0.749941293,-0.122343147,-2.423975319,-0.000003087,0.000072075,-0.573547087,0.749944380,-0.663830632,-450.000000000,64.495836599,0.050261002,0.000000000,-9.498120053,115.040487671,-114.708572355,109.959512329,-110.291427645,-32.247918299,-32.247918299
1786021479.715647936,102.800379727,0.000000000,NONE,0,0.049990922,0.500000000,-86.500000000,0.450873923,0.471122701,-83.398002812,-0.049127691,0.028877299,-3.101997188,0.500001615,-0.121055111,-2.997584394,0.749891387,-0.122523175,-2.423970967,-0.000042819,0.001468064,-0.573613427,0.749934205,-0.577646968,-450.000000000,64.495190861,0.050215441,0.000000000,-9.499495838,115.019285701,-114.730462217,109.980714299,-110.269537783,-32.247595430,-32.247595430
1786021479.765644073,102.850375702,0.000000000,TARGET_UPDATED,0,0.050106827,0.500000000,-86.500000000,0.450872309,0.471088240,-83.519355791,-0.049128139,0.028911760,-2.980644209,0.500000447,-0.119734621,-2.997649126,0.749842878,-0.122354340,-2.423967480,-0.000079801,0.002619719,-0.573681647,0.749922678,-0.498254804,-450.000000000,64.494357435,0.050163517,0.000000000,-9.500368975,114.999655945,-114.750528543,110.000344055,-110.249471457,-32.247178717,-32.247178717
1786021479.815587282,102.900319015,0.000000000,NONE,0,0.049930134,0.500000000,-86.500000000,0.450872309,0.471064694,-83.640707726,-0.049128610,0.028935306,-2.859292274,0.500000919,-0.118301316,-2.997716461,0.749801896,-0.121882810,-2.423964635,-0.000113127,0.003581494,-0.573751826,0.749915023,-0.427904873,-450.000000000,64.493898291,0.050103414,0.000000000,-9.500564122,114.982117249,-114.768164812,110.017882751,-110.231835188,-32.246949146,-32.246949146
1786021479.865565538,102.950297192,0.000000000,NONE,0,0.049969974,0.500000000,-86.500000000,0.450872309,0.471064690,-83.762057960,-0.049129071,0.028935310,-2.737942040,0.500001379,-0.116748818,-2.997786205,0.749767089,-0.121155210,-2.423962335,-0.000140240,0.004406392,-0.573823870,0.749907328,-0.363647383,-450.000000000,64.493358983,0.050034209,0.000000000,-9.500028141,114.965918881,-114.784095189,110.034081119,-110.215904811,-32.246679492,-32.246679492
1786021479.915698290,103.000429915,0.000000000,NONE,0,0.050121182,0.500000000,-86.500000000,0.450872309,0.471098761,-83.883405940,-0.049129444,0.028901239,-2.616594060,0.500001753,-0.115072887,-2.997858094,0.749739303,-0.120208811,-2.423960490,-0.000160359,0.005135924,-0.573897603,0.749899663,-0.303165415,-450.000000000,64.492823444,0.049956045,0.000000000,-9.498782702,114.950487029,-114.798904322,110.049512971,-110.201095678,-32.246411722,-32.246411722
1786021479.965771914,103.050503798,0.000000000,TARGET_UPDATED,0,0.050093868,0.500000000,-87.500000000,0.450870556,0.471175846,-84.004751194,-0.049129700,0.028824154,-3.495248806,0.500000256,-0.123177367,-2.997535644,0.749738605,-0.119075158,-2.423959020,-0.000173502,-0.004102210,-0.573576623,0.749912107,-1.148639843,-450.000000000,64.494095916,0.049870163,-0.000533819,-9.491570344,115.160052547,-114.585732625,109.839947453,-110.414267375,-32.247047958,-32.247047958
1786021480.015611649,103.100343312,0.000000000,NONE,0,0.049828010,0.500000000,-87.500000000,0.450870556,0.471243663,-84.126096339,-0.049129814,0.028756337,-3.373903661,0.500000370,-0.122065128,-2.997586731,0.749716430,-0.120221795,-2.423958053,-0.000182490,-0.001843333,-0.573628678,0.749898920,-0.770391018,-450.000000000,64.492659734,0.049781866,0.000000000,-9.494805792,115.066299202,-114.681103694,109.933700798,-110.318896306,-32.246329867,-32.246329867
1786021480.065556049,103.150287509,0.000000000,NONE,0,0.049956869,0.500000000,-87.500000000,0.450870556,0.471238422,-84.247444504,-0.049129830,0.028761578,-3.252555496,0.500000386,-0.120868084,-2.997640422,0.749695722,-0.120951445,-2.423956071,-0.000195870,0.000083361,-0.573684351,0.749891592,-0.647681187,-450.000000000,64.492264719,0.049695903,0.000000000,-9.492894060,115.035143812,-114.711303218,109.964856188,-110.288696782,-32.246132359,-32.246132359
1786021480.115530968,103.200262783,0.000000000,NONE,0,0.049975260,0.500000000,-87.500000000,0.450870556,0.471209441,-84.368793259,-0.049129879,0.028790559,-3.131206741,0.500000435,-0.119590896,-2.997695638,0.749679837,-0.121030592,-2.423954847,-0.000208669,0.001439696,-0.573740791,0.749888506,-0.563041596,-450.000000000,64.492133637,0.049610608,0.000000000,-9.491029125,115.013517680,-114.731996882,109.986482320,-110.268003118,-32.246066818,-32.246066818
1786021480.165604591,103.250336225,0.000000000,TARGET_UPDATED,0,0.050094547,0.500000000,-87.500000000,0.450870121,0.471176982,-84.490141590,-0.049129974,0.028823018,-3.009858410,0.500000095,-0.118239635,-2.997751706,0.749669467,-0.120774007,-2.423953559,-0.000217212,0.002534372,-0.573798147,0.749886679,-0.487254685,-450.000000000,64.492031112,0.049528249,0.000000000,-9.489402555,114.994164310,-114.750536967,110.005835690,-110.249463033,-32.246015556,-32.246015556
1786021480.215606928,103.300338582,0.000000000,NONE,0,0.049943519,0.500000000,-87.500000000,0.450870121,0.471155698,-84.611488883,-0.049130083,0.028844302,-2.888511117,0.500000204,-0.116821223,-2.997808330,0.749665576,-0.120256118,-2.423953385,-0.000220843,0.003434895,-0.573854946,0.749886418,-0.421053713,-450.000000000,64.492044032,0.049452032,0.000000000,-9.488244824,114.977324634,-114.766797778,110.022675366,-110.233202222,-32.246022016,-32.246022016
1786021480.265586615,103.350318273,0.000000000,NONE,0,0.050006232,0.500000000,-87.500000000,0.450870121,0.471159172,-84.732834508,-0.049130156,0.028840828,-2.767165492,0.500000277,-0.115340472,-2.997864950,0.749668554,-0.119503505,-2.423953201,-0.000217981,0.004163032,-0.573911748,0.749886534,-0.364331797,-450.000000000,64.492059728,0.049384377,0.000000000,-9.487771451,114.963025812,-114.780859914,110.036974188,-110.219140086,-32.246029864,-32.246029864
1786021480.315563679,103.400295518,0.000000000,NONE,0,0.049983469,0.500000000,-87.500000000,0.450870121,0.471197521,-84.854178032,-0.049130145,0.028802479,-2.645821968,0.500000266,-0.113797033,-2.997921459,0.749678437,-0.118591525,-2.423953271,-0.000208626,0.004794492,-0.573968188,0.749887063,-0.311380861,-450.000000000,64.492104986,0.049326539,0.000000000,-9.488075475,114.949864084,-114.794173653,110.050135916,-110.205826347,-32.246052493,-32.246052493
1786021480.365645647,103.450377244,0.000000000,TARGET_UPDATED,0,0.050056757,0.500000000,-88.500000000,0.450869855,0.471278950,-84.975519130,-0.049130036,0.028721050,-3.524480870,0.499999891,-0.121861343,-2.997595282,0.749714673,-0.117549439,-2.423953755,-0.000192718,-0.004311904,-0.573641527,0.749907391,-1.143085572,-450.000000000,64.493923436,0.049278655,0.000000000,-9.489178230,115.158065950,-114.586523165,109.841934050,-110.413476835,-32.246961718,-32.246961718
1786021480.415578842,103.500310601,0.000000000,NONE,0,0.049964382,0.500000000,-88.500000000,0.450869855,0.471337856,-85.096861146,-0.049129784,0.028662144,-3.403138854,0.499999638,-0.120943740,-2.997629711,0.749725224,-0.119074165,-2.423954959,-0.000175256,-0.001869575,-0.573674752,0.749900480,-0.755161288,-450.000000000,64.492895310,0.049239641,0.000000000,-9.490977549,115.061534709,-114.683954065,109.938465291,-110.316045935,-32.246447655,-32.246447655
1786021480.465537548,103.550269287,0.000000000,NONE,0,0.049975326,0.500000000,-88.500000000,0.450869855,0.471335816,-85.193937041,-0.049129515,0.028664184,-3.306062959,0.499999370,-0.120161334,-2.997658623,0.749735030,-0.119611695,-2.423955362,-0.000166144,-0.000549639,-0.573703261,0.749901175,-0.689449475,-450.000000000,64.493096126,0.049213296,0.000000000,-9.493788862,115.045809584,-114.701084847,109.954190416,-110.298915153,-32.246548063,-32.246548063
1786021480.515563726,103.600295450,0.000000000,NONE,0,0.049986091,0.500000000,-88.500000000,0.450869855,0.471312830,-85.315282804,-0.049129237,0.028687170,-3.184717196,0.499999091,-0.119123120,-2.997696490,0.749748883,-0.119900139,-2.423956782,-0.000155966,0.000777019,-0.573739708,0.749904849,-0.597850683,-450.000000000,64.493412937,0.049183674,0.000000000,-9.496336055,115.023546685,-114.724621343,109.976453315,-110.275378657,-32.246706468,-32.246706468
1786021480.565699577,103.650431234,0.000000000,TARGET_UPDATED,0,0.050153896,0.500000000,-88.500000000,0.450870763,0.471281396,-85.436628898,-0.049129041,0.028718604,-3.063371102,0.499999804,-0.118003482,-2.997736523,0.749766948,-0.119855916,-2.423958848,-0.000144582,0.001852434,-0.573777675,0.749911530,-0.525712248,-450.000000000,64.493940298,0.049153825,-0.000434126,-9.494537427,115.005062419,-114.742206295,109.994937581,-110.257793705,-32.246970149,-32.246970149
1786021480.615538836,103.700270716,0.000000000,NONE,0,0.049854704,0.500000000,-88.500000000,0.450870763,0.471257923,-85.557974534,-0.049128887,0.028742077,-2.942025466,0.499999650,-0.116795049,-2.997778663,0.749787447,-0.119507815,-2.423961430,-0.000129425,0.002712766,-0.573817233,0.749916872,-0.464674743,-450.000000000,64.494288205,0.049122051,0.000000000,-9.501234653,114.991477349,-114.759139977,110.008522651,-110.240860023,-32.247144102,-32.247144102
1786021480.665535688,103.750267304,0.000000000,NONE,0,0.049998576,0.500000000,-88.500000000,0.450870763,0.471255371,-85.679319087,-0.049128706,0.028744629,-2.820680913,0.499999469,-0.115491014,-2.997822944,0.749812127,-0.118914368,-2.423964480,-0.000110121,0.003423354,-0.573858464,0.749922248,-0.410548405,-450.000000000,64.494664859,0.049086739,0.000000000,-9.503318234,114.978466660,-114.773192457,110.021533340,-110.226807543,-32.247332429,-32.247332429
1786021480.715536833,103.800268596,0.000000000,NONE,0,0.049987417,0.500000000,-88.500000000,0.450870763,0.471284353,-85.800662026,-0.049128469,0.028715647,-2.699337974,0.499999233,-0.114064365,-2.997870114,0.749841567,-0.118097509,-2.423968328,-0.000086445,0.004033144,-0.573901785,0.749928013,-0.360250667,-450.000000000,64.495076200,0.049040254,0.000000000,-9.504502243,114.966188227,-114.786062894,110.033811773,-110.213937106,-32.247538100,-32.247538100
1786021480.765681267,103.850412875,0.000000000,NONE,0,0.050011236,0.500000000,-88.500000000,0.450870763,0.471353757,-85.922002876,-0.049128166,0.028646243,-2.577997124,0.499998930,-0.112501575,-2.997920351,0.749876363,-0.117080401,-2.423972745,-0.000058001,0.004578826,-0.573947606,0.749934364,-0.311791993,-450.000000000,64.495532448,0.048979774,0.000000000,-9.504562879,114.954088718,-114.798192722,110.045911282,-110.201807278,-32.247766224,-32.247766224
1786021480.815610647,103.900342174,0.000000000,TARGET_UPDATED,0,0.050076927,0.500000000,-89.500000000,0.450870763,0.471471187,-86.043341207,-0.049127802,0.028528813,-3.456658793,0.499998565,-0.120862875,-2.997581026,0.749931282,-0.115882638,-2.423977560,-0.000024451,-0.004980237,-0.573603466,0.749955733,-1.180341228,-450.000000000,64.497328041,0.048904064,0.000000000,-9.503404008,115.170936309,-114.580765695,109.829063691,-110.419234305,-32.248664020,-32.248664020
1786021480.865563154,103.950294870,0.000000000,NONE,0,0.049939836,0.500000000,-89.500000000,0.450870763,0.471590475,-86.164679233,-0.049127361,0.028409525,-3.335320767,0.499998124,-0.119820928,-2.997613599,0.749967622,-0.116802730,-2.423983078,0.000010390,-0.003018198,-0.573630522,0.749957232,-0.820555343,-450.000000000,64.497036259,0.048813616,-0.001918222,-9.481861433,115.075604194,-114.665326522,109.924395806,-110.334673478,-32.248518130,-32.248518130
1786021480.915614605,104.000346263,0.000000000,NONE,0,0.049980827,0.500000000,-89.500000000,0.450870763,0.471634091,-86.286020625,-0.049126853,0.028365909,-3.213979375,0.499997617,-0.118673774,-2.997650272,0.750002679,-0.117628823,-2.423986881,0.000040069,-0.001044951,-0.573663391,0.749962610,-0.688943249,-450.000000000,64.497490281,0.048720311,-0.001724144,-9.481207981,115.042537807,-114.698066183,109.957462193,-110.301933817,-32.248745140,-32.248745140
1786021480.965499401,104.050231096,0.000000000,NONE,0,0.049953754,0.500000000,-89.500000000,0.450870763,0.471652134,-86.407362925,-0.049126402,0.028347866,-3.092637075,0.499997166,-0.117499341,-2.997686901,0.750040514,-0.117736101,-2.423989639,0.000068925,0.000236760,-0.573697262,0.749971588,-0.612625041,-450.000000000,64.498190934,0.048645972,-0.001325515,-9.484107263,115.024183076,-114.717870555,109.975816924,-110.282129445,-32.249095467,-32.249095467
1786021481.015484095,104.100215852,0.000000000,NONE,0,0.049991915,0.500000000,-89.500000000,0.450870763,0.471666945,-86.528705136,-0.049126024,0.028333055,-2.971294864,0.499996787,-0.116297917,-2.997723515,0.750080856,-0.117540481,-2.423992324,0.000099365,0.001242564,-0.573731192,0.749981491,-0.544384806,-450.000000000,64.498902452,0.048590192,-0.000988643,-9.487871822,115.008064157,-114.735871754,109.991935843,-110.264128246,-32.249451226,-32.249451226
1786021481.065513611,104.150245414,0.000000000,NONE,0,0.050013003,0.500000000,-89.500000000,0.450870763,0.471692799,-86.650046671,-0.049125678,0.028307201,-2.849953329,0.499996442,-0.115052559,-2.997760713,0.750123729,-0.117110737,-2.423995434,0.000132435,0.002058178,-0.573765279,0.749991294,-0.485463508,-450.000000000,64.499586587,0.048548128,-0.000384964,-9.495399554,114.995215766,-114.752484012,110.004784234,-110.247515988,-32.249793293,-32.249793293
1786021481.115513086,104.200244652,0.000000000,NONE,0,0.049988687,0.500000000,-89.500000000,0.450870763,0.471741851,-86.771387033,-0.049125319,0.028258149,-2.728612967,0.499996083,-0.113737153,-2.997799425,0.750169084,-0.116471892,-2.423999266,0.000168370,0.002734739,-0.573800158,0.750000714,-0.433218547,-450.000000000,64.500238458,0.048511995,0.000000000,-9.501208670,114.983606804,-114.766997531,110.016393196,-110.233002469,-32.250119229,-32.250119229
1786021481.165547609,104.250279059,0.000000000,TARGET_UPDATED,0,0.050067323,0.500000000,-89.500000000,0.450874681,0.471824210,-86.892725777,-0.049124914,0.028175790,-2.607274223,0.499999595,-0.112316044,-2.997840846,0.750222937,-0.115636271,-2.424004008,0.000207118,0.003320227,-0.573836838,0.750015819,-0.384521657,-450.000000000,64.501409042,0.048471357,0.000000000,-9.502811312,114.971833242,-114.779572414,110.028166758,-110.220427586,-32.250704521,-32.250704521
1786021481.215543032,104.300274598,0.000000000,TARGET_UPDATED,0,0.050001198,0.500000000,-90.500000000,0.450874681,0.471919807,-86.989795328,-0.049124523,0.028080193,-3.510204672,0.499999204,-0.120637742,-2.997505234,0.750271364,-0.114828631,-2.424008298,0.000241682,-0.005809111,-0.573496936,0.750029681,-1.219181641,-450.000000000,64.502354931,0.048431021,0.000000000,-9.504427647,115.180902322,-114.571311501,109.819097678,-110.428688499,-32.251177466,-32.251177466
1786021481.265521765,104.350253416,0.000000000,NONE,0,0.049980947,0.500000000,-90.500000000,0.450874681,0.472025492,-87.111132918,-0.049123886,0.027974508,-3.388867082,0.499998567,-0.119728309,-2.997531082,0.750312816,-0.116010189,-2.424014427,0.000280317,-0.003718120,-0.573516655,0.750032499,-0.858968959,-450.000000000,64.502331326,0.048368262,-0.001376493,-9.490476956,115.087361479,-114.657876999,109.912638521,-110.342123001,-32.251165663,-32.251165663
