wall_time_unix_sec,elapsed_sec,ros_time_sec,event,logger_queue_overflow,control_dt_sec,target_position_x,target_position_y,target_position_z,current_position_x,current_position_y,current_position_z,position_error_x,position_error_y,position_error_z,target_velocity_x,target_velocity_y,target_velocity_z,current_velocity_x,current_velocity_y,current_velocity_z,velocity_error_x,velocity_error_y,velocity_error_z,body_command_x,body_command_y,body_command_z,yaw,yaw_rate,yaw_command,motor1_command,motor2_command,motor3_command,motor4_command,motor5_command,motor6_command
1786168419.490675211,41.850660738,0.000000000,TARGET_UPDATED,0,0.050000000,0.000000000,2.999999951,0.000000000,0.000193115,-0.000000000,-0.090941572,-0.000193115,2.999999951,0.090941572,-0.000192991,2.999999994,0.136412358,0.000001021,-0.000000000,0.000501463,-0.000194012,2.999999994,0.135910895,-0.011647337,450.000000000,20.517160435,0.000000000,0.000000000,0.000000000,-112.497088166,112.502911834,-112.502911834,112.497088166,-10.258580217,-10.258580217
1786168419.540628910,41.900614709,0.000000000,NONE,0,0.049921564,0.000000000,2.999999951,0.000000000,0.000219494,0.034061119,-0.088464849,-0.000219494,2.965938831,0.088464849,-0.019208144,3.002362426,0.055312527,-0.004785988,1.236143745,0.066218140,-0.014422156,1.766218681,-0.010905612,-1.168304778,450.000000000,7.298789036,-0.006326794,-0.234010650,2.846881687,-112.919644227,113.503796616,-112.080355773,111.496203384,-3.649394518,-3.649394518
1786168419.590655327,41.950640925,0.000000000,NONE,0,0.050012210,0.000000000,2.999999951,0.000000000,0.000460597,0.122622521,-0.082317166,-0.000460597,2.877377429,0.082317166,-0.068521926,3.001231505,-0.056217965,-0.035643512,2.036270860,0.014895732,-0.032878415,0.964960645,-0.071113697,-2.566910531,450.000000000,4.819520740,-0.022688191,-0.374186884,5.559825171,-113.248228660,114.531683926,-111.751771340,110.468316074,-2.409760370,-2.409760370
1786168419.640670538,42.000656124,0.000000000,NONE,0,0.050011438,0.000000000,2.999999951,0.000000000,0.000765553,0.210735004,-0.077557700,-0.000765553,2.789264946,0.077557700,-0.115695432,2.997686698,-0.118419670,-0.075818076,2.277179509,-0.068585707,-0.039877356,0.720507189,-0.049833963,-3.173314436,450.000000000,7.937221096,-0.038315398,-0.392182236,6.993787672,-113.455118309,115.041775527,-111.544881691,109.958224473,-3.968610548,-3.968610548
1786168419.690793514,42.050779165,0.000000000,TARGET_UPDATED,0,0.050159044,0.000000000,3.999999951,0.000000000,0.001023029,0.328313180,-0.074117950,-0.001023029,3.671686771,0.074117950,-0.173474145,2.992505591,-0.164855446,-0.130186081,2.375256183,-0.174122255,-0.043288064,0.617249407,0.009266809,-4.104128860,450.000000000,12.827277689,-0.057601878,-0.372943256,8.350094826,-113.561491491,115.613555922,-111.438508509,109.386444078,-6.413638845,-6.413638845
1786168419.740670204,42.100655793,0.000000000,NONE,0,0.049838474,0.000000000,3.999999951,0.000000000,0.000961306,0.448758961,-0.073639978,-0.000961306,3.551240990,0.073639978,-0.225850014,2.987809730,-0.184895093,-0.182568944,2.400806654,-0.245483335,-0.043281070,0.587003075,0.060588242,-5.034381589,450.000000000,16.272775652,-0.075117796,-0.328478878,9.314211982,-113.569957598,116.087148393,-111.430042402,108.912851607,-8.136387826,-8.136387826
1786168419.790671110,42.150656704,0.000000000,NONE,0,0.050003975,0.000000000,3.999999951,0.000000000,0.000466039,0.570234839,-0.074877575,-0.000466039,3.429765112,0.074877575,-0.270100776,2.984219727,-0.184643323,-0.229601811,2.408237533,-0.271957151,-0.040498965,0.575982194,0.087313829,-5.859897625,450.000000000,17.650463634,-0.090066636,-0.274698009,9.981317844,-113.530355055,116.460303867,-111.469644945,108.539696133,-8.825231817,-8.825231817
1786168419.840638161,42.200623901,0.000000000,NONE,0,0.049961431,0.000000000,3.999999951,0.000000000,-0.000496203,0.692161166,-0.076554645,0.000496203,3.307838785,0.076554645,-0.305670092,2.981931124,-0.166850075,-0.269761765,2.411977808,-0.262509146,-0.035908327,0.569953316,0.095659071,-6.526082784,450.000000000,17.869584655,-0.102278035,-0.220402392,10.425493549,-113.474852691,116.737894083,-111.525147309,108.262105917,-8.934792328,-8.934792328
1786168419.890658855,42.250644483,0.000000000,NONE,0,0.050034418,0.000000000,3.999999951,0.000000000,-0.001913628,0.814323790,-0.077936010,0.001913628,3.185676161,0.077936011,-0.332668643,2.980637339,-0.137110096,-0.302612280,2.414996351,-0.231975403,-0.030056363,0.565640988,0.094865307,-6.972787278,450.000000000,17.633496401,-0.111792908,-0.167904673,10.672893175,-113.425026474,116.911420113,-111.574973526,108.088579887,-8.816748200,-8.816748200
1786168419.940705299,42.300690841,0.000000000,NONE,0,0.050051044,0.000000000,3.999999951,0.000000000,-0.003745302,0.936625637,-0.078779506,0.003745302,3.063374314,0.078779506,-0.351514456,2.979921973,-0.102306397,-0.328047741,2.417348743,-0.194158852,-0.023466715,0.562573229,0.091852455,-7.178393896,450.000000000,17.380564210,-0.118748320,-0.118732119,10.749487550,-113.392773414,116.981970362,-111.607226586,108.018029638,-8.690282105,-8.690282105
1786168419.990661621,42.350647188,0.000000000,NONE,0,0.049943679,0.000000000,3.999999951,0.000000000,-0.005929208,1.059014742,-0.079132223,0.005929208,2.940985209,0.079132223,-0.362838983,2.979590378,-0.066920431,-0.346264220,2.419047227,-0.157190983,-0.016574763,0.560543151,0.090270552,-7.144868604,450.000000000,17.300607072,-0.123349166,-0.074021224,10.682767236,-113.384474658,116.956908960,-111.615525342,108.043091040,-8.650303536,-8.650303536
1786168420.040682554,42.400668211,0.000000000,NONE,0,0.049992629,0.000000000,3.999999951,0.000000000,-0.008389971,1.181459608,-0.079155896,0.008389971,2.818540343,0.079155896,-0.367441759,2.979595428,-0.033096322,-0.357710477,2.420302915,-0.124461230,-0.009731281,0.559292513,0.091364908,-6.895956748,450.000000000,17.433059822,-0.125855126,-0.034791477,10.503530260,-113.401893378,116.849871752,-111.598106622,108.150128248,-8.716529911,-8.716529911
1786168420.091059208,42.451044800,0.000000000,TARGET_UPDATED,0,0.050414041,0.000000000,4.999999951,0.000000000,-0.011045515,1.303936301,-0.079021123,0.011045515,3.696063650,0.079021123,-0.369573609,2.979507060,-0.001670270,-0.363055587,2.421310439,-0.096591269,-0.006518022,0.558196620,0.094921000,-6.851431117,450.000000000,17.733026320,-0.126576246,-0.002027160,10.246339139,-113.348727006,116.774442564,-111.651272994,108.225557436,-8.866513160,-8.866513160
1786168420.140669346,42.500655104,0.000000000,NONE,0,0.049602753,0.000000000,4.999999951,0.000000000,-0.013834831,1.426425340,-0.078853789,0.013834831,3.573574611,0.078853789,-0.364878462,2.979953561,0.027033366,-0.364108441,2.422172291,-0.072888367,-0.000770021,0.557781269,0.099921733,-6.289925454,450.000000000,18.115833775,-0.125869400,0.023260155,9.949405258,-113.414869951,116.559832678,-111.585130049,108.440167322,-9.057916887,-9.057916887
1786168420.190649271,42.550634915,0.000000000,NONE,0,0.050005915,0.000000000,4.999999951,0.000000000,-0.016710163,1.548909711,-0.078713394,0.016710163,3.451090240,0.078713394,-0.357042964,2.980547125,0.052912210,-0.361182663,2.422904601,-0.052221334,0.004139699,0.557642524,0.105133544,-5.743092063,450.000000000,18.486697409,-0.124190161,0.038687941,9.673208734,-113.482529168,116.354075199,-111.517470832,108.645924801,-9.243348704,-9.243348704
1786168420.240670919,42.600656620,0.000000000,NONE,0,0.049991227,0.000000000,4.999999951,0.000000000,-0.019591501,1.671371522,-0.078610860,0.019591501,3.328628429,0.078610860,-0.347542691,2.981165621,0.075959647,-0.355501005,2.423497136,-0.033861845,0.007958314,0.557668485,0.109821492,-5.216252755,450.000000000,18.807150369,-0.122022605,0.044971176,9.449172038,-113.558229821,116.166356198,-111.441770179,108.833643802,-9.403575185,-9.403575185
1786168420.290726900,42.650712508,0.000000000,NONE,0,0.049997452,0.000000000,4.999999951,0.000000000,-0.022415657,1.793800500,-0.078531124,0.022415657,3.206199450,0.078531124,-0.337610413,2.981720087,0.096127991,-0.348368124,2.423955947,-0.017450986,0.010757712,0.557764140,0.113578977,-4.743781137,450.000000000,19.054391767,-0.119771990,0.043884517,9.291966019,-113.637046220,116.008936789,-111.362953780,108.991063211,-9.527195884,-9.527195884
1786168420.340623379,42.700608854,0.000000000,NONE,0,0.049985073,0.000000000,4.999999951,0.000000000,-0.025130548,1.916192816,-0.078448543,0.025130548,3.083807135,0.078448543,-0.328180965,2.982161452,0.113389693,-0.340779808,2.424297187,-0.002908575,0.012598843,0.557864265,0.116298268,-4.352666106,450.000000000,19.226897240,-0.117744909,0.037658136,9.203834322,-113.712792054,115.889125107,-111.287207946,109.110874893,-9.613448620,-9.613448620
1786168420.390661955,42.750646923,0.000000000,NONE,0,0.049997366,0.000000000,4.999999951,0.000000000,-0.027697440,2.038550121,-0.078346289,0.027697440,2.961449830,0.078346289,-0.319811979,2.982484997,0.127727669,-0.333490888,2.424550018,0.009482523,0.013678908,0.557934979,0.118245145,-4.044049201,450.000000000,19.350672204,-0.116123792,0.028668465,9.175653470,-113.782901067,115.804925668,-111.217098933,109.195074332,-9.675336102,-9.675336102
1786168420.440683603,42.800669213,0.000000000,NONE,0,0.050006200,0.000000000,4.999999951,0.000000000,-0.030090505,2.160876597,-0.078228509,0.030090505,2.839123354,0.078228510,-0.312740218,2.982715861,0.139172457,-0.326950777,2.424734545,0.019289813,0.014210559,0.557981316,0.119882645,-3.809372173,450.000000000,19.462100914,-0.114986218,0.018825582,9.194576371,-113.846301049,115.750987136,-111.153698951,109.249012864,-9.731050457,-9.731050457
1786168420.490726948,42.850712420,0.000000000,TARGET_UPDATED,0,0.050115170,0.000000000,5.999999951,0.000000000,-0.032293992,2.283178123,-0.078115377,0.032293992,3.716821828,0.078115378,-0.316494810,2.981901713,0.147725209,-0.321348549,2.424881283,0.026319928,0.004853740,0.557020430,0.121405281,-4.680699994,450.000000000,19.569364369,-0.114328857,0.009503124,9.246671281,-113.641492822,115.981842819,-111.358507178,109.018157181,-9.784682184,-9.784682184
1786168420.540654182,42.900639626,0.000000000,NONE,0,0.049894399,0.000000000,5.999999951,0.000000000,-0.034370180,2.405467044,-0.078027575,0.034370180,3.594532907,0.078027575,-0.313195214,2.981954970,0.153466593,-0.319492086,2.424987144,0.030667915,0.006296872,0.556967826,0.122798678,-4.279208723,450.000000000,19.667509823,-0.114095669,0.001651183,9.317921131,-113.759678102,115.899282464,-111.240321898,109.100717536,-9.833754911,-9.833754911
1786168420.590676785,42.950662265,0.000000000,NONE,0,0.050004450,0.000000000,5.999999951,0.000000000,-0.036393254,2.527754995,-0.077976464,0.036393254,3.472244956,0.077976464,-0.310735325,2.982057760,0.156383546,-0.318121312,2.425054810,0.032552144,0.007385987,0.557002950,0.123831402,-4.147604064,450.000000000,19.735622302,-0.114194347,-0.004151466,9.395262369,-113.811914576,115.885716608,-111.188085424,109.114283392,-9.867811151,-9.867811151
1786168420.641265154,43.001250615,0.000000000,NONE,0,0.049996865,0.000000000,5.999999951,0.000000000,-0.038320105,2.650037915,-0.077961964,0.038320105,3.349962036,0.077961964,-0.308801643,2.982251918,0.156495040,-0.316806208,2.425079739,0.032194944,0.008004565,0.557172178,0.124300096,-4.062548137,450.000000000,19.760260029,-0.114512774,-0.007639675,9.467069110,-113.851130243,115.882404312,-111.148869757,109.117595688,-9.880130014,-9.880130014
1786168420.690655708,43.050641331,0.000000000,NONE,0,0.049985224,0.000000000,5.999999951,0.000000000,-0.040138829,2.772313077,-0.077976555,0.040138829,3.227686874,0.077976555,-0.307052179,2.982569725,0.153875166,-0.315599265,2.425049542,0.029757475,0.008547086,0.557520183,0.124117691,-3.979904823,450.000000000,19.737570068,-0.114936772,-0.008906037,9.525142896,-113.886309518,115.876261930,-111.113690482,109.123738070,-9.868785034,-9.868785034
1786168420.740623474,43.100608841,0.000000000,NONE,0,0.049995238,0.000000000,5.999999951,0.000000000,-0.041843339,2.894576295,-0.078010763,0.041843339,3.105423655,0.078010763,-0.305182707,2.983016931,0.148883459,-0.314305863,2.424953066,0.025516944,0.009123156,0.558063864,0.123366515,-3.889843448,450.000000000,19.676695841,-0.115366424,-0.008332776,9.565317990,-113.918868635,115.863790360,-111.081131365,109.136209640,-9.838347921,-9.838347921
1786168420.790590525,43.150576022,0.000000000,NONE,0,0.049992956,0.000000000,5.999999951,0.000000000,-0.043428530,3.016822687,-0.078057282,0.043428530,2.983177263,0.078057282,-0.302958734,2.983575282,0.142139570,-0.312746061,2.424797348,0.019912920,0.009787327,0.558777934,0.122226649,-3.783466204,450.000000000,19.592184884,-0.115725733,-0.006451230,9.586818147,-113.950837986,115.842571088,-111.049162014,109.157428912,-9.796092442,-9.796092442
1786168420.840664625,43.200650098,0.000000000,NONE,0,0.050015025,0.000000000,5.999999951,0.000000000,-0.044888889,3.139047703,-0.078111951,0.044888889,2.860952247,0.078111951,-0.300229687,2.984214042,0.134376379,-0.310782777,2.424600065,0.013484540,0.010553091,0.559613976,0.120891839,-3.656703741,450.000000000,19.497883708,-0.115967153,-0.003811777,9.591337417,-113.983658419,115.812010290,-111.016341581,109.187989710,-9.748941854,-9.748941854
1786168420.890846491,43.250832045,0.000000000,TARGET_UPDATED,0,0.050210171,0.000000000,6.999999951,0.000000000,-0.046217861,3.261247719,-0.078172866,0.046217861,3.738752232,0.078172866,-0.310391759,2.983530211,0.126309849,-0.308337744,2.424382755,0.006776522,-0.002054016,0.559147457,0.119533328,-4.975592511,450.000000000,19.405420507,-0.116069629,-0.000951531,9.582588803,-113.651749073,116.139545328,-111.348250927,108.860454672,-9.702710253,-9.702710253
1786168420.940709829,43.300695503,0.000000000,NONE,0,0.049819573,0.000000000,6.999999951,0.000000000,-0.047524932,3.383433753,-0.078238838,0.047524932,3.616566198,0.078238838,-0.307899409,2.984112289,0.118510599,-0.309715726,2.424163731,0.000282121,0.001816317,0.559948558,0.118228478,-4.341041421,450.000000000,19.317891011,-0.116036228,0.001694355,9.565019608,-113.805994547,115.976515257,-111.194005453,109.023484743,-9.658945505,-9.658945505
1786168420.990694046,43.350679825,0.000000000,NONE,0,0.049996308,0.000000000,6.999999951,0.000000000,-0.048879824,3.505613333,-0.078306378,0.048879824,3.494386618,0.078306378,-0.304869928,2.984700679,0.111413352,-0.309412091,2.423960267,-0.005588764,0.004542163,0.560740412,0.117002116,-4.111986276,450.000000000,19.236633023,-0.115886246,0.003839369,9.543158725,-113.857793112,115.913786250,-111.142206888,109.086213750,-9.618316512,-9.618316512
1786168421.040736914,43.400722567,0.000000000,NONE,0,0.050023214,0.000000000,6.999999951,0.000000000,-0.050208200,3.627777863,-0.078369712,0.050208200,3.372222088,0.078369713,-0.301431137,2.985272701,0.105381431,-0.308028143,2.423781163,-0.010487062,0.006597006,0.561491538,0.115868493,-3.902513256,450.000000000,19.162044564,-0.115648901,0.005334376,9.520791328,-113.904569518,115.855826146,-111.095430482,109.144173854,-9.581022282,-9.581022282
1786168421.090701103,43.450686718,0.000000000,NONE,0,0.050022226,0.000000000,6.999999951,0.000000000,-0.051481108,3.749924653,-0.078422177,0.051481108,3.250075297,0.078422177,-0.297686687,2.985814417,0.100660250,-0.305976352,2.423633899,-0.014202812,0.008289665,0.562180519,0.114863062,-3.700967841,450.000000000,19.097099535,-0.115356158,0.006165815,9.500598188,-113.949907587,115.800391507,-111.050092413,109.199608493,-9.548549768,-9.548549768
1786168421.140684128,43.500669410,0.000000000,NONE,0,0.049937882,0.000000000,6.999999951,0.000000000,-0.052673594,3.872051919,-0.078459326,0.052673594,3.127948032,0.078459326,-0.293741960,2.986314513,0.097426836,-0.303394033,2.423522068,-0.016644563,0.009652073,0.562792445,0.114071399,-3.514243321,450.000000000,19.048778078,-0.115041419,0.006368448,9.484882643,-113.992659831,115.749781491,-111.007340169,109.250218509,-9.524389039,-9.524389039
1786168421.190740585,43.550726190,0.000000000,NONE,0,0.050038837,0.000000000,6.999999951,0.000000000,-0.053764732,3.994158768,-0.078479738,0.053764732,3.005841183,0.078479738,-0.289679185,2.986765518,0.095789440,-0.300434518,2.423448621,-0.017776635,0.010755333,0.563316897,0.113566074,-3.339938813,450.000000000,19.022000989,-0.114731392,0.006079653,9.474450473,-114.033627915,115.703597322,-110.966372085,109.296402678,-9.511000495,-9.511000495
1786168421.240739584,43.600725121,0.000000000,NONE,0,0.049968566,0.000000000,6.999999951,0.000000000,-0.054553257,4.091829459,-0.078484420,0.054553257,2.908170492,0.078484421,-0.286382378,2.987087683,0.095665381,-0.297848942,2.423418585,-0.017734327,0.011466564,0.563669099,0.113399708,-3.214194751,450.000000000,19.019957837,-0.114499877,0.005600610,9.472162467,-114.064491929,115.671589304,-110.935508071,109.328410696,-9.509978918,-9.509978918
1786168421.290649652,43.650635313,0.000000000,NONE,0,0.049980620,0.000000000,6.999999951,0.000000000,-0.055423858,4.213900016,-0.078477365,0.055423858,2.786099935,0.078477366,-0.282222276,2.987440773,0.096980828,-0.294579239,2.423419644,-0.016502163,0.012356962,0.564021129,0.113482991,-3.044038563,450.000000000,19.033619283,-0.114239564,0.004926485,9.469498192,-114.106364907,115.628384189,-110.893635093,109.371615811,-9.516809641,-9.516809641
1786168421.340730429,43.700716073,0.000000000,TARGET_UPDATED,0,0.050110503,0.000000000,7.999999951,0.000000000,-0.056157916,4.335952073,-0.078458706,0.056157916,3.664047878,0.078458707,-0.295191384,2.986091550,0.099848780,-0.291161464,2.423465351,-0.014109941,-0.004029920,0.562626199,0.113958720,-4.729417475,450.000000000,19.077602938,-0.114014264,0.004193422,9.470231473,-113.685203500,116.049912237,-111.314796500,108.950087763,-9.538801469,-9.538801469
1786168421.390657187,43.750642897,0.000000000,NONE,0,0.049895192,0.000000000,7.999999951,0.000000000,-0.056846435,4.457998484,-0.078431529,0.056846435,3.542001467,0.078431529,-0.292495546,2.986219437,0.103830234,-0.292086882,2.423548813,-0.010757778,-0.000408664,0.562670624,0.114588012,-4.036981888,450.000000000,19.127630674,-0.113825409,0.003466671,9.473749275,-113.859191847,115.877682791,-111.140808153,109.122317209,-9.563815337,-9.563815337
1786168421.440654755,43.800640486,0.000000000,NONE,0,0.049995272,0.000000000,7.999999951,0.000000000,-0.057638506,4.580058617,-0.078397138,0.057638506,3.419941334,0.078397139,-0.289677256,2.986324345,0.108548350,-0.292884442,2.423662994,-0.006803640,0.003207187,0.562661351,0.115351990,-3.741934161,450.000000000,19.186661447,-0.113669980,0.002835057,9.478996968,-113.934265702,115.805232782,-111.065734298,109.194767218,-9.593330724,-9.593330724
1786168421.490694284,43.850680003,0.000000000,NONE,0,0.050058878,0.000000000,7.999999951,0.000000000,-0.058436782,4.702123139,-0.078356704,0.058436782,3.297876812,0.078356704,-0.286771052,2.986414659,0.113597259,-0.292251307,2.423794121,-0.002580673,0.005480255,0.562620538,0.116177932,-3.552411044,450.000000000,19.248603674,-0.113542189,0.002355899,9.484932875,-113.983130458,115.759335980,-111.016869542,109.240664020,-9.624301837,-9.624301837
1786168421.540663004,43.900648561,0.000000000,NONE,0,0.049938611,0.000000000,7.999999951,0.000000000,-0.059194608,4.824187984,-0.078311599,0.059194608,3.175811966,0.078311600,-0.283769523,2.986504617,0.118590136,-0.290929244,2.423932156,0.001589879,0.007159721,0.562572461,0.117000257,-3.381548323,450.000000000,19.309055117,-0.113433979,0.002053740,9.490627114,-114.027269698,115.718043859,-110.972730302,109.281956141,-9.654527559,-9.654527559
1786168421.590641975,43.950627528,0.000000000,NONE,0,0.049991730,0.000000000,7.999999951,0.000000000,-0.059882933,4.946250498,-0.078264178,0.059882933,3.053749453,0.078264179,-0.280650729,2.986610285,0.123191137,-0.289103454,2.424068116,0.005404550,0.008452726,0.562542169,0.117786587,-3.227548728,450.000000000,19.366304846,-0.113336606,0.001924784,9.495458618,-114.066977473,115.680751836,-110.933022527,109.319248164,-9.683152423,-9.683152423
1786168421.640657663,44.000643207,0.000000000,NONE,0,0.050014805,0.000000000,7.999999951,0.000000000,-0.060478527,5.068308052,-0.078218350,0.060478527,2.931691899,0.078218350,-0.277390592,2.986747005,0.127131967,-0.286859323,2.424194263,0.008611510,0.009468731,0.562552742,0.118520457,-3.085113988,450.000000000,19.419583484,-0.113241915,0.001944567,9.499013078,-114.103474772,115.646031767,-110.896525228,109.353968233,-9.709791742,-9.709791742
1786168421.691596746,44.051582456,0.000000000,NONE,0,0.050865631,0.000000000,7.999999951,0.000000000,-0.060962532,5.190357907,-0.078178304,0.060962532,2.809642044,0.078178305,-0.273965910,2.986928077,0.130211361,-0.284256090,2.424303984,0.011048953,0.010290180,0.562624093,0.119162407,-2.949653839,450.000000000,19.465498124,-0.113143131,0.002077347,9.501292795,-114.137909739,115.612736658,-110.862090261,109.387263342,-9.732749062,-9.732749062
1786168421.740800142,44.100785956,0.000000000,TARGET_UPDATED,0,0.049251502,0.000000000,8.999999951,0.000000000,-0.061319371,5.312397163,-0.078147129,0.061319371,3.687602788,0.078147129,-0.288829725,2.985435026,0.132271649,-0.281339559,2.424391655,0.012624622,-0.007490166,0.561043370,0.119647027,-4.792879645,450.000000000,19.499587077,-0.113035411,0.002282399,9.501758960,-113.677219829,116.073659651,-111.322780171,108.926340349,-9.749793538,-9.749793538
1786168421.790608168,44.150593624,0.000000000,NONE,0,0.049865959,0.000000000,8.999999951,0.000000000,-0.061689654,5.434441101,-0.078126163,0.061689654,3.565558850,0.078126163,-0.286557111,2.985609242,0.133250867,-0.283931090,2.424460646,0.013292617,-0.002626021,0.561148596,0.119958250,-3.980161200,450.000000000,19.520765082,-0.112930660,0.002216071,9.505304992,-113.881285948,115.871366548,-111.118714052,109.128633452,-9.760382541,-9.760382541
1786168421.840715408,44.200701164,0.000000000,NONE,0,0.050033270,0.000000000,8.999999951,0.000000000,-0.062070821,5.532085950,-0.078117455,0.062070821,3.467914001,0.078117455,-0.284539837,2.985804691,0.133182915,-0.284555191,2.424481577,0.013117261,0.000015354,0.561323114,0.120065654,-3.811472169,450.000000000,19.527192470,-0.112838034,0.002460288,9.506744021,-113.923817963,115.829554048,-111.076182037,109.170445952,-9.763596235,-9.763596235
1786168421.890687227,44.250672875,0.000000000,NONE,0,0.050040255,0.000000000,8.999999951,0.000000000,-0.062564323,5.654142713,-0.078116824,0.062564323,3.345857238,0.078116824,-0.281806462,2.986112866,0.132079911,-0.284394556,2.424484388,0.012051777,0.002588094,0.561628478,0.120028134,-3.584574013,450.000000000,19.524672779,-0.112707069,0.002802811,9.504121338,-113.979886831,115.772173838,-111.020113169,109.227826162,-9.762336390,-9.762336390
1786168421.940635920,44.300621459,0.000000000,NONE,0,0.049940780,0.000000000,8.999999951,0.000000000,-0.063042885,5.776194577,-0.078126531,0.063042885,3.223805374,0.078126531,-0.278847832,2.986484406,0.129954710,-0.283420122,2.424454612,0.010173048,0.004572289,0.562029794,0.119781662,-3.397960301,450.000000000,19.506225263,-0.112559771,0.003082678,9.500781516,-114.025705304,115.724685454,-110.974294696,109.275314546,-9.753112631,-9.753112631
1786168421.990597010,44.350582827,0.000000000,NONE,0,0.049990274,0.000000000,8.999999951,0.000000000,-0.063471975,5.898235708,-0.078144536,0.063471975,3.101764242,0.078144536,-0.275688088,2.986905345,0.127013053,-0.281805757,2.424392705,0.007648284,0.006117669,0.562512640,0.119364770,-3.230314933,450.000000000,19.476622120,-0.112400935,0.003255404,9.497585275,-114.066817586,115.681975052,-110.933182414,109.318024948,-9.738311060,-9.738311060
1786168422.040799379,44.400784781,0.000000000,NONE,0,0.050024408,0.000000000,8.999999951,0.000000000,-0.063826813,6.020261799,-0.078169034,0.063826813,2.979738152,0.078169034,-0.272346786,2.987359692,0.123522029,-0.279726803,2.424304754,0.004692887,0.007380017,0.563054938,0.118829142,-3.072714830,450.000000000,19.439732509,-0.112235959,0.003325177,9.494918527,-114.105550924,115.641908339,-110.894449076,109.358091661,-9.719866254,-9.719866254
1786168422.090614796,44.450600310,0.000000000,NONE,0,0.049981377,0.000000000,8.999999951,0.000000000,-0.064088168,6.142269758,-0.078198249,0.064088168,2.857730193,0.078198250,-0.268838320,2.987831784,0.119774208,-0.277289818,2.424199654,0.001547617,0.008451499,0.563632130,0.118226591,-2.921434244,450.000000000,19.399160341,-0.112069791,0.003309188,9.492987759,-114.142888379,115.603605501,-110.857111621,109.396394499,-9.699580170,-9.699580170
1786168422.141328335,44.501314093,0.000000000,TARGET_UPDATED,0,0.050181033,0.000000000,9.999999951,0.000000000,-0.064239659,6.264257422,-0.078230650,0.064239659,3.735742529,0.078230650,-0.283942566,2.986584331,0.116020395,-0.274554423,2.424087167,-0.001554214,-0.009388143,0.562497163,0.117574609,-4.767290534,450.000000000,19.355534500,-0.111906498,0.003229260,9.491954800,-113.681166066,116.064811334,-111.318833934,108.935188666,-9.677767250,-9.677767250
1786168422.190592289,44.550577928,0.000000000,NONE,0,0.049790641,0.000000000,9.999999951,0.000000000,-0.064423126,6.386240866,-0.078263880,0.064423126,3.613759085,0.078263880,-0.281553243,2.986943681,0.112592161,-0.277393598,2.423975920,-0.004393310,-0.004159645,0.562967761,0.116985471,-3.928713172,450.000000000,19.318367515,-0.111748647,0.003113901,9.491608345,-113.890723793,115.855080379,-111.109276207,109.144919621,-9.659183758,-9.659183758
1786168422.240724564,44.600710146,0.000000000,NONE,0,0.050090758,0.000000000,9.999999951,0.000000000,-0.064737151,6.508232267,-0.078295006,0.064737151,3.491767683,0.078295006,-0.278959673,2.987299258,0.109623848,-0.278405702,2.423880643,-0.006801821,-0.000553971,0.563418615,0.116425669,-3.676064382,450.000000000,19.282753843,-0.111603602,0.002859656,9.493727815,-113.954415858,115.792448049,-111.045584142,109.207551951,-9.641376922,-9.641376922
1786168422.290675163,44.650660774,0.000000000,NONE,0,0.049961989,0.000000000,9.999999951,0.000000000,-0.065081101,6.630220329,-0.078320935,0.065081101,3.369779621,0.078320935,-0.276189207,2.987642609,0.107298837,-0.278296447,2.423792038,-0.008633591,0.002107240,0.563850571,0.115932428,-3.461687026,450.000000000,19.252426569,-0.111461459,0.002836142,9.493729208,-114.008010546,115.738854058,-110.991989454,109.261145942,-9.626213285,-9.626213285
1786168422.340827703,44.700813343,0.000000000,NONE,0,0.050158393,0.000000000,9.999999951,0.000000000,-0.065415519,6.752201914,-0.078339539,0.065415519,3.247798037,0.078339539,-0.273262194,2.987967881,0.105755149,-0.277491222,2.423727482,-0.009793663,0.004229028,0.564240399,0.115548812,-3.268516261,450.000000000,19.230695529,-0.111323992,0.002756567,9.494695312,-114.056544763,115.690802893,-110.943455237,109.309197107,-9.615347765,-9.615347765
1786168422.390760660,44.750746300,0.000000000,NONE,0,0.049915621,0.000000000,9.999999951,0.000000000,-0.065709942,6.874174854,-0.078349783,0.065709942,3.125825097,0.078349783,-0.270179658,2.988272739,0.105076334,-0.276135461,2.423688218,-0.010230716,0.005955804,0.564584521,0.115307050,-3.092555743,450.000000000,19.219454673,-0.111188360,0.002742409,9.495086347,-114.100632651,115.646910522,-110.899367349,109.353089478,-9.609727337,-9.609727337
1786168422.440662384,44.800647952,0.000000000,NONE,0,0.049903364,0.000000000,9.999999951,0.000000000,-0.065940301,6.996137498,-0.078351675,0.065940301,3.003862453,0.078351675,-0.266942579,2.988555975,0.105297492,-0.274342316,2.423672716,-0.009932505,0.007399738,0.564883258,0.115229998,-2.928450639,450.000000000,19.220235566,-0.111053008,0.002749380,9.495272323,-114.141705421,115.605930740,-110.858294579,109.394069260,-9.610117783,-9.610117783
1786168422.490790367,44.850775868,0.000000000,NONE,0,0.050163909,0.000000000,9.999999951,0.000000000,-0.066065174,7.093699460,-0.078347592,0.066065174,2.906300491,0.078347592,-0.264241352,2.988766996,0.106111388,-0.272616341,2.423678388,-0.009174993,0.008374989,0.565088609,0.115286380,-2.810770415,450.000000000,19.229741949,-0.110944264,0.002764986,9.497547525,-114.171694277,115.577079485,-110.828305723,109.422920515,-9.614870975,-9.614870975
1786168422.540803432,44.900788800,0.000000000,NONE,0,0.049965357,0.000000000,9.999999951,0.000000000,-0.066135748,7.215641441,-0.078336498,0.066135748,2.784358510,0.078336498,-0.260717231,2.989013554,0.107851134,-0.270310733,2.423707763,-0.007650953,0.009593502,0.565305791,0.115502087,-2.644220431,450.000000000,19.250920089,-0.110806021,0.002839976,9.496811113,-114.213147670,115.535257886,-110.786852330,109.464742114,-9.625460044,-9.625460044
1786168422.590746641,44.950732209,0.000000000,TARGET_UPDATED,0,0.049979026,0.000000000,10.999999951,0.000000000,-0.066101280,7.337571700,-0.078320034,0.066101280,3.662428251,0.078320034,-0.277262486,2.987434405,0.110284860,-0.267730563,2.423759124,-0.005597221,-0.009531923,0.563675281,0.115882080,-4.623656442,450.000000000,19.283701445,-0.110662990,0.002924144,9.495588630,-113.717983047,116.029811268,-111.282016953,108.970188732,-9.641850723,-9.641850723
1786168422.640771627,45.000757047,0.000000000,NONE,0,0.049965728,0.000000000,10.999999951,0.000000000,-0.066063062,7.459502376,-0.078299132,0.066063062,3.540497575,0.078299133,-0.274944543,2.987540359,0.113147248,-0.269967811,2.423826047,-0.003160722,-0.004976732,0.563714311,0.116307970,-3.815573269,450.000000000,19.317339974,-0.110515987,0.002977381,9.494340066,-113.919691699,115.827478334,-111.080308301,109.172521666,-9.658669987,-9.658669987
1786168422.690667152,45.050652874,0.000000000,NONE,0,0.049957742,0.000000000,10.999999951,0.000000000,-0.066200257,7.581453814,-0.078274297,0.066200257,3.418546137,0.078274297,-0.272373373,2.987657912,0.116182594,-0.272111517,2.423899332,-0.000576913,-0.000261856,0.563758580,0.116759507,-3.462344576,450.000000000,19.352378841,-0.110371539,0.002875101,9.494834804,-114.008122557,115.739294845,-110.991877443,109.260705155,-9.676189421,-9.676189421
1786168422.740664244,45.100649925,0.000000000,NONE,0,0.049989252,0.000000000,10.999999951,0.000000000,-0.066398493,7.703414368,-0.078246527,0.066398493,3.296585582,0.078246528,-0.269607073,2.987788837,0.119187076,-0.272442157,2.423987191,0.001963526,0.002835083,0.563801646,0.117223550,-3.237360469,450.000000000,19.388036296,-0.110227299,0.002894652,9.494120493,-114.064190006,115.682870241,-110.935809994,109.317129759,-9.694018148,-9.694018148
1786168422.790652275,45.150637780,0.000000000,NONE,0,0.049991607,0.000000000,10.999999951,0.000000000,-0.066600761,7.825377788,-0.078217697,0.066600761,3.174622162,0.078217697,-0.266668442,2.987938962,0.121959918,-0.271864636,2.424070734,0.004280508,0.005196194,0.563868227,0.117679410,-3.035107987,450.000000000,19.422723829,-0.110082195,0.002902619,9.493438856,-114.114582717,115.632136711,-110.885417283,109.367863289,-9.711361915,-9.711361915
1786168422.841208935,45.201194237,0.000000000,NONE,0,0.050009285,0.000000000,10.999999951,0.000000000,-0.066771344,7.947339915,-0.078190225,0.066771344,3.052660036,0.078190225,-0.263572081,2.988114395,0.124330086,-0.270629847,2.424146948,0.006224348,0.007057766,0.563967447,0.118105738,-2.854921259,450.000000000,19.454926277,-0.109937508,0.002887272,9.493013196,-114.159522984,115.586983614,-110.840477016,109.413016386,-9.727463139,-9.727463139
1786168422.890705109,45.250690658,0.000000000,NONE,0,0.049992455,0.000000000,10.999999951,0.000000000,-0.066881846,8.069297179,-0.078166599,0.066881846,2.930702772,0.078166599,-0.260327006,2.988320704,0.126161632,-0.268877443,2.424211919,0.007683694,0.008550437,0.564108785,0.118477938,-2.691412263,450.000000000,19.482861879,-0.109794379,0.002853254,9.492880841,-114.200367144,115.546073276,-110.799632856,109.453926724,-9.741430939,-9.741430939
1786168422.940835953,45.300821528,0.000000000,NONE,0,0.050093337,0.000000000,10.999999951,0.000000000,-0.066908097,8.191246257,-0.078148284,0.066908097,2.808753693,0.078148284,-0.256937909,2.988562290,0.127355597,-0.266674331,2.424262150,0.008601021,0.009736422,0.564300139,0.118754576,-2.542563234,450.000000000,19.503278263,-0.109653549,0.002807436,9.493058399,-114.237623791,115.508905408,-110.762376209,109.491094592,-9.751639131,-9.751639131
1786168422.991280079,45.351265724,0.000000000,TARGET_UPDATED,0,0.050537871,0.000000000,11.999999951,0.000000000,-0.066831112,8.313184213,-0.078136140,0.066831112,3.686815738,0.078136141,-0.273555502,2.987063690,0.127885592,-0.264130413,2.424294922,0.008931173,-0.009425089,0.562768768,0.118954419,-4.515857074,450.000000000,19.518704999,-0.109515275,0.002758826,9.493551937,-113.744423716,116.002352253,-111.255576284,108.997647747,-9.759352499,-9.759352499
1786168423.040705204,45.400690942,0.000000000,NONE,0,0.049378654,0.000000000,11.999999951,0.000000000,-0.066755683,8.435121524,-0.078130527,0.066755683,3.564878427,0.078130527,-0.271394012,2.987270209,0.127659074,-0.266484447,2.424307271,0.008674551,-0.004909565,0.562962939,0.118984523,-3.718257466,450.000000000,19.520405327,-0.109379646,0.002713666,9.493955270,-113.943924451,115.803053184,-111.056075549,109.196946816,-9.760202663,-9.760202663
1786168423.090667725,45.450653400,0.000000000,NONE,0,0.049998845,0.000000000,11.999999951,0.000000000,-0.066847861,8.557075442,-0.078131108,0.066847861,3.442924509,0.078131108,-0.268987240,2.987529290,0.126687260,-0.268433151,2.424301365,0.007801458,-0.000554089,0.563227925,0.118885803,-3.399235136,450.000000000,19.513882845,-0.109246562,0.002675495,9.494614655,-114.023844880,115.723462448,-110.976155120,109.276537552,-9.756941422,-9.756941422
1786168423.140640020,45.500625542,0.000000000,NONE,0,0.049986155,0.000000000,11.999999951,0.000000000,-0.066994606,8.679032424,-0.078137479,0.066994606,3.320967527,0.078137479,-0.266393889,2.987830115,0.125071179,-0.268688602,2.424274167,0.006388792,0.002294713,0.563555947,0.118682387,-3.192135268,450.000000000,19.500515012,-0.109115090,0.002650076,9.495259528,-114.075781065,115.671848699,-110.924218935,109.328151301,-9.750257506,-9.750257506
1786168423.190606356,45.550591894,0.000000000,NONE,0,0.049982955,0.000000000,11.999999951,0.000000000,-0.067142221,8.800985578,-0.078149039,0.067142221,3.199014372,0.078149040,-0.263631739,2.988163540,0.122956613,-0.268072028,2.424228523,0.004564305,0.004440289,0.563935017,0.118392308,-3.007515952,450.000000000,19.481434162,-0.108984188,0.002639847,9.495784422,-114.122067118,115.625825093,-110.877932882,109.374174907,-9.740717081,-9.740717081
1786168423.240662575,45.600648177,0.000000000,NONE,0,0.050038318,0.000000000,11.999999951,0.000000000,-0.067255554,8.922930296,-0.078164869,0.067255554,3.077069655,0.078164869,-0.260706603,2.988520397,0.120519026,-0.266806617,2.424168760,0.002479099,0.006100014,0.564351636,0.118039926,-2.844369921,450.000000000,19.458481998,-0.108852950,0.002643529,9.496142201,-114.162943070,115.585128031,-110.837056930,109.414871969,-9.729240999,-9.729240999
1786168423.290702581,45.650688165,0.000000000,NONE,0,0.049984673,0.000000000,11.999999951,0.000000000,-0.067306477,9.044863032,-0.078183789,0.067306477,2.955136919,0.078183789,-0.257620893,2.988891641,0.117948372,-0.265024308,2.424100196,0.000296326,0.007403415,0.564791446,0.117652046,-2.696775375,450.000000000,19.433553060,-0.108720719,0.002658252,9.496285183,-114.199877452,115.548265140,-110.800122548,109.451734860,-9.716776530,-9.716776530
1786168423.340674400,45.700659824,0.000000000,NONE,0,0.050039252,0.000000000,11.999999951,0.000000000,-0.067272799,9.166781192,-0.078204376,0.067272799,2.833218759,0.078204377,-0.254373970,2.989269153,0.115432429,-0.262833023,2.424028528,-0.001822031,0.008459053,0.565240625,0.117254459,-2.558901368,450.000000000,19.408470124,-0.108587150,0.002679683,9.496252614,-114.234337811,115.513788496,-110.765662189,109.486211504,-9.704235062,-9.704235062
1786168423.390717983,45.750703651,0.000000000,TARGET_UPDATED,0,0.050043876,0.000000000,12.999999951,0.000000000,-0.067136067,9.288682871,-0.078225119,0.067136067,3.711317080,0.078225119,-0.270894008,2.987907139,0.113117174,-0.260295936,2.423959227,-0.003728982,-0.010598071,0.563947913,0.116846156,-4.518449569,450.000000000,19.382599182,-0.108452213,0.002703800,9.496071183,-113.744405404,116.003630188,-111.255594596,108.996369812,-9.691299591,-9.691299591
1786168423.440629959,45.800615506,0.000000000,NONE,0,0.049896196,0.000000000,12.999999951,0.000000000,-0.067018818,9.410581679,-0.078243938,0.067018818,3.589418272,0.078243938,-0.268775547,2.988171662,0.111196136,-0.263039737,2.423896190,-0.005301496,-0.005735810,0.564275472,0.116497633,-3.694062365,450.000000000,19.362282892,-0.108316034,0.002724002,9.495783986,-113.950430405,115.797461588,-111.049569595,109.202538412,-9.681141446,-9.681141446
1786168423.490634918,45.850620673,0.000000000,NONE,0,0.050005341,0.000000000,12.999999951,0.000000000,-0.067067417,9.532493752,-0.078259004,0.067067417,3.467506198,0.078259004,-0.266407684,2.988439343,0.109714628,-0.264848179,2.423840209,-0.006489074,-0.001559505,0.564599135,0.116203703,-3.397000706,450.000000000,19.345720184,-0.108184060,0.002617975,9.497105914,-114.025026302,115.723526655,-110.974973698,109.276473345,-9.672860092,-9.672860092
1786168423.540637016,45.900622590,0.000000000,NONE,0,0.050008757,0.000000000,12.999999951,0.000000000,-0.067164152,9.654407528,-0.078269287,0.067164152,3.345592423,0.078269287,-0.263841974,2.988701561,0.108784530,-0.265015109,2.423807753,-0.007211652,0.001173135,0.564893808,0.115996182,-3.196986827,450.000000000,19.335822445,-0.108051239,0.002670901,9.496757977,-114.074942787,115.673436201,-110.925057213,109.326563799,-9.667911223,-9.667911223
1786168423.590757370,45.950743026,0.000000000,NONE,0,0.050064787,0.000000000,12.999999951,0.000000000,-0.067260936,9.776318320,-0.078274189,0.067260936,3.223681630,0.078274189,-0.261091768,2.988955078,0.108462171,-0.264404162,2.423788222,-0.007423960,0.003312394,0.565166856,0.115886131,-3.011592347,450.000000000,19.332971335,-0.107915654,0.002728424,9.496141492,-114.121137286,115.626933460,-110.878862714,109.373066540,-9.666485667,-9.666485667
1786168423.640715837,46.000701303,0.000000000,NONE,0,0.049963465,0.000000000,12.999999951,0.000000000,-0.067323981,9.898223116,-0.078273617,0.067323981,3.101776834,0.078273617,-0.258169011,2.989197798,0.108768064,-0.263157502,2.423784513,-0.007115907,0.004988491,0.565413285,0.115883971,-2.847685772,450.000000000,19.337870014,-0.107777875,0.002773068,9.495442684,-114.161939228,115.585782114,-110.838060772,109.414217886,-9.668935007,-9.668935007
1786168423.690740824,46.050726293,0.000000000,NONE,0,0.049980764,0.000000000,12.999999951,0.000000000,-0.067328360,10.020119962,-0.078267770,0.067328360,2.979879989,0.078267770,-0.255080495,2.989429392,0.109676789,-0.261463353,2.423797442,-0.006307611,0.006382858,0.565631950,0.115984399,-2.693892869,450.000000000,19.349851074,-0.107638634,0.002802276,9.494770987,-114.200219529,115.547165964,-110.799780471,109.452834036,-9.674925537,-9.674925537
1786168423.740701437,46.100686927,0.000000000,NONE,0,0.050032311,0.000000000,12.999999951,0.000000000,-0.067253162,10.142007366,-0.078257025,0.067253162,2.857992585,0.078257025,-0.251830965,2.989651250,0.111112247,-0.259381498,2.423825913,-0.005061008,0.007550533,0.565825337,0.116173254,-2.549623456,450.000000000,19.367742430,-0.107498701,0.002814289,9.494213033,-114.236147394,115.510959122,-110.763852606,109.489040878,-9.683871215,-9.683871215
1786168423.790866375,46.150851993,0.000000000,TARGET_UPDATED,0,0.050182667,0.000000000,13.999999951,0.000000000,-0.067082558,10.263884340,-0.078242101,0.067082558,3.736115611,0.078242101,-0.268025636,2.988173826,0.112931618,-0.257012562,2.423867351,-0.003476499,-0.011013074,0.564306475,0.116408117,-4.458593066,450.000000000,19.388009203,-0.107358672,0.002812061,9.493808127,-113.758803765,115.988100298,-111.241196235,109.011899702,-9.694004602,-9.694004602
1786168423.840635300,46.200620982,0.000000000,NONE,0,0.049774195,0.000000000,13.999999951,0.000000000,-0.066974661,10.385769374,-0.078224021,0.066974661,3.614230577,0.078224022,-0.265798633,2.988290873,0.115049952,-0.260585866,2.423930521,-0.001684931,-0.005212767,0.564360352,0.116734882,-3.567539093,450.000000000,19.415672704,-0.107205049,0.003079163,9.489519371,-113.980495070,115.764264616,-111.019504930,109.235735384,-9.707836352,-9.707836352
1786168423.890708685,46.250694371,0.000000000,NONE,0,0.050022240,0.000000000,13.999999951,0.000000000,-0.067016909,10.507670711,-0.078203875,0.067016909,3.492329239,0.078203875,-0.263339398,2.988423061,0.117220418,-0.261907458,2.423980432,0.000147580,-0.001431940,0.564442628,0.117072838,-3.319598366,450.000000000,19.442448873,-0.107054903,0.002946673,9.489542802,-114.042486109,115.702285292,-110.957513891,109.297714708,-9.721224437,-9.721224437
1786168423.940690756,46.300676172,0.000000000,NONE,0,0.050007260,0.000000000,13.999999951,0.000000000,-0.067084203,10.605195937,-0.078186988,0.067084203,3.394804014,0.078186989,-0.261255942,2.988538067,0.118912864,-0.262072185,2.424024787,0.001576141,0.000816243,0.564513280,0.117336723,-3.163173468,450.000000000,19.462375540,-0.106939857,0.002830395,9.492197423,-114.082255989,115.663842723,-110.917744011,109.336157277,-9.731187770,-9.731187770
1786168423.990648746,46.350634465,0.000000000,NONE,0,0.049979979,0.000000000,13.999999951,0.000000000,-0.067179533,10.727104565,-0.078166759,0.067179533,3.272895386,0.078166759,-0.258512725,2.988697311,0.120860032,-0.261812104,2.424079706,0.003175723,0.003299379,0.564617606,0.117684309,-2.941358756,450.000000000,19.491325006,-0.106801055,0.002741985,9.492653194,-114.137823610,115.608502988,-110.862176390,109.391497012,-9.745662503,-9.745662503
1786168424.040628672,46.400614331,0.000000000,NONE,0,0.049988421,0.000000000,13.999999951,0.000000000,-0.067260625,10.849012598,-0.078149397,0.067260625,3.150987353,0.078149397,-0.255613994,2.988878510,0.122508079,-0.260926109,2.424130003,0.004519498,0.005312115,0.564748506,0.117988581,-2.758786038,450.000000000,19.514705450,-0.106665173,0.002685198,9.493014619,-114.183557145,115.562950164,-110.816442855,109.437049836,-9.757352725,-9.757352725
1786168424.090636730,46.450622340,0.000000000,NONE,0,0.050007769,0.000000000,13.999999951,0.000000000,-0.067296855,10.970916459,-0.078135041,0.067296855,3.029083492,0.078135041,-0.252568257,2.989085029,0.123759460,-0.259499823,2.424171855,0.005541928,0.006931566,0.564913175,0.118217532,-2.595489574,450.000000000,19.532179378,-0.106531646,0.002637754,9.493461696,-114.224493031,115.522237818,-110.775506969,109.477762182,-9.766089689,-9.766089689
1786168424.140677691,46.500663221,0.000000000,NONE,0,0.050028856,0.000000000,13.999999951,0.000000000,-0.067263526,11.092813024,-0.078123701,0.067263526,2.907186927,0.078123701,-0.249380508,2.989319433,0.124543747,-0.257619427,2.424202576,0.006185605,0.008238919,0.565116857,0.118358142,-2.446763439,450.000000000,19.543215008,-0.106400026,0.002601120,9.493944582,-114.261795286,115.485177005,-110.738204714,109.514822995,-9.771607504,-9.771607504
1786168424.191622734,46.551608245,0.000000000,NONE,0,0.050874000,0.000000000,13.999999951,0.000000000,-0.067202457,11.165946388,-0.078118586,0.067202457,2.834053563,0.078118587,-0.247399604,2.989474210,0.124771960,-0.256306865,2.424214901,0.006368944,0.008907261,0.565259309,0.118403016,-2.372486580,450.000000000,19.547439493,-0.106321774,0.002585218,9.498661455,-114.281543719,115.467787009,-110.718456281,109.532212991,-9.773719747,-9.773719747
1786168424.240791559,46.600777209,0.000000000,TARGET_UPDATED,0,0.049225484,0.000000000,14.999999951,0.000000000,-0.067064308,11.263450950,-0.078113851,0.067064308,3.736549001,0.078113851,-0.264269981,2.988028053,0.124814756,-0.254396530,2.424223727,0.006370266,-0.009873451,0.563804326,0.118444490,-4.306019603,450.000000000,19.553218371,-0.106216285,0.002653097,9.500000626,-113.798495256,115.951505057,-111.201504744,109.048494943,-9.776609185,-9.776609185
1786168424.291537762,46.651523152,0.000000000,NONE,0,0.050742869,0.000000000,14.999999951,0.000000000,-0.066981024,11.336580873,-0.078112072,0.066981024,3.663419078,0.078112073,-0.263000611,2.988148127,0.124618681,-0.256453468,2.424223406,0.006198242,-0.006547144,0.563924721,0.118420440,-3.627602352,450.000000000,19.553222856,-0.106134497,0.002741532,9.503344396,-113.968935511,115.782736687,-111.031064489,109.217263313,-9.776611428,-9.776611428
1786168424.340776682,46.700762185,0.000000000,NONE,0,0.049248981,0.000000000,14.999999951,0.000000000,-0.066970639,11.360959217,-0.078111833,0.066970639,3.639040734,0.078111833,-0.262554309,2.988191953,0.124508517,-0.257182524,2.424223140,0.006103692,-0.005371786,0.563968813,0.118404825,-3.587710407,450.000000000,19.555202395,-0.106106613,0.002777507,9.511205161,-113.980873689,115.774728892,-111.019126311,109.225271108,-9.777601198,-9.777601198
1786168424.391715288,46.751700923,0.000000000,NONE,0,0.050943873,0.000000000,14.999999951,0.000000000,-0.066963082,11.409717046,-0.078111872,0.066963082,3.590282905,0.078111872,-0.261632826,2.988284532,0.124226072,-0.257915940,2.424220345,0.005861891,-0.003716886,0.564064187,0.118364180,-3.456849390,450.000000000,19.554891476,-0.106049069,0.002908944,9.516092412,-114.014810756,115.743235450,-110.985189244,109.256764550,-9.777445738,-9.777445738
1786168424.440679073,46.800664782,0.000000000,NONE,0,0.048940493,0.000000000,14.999999951,0.000000000,-0.066979282,11.482855932,-0.078113075,0.066979282,3.517144019,0.078113076,-0.260170083,2.988435885,0.123657621,-0.258711806,2.424212492,0.005383151,-0.001458277,0.564223394,0.118274469,-3.271292306,450.000000000,19.550470680,-0.105954951,0.003257146,9.515451901,-114.061039899,115.696686052,-110.938960101,109.303313948,-9.775235340,-9.775235340
1786168424.490626812,46.850612305,0.000000000,NONE,0,0.049980833,0.000000000,14.999999951,0.000000000,-0.067033517,11.580376115,-0.078116740,0.067033517,3.419623835,0.078116740,-0.258069433,2.988659325,0.122660553,-0.259122561,2.424195655,0.004541429,0.001053128,0.564463671,0.118119124,-3.064551676,450.000000000,19.541273343,-0.105812201,0.003750880,9.509671714,-114.111280009,115.643555848,-110.888719991,109.356444152,-9.770636671,-9.770636671
1786168424.540710449,46.900695960,0.000000000,NONE,0,0.050095538,0.000000000,14.999999951,0.000000000,-0.067104490,11.677895557,-0.078122702,0.067104490,3.322104394,0.078122702,-0.255811900,2.988903467,0.121443158,-0.258935110,2.424171269,0.003508489,0.003123210,0.564732198,0.117934669,-2.893851292,450.000000000,19.530741528,-0.105652235,0.004130784,9.503660856,-114.152452391,115.599378037,-110.847547609,109.400621963,-9.765370764,-9.765370764
1786168424.590635777,46.950621459,0.000000000,NONE,0,0.049918200,0.000000000,14.999999951,0.000000000,-0.067169845,11.775411447,-0.078131014,0.067169845,3.224588503,0.078131015,-0.253424668,2.989162717,0.120071710,-0.258201989,2.424139721,0.002339353,0.004777322,0.565022995,0.117732357,-2.744679167,450.000000000,19.519147317,-0.105481194,0.004352139,9.498294843,-114.188403919,115.560743502,-110.811596081,109.439256498,-9.759573659,-9.759573659
1786168424.640713692,47.000699347,0.000000000,NONE,0,0.050078755,0.000000000,14.999999951,0.000000000,-0.067222123,11.897298509,-0.078143793,0.067222123,3.102701442,0.078143793,-0.250281632,2.989501019,0.118246687,-0.256840988,2.424092002,0.000801718,0.006559356,0.565409017,0.117444969,-2.559620906,450.000000000,19.500285080,-0.105258301,0.004496860,9.489558599,-114.232484423,115.512294876,-110.767515577,109.487705124,-9.750142540,-9.750142540
1786168424.690745354,47.050730844,0.000000000,NONE,0,0.050017846,0.000000000,14.999999951,0.000000000,-0.067223022,11.994799977,-0.078155406,0.067223022,3.005199974,0.078155406,-0.247667657,2.989776929,0.116782915,-0.255294872,2.424051583,-0.000441250,0.007627215,0.565725346,0.117224166,-2.447500547,450.000000000,19.489084717,-0.105080606,0.004384107,9.486982363,-114.259870454,115.483620727,-110.740129546,109.516379273,-9.744542359,-9.744542359
1786168424.740699530,47.100685281,0.000000000,NONE,0,0.049974646,0.000000000,14.999999951,0.000000000,-0.067153979,12.116664562,-0.078170468,0.067153979,2.883335389,0.078170468,-0.244304487,2.990121317,0.115059676,-0.253112280,2.423999103,-0.001871844,0.008807793,0.566122213,0.116931519,-2.295240996,450.000000000,19.470079876,-0.104868228,0.004141829,9.482896437,-114.296913860,115.444534358,-110.703086140,109.555465642,-9.735039938,-9.735039938
1786168424.790642977,47.150628445,0.000000000,NONE,0,0.049934787,0.000000000,14.999999951,0.000000000,-0.067031707,12.214145464,-0.078181853,0.067031707,2.785854487,0.078181853,-0.241545874,2.990392850,0.113838038,-0.251083574,2.423958932,-0.002884674,0.009537700,0.566433918,0.116722712,-2.196278047,450.000000000,19.460051938,-0.104709355,0.003853129,9.483530887,-114.321813210,115.419952234,-110.678186790,109.580047766,-9.730025969,-9.730025969
1786168424.840740204,47.200725713,0.000000000,TARGET_UPDATED,0,0.050077799,0.000000000,15.999999951,0.000000000,-0.066782863,12.335982283,-0.078193930,0.066782863,3.664017668,0.078193930,-0.258461949,2.989025328,0.112615100,-0.248428367,2.423914138,-0.003881677,-0.010033582,0.565111190,0.116496776,-4.179731653,450.000000000,19.446823281,-0.104527396,0.003490233,9.483072080,-113.825835107,115.915700933,-111.174164893,109.084299067,-9.723411640,-9.723411640
1786168424.890628338,47.250613827,0.000000000,NONE,0,0.049903800,0.000000000,15.999999951,0.000000000,-0.066543836,12.457815986,-0.078202060,0.066543836,3.542183965,0.078202060,-0.256330224,2.989242011,0.111745394,-0.250906737,2.423877593,-0.004550177,-0.005423487,0.565364418,0.116295572,-3.367713596,450.000000000,19.436120594,-0.104363302,0.003125285,9.484010333,-114.029074184,115.712930982,-110.970925816,109.287069018,-9.718060297,-9.718060297
1786168424.940635204,47.300620661,0.000000000,NONE,0,0.050018864,0.000000000,15.999999951,0.000000000,-0.066479035,12.579664632,-0.078206219,0.066479035,3.420335319,0.078206219,-0.253994841,2.989459675,0.111260743,-0.252917497,2.423854729,-0.004914993,-0.001077344,0.565604945,0.116175737,-3.055607418,450.000000000,19.432273688,-0.104216690,0.002782718,9.486132638,-114.107631305,115.635435014,-110.892368695,109.364564986,-9.716136844,-9.716136844
1786168424.990626812,47.350612395,0.000000000,NONE,0,0.049973754,0.000000000,15.999999951,0.000000000,-0.066471369,12.701516709,-0.078206713,0.066471369,3.298483242,0.078206713,-0.251515096,2.989671414,0.111205414,-0.253225524,2.423843682,-0.004941209,0.001710428,0.565827732,0.116146623,-2.859604742,450.000000000,19.434951093,-0.104085368,0.002502457,9.488832579,-114.157306959,115.587109330,-110.842693041,109.412890670,-9.717475547,-9.717475547
1786168425.040637016,47.400622551,0.000000000,NONE,0,0.050011547,0.000000000,15.999999951,0.000000000,-0.066467448,12.823367308,-0.078203706,0.066467448,3.176632643,0.078203707,-0.248897689,2.989876102,0.111585974,-0.252707631,2.423844578,-0.004612704,0.003809942,0.566031524,0.116198678,-2.684860471,450.000000000,19.443124064,-0.103964262,0.002337744,9.491190050,-114.201582395,115.544012630,-110.798417605,109.455987370,-9.721562032,-9.721562032
1786168425.090590477,47.450576107,0.000000000,NONE,0,0.049982689,0.000000000,15.999999951,0.000000000,-0.066433888,12.945213840,-0.078197264,0.066433888,3.054786110,0.078197264,-0.246142399,2.990074408,0.112371188,-0.251598343,2.423860559,-0.003949114,0.005455944,0.566213849,0.116320302,-2.529945569,450.000000000,19.455937158,-0.103850514,0.002220846,9.493640590,-114.240923755,115.505896540,-110.759076245,109.494103460,-9.727968579,-9.727968579
1786168425.140590906,47.500576401,0.000000000,NONE,0,0.050000296,0.000000000,15.999999951,0.000000000,-0.066343395,13.067054093,-0.078187493,0.066343395,2.932945858,0.078187493,-0.243243149,2.990268668,0.113494288,-0.249998258,2.423887217,-0.003002231,0.006755110,0.566381451,0.116496519,-2.391089803,450.000000000,19.472275821,-0.103740467,0.002182852,9.495590921,-114.276125280,115.471670181,-110.723874720,109.528329819,-9.736137910,-9.736137910
1786168425.190658092,47.550643591,0.000000000,NONE,0,0.050060670,0.000000000,15.999999951,0.000000000,-0.066174767,13.188886387,-0.078174779,0.066174767,2.811113563,0.078174779,-0.240189943,2.990462394,0.114864617,-0.248015673,2.423922755,-0.001849647,0.007825730,0.566539638,0.116714264,-2.260840965,450.000000000,19.491264656,-0.103630545,0.002209624,9.496905090,-114.309016031,115.439436514,-110.690983969,109.560563486,-9.745632328,-9.745632328
1786168425.240706921,47.600692431,0.000000000,TARGET_UPDATED,0,0.050055095,0.000000000,16.999999951,0.000000000,-0.065911646,13.310709409,-0.078159903,0.065911646,3.689290541,0.078159903,-0.256824714,2.989021524,0.116346807,-0.245727718,2.423964332,-0.000583585,-0.011096996,0.565057192,0.116930392,-4.190312238,450.000000000,19.509288289,-0.103518050,0.002280620,9.497558749,-113.826811628,115.921967747,-111.173188372,109.078032253,-9.754644145,-9.754644145
1786168425.290649652,47.650635255,0.000000000,NONE,0,0.049928165,0.000000000,16.999999951,0.000000000,-0.065686366,13.432537056,-0.078143664,0.065686366,3.567462895,0.078143664,-0.254849324,2.989129436,0.117883451,-0.248880792,2.424007814,0.000693915,-0.005968531,0.565121622,0.117189536,-3.353781242,450.000000000,19.531226405,-0.103401288,0.002373880,9.497610440,-114.035957300,115.712847921,-110.964042700,109.287152079,-9.765613202,-9.765613202
1786168425.340762615,47.700748217,0.000000000,NONE,0,0.050075750,0.000000000,16.999999951,0.000000000,-0.065622404,13.554382270,-0.078127115,0.065622404,3.445617681,0.078127115,-0.252607310,2.989262680,0.119297224,-0.250582809,2.424053177,0.001858876,-0.002024501,0.565209503,0.117438348,-3.086871399,450.000000000,19.551362027,-0.103279721,0.002471735,9.497250134,-114.102594684,115.646030383,-110.897405316,109.353969617,-9.775681013,-9.775681013
1786168425.390654802,47.750640343,0.000000000,NONE,0,0.049924889,0.000000000,16.999999951,0.000000000,-0.065608672,13.676233330,-0.078111455,0.065608672,3.323766620,0.078111455,-0.250162941,2.989418578,0.120512311,-0.250879475,2.424094351,0.002844742,0.000716534,0.565324227,0.117667569,-2.887623080,450.000000000,19.569967348,-0.103153534,0.002559096,9.496581442,-114.152239590,115.596051131,-110.847760410,109.403948869,-9.784983674,-9.784983674
1786168425.440705061,47.800690285,0.000000000,NONE,0,0.049967165,0.000000000,16.999999951,0.000000000,-0.065603309,13.773714836,-0.078100298,0.065603309,3.226285115,0.078100298,-0.248075254,2.989560302,0.121293439,-0.250515018,2.424119919,0.003473368,0.002439764,0.565440383,0.117820071,-2.754963960,450.000000000,19.582046841,-0.103049751,0.002613442,9.498033522,-114.185767391,115.563249371,-110.814232609,109.436750629,-9.791023420,-9.791023420
1786168425.491059542,47.851045026,0.000000000,NONE,0,0.050396042,0.000000000,16.999999951,0.000000000,-0.065578424,13.895564940,-0.078089204,0.065578424,3.104435011,0.078089204,-0.245306249,2.989760038,0.121983958,-0.249645302,2.424150270,0.003997583,0.004339053,0.565609768,0.117986375,-2.572524835,450.000000000,19.596909006,-0.102916323,0.002707209,9.496794791,-114.231067489,115.517329906,-110.768932511,109.482670094,-9.798454503,-9.798454503
1786168425.540785074,47.900770599,0.000000000,NONE,0,0.049675328,0.000000000,16.999999951,0.000000000,-0.065527764,13.993041529,-0.078083028,0.065527764,3.006958422,0.078083028,-0.242966077,2.989938526,0.122283490,-0.248502063,2.424166534,0.004218441,0.005535987,0.565771992,0.118065049,-2.459654603,450.000000000,19.603632455,-0.102806287,0.002764261,9.497635277,-114.259495168,115.489322470,-110.740504832,109.510677530,-9.801816227,-9.801816227
1786168425.590661526,47.950647320,0.000000000,NONE,0,0.049957766,0.000000000,16.999999951,0.000000000,-0.065435743,14.090513170,-0.078079080,0.065435743,2.909486781,0.078079080,-0.240517836,2.990133620,0.122347359,-0.247106897,2.424174721,0.004248257,0.006589061,0.565958899,0.118099103,-2.342854603,450.000000000,19.608064083,-0.102693159,0.002846886,9.498019431,-114.288791207,115.460218509,-110.711208793,109.539781491,-9.804032042,-9.804032042
1786168425.640727282,48.000712771,0.000000000,NONE,0,0.050009126,0.000000000,16.999999951,0.000000000,-0.065334959,14.163613033,-0.078077661,0.065334959,2.836386918,0.078077661,-0.238610171,2.990290726,0.122240872,-0.245923002,2.424177319,0.004144986,0.007312831,0.566113407,0.118095886,-2.262249615,450.000000000,19.610045922,-0.102606324,0.002902229,9.500781674,-114.309633015,115.440757822,-110.690366985,109.559242178,-9.805022961,-9.805022961
1786168425.691287756,48.051273434,0.000000000,NONE,0,0.049984277,0.000000000,16.999999951,0.000000000,-0.065201689,14.236708880,-0.078077432,0.065201689,2.763291071,0.078077433,-0.236640121,2.990456844,0.122006187,-0.244580198,2.424175540,0.003942917,0.007940077,0.566281304,0.118063270,-2.181676360,450.000000000,19.610125243,-0.102517043,0.002998621,9.502923767,-114.330311852,115.421150032,-110.669688148,109.578849968,-9.805062621,-9.805062621
1786168425.740780354,48.100765950,0.000000000,TARGET_UPDATED,0,0.050145860,0.000000000,17.999999951,0.000000000,-0.064903000,14.358525527,-0.078079434,0.064903000,3.641474424,0.078079434,-0.253370978,2.989112960,0.121341482,-0.242250047,2.424163821,0.003400385,-0.011120930,0.564949139,0.117941097,-4.109369876,450.000000000,19.602746420,-0.102360093,0.003219824,9.498421609,-113.847262933,115.901947871,-111.152737067,109.098052129,-9.801373210,-9.801373210
1786168425.790796995,48.150782760,0.000000000,NONE,0,0.049970732,0.000000000,17.999999951,0.000000000,-0.064695014,14.455979895,-0.078083147,0.064695014,3.544020056,0.078083147,-0.251646624,2.989287747,0.120627278,-0.244939690,2.424146020,0.002794356,-0.006706934,0.565141728,0.117832923,-3.334712506,450.000000000,19.598389891,-0.102228143,0.003316589,9.497114759,-114.040600563,115.707956816,-110.959399437,109.292043184,-9.799194945,-9.799194945
1786168425.840883732,48.200869319,0.000000000,NONE,0,0.050082722,0.000000000,17.999999951,0.000000000,-0.064605416,14.553444284,-0.078088668,0.064605416,3.446555667,0.078088668,-0.249747137,2.989482812,0.119745660,-0.246729756,2.424124573,0.002057504,-0.003017381,0.565358239,0.117688156,-3.082644255,450.000000000,19.590477535,-0.102093723,0.003370810,9.496045231,-114.103350244,115.644672372,-110.896649756,109.355327628,-9.795238768,-9.795238768
1786168425.890730381,48.250716005,0.000000000,NONE,0,0.049832789,0.000000000,17.999999951,0.000000000,-0.064572467,14.626544540,-0.078093727,0.064572467,3.373455410,0.078093728,-0.248236529,2.989638325,0.119009364,-0.247233676,2.424104955,0.001444036,-0.001002853,0.565533370,0.117565328,-2.959155080,450.000000000,19.585234627,-0.101991992,0.003391551,9.497864445,-114.134677341,115.614254881,-110.865322659,109.385745119,-9.792617314,-9.792617314
1786168425.940748453,48.300734200,0.000000000,NONE,0,0.050044939,0.000000000,17.999999951,0.000000000,-0.064551137,14.724011662,-0.078101381,0.064551137,3.275988288,0.078101381,-0.246118494,2.989855002,0.117971860,-0.247429896,2.424075626,0.000589896,0.001311402,0.565779377,0.117381964,-2.764499902,450.000000000,19.574137153,-0.101855175,0.003440997,9.496619292,-114.183029848,115.565279799,-110.816970152,109.434720201,-9.787068576,-9.787068576
1786168425.990665674,48.350651243,0.000000000,NONE,0,0.049913269,0.000000000,17.999999951,0.000000000,-0.064537368,14.845843212,-0.078111396,0.064537368,3.154156739,0.078111396,-0.243307693,2.990137179,0.116658233,-0.247056971,2.424036622,-0.000478926,0.003749278,0.566100558,0.117137158,-2.549909247,450.000000000,19.558683437,-0.101681412,0.003492248,9.492356209,-114.235611740,115.510566364,-110.764388260,109.489433636,-9.779341719,-9.779341719
1786168426.040689230,48.400674647,0.000000000,NONE,0,0.050007619,0.000000000,17.999999951,0.000000000,-0.064503611,14.967668597,-0.078121614,0.064503611,3.032331354,0.078121614,-0.240339883,2.990425855,0.115419518,-0.245953790,2.423997197,-0.001494795,0.005613907,0.566428658,0.116914313,-2.380973089,450.000000000,19.546456008,-0.101508455,0.003426578,9.489328756,-114.277088917,115.467575461,-110.722911083,109.532424539,-9.773228004,-9.773228004
1786168426.090760469,48.450746087,0.000000000,NONE,0,0.050131793,0.000000000,17.999999951,0.000000000,-0.064419841,15.089484886,-0.078131660,0.064419841,2.910515064,0.078131660,-0.237241805,2.990715018,0.114347111,-0.244351543,2.423959776,-0.002367469,0.007109739,0.566755241,0.116714580,-2.227911331,450.000000000,19.535872287,-0.101342054,0.003260942,9.487833981,-114.314980662,115.428936328,-110.685019338,109.571063672,-9.767936144,-9.767936144
1786168426.140764236,48.500749656,0.000000000,NONE,0,0.049973943,0.000000000,17.999999951,0.000000000,-0.064302159,15.186930087,-0.078138890,0.064302159,2.813069864,0.078138891,-0.234678688,2.990943870,0.113659475,-0.242770549,2.423933164,-0.002917361,0.008091861,0.567010706,0.116576836,-2.121264629,450.000000000,19.530370965,-0.101216023,0.003089710,9.489580157,-114.342078882,115.402711196,-110.657921118,109.597288804,-9.765185483,-9.765185483
1786168426.190689802,48.550675508,0.000000000,TARGET_UPDATED,0,0.049948427,0.000000000,18.999999951,0.000000000,-0.064078737,15.308725858,-0.078145765,0.064078737,3.691274093,0.078145765,-0.250646510,2.989669906,0.113094602,-0.240629367,2.423906164,-0.003362267,-0.010017143,0.565763742,0.116456869,-3.959950030,450.000000000,19.525236186,-0.101067388,0.002912372,9.489559057,-113.882402257,115.862377272,-111.117597743,109.137622728,-9.762618093,-9.762618093
1786168426.240622759,48.600608553,0.000000000,NONE,0,0.049928508,0.000000000,18.999999951,0.000000000,-0.063888674,15.430522124,-0.078149255,0.063888674,3.569477826,0.078149255,-0.248602011,2.989850931,0.112826808,-0.243485227,2.423887095,-0.003525845,-0.005116784,0.565963836,0.116352654,-3.156662335,450.000000000,19.521160284,-0.100926854,0.002748640,9.490031876,-114.083342385,115.661673553,-110.916657615,109.338326447,-9.760580142,-9.760580142
1786168426.290632010,48.650617588,0.000000000,NONE,0,0.050000820,0.000000000,18.999999951,0.000000000,-0.063867991,15.552333310,-0.078149392,0.063867991,3.447666641,0.078149393,-0.246339295,2.990037045,0.112857906,-0.245404231,2.423879986,-0.003453573,-0.000935065,0.566157059,0.116311478,-2.866872483,450.000000000,19.522449643,-0.100793880,0.002599547,9.490964424,-114.156022985,115.589459227,-110.843977015,109.410540773,-9.761224821,-9.761224821
1786168426.340629339,48.700614949,0.000000000,NONE,0,0.050000791,0.000000000,18.999999951,0.000000000,-0.063904965,15.674148636,-0.078146446,0.063904965,3.325851314,0.078146446,-0.243918819,2.990222334,0.113200945,-0.245795022,2.423882357,-0.003138681,0.001876203,0.566339977,0.116339626,-2.668949403,450.000000000,19.528714958,-0.100667380,0.002479855,9.492108229,-114.205789706,115.540264408,-110.794210294,109.459735592,-9.764357479,-9.764357479
1786168426.390668392,48.750653804,0.000000000,NONE,0,0.050017836,0.000000000,18.999999951,0.000000000,-0.063951449,15.795963779,-0.078140730,0.063951449,3.204036172,0.078140730,-0.241354884,2.990405974,0.113834844,-0.245401138,2.423894450,-0.002593128,0.004046254,0.566511524,0.116427973,-2.492129942,450.000000000,19.539014301,-0.100545722,0.002397058,9.493261713,-114.250282943,115.496347914,-110.749717057,109.503652086,-9.769507151,-9.769507151
1786168426.440699816,48.800685523,0.000000000,NONE,0,0.050029840,0.000000000,18.999999951,0.000000000,-0.063974822,15.917775955,-0.078132580,0.063974822,3.082223996,0.078132581,-0.238650728,2.990589019,0.114711498,-0.244413192,2.423915288,-0.001853969,0.005762465,0.566673731,0.116565467,-2.336174398,450.000000000,19.552536714,-0.100427116,0.002351518,9.494277403,-114.289525751,115.457612950,-110.710474249,109.542387050,-9.776268357,-9.776268357
1786168426.490656137,48.850641896,0.000000000,NONE,0,0.049977313,0.000000000,18.999999951,0.000000000,-0.063946120,16.039582675,-0.078122114,0.063946120,2.960417276,0.078122115,-0.235807834,2.990773376,0.115763445,-0.242888005,2.423943135,-0.000968711,0.007080170,0.566830241,0.116732156,-2.200527620,450.000000000,19.567708972,-0.100309720,0.002342513,9.495002123,-114.323618626,115.423882436,-110.676381374,109.576117564,-9.783854486,-9.783854486
1786168426.540662289,48.900647738,0.000000000,NONE,0,0.050014780,0.000000000,18.999999951,0.000000000,-0.063843941,16.161382104,-0.078109843,0.063843941,2.838617847,0.078109843,-0.232823303,2.990961816,0.116911535,-0.240981019,2.423975749,-0.000010842,0.008157716,0.566986067,0.116922377,-2.073771122,450.000000000,19.584416359,-0.100192111,0.002358231,9.495458464,-114.355421835,115.392307397,-110.644578165,109.607692603,-9.792208180,-9.792208180
1786168426.591127872,48.951113524,0.000000000,TARGET_UPDATED,0,0.050466311,0.000000000,19.999999951,0.000000000,-0.063651466,16.283172747,-0.078096572,0.063651466,3.716827204,0.078096573,-0.248533862,2.989650793,0.118076139,-0.238758047,2.424010635,0.000948554,-0.009775815,0.565640158,0.117127584,-3.887688856,450.000000000,19.601999324,-0.100073325,0.002389437,9.495744185,-113.902013832,115.845858260,-111.097986168,109.154141740,-9.800999662,-9.800999662
1786168426.640706301,49.000691990,0.000000000,NONE,0,0.049590752,0.000000000,19.999999951,0.000000000,-0.063493304,16.404967110,-0.078083283,0.063493304,3.595032841,0.078083283,-0.246600698,2.989767041,0.119161160,-0.241667793,2.424044395,0.001837828,-0.004932906,0.565722646,0.117323333,-3.098561250,450.000000000,19.618491831,-0.099952878,0.002426719,9.495649046,-114.099271949,115.648552574,-110.900728051,109.351447426,-9.809245915,-9.809245915
1786168426.690647602,49.050633158,0.000000000,NONE,0,0.049925318,0.000000000,19.999999951,0.000000000,-0.063485014,16.526776795,-0.078070800,0.063485014,3.473223156,0.078070800,-0.244430992,2.989908555,0.120059083,-0.243201390,2.424077681,0.002558380,-0.001229602,0.565830874,0.117500703,-2.849050482,450.000000000,19.633446331,-0.099830749,0.002462439,9.495489661,-114.161609795,115.586135036,-110.838390205,109.413864964,-9.816723165,-9.816723165
1786168426.740656853,49.100642602,0.000000000,NONE,0,0.050006176,0.000000000,19.999999951,0.000000000,-0.063521932,16.648591047,-0.078059994,0.063521932,3.351408904,0.078059994,-0.242083402,2.990071995,0.120727610,-0.243419280,2.424105477,0.003074769,0.001335878,0.565966518,0.117652841,-2.663477149,450.000000000,19.646527354,-0.099707114,0.002492117,9.495274079,-114.207949232,115.539687807,-110.792050768,109.460312193,-9.823263677,-9.823263677
1786168426.790683508,49.150669099,0.000000000,NONE,0,0.050029082,0.000000000,19.999999951,0.000000000,-0.063562083,16.770405323,-0.078051544,0.063562083,3.229594627,0.078051544,-0.239573421,2.990257399,0.121129515,-0.242912283,2.424126447,0.003363969,0.003338862,0.566130953,0.117765546,-2.496809422,450.000000000,19.656572948,-0.099582278,0.002513288,9.495039495,-114.249557518,115.497962229,-110.750442482,109.502037771,-9.828286474,-9.828286474
1786168426.840653419,49.200638844,0.000000000,NONE,0,0.049961027,0.000000000,19.999999951,0.000000000,-0.063574138,16.892216089,-0.078045772,0.063574138,3.107783862,0.078045773,-0.236910482,2.990464630,0.121242698,-0.241821763,2.424139313,0.003414932,0.004911281,0.566325317,0.117827766,-2.350375711,450.000000000,19.662864361,-0.099456622,0.002524759,9.494810188,-114.286108619,115.461296475,-110.713891381,109.538703525,-9.831432181,-9.831432181
1786168426.890638828,49.250624425,0.000000000,NONE,0,0.049990069,0.000000000,19.999999951,0.000000000,-0.063533452,17.014020435,-0.078042850,0.063533452,2.985979515,0.078042850,-0.234100144,2.990693044,0.121063127,-0.240282482,2.424143251,0.003226750,0.006182338,0.566549794,0.117836377,-2.216858377,450.000000000,19.665339283,-0.099330556,0.002526726,9.494636312,-114.319444484,115.427873672,-110.680555516,109.572126328,-9.832669641,-9.832669641
1786168426.940645218,49.300630801,0.000000000,NONE,0,0.050003884,0.000000000,19.999999951,0.000000000,-0.063448967,17.111457590,-0.078042555,0.063448967,2.888542361,0.078042555,-0.231747999,2.990890132,0.120718786,-0.238750557,2.424139726,0.002914843,0.007002558,0.566750405,0.117803943,-2.124221565,450.000000000,19.665193387,-0.099229684,0.002522088,9.496536659,-114.343078773,115.405189556,-110.656921227,109.594810444,-9.832596693,-9.832596693
1786168426.991126537,49.351112193,0.000000000,NONE,0,0.050411581,0.000000000,19.999999951,0.000000000,-0.063267095,17.233244621,-0.078044547,0.063267095,2.766755330,0.078044547,-0.228672359,2.991153173,0.120067844,-0.236676429,2.424127335,0.002351684,0.008004070,0.567025838,0.117716160,-1.992912192,450.000000000,19.660923002,-0.099102852,0.002554790,9.496055013,-114.375785705,115.372241801,-110.624214295,109.627758199,-9.830461501,-9.830461501
1786168427.041317463,49.401302798,0.000000000,TARGET_UPDATED,0,0.049665498,0.000000000,20.999999951,0.000000000,-0.062990427,17.355019818,-0.078048772,0.062990427,3.644980133,0.078048772,-0.244967917,2.989897962,0.119193215,-0.234343915,2.424107254,0.001636280,-0.010624002,0.565790708,0.117556935,-3.873990202,450.000000000,19.651231882,-0.098973795,0.002591943,9.495190062,-113.905299965,115.842295066,-111.094700035,109.157704934,-9.825615941,-9.825615941
1786168427.090658188,49.450643810,0.000000000,NONE,0,0.049949517,0.000000000,20.999999951,0.000000000,-0.062724486,17.476794130,-0.078054905,0.062724486,3.523205820,0.078054905,-0.243033314,2.990095246,0.118209588,-0.236824898,2.424090598,0.000804695,-0.006208415,0.566004648,0.117404893,-3.100701322,450.000000000,19.643683098,-0.098855583,0.002310895,9.498419133,-114.099429453,115.649780114,-110.900570547,109.350219886,-9.821841549,-9.821841549
1786168427.140629768,49.500615371,0.000000000,NONE,0,0.049971706,0.000000000,20.999999951,0.000000000,-0.062628510,17.598581864,-0.078062608,0.062628510,3.401418087,0.078062608,-0.240845792,2.990314573,0.117145397,-0.238904116,2.424051401,-0.000088083,-0.001941676,0.566263172,0.117233481,-2.797268610,450.000000000,19.634227197,-0.098738211,0.002385948,9.498147122,-114.175219628,115.573853933,-110.824780372,109.426146067,-9.817113599,-9.817113599
1786168427.190668821,49.550654500,0.000000000,NONE,0,0.050028334,0.000000000,20.999999951,0.000000000,-0.062591570,17.720372234,-0.078071242,0.062591570,3.279627717,0.078071242,-0.238453786,2.990548228,0.116082314,-0.239305965,2.424017679,-0.000971738,0.000852179,0.566530549,0.117054052,-2.604461294,450.000000000,19.624438818,-0.098616032,0.002481416,9.497285326,-114.223206008,115.525436655,-110.776793992,109.474563345,-9.812219409,-9.812219409
1786168427.240882635,49.600868376,0.000000000,NONE,0,0.049964011,0.000000000,20.999999951,0.000000000,-0.062565424,17.842160572,-0.078079939,0.062565424,3.157839378,0.078079939,-0.235880532,2.990790603,0.115104361,-0.238946814,2.423986286,-0.001770813,0.003066281,0.566804317,0.116875174,-2.424843111,450.000000000,19.614843581,-0.098489728,0.002555181,9.496285180,-114.267860517,115.480282073,-110.732139483,109.519717927,-9.807421791,-9.807421791
1786168427.290672064,49.650657771,0.000000000,NONE,0,0.049967691,0.000000000,20.999999951,0.000000000,-0.062517644,17.963943776,-0.078087897,0.062517644,3.036056174,0.078087897,-0.233141021,2.991037343,0.114283612,-0.237969771,2.423957916,-0.002428458,0.004828750,0.567079427,0.116712070,-2.266721406,450.000000000,19.606658096,-0.098360736,0.002598992,9.495357446,-114.307159010,115.440519713,-110.692840990,109.559480287,-9.803329048,-9.803329048
1786168427.340699196,49.700684778,0.000000000,NONE,0,0.050078398,0.000000000,20.999999951,0.000000000,-0.062423207,18.085719560,-0.078094271,0.062423207,2.914280391,0.078094271,-0.230245304,2.991285063,0.113678845,-0.236538378,2.423934106,-0.002893662,0.006293074,0.567350958,0.116572508,-2.120724676,450.000000000,19.600284960,-0.098230466,0.002616163,9.494602582,-114.343469477,115.403831814,-110.656530523,109.596168186,-9.800142480,-9.800142480
1786168427.390682459,49.750667952,0.000000000,NONE,0,0.049968478,0.000000000,20.999999951,0.000000000,-0.062261359,18.207486153,-0.078098459,0.062261359,2.792513798,0.078098459,-0.227200010,2.991531286,0.113332701,-0.234721776,2.423916328,-0.003136738,0.007521765,0.567614958,0.116469438,-1.985011877,450.000000000,19.596704218,-0.098100148,0.002611011,9.494032492,-114.377255154,115.369761092,-110.622744846,109.630238908,-9.798352109,-9.798352109
1786168427.440962553,49.800948096,0.000000000,TARGET_UPDATED,0,0.050138630,0.000000000,21.999999951,0.000000000,-0.062016071,18.329242329,-0.078100055,0.062016071,3.670757622,0.078100055,-0.242918602,2.990298051,0.113279560,-0.232612350,2.423905697,-0.003139582,-0.010306251,0.566392354,0.116419141,-3.787630524,450.000000000,19.597161460,-0.097970652,0.002590427,9.493702889,-113.926518091,115.820333353,-111.073481909,109.179666647,-9.798580730,-9.798580730
1786168427.490638256,49.850623939,0.000000000,NONE,0,0.049871448,0.000000000,21.999999951,0.000000000,-0.061855149,18.426649357,-0.078099340,0.061855149,3.573350594,0.078099340,-0.241340242,2.990419506,0.113445839,-0.235334356,2.423901847,-0.002963717,-0.006005887,0.566517658,0.116409556,-3.051492920,450.000000000,19.600204199,-0.097867982,0.002564995,9.495505241,-114.111003080,115.636749540,-110.888996920,109.363250460,-9.800102099,-9.800102099
1786168427.540636778,49.900622206,0.000000000,NONE,0,0.049966572,0.000000000,21.999999951,0.000000000,-0.061810597,18.548422242,-0.078096019,0.061810597,3.451577709,0.078096020,-0.239147803,2.990579542,0.113864183,-0.237544438,2.423907006,-0.002573101,-0.001603365,0.566672536,0.116437284,-2.735247710,450.000000000,19.605801322,-0.097740007,0.002573293,9.494951767,-114.189926014,115.557549869,-110.810073986,109.442450131,-9.802900661,-9.802900661
1786168427.590688705,49.950674396,0.000000000,NONE,0,0.050049968,0.000000000,21.999999951,0.000000000,-0.061834875,18.670200800,-0.078090296,0.061834875,3.329799151,0.078090296,-0.236768363,2.990744121,0.114503529,-0.238112298,2.423919586,-0.002011319,0.001343936,0.566824535,0.116514849,-2.533577278,450.000000000,19.615141434,-0.097610947,0.002588303,9.494247672,-114.240167599,115.506956238,-110.759832401,109.493043762,-9.807570717,-9.807570717
1786168427.640833616,50.000819022,0.000000000,NONE,0,0.050022960,0.000000000,21.999999951,0.000000000,-0.061875932,18.791980261,-0.078082680,0.061875932,3.208019690,0.078082680,-0.234227789,2.990912181,0.115324344,-0.237845584,2.423938645,-0.001308638,0.003617795,0.566973536,0.116632982,-2.353403159,450.000000000,19.627139764,-0.097481579,0.002585375,9.493680164,-114.285069251,115.461770831,-110.714930749,109.538229169,-9.813569882,-9.813569882
1786168427.690653801,50.050639352,0.000000000,NONE,0,0.049973375,0.000000000,21.999999951,0.000000000,-0.061899042,18.913757521,-0.078073436,0.061899042,3.086242430,0.078073436,-0.231540942,2.991084264,0.116269114,-0.236933825,2.423962695,-0.000505530,0.005392883,0.567121569,0.116774644,-2.196999329,450.000000000,19.640447051,-0.097352887,0.002564580,9.493322826,-114.324080874,115.422580539,-110.675919126,109.577419461,-9.820223526,-9.820223526
1786168427.740670919,50.100656470,0.000000000,NONE,0,0.049976234,0.000000000,21.999999951,0.000000000,-0.061876087,19.035530064,-0.078062787,0.061876087,2.964469887,0.078062787,-0.228718168,2.991261659,0.117272040,-0.235514804,2.423989909,0.000343742,0.006796635,0.567271751,0.116928298,-2.058058876,450.000000000,19.654364513,-0.097225695,0.002531861,9.493192639,-114.358783441,115.387812879,-110.641216559,109.612187121,-9.827182257,-9.827182257
1786168427.790682793,50.150668406,0.000000000,NONE,0,0.050021216,0.000000000,21.999999951,0.000000000,-0.061785953,19.157295982,-0.078051348,0.061785953,2.842703968,0.078051348,-0.225762944,2.991446453,0.118263446,-0.233716617,2.424018420,0.001174394,0.007953673,0.567428032,0.117089052,-1.929323899,450.000000000,19.668684909,-0.097100303,0.002494332,9.493250676,-114.390981694,115.355643644,-110.609018306,109.644356356,-9.834342454,-9.834342454
1786168427.840856552,50.200842054,0.000000000,TARGET_UPDATED,0,0.050042367,0.000000000,22.999999951,0.000000000,-0.061611707,19.279053690,-0.078039964,0.061611707,3.720946260,0.078039964,-0.240868685,2.990230427,0.119194386,-0.231607532,2.424046274,0.001927757,-0.009261153,0.566184153,0.117266629,-3.665839671,450.000000000,19.684384273,-0.096976683,0.002457510,9.493435209,-113.956898884,115.789818720,-111.043101116,109.210181280,-9.842192136,-9.842192136
1786168427.890714407,50.250699973,0.000000000,NONE,0,0.049939337,0.000000000,22.999999951,0.000000000,-0.061490445,19.400816416,-0.078029466,0.061490445,3.599183535,0.078029466,-0.238937474,2.990353947,0.119964570,-0.234800269,2.424070750,0.002558714,-0.004137205,0.566283197,0.117405856,-2.867694507,450.000000000,19.696301073,-0.096854918,0.002422141,9.493721457,-114.156506737,115.590353991,-110.843493263,109.409646009,-9.848150536,-9.848150536
1786168427.940673590,50.300659186,0.000000000,NONE,0,0.049999261,0.000000000,22.999999951,0.000000000,-0.061498009,19.498236640,-0.078022121,0.061498009,3.501763310,0.078022121,-0.237238846,2.990470678,0.120414361,-0.235868693,2.424089129,0.002918926,-0.001370154,0.566381549,0.117495434,-2.710381876,450.000000000,19.704512625,-0.096758734,0.002400092,9.495922983,-114.196385277,115.551576215,-110.803614723,109.448423785,-9.852256312,-9.852256312
1786168427.990683317,50.350668996,0.000000000,NONE,0,0.049997371,0.000000000,22.999999951,0.000000000,-0.061551476,19.620015801,-0.078014958,0.061551476,3.379984150,0.078014958,-0.234968257,2.990635712,0.120756800,-0.236342080,2.424106465,0.003164232,0.001373823,0.566529247,0.117592568,-2.495020419,450.000000000,19.714402790,-0.096638721,0.002419890,9.495787279,-114.250191715,115.497701925,-110.749808285,109.502298075,-9.857201395,-9.857201395
1786168428.040640354,50.400625851,0.000000000,NONE,0,0.049975862,0.000000000,22.999999951,0.000000000,-0.061621642,19.741795839,-0.078010478,0.061621642,3.258204112,0.078010478,-0.232536437,2.990822195,0.120839070,-0.236068847,2.424117465,0.003193153,0.003532410,0.566704730,0.117645916,-2.322872378,450.000000000,19.720201646,-0.096517001,0.002454168,9.495353940,-114.293120390,115.454556580,-110.706879610,109.545443420,-9.860100823,-9.860100823
1786168428.090709925,50.450695634,0.000000000,NONE,0,0.050041455,0.000000000,22.999999951,0.000000000,-0.061672999,19.863572932,-0.078008288,0.061672999,3.136427019,0.078008288,-0.229955838,2.991028817,0.120659996,-0.235154672,2.424121065,0.003013393,0.005198834,0.566907752,0.117646603,-2.175713273,450.000000000,19.722139558,-0.096393911,0.002475743,9.494938382,-114.329806277,115.417662914,-110.670193723,109.582337086,-9.861069779,-9.861069779
1786168428.140627623,50.500613302,0.000000000,NONE,0,0.049969753,0.000000000,22.999999951,0.000000000,-0.061679178,19.985344127,-0.078008089,0.061679178,3.014655824,0.078008089,-0.227233994,2.991253902,0.120235788,-0.233763778,2.424116884,0.002635901,0.006529784,0.567137018,0.117599887,-2.042995740,450.000000000,19.720859074,-0.096270134,0.002482700,9.494587824,-114.362898021,115.384395891,-110.637101979,109.615604109,-9.860429537,-9.860429537
1786168428.190693617,50.550679217,0.000000000,NONE,0,0.050012235,0.000000000,22.999999951,0.000000000,-0.061617782,20.107106880,-0.078009715,0.061617782,2.892893071,0.078009715,-0.224376229,2.991495174,0.119600760,-0.231950052,2.424105225,0.002086881,0.007573824,0.567389949,0.117513879,-1.924356446,450.000000000,19.716992200,-0.096146359,0.002475837,9.494371458,-114.392503753,115.354681976,-110.607496247,109.645318024,-9.858496100,-9.858496100
1786168428.240780592,50.600766054,0.000000000,NONE,0,0.050019613,0.000000000,22.999999951,0.000000000,-0.061471690,20.228859214,-0.078013086,0.061471690,2.771140736,0.078013086,-0.221383360,2.991750059,0.118804812,-0.229831504,2.424087053,0.001406157,0.008448143,0.567663006,0.117398655,-1.811439907,450.000000000,19.711278824,-0.096023119,0.002460084,9.494275890,-114.420708996,115.326428949,-110.579291004,109.673571051,-9.855639412,-9.855639412
1786168428.290710688,50.650696368,0.000000000,TARGET_UPDATED,0,0.050062089,0.000000000,23.999999951,0.000000000,-0.061227842,20.350599625,-0.078018029,0.061227842,3.649400325,0.078018029,-0.237187121,2.990574789,0.117898386,-0.227472005,2.424063855,0.000646384,-0.009715117,0.566510934,0.117252001,-3.627492194,450.000000000,19.703322106,-0.095900738,0.002440019,9.494287989,-113.966698949,115.780445046,-111.033301051,109.219554954,-9.851661053,-9.851661053
1786168428.340613127,50.700598790,0.000000000,NONE,0,0.049893331,0.000000000,23.999999951,0.000000000,-0.061018552,20.472340625,-0.078024270,0.061018552,3.527659326,0.078024270,-0.235278043,2.990762491,0.116967891,-0.230398844,2.424036633,-0.000140961,-0.004879199,0.566725858,0.117108851,-2.834691136,450.000000000,19.696283412,-0.095779439,0.002416555,9.494376236,-114.164921275,115.582266843,-110.835078725,109.417733157,-9.848141706,-9.848141706
1786168428.390620708,50.750606161,0.000000000,NONE,0,0.050007732,0.000000000,23.999999951,0.000000000,-0.060952940,20.594092733,-0.078031266,0.060952940,3.405907218,0.078031266,-0.233141887,2.990966666,0.116031210,-0.231803118,2.424010401,-0.000926493,-0.001338769,0.566956265,0.116957703,-2.600692520,450.000000000,19.688474060,-0.095659223,0.002396061,9.494531288,-114.223459692,115.523805952,-110.776540308,109.476194048,-9.844237030,-9.844237030
1786168428.440711021,50.800696549,0.000000000,NONE,0,0.050010645,0.000000000,23.999999951,0.000000000,-0.060930108,20.715846237,-0.078038214,0.060930108,3.284153713,0.078038214,-0.230835841,2.991179181,0.115170914,-0.232012322,2.423984340,-0.001639532,0.001176481,0.567194841,0.116810446,-2.419210139,450.000000000,19.681164897,-0.095539833,0.002381224,9.494684463,-114.268868581,115.478473650,-110.731131419,109.521526350,-9.840582449,-9.840582449
1786168428.490635633,50.850621242,0.000000000,NONE,0,0.049997262,0.000000000,23.999999951,0.000000000,-0.060910256,20.837597422,-0.078044400,0.060910256,3.162402528,0.078044400,-0.228373551,2.991396172,0.114451100,-0.231524812,2.423960791,-0.002226753,0.003151261,0.567435380,0.116677853,-2.257501576,450.000000000,19.675092729,-0.095420980,0.002372834,9.494801761,-114.309325046,115.438075834,-110.690674954,109.561924166,-9.837546365,-9.837546365
1786168428.540722132,50.900707641,0.000000000,NONE,0,0.050061493,0.000000000,23.999999951,0.000000000,-0.060876754,20.934994931,-0.078048321,0.060876754,3.065005020,0.078048321,-0.226296031,2.991571080,0.114011162,-0.230717253,2.423944905,-0.002577559,0.004421222,0.567626175,0.116588721,-2.150262235,450.000000000,19.672643314,-0.095326110,0.002370387,9.496780953,-114.336629679,115.411760797,-110.663370321,109.588239203,-9.836321657,-9.836321657
1786168428.590606928,50.950592561,0.000000000,NONE,0,0.049909845,0.000000000,23.999999951,0.000000000,-0.060795397,21.056736054,-0.078051309,0.060795397,2.943263897,0.078051310,-0.223562604,2.991789996,0.113663540,-0.229443041,2.423929878,-0.002832171,0.005880437,0.567860118,0.116495711,-2.000033746,450.000000000,19.668956629,-0.095206702,0.002411156,9.496324121,-114.374072594,115.374089467,-110.625927406,109.625910533,-9.834478314,-9.834478314
1786168428.640862465,51.000848067,0.000000000,NONE,0,0.050270917,0.000000000,23.999999951,0.000000000,-0.060654795,21.178469574,-0.078051812,0.060654795,2.821530377,0.078051812,-0.220670568,2.992008602,0.113561519,-0.227793576,2.423921279,-0.002883299,0.007123009,0.568087323,0.116444818,-1.868532483,450.000000000,19.669172250,-0.095084623,0.002463147,9.495597903,-114.406766355,115.341032597,-110.593233645,109.658967403,-9.834586125,-9.834586125
1786168428.690732479,51.050718110,0.000000000,TARGET_UPDATED,0,0.049851197,0.000000000,24.999999951,0.000000000,-0.060436516,21.300194041,-0.078050234,0.060436516,3.699805909,0.078050234,-0.235714962,2.990855505,0.113703312,-0.225805480,2.423919302,-0.002729618,-0.009909482,0.566936203,0.116432931,-3.584652570,450.000000000,19.672016164,-0.094960515,0.002497714,9.494791304,-113.977534684,115.769860969,-111.022465316,109.230139031,-9.836008082,-9.836008082
1786168428.740647316,51.100632970,0.000000000,NONE,0,0.049899406,0.000000000,24.999999951,0.000000000,-0.060230555,21.421918299,-0.078046883,0.060230555,3.578081652,0.078046883,-0.233828906,2.990988044,0.114105324,-0.228063117,2.423923079,-0.002377329,-0.005765790,0.567064965,0.116482653,-2.869221079,450.000000000,19.679637860,-0.094835397,0.002507713,9.494146363,-114.156231321,115.590841861,-110.843768679,109.409158139,-9.839818930,-9.839818930
1786168428.790664196,51.150649676,0.000000000,NONE,0,0.050018193,0.000000000,24.999999951,0.000000000,-0.060186548,21.543656983,-0.078041915,0.060186548,3.456342968,0.078041915,-0.231706673,2.991130667,0.114686816,-0.230068706,2.423935343,-0.001876054,-0.001637967,0.567195324,0.116562870,-2.574976559,450.000000000,19.688775479,-0.094710306,0.002498421,9.493706457,-114.229682474,115.517170754,-110.770317526,109.482829246,-9.844387739,-9.844387739
1786168428.840833426,51.200819018,0.000000000,NONE,0,0.050000298,0.000000000,24.999999951,0.000000000,-0.060203406,21.665400748,-0.078035347,0.060203406,3.334599202,0.078035347,-0.229408080,2.991279407,0.115415999,-0.230522862,2.423952431,-0.001252193,0.001114782,0.567326976,0.116668191,-2.386693042,450.000000000,19.699567367,-0.094586056,0.002476113,9.493448230,-114.276688797,115.470035318,-110.723311203,109.529964682,-9.849783683,-9.849783683
1786168428.890658855,51.250644347,0.000000000,NONE,0,0.049991669,0.000000000,24.999999951,0.000000000,-0.060232289,21.787145188,-0.078027319,0.060232289,3.212854762,0.078027319,-0.226956626,2.991433772,0.116246573,-0.230196437,2.423973403,-0.000543835,0.003239811,0.567460370,0.116790409,-2.218287853,450.000000000,19.711380184,-0.094463170,0.002445617,9.493367089,-114.318769809,115.427913735,-110.681230191,109.572086265,-9.855690092,-9.855690092
1786168428.940654993,51.300640810,0.000000000,NONE,0,0.050026121,0.000000000,24.999999951,0.000000000,-0.060242591,21.908887584,-0.078018171,0.060242591,3.091112367,0.078018171,-0.224362557,2.991594764,0.117122104,-0.229314859,2.423996832,0.000199046,0.004952301,0.567597932,0.116923058,-2.067840421,450.000000000,19.723797065,-0.094341899,0.002412038,9.493440314,-114.356399973,115.390320184,-110.643600027,109.609679816,-9.861898533,-9.861898533
1786168428.990639925,51.350625451,0.000000000,NONE,0,0.049963398,0.000000000,24.999999951,0.000000000,-0.060209296,22.030625681,-0.078008388,0.060209296,2.969374270,0.078008388,-0.221632078,2.991763875,0.117983411,-0.227974989,2.424021068,0.000926272,0.006342911,0.567742806,0.117057139,-1.932551512,450.000000000,19.736139037,-0.094222250,0.002379773,9.493606312,-114.390263700,115.356539456,-110.609736300,109.643460544,-9.868069518,-9.868069518
1786168429.040635109,51.400620699,0.000000000,NONE,0,0.049999545,0.000000000,24.999999951,0.000000000,-0.060111448,22.152357529,-0.077998485,0.060111448,2.847642422,0.077998485,-0.218768239,2.991942819,0.118773287,-0.226251647,2.424044440,0.001590362,0.007483408,0.567898379,0.117182925,-1.808790687,450.000000000,19.747705779,-0.094104034,0.002351902,9.493838056,-114.421261842,115.325657186,-110.578738158,109.674342814,-9.873852889,-9.873852889
1786168429.090737343,51.450723050,0.000000000,TARGET_UPDATED,0,0.050137266,0.000000000,25.999999951,0.000000000,-0.059932611,22.274081525,-0.077989153,0.059932611,3.725918426,0.077989153,-0.233416555,2.990808262,0.119448082,-0.224230883,2.424065369,0.002145101,-0.009185672,0.566742893,0.117302981,-3.480425686,450.000000000,19.758929138,-0.093986958,0.002330262,9.494112879,-114.003421798,115.743634641,-110.996578202,109.256365359,-9.879464569,-9.879464569
1786168429.140660286,51.500645856,0.000000000,NONE,0,0.049866530,0.000000000,25.999999951,0.000000000,-0.059795642,22.395809882,-0.077981204,0.059795642,3.604190069,0.077981204,-0.231575368,2.990930401,0.119960779,-0.227155771,2.424090408,0.002560579,-0.004419597,0.566839993,0.117400199,-2.725684489,450.000000000,19.768216588,-0.093883013,0.002054031,9.497922832,-114.193059586,115.555901830,-110.806940414,109.444098170,-9.884108294,-9.884108294
1786168429.190657139,51.550642514,0.000000000,NONE,0,0.050010785,0.000000000,25.999999951,0.000000000,-0.059798423,22.517550409,-0.077975196,0.059798423,3.482449541,0.077975196,-0.229518027,2.991077645,0.120234322,-0.228584053,2.424096110,0.002770648,-0.000933974,0.566981535,0.117463675,-2.497196135,450.000000000,19.774916763,-0.093778118,0.002136361,9.498087823,-114.250222922,115.498820990,-110.749777078,109.501179010,-9.887458382,-9.887458382
1786168429.241371632,51.601357187,0.000000000,NONE,0,0.050633230,0.000000000,25.999999951,0.000000000,-0.059845019,22.639294142,-0.077971378,0.059845019,3.360705808,0.077971378,-0.227287209,2.991246099,0.120275759,-0.228854586,2.424101740,0.002782983,0.001567378,0.567144358,0.117492776,-2.318758374,450.000000000,19.779233862,-0.093668233,0.002238700,9.497759037,-114.294750166,115.454129353,-110.705249834,109.545870647,-9.889616931,-9.889616931
1786168429.290646076,51.650631699,0.000000000,NONE,0,0.049378316,0.000000000,25.999999951,0.000000000,-0.059898653,22.761037387,-0.077969813,0.059898653,3.238962564,0.077969813,-0.224896218,2.991434221,0.120089137,-0.228468798,2.424102539,0.002606054,0.003572580,0.567331682,0.117483083,-2.155574215,450.000000000,19.780684870,-0.093553501,0.002331508,9.496891430,-114.335329304,115.413116411,-110.664670696,109.586883589,-9.890342435,-9.890342435
1786168429.340638876,51.700624550,0.000000000,NONE,0,0.049966589,0.000000000,25.999999951,0.000000000,-0.059929974,22.882777038,-0.077970304,0.059929974,3.117222912,0.077970304,-0.222356405,2.991639978,0.119693147,-0.227520722,2.424097130,0.002258960,0.005164317,0.567542848,0.117434188,-2.014504893,450.000000000,19.779413816,-0.093434870,0.002398534,9.496067907,-114.370390754,115.377643200,-110.629609246,109.622356800,-9.889706908,-9.889706908
1786168429.390596390,51.750582039,0.000000000,NONE,0,0.049981942,0.000000000,25.999999951,0.000000000,-0.059914951,23.004510499,-0.077972577,0.059914951,2.995489452,0.077972577,-0.219677125,2.991860858,0.119121538,-0.226129089,2.424085586,0.001770135,0.006451964,0.567775272,0.117351403,-1.886680914,450.000000000,19.775873897,-0.093313713,0.002438238,9.495306391,-114.402156369,115.345496826,-110.597843631,109.654503174,-9.887936948,-9.887936948
1786168429.440617800,51.800603408,0.000000000,NONE,0,0.049997781,0.000000000,25.999999951,0.000000000,-0.059834934,23.126235732,-0.077976307,0.059834934,2.873764219,0.077976307,-0.216863381,2.992094196,0.118419944,-0.224389874,2.424068789,0.001177928,0.007526493,0.568025406,0.117242016,-1.767695995,450.000000000,19.770616184,-0.093191294,0.002453545,9.494678489,-114.431745624,115.315593621,-110.568254376,109.684406379,-9.885308092,-9.885308092
1786168429.490614414,51.850600226,0.000000000,NONE,0,0.050020713,0.000000000,25.999999951,0.000000000,-0.059674820,23.247951001,-0.077981091,0.059674820,2.752048949,0.077981092,-0.213916519,2.992337266,0.117642561,-0.222368283,2.424046735,0.000528341,0.008451764,0.568290532,0.117114220,-1.654403984,450.000000000,19.764232499,-0.093068667,0.002449674,9.494217731,-114.459953437,115.287155429,-110.540046563,109.712844571,-9.882116250,-9.882116250
1786168429.540763617,51.900749296,0.000000000,TARGET_UPDATED,0,0.050157535,0.000000000,26.999999951,0.000000000,-0.059421511,23.369655170,-0.077986536,0.059421511,3.630344780,0.077986537,-0.229446038,2.991217645,0.116858002,-0.220101585,2.424024757,-0.000131651,-0.009344453,0.567192888,0.116989653,-3.424169282,450.000000000,19.758518125,-0.092946732,0.002430198,9.493981631,-114.017453087,115.729537728,-110.982546913,109.270462272,-9.879259062,-9.879259062
1786168429.590708494,51.950694178,0.000000000,NONE,0,0.049915929,0.000000000,26.999999951,0.000000000,-0.059239706,23.467019347,-0.077991046,0.059239706,3.532980604,0.077991046,-0.227932468,2.991356988,0.116258419,-0.222433401,2.424020242,-0.000624891,-0.005499068,0.567336746,0.116883311,-2.728715256,450.000000000,19.754344434,-0.092840093,0.002669367,9.492327255,-114.190903000,115.555260628,-110.809097000,109.444739372,-9.877172217,-9.877172217
1786168429.640894890,52.000880459,0.000000000,NONE,0,0.049979038,0.000000000,26.999999951,0.000000000,-0.059158203,23.588735262,-0.077996222,0.059158203,3.411264689,0.077996222,-0.225834127,2.991544306,0.115539121,-0.224440406,2.423989467,-0.001203601,-0.001393721,0.567554839,0.116742722,-2.431903203,450.000000000,19.746738052,-0.092708341,0.002602641,9.491721308,-114.264954526,115.480906128,-110.735045474,109.519093872,-9.873369026,-9.873369026
1786168429.690651417,52.050636991,0.000000000,NONE,0,0.049956721,0.000000000,26.999999951,0.000000000,-0.059138755,23.710454236,-0.078000236,0.059138755,3.289545715,0.078000236,-0.223571233,2.991738140,0.114925570,-0.224893056,2.423967185,-0.001698554,0.001321823,0.567770956,0.116624123,-2.248207839,450.000000000,19.741788100,-0.092580794,0.002510175,9.491692259,-114.310871105,115.434975024,-110.689128895,109.565024976,-9.870894050,-9.870894050
1786168429.740614176,52.100599635,0.000000000,NONE,0,0.049993853,0.000000000,26.999999951,0.000000000,-0.059131691,23.832172003,-0.078003143,0.059131691,3.167827948,0.078003143,-0.221166974,2.991934601,0.114466661,-0.224566178,2.423950100,-0.002071712,0.003399203,0.567984501,0.116538373,-2.085276746,450.000000000,19.739357500,-0.092458029,0.002413823,9.492079247,-114.351700625,115.394338998,-110.648299375,109.605661002,-9.869678750,-9.869678750
1786168429.790611029,52.150596581,0.000000000,NONE,0,0.049968293,0.000000000,26.999999951,0.000000000,-0.059104796,23.953885883,-0.078004848,0.059104796,3.046114068,0.078004848,-0.218630199,2.992131481,0.114196048,-0.223654252,2.423938174,-0.002290002,0.005024053,0.568193308,0.116486050,-1.943473255,450.000000000,19.739273297,-0.092339798,0.002328369,9.492703459,-114.387307551,115.359044178,-110.612692449,109.640955822,-9.869636649,-9.869636649
1786168429.840686083,52.200671783,0.000000000,NONE,0,0.050035824,0.000000000,26.999999951,0.000000000,-0.059032063,24.075593788,-0.078005097,0.059032063,2.924406163,0.078005097,-0.215964295,2.992327496,0.114133124,-0.222277669,2.423931877,-0.002332580,0.006313374,0.568395618,0.116465704,-1.817436186,450.000000000,19.741403312,-0.092225275,0.002263195,9.493422468,-114.418996571,115.327714664,-110.581003429,109.672285336,-9.870701656,-9.870701656
1786168429.890657425,52.250643069,0.000000000,NONE,0,0.049983001,0.000000000,26.999999951,0.000000000,-0.058892591,24.197294119,-0.078003590,0.058892591,2.802705832,0.078003590,-0.213168232,2.992522206,0.114282146,-0.220525435,2.423931553,-0.002193746,0.007357203,0.568590654,0.116475892,-1.702267440,450.000000000,19.745637846,-0.092113304,0.002222813,9.494076854,-114.447952353,115.299086073,-110.552047647,109.700913927,-9.872818923,-9.872818923
1786168429.940750360,52.300736060,0.000000000,TARGET_UPDATED,0,0.050147309,0.000000000,27.999999951,0.000000000,-0.058670873,24.318985777,-0.078000171,0.058670873,3.681014174,0.078000171,-0.228017531,2.991414035,0.114626082,-0.218494917,2.423937169,-0.001884712,-0.009522614,0.567476866,0.116510793,-3.385308333,450.000000000,19.751494400,-0.092002741,0.002204669,9.494640566,-114.027333058,115.719987225,-110.972666942,109.280012775,-9.875747200,-9.875747200
1786168429.990650654,52.350636152,0.000000000,NONE,0,0.049871733,0.000000000,27.999999951,0.000000000,-0.058494225,24.440680755,-0.077994902,0.058494225,3.559319196,0.077994902,-0.226212603,2.991530704,0.115148231,-0.221480446,2.423947446,-0.001433691,-0.004732157,0.567583258,0.116581922,-2.626228306,450.000000000,19.760110747,-0.091892573,0.002202939,9.495010156,-114.217195462,115.530309616,-110.782804538,109.469690384,-9.880055373,-9.880055373
1786168430.040658951,52.400644493,0.000000000,NONE,0,0.050015325,0.000000000,27.999999951,0.000000000,-0.058453773,24.562387802,-0.077987995,0.058453773,3.437612148,0.077987995,-0.224190398,2.991658608,0.115767973,-0.222805690,2.423964237,-0.000905276,-0.001384709,0.567694371,0.116673249,-2.411093734,450.000000000,19.769821107,-0.091782033,0.002215426,9.495223066,-114.271032333,115.476579200,-110.728967667,109.523420800,-9.884910553,-9.884910553
1786168430.090608358,52.450594087,0.000000000,NONE,0,0.049979174,0.000000000,27.999999951,0.000000000,-0.058455147,24.684098369,-0.077979882,0.058455147,3.315901581,0.077979883,-0.222002929,2.991794571,0.116455504,-0.223048604,2.423983687,-0.000328661,0.001045675,0.567810884,0.116784165,-2.236984159,450.000000000,19.780896921,-0.091670630,0.002236143,9.495266892,-114.314570683,115.433062763,-110.685429317,109.566937237,-9.890448461,-9.890448461
1786168430.140626431,52.500611953,0.000000000,NONE,0,0.050010735,0.000000000,27.999999951,0.000000000,-0.058462280,24.805809242,-0.077971130,0.058462280,3.194190709,0.077971130,-0.219661622,2.991939154,0.117165442,-0.222645646,2.424004812,0.000259998,0.002984024,0.567934342,0.116905443,-2.081148164,450.000000000,19.792515440,-0.091558130,0.002259335,9.495192766,-114.353511151,115.394085232,-110.646488849,109.605914768,-9.896257720,-9.896257720
1786168430.190653086,52.550638678,0.000000000,NONE,0,0.050008184,0.000000000,27.999999951,0.000000000,-0.058452912,24.903176422,-0.077964030,0.058452912,3.096823528,0.077964030,-0.217683036,2.992061675,0.117717480,-0.221913874,2.424021932,0.000717156,0.004230838,0.568039743,0.117000324,-1.978780420,450.000000000,19.801554867,-0.091467332,0.002276507,9.496905456,-114.379531259,115.368921469,-110.620468741,109.631078531,-9.900777433,-9.900777433
1786168430.240647078,52.600632730,0.000000000,NONE,0,0.049976650,0.000000000,27.999999951,0.000000000,-0.058402923,25.024881692,-0.077955459,0.058402923,2.975118258,0.077955459,-0.215078528,2.992224578,0.118349796,-0.220680526,2.424042419,0.001230906,0.005601998,0.568182159,0.117118891,-1.840098100,450.000000000,19.813256228,-0.091351808,0.002339258,9.496166957,-114.414017214,115.334066264,-110.585982786,109.665933736,-9.906628114,-9.906628114
1786168430.290618658,52.650604109,0.000000000,NONE,0,0.049999742,0.000000000,27.999999951,0.000000000,-0.058295014,25.146581341,-0.077947892,0.058295014,2.853418609,0.077947893,-0.212324762,2.992399806,0.118879410,-0.219078743,2.424060721,0.001658219,0.006753981,0.568339085,0.117221191,-1.719060023,450.000000000,19.823021380,-0.091233113,0.002392810,9.495259096,-114.444049768,115.303579780,-110.555950232,109.696420220,-9.911510690,-9.911510690
1786168430.340756416,52.700742059,0.000000000,TARGET_UPDATED,0,0.050156803,0.000000000,28.999999951,0.000000000,-0.058112345,25.268273660,-0.077941563,0.058112345,3.731726291,0.077941564,-0.226476286,2.991346458,0.119261703,-0.217170600,2.424075335,0.001974579,-0.009305686,0.567271123,0.117287124,-3.322331745,450.000000000,19.829846513,-0.091112491,0.002418528,9.494491922,-114.043040044,115.704205917,-110.956959956,109.295794083,-9.914923256,-9.914923256
1786168430.390637398,52.750622829,0.000000000,NONE,0,0.049857867,0.000000000,28.999999951,0.000000000,-0.057970021,25.389968892,-0.077936698,0.057970021,3.610031059,0.077936699,-0.224646165,2.991474759,0.119497521,-0.219926298,2.424084495,0.002156365,-0.004719867,0.567390264,0.117341156,-2.595748081,450.000000000,19.836323204,-0.090991436,0.002415836,9.493907732,-114.224539913,115.522413953,-110.775460087,109.477586047,-9.918161602,-9.918161602
1786168430.440614939,52.800600617,0.000000000,NONE,0,0.049980926,0.000000000,28.999999951,0.000000000,-0.057965447,25.511675763,-0.077933467,0.057965447,3.488324188,0.077933467,-0.222606249,2.991625936,0.119525621,-0.221323342,2.424090310,0.002167344,-0.001282906,0.567535626,0.117358277,-2.369251622,450.000000000,19.839713319,-0.090871190,0.002393490,9.493595226,-114.281085901,115.465711712,-110.718914099,109.534288288,-9.919856660,-9.919856660
1786168430.490625858,52.850611266,0.000000000,NONE,0,0.050013479,0.000000000,28.999999951,0.000000000,-0.058004534,25.633385380,-0.077931885,0.058004534,3.366614571,0.077931885,-0.220412296,2.991794850,0.119361199,-0.221571106,2.424089921,0.002018321,0.001158810,0.567704929,0.117342878,-2.196297245,450.000000000,19.840919267,-0.090752455,0.002359180,9.493517201,-114.324304989,115.422453612,-110.675695011,109.577546388,-9.920459633,-9.920459633
1786168430.541234493,52.901219907,0.000000000,NONE,0,0.050050765,0.000000000,28.999999951,0.000000000,-0.058050689,25.755094127,-0.077931956,0.058050689,3.244905824,0.077931956,-0.218078938,2.991979290,0.119023671,-0.221189133,2.424083827,0.001726801,0.003110195,0.567895462,0.117296870,-2.040160386,450.000000000,19.840022823,-0.090635592,0.002320382,9.493628897,-114.363367128,115.383447321,-110.636632872,109.616552679,-9.920011411,-9.920011411
1786168430.590618610,52.950604250,0.000000000,NONE,0,0.049947232,0.000000000,28.999999951,0.000000000,-0.058075919,25.876799285,-0.077933577,0.058075919,3.123200666,0.077933577,-0.215611338,2.992177270,0.118543805,-0.220287612,2.424073660,0.001319746,0.004676275,0.568103610,0.117224059,-1.902660417,450.000000000,19.837315005,-0.090519520,0.002306421,9.493525130,-114.397716178,115.349046387,-110.602283822,109.650953613,-9.918657502,-9.918657502
1786168430.640630722,53.000616461,0.000000000,NONE,0,0.049994693,0.000000000,28.999999951,0.000000000,-0.058057843,25.998498417,-0.077936550,0.058057843,3.001501534,0.077936550,-0.213020722,2.992386081,0.117959544,-0.218983546,2.424056603,0.000829811,0.005962824,0.568329478,0.117129733,-1.777967582,450.000000000,19.833211135,-0.090406313,0.002246000,9.494112452,-114.429036218,115.318020008,-110.570963782,109.681979992,-9.916605567,-9.916605567
1786168430.690618277,53.050603845,0.000000000,NONE,0,0.050007557,0.000000000,28.999999951,0.000000000,-0.057999669,26.095852263,-0.077939712,0.057999669,2.904147688,0.077939713,-0.210858771,2.992559461,0.117449135,-0.217673549,2.424042339,0.000404421,0.006814779,0.568517122,0.117044714,-1.691660584,450.000000000,19.830372998,-0.090316970,0.002225962,9.496198447,-114.451134466,115.296964758,-110.548865534,109.703035242,-9.915186499,-9.915186499
1786168430.740614891,53.100600585,0.000000000,NONE,0,0.049992345,0.000000000,28.999999951,0.000000000,-0.057859959,26.217536541,-0.077944200,0.057859959,2.782463410,0.077944200,-0.208038134,2.992782619,0.116797908,-0.215847082,2.424022730,-0.000125131,0.007808949,0.568759889,0.116923039,-1.572600013,450.000000000,19.824044616,-0.090204908,0.002257275,9.495939509,-114.480834874,115.267134881,-110.519165126,109.732865119,-9.912022308,-9.912022308
1786168430.790719748,53.150705328,0.000000000,TARGET_UPDATED,0,0.050112327,0.000000000,29.999999951,0.000000000,-0.057687461,26.314876873,-0.077947887,0.057687461,3.685123078,0.077947887,-0.223120453,2.991715437,0.116304444,-0.214172394,2.424006778,-0.000532878,-0.008948058,0.567708659,0.116837322,-3.242734608,450.000000000,19.821695265,-0.090113906,0.002284750,9.497416203,-114.063670399,115.685037703,-110.936329601,109.314962297,-9.910847632,-9.910847632
1786168430.840697050,53.200682612,0.000000000,NONE,0,0.049916205,0.000000000,29.999999951,0.000000000,-0.057507067,26.436553422,-0.077952195,0.057507067,3.563446529,0.077952195,-0.221303903,2.991872250,0.115746480,-0.216732682,2.423986762,-0.000973117,-0.004571222,0.567885488,0.116719597,-2.519653356,450.000000000,19.815719714,-0.089997896,0.002351377,9.496453872,-114.244200129,115.504026807,-110.755799871,109.495973193,-9.907859857,-9.907859857
1786168430.890651464,53.250637079,0.000000000,NONE,0,0.049993271,0.000000000,29.999999951,0.000000000,-0.057468156,26.533902647,-0.077955057,0.057468156,3.466097303,0.077955057,-0.219689039,2.992006759,0.115349508,-0.217965068,2.423974014,-0.001286438,-0.001723971,0.568032745,0.116635946,-2.345620120,450.000000000,19.813464868,-0.089902755,0.002393809,9.497407298,-114.287946795,115.460756855,-110.712053205,109.539243145,-9.906732434,-9.906732434
1786168430.940642118,53.300627589,0.000000000,NONE,0,0.049991925,0.000000000,29.999999951,0.000000000,-0.057466375,26.655591551,-0.077957723,0.057466375,3.344408400,0.077957723,-0.217518320,2.992180568,0.114958230,-0.218476939,2.423960105,-0.001588516,0.000958618,0.568220463,0.116546746,-2.142659141,450.000000000,19.810022957,-0.089781051,0.002465464,9.495931112,-114.338317993,115.409647563,-110.661682007,109.590352437,-9.905011479,-9.905011479
1786168430.990617514,53.350603177,0.000000000,NONE,0,0.049994366,0.000000000,29.999999951,0.000000000,-0.057483262,26.777280207,-0.077959072,0.057483262,3.222719744,0.077959072,-0.215189987,2.992358440,0.114712132,-0.218257104,2.423950049,-0.001774432,0.003067117,0.568408391,0.116486564,-1.979496749,450.000000000,19.809302574,-0.089656329,0.002508302,9.494489575,-114.378748206,115.368496581,-110.621251794,109.631503419,-9.904651287,-9.904651287
1786168431.040619850,53.400605460,0.000000000,NONE,0,0.049991882,0.000000000,29.999999951,0.000000000,-0.057485091,26.898965762,-0.077959131,0.057485091,3.101034189,0.077959131,-0.212722905,2.992537907,0.114632014,-0.217431203,2.423944220,-0.001826151,0.004708298,0.568593687,0.116458165,-1.839892740,450.000000000,19.810861373,-0.089530848,0.002506100,9.493424710,-114.413382993,115.333329363,-110.586617007,109.666670637,-9.905430686,-9.905430686
1786168431.090840101,53.450825703,0.000000000,NONE,0,0.050200254,0.000000000,29.999999951,0.000000000,-0.057458841,26.996310612,-0.077958154,0.057458841,3.003689339,0.077958154,-0.210657409,2.992681623,0.114692964,-0.216420932,2.423942891,-0.001762671,0.005763523,0.568738732,0.116455636,-1.746526306,450.000000000,19.814125032,-0.089431212,0.002478772,9.494706063,-114.437044939,115.310308092,-110.562955061,109.689691908,-9.907062516,-9.907062516
1786168431.140597820,53.500583485,0.000000000,NONE,0,0.049771537,0.000000000,29.999999951,0.000000000,-0.057376995,27.117986111,-0.077955581,0.057376995,2.882013840,0.077955581,-0.207960890,2.992861276,0.114921987,-0.214943818,2.423945627,-0.001556961,0.006982928,0.568915649,0.116478948,-1.615859362,450.000000000,19.819174343,-0.089307725,0.002469354,9.493811250,-114.469487972,115.277417653,-110.530512028,109.722582347,-9.909587171,-9.909587171
1786168431.190612316,53.550597806,0.000000000,NONE,0,0.050030471,0.000000000,29.999999951,0.000000000,-0.057227100,27.239654466,-0.077951510,0.057227100,2.760345485,0.077951510,-0.205132241,2.993041556,0.115303927,-0.213138644,2.423953257,-0.001224670,0.008006403,0.569088299,0.116528598,-1.502551442,450.000000000,19.826088816,-0.089184632,0.002452531,9.493055919,-114.497626119,115.248901840,-110.502373881,109.751098160,-9.913044408,-9.913044408
1786168431.240718842,53.600704394,0.000000000,TARGET_UPDATED,0,0.050097917,0.000000000,30.999999951,0.000000000,-0.056993562,27.361314532,-0.077946090,0.056993562,3.638685419,0.077946091,-0.219930871,2.991970180,0.115822870,-0.211058254,2.423964939,-0.000789932,-0.008872617,0.568005241,0.116612803,-3.172968986,450.000000000,19.835592615,-0.089063095,0.002412995,9.492652066,-114.079920770,115.666405263,-110.920079230,109.333594737,-9.917796308,-9.917796308
1786168431.290682554,53.650668316,0.000000000,NONE,0,0.049874585,0.000000000,30.999999951,0.000000000,-0.056770808,27.482974909,-0.077939574,0.056770808,3.517025042,0.077939574,-0.218146918,2.992077172,0.116421290,-0.213257887,2.423978895,-0.000279831,-0.004889030,0.568098278,0.116701120,-2.480001717,450.000000000,19.844775050,-0.088944032,0.002357556,9.492553543,-114.253137957,115.493138815,-110.746862043,109.506861185,-9.922387525,-9.922387525
1786168431.340656757,53.700642146,0.000000000,NONE,0,0.050055274,0.000000000,30.999999951,0.000000000,-0.056698788,27.604648328,-0.077932239,0.056698788,3.395351623,0.077932239,-0.216149580,2.992197940,0.117030232,-0.215057755,2.423997031,0.000233045,-0.001091825,0.568200909,0.116797187,-2.214828099,450.000000000,19.854571258,-0.088827939,0.002297392,9.492760373,-114.319483068,115.426897118,-110.680516932,109.573102882,-9.927285629,-9.927285629
1786168431.390605927,53.750591475,0.000000000,NONE,0,0.049968760,0.000000000,30.999999951,0.000000000,-0.056677662,27.726325966,-0.077924382,0.056677662,3.273673984,0.077924382,-0.213996095,2.992329248,0.117617228,-0.215371366,2.424015462,0.000720571,0.001375271,0.568313787,0.116896657,-2.049066461,450.000000000,19.864526213,-0.088714773,0.002242281,9.493124087,-114.361014406,115.385547637,-110.638985594,109.614452363,-9.932263107,-9.932263107
1786168431.440652370,53.800637753,0.000000000,NONE,0,0.049976991,0.000000000,30.999999951,0.000000000,-0.056663950,27.848003974,-0.077916534,0.056663950,3.151995976,0.077916535,-0.211702806,2.992471018,0.118147578,-0.215009616,2.424033291,0.001151642,0.003306810,0.568437726,0.116995935,-1.897244321,450.000000000,19.874395092,-0.088604117,0.002197312,9.493577661,-114.399083335,115.347705495,-110.600916665,109.652294505,-9.937197546,-9.937197546
1786168431.490673065,53.850658695,0.000000000,NONE,0,0.050048882,0.000000000,30.999999951,0.000000000,-0.056629077,27.969679778,-0.077909206,0.056629077,3.030320173,0.077909207,-0.209275187,2.992623946,0.118587359,-0.214115670,2.424049405,0.001501481,0.004840483,0.568574541,0.117085878,-1.764355362,450.000000000,19.883431730,-0.088495352,0.002165469,9.494053119,-114.432424439,115.314602120,-110.567575561,109.685397880,-9.941715865,-9.941715865
1786168431.540632248,53.900617956,0.000000000,NONE,0,0.049993393,0.000000000,30.999999951,0.000000000,-0.056549802,28.091351218,-0.077902858,0.056549802,2.908648733,0.077902858,-0.206715175,2.992788746,0.118908726,-0.212800069,2.424062721,0.001748598,0.006084895,0.568726024,0.117160128,-1.644488393,450.000000000,19.891245864,-0.088387781,0.002147179,9.494467920,-114.462494882,115.284739078,-110.537505118,109.715260922,-9.945622932,-9.945622932
1786168431.590665102,53.950650721,0.000000000,NONE,0,0.050009693,0.000000000,30.999999951,0.000000000,-0.056407139,28.213016464,-0.077897793,0.056407139,2.786983487,0.077897794,-0.204021813,2.992965995,0.119091573,-0.211134744,2.424072351,0.001880417,0.007112931,0.568893644,0.117211156,-1.534189670,450.000000000,19.897283866,-0.088280725,0.002141117,9.494793802,-114.490151033,115.257245868,-110.509848967,109.742754132,-9.948641933,-9.948641933
1786168431.640866756,54.000852510,0.000000000,TARGET_UPDATED,0,0.050227043,0.000000000,31.999999951,0.000000000,-0.056186009,28.334673989,-0.077894223,0.056186009,3.665325962,0.077894223,-0.218397134,2.991950184,0.119116263,-0.209191381,2.424077640,0.001889439,-0.009205752,0.567872544,0.117226824,-3.148676633,450.000000000,19.900616195,-0.088173643,0.002144201,9.495053800,-114.086594292,115.660932608,-110.913405708,109.339067392,-9.950308097,-9.950308097
1786168431.690627813,54.050613362,0.000000000,NONE,0,0.049752636,0.000000000,31.999999951,0.000000000,-0.056002836,28.456333807,-0.077892256,0.056002836,3.543666144,0.077892256,-0.216662305,2.992080823,0.119000018,-0.211941630,2.424077433,0.001773506,-0.004720675,0.568003390,0.117226511,-2.428638604,450.000000000,19.903192245,-0.088066257,0.002151730,9.495150759,-114.266628039,115.480947341,-110.733371961,109.519052659,-9.951596122,-9.951596122
1786168431.740636110,54.100621723,0.000000000,NONE,0,0.050004986,0.000000000,31.999999951,0.000000000,-0.055951320,28.578004040,-0.077891827,0.055951320,3.421995910,0.077891827,-0.214716588,2.992232566,0.118710225,-0.213247007,2.424074378,0.001516259,-0.001469580,0.568158188,0.117193967,-2.218701612,450.000000000,19.903199730,-0.087958436,0.002162362,9.495215407,-114.319128449,115.428479255,-110.680871551,109.571520745,-9.951599865,-9.951599865
1786168431.790635586,54.150621171,0.000000000,NONE,0,0.050000139,0.000000000,31.999999951,0.000000000,-0.055942057,28.675341989,-0.077892494,0.055942057,3.324657962,0.077892494,-0.213043800,2.992365329,0.118378081,-0.213476736,2.424068243,0.001227355,0.000432936,0.568297086,0.117150726,-2.097370139,450.000000000,19.902887631,-0.087871758,0.002171953,9.496972505,-114.349900592,115.398585661,-110.650099408,109.601414339,-9.951443816,-9.951443816
1786168431.840743065,54.200728513,0.000000000,NONE,0,0.050010188,0.000000000,31.999999951,0.000000000,-0.055941961,28.797013921,-0.077894356,0.055941961,3.202986029,0.077894356,-0.210813574,2.992543520,0.117867984,-0.213311748,2.424056915,0.000794052,0.002498174,0.568486605,0.117073932,-1.925052475,450.000000000,19.899768800,-0.087761934,0.002222546,9.496458597,-114.392851530,115.355377768,-110.607148470,109.644622232,-9.949884400,-9.949884400
1786168431.890693903,54.250679429,0.000000000,NONE,0,0.050033654,0.000000000,31.999999951,0.000000000,-0.055931034,28.918683041,-0.077897013,0.055931034,3.081316910,0.077897013,-0.208429432,2.992733399,0.117289591,-0.212586692,2.424042590,0.000307765,0.004157261,0.568690809,0.116981825,-1.785858186,450.000000000,19.895942490,-0.087649169,0.002275306,9.495680631,-114.427455611,115.320384704,-110.572544389,109.679615296,-9.947971245,-9.947971245
1786168431.940649748,54.300635371,0.000000000,NONE,0,0.049967545,0.000000000,31.999999951,0.000000000,-0.055882574,29.040346857,-0.077900325,0.055882574,2.959653094,0.077900325,-0.205901850,2.992932064,0.116688162,-0.211380153,2.424026073,-0.000195218,0.005478302,0.568905991,0.116883381,-1.663221664,450.000000000,19.891842263,-0.087534410,0.002305375,9.494946966,-114.457931325,115.289542158,-110.542068675,109.710457842,-9.945921131,-9.945921131
1786168431.990754366,54.350740010,0.000000000,NONE,0,0.050052103,0.000000000,31.999999951,0.000000000,-0.055777363,29.162003608,-0.077904016,0.055777363,2.837996342,0.077904017,-0.203236531,2.993136970,0.116109083,-0.209826002,2.424008553,-0.000673904,0.006589471,0.569128417,0.116782986,-1.548603605,450.000000000,19.887701659,-0.087418831,0.002313185,9.494373535,-114.486442482,115.260744285,-110.513557518,109.739255715,-9.943850829,-9.943850829
1786168432.040691614,54.400677319,0.000000000,TARGET_UPDATED,0,0.050003638,0.000000000,32.999999951,0.000000000,-0.055600250,29.283651974,-0.077907700,0.055600250,3.716347977,0.077907700,-0.216913527,2.992197394,0.115585021,-0.207990888,2.423991326,-0.001091229,-0.008922639,0.568206069,0.116676250,-3.086100488,450.000000000,19.883018465,-0.087303451,0.002303215,9.493973810,-114.101968331,115.645018575,-110.898031669,109.354981425,-9.941509233,-9.941509233
1786168432.090642214,54.450627702,0.000000000,NONE,0,0.049931217,0.000000000,32.999999951,0.000000000,-0.055461372,29.405301616,-0.077911009,0.055461372,3.594698335,0.077911010,-0.215154673,2.992340321,0.115176624,-0.210627388,2.423974916,-0.001420358,-0.004527285,0.568365404,0.116596982,-2.387991875,450.000000000,19.880927614,-0.087189067,0.002278043,9.493781743,-114.276447467,115.470443405,-110.723552533,109.529556595,-9.940463807,-9.940463807
1786168432.140623808,54.500609441,0.000000000,NONE,0,0.049990305,0.000000000,32.999999951,0.000000000,-0.055454446,29.526960944,-0.077913506,0.055454446,3.473039007,0.077913507,-0.213195194,2.992492586,0.114867718,-0.211969144,2.423963028,-0.001659318,-0.001226050,0.568529558,0.116527036,-2.171898824,450.000000000,19.879132402,-0.087076123,0.002247463,9.493757983,-114.330464790,115.416414202,-110.669535210,109.583585798,-9.939566201,-9.939566201
1786168432.190642118,54.550627802,0.000000000,NONE,0,0.050016299,0.000000000,32.999999951,0.000000000,-0.055488753,29.648622168,-0.077914774,0.055488753,3.351377783,0.077914774,-0.211087508,2.992648751,0.114693582,-0.212201318,2.423954112,-0.001783384,0.001113810,0.568694639,0.116476965,-2.008075241,450.000000000,19.878938415,-0.086964718,0.002217125,9.493848286,-114.371443261,115.375480882,-110.628556739,109.624519118,-9.939469207,-9.939469207
1786168432.240636826,54.600622450,0.000000000,NONE,0,0.050005272,0.000000000,32.999999951,0.000000000,-0.055529705,29.770282465,-0.077914603,0.055529705,3.229717485,0.077914603,-0.208843938,2.992807011,0.114671026,-0.211841301,2.423949197,-0.001779858,0.002997362,0.568857814,0.116450885,-1.859157653,450.000000000,19.880503905,-0.086854734,0.002190687,9.494000295,-114.408710660,115.338289487,-110.591289340,109.661710513,-9.940251952,-9.940251952
1786168432.290788651,54.650774324,0.000000000,NONE,0,0.050120504,0.000000000,32.999999951,0.000000000,-0.055550394,29.891939718,-0.077912905,0.055550394,3.108060232,0.077912905,-0.206471848,2.992966379,0.114804511,-0.210980883,2.423948658,-0.001646301,0.004509035,0.569017721,0.116450812,-1.728854012,450.000000000,19.883937180,-0.086745902,0.002170443,9.494191636,-114.441334406,115.305761412,-110.558665594,109.694238588,-9.941968590,-9.941968590
1786168432.340631485,54.700617208,0.000000000,NONE,0,0.049866356,0.000000000,32.999999951,0.000000000,-0.055529791,30.013592333,-0.077909725,0.055529791,2.986407618,0.077909725,-0.203974566,2.993126587,0.115086667,-0.209740637,2.423952540,-0.001390027,0.005766071,0.569174048,0.116476694,-1.609343848,450.000000000,19.889173534,-0.086637879,0.002157386,9.494321048,-114.471244300,115.275916224,-110.528755700,109.724083776,-9.944586767,-9.944586767
1786168432.390769005,54.750754372,0.000000000,NONE,0,0.050006342,0.000000000,32.999999951,0.000000000,-0.055450990,30.135239072,-0.077905220,0.055450990,2.864760879,0.077905220,-0.201352494,2.993287993,0.115498547,-0.208188579,2.423960533,-0.001027579,0.006836085,0.569327461,0.116526126,-1.498082679,450.000000000,19.896016753,-0.086530343,0.002149787,9.494448241,-114.499091391,115.248132730,-110.500908609,109.751867270,-9.948008376,-9.948008376
1786168432.440925837,54.800911572,0.000000000,NONE,0,0.050037155,0.000000000,32.999999951,0.000000000,-0.055336436,30.232551539,-0.077900803,0.055336436,2.767448412,0.077900803,-0.199163909,2.993418543,0.115902402,-0.206736230,2.423969489,-0.000674918,0.007572320,0.569449054,0.116577320,-1.418587073,450.000000000,19.902551579,-0.086444482,0.002147505,9.496253075,-114.519416500,115.228710037,-110.480583500,109.771289963,-9.951275789,-9.951275789
1786168432.490756750,54.850742445,0.000000000,TARGET_UPDATED,0,0.050082560,0.000000000,33.999999951,0.000000000,-0.055120454,30.354185350,-0.077894633,0.055120454,3.645814601,0.077894633,-0.213405430,2.992414118,0.116481369,-0.204805726,2.423982563,-0.000190480,-0.008599704,0.568431555,0.116671849,-3.007036717,450.000000000,19.912954530,-0.086336801,0.002172687,9.496034755,-114.122249510,115.625767868,-110.877750490,109.374232132,-9.956477265,-9.956477265
1786168432.540657520,54.900643059,0.000000000,NONE,0,0.049895825,0.000000000,33.999999951,0.000000000,-0.054912833,30.475819488,-0.077888158,0.054912833,3.524180463,0.077888158,-0.211667837,2.992513342,0.117091393,-0.206858441,2.423997856,0.000325764,-0.004809396,0.568515486,0.116765628,-2.345631934,450.000000000,19.922424223,-0.086226736,0.002219342,9.495367723,-114.287433947,115.460249914,-110.712566053,109.539750086,-9.961212111,-9.961212111
1786168432.590737581,54.950723223,0.000000000,NONE,0,0.050081819,0.000000000,33.999999951,0.000000000,-0.054851520,30.597465991,-0.077881442,0.054851520,3.402533959,0.077881442,-0.209710750,2.992628352,0.117662092,-0.208652875,2.424015518,0.000810329,-0.001057875,0.568612834,0.116851763,-2.082283288,450.000000000,19.931220063,-0.086114775,0.002249186,9.494737907,-114.353113655,115.394255299,-110.646886345,109.605744701,-9.965610031,-9.965610031
1786168432.640714407,55.000700004,0.000000000,NONE,0,0.049917212,0.000000000,33.999999951,0.000000000,-0.054844162,30.719116833,-0.077874662,0.054844162,3.280883117,0.077874663,-0.207590049,2.992756017,0.118164435,-0.209045938,2.424031970,0.001232077,0.001455890,0.568724047,0.116932358,-1.913753396,450.000000000,19.939674895,-0.086001920,0.002259468,9.494192637,-114.395109810,115.351986508,-110.604890190,109.648013492,-9.969837447,-9.969837447
1786168432.690680265,55.050666035,0.000000000,NONE,0,0.050029751,0.000000000,33.999999951,0.000000000,-0.054847642,30.840768209,-0.077868197,0.054847642,3.159231742,0.077868198,-0.205333589,2.992895219,0.118571076,-0.208752250,2.424046205,0.001567546,0.003418661,0.568849015,0.117003530,-1.762579936,450.000000000,19.947391807,-0.085891315,0.002200827,9.494524899,-114.432986241,115.314276209,-110.567013759,109.685723791,-9.973695903,-9.973695903
1786168432.740638256,55.100623760,0.000000000,NONE,0,0.049951691,0.000000000,33.999999951,0.000000000,-0.054833827,30.962417589,-0.077862478,0.054833827,3.037582361,0.077862478,-0.202944723,2.993046422,0.118858436,-0.207938301,2.424057836,0.001796991,0.004993577,0.568988586,0.117061445,-1.629136553,450.000000000,19.954106410,-0.085781470,0.002196676,9.494348693,-114.466303035,115.280871312,-110.533696965,109.719128688,-9.977053205,-9.977053205
1786168432.790691614,55.150677215,0.000000000,NONE,0,0.050006228,0.000000000,33.999999951,0.000000000,-0.054779771,31.084062857,-0.077857868,0.054779771,2.915937094,0.077857868,-0.200426425,2.993209816,0.119010093,-0.206701969,2.424066094,0.001909039,0.006275544,0.569143722,0.117101053,-1.509495875,450.000000000,19.959439497,-0.085671858,0.002189887,9.494215903,-114.496180007,115.250927945,-110.503819993,109.749072055,-9.979719748,-9.979719748
1786168432.840626955,55.200612521,0.000000000,NONE,0,0.049988254,0.000000000,33.999999951,0.000000000,-0.054666835,31.205702232,-0.077854592,0.054666835,2.794297719,0.077854592,-0.197780780,2.993385280,0.119018227,-0.205122145,2.424070352,0.001900079,0.007341365,0.569314928,0.117118147,-1.399420747,450.000000000,19.963113253,-0.085562752,0.002177740,9.494163160,-114.523685603,115.223395977,-110.476314397,109.776604023,-9.981556627,-9.981556627
1786168432.890693665,55.250679103,0.000000000,TARGET_UPDATED,0,0.050073086,0.000000000,34.999999951,0.000000000,-0.054479720,31.327334208,-0.077852732,0.054479720,3.672665743,0.077852733,-0.211613775,2.992444009,0.118894163,-0.203258831,2.424070307,0.001773864,-0.008354943,0.568373702,0.117120299,-2.946354228,450.000000000,19.965897172,-0.085454348,0.002162411,9.494202013,-114.136961946,115.610139060,-110.863038054,109.389860940,-9.982948586,-9.982948586
1786168432.940663338,55.300648682,0.000000000,NONE,0,0.049930772,0.000000000,34.999999951,0.000000000,-0.054314090,31.448966731,-0.077852230,0.054314090,3.551033219,0.077852230,-0.209920988,2.992573619,0.118631774,-0.205557182,2.424065166,0.001545533,-0.004363806,0.568508453,0.117086241,-2.279553311,450.000000000,19.965711117,-0.085346811,0.002144308,9.494302967,-114.303687414,115.443464070,-110.696312586,109.556535930,-9.982855559,-9.982855559
1786168432.990644693,55.350630425,0.000000000,NONE,0,0.050008089,0.000000000,34.999999951,0.000000000,-0.054285909,31.570609610,-0.077852925,0.054285909,3.429390341,0.077852925,-0.208025014,2.992722049,0.118227557,-0.207101889,2.424057999,0.001198715,-0.000923125,0.568664050,0.117028842,-2.046464936,450.000000000,19.964153679,-0.085240194,0.002128048,9.494461605,-114.361999167,115.385231635,-110.638000833,109.614768365,-9.982076839,-9.982076839
1786168433.040658236,55.400643635,0.000000000,NONE,0,0.049987975,0.000000000,34.999999951,0.000000000,-0.054303299,31.692254786,-0.077854651,0.054303299,3.307745165,0.077854652,-0.205976959,2.992883697,0.117722978,-0.207387508,2.424046971,0.000766397,0.001410549,0.568836726,0.116956581,-1.888078653,450.000000000,19.961720845,-0.085134260,0.002115948,9.494619281,-114.401635157,115.345674483,-110.598364843,109.654325517,-9.980860423,-9.980860423
1786168433.090599537,55.450584939,0.000000000,NONE,0,0.049995828,0.000000000,34.999999951,0.000000000,-0.054325317,31.813898613,-0.077857231,0.054325317,3.186101338,0.077857231,-0.203792364,2.993055482,0.117160085,-0.206986164,2.424033295,0.000285873,0.003193800,0.569022188,0.116874212,-1.749316557,450.000000000,19.958674704,-0.085028741,0.002108845,9.494750902,-114.436358586,115.311016865,-110.563641414,109.688983135,-9.979337352,-9.979337352
1786168433.140679836,55.500665592,0.000000000,NONE,0,0.050045938,0.000000000,34.999999951,0.000000000,-0.054325448,31.935538741,-0.077860350,0.054325448,3.064461210,0.077860350,-0.201477024,2.993235000,0.116581601,-0.206101920,2.424018074,-0.000203809,0.004624896,0.569216926,0.116785410,-1.625644777,450.000000000,19.955254014,-0.084923407,0.002105943,9.494853392,-114.467302154,115.280124542,-110.532697846,109.719875458,-9.977627007,-9.977627007
1786168433.190679789,55.550665288,0.000000000,NONE,0,0.050007052,0.000000000,34.999999951,0.000000000,-0.054282351,32.057173322,-0.077863622,0.054282351,2.942826628,0.077863623,-0.199033634,2.993420101,0.116029662,-0.204823778,2.424002439,-0.000665953,0.005790143,0.569417662,0.116695614,-1.514195585,450.000000000,19.951864841,-0.084818075,0.002106708,9.494902137,-114.495176638,115.252274431,-110.504823362,109.747725569,-9.975932421,-9.975932421
1786168433.240632296,55.600618035,0.000000000,NONE,0,0.049943192,0.000000000,34.999999951,0.000000000,-0.054178939,32.178800877,-0.077866637,0.054178939,2.821199074,0.077866637,-0.196459589,2.993609137,0.115543041,-0.203229691,2.423986924,-0.001067208,0.006770102,0.569622213,0.116610249,-1.410345416,450.000000000,19.948887575,-0.084711803,0.002127182,9.494657237,-114.521077955,115.226250663,-110.478922045,109.773749337,-9.974443788,-9.974443788
1786168433.290823221,55.650808790,0.000000000,TARGET_UPDATED,0,0.050198242,0.000000000,35.999999951,0.000000000,-0.054000735,32.300420345,-0.077869052,0.054000735,3.699579606,0.077869052,-0.209934865,2.992709764,0.115146422,-0.201365335,2.423974263,-0.001379774,-0.008569530,0.568735501,0.116526196,-2.917382667,450.000000000,19.945963409,-0.084605463,0.002125262,9.494663275,-114.144320152,115.603011486,-110.855679848,109.396988514,-9.972981705,-9.972981705
1786168433.340710640,55.700696227,0.000000000,NONE,0,0.049804288,0.000000000,35.999999951,0.000000000,-0.053861502,32.422041423,-0.077870593,0.053861502,3.577958528,0.077870593,-0.208254540,2.992837235,0.114886683,-0.203994000,2.423963134,-0.001586080,-0.004260540,0.568874100,0.116472763,-2.233328387,450.000000000,19.945725138,-0.084499294,0.002121127,9.494628029,-114.315324911,115.431989104,-110.684675089,109.568010896,-9.972862569,-9.972862569
1786168433.390599728,55.750585413,0.000000000,NONE,0,0.049998094,0.000000000,35.999999951,0.000000000,-0.053842623,32.519345069,-0.077871039,0.053842623,3.480654882,0.077871039,-0.206766141,2.992945361,0.114758873,-0.204980514,2.423958089,-0.001682583,-0.001785627,0.568987273,0.116441457,-2.092428872,450.000000000,19.946891302,-0.084414478,0.002118332,9.496311810,-114.350970735,115.397185170,-110.649029265,109.602814830,-9.973445651,-9.973445651
1786168433.440649986,55.800635676,0.000000000,NONE,0,0.050021257,0.000000000,35.999999951,0.000000000,-0.053858458,32.640976763,-0.077870416,0.053858458,3.359023187,0.077870417,-0.204766331,2.993084252,0.114721233,-0.205408593,2.423954519,-0.001699682,0.000642261,0.569129733,0.116420915,-1.908442530,450.000000000,19.948580613,-0.084307740,0.002152491,9.495865558,-114.396855757,115.351077022,-110.603144243,109.648922978,-9.974290307,-9.974290307
1786168433.490661144,55.850646763,0.000000000,NONE,0,0.050029576,0.000000000,35.999999951,0.000000000,-0.053890414,32.762608652,-0.077868433,0.053890414,3.237391299,0.077868433,-0.202614938,2.993226632,0.114823228,-0.205204666,2.423955033,-0.001602901,0.002589728,0.569271599,0.116426129,-1.759330787,450.000000000,19.952372888,-0.084198798,0.002193140,9.495168525,-114.433959434,115.313624828,-110.566040566,109.686375172,-9.976186444,-9.976186444
1786168433.540633917,55.900619434,0.000000000,NONE,0,0.049970365,0.000000000,35.999999951,0.000000000,-0.053908613,32.884238385,-0.077865288,0.053908613,3.115761565,0.077865288,-0.200323806,2.993371560,0.115060137,-0.204460188,2.423959339,-0.001396462,0.004136382,0.569412221,0.116456598,-1.630363213,450.000000000,19.957920947,-0.084088340,0.002216211,9.494505051,-114.466035459,115.281217066,-110.533964541,109.718782934,-9.978960474,-9.978960474
1786168433.590603590,55.950589010,0.000000000,NONE,0,0.049983236,0.000000000,35.999999951,0.000000000,-0.053889958,33.005864190,-0.077861122,0.053889958,2.994135761,0.077861122,-0.197901543,2.993518717,0.115416499,-0.203293846,2.423967052,-0.001090333,0.005392302,0.569551665,0.116506832,-1.514681994,450.000000000,19.964744240,-0.083977359,0.002219589,9.493987658,-114.494826416,115.252167413,-110.505173584,109.747832587,-9.982372120,-9.982372120
1786168433.640630245,56.000615720,0.000000000,NONE,0,0.049992463,0.000000000,35.999999951,0.000000000,-0.053816628,33.127484730,-0.077856080,0.053816628,2.872515221,0.077856080,-0.195352798,2.993668398,0.115867750,-0.201804206,2.423977601,-0.000704291,0.006451408,0.569690798,0.116572042,-1.407101662,450.000000000,19.972522184,-0.083866725,0.002206935,9.493648941,-114.521636820,115.225187651,-110.478363180,109.774812349,-9.986261092,-9.986261092
1786168433.690618277,56.050603941,0.000000000,NONE,0,0.049996251,0.000000000,35.999999951,0.000000000,-0.053674076,33.249098926,-0.077850314,0.053674076,2.750901025,0.077850314,-0.192679083,2.993821372,0.116382454,-0.200046320,2.423990229,-0.000263498,0.007367238,0.569831143,0.116645952,-1.305342551,450.000000000,19.980785783,-0.083757084,0.002183033,9.493491715,-114.547037291,115.199708566,-110.452962709,109.800291434,-9.990392892,-9.990392892
1786168433.740690470,56.100676091,0.000000000,TARGET_UPDATED,0,0.050108000,0.000000000,36.999999951,0.000000000,-0.053450579,33.370705905,-0.077844047,0.053450579,3.629294046,0.077844047,-0.206640643,2.992868795,0.116920216,-0.198075312,2.424004035,0.000201685,-0.008565331,0.568864760,0.116718532,-2.863751015,450.000000000,19.988760764,-0.083648855,0.002153407,9.493512620,-114.157440401,115.589315909,-110.842559599,109.410684091,-9.994380382,-9.994380382
1786168433.790695429,56.150680905,0.000000000,NONE,0,0.049979408,0.000000000,36.999999951,0.000000000,-0.053240444,33.492313592,-0.077837638,0.053240444,3.507686359,0.077837639,-0.204942009,2.992963991,0.117462310,-0.200232823,2.424017314,0.000658206,-0.004709186,0.568946677,0.116804105,-2.204029367,450.000000000,19.997933443,-0.083542108,0.002120964,9.493648084,-114.322404679,115.424419363,-110.677595321,109.575580637,-9.998966721,-9.998966721
1786168433.840624571,56.200610315,0.000000000,NONE,0,0.049932503,0.000000000,36.999999951,0.000000000,-0.053163607,33.613932119,-0.077831333,0.053163607,3.386067832,0.077831333,-0.203042144,2.993074689,0.117930726,-0.201733673,2.424031782,0.001054752,-0.001308471,0.569042907,0.116875974,-1.972091348,450.000000000,20.005609445,-0.083436889,0.002092009,9.493852554,-114.380440301,115.366485975,-110.619559699,109.633514025,-10.002804723,-10.002804723
1786168433.890653610,56.250639162,0.000000000,NONE,0,0.050019351,0.000000000,36.999999951,0.000000000,-0.053133462,33.735554159,-0.077825407,0.053133462,3.264445792,0.077825408,-0.200990532,2.993198015,0.118305689,-0.202071436,2.424044079,0.001368107,0.001080904,0.569153936,0.116937582,-1.809496051,450.000000000,20.012638942,-0.083332932,0.002068930,9.494103294,-114.421151811,115.325899836,-110.578848189,109.674100164,-10.006319471,-10.006319471
1786168433.940597296,56.300582802,0.000000000,NONE,0,0.049949486,0.000000000,36.999999951,0.000000000,-0.053113696,33.857176565,-0.077820298,0.053113696,3.142823386,0.077820298,-0.198800503,2.993333572,0.118568484,-0.201805956,2.424053745,0.001582495,0.003005453,0.569279827,0.116985989,-1.661419582,450.000000000,20.018686558,-0.083229917,0.002052797,9.494338017,-114.458229609,115.288939400,-110.541770391,109.711060600,-10.009343279,-10.009343279
1786168433.990609407,56.350595011,0.000000000,NONE,0,0.050021022,0.000000000,36.999999951,0.000000000,-0.053078381,33.978797030,-0.077816322,0.053078381,3.021202920,0.077816323,-0.196478288,2.993481225,0.118705697,-0.201056017,2.424060199,0.001689343,0.004577729,0.569421027,0.117016355,-1.530277305,450.000000000,20.023376696,-0.083127507,0.002043243,9.494556997,-114.491069923,115.256208575,-110.508930077,109.743791425,-10.011688348,-10.011688348
1786168434.040635347,56.400621005,0.000000000,NONE,0,0.050007457,0.000000000,36.999999951,0.000000000,-0.053005094,34.100413518,-0.077813598,0.053005094,2.899586432,0.077813598,-0.194028182,2.993640634,0.118711707,-0.199891504,2.424063015,0.001687481,0.005863322,0.569577619,0.117024225,-1.413076824,450.000000000,20.026404047,-0.083025382,0.002039811,9.494725076,-114.520412063,115.226950475,-110.479587937,109.773049525,-10.013202023,-10.013202023
1786168434.090614796,56.450600331,0.000000000,NONE,0,0.049982853,0.000000000,36.999999951,0.000000000,-0.052906904,34.197702707,-0.077812346,0.052906904,2.802297244,0.077812346,-0.191976863,2.993776300,0.118623628,-0.198698286,2.424062524,0.001609923,0.006721424,0.569713776,0.117013704,-1.332189676,450.000000000,20.028223988,-0.082943709,0.002040721,9.496473672,-114.541070999,115.207165837,-110.458929001,109.792834163,-10.014111994,-10.014111994
1786168434.140664577,56.500650124,0.000000000,TARGET_UPDATED,0,0.050059641,0.000000000,37.999999951,0.000000000,-0.052679151,34.343628389,-0.077811938,0.052679151,3.656371562,0.077811938,-0.204970093,2.992924988,0.118365318,-0.196720610,2.424057343,0.001378833,-0.008249483,0.568867644,0.116986485,-2.792920427,450.000000000,20.028913532,-0.082819773,0.002090249,9.494355391,-114.175358741,115.571818955,-110.824641259,109.428181045,-10.014456766,-10.014456766
1786168434.190623045,56.550608593,0.000000000,NONE,0,0.049949434,0.000000000,37.999999951,0.000000000,-0.052551289,34.440913044,-0.077812548,0.052551289,3.559086907,0.077812548,-0.203640877,2.993025890,0.118108852,-0.198946162,2.424050366,0.001164523,-0.004694715,0.568975524,0.116944329,-2.183613156,450.000000000,20.028583042,-0.082736115,0.002086457,9.495965881,-114.328088181,115.419894759,-110.671911819,109.580105241,-10.014291521,-10.014291521
1786168434.240722418,56.600707895,0.000000000,NONE,0,0.050116414,0.000000000,37.999999951,0.000000000,-0.052514087,34.562527705,-0.077814076,0.052514087,3.437472246,0.077814077,-0.201799220,2.993167110,0.117692574,-0.200616960,2.424041017,0.000821339,-0.001182260,0.569126094,0.116871234,-1.938357048,450.000000000,20.025780498,-0.082631288,0.002110334,9.495623332,-114.389316571,115.358495095,-110.610683429,109.641504905,-10.012890249,-10.012890249
1786168434.290656328,56.650641807,0.000000000,NONE,0,0.049916800,0.000000000,37.999999951,0.000000000,-0.052530202,34.684145160,-0.077816121,0.052530202,3.315854791,0.077816121,-0.199800797,2.993320177,0.117211330,-0.201044604,2.424029149,0.000421403,0.001243807,0.569291027,0.116789927,-1.775959778,450.000000000,20.022833563,-0.082524931,0.002137432,9.495082565,-114.429780697,115.317760586,-110.570219303,109.682239414,-10.011416781,-10.011416781
1786168434.340709209,56.700694627,0.000000000,NONE,0,0.050028383,0.000000000,37.999999951,0.000000000,-0.052559408,34.805761974,-0.077818557,0.052559408,3.194237977,0.077818557,-0.197663495,2.993481971,0.116705699,-0.200807220,2.424015816,-0.000001029,0.003143725,0.569466154,0.116706727,-1.631986662,450.000000000,20.019894671,-0.082417634,0.002149449,9.494625051,-114.465659597,115.281652928,-110.534340403,109.718347072,-10.009947336,-10.009947336
1786168434.390738726,56.750724279,0.000000000,NONE,0,0.050039241,0.000000000,37.999999951,0.000000000,-0.052574251,34.927375833,-0.077821161,0.052574251,3.072624117,0.077821162,-0.195396990,2.993650036,0.116214369,-0.200059746,2.424002031,-0.000411262,0.004662757,0.569648005,0.116625631,-1.505849640,450.000000000,20.017178236,-0.082310147,0.002147344,9.494284610,-114.497108742,115.250033563,-110.502891258,109.749966437,-10.008589118,-10.008589118
1786168434.440625191,56.800610750,0.000000000,NONE,0,0.049900946,0.000000000,37.999999951,0.000000000,-0.052552173,35.048984895,-0.077823637,0.052552173,2.951015055,0.077823637,-0.193007455,2.993822273,0.115773425,-0.198897441,2.423988804,-0.000777294,0.005889986,0.569833469,0.116550719,-1.393557790,450.000000000,20.014961836,-0.082203073,0.002134713,9.494049044,-114.525122814,115.221901708,-110.474877186,109.778098292,-10.007480918,-10.007480918
1786168434.490700722,56.850686513,0.000000000,NONE,0,0.050006697,0.000000000,37.999999951,0.000000000,-0.052474520,35.170587699,-0.077825667,0.052474520,2.829412252,0.077825668,-0.190497864,2.993996993,0.115414247,-0.197391878,2.423977092,-0.001072084,0.006894014,0.570019901,0.116486331,-1.291746650,450.000000000,20.013580884,-0.082096846,0.002115013,9.493958641,-114.550552998,115.196426323,-110.449447002,109.803573677,-10.006790442,-10.006790442
1786168434.540699482,56.900684846,0.000000000,TARGET_UPDATED,0,0.050071872,0.000000000,38.999999951,0.000000000,-0.052326384,35.292183143,-0.077826944,0.052326384,3.707816807,0.077826945,-0.203465001,2.993153418,0.115164827,-0.195614607,2.423967726,-0.001274193,-0.007850394,0.569185692,0.116439020,-2.734850941,450.000000000,20.013526943,-0.081991699,0.002092819,9.493979794,-114.189782213,115.557207684,-110.810217787,109.442792316,-10.006763471,-10.006763471
1786168434.590617895,56.950603409,0.000000000,NONE,0,0.049915203,0.000000000,38.999999951,0.000000000,-0.052210393,35.413779773,-0.077827209,0.052210393,3.586220178,0.077827209,-0.201834721,2.993268738,0.115036626,-0.198014548,2.423960660,-0.001368861,-0.003820173,0.569308078,0.116405487,-2.086406172,450.000000000,20.014357980,-0.081887678,0.002069515,9.494066030,-114.351914965,115.395118051,-110.648085035,109.604881949,-10.007178990,-10.007178990
1786168434.640900612,57.000885435,0.000000000,NONE,0,0.050008997,0.000000000,38.999999951,0.000000000,-0.052214203,35.535385042,-0.077826284,0.052214203,3.464614909,0.077826284,-0.200018450,2.993391569,0.115011438,-0.199202259,2.423958755,-0.001379455,-0.000816191,0.569432814,0.116390893,-1.892042041,450.000000000,20.016626603,-0.081784681,0.002050129,9.494200090,-114.400539512,115.346560533,-110.599460488,109.653439467,-10.008313301,-10.008313301
1786168434.690681934,57.050667571,0.000000000,NONE,0,0.050045763,0.000000000,38.999999951,0.000000000,-0.052254120,35.656992235,-0.077824164,0.052254120,3.343007716,0.077824164,-0.198062161,2.993518035,0.115102156,-0.199377610,2.423959933,-0.001297585,0.001315449,0.569558102,0.116399741,-1.744435587,450.000000000,20.020627246,-0.081682495,0.002036080,9.494341430,-114.437476461,115.309694254,-110.562523539,109.690305746,-10.010313623,-10.010313623
1786168434.740628481,57.100614079,0.000000000,NONE,0,0.049962530,0.000000000,38.999999951,0.000000000,-0.052296875,35.778598800,-0.077820912,0.052296875,3.221401151,0.077820912,-0.195976364,2.993647320,0.115304810,-0.198972436,2.423964495,-0.001124507,0.002996072,0.569682825,0.116429317,-1.613272102,450.000000000,20.026021277,-0.081580861,0.002027725,9.494446230,-114.470293532,115.276929583,-110.529706468,109.723070417,-10.013010638,-10.013010638
1786168434.790651560,57.150637107,0.000000000,NONE,0,0.050008584,0.000000000,38.999999951,0.000000000,-0.052317863,35.900202891,-0.077816653,0.052317863,3.099797060,0.077816653,-0.193766267,2.993779333,0.115605623,-0.198113678,2.423972128,-0.000871278,0.004347411,0.569807205,0.116476902,-1.497607623,450.000000000,20.032624229,-0.081479542,0.002023838,9.494528881,-114.499230315,115.248034126,-110.500769685,109.751965874,-10.016312114,-10.016312114
1786168434.840992451,57.200977983,0.000000000,NONE,0,0.050358648,0.000000000,38.999999951,0.000000000,-0.052296335,36.021802961,-0.077811520,0.052296335,2.978196990,0.077811520,-0.191435194,2.993914389,0.115983290,-0.196873463,2.423982256,-0.000553788,0.005438269,0.569932133,0.116537078,-1.394544376,450.000000000,20.040014329,-0.081378339,0.002023518,9.494632092,-114.525021929,115.222294117,-110.474978071,109.777705883,-10.020007164,-10.020007164
1786168434.890661955,57.250647376,0.000000000,NONE,0,0.049642412,0.000000000,38.999999951,0.000000000,-0.052216755,36.143397858,-0.077805804,0.052216755,2.856602092,0.077805804,-0.188982725,2.994053255,0.116411168,-0.195351475,2.423994140,-0.000196363,0.006368750,0.570059115,0.116607531,-1.296969218,450.000000000,20.048064595,-0.081277072,0.002026723,9.494568241,-114.549399756,115.197884365,-110.450600244,109.802115635,-10.024032297,-10.024032297
1786168434.940768480,57.300754068,0.000000000,TARGET_UPDATED,0,0.050111219,0.000000000,39.999999951,0.000000000,-0.052065890,36.264986582,-0.077799772,0.052065890,3.735013368,0.077799772,-0.201661368,2.993208749,0.116845581,-0.193580965,2.424006914,0.000178346,-0.008080403,0.569201835,0.116667235,-2.707477571,450.000000000,20.054939308,-0.081175661,0.002028974,9.494568467,-114.196772724,115.550511510,-110.803227276,109.449488490,-10.027469654,-10.027469654
1786168434.990616798,57.350602361,0.000000000,NONE,0,0.049835752,0.000000000,39.999999951,0.000000000,-0.051955620,36.386578217,-0.077793777,0.051955620,3.613421733,0.077793777,-0.200038906,2.993300077,0.117285095,-0.196127962,2.424019014,0.000538554,-0.003910944,0.569281064,0.116746541,-2.054310884,450.000000000,20.063799650,-0.081074207,0.002028574,9.494536958,-114.360056519,115.387211960,-110.639943481,109.612788040,-10.031899825,-10.031899825
1786168435.040623188,57.400608655,0.000000000,NONE,0,0.050013012,0.000000000,39.999999951,0.000000000,-0.051955560,36.508178483,-0.077788083,0.051955560,3.491821468,0.077788084,-0.198234210,2.993405216,0.117656832,-0.197121367,2.424031863,0.000843453,-0.001112843,0.569373353,0.116813379,-1.879881212,450.000000000,20.071144537,-0.080972797,0.002027605,9.494533226,-114.403663003,115.343603610,-110.596336997,109.656396390,-10.035572269,-10.035572269
1786168435.090744019,57.450729723,0.000000000,TARGET_UPDATED,0,0.050141451,-0.094754493,37.610561612,-2.479582980,-0.051988323,36.629780987,-0.077782934,-0.042766170,0.980780625,-2.401800046,-0.181624516,1.461895178,-1.499444590,-0.197277419,2.424042453,0.001079420,0.015652903,-0.962147275,-1.500524010,-0.294140264,76.394535892,-89.000000000,-0.080871439,0.002026214,9.494548496,-21.398736031,21.545806163,-16.798531915,16.651461783,44.500000000,44.500000000
1786168435.140645742,57.500631169,0.000000000,NONE,0,0.049880715,-0.094754493,37.610561612,-2.479582980,-0.053171807,36.711471146,-0.085925356,-0.041582686,0.899090466,-2.393657623,-0.168108626,1.360852302,-1.480719174,-0.187585889,1.797656946,-0.330645153,0.019477263,-0.436804644,-1.150074021,-0.096395965,127.134208899,-61.652851273,-0.077094332,0.163453425,7.585798897,-33.655902958,33.704100940,-29.911201492,29.863003509,30.826425636,30.826425636
1786168435.190649509,57.550635068,0.000000000,NONE,0,0.050026598,-0.094754493,37.610561612,-2.479582980,-0.056229294,36.790351529,-0.112511443,-0.038525199,0.820210083,-2.367071536,-0.140488613,1.277345785,-1.454532718,-0.164477970,1.502104588,-0.560290843,0.023989356,-0.224758803,-0.894241875,0.595058784,116.683889437,-45.678807561,-0.064282424,0.296421592,5.237596213,-30.629136108,30.331606717,-27.712808610,28.010338002,22.839403780,22.839403780
1786168435.240777254,57.600762837,0.000000000,NONE,0,0.050024489,-0.094754493,37.610561612,-2.479582980,-0.059612544,36.860412729,-0.146509395,-0.035141949,0.750148883,-2.333073585,-0.110633943,1.195392106,-1.441424305,-0.136937000,1.378107381,-0.640443572,0.026303057,-0.182715275,-0.800980733,1.048243620,100.281995465,-42.420174722,-0.048184239,0.326402668,3.654751469,-26.246247639,25.722125829,-23.894750094,24.418871904,21.210087361,21.210087361
1786168435.290917635,57.650903068,0.000000000,NONE,0,0.049953098,-0.094754493,37.610561612,-2.479582980,-0.062996979,36.924604029,-0.183199464,-0.031757513,0.685957583,-2.296383516,-0.083688277,1.114187792,-1.436161939,-0.110118885,1.279138873,-0.672155524,0.026430608,-0.164951080,-0.764006414,1.262645091,86.493882087,-40.975183719,-0.032229780,0.309548441,2.550156978,-22.576671039,21.945348493,-20.670270004,21.301592550,20.487591860,20.487591860
1786168435.340639830,57.700625439,0.000000000,NONE,0,0.050000075,-0.094754493,37.610561612,-2.479582980,-0.066252307,36.983757628,-0.221112857,-0.028502185,0.626803984,-2.258470122,-0.061033082,1.034409034,-1.435997226,-0.086236286,1.190661142,-0.688588595,0.025203204,-0.156252107,-0.747408631,1.318936896,73.701148726,-40.240249686,-0.017723001,0.276019464,1.726676711,-19.186690583,18.527222135,-17.663883780,18.323352228,20.120124843,20.120124843
1786168435.390647888,57.750633366,0.000000000,NONE,0,0.050011166,-0.094754493,37.610561612,-2.479582980,-0.069305461,37.038426548,-0.259544082,-0.025449032,0.572135063,-2.220038898,-0.042696781,0.955871027,-1.439602890,-0.065878995,1.107545992,-0.698428863,0.023182214,-0.151674965,-0.741174027,1.273129049,61.916948302,-40.029651793,-0.005091045,0.237637803,1.100446041,-16.072630848,15.436066324,-14.885843303,15.522407827,20.014825897,20.014825897
1786168435.440640926,57.800626742,0.000000000,NONE,0,0.049986219,-0.094754493,37.610561612,-2.479582980,-0.072119381,37.088964198,-0.298116433,-0.022635112,0.521597414,-2.181466547,-0.028261621,0.878169002,-1.446138637,-0.049032026,1.027319645,-0.706060225,0.020770404,-0.149150642,-0.740078412,1.169964094,51.108380010,-40.074201488,0.005604461,0.199411681,0.626506531,-13.226212659,12.641230612,-12.327977347,12.912959393,20.037100744,20.037100744
1786168435.490600586,57.850586162,0.000000000,NONE,0,0.049975781,-0.094754493,37.610561612,-2.479582980,-0.074678421,37.135654928,-0.336627446,-0.020076072,0.474906684,-2.142955534,-0.017192189,0.801510703,-1.454526964,-0.035406416,0.949420691,-0.712886962,0.018214227,-0.147909989,-0.741640002,1.038152050,41.291123023,-40.255210094,0.014454876,0.163502552,0.276119840,-10.651348728,10.132272703,-9.994212783,10.513288808,20.127605047,20.127605047
1786168435.540609360,57.900594895,0.000000000,NONE,0,0.050013106,-0.094754493,37.610561612,-2.479582980,-0.076980226,37.178716747,-0.374956150,-0.017774267,0.431844865,-2.104626830,-0.008952752,0.727298544,-1.463307889,-0.024623247,0.873665562,-0.718650741,0.015670495,-0.146367018,-0.744657149,0.896483477,32.696022425,-40.514111857,0.021606887,0.130686444,0.029958793,-8.405616174,7.957374435,-7.942395038,8.390636777,20.257055929,20.257055929
1786168435.590598822,57.950584640,0.000000000,NONE,0,0.049997451,-0.094754493,37.610561612,-2.479582980,-0.079031041,37.218336757,-0.413040536,-0.015723452,0.392224855,-2.066542444,-0.003057744,0.657038110,-1.471390020,-0.016291692,0.800848326,-0.723110859,0.013233948,-0.143810216,-0.748279160,0.756126903,25.416295595,-40.798475529,0.027228377,0.101280453,-0.128423218,-6.510999820,6.132936369,-6.197147978,6.575211429,20.399237764,20.399237764
1786168435.641411543,58.001397024,0.000000000,NONE,0,0.050040895,-0.094754493,37.610561612,-2.479582980,-0.080843446,37.254705602,-0.450866502,-0.013911046,0.355856010,-2.028716478,0.000914579,0.591684119,-1.478265827,-0.010038367,0.731895451,-0.726370494,0.010952946,-0.140211333,-0.751895333,0.623177441,19.398758137,-41.070240791,0.031494189,0.075405887,-0.214094562,-4.951960254,4.640371534,-4.747418814,5.059007535,20.535120396,20.535120396
1786168435.690747738,58.050733190,0.000000000,TARGET_UPDATED,0,0.050089815,-0.110137187,38.877143106,-1.980794290,-0.082434640,37.287994139,-0.488451783,-0.027702547,1.589148967,-1.492342507,0.045962238,2.430297645,-1.423167255,-0.005537995,0.666822353,-0.728697928,0.051500233,1.763475292,-0.694469327,4.013115510,450.000000000,-35.849088221,0.034583739,0.053178307,-0.242447275,-113.442667059,111.436109304,-111.557332941,113.563890696,17.924544110,17.924544110
1786168435.740612745,58.100598331,0.000000000,NONE,0,0.049874826,-0.110137187,38.877143106,-1.980794290,-0.084560997,37.347324185,-0.526017161,-0.025576190,1.529818922,-1.454777129,0.036279108,2.302926656,-1.487434977,0.001760236,1.633908346,-0.734488711,0.034518872,0.669018309,-0.752946266,1.807133969,425.395703855,-42.280185267,0.030756190,-0.190372943,2.496201226,-107.424759762,106.521192778,-105.273092165,106.176659149,21.140092634,21.140092634
1786168435.790713787,58.150699475,0.000000000,TARGET_UPDATED,0,0.050101591,-0.110137187,39.877143106,-1.980794290,-0.087388681,37.446283750,-0.562909245,-0.022748506,2.430859357,-1.417885046,0.021318940,2.962721925,-1.572203644,-0.019336656,2.122894593,-0.776247300,0.040655596,0.839827331,-0.795956344,2.598215477,450.000000000,-44.996813357,0.015973483,-0.346483400,5.238321763,-114.459134310,113.160026571,-110.540865690,111.839973429,22.498406678,22.498406678
1786168435.840755224,58.200740731,0.000000000,NONE,0,0.050057428,-0.110137187,39.877143106,-1.980794290,-0.090098208,37.560596427,-0.598601193,-0.020038979,2.316546679,-1.382193098,-0.036510104,2.931051200,-1.630216512,-0.054283166,2.326416818,-0.802351160,0.017773062,0.604634382,-0.827865352,0.560826309,450.000000000,-47.030154986,-0.002846703,-0.385064945,7.130037082,-114.422715848,114.142302693,-110.577284152,110.857697307,23.515077493,23.515077493
1786168435.890630960,58.250616412,0.000000000,NONE,0,0.049872171,-0.110137187,39.877143106,-1.980794290,-0.092499270,37.681091571,-0.633049180,-0.017637917,2.196051535,-1.347745110,-0.094888224,2.910973413,-1.663499328,-0.097758419,2.391145544,-0.811734852,0.002870195,0.519827869,-0.851764476,-0.540898913,450.000000000,-48.566092948,-0.021651859,-0.362103177,8.406991551,-114.466523159,114.736972616,-110.533476841,110.263027384,24.283046474,24.283046474
1786168435.940623283,58.300609025,0.000000000,NONE,0,0.049974375,-0.110137187,39.877143106,-1.980794290,-0.094781743,37.803639965,-0.666589913,-0.015355444,2.073503142,-1.314204378,-0.147348730,2.901544839,-1.676104382,-0.140555262,2.411726000,-0.810334572,-0.006793469,0.489818839,-0.865769810,-1.621659170,450.000000000,-49.369142151,-0.038560790,-0.316407558,9.306603878,-114.421236177,115.232065762,-110.578763823,109.767934238,24.684571076,24.684571076
1786168435.990633488,58.350619014,0.000000000,NONE,0,0.049999876,-0.110137187,39.877143106,-1.980794290,-0.097066365,37.926919302,-0.699651447,-0.013070822,1.950223804,-1.281142843,-0.187050267,2.828217783,-1.665583912,-0.179205274,2.420045507,-0.801027833,-0.007844994,0.408172276,-0.864556079,-2.145933947,450.000000000,-49.001269834,-0.052949891,-0.264340450,9.942355891,-114.449105486,115.522072460,-110.550894514,109.477927540,24.500634917,24.500634917
1786168436.040662766,58.400648365,0.000000000,NONE,0,0.049998824,-0.110137187,39.877143106,-1.980794290,-0.098938261,38.025712995,-0.726018917,-0.011198926,1.851430111,-1.254775373,-0.204982337,2.688158989,-1.641523974,-0.205363979,2.424101749,-0.787980139,0.000381641,0.264057240,-0.853543835,-1.802118003,450.000000000,-48.055775476,-0.062527446,-0.221143844,10.282846778,-114.620182194,115.521241195,-110.379817806,109.478758805,24.027887738,24.027887738
1786168436.090608835,58.450594473,0.000000000,NONE,0,0.049988266,-0.110137187,39.877143106,-1.980794290,-0.101284526,38.149177941,-0.759156795,-0.008852661,1.727965165,-1.221637496,-0.216623650,2.517991391,-1.606599828,-0.229545630,2.427317712,-0.769646985,0.012921981,0.090673679,-0.836952843,-1.197180301,450.000000000,-46.803677282,-0.072167178,-0.171777536,10.567577331,-114.842599258,115.441189408,-110.157400742,109.558810592,23.401838641,23.401838641
1786168436.140617609,58.500603208,0.000000000,NONE,0,0.050004048,-0.110137187,39.877143106,-1.980794290,-0.103494344,38.272446059,-0.792726226,-0.006642843,1.604697047,-1.188068065,-0.218352307,2.349846058,-1.573058626,-0.243987848,2.428848075,-0.752793082,0.025635541,-0.079002017,-0.820265544,-0.466210790,415.798545156,-45.654253398,-0.079391922,-0.125187743,10.687598770,-106.504983284,106.738088679,-101.394289294,101.161183899,22.827126699,22.827126699
1786168436.190677643,58.550663344,0.000000000,TARGET_UPDATED,0,0.050084882,-0.110137187,40.877143106,-1.980794290,-0.105526009,38.393898346,-0.826920473,-0.004611179,2.483244760,-1.153873817,-0.275115056,2.958349811,-1.556431207,-0.248322647,2.372397493,-0.737266985,-0.026792409,0.585952318,-0.819164222,-6.249814219,450.000000000,-45.909404565,-0.083977105,-0.066354754,10.474495436,-113.556170304,116.681077414,-111.443829696,108.318922586,22.954702283,22.954702283
1786168436.240604877,58.600590622,0.000000000,NONE,0,0.049908315,-0.110137187,40.877143106,-1.980794290,-0.107576411,38.514322943,-0.861954702,-0.002560777,2.362820164,-1.118839588,-0.278044105,2.973742827,-1.526284729,-0.259880704,2.404833505,-0.731023580,-0.018163400,0.568909322,-0.795261149,-4.590139715,450.000000000,-43.799084022,-0.085989758,-0.027600105,10.256544423,-113.916601177,116.211671035,-111.083398823,108.788328965,21.899542011,21.899542011
1786168436.290648222,58.650633861,0.000000000,NONE,0,0.050028045,-0.110137187,40.877143106,-1.980794290,-0.109929537,38.636048524,-0.897784116,-0.000207650,2.241094583,-1.083010174,-0.274556198,2.984880216,-1.505027903,-0.266522143,2.422054354,-0.726213091,-0.008034055,0.562825862,-0.778814812,-3.861057823,450.000000000,-42.817519038,-0.086587977,-0.002705010,10.064114677,-114.050764214,115.981293125,-110.949235786,109.018706875,21.408759519,21.408759519
1786168436.340602398,58.700587962,0.000000000,NONE,0,0.049958527,-0.110137187,40.877143106,-1.980794290,-0.112442193,38.757948721,-0.934135481,0.002305006,2.119194385,-1.046658809,-0.266310060,2.994020271,-1.488261257,-0.266507570,2.426056191,-0.721834883,0.000197510,0.567964080,-0.766426374,-3.192100598,450.000000000,-42.050241021,-0.086144206,0.015907505,9.851095093,-114.164748624,115.760798923,-110.835251376,109.239201077,21.025120510,21.025120510
1786168436.390611410,58.750597142,0.000000000,NONE,0,0.050024866,-0.110137187,40.877143106,-1.980794290,-0.115015801,38.879735059,-0.970896925,0.004878614,1.997408047,-1.009897366,-0.254400196,2.997544728,-1.475380371,-0.262088532,2.426655715,-0.718638499,0.007688336,0.570889013,-0.756741873,-2.461642477,450.000000000,-41.445634596,-0.084982257,0.027807342,9.647643240,-114.296500191,115.527321429,-110.703499809,109.472678571,20.722817298,20.722817298
1786168436.440660000,58.800645674,0.000000000,NONE,0,0.050046101,-0.110137187,40.877143106,-1.980794290,-0.117552706,39.001354550,-1.007972645,0.007415519,1.875788556,-0.972821645,-0.226381272,2.820772904,-1.427685524,-0.254484770,2.426307939,-0.716819515,0.028103498,0.394464965,-0.710866010,-0.335221480,450.000000000,-37.529033883,-0.083437640,0.033086802,9.479630745,-114.786102316,114.953713056,-110.213897684,110.046286944,18.764516942,18.764516942
1786168436.490622282,58.850607699,0.000000000,NONE,0,0.049961072,-0.110137187,40.877143106,-1.980794290,-0.119856121,39.122816188,-1.044961862,0.009718933,1.754326918,-0.935832429,-0.199508207,2.641756682,-1.369957114,-0.240958440,2.425640294,-0.705013242,0.041450234,0.216116388,-0.664943872,0.871806710,450.000000000,-34.328608635,-0.081803968,0.032879371,9.359185298,-115.057748002,114.621844647,-109.942251998,110.378155353,17.164304318,17.164304318
1786168436.540632010,58.900617651,0.000000000,NONE,0,0.049995365,-0.110137187,40.877143106,-1.980794290,-0.121669492,39.244150430,-1.081273020,0.011532305,1.632992676,-0.899521270,-0.175205833,2.460670542,-1.317292953,-0.224401785,2.424847933,-0.687652689,0.049195952,0.035822609,-0.629640264,1.659981620,450.000000000,-32.086116316,-0.080300420,0.028778638,9.287938130,-115.236979937,114.406989128,-109.763020063,110.593010872,16.043058158,16.043058158
1786168436.590680838,58.950666524,0.000000000,NONE,0,0.050048217,-0.110137187,40.877143106,-1.980794290,-0.122867063,39.365403737,-1.116639713,0.012729876,1.511739369,-0.864154577,-0.154056856,2.277633179,-1.269364435,-0.207179774,2.424022553,-0.670454143,0.053122918,-0.146389374,-0.598910293,2.152655690,385.911264152,-30.042135874,-0.079067138,0.022393900,9.261037240,-99.331239271,98.254911425,-93.624392805,94.700720651,15.021067937,15.021067937
1786168436.641094923,59.001080538,0.000000000,TARGET_UPDATED,0,0.050405987,-0.110137187,41.877143106,-1.980794290,-0.123663929,39.483037547,-1.150905739,0.013526742,2.394105559,-0.829888551,-0.207884434,3.008671023,-1.205940091,-0.188828422,2.306384713,-0.647482830,-0.019056011,0.702286310,-0.558457261,-4.618369943,450.000000000,-27.035961543,-0.077255784,0.049536002,8.852496261,-113.558531580,115.867716551,-111.441468420,109.132283449,13.517980771,13.517980771
1786168436.690640450,59.050626039,0.000000000,NONE,0,0.049567563,-0.110137187,41.877143106,-1.980794290,-0.124349107,39.600412296,-1.184051761,0.014211920,2.276730810,-0.796742529,-0.199053051,3.008350267,-1.156937134,-0.190302189,2.382360397,-0.623342356,-0.008750862,0.625989870,-0.533594779,-2.188984728,450.000000000,-25.609768743,-0.075024560,0.036471618,8.812079704,-114.155773744,115.250266108,-110.844226256,109.749733892,12.804884371,12.804884371
1786168436.740658998,59.100644569,0.000000000,NONE,0,0.049973399,-0.110137187,41.877143106,-1.980794290,-0.125142408,39.720610568,-1.216049818,0.015005221,2.156532538,-0.764744472,-0.193260882,3.003348852,-1.121794388,-0.190088471,2.411706667,-0.609551883,-0.003172411,0.591642185,-0.512242505,-1.842228944,450.000000000,-24.202223755,-0.073841393,0.015248378,8.937038996,-114.273702513,115.194816985,-110.726297487,109.805183015,12.101111877,12.101111877
1786168436.790664911,59.150650560,0.000000000,TARGET_UPDATED,0,0.050061737,-0.110137187,42.877143106,-1.980794290,-0.125935792,39.841649736,-1.246836042,0.015798605,3.035493370,-0.733958248,-0.198206013,2.996951099,-1.091357679,-0.190284573,2.418959741,-0.597145389,-0.007921440,0.577991359,-0.494212289,-2.426209327,450.000000000,-23.019592454,-0.073617899,-0.002374927,9.102763430,-114.169138526,115.382243189,-110.830861474,109.617756811,11.509796227,11.509796227
1786168436.840620279,59.200605838,0.000000000,NONE,0,0.049947817,-0.110137187,42.877143106,-1.980794290,-0.126604088,39.938732585,-1.270547488,0.016466901,2.938410521,-0.710246802,-0.198671053,2.992537570,-1.067830687,-0.193179600,2.420648897,-0.586181762,-0.005491454,0.571888673,-0.481648925,-2.145837800,450.000000000,-22.260815391,-0.073974565,-0.012515536,9.240092456,-114.273563664,115.346482564,-110.726436336,109.653517436,11.130407695,11.130407695
1786168436.890655041,59.250640675,0.000000000,NONE,0,0.050033822,-0.110137187,42.877143106,-1.980794290,-0.127518551,40.060275711,-1.299067106,0.017381364,2.816867395,-0.681727185,-0.200723319,2.987942128,-1.038077014,-0.197477519,2.421494607,-0.572645771,-0.003245800,0.566447521,-0.465431243,-2.054049002,450.000000000,-21.064616747,-0.074888597,-0.021338789,9.408941469,-114.338723117,115.365747618,-110.661276883,109.634252382,10.532308373,10.532308373
1786168436.940654278,59.300639812,0.000000000,NONE,0,0.049993212,-0.110137187,42.877143106,-1.980794290,-0.128476742,40.181970668,-1.326399201,0.018339555,2.695172438,-0.654395089,-0.203708452,2.984598441,-1.007074530,-0.201907951,2.422036383,-0.557311041,-0.001800501,0.562562058,-0.449763488,-2.040941400,450.000000000,-19.989853188,-0.076101011,-0.025091839,9.551074222,-114.377533205,115.398003906,-110.622466795,109.601996094,9.994926594,9.994926594
1786168436.990613222,59.350598920,0.000000000,NONE,0,0.049962212,-0.110137187,42.877143106,-1.980794290,-0.129455837,40.303776119,-1.352567886,0.019318650,2.573366987,-0.628226404,-0.206759713,2.982607366,-0.974324205,-0.206184313,2.422564701,-0.540085225,-0.000575400,0.560042664,-0.434238980,-2.031586013,450.000000000,-18.916658023,-0.077355820,-0.024044642,9.648716665,-114.404282663,115.420075670,-110.595717337,109.579924330,9.458329012,9.458329012
1786168437.040611506,59.400597226,0.000000000,NONE,0,0.049996448,-0.110137187,42.877143106,-1.980794290,-0.130443661,40.425654779,-1.377645543,0.020306474,2.451488327,-0.603148748,-0.209162447,2.981978201,-0.939457827,-0.209865409,2.423116866,-0.521442985,0.000702963,0.558861335,-0.418014842,-2.001491454,450.000000000,-17.777637177,-0.078456086,-0.019701472,9.701151345,-114.424914973,115.425660700,-110.575085027,109.574339300,8.888818589,8.888818589
1786168437.090788126,59.450773705,0.000000000,TARGET_UPDATED,0,0.050093093,-0.110137187,43.877143106,-1.980794290,-0.131429131,40.547569365,-1.401712012,0.021291944,3.329573741,-0.579082278,-0.218641067,2.982066613,-0.902209201,-0.212573291,2.423676489,-0.501221183,-0.006067776,0.558390123,-0.400988018,-2.762060058,450.000000000,-16.580405067,-0.079278227,-0.013511628,9.712966769,-114.237726678,115.618756707,-110.762273322,109.381243293,8.290202533,8.290202533
1786168437.140608788,59.500594462,0.000000000,NONE,0,0.049917614,-0.110137187,43.877143106,-1.980794290,-0.132456488,40.669488404,-1.424859570,0.022319301,3.207654703,-0.555934720,-0.219620267,2.983799461,-0.862612541,-0.216326131,2.424213912,-0.479761954,-0.003294137,0.559585548,-0.382850587,-2.425468511,450.000000000,-15.296896700,-0.079770072,-0.006840875,9.693570635,-114.317025531,115.529759787,-110.682974469,109.470240213,7.648448350,7.648448350
1786168437.190608501,59.550593952,0.000000000,NONE,0,0.049988733,-0.110137187,43.877143106,-1.980794290,-0.133571764,40.791384921,-1.447156307,0.023434577,3.085758185,-0.533637983,-0.219145983,2.986305030,-0.821394348,-0.218502579,2.424660160,-0.457078309,-0.000643404,0.561644870,-0.364316039,-2.259051169,450.000000000,-14.001156960,-0.079934449,-0.000630119,9.652604899,-114.348388433,115.477914017,-110.651611567,109.522085983,7.000578480,7.000578480
1786168437.240799665,59.600785480,0.000000000,NONE,0,0.050191617,-0.110137187,43.877143106,-1.980794290,-0.134723868,40.913231903,-1.468660645,0.024586681,2.963911204,-0.512133645,-0.217368308,2.989143520,-0.779681984,-0.219053120,2.424953596,-0.434031392,0.001684812,0.564189923,-0.345650592,-2.088938347,450.000000000,-12.702140845,-0.079816523,0.004420299,9.600678883,-114.377935134,115.422404308,-110.622064866,109.577595692,6.351070422,6.351070422
1786168437.290639639,59.650625326,0.000000000,NONE,0,0.049860601,-0.110137187,43.877143106,-1.980794290,-0.135883360,41.035014000,-1.489426052,0.025746173,2.842129106,-0.491368238,-0.214499449,2.991923866,-0.738666191,-0.218353192,2.425077770,-0.411464561,0.003853743,0.566846096,-0.327201630,-1.902489104,450.000000000,-11.420743616,-0.079485981,0.007956888,9.546796071,-114.411076742,115.362321294,-110.588923258,109.637678706,5.710371808,5.710371808
1786168437.340667486,59.700653047,0.000000000,NONE,0,0.050007838,-0.110137187,43.877143106,-1.980794290,-0.137021789,41.156725854,-1.509470684,0.026884601,2.720417252,-0.471323606,-0.210811968,2.994362795,-0.699412708,-0.216615539,2.425053286,-0.389570672,0.005803570,0.569309509,-0.309842036,-1.715047869,450.000000000,-10.236192692,-0.079027596,0.009804055,9.499557613,-114.446127436,115.303651371,-110.553872564,109.696348629,5.118096346,5.118096346
1786168437.390604734,59.750590393,0.000000000,NONE,0,0.049921326,-0.110137187,43.877143106,-1.980794290,-0.138112929,41.278370716,-1.528806699,0.027975742,2.598772391,-0.451987591,-0.206573825,2.996291861,-0.662737578,-0.214120608,2.424920305,-0.369048081,0.007546783,0.571371556,-0.293689497,-1.529951941,450.000000000,-9.136423275,-0.078520724,0.010191346,9.462974688,-114.483255687,115.248231657,-110.516744313,109.751768343,4.568211637,4.568211637
1786168437.441325903,59.801311444,0.000000000,TARGET_UPDATED,0,0.050173571,-0.110137187,44.877143106,-1.980794290,-0.138933197,41.375644472,-1.543746233,0.028796009,3.501498634,-0.437048057,-0.212801098,2.996740426,-0.635639259,-0.211653225,2.424762788,-0.353073452,-0.001147873,0.571977638,-0.282565807,-2.384453518,450.000000000,-8.466709350,-0.078129414,0.009508899,9.446334418,-114.265470225,115.457696984,-110.734529775,109.542303016,4.233354675,4.233354675
1786168437.490678787,59.850664376,0.000000000,NONE,0,0.049841566,-0.110137187,44.877143106,-1.980794290,-0.139933109,41.497199287,-1.561781864,0.029795922,3.379943819,-0.419012426,-0.209311644,2.997537106,-0.604975714,-0.210823415,2.424533652,-0.336140906,0.001511771,0.573003454,-0.268834808,-1.927917990,450.000000000,-7.458450191,-0.077694913,0.008167121,9.432736999,-114.376204752,115.340163747,-110.623795248,109.659836253,3.729225095,3.729225095
1786168437.540669680,59.900655194,0.000000000,NONE,0,0.050054848,-0.110137187,44.877143106,-1.980794290,-0.140971596,41.618732783,-1.579114007,0.030834409,3.258410324,-0.401680283,-0.205745866,2.997759659,-0.578045438,-0.209814266,2.424293810,-0.320679148,0.004068399,0.573465849,-0.257366289,-1.706101527,450.000000000,-6.708469015,-0.077344437,0.006371993,9.430393056,-114.431072882,115.284123646,-110.568927118,109.715876354,3.354234508,3.354234508
1786168437.590644836,59.950630333,0.000000000,NONE,0,0.049986412,-0.110137187,44.877143106,-1.980794290,-0.141987936,41.740256627,-1.595696728,0.031850749,3.136886480,-0.385097562,-0.202262240,2.997459864,-0.554977161,-0.208064216,2.424057200,-0.306820093,0.005801976,0.573402664,-0.248157068,-1.550533177,450.000000000,-6.114910291,-0.077092079,0.004404112,9.437590386,-114.471764302,115.247030891,-110.528235698,109.752969109,3.057455145,3.057455145
1786168437.640791655,60.000777125,0.000000000,NONE,0,0.049999103,-0.110137187,44.877143106,-1.980794290,-0.142950543,41.861783005,-1.611512163,0.032813356,3.015360101,-0.369282127,-0.198933504,2.996742458,-0.535528713,-0.206035787,2.423838557,-0.294743946,0.007102284,0.572903901,-0.240784766,-1.417303628,450.000000000,-5.641654505,-0.076935574,0.002562933,9.451175158,-114.508467882,115.217119697,-110.491532118,109.782880303,2.820827252,2.820827252
1786168437.690619707,60.050605330,0.000000000,NONE,0,0.049974598,-0.110137187,44.877143106,-1.980794290,-0.143838335,41.983321951,-1.626553304,0.033701148,2.893821155,-0.354240986,-0.195775353,2.995763276,-0.519056286,-0.203861329,2.423663251,-0.284119180,0.008085976,0.572100025,-0.234937106,-1.304937124,450.000000000,-5.268624746,-0.076859972,0.001068720,9.467751263,-114.540703535,115.193172097,-110.459296465,109.806827903,2.634312373,2.634312373
1786168437.740635633,60.100621335,0.000000000,NONE,0,0.050011303,-0.110137187,44.877143106,-1.980794290,-0.144634931,42.104880014,-1.640821826,0.034497744,2.772263093,-0.339972464,-0.192766068,2.994692142,-0.504696039,-0.201596673,2.423551183,-0.274440937,0.008830605,0.571140958,-0.230255102,-1.209055865,450.000000000,-4.970035859,-0.076842818,0.000045631,9.484295817,-114.568809988,115.173337921,-110.431190012,109.826662079,2.485017929,2.485017929
1786168437.790813446,60.150799153,0.000000000,TARGET_UPDATED,0,0.050178081,-0.110137187,45.877143106,-1.980794290,-0.145328027,42.226459790,-1.654329171,0.035190840,3.650683317,-0.326465119,-0.200745724,2.992968755,-0.491571968,-0.199267972,2.423508560,-0.265189050,-0.001477751,0.569460195,-0.226382918,-2.197714541,450.000000000,-4.721112846,-0.076859142,-0.000474098,9.498512314,-114.325199443,115.424056714,-110.674800557,109.575943286,2.360556423,2.360556423
1786168437.840719461,60.200704988,0.000000000,NONE,0,0.049815192,-0.110137187,45.877143106,-1.980794290,-0.145972877,42.348064999,-1.667096001,0.035835690,3.529078107,-0.313698289,-0.198927506,2.992078076,-0.478864826,-0.199589251,2.423528774,-0.255910862,0.000661745,0.568549302,-0.222953964,-1.786277833,450.000000000,-4.494974574,-0.076885461,-0.000535632,9.508893363,-114.430653883,115.323792799,-110.569346117,109.676207201,2.247487287,2.247487287
1786168437.890634537,60.250620031,0.000000000,NONE,0,0.049997489,-0.110137187,45.877143106,-1.980794290,-0.146654462,42.469698385,-1.679149493,0.036517275,3.407444721,-0.301644797,-0.197033450,2.991451445,-0.465964202,-0.199741891,2.423598511,-0.246232638,0.002708441,0.567852934,-0.219731563,-1.629644183,450.000000000,-4.279281839,-0.076902230,-0.000230348,9.514871873,-114.471306922,115.286129014,-110.528693078,109.713870986,2.139640920,2.139640920
1786168437.940628052,60.300613540,0.000000000,NONE,0,0.050008684,-0.110137187,45.877143106,-1.980794290,-0.147319286,42.591349642,-1.690523155,0.037182098,3.285793465,-0.290271135,-0.195077804,2.991131945,-0.452386264,-0.199138335,2.423700290,-0.235906643,0.004060531,0.567431655,-0.216479621,-1.525735048,450.000000000,-4.056482505,-0.076896284,0.000307904,9.516704606,-114.497742389,115.260609914,-110.502257611,109.739390086,2.028241252,2.028241252
1786168437.990620136,60.350605678,0.000000000,NONE,0,0.049979912,-0.110137187,45.877143106,-1.980794290,-0.147944710,42.713009495,-1.701253044,0.037807523,3.164133611,-0.279541247,-0.193052563,2.991133560,-0.437804954,-0.198156938,2.423818310,-0.224717786,0.005104374,0.567315250,-0.213087167,-1.431630431,450.000000000,-3.821486997,-0.076860734,0.000953272,9.515089939,-114.520864877,115.236680093,-110.479135123,109.763319907,1.910743498,1.910743498
1786168438.040614843,60.400600487,0.000000000,NONE,0,0.050005261,-0.110137187,45.877143106,-1.980794290,-0.148516841,42.834668941,-1.711376831,0.038379654,3.042474166,-0.269417460,-0.190950203,2.991443929,-0.422041726,-0.196892700,2.423938939,-0.212581196,0.005942497,0.567504989,-0.209460530,-1.346806793,450.000000000,-3.568210668,-0.076794281,0.001591086,9.511075729,-114.541067234,115.214470631,-110.458932766,109.785529369,1.784105334,1.784105334
1786168438.090611458,60.450597102,0.000000000,NONE,0,0.049999101,-0.110137187,45.877143106,-1.980794290,-0.149024402,42.956319748,-1.720930299,0.038887215,2.920823358,-0.259863991,-0.188766454,2.992018934,-0.405130644,-0.195390699,2.424053056,-0.199486047,0.006624245,0.567965877,-0.205644596,-1.269305196,450.000000000,-3.302441383,-0.076699878,0.002135525,9.505748988,-114.559110948,115.193763546,-110.440889052,109.806236454,1.651220691,1.651220691
1786168438.140677452,60.500663044,0.000000000,NONE,0,0.050009213,-0.110137187,45.877143106,-1.980794290,-0.149458668,43.077955324,-1.729946740,0.039321481,2.799187783,-0.250847550,-0.186507102,2.992779435,-0.387384131,-0.193711793,2.424147520,-0.185654930,0.007204691,0.568631915,-0.201729201,-1.195879480,450.000000000,-3.031434445,-0.076587122,0.002536355,9.500380348,-114.576125217,115.174064957,-110.423874783,109.825935043,1.515717222,1.515717222
1786168438.190685272,60.550670766,0.000000000,TARGET_UPDATED,0,0.050074529,-0.110137187,46.877143106,-1.980794290,-0.149812086,43.199571203,-1.738454223,0.039674899,3.677571904,-0.242340067,-0.196200182,2.992857380,-0.369391103,-0.191859220,2.424211324,-0.171451577,-0.004340962,0.568646055,-0.197939526,-2.307867792,450.000000000,-2.773725855,-0.076454904,0.002772455,9.495098784,-114.296807748,115.450741644,-110.703192252,109.549258356,1.386862928,1.386862928
1786168438.240592480,60.600577865,0.000000000,NONE,0,0.049899121,-0.110137187,46.877143106,-1.980794290,-0.150171040,43.321172198,-1.746476821,0.040033852,3.555970908,-0.234317470,-0.194719989,2.993643172,-0.351738830,-0.193342955,2.424238470,-0.157359992,-0.001377034,0.569404703,-0.194378838,-1.812495175,450.000000000,-2.533650301,-0.076314534,0.002843601,9.490773735,-114.419569640,115.325817227,-110.580430360,109.674182773,1.266825150,1.266825150
1786168438.290621996,60.650607418,0.000000000,NONE,0,0.050018444,-0.110137187,46.877143106,-1.980794290,-0.150510200,43.418446368,-1.752558131,0.040373013,3.458696739,-0.228236159,-0.193392883,2.994219440,-0.338312814,-0.193701026,2.424241113,-0.146386680,0.000308143,0.569978328,-0.191926134,-1.712513289,450.000000000,-2.389082677,-0.076198492,0.002862780,9.488921272,-114.444101996,115.300358640,-110.555898004,109.699641360,1.194541338,1.194541338
1786168438.340591669,60.700577171,0.000000000,NONE,0,0.049996758,-0.110137187,46.877143106,-1.980794290,-0.150947189,43.540027881,-1.759757241,0.040810002,3.337115225,-0.221037049,-0.191606730,2.994828240,-0.322830869,-0.193635118,2.424213984,-0.133747790,0.002028388,0.570614256,-0.189083079,-1.575727156,450.000000000,-2.186966880,-0.076057137,0.002730314,9.486542737,-114.477703895,115.265567473,-110.522296105,109.734432527,1.093483440,1.093483440
1786168438.390661716,60.750647180,0.000000000,NONE,0,0.050041837,-0.110137187,46.877143106,-1.980794290,-0.151379519,43.661598334,-1.766527525,0.041242332,3.215544772,-0.214266765,-0.189683556,2.995285756,-0.309162490,-0.193124294,2.424172938,-0.122250422,0.003440739,0.571112817,-0.186912068,-1.462102833,450.000000000,-2.053153632,-0.075923664,0.002521505,9.485551694,-114.505862215,115.236913632,-110.494137785,109.763086368,1.026576816,1.026576816
1786168438.440648079,60.800633669,0.000000000,NONE,0,0.049954312,-0.110137187,46.877143106,-1.980794290,-0.151786427,43.783159622,-1.772878095,0.041649240,3.093983484,-0.207916195,-0.187631573,2.995579862,-0.297592432,-0.192245942,2.424125092,-0.112159517,0.004614368,0.571454770,-0.185432915,-1.359364417,450.000000000,-1.968018342,-0.075801912,0.002265392,9.485945971,-114.531645388,115.211327597,-110.468354612,109.788672403,0.984009171,0.984009171
1786168438.490617275,60.850602868,0.000000000,NONE,0,0.050002367,-0.110137187,46.877143106,-1.980794290,-0.152151145,43.904713971,-1.778822246,0.042013958,2.972429135,-0.201972045,-0.185452639,2.995712501,-0.288266401,-0.191064426,2.424076668,-0.103670606,0.005611787,0.571635834,-0.184595795,-1.264145615,450.000000000,-1.926903564,-0.075693699,0.002002567,9.487486913,-114.555835325,115.187908132,-110.444164675,109.812091868,0.963451782,0.963451782
1786168438.540666819,60.900652581,0.000000000,NONE,0,0.050053984,-0.110137187,46.877143106,-1.980794290,-0.152459810,44.026263460,-1.784375881,0.042322623,2.850879647,-0.196418409,-0.183142664,2.995697134,-0.281181213,-0.189633008,2.424029965,-0.096867395,0.006490344,0.571667169,-0.184313818,-1.173047326,450.000000000,-1.922886101,-0.075598739,0.001768557,9.489798228,-114.579187725,115.165711389,-110.420812275,109.834288611,0.961443050,0.961443050
1786168438.590585232,60.950570899,0.000000000,NONE,0,0.049942135,-0.110137187,46.877143106,-1.980794290,-0.152700423,44.147809588,-1.789556850,0.042563236,2.729333519,-0.191237440,-0.180693068,2.995562480,-0.276119356,-0.187979147,2.423985647,-0.091649113,0.007286080,0.571576833,-0.184470243,-1.084223913,450.000000000,-1.947207875,-0.075514939,0.001588960,9.492432930,-114.602052254,115.144164211,-110.397947746,109.855835789,0.973603937,0.973603937
1786168438.640677691,61.000663293,0.000000000,TARGET_UPDATED,0,0.050060837,-0.110137187,47.877143106,-1.980794290,-0.152862226,44.269353190,-1.794384578,0.042725038,3.607789916,-0.186409712,-0.191687458,2.994515477,-0.272611969,-0.186118990,2.423947502,-0.087740039,-0.005568468,0.570567974,-0.184871930,-2.323653633,450.000000000,-1.984845211,-0.075438906,0.001477984,9.495013121,-114.292839872,115.454666688,-110.707160128,109.545333312,0.992422605,0.992422605
1786168438.690852880,61.050838579,0.000000000,TARGET_UPDATED,0,0.050188816,-0.199978958,47.378552278,-2.436753369,-0.153038884,44.390902256,-1.798879583,-0.046940073,2.987650022,-0.637873786,-0.276173304,2.988203802,-0.953862159,-0.187951315,2.423919131,-0.084736089,-0.088221989,0.564284671,-0.869126070,-10.560786786,450.000000000,-63.530019248,-0.075366579,0.001440179,9.497170188,-112.234095851,117.514489243,-112.765904149,107.485510757,31.765009624,31.765009624
1786168438.740621805,61.100607397,0.000000000,NONE,0,0.049749805,-0.199978958,47.378552278,-2.436753369,-0.153995235,44.512514207,-1.810038453,-0.045983723,2.866038071,-0.626714916,-0.276050860,2.986793637,-0.941592140,-0.214877412,2.423786926,-0.335819416,-0.061173448,0.563006712,-0.605772724,-6.745627631,450.000000000,-26.183200246,-0.075294140,0.001452186,9.498746713,-113.188279771,116.561093586,-111.811720229,108.438906414,13.091600123,13.091600123
1786168438.790615320,61.150600904,0.000000000,NONE,0,0.050003021,-0.199978958,47.378552278,-2.436753369,-0.155609484,44.609879607,-1.825572802,-0.044369474,2.768672671,-0.611180566,-0.274531247,2.985870779,-0.921779300,-0.228469679,2.423662990,-0.410122254,-0.046061568,0.562207788,-0.511657046,-6.041625747,450.000000000,-23.019250460,-0.075233166,0.001501978,9.500894622,-113.364817219,116.385630092,-111.635182781,108.614369908,11.509625230,11.509625230
1786168438.840608597,61.200594026,0.000000000,NONE,0,0.049997240,-0.199978958,47.378552278,-2.436753369,-0.158266135,44.731656546,-1.847128495,-0.041712823,2.646895732,-0.589624873,-0.271637365,2.985056245,-0.893242247,-0.240527345,2.423631558,-0.450407255,-0.031110020,0.561424687,-0.442834992,-5.073083600,450.000000000,-18.718459738,-0.075149880,0.001624614,9.500520001,-113.606859100,116.143400900,-111.393140900,108.856599100,9.359229869,9.359229869
1786168438.890594959,61.250580736,0.000000000,NONE,0,0.050001159,-0.199978958,47.378552278,-2.436753369,-0.161455826,44.853497360,-1.869664241,-0.038523132,2.525054918,-0.567089128,-0.268004573,2.984671721,-0.862256309,-0.248355130,2.423695688,-0.461296840,-0.019649443,0.560976033,-0.400959469,-4.362261713,450.000000000,-16.336223372,-0.075057086,0.001768824,9.499160232,-113.784224630,115.965355486,-111.215775370,109.034644514,8.168111686,8.168111686
1786168438.940655708,61.300641340,0.000000000,TARGET_UPDATED,0,0.050075298,-0.199978958,48.378552278,-2.436753369,-0.164991882,44.975380305,-1.892112302,-0.034987076,3.403171973,-0.544641066,-0.251210101,2.985848938,-0.830075815,-0.252927689,2.423817372,-0.456298212,0.001717588,0.562031566,-0.373777604,-2.466726992,450.000000000,-14.737522539,-0.074956647,0.001895749,9.497362793,-114.257658950,115.491022446,-110.742341050,109.508977554,7.368761269,7.368761269
1786168438.990609884,61.350595512,0.000000000,NONE,0,0.049930471,-0.199978958,48.378552278,-2.436753369,-0.168648291,45.097278492,-1.914026894,-0.031330667,3.281273786,-0.522726474,-0.247492152,2.986276417,-0.797306387,-0.251665872,2.423963666,-0.444062962,0.004173720,0.562312751,-0.353243425,-2.608311064,450.000000000,-13.440513218,-0.074851946,0.001989564,9.495523406,-114.221803086,115.525958618,-110.778196914,109.474041382,6.720256609,6.720256609
1786168439.040640354,61.400625868,0.000000000,NONE,0,0.050007362,-0.199978958,48.378552278,-2.436753369,-0.172230563,45.219167195,-1.935238543,-0.027748395,3.159385083,-0.501514825,-0.244192263,2.987035958,-0.764133394,-0.249692174,2.424110599,-0.428377579,0.005499911,0.562925359,-0.335755815,-2.473872828,450.000000000,-12.286330414,-0.074746281,0.002042737,9.494014150,-114.255035330,115.491971744,-110.744964670,109.508028256,6.143165207,6.143165207
1786168439.090651274,61.450637074,0.000000000,NONE,0,0.050034660,-0.199978958,48.378552278,-2.436753369,-0.175749866,45.341038351,-1.955682456,-0.024229092,3.037513927,-0.481070913,-0.241269247,2.988035304,-0.730855609,-0.247878920,2.424237138,-0.410824529,0.006609673,0.563798167,-0.320031081,-2.343768934,450.000000000,-11.229029179,-0.074641746,0.002056683,9.492981259,-114.287303081,115.459187548,-110.712696919,109.540812452,5.614514589,5.614514589
1786168439.141051292,61.501036916,0.000000000,NONE,0,0.050395817,-0.199978958,48.378552278,-2.436753369,-0.179189867,45.462884051,-1.975339305,-0.020789091,2.915668227,-0.461414063,-0.238694756,2.989156550,-0.697853525,-0.246002756,2.424325572,-0.392335696,0.007308001,0.564830978,-0.305517829,-2.251061766,450.000000000,-10.247091561,-0.074539284,0.002039299,9.492471089,-114.310352331,115.435883214,-110.689647669,109.564116786,5.123545780,5.123545780
1786168439.190636396,61.550621819,0.000000000,NONE,0,0.049589133,-0.199978958,48.378552278,-2.436753369,-0.182538208,45.584699601,-1.994218062,-0.017440750,2.793852677,-0.442535307,-0.236410262,2.990281926,-0.665551322,-0.244170982,2.424367693,-0.373686198,0.007760720,0.565914233,-0.291865124,-2.176656669,450.000000000,-9.311307617,-0.074438660,0.002002683,9.492170007,-114.328878335,115.417206669,-110.671121665,109.582793331,4.655653809,4.655653809
1786168439.240638733,61.600624417,0.000000000,NONE,0,0.049971519,-0.199978958,48.378552278,-2.436753369,-0.185788335,45.706483787,-2.012337739,-0.014190623,2.672068491,-0.424415630,-0.234318372,2.991311624,-0.634380861,-0.242425344,2.424364220,-0.355324966,0.008106972,0.566947404,-0.279055895,-2.110904405,450.000000000,-8.440619958,-0.074339113,0.001951923,9.492143547,-114.345309786,115.400761988,-110.654690214,109.599238012,4.220309979,4.220309979
1786168439.290745020,61.650730625,0.000000000,TARGET_UPDATED,0,0.050141240,-2.220053323,46.659201362,-1.558540201,-0.188935892,45.828238293,-2.029710806,-2.031117431,0.830963069,0.471170606,-2.856852655,0.925255087,0.694118033,-0.240738126,2.424322287,-0.337485373,-2.616114530,-1.499067200,1.031603406,-450.000000000,-64.613787767,109.214411128,-0.074240109,0.001893678,9.492250657,115.653283896,90.411886284,-86.065170180,-120.000000000,-54.607205564,-54.607205564
1786168439.340592146,61.700577711,0.000000000,NONE,0,0.049847877,-2.220053323,46.659201362,-1.558540201,-0.226307323,45.921820813,-2.032796641,-1.993746000,0.737380549,0.474256440,-2.891559051,0.831260673,0.673765600,-1.386468705,1.413827770,0.180523178,-1.505090346,-0.582567097,0.493242422,-450.000000000,37.305696521,34.602009671,-0.067480995,0.253015026,6.447035629,98.732966863,120.000000000,-116.866268377,-101.866698487,-17.301004836,-17.301004836
1786168439.390618801,61.750604529,0.000000000,NONE,0,0.050014787,-2.220053323,46.659201362,-1.558540201,-0.320839722,45.988070730,-2.015803365,-1.899213601,0.671130632,0.457263165,-2.909006292,0.823226690,0.574831990,-2.303059303,1.112287933,0.355364008,-0.605946988,-0.289061243,0.219467982,-422.171098180,41.373165903,20.769495694,-0.052102480,0.367032547,4.081790960,94.179035329,116.906513761,-114.865618281,-96.219930809,-10.384747847,-10.384747847
1786168439.440611362,61.800596964,0.000000000,NONE,0,0.049991823,-2.220053323,46.659201362,-1.558540201,-0.419464125,46.035230565,-1.996757004,-1.800589198,0.623970797,0.438216803,-2.776666121,0.802564498,0.498877932,-2.652632578,1.016680284,0.374554359,-0.124033543,-0.214115786,0.124323573,-365.702373208,38.922343473,17.683165197,-0.038360843,0.373569886,2.920922111,80.964776906,101.886409698,-100.425948642,-82.425237961,-8.841582598,-8.841582598
1786168439.490603447,61.850589189,0.000000000,NONE,0,0.050001996,-2.220053323,46.659201362,-1.558540201,-0.552356591,46.088853029,-1.969238641,-1.667696732,0.570348333,0.410698441,-2.566395709,0.773539493,0.429431094,-2.737605038,0.942855006,0.385886465,0.171209330,-0.169315513,0.043544629,-298.123598506,37.499049254,12.317412862,-0.021449785,0.350301295,1.802868422,64.705420207,84.356379045,-83.454944834,-65.606854418,-6.158706431,-6.158706431
1786168439.540645599,61.900631100,0.000000000,NONE,0,0.050041255,-2.220053323,46.659201362,-1.558540201,-0.683106038,46.137429722,-1.939724853,-1.536947286,0.521771640,0.381184652,-2.356290843,0.743374409,0.386956359,-2.614915896,0.891236877,0.395210548,0.258625053,-0.147862468,-0.008254190,-247.690360114,34.810502962,9.271681079,-0.005574624,0.308851326,0.947913173,52.982985995,70.862194062,-70.388237476,-53.456942581,-4.635840539,-4.635840539
1786168439.590645552,61.950631127,0.000000000,NONE,0,0.049985914,-2.220053323,46.659201362,-1.558540201,-0.805972034,46.181772594,-1.910146635,-1.414081289,0.477428768,0.351606434,-2.156629745,0.709921160,0.367614341,-2.431616299,0.846763599,0.408799576,0.274986554,-0.136842438,-0.041185235,-205.137208875,31.536244083,7.341794363,0.008779931,0.260045303,0.286731254,43.328558384,59.240046053,-59.096680426,-43.471924011,-3.670897181,-3.670897181
1786168439.640669584,62.000655308,0.000000000,TARGET_UPDATED,0,0.050043155,-2.220053323,47.659201362,-1.558540201,-0.920071126,46.222440521,-1.881468766,-1.299982197,1.436760841,0.322928566,-1.938302950,2.169565562,0.466511612,-2.241881190,0.803974568,0.424960205,0.303578239,1.365590994,0.041551407,-160.520892524,450.000000000,15.446511346,0.021279035,0.210479494,-0.219668713,-56.834497092,119.913677764,-120.000000000,56.920819328,-7.723255673,-7.723255673
1786168439.690725803,62.050711409,0.000000000,TARGET_UPDATED,0,0.050072650,-2.220053323,48.659201362,-1.558540201,-1.023495056,46.282989535,-1.854865783,-1.196558267,2.376211827,0.296325582,-1.303386042,2.696615613,0.476465085,-1.963631467,1.554079666,0.452962231,0.660245425,1.142535946,0.023502854,-34.367636297,450.000000000,12.169947833,0.026928443,-0.003612152,1.466598363,-103.022537066,120.000000000,-119.275506784,102.298043849,-6.084973916,-6.084973916
1786168439.740812540,62.100798132,0.000000000,NONE,0,0.049922653,-2.220053323,48.659201362,-1.558540201,-1.095106805,46.357233591,-1.835199501,-1.124946518,2.301967771,0.276659301,-1.273748277,2.717535073,0.405936306,-1.651111163,2.056763310,0.442994996,0.377362886,0.660771762,-0.037058690,-60.476904865,450.000000000,7.077054590,0.022768050,-0.185565733,3.616692315,-91.766897609,120.000000000,-118.311579525,90.078477134,-3.538527295,-3.538527295
1786168439.790736437,62.150721934,0.000000000,NONE,0,0.049988323,-2.220053323,48.659201362,-1.558540201,-1.171727012,46.466493954,-1.811837222,-1.048326311,2.192707408,0.253297021,-1.278043858,2.719604558,0.338693892,-1.449151473,2.261313998,0.415751230,0.171107615,0.458290560,-0.077057338,-71.830503773,450.000000000,4.688170930,0.009069002,-0.320740674,6.063458844,-87.343212603,120.000000000,-117.243328726,84.586541329,-2.344085465,-2.344085465
1786168439.840723515,62.200708948,0.000000000,NONE,0,0.049997538,-2.220053323,48.659201362,-1.558540201,-1.254611910,46.603432836,-1.785175063,-0.965441414,2.055768526,0.226634863,-1.308014796,2.706143019,0.285402900,-1.360939634,2.290696529,0.387950983,0.052924839,0.415446490,-0.102548084,-80.855244793,450.000000000,3.191574951,-0.012030861,-0.350798570,8.053229863,-83.991550211,120.000000000,-116.413537256,80.405087467,-1.595787475,-1.595787475
1786168439.890584946,62.250570462,0.000000000,NONE,0,0.049941362,-2.220053323,48.659201362,-1.558540201,-1.306908581,46.695412143,-1.768247576,-0.913144742,1.963789219,0.209707376,-1.330448582,2.694640358,0.260323979,-1.342976023,2.279350593,0.372905352,0.012527441,0.415289765,-0.112581372,-84.547549621,450.000000000,2.795372143,-0.025632030,-0.320762886,8.843526772,-82.657811674,120.000000000,-116.094071991,78.751883665,-1.397686072,-1.397686072
1786168439.940651417,62.300637202,0.000000000,NONE,0,0.050037841,-2.220053323,48.659201362,-1.558540201,-1.370284504,46.810659096,-1.748026337,-0.849768819,1.848542266,0.189486136,-1.355838626,2.680778754,0.236459587,-1.333411345,2.268464507,0.359887896,-0.022427281,0.412314246,-0.123428309,-89.788729292,450.000000000,2.017125255,-0.040725177,-0.277524710,9.622672395,-80.777488483,120.000000000,-115.796517204,76.574005687,-1.008562627,-1.008562627
1786168439.990611553,62.350597008,0.000000000,NONE,0,0.049975656,-2.220053323,48.659201362,-1.558540201,-1.419872265,46.903060124,-1.732583948,-0.800181059,1.756141238,0.174043747,-1.324454212,2.577520529,0.223803965,-1.334582158,2.258715042,0.351540551,0.010127947,0.318805487,-0.127736586,-82.472321107,450.000000000,1.842921192,-0.051093354,-0.238745384,10.069440098,-83.517357592,120.000000000,-115.545659715,79.063017306,-0.921460596,-0.921460596
1786168440.040643930,62.400629536,0.000000000,NONE,0,0.050006965,-2.220053323,48.659201362,-1.558540201,-1.480498090,47.019129637,-1.714187846,-0.739555233,1.640071725,0.155647645,-1.249529250,2.393919209,0.212332548,-1.321876087,2.263419230,0.344597404,0.072346837,0.130499979,-0.132264856,-68.944563339,444.011966406,1.518289873,-0.061874624,-0.192922468,10.479900927,-88.388338618,120.000000000,-115.194877400,83.583216018,-0.759144936,-0.759144936
1786168440.090670586,62.450656293,0.000000000,TARGET_UPDATED,0,0.050054493,-1.097833667,49.519129637,0.028864566,-1.538643990,47.136505944,-1.696712002,0.440810323,2.382623693,1.725576568,0.401853685,3.017821350,1.407575190,-1.283528389,2.284379799,0.338801370,1.685382074,0.733441551,1.068773820,141.046459658,450.000000000,109.702921212,-0.070238273,-0.144638383,10.673183404,-120.000000000,63.742653729,-59.485581442,115.742927713,-54.851460606,-54.851460606
1786168440.140598297,62.500583904,0.000000000,NONE,0,0.049915732,-1.097833667,49.519129637,0.028864566,-1.584044210,47.251717801,-1.670359050,0.486210543,2.267411836,1.699223615,0.481170300,3.001088331,1.418430108,-0.828212673,2.208255896,0.706899611,1.309382973,0.792832435,0.711530498,82.102065319,450.000000000,53.562095763,-0.076431841,-0.104218823,10.772103615,-120.000000000,83.703383207,-78.941128866,115.237745659,-26.781047882,-26.781047882
1786168440.190671921,62.550657417,0.000000000,NONE,0,0.050079536,-1.097833667,49.519129637,0.028864566,-1.607642476,47.364527788,-1.629994776,0.509808809,2.154601849,1.658859342,0.553402709,2.984016053,1.428073400,-0.471389203,2.245559241,0.834685838,1.024791911,0.738456812,0.593387563,70.467082447,450.000000000,50.104771023,-0.080742127,-0.065801568,10.740840939,-120.000000000,88.162937632,-83.310220434,115.147282802,-25.052385512,-25.052385512
1786168440.240642786,62.600628353,0.000000000,NONE,0,0.049966076,-1.097833667,49.519129637,0.028864566,-1.616264746,47.455864156,-1.596202471,0.518431079,2.063265481,1.625067036,0.605144348,2.973008029,1.430043208,-0.263292354,2.278732692,0.852368546,0.868436702,0.694275337,0.577674662,66.520657527,450.000000000,51.063934668,-0.082776575,-0.036897865,10.622831797,-120.000000000,89.714208504,-84.877803079,115.163594575,-25.531967334,-25.531967334
1786168440.290604115,62.650589570,0.000000000,NONE,0,0.049974960,-1.097833667,49.519129637,0.028864566,-1.616606385,47.570639515,-1.553153227,0.518772718,1.948490123,1.582017793,0.661566002,2.961100081,1.429761077,-0.033433545,2.300687110,0.861559899,0.694999547,0.660412971,0.568201178,59.199958481,450.000000000,50.539895463,-0.083725456,-0.004541564,10.383547637,-120.000000000,92.655040300,-87.858792145,115.203751844,-25.269947732,-25.269947732
1786168440.340666771,62.700652451,0.000000000,NONE,0,0.050072086,-1.097833667,49.519129637,0.028864566,-1.606574978,47.685625073,-1.509336477,0.508741310,1.833504564,1.538201042,0.680806538,2.807666116,1.431700399,0.173092732,2.318763357,0.862231142,0.507713806,0.488902759,0.569469256,48.937787803,450.000000000,50.857807894,-0.083169247,0.021826177,10.083702464,-120.000000000,96.926182298,-92.171788550,115.245606251,-25.428903947,-25.428903947
1786168440.390617371,62.750602935,0.000000000,NONE,0,0.049923114,-1.097833667,49.519129637,0.028864566,-1.587855803,47.801099639,-1.464898410,0.490022136,1.718029999,1.493762976,0.680966989,2.629162782,1.433604463,0.338333472,2.342001559,0.860670704,0.342633517,0.287161223,0.572933759,39.485578197,450.000000000,51.158696121,-0.081535321,0.039149727,9.787893870,-120.000000000,101.019342510,-96.314316787,115.294974277,-25.579348060,-25.579348060
1786168440.440636158,62.800621874,0.000000000,NONE,0,0.049977529,-1.097833667,49.519129637,0.028864566,-1.568118676,47.894023551,-1.428940064,0.470285009,1.625106087,1.457804630,0.670771964,2.486020924,1.435121927,0.434969342,2.362629601,0.859556929,0.235802622,0.123391323,0.575564999,33.593316092,450.000000000,51.340517228,-0.079775202,0.045929104,9.587264455,-120.000000000,103.652243864,-98.986724660,115.334480797,-25.670258614,-25.670258614
1786168440.490643501,62.850629152,0.000000000,NONE,0,0.050057104,-1.097833667,49.519129637,0.028864566,-1.539264341,48.010868184,-1.383567520,0.441430674,1.508261454,1.412432085,0.645593268,2.307022002,1.437954984,0.520528348,2.382042089,0.858872978,0.125064919,-0.075020087,0.579082006,25.296408197,400.192301540,51.618812773,-0.077369212,0.048310215,9.378719909,-108.716857411,96.068653313,-91.379293358,104.027497457,-25.809406386,-25.809406386
1786168440.540593863,62.900579594,0.000000000,NONE,0,0.049959424,-1.097833667,49.519129637,0.028864566,-1.507607565,48.126140351,-1.337855804,0.409773898,1.392989286,1.366720370,0.609140770,2.127802289,1.447465368,0.566416104,2.319290884,0.863872709,0.042724667,-0.191488595,0.583592658,18.739239177,333.954481738,51.969162810,-0.074386088,0.069572795,8.934876780,-90.407149424,81.037529835,-76.570091446,85.939711034,-25.984581405,-25.984581405
1786168440.590612411,62.950598064,0.000000000,NONE,0,0.050029025,-1.097833667,49.519129637,0.028864566,-1.475128470,48.235473683,-1.292092518,0.377294803,1.283655954,1.320957084,0.566916506,1.948766438,1.469249467,0.581877093,2.165216691,0.878381095,-0.014960587,-0.216450253,0.590868372,13.403951529,278.381547235,52.548386601,-0.069568099,0.116969520,8.082431260,-74.966982506,68.265006741,-64.223791111,70.925766876,-26.274193301,-26.274193301
1786168440.640628338,63.000613780,0.000000000,NONE,0,0.049992891,-1.097833667,49.519129637,0.028864566,-1.443134110,48.336863806,-1.246692587,0.345300443,1.182265832,1.275557152,0.523019740,1.774017157,1.497507759,0.578059951,1.992707687,0.895504048,-0.055040212,-0.218690530,0.602003711,9.066732910,228.867407321,53.420216856,-0.062287117,0.169180840,6.984067315,-61.229551886,56.696185432,-53.204151774,57.737518229,-26.710108428,-26.710108428
1786168440.690610647,63.050596205,0.000000000,NONE,0,0.049979842,-1.097833667,49.519129637,0.028864566,-1.418383706,48.412365020,-1.210861732,0.320550038,1.106764618,1.239726297,0.487868276,1.640689319,1.519014041,0.565447634,1.847836601,0.906494998,-0.077579358,-0.207147282,0.612519043,6.368055109,194.959317218,54.159249909,-0.054923962,0.202690310,6.065410397,-51.848195681,48.664168126,-45.631462928,48.815490482,-27.079624955,-27.079624955
1786168440.740591288,63.100576975,0.000000000,NONE,0,0.049996018,-1.097833667,49.519129637,0.028864566,-1.388843253,48.500392074,-1.166822883,0.291009586,1.018737563,1.195687449,0.444458918,1.484732943,1.540674580,0.544588699,1.699010353,0.914374721,-0.100129781,-0.214277410,0.626299859,3.081773629,156.818497888,55.204810132,-0.044405967,0.230489489,4.950419291,-41.212672702,39.671785888,-37.196576242,38.737463056,-27.602405066,-27.602405066
1786168440.790613413,63.150599182,0.000000000,NONE,0,0.050010895,-1.097833667,49.519129637,0.028864566,-1.361082836,48.581925747,-1.123582937,0.263249169,0.937203891,1.152447502,0.401810850,1.341527359,1.555978058,0.516984943,1.552025735,0.918518826,-0.115174093,-0.210498375,0.637459231,0.604727688,126.257864059,55.949406681,-0.033128083,0.242688713,3.929509854,-32.698025401,32.395661556,-30.430906629,30.733270473,-27.974703340,-27.974703340
1786168440.841120958,63.201106568,0.000000000,TARGET_UPDATED,0,0.050511883,-1.097833667,50.519129637,0.028864566,-1.335357183,48.656849015,-1.080955709,0.237523515,1.862280623,1.109820274,0.327526880,2.708647929,1.654113736,0.483946420,1.409945446,0.920332735,-0.156419540,1.298702483,0.733781000,-4.974204134,450.000000000,64.394237063,-0.021769827,0.241236517,3.037570570,-112.015841609,114.502943676,-112.984158391,110.497056324,-32.197118531,-32.197118531
1786168440.890631437,63.250617124,0.000000000,NONE,0,0.049507158,-1.097833667,50.519129637,0.028864566,-1.311595716,48.748269214,-1.039237322,0.213762049,1.770860423,1.068101887,0.290512259,2.591903871,1.614412855,0.433431658,2.053850650,0.921806987,-0.142919399,0.538053222,0.692605868,-4.169798965,450.000000000,58.790508625,-0.015642888,0.053639458,4.424934910,-112.563783986,114.648683469,-112.436216014,110.351316531,-29.395254312,-29.395254312
1786168440.940715313,63.300700819,0.000000000,TARGET_UPDATED,0,0.050081647,-1.097833667,51.519129637,0.028864566,-1.289814132,48.861672624,-0.997814183,0.191980464,2.657457013,1.026678749,0.155390909,2.963147116,1.563845527,0.376283607,2.331647983,0.886638869,-0.220892699,0.631499134,0.677206658,-13.557573284,450.000000000,58.253740235,-0.018285812,-0.106307838,6.237673399,-110.670025029,117.448811671,-114.329974971,107.551188329,-29.126870117,-29.126870117
1786168440.990697145,63.350682651,0.000000000,NONE,0,0.049977715,-1.097833667,51.519129637,0.028864566,-1.270603414,48.981081146,-0.955601767,0.172769747,2.538048492,0.984466332,0.103440563,2.990417285,1.492429536,0.285602800,2.407924251,0.872357468,-0.182162237,0.582493034,0.620072068,-9.547869088,450.000000000,53.434094644,-0.026590018,-0.195098093,7.792570227,-112.061175285,116.835109829,-112.938824715,108.164890171,-26.717047322,-26.717047322
1786168441.040652752,63.400638287,0.000000000,NONE,0,0.049974832,-1.097833667,51.519129637,0.028864566,-1.257213978,49.077495064,-0.921208099,0.159380311,2.441634574,0.950072665,0.060656196,3.004800469,1.413658595,0.221971124,2.424221063,0.858870606,-0.161314927,0.580579406,0.554787989,-8.993780641,450.000000000,48.714933944,-0.035041840,-0.217211320,8.693350658,-112.424892504,116.921782825,-112.575107496,108.078217175,-24.357466972,-24.357466972
1786168441.090594053,63.450579726,0.000000000,NONE,0,0.049942235,-1.097833667,51.519129637,0.028864566,-1.242312449,49.198002252,-0.878004369,0.144478782,2.321127386,0.906868934,0.010689894,3.015587004,1.325347537,0.150830349,2.428463372,0.839872238,-0.140140455,0.587123632,0.485475299,-7.890049560,450.000000000,43.793650489,-0.045921239,-0.215325822,9.549434418,-112.914846214,116.859870995,-112.085153786,108.140129005,-21.896825245,-21.896825245
1786168441.140619040,63.500604571,0.000000000,NONE,0,0.050014683,-1.097833667,51.519129637,0.028864566,-1.229155013,49.318292524,-0.835145785,0.131321346,2.200837113,0.864010351,-0.032136387,3.020650940,1.246712234,0.089911804,2.427722708,0.816295470,-0.122048191,0.592928232,0.430416765,-6.924523854,450.000000000,40.237326453,-0.055963947,-0.190478464,10.109975506,-113.296362913,116.758624840,-111.703637087,108.241375160,-20.118663226,-20.118663226
1786168441.190601587,63.550587177,0.000000000,NONE,0,0.049990792,-1.097833667,51.519129637,0.028864566,-1.217450372,49.438427395,-0.793069617,0.119616705,2.080702242,0.821934183,-0.065891559,3.021657730,1.176982761,0.039907893,2.426014022,0.792838291,-0.105799452,0.595643707,0.384144470,-6.146799393,450.000000000,37.183098743,-0.064374596,-0.153958053,10.424059612,-113.569315055,116.642714751,-111.430684945,108.357285249,-18.591549372,-18.591549372
1786168441.240666151,63.600651654,0.000000000,NONE,0,0.049998160,-1.097833667,51.519129637,0.028864566,-1.206988345,49.558524074,-0.751968020,0.109154678,1.960605563,0.780832585,-0.089316548,2.965219619,1.116722511,-0.000181629,2.424342907,0.771501238,-0.089134919,0.540876712,0.345221273,-5.314328136,450.000000000,34.614228882,-0.070865955,-0.114287187,10.553746012,-113.809854469,116.467018537,-111.190145531,108.532981463,-17.307114441,-17.307114441
1786168441.290607214,63.650592726,0.000000000,NONE,0,0.050003217,-1.097833667,51.519129637,0.028864566,-1.197609351,49.678691218,-0.711968570,0.099775684,1.840438420,0.740833136,-0.100280400,2.780622186,1.066109620,-0.030904134,2.422998098,0.752844104,-0.069376266,0.357624088,0.313265516,-4.167862149,450.000000000,32.524576609,-0.075437162,-0.076016128,10.544276202,-114.094103513,116.178034588,-110.905896487,108.821965412,-16.262288305,-16.262288305
1786168441.340611696,63.700597041,0.000000000,NONE,0,0.050003369,-1.097833667,51.519129637,0.028864566,-1.189128971,49.799008572,-0.673155280,0.091295304,1.720121066,0.702019846,-0.101723818,2.594930608,1.020269354,-0.051689574,2.422145514,0.736510571,-0.050034244,0.172785094,0.283758782,-3.030834504,450.000000000,30.515178843,-0.078222604,-0.041413230,10.428905318,-114.349517704,115.864934956,-110.650482296,109.135065044,-15.257589421,-15.257589421
1786168441.390616179,63.750601544,0.000000000,NONE,0,0.049975438,-1.097833667,51.519129637,0.028864566,-1.181324911,49.919516553,-0.635612341,0.083491244,1.599613085,0.664476907,-0.096031779,2.408967144,0.976726946,-0.063066643,2.421784216,0.720397365,-0.032965137,-0.012817073,0.256329581,-1.999078756,441.000045066,28.642781093,-0.079432163,-0.011881068,10.238287796,-112.309813527,113.309352904,-108.190209006,107.190669628,-14.321390547,-14.321390547
1786168441.440658331,63.800644070,0.000000000,TARGET_UPDATED,0,0.050073546,-1.097833667,52.519129637,0.028864566,-1.174030992,50.039722404,-0.599410695,0.076197325,2.479407234,0.628275261,-0.169036826,2.998908403,0.930654071,-0.066306853,2.405123368,0.704485106,-0.102729973,0.593785035,0.226168965,-8.845479770,450.000000000,26.483727770,-0.079200846,0.016486304,9.944040435,-112.774640166,117.197380051,-112.225359834,107.802619949,-13.241863885,-13.241863885
1786168441.490700960,63.850686644,0.000000000,TARGET_UPDATED,0,0.050020959,-1.097833667,53.519129637,0.028864566,-1.168819907,50.136003122,-0.571469759,0.070986240,3.383126516,0.600334325,-0.189984920,2.994424264,0.899017233,-0.082416721,2.414571430,0.689112517,-0.107568199,0.579852834,0.209904716,-8.200715375,450.000000000,25.627657851,-0.078203300,0.028983862,9.747084744,-112.886592342,116.986950030,-112.113407658,108.013049970,-12.813828926,-12.813828926
1786168441.540595293,63.900580864,0.000000000,NONE,0,0.049918578,-1.097833667,53.519129637,0.028864566,-1.163622349,50.256978352,-0.537781385,0.065788682,3.262151286,0.566645950,-0.181462307,2.991983604,0.858808896,-0.103195132,2.420516895,0.670923988,-0.078267175,0.571466709,0.187884907,-5.609889743,450.000000000,23.974994917,-0.076467924,0.037193500,9.533792618,-113.480975719,116.285920590,-111.519024281,108.714079410,-11.987497459,-11.987497459
1786168441.590663195,63.950648691,0.000000000,NONE,0,0.050055098,-1.097833667,53.519129637,0.028864566,-1.159629777,50.378277463,-0.505341073,0.061796110,3.140852175,0.534205639,-0.172202360,2.990682993,0.817469771,-0.115352974,2.422481159,0.651915678,-0.056849385,0.568201834,0.165554093,-4.329109800,450.000000000,22.410971126,-0.074512819,0.038662813,9.370150612,-113.760260203,115.924815103,-111.239739797,109.075184897,-11.205485563,-11.205485563
1786168441.640681267,64.000666698,0.000000000,NONE,0,0.049951355,-1.097833667,53.519129637,0.028864566,-1.157022068,50.475433262,-0.480282812,0.059188401,3.043696375,0.509147378,-0.165085794,2.990296640,0.783672477,-0.120510564,2.423209893,0.635186620,-0.044575230,0.567086747,0.148485857,-3.661429772,450.000000000,21.324330684,-0.073015588,0.035372129,9.290573418,-113.907285911,115.738000797,-111.092714089,109.261999203,-10.662165342,-10.662165342
1786168441.690684557,64.050670229,0.000000000,NONE,0,0.050077029,-1.097833667,53.519129637,0.028864566,-1.154326398,50.596958206,-0.449969462,0.056492731,2.922171432,0.478834028,-0.157127705,2.990491877,0.740374080,-0.125395951,2.423786418,0.615786977,-0.031731754,0.566705458,0.124587103,-2.758540075,450.000000000,19.518994697,-0.071390412,0.029145997,9.229970721,-114.117857661,115.497127699,-110.882142339,109.502872301,-9.759497349,-9.759497349
1786168441.740674973,64.100660782,0.000000000,NONE,0,0.049968683,-1.097833667,53.519129637,0.028864566,-1.152112927,50.718526198,-0.420695159,0.054279260,2.800603440,0.449559724,-0.150582127,2.991296963,0.695845802,-0.128264124,2.424216008,0.594723412,-0.022318003,0.567080955,0.101122389,-2.166270993,450.000000000,17.886642671,-0.070139620,0.021088900,9.217487872,-114.262804220,115.345939716,-110.737195780,109.654060284,-8.943321335,-8.943321335
1786168441.790615797,64.150601492,0.000000000,NONE,0,0.049966290,-1.097833667,53.519129637,0.028864566,-1.150231790,50.840098074,-0.392432389,0.052398123,2.679031564,0.421296955,-0.145666578,2.992515986,0.650372472,-0.130106722,2.424534942,0.572700075,-0.015559856,0.567981044,0.077672397,-1.744841745,450.000000000,16.247355806,-0.069319757,0.012538986,9.244325283,-114.374870885,115.247291757,-110.625129115,109.752708243,-8.123677903,-8.123677903
1786168441.840701580,64.200687188,0.000000000,TARGET_UPDATED,0,0.050093920,-1.097833667,54.519129637,0.028864566,-1.148577895,50.961645870,-0.365139697,0.050744228,3.557483767,0.394004263,-0.159055830,2.993050618,0.604679917,-0.131581713,2.424730031,0.549947140,-0.027474117,0.568320586,0.054732777,-3.028111664,450.000000000,14.654337366,-0.068918415,0.004699954,9.297513047,-114.067350346,115.581406178,-110.932649654,109.418593822,-7.327168683,-7.327168683
1786168441.890613556,64.250598983,0.000000000,NONE,0,0.049902114,-1.097833667,54.519129637,0.028864566,-1.147193945,51.083160404,-0.338761447,0.049360278,3.435969233,0.367626013,-0.157983063,2.994383763,0.559278306,-0.137645551,2.424798574,0.527454793,-0.020337512,0.569585189,0.031823513,-2.203347642,450.000000000,13.050331074,-0.068873707,-0.001634206,9.364151897,-114.290201064,115.391874885,-110.709798936,109.608125115,-6.525165537,-6.525165537
1786168441.940575123,64.300560739,0.000000000,NONE,0,0.049980452,-1.097833667,54.519129637,0.028864566,-1.146325305,51.180348472,-0.318300132,0.048491638,3.338781166,0.347164698,-0.157888817,2.995324364,0.523718016,-0.141897301,2.424778196,0.509128816,-0.015991516,0.570546168,0.014589201,-1.997625521,450.000000000,11.958556795,-0.069030078,-0.005136042,9.418580193,-114.355238668,115.354051428,-110.644761332,109.645948572,-5.979278397,-5.979278397
1786168441.990600348,64.350586048,0.000000000,NONE,0,0.049998733,-1.097833667,54.519129637,0.028864566,-1.145434561,51.301799378,-0.293484577,0.047600894,3.217330260,0.322349143,-0.158424894,2.996260383,0.480749885,-0.146693282,2.424679166,0.488310638,-0.011731613,0.571581218,-0.007560753,-1.752167446,450.000000000,10.309681776,-0.069377852,-0.007907717,9.481056505,-114.432222265,115.308305988,-110.567777735,109.691694012,-5.154840888,-5.154840888
1786168442.040705442,64.400691057,0.000000000,NONE,0,0.050012723,-1.097833667,54.519129637,0.028864566,-1.144710647,51.423216297,-0.269481716,0.046876979,3.095913341,0.298346282,-0.159337023,2.996895948,0.439886378,-0.151000131,2.424526943,0.467688236,-0.008336892,0.572369004,-0.027801858,-1.579842402,450.000000000,8.930400393,-0.069804956,-0.008749843,9.530628382,-114.487696495,115.277617696,-110.512303505,109.722382304,-4.465200196,-4.465200196
1786168442.090632677,64.450618191,0.000000000,NONE,0,0.050011028,-1.097833667,54.519129637,0.028864566,-1.144102697,51.544606910,-0.246326005,0.046269030,2.974522728,0.275190571,-0.160250997,2.997240338,0.401574569,-0.154728110,2.424347286,0.447720148,-0.005522887,0.572893052,-0.046145579,-1.436683819,450.000000000,7.683111658,-0.070219507,-0.007956071,9.562878240,-114.531548605,115.249890515,-110.468451395,109.750109485,-3.841555829,-3.841555829
1786168442.140581131,64.500566770,0.000000000,NONE,0,0.049979336,-1.097833667,54.519129637,0.028864566,-1.143571864,51.665981228,-0.224023504,0.045738197,2.853148409,0.252888069,-0.160856937,2.997333216,0.366075787,-0.157789329,2.424160913,0.428852155,-0.003067608,0.573172303,-0.062776368,-1.305867434,450.000000000,6.551427826,-0.070554953,-0.006051410,9.577719882,-114.567963112,115.220896829,-110.432036888,109.779103171,-3.275713913,-3.275713913
1786168442.190589905,64.550575579,0.000000000,NONE,0,0.050002381,-1.097833667,54.519129637,0.028864566,-1.143085022,51.787349707,-0.202583808,0.045251355,2.731779931,0.231448373,-0.160938340,2.997230057,0.333526046,-0.160071552,2.423982616,0.411089108,-0.000866788,0.573247441,-0.077563062,-1.180201092,450.000000000,5.551453613,-0.070773408,-0.003575382,9.577513630,-114.599328135,115.189428680,-110.400671865,109.810571320,-2.775726806,-2.775726806
1786168442.240700722,64.600686363,0.000000000,TARGET_UPDATED,0,0.050106214,-1.097833667,55.519129637,0.028864566,-1.142613698,51.908722143,-0.182009666,0.044780031,3.610407495,0.210874232,-0.174609088,2.996195767,0.303933315,-0.161525951,2.423827841,0.394605533,-0.013083137,0.572367926,-0.090672218,-2.420161383,450.000000000,4.665633536,-0.070864362,-0.001028152,9.566419207,-114.286564456,115.496645148,-110.713435544,109.503354852,-2.332816768,-2.332816768
1786168442.290606022,64.650591710,0.000000000,NONE,0,0.049896659,-1.097833667,55.519129637,0.028864566,-1.142244964,52.030114749,-0.162297288,0.044411297,3.489014888,0.191161854,-0.174352473,2.995851386,0.276942427,-0.166292295,2.423712236,0.379330636,-0.008060178,0.572139150,-0.102388209,-1.770236791,450.000000000,3.869781980,-0.070837262,0.001237646,9.548662290,-114.444606375,115.329724770,-110.555393625,109.670275230,-1.934890990,-1.934890990
1786168442.340607643,64.700593404,0.000000000,NONE,0,0.050001772,-1.097833667,55.519129637,0.028864566,-1.142031014,52.151538618,-0.143442715,0.044197347,3.367591019,0.172307281,-0.173433293,2.995519417,0.252163362,-0.169084795,2.423649522,0.364907980,-0.004348498,0.571869896,-0.112744618,-1.558830970,450.000000000,3.169698913,-0.070714609,0.002999637,9.528301848,-114.492367720,115.271783204,-110.507632280,109.728216796,-1.584849457,-1.584849457
1786168442.390614748,64.750600303,0.000000000,NONE,0,0.049994512,-1.097833667,55.519129637,0.028864566,-1.141911634,52.248698645,-0.128975222,0.044077967,3.270430992,0.157839788,-0.172299402,2.995296044,0.233601522,-0.170257366,2.423635418,0.353575926,-0.002042036,0.571660626,-0.119974404,-1.429889836,450.000000000,2.723124094,-0.070567972,0.003925081,9.514372440,-114.521120651,115.236065569,-110.478879349,109.763934431,-1.361562047,-1.361562047
1786168442.440583706,64.800569349,0.000000000,NONE,0,0.049975880,-1.097833667,55.519129637,0.028864566,-1.141798238,52.370173328,-0.111636285,0.043964571,3.148956309,0.140500851,-0.170464799,2.995098650,0.211522883,-0.170983072,2.423657190,0.340495604,0.000518273,0.571441460,-0.128972721,-1.241163527,450.000000000,2.054577521,-0.070346860,0.004680096,9.496164624,-114.563750274,115.184332038,-110.436249726,109.815667962,-1.027288761,-1.027288761
1786168442.490627050,64.850612715,0.000000000,NONE,0,0.050047813,-1.097833667,55.519129637,0.028864566,-1.141697218,52.491671426,-0.095106619,0.043863551,3.027458211,0.123971185,-0.168264970,2.995007585,0.190253481,-0.170788453,2.423713480,0.327099929,0.002523483,0.571294105,-0.136846448,-1.096406077,450.000000000,1.522721323,-0.070107141,0.004860643,9.482199060,-114.596448246,115.144651284,-110.403551754,109.855348716,-0.761360662,-0.761360662
1786168442.540682077,64.900667492,0.000000000,NONE,0,0.049971161,-1.097833667,55.519129637,0.028864566,-1.141579228,52.613186210,-0.079949953,0.043745561,2.905943428,0.108814519,-0.165830094,2.995018079,0.170318626,-0.169596482,2.423854811,0.282303171,0.003766388,0.571163269,-0.111984546,-0.998124696,450.000000000,3.915105587,-0.069874139,0.004555342,9.473595306,-114.618867652,115.117930000,-110.381132348,109.882070000,-1.957552794,-1.957552794
1786168442.590601206,64.950586696,0.000000000,NONE,0,0.050010989,-1.097833667,55.519129637,0.028864566,-1.141422319,52.734706253,-0.069498616,0.043588651,2.784423384,0.098363182,-0.163323441,2.995085197,0.156714950,-0.167124418,2.424156902,0.162825214,0.003800977,0.570928295,-0.006110265,-0.980775582,450.000000000,12.945647778,-0.069664805,0.003960178,9.469768222,-114.622248160,115.112635951,-110.377751840,109.887364049,-6.472823889,-6.472823889
1786168442.640806198,65.000791813,0.000000000,TARGET_UPDATED,0,0.050090803,-1.097833667,56.519129637,0.028864566,-1.141253770,52.831916656,-0.065791162,0.043420103,3.687212981,0.094655727,-0.174466218,2.994417387,0.152267490,-0.164730770,2.424397853,0.063819550,-0.009735448,0.570019535,0.088447940,-2.243689025,450.000000000,19.337652844,-0.069521023,0.003376562,9.471066568,-114.306844386,115.428688898,-110.693155614,109.571311102,-9.668826422,-9.668826422
1786168442.690685749,65.050671226,0.000000000,NONE,0,0.049909261,-1.097833667,56.519129637,0.028864566,-1.141048176,52.953419601,-0.066379120,0.043214509,3.565710036,0.095243685,-0.172985328,2.994443722,0.154251203,-0.164920497,2.424589384,-0.042356576,-0.008064830,0.569854337,0.196607779,-1.815396752,450.000000000,27.193141637,-0.069373516,0.002653134,9.473425054,-114.414507076,115.322205452,-110.585492924,109.677794548,-13.596570819,-13.596570819
1786168442.740767002,65.100752548,0.000000000,NONE,0,0.050153607,-1.097833667,56.519129637,0.028864566,-1.140940596,53.074916783,-0.070670705,0.043106929,3.444212855,0.099535270,-0.171470141,2.994475788,0.161257874,-0.165491030,2.424623215,-0.089440914,-0.005979110,0.569852573,0.250698788,-1.657392397,450.000000000,29.897176215,-0.069259506,0.001994378,9.477839058,-114.455111665,115.283807864,-110.544888335,109.716192136,-14.948588107,-14.948588107
1786168442.790624619,65.150610126,0.000000000,NONE,0,0.049870330,-1.097833667,56.519129637,0.028864566,-1.140862056,53.196410295,-0.075517452,0.043028389,3.322719343,0.104382018,-0.169891273,2.994541337,0.168446584,-0.165720176,2.424538051,-0.079629848,-0.004171098,0.570003286,0.248076433,-1.528637127,450.000000000,28.588706832,-0.069173810,0.001457960,9.483246979,-114.488652463,115.252971027,-110.511347537,109.747028973,-14.294353416,-14.294353416
1786168442.840614796,65.200600382,0.000000000,NONE,0,0.049974986,-1.097833667,56.519129637,0.028864566,-1.140801054,53.293605645,-0.078391276,0.042967387,3.225523993,0.107255841,-0.168550015,2.994636009,0.172132664,-0.165805541,2.424440298,-0.050809180,-0.002744474,0.570195711,0.222941844,-1.429161050,450.000000000,26.384496452,-0.069120352,0.001159805,9.488860473,-114.514924856,115.229505381,-110.485075144,109.770494619,-13.192248226,-13.192248226
1786168442.890594244,65.250579800,0.000000000,NONE,0,0.049994807,-1.097833667,56.519129637,0.028864566,-1.140716691,53.415102655,-0.080021705,0.042883024,3.104026983,0.108886270,-0.166747469,2.994815703,0.173062648,-0.165821770,2.424336834,-0.006442980,-0.000925699,0.570478869,0.179505628,-1.283393229,450.000000000,22.982577387,-0.069065459,0.000937440,9.493598474,-114.552551311,115.194247926,-110.447448689,109.805752074,-11.491288693,-11.491288693
1786168442.940617561,65.300602986,0.000000000,NONE,0,0.050011252,-1.097833667,56.519129637,0.028864566,-1.140614518,53.536601454,-0.079637889,0.042780851,2.982528184,0.108502455,-0.164795688,2.995053562,0.170250702,-0.165465617,2.424273035,0.026241973,0.000669929,0.570780527,0.144008728,-1.161243349,450.000000000,20.660431709,-0.069016699,0.000870799,9.497267351,-114.584006001,115.164627675,-110.415993999,109.835372325,-10.330215854,-10.330215854
1786168442.990578413,65.350563925,0.000000000,NONE,0,0.049962990,-1.097833667,56.519129637,0.028864566,-1.140484649,53.658097424,-0.078122027,0.042650981,2.861032213,0.106986593,-0.162702754,2.995325888,0.165240533,-0.164753740,2.424224556,0.038334515,0.002050986,0.571101332,0.126906018,-1.049894394,450.000000000,19.833882979,-0.068968394,0.000921734,9.499785303,-114.612472727,115.137419924,-110.387527273,109.862580076,-9.916941489,-9.916941489
1786168443.040655136,65.400640710,0.000000000,NONE,0,0.050054708,-1.097833667,56.519129637,0.028864566,-1.140355425,53.755289122,-0.076760938,0.042521758,2.763840516,0.105625504,-0.160931558,2.995553068,0.160827646,-0.163973826,2.424173545,0.034493303,0.003042268,0.571379523,0.126334343,-0.970833964,450.000000000,20.127914146,-0.068927239,0.001026719,9.502343342,-114.632877345,115.118294326,-110.367122655,109.881705674,-10.063957073,-10.063957073
1786168443.090641260,65.450626876,0.000000000,TARGET_UPDATED,0,0.050031498,-1.097833667,57.519129637,0.028864566,-1.140157577,53.876770314,-0.075487919,0.042323909,3.642359324,0.104352484,-0.171762897,2.995110382,0.155924821,-0.162935106,2.424082066,0.019411509,-0.008827791,0.571028315,0.136513312,-2.112217540,450.000000000,21.058729125,-0.068869669,0.001225680,9.502639457,-114.347605479,115.403714249,-110.652394521,109.596285751,-10.529364562,-10.529364562
1786168443.140590906,65.500576388,0.000000000,NONE,0,0.049946032,-1.097833667,57.519129637,0.028864566,-1.139993912,53.998247239,-0.074988489,0.042160245,3.520882398,0.103853055,-0.170242439,2.995340315,0.152384992,-0.165059885,2.423969066,0.001087689,-0.005182554,0.571371249,0.151297304,-1.558591066,450.000000000,22.189935018,-0.068802728,0.001452554,9.501888298,-114.485824308,115.265119841,-110.514175692,109.734880159,-11.094967509,-11.094967509
1786168443.190556765,65.550542239,0.000000000,NONE,0,0.049963540,-1.097833667,57.519129637,0.028864566,-1.139959649,54.119727642,-0.075202088,0.042125982,3.399401995,0.104066654,-0.168528137,2.995562908,0.150227619,-0.166788396,2.423859408,-0.013035136,-0.001739741,0.571703499,0.163262755,-1.328438247,450.000000000,22.975079523,-0.068726087,0.001665099,9.500499161,-114.543015228,115.207234352,-110.456984772,109.792765648,-11.487539762,-11.487539762
1786168443.240749359,65.600734803,0.000000000,NONE,0,0.050203053,-1.097833667,57.519129637,0.028864566,-1.139982274,54.241207616,-0.075789512,0.042148607,3.277922022,0.104654077,-0.166665950,2.995770072,0.149087914,-0.167448525,2.423770972,-0.019008184,0.000782575,0.571999100,0.168096098,-1.165967160,450.000000000,23.174425210,-0.068640772,0.001838845,9.498828406,-114.583215312,115.166198891,-110.416784688,109.833801109,-11.587212605,-11.587212605
1786168443.290583372,65.650568784,0.000000000,NONE,0,0.049825494,-1.097833667,57.519129637,0.028864566,-1.140020274,54.338390260,-0.076286861,0.042186607,3.180739377,0.105151427,-0.165084809,2.995919704,0.148626996,-0.167560599,2.423720776,-0.018805851,0.002475790,0.572198928,0.167432847,-1.055548973,450.000000000,23.022581486,-0.068567399,0.001941009,9.498769730,-114.610805189,115.138579676,-110.389194811,109.861420324,-11.511290743,-11.511290743
1786168443.340624332,65.700609962,0.000000000,NONE,0,0.050027739,-1.097833667,57.519129637,0.028864566,-1.140076029,54.459866028,-0.076732322,0.042242361,3.059263609,0.105596887,-0.163005150,2.996081222,0.148376931,-0.167394357,2.423681679,-0.014559924,0.004389207,0.572399543,0.162936855,-0.903820583,450.000000000,22.635379303,-0.068470108,0.002061132,9.496636074,-114.648203873,115.100114164,-110.351796127,109.899885836,-11.317689652,-11.317689652
1786168443.390631676,65.750617168,0.000000000,NONE,0,0.049994970,-1.097833667,57.519129637,0.028864566,-1.140124331,54.581338233,-0.076890363,0.042290664,2.937791404,0.105754929,-0.160819988,2.996210446,0.148405293,-0.166788016,2.423663430,-0.008939007,0.005968028,0.572547016,0.157344301,-0.781853664,450.000000000,22.225841306,-0.068367296,0.002135327,9.494505146,-114.678162870,115.069089702,-110.321837130,109.930910298,-11.112920653,-11.112920653
1786168443.440646172,65.800631773,0.000000000,NONE,0,0.049986242,-1.097833667,57.519129637,0.028864566,-1.140145683,54.702806372,-0.076799213,0.042312016,2.816323265,0.105663779,-0.158544212,2.996305639,0.148785508,-0.165828137,2.423662331,-0.004394615,0.007283925,0.572643308,0.153180123,-0.673300701,450.000000000,21.966733204,-0.068261646,0.002150193,9.492728778,-114.704857019,115.041507370,-110.295142981,109.958492630,-10.983366602,-10.983366602
1786168443.490781546,65.850766990,0.000000000,TARGET_UPDATED,0,0.050122436,-1.097833667,58.519129637,0.028864566,-1.140123945,54.824270642,-0.076580028,0.042290278,3.694858995,0.105444594,-0.168907157,2.995673957,0.149748722,-0.164577638,2.423679464,-0.001986083,-0.004329519,0.571994493,0.151734805,-1.790120236,450.000000000,21.923834317,-0.068155884,0.002113551,9.491466572,-114.425336584,115.320396702,-110.574663416,109.679603298,-10.961917159,-10.961917159
1786168443.540643930,65.900629414,0.000000000,NONE,0,0.049921785,-1.097833667,58.519129637,0.028864566,-1.140132482,54.945737467,-0.076358167,0.042298815,3.573392171,0.105222732,-0.167435066,2.995666083,0.151201251,-0.166495246,2.423716208,-0.001322748,-0.000939820,0.571949876,0.152523999,-1.263540454,450.000000000,22.027529335,-0.068052187,0.002038821,9.490712688,-114.556793059,115.188563285,-110.443206941,109.811436715,-11.013764668,-11.013764668
1786168443.590597868,65.950583407,0.000000000,NONE,0,0.049960698,-1.097833667,58.519129637,0.028864566,-1.140213183,55.042917213,-0.076233012,0.042379516,3.476212424,0.105097577,-0.166180072,2.995648015,0.152740084,-0.167299155,2.423761006,-0.001353162,0.001119083,0.571887009,0.154093245,-1.146694982,450.000000000,22.156826949,-0.067971870,0.001962213,9.491845213,-114.586287558,115.159635049,-110.413712442,109.840364951,-11.078413474,-11.078413474
1786168443.640595198,66.000580761,0.000000000,NONE,0,0.050002287,-1.097833667,58.519129637,0.028864566,-1.140376025,55.188692828,-0.076166565,0.042542358,3.330436810,0.105031131,-0.164208549,2.995607690,0.155534816,-0.167672785,2.423846578,-0.001514391,0.003464236,0.571761113,0.157049208,-0.969135685,450.000000000,22.395377636,-0.067856158,0.001879698,9.490199371,-114.630265921,115.114833764,-110.369734079,109.885166236,-11.197688818,-11.197688818
1786168443.690651655,66.050637231,0.000000000,NONE,0,0.050021911,-1.097833667,58.519129637,0.028864566,-1.140489686,55.285879422,-0.076185492,0.042656019,3.233250215,0.105050058,-0.162840559,2.995577749,0.157565255,-0.167331286,2.423911382,-0.000730298,0.004490727,0.571666367,0.158295552,-0.912471121,450.000000000,22.452380310,-0.067782507,0.001798185,9.491903612,-114.644858123,115.101093683,-110.355141877,109.898906317,-11.226190155,-11.226190155
1786168443.740580559,66.100566178,0.000000000,NONE,0,0.049961914,-1.097833667,58.519129637,0.028864566,-1.140613571,55.407364474,-0.076237646,0.042779904,3.111765164,0.105102211,-0.161075761,2.995544096,0.160077274,-0.166623483,2.423994399,0.000795603,0.005547722,0.571549698,0.159281671,-0.821007630,450.000000000,22.520209109,-0.067695061,0.001729235,9.492361797,-114.667838542,115.078342357,-110.332161458,109.921657643,-11.260104555,-11.260104555
1786168443.790647984,66.150633628,0.000000000,NONE,0,0.050038361,-1.097833667,58.519129637,0.028864566,-1.140701637,55.528850518,-0.076288620,0.042867970,2.990279120,0.105153186,-0.159241361,2.995522990,0.162366534,-0.165544022,2.424074397,0.002897149,0.006302662,0.571448593,0.159469386,-0.753591820,450.000000000,22.521352870,-0.067611135,0.001683587,9.492870447,-114.684819657,115.061615567,-110.315180343,109.938384433,-11.260676435,-11.260676435
1786168443.840672493,66.200658080,0.000000000,NONE,0,0.049966947,-1.097833667,58.519129637,0.028864566,-1.140735147,55.650336119,-0.076309002,0.042901480,2.868793518,0.105173568,-0.157333141,2.995522404,0.164256320,-0.164130076,2.424146585,0.005108902,0.006796936,0.571375819,0.159147418,-0.700142940,450.000000000,22.492596169,-0.067530048,0.001650583,9.493462070,-114.698329782,115.048401253,-110.301670218,109.951598747,-11.246298084,-11.246298084
1786168443.890606165,66.250591657,0.000000000,NONE,0,0.049999176,-1.097833667,58.519129637,0.028864566,-1.140699316,55.771819876,-0.076294352,0.042865649,2.747309761,0.105158917,-0.155343359,2.995549207,0.165634497,-0.162451367,2.424207604,0.006869948,0.007108008,0.571341603,0.158764549,-0.655291808,450.000000000,22.468550470,-0.067450919,0.001631488,9.494067725,-114.709693979,115.037339883,-110.290306021,109.962660117,-11.234275235,-11.234275235
1786168443.940725327,66.300710782,0.000000000,TARGET_UPDATED,0,0.050114995,-1.097833667,59.519129637,0.028864566,-1.140582790,55.893300377,-0.076257026,0.042749123,3.625829260,0.105121592,-0.166709874,2.994890632,0.166438143,-0.160567368,2.424254699,0.007878403,-0.006142506,0.570635933,0.158559740,-1.895727545,450.000000000,22.461757720,-0.067372766,0.001625022,9.494632870,-114.399726331,115.347590104,-110.600273669,109.652409896,-11.230878860,-11.230878860
1786168443.990620613,66.350606316,0.000000000,NONE,0,0.049901000,-1.097833667,59.519129637,0.028864566,-1.140477042,56.014782895,-0.076215187,0.042643375,3.504346742,0.105079753,-0.165518765,2.994941622,0.166649832,-0.162291530,2.424284841,0.008059089,-0.003227236,0.570656781,0.158590742,-1.379191065,450.000000000,22.472592863,-0.067294842,0.001627757,9.495087756,-114.528974173,115.218569705,-110.471025827,109.781430295,-11.236296432,-11.236296432
1786168444.040617943,66.400603601,0.000000000,NONE,0,0.049984625,-1.097833667,59.519129637,0.028864566,-1.140452975,56.111973303,-0.076188941,0.042619308,3.407156334,0.105053507,-0.164450150,2.995012989,0.166387754,-0.162806008,2.424297067,0.007658718,-0.001644143,0.570715921,0.158729036,-1.294175061,450.000000000,22.488385849,-0.067232219,0.001636922,9.496707449,-114.550633097,115.197720628,-110.449366903,109.802279372,-11.244192924,-11.244192924
1786168444.090762615,66.450748084,0.000000000,NONE,0,0.050140302,-1.097833667,59.519129637,0.028864566,-1.140438334,56.233461821,-0.076172740,0.042604667,3.285667816,0.105037306,-0.162995673,2.995137136,0.165559140,-0.162805606,2.424294050,0.006615811,-0.000190067,0.570843086,0.158943329,-1.186887007,450.000000000,22.508878280,-0.067152267,0.001680183,9.496612741,-114.577431434,115.170874937,-110.422568566,109.829125063,-11.254439140,-11.254439140
1786168444.141074896,66.501060555,0.000000000,NONE,0,0.050308545,-1.097833667,59.519129637,0.028864566,-1.140418335,56.354948388,-0.076175657,0.042584668,3.164181250,0.105040223,-0.161407814,2.995296227,0.164235466,-0.162300440,2.424271156,0.005193894,0.000892626,0.571025071,0.159041572,-1.104809273,450.000000000,22.517434753,-0.067069007,0.001730064,9.496201426,-114.597848038,115.150252675,-110.402151962,109.849747325,-11.258717376,-11.258717376
1786168444.190601826,66.550587196,0.000000000,NONE,0,0.049553713,-1.097833667,59.519129637,0.028864566,-1.140383545,56.452134576,-0.076188313,0.042549878,3.066995061,0.105052878,-0.160044817,2.995444221,0.162882835,-0.161596414,2.424239660,0.003897262,0.001551597,0.571204561,0.158985574,-1.052554362,450.000000000,22.514371196,-0.067000304,0.001758215,9.497063933,-114.611127393,115.137404574,-110.388872607,109.862595426,-11.257185598,-11.257185598
1786168444.240766525,66.600752103,0.000000000,NONE,0,0.050089002,-1.097833667,59.519129637,0.028864566,-1.140304087,56.573611972,-0.076211021,0.042470420,2.945517665,0.105075587,-0.158224678,2.995648550,0.160924491,-0.160507421,2.424186740,0.002180742,0.002282743,0.571461810,0.158743750,-0.979694838,450.000000000,22.497721335,-0.066911844,0.001808676,9.496185606,-114.629122692,115.118970111,-110.370877308,109.881029889,-11.248860667,-11.248860667
1786168444.290639400,66.650624946,0.000000000,NONE,0,0.049943713,-1.097833667,59.519129637,0.028864566,-1.140174753,56.695082235,-0.076235105,0.042341086,2.824047402,0.105099670,-0.156272210,2.995866587,0.158794704,-0.159188716,2.424123091,0.000439966,0.002916506,0.571743495,0.158354738,-0.914211039,450.000000000,22.471483831,-0.066820498,0.001844580,9.495193386,-114.645245587,115.102351106,-110.354754413,109.897648894,-11.235741916,-11.235741916
1786168444.340735435,66.700721093,0.000000000,TARGET_UPDATED,0,0.050077875,-1.097833667,60.519129637,0.028864566,-1.139985024,56.816544328,-0.076256454,0.042151357,3.702585310,0.105121020,-0.166806930,2.995417353,0.156568821,-0.157680733,2.424053579,-0.001264135,-0.009126196,0.571363774,0.157832956,-2.052534454,450.000000000,22.436280636,-0.066727972,0.001851108,9.494409212,-114.360468690,115.386735917,-110.639531310,109.613264083,-11.218140318,-11.218140318
1786168444.390608549,66.750594277,0.000000000,NONE,0,0.049894695,-1.097833667,60.519129637,0.028864566,-1.139810273,56.938003176,-0.076273937,0.041976606,3.581126461,0.105138503,-0.165493018,2.995597507,0.154529524,-0.159341609,2.423982676,-0.002884186,-0.006151408,0.571614831,0.157413710,-1.553271506,450.000000000,22.412877297,-0.066635983,0.001831860,9.493892126,-114.485155155,115.261790908,-110.514844845,109.738209092,-11.206438648,-11.206438648
1786168444.440602303,66.800587885,0.000000000,NONE,0,0.049988193,-1.097833667,60.519129637,0.028864566,-1.139731948,57.059464438,-0.076287957,0.041898281,3.459665199,0.105152523,-0.164007280,2.995773100,0.152720391,-0.160351380,2.423917000,-0.004322028,-0.003655900,0.571856099,0.157042419,-1.389978087,450.000000000,22.391787096,-0.066545740,0.001797492,9.493669420,-114.525922833,115.220911877,-110.474077167,109.779088123,-11.195893548,-11.195893548
1786168444.490640163,66.850625765,0.000000000,NONE,0,0.050028623,-1.097833667,60.519129637,0.028864566,-1.139692931,57.156632353,-0.076297243,0.041859263,3.362497284,0.105161809,-0.162723092,2.995904873,0.151518818,-0.160506240,2.423869745,-0.005288098,-0.002216851,0.572035127,0.156806916,-1.304832165,450.000000000,22.381944450,-0.066475255,0.001765557,9.495001269,-114.547542276,115.199958359,-110.452457724,109.800041641,-11.190972225,-11.190972225
1786168444.540592909,66.900578509,0.000000000,NONE,0,0.049976851,-1.097833667,60.519129637,0.028864566,-1.139655086,57.278090049,-0.076306229,0.041821419,3.241039588,0.105170794,-0.161004014,2.996054843,0.150399799,-0.160453663,2.423820473,-0.006157215,-0.000550352,0.572234370,0.156557014,-1.173727045,450.000000000,22.368070484,-0.066388659,0.001758476,9.494780221,-114.580263294,115.167126816,-110.419736706,109.832873184,-11.184035242,-11.184035242
1786168444.590631485,66.950616923,0.000000000,NONE,0,0.050017988,-1.097833667,60.519129637,0.028864566,-1.139614717,57.399544896,-0.076311955,0.041781049,3.119584741,0.105176520,-0.159159990,2.996185703,0.149763336,-0.160044624,2.423784692,-0.006637486,0.000884633,0.572401011,0.156400822,-1.064097761,450.000000000,22.362926093,-0.066302504,0.001760004,9.494505185,-114.607601856,115.139650736,-110.392398144,109.860349264,-11.181463047,-11.181463047
1786168444.640630484,67.000616186,0.000000000,NONE,0,0.049993758,-1.097833667,60.519129637,0.028864566,-1.139555493,57.520996490,-0.076314794,0.041721826,2.998133147,0.105179360,-0.157198588,2.996295355,0.149645644,-0.159354354,2.423763970,-0.006689751,0.002155766,0.572531386,0.156335395,-0.961438668,450.000000000,22.364068123,-0.066216835,0.001757239,9.494300116,-114.633215362,115.113934696,-110.366784638,109.886065304,-11.182034061,-11.182034061
1786168444.690612793,67.050598353,0.000000000,NONE,0,0.049991581,-1.097833667,60.519129637,0.028864566,-1.139465346,57.642444764,-0.076314342,0.041631679,2.876684873,0.105178908,-0.155124434,2.996383088,0.150052167,-0.158444250,2.423759229,-0.006298163,0.003319816,0.572623859,0.156350331,-0.862750450,450.000000000,22.370629173,-0.066131628,0.001751520,9.494152839,-114.657850597,115.089225822,-110.342149403,109.910774178,-11.185314587,-11.185314587
1786168444.740661621,67.100647058,0.000000000,NONE,0,0.050049721,-1.097833667,60.519129637,0.028864566,-1.139363860,57.739601039,-0.076311159,0.041530193,2.779528598,0.105175724,-0.153386043,2.996438006,0.150736026,-0.157556252,2.423767203,-0.005675037,0.004170209,0.572670803,0.156411063,-0.792332152,450.000000000,22.379709285,-0.066063693,0.001745652,9.495389668,-114.675764379,115.071930455,-110.324235621,109.928069545,-11.189854642,-11.189854642
1786168444.790715933,67.150701415,0.000000000,TARGET_UPDATED,0,0.050053638,-1.097833667,61.519129637,0.028864566,-1.139194640,57.861043725,-0.076303457,0.041360973,3.658085913,0.105168022,-0.163852424,2.995819711,0.151994570,-0.156381669,2.423791128,-0.004568073,-0.007470756,0.572028583,0.156562643,-1.898932025,450.000000000,22.396053025,-0.065978223,0.001767917,9.494934301,-114.399000569,115.348466582,-110.600999431,109.651533418,-11.198026512,-11.198026512
1786168444.840623379,67.200608955,0.000000000,NONE,0,0.049877412,-1.097833667,61.519129637,0.028864566,-1.139066603,57.982489919,-0.076291534,0.041232936,3.536639718,0.105156100,-0.162381922,2.995816263,0.153613456,-0.158589381,2.423828232,-0.003155176,-0.003792541,0.571988031,0.156768631,-1.349133715,450.000000000,22.415483391,-0.065890825,0.001789344,9.494301155,-114.536291860,115.210858717,-110.463708140,109.789141283,-11.207741695,-11.207741695
1786168444.890584469,67.250570221,0.000000000,NONE,0,0.049994678,-1.097833667,61.519129637,0.028864566,-1.139041440,58.079653002,-0.076279048,0.041207773,3.439476635,0.105143614,-0.161097194,2.995809612,0.155069716,-0.159475943,2.423866779,-0.001883114,-0.001621252,0.571942833,0.156952830,-1.229386570,450.000000000,22.431855167,-0.065819965,0.001793512,9.495171944,-114.566446344,115.181139628,-110.433553656,109.818860372,-11.215927583,-11.215927583
1786168444.940693617,67.300678998,0.000000000,NONE,0,0.050110315,-1.097833667,61.519129637,0.028864566,-1.139051310,58.201111238,-0.076260959,0.041217643,3.318018400,0.105125524,-0.159388890,2.995799270,0.156995268,-0.160052403,2.423921112,-0.000242820,0.000663513,0.571878157,0.157238087,-1.064002275,450.000000000,22.457771049,-0.065730236,0.001816978,9.494346512,-114.607586059,115.139587197,-110.392413941,109.860412803,-11.228885525,-11.228885525
1786168444.990615606,67.350601223,0.000000000,NONE,0,0.049911555,-1.097833667,61.519129637,0.028864566,-1.139086517,58.322573266,-0.076241809,0.041252850,3.196556372,0.105106375,-0.157573124,2.995792339,0.158919819,-0.160133242,2.423979335,0.001380917,0.002560118,0.571813004,0.157538902,-0.930282282,450.000000000,22.483093923,-0.065638949,0.001829666,9.493468955,-114.640796668,115.105937809,-110.359203332,109.894062191,-11.241546961,-11.241546961
1786168445.040631294,67.400616801,0.000000000,NONE,0,0.049989372,-1.097833667,61.519129637,0.028864566,-1.139123289,58.444037638,-0.076222511,0.041289622,3.075091999,0.105087077,-0.155663423,2.995794496,0.160722269,-0.159783990,2.424037424,0.002889171,0.004120567,0.571757071,0.157833097,-0.814799891,450.000000000,22.507490801,-0.065547513,0.001816099,9.492843027,-114.669510784,115.076910729,-110.330489216,109.923089271,-11.253745400,-11.253745400
1786168445.090605497,67.450591181,0.000000000,NONE,0,0.050002622,-1.097833667,61.519129637,0.028864566,-1.139141414,58.565502956,-0.076203831,0.041307747,2.953626681,0.105068397,-0.153670864,2.995811164,0.162293910,-0.159057296,2.424091742,0.004196648,0.005386433,0.571719422,0.158097262,-0.715209650,450.000000000,22.529332856,-0.065457404,0.001779225,9.492549182,-114.694334883,115.051939708,-110.305665117,109.948060292,-11.264666428,-11.264666428
1786168445.140620470,67.500606156,0.000000000,NONE,0,0.050010663,-1.097833667,61.519129637,0.028864566,-1.139125381,58.686967951,-0.076187127,0.041291713,2.832161687,0.105051692,-0.151600844,2.995847272,0.163545067,-0.158051251,2.424139106,0.005213632,0.006450407,0.571708166,0.158331434,-0.625105716,450.000000000,22.549083439,-0.065369615,0.001729987,9.492556813,-114.716862774,115.029415632,-110.283137226,109.970584368,-11.274541720,-11.274541720
1786168445.190836191,67.550821750,0.000000000,TARGET_UPDATED,0,0.050231032,-1.097833667,62.519129637,0.028864566,-1.139078106,58.784138796,-0.076175748,0.041244439,3.734990841,0.105040313,-0.161984910,2.995260368,0.164321388,-0.157030836,2.424170183,0.005794778,-0.004954074,0.571090185,0.158526611,-1.713153643,450.000000000,22.565930391,-0.065301397,0.001687801,9.494081559,-114.445231979,115.301808800,-110.554768021,109.698191200,-11.282965195,-11.282965195
1786168445.240626097,67.600611833,0.000000000,NONE,0,0.049738894,-1.097833667,62.519129637,0.028864566,-1.139039804,58.905604603,-0.076165024,0.041206137,3.613525034,0.105029589,-0.160674668,2.995301318,0.164845076,-0.158628492,2.424198149,0.006187307,-0.002046176,0.571103168,0.158657769,-1.233059257,450.000000000,22.577808560,-0.065218119,0.001665521,9.494129828,-114.565267643,115.181797271,-110.434732357,109.818202729,-11.288904280,-11.288904280
1786168445.290595055,67.650580606,0.000000000,NONE,0,0.050024755,-1.097833667,62.519129637,0.028864566,-1.139096747,59.027077079,-0.076158613,0.041263080,3.492052558,0.105023179,-0.159246042,2.995374273,0.164896529,-0.159657316,2.424214647,0.006187379,0.000411274,0.571159626,0.158709151,-1.073137475,450.000000000,22.583765178,-0.065135993,0.001652443,9.494207384,-114.605267477,115.141836215,-110.394732523,109.858163785,-11.291882589,-11.291882589
1786168445.340617418,67.700603170,0.000000000,NONE,0,0.050010199,-1.097833667,62.519129637,0.028864566,-1.139165728,59.124256420,-0.076156429,0.041332061,3.394873217,0.105020995,-0.158040341,2.995454198,0.164601237,-0.159800717,2.424217561,0.005906573,0.001760376,0.571236637,0.158694664,-0.996046078,450.000000000,22.585402510,-0.065071053,0.001641082,9.495634227,-114.624897037,115.122920076,-110.375102963,109.877079924,-11.292701255,-11.292701255
1786168445.390594721,67.750580311,0.000000000,NONE,0,0.049984179,-1.097833667,62.519129637,0.028864566,-1.139259151,59.245730216,-0.076157257,0.041425483,3.273399422,0.105021823,-0.156456646,2.995579201,0.163838735,-0.159647070,2.424208173,0.005227020,0.003190423,0.571371028,0.158611714,-0.884770164,450.000000000,22.582190202,-0.064990074,0.001654336,9.495520266,-114.652687525,115.095072608,-110.347312475,109.904927392,-11.291095101,-11.291095101
1786168445.440608025,67.800593724,0.000000000,NONE,0,0.050005696,-1.097833667,62.519129637,0.028864566,-1.139342357,59.367201721,-0.076161581,0.041508690,3.151927916,0.105026146,-0.154784129,2.995728780,0.162694678,-0.159060626,2.424185163,0.004234617,0.004276497,0.571543616,0.158460062,-0.801557084,450.000000000,22.574163261,-0.064908018,0.001673854,9.495252178,-114.673423773,115.074202316,-110.326576227,109.925797684,-11.287081630,-11.287081630
1786168445.490582705,67.850568312,0.000000000,NONE,0,0.049992309,-1.097833667,62.519129637,0.028864566,-1.139394207,59.488668915,-0.076168871,0.041560539,3.030460723,0.105033437,-0.153025445,2.995897581,0.161254303,-0.158088639,2.424150198,0.002998483,0.005063193,0.571747383,0.158255820,-0.734387169,450.000000000,22.562769381,-0.064825076,0.001683113,9.495005699,-114.690154633,115.057348217,-110.309845367,109.942651783,-11.281384691,-11.281384691
1786168445.540602922,67.900588589,0.000000000,NONE,0,0.050009947,-1.097833667,62.519129637,0.028864566,-1.139398645,59.610130253,-0.076178593,0.041564977,2.908999385,0.105043159,-0.151180349,2.996079490,0.159620913,-0.156822853,2.424106012,0.001605415,0.005642504,0.571973478,0.158015498,-0.676864064,450.000000000,22.549178012,-0.064741620,0.001682551,9.494810302,-114.704486559,115.042918591,-110.295513441,109.957081409,-11.274589006,-11.274589006
1786168445.590596914,67.950582526,0.000000000,NONE,0,0.050009494,-1.097833667,62.519129637,0.028864566,-1.139342847,59.731584582,-0.076190087,0.041509180,2.787545056,0.105054653,-0.149246328,2.996268191,0.157906755,-0.155318772,2.424055989,0.000151407,0.006072444,0.572212202,0.157755348,-0.626184839,450.000000000,22.534515580,-0.064657998,0.001674774,9.494665339,-114.717120125,115.030212544,-110.282879875,109.969787456,-11.267257790,-11.267257790
1786168445.640668392,68.000653952,0.000000000,TARGET_UPDATED,0,0.050056694,-1.097833667,63.519129637,0.028864566,-1.139216119,59.853031081,-0.076202587,0.041382452,3.666098556,0.105067153,-0.159901905,2.995808086,0.156215505,-0.153616393,2.424003786,-0.001267310,-0.006285512,0.571804300,0.157482815,-1.780440972,450.000000000,22.519137377,-0.064574507,0.001662512,9.494573500,-114.428533132,115.318753618,-110.571466868,109.681246382,-11.259568689,-11.259568689
1786168445.690605640,68.050591086,0.000000000,NONE,0,0.049942120,-1.097833667,63.519129637,0.028864566,-1.139123166,59.950186488,-0.076212683,0.041289499,3.568943149,0.105077249,-0.158946898,2.995924853,0.154961040,-0.155018627,2.423962287,-0.002318666,-0.003928271,0.571962566,0.157279706,-1.330499910,450.000000000,22.510224748,-0.064507978,0.001649726,9.495822313,-114.541330601,115.206580556,-110.458669399,109.793419444,-11.255112374,-11.255112374
1786168445.740594149,68.100579852,0.000000000,NONE,0,0.049989306,-1.097833667,63.519129637,0.028864566,-1.139085468,60.071633125,-0.076224003,0.041251801,3.447496513,0.105088568,-0.157615750,2.996067614,0.153571625,-0.155949422,2.423915944,-0.003450737,-0.001666328,0.572151670,0.157022362,-1.176673694,450.000000000,22.495054314,-0.064424509,0.001664649,9.495436665,-114.579690743,115.168027590,-110.420309257,109.831972410,-11.247527157,-11.247527157
1786168445.790612936,68.150598709,0.000000000,NONE,0,0.050005874,-1.097833667,63.519129637,0.028864566,-1.139072812,60.193078659,-0.076232552,0.041239145,3.326050978,0.105097118,-0.156160702,2.996201123,0.152462527,-0.155978000,2.423876348,-0.004345889,-0.000182703,0.572324776,0.156808416,-1.081460410,450.000000000,22.484868350,-0.064339848,0.001682159,9.494923413,-114.603365751,115.144095956,-110.396634249,109.855904044,-11.242434175,-11.242434175
1786168445.840616465,68.200602109,0.000000000,NONE,0,0.050008591,-1.097833667,63.519129637,0.028864566,-1.139056946,60.314521672,-0.076238328,0.041223279,3.204607966,0.105102893,-0.154591909,2.996321638,0.151699949,-0.155546134,2.423845909,-0.004957637,0.000954225,0.572475729,0.156657586,-0.996899158,450.000000000,22.479489667,-0.064254686,0.001687483,9.494483760,-114.624396150,115.122845730,-110.375603850,109.877154270,-11.239744834,-11.239744834
1786168445.890607834,68.250593479,0.000000000,NONE,0,0.049986713,-1.097833667,63.519129637,0.028864566,-1.139019584,60.435961476,-0.076241057,0.041185917,3.083168162,0.105105623,-0.152913734,2.996426855,0.151326388,-0.154780237,2.423826289,-0.005243325,0.001866503,0.572600566,0.156569713,-0.921982312,450.000000000,22.478509907,-0.064169741,0.001682653,9.494151796,-114.643042371,115.104033527,-110.356957629,109.895966473,-11.239254954,-11.239254954
1786168445.940675735,68.300661572,0.000000000,NONE,0,0.050049309,-1.097833667,63.519129637,0.028864566,-1.138964183,60.533110732,-0.076240869,0.041130516,2.986018905,0.105105435,-0.151494121,2.996499207,0.151321268,-0.153959853,2.423819072,-0.005225233,0.002465732,0.572680136,0.156546502,-0.871629552,450.000000000,22.482096810,-0.064102306,0.001673210,9.495267943,-114.655909598,115.091724374,-110.344090402,109.908275626,-11.241048405,-11.241048405
1786168445.990670919,68.350656422,0.000000000,NONE,0,0.050010321,-1.097833667,63.519129637,0.028864566,-1.138854242,60.654543994,-0.076237590,0.041020574,2.864585644,0.105102156,-0.149620293,2.996574987,0.151679450,-0.152801202,2.423821114,-0.004897017,0.003180909,0.572753873,0.156576467,-0.799395128,450.000000000,22.489172539,-0.064018224,0.001687999,9.494796621,-114.673850373,115.073547937,-110.326149627,109.926452063,-11.244586269,-11.244586269
1786168446.040608406,68.400594018,0.000000000,NONE,0,0.049932331,-1.097833667,63.519129637,0.028864566,-1.138691731,60.775973661,-0.076231108,0.040858063,2.743155977,0.105095674,-0.147629868,2.996635932,0.152413867,-0.151468231,2.423835330,-0.004259069,0.003838363,0.572800603,0.156672937,-0.732761266,450.000000000,22.501169780,-0.063933427,0.001704578,9.494231757,-114.690367623,115.056748256,-110.309632377,109.943251744,-11.250584890,-11.250584890
1786168446.090693951,68.450679385,0.000000000,TARGET_UPDATED,0,0.050095742,-1.097833667,64.519129637,0.028864566,-1.138467430,60.897399706,-0.076221693,0.040633763,3.621729932,0.105086259,-0.158342257,2.996036566,0.153426357,-0.149966881,2.423860390,-0.003352415,-0.008375376,0.572176177,0.156778772,-1.879130159,450.000000000,22.512685868,-0.063848478,0.001705828,9.493820463,-114.403672576,115.343237655,-110.596327424,109.656762345,-11.256342934,-11.256342934
1786168446.140600204,68.500585988,0.000000000,NONE,0,0.049910729,-1.097833667,64.519129637,0.028864566,-1.138298474,60.994541754,-0.076212293,0.040464807,3.524587883,0.105076858,-0.157309672,2.996037369,0.154454952,-0.151418870,2.423886289,-0.002481812,-0.005890802,0.572151079,0.156936764,-1.421065759,450.000000000,22.528714544,-0.063780780,0.001695985,9.494869726,-114.518450992,115.228983871,-110.481549008,109.771016129,-11.264357272,-11.264357272
1786168446.190624475,68.550610106,0.000000000,NONE,0,0.050009090,-1.097833667,64.519129637,0.028864566,-1.138181016,61.115976385,-0.076198853,0.040347349,3.403153252,0.105063419,-0.155866149,2.996038306,0.155873141,-0.152728455,2.423926363,-0.001293578,-0.003137694,0.572111943,0.157166719,-1.229119997,450.000000000,22.550174116,-0.063696091,0.001706531,9.494359886,-114.566309972,115.180869971,-110.433690028,109.819130029,-11.275087058,-11.275087058
1786168446.240647793,68.600633253,0.000000000,NONE,0,0.049997767,-1.097833667,64.519129637,0.028864566,-1.138117559,61.213127074,-0.076186934,0.040283892,3.306002563,0.105051500,-0.154614320,2.996040405,0.157056972,-0.153002629,2.423961331,-0.000286254,-0.001611691,0.572079074,0.157343225,-1.143589690,450.000000000,22.565394944,-0.063627767,0.001711648,9.495205317,-114.587903907,115.159698752,-110.412096093,109.840301248,-11.282697472,-11.282697472
1786168446.290598869,68.650584574,0.000000000,NONE,0,0.049987270,-1.097833667,64.519129637,0.028864566,-1.138053922,61.334567854,-0.076171333,0.040220255,3.184561784,0.105035899,-0.152937924,2.996048149,0.158520334,-0.153058454,2.424006301,0.000934703,0.000120530,0.572041848,0.157585631,-1.010926334,450.000000000,22.587621001,-0.063541527,0.001734215,9.494432968,-114.620876659,115.126339826,-110.379123341,109.873660174,-11.293810500,-11.293810500
1786168446.340596676,68.700582419,0.000000000,NONE,0,0.050003008,-1.097833667,64.519129637,0.028864566,-1.137993548,61.456010431,-0.076156416,0.040159881,3.063119206,0.105020982,-0.151139955,2.996065927,0.159880711,-0.152759620,2.424050154,0.002062191,0.001619665,0.572015772,0.157818520,-0.899529060,450.000000000,22.607677097,-0.063453972,0.001745896,9.493657578,-114.648532130,115.098296659,-110.351467870,109.901703341,-11.303838549,-11.303838549
1786168446.390614986,68.750600504,0.000000000,NONE,0,0.050006553,-1.097833667,64.519129637,0.028864566,-1.137918838,61.577453559,-0.076142707,0.040085171,2.941676079,0.105007273,-0.149230580,2.996097588,0.161056399,-0.152143577,2.424089995,0.003036160,0.002912997,0.572007593,0.158020239,-0.798614575,450.000000000,22.625124842,-0.063366291,0.001732840,9.493111053,-114.673624119,115.072931407,-110.326375881,109.927068593,-11.312562421,-11.312562421
1786168446.440625668,68.800611254,0.000000000,NONE,0,0.050012902,-1.097833667,64.519129637,0.028864566,-1.137815600,61.698896078,-0.076130653,0.039981933,2.820233559,0.104995219,-0.147217652,2.996146454,0.161979573,-0.151265702,2.424123423,0.003801352,0.004048049,0.572023030,0.158178221,-0.705111816,450.000000000,22.639264015,-0.063279681,0.001699047,9.492849796,-114.696934495,115.049490403,-110.303065505,109.950509597,-11.319632007,-11.319632007
1786168446.490667105,68.850652611,0.000000000,TARGET_UPDATED,0,0.050051239,-1.097833667,65.519129637,0.028864566,-1.137672400,61.820336896,-0.076120824,0.039838733,3.698792742,0.104985390,-0.157061184,2.995611685,0.162609236,-0.150179990,2.424148518,0.004310795,-0.006881194,0.571463167,0.158298441,-1.744977652,450.000000000,22.650884059,-0.063194994,0.001653272,9.492858590,-114.436970234,115.309459060,-110.563029766,109.690540940,-11.325442030,-11.325442030
1786168446.540606499,68.900592133,0.000000000,NONE,0,0.049934459,-1.097833667,65.519129637,0.028864566,-1.137561214,61.941780074,-0.076113772,0.039727547,3.577349564,0.104978338,-0.155716255,2.995665172,0.162906841,-0.152099472,2.424163334,0.004544788,-0.003616783,0.571501838,0.158362053,-1.245400815,450.000000000,22.658162740,-0.063112799,0.001602268,9.493096003,-114.561923797,115.184624204,-110.438076203,109.815375796,-11.329081370,-11.329081370
1786168446.590648174,68.950633776,0.000000000,NONE,0,0.050046190,-1.097833667,65.519129637,0.028864566,-1.137547375,62.063229282,-0.076109757,0.039713708,3.455900356,0.104974322,-0.154243426,2.995744661,0.162840440,-0.153154848,2.424168811,0.004478400,-0.001088579,0.571575850,0.158362039,-1.086814455,450.000000000,22.660850271,-0.063033251,0.001555543,9.493508557,-114.601673526,115.145080753,-110.398326474,109.854919247,-11.330425135,-11.330425135
1786168446.640661955,69.000647508,0.000000000,NONE,0,0.049985786,-1.097833667,65.519129637,0.028864566,-1.137571740,62.184680204,-0.076108937,0.039738072,3.334449433,0.104973502,-0.152674866,2.995847343,0.162427876,-0.153515768,2.424162878,0.004120772,0.000840903,0.571684465,0.158307104,-0.959975595,450.000000000,22.659862588,-0.062955976,0.001518464,9.493991213,-114.633503904,115.113491702,-110.366496096,109.886508298,-11.329931294,-11.329931294
1786168446.690588951,69.050574581,0.000000000,NONE,0,0.049958721,-1.097833667,65.519129637,0.028864566,-1.137610337,62.306130771,-0.076111275,0.039776670,3.212998867,0.104975841,-0.151017641,2.995970559,0.161706278,-0.153450262,2.424146230,0.003506654,0.002432621,0.571824328,0.158199623,-0.847142763,450.000000000,22.655238330,-0.062880419,0.001493571,9.494478446,-114.661833921,115.085405302,-110.338166079,109.914594698,-11.327619165,-11.327619165
1786168446.740595102,69.100580698,0.000000000,NONE,0,0.050003296,-1.097833667,65.519129637,0.028864566,-1.137643184,62.427579169,-0.076116450,0.039809517,3.091550469,0.104981016,-0.149278343,2.996110527,0.160732601,-0.153011153,2.424119456,0.002685565,0.003732811,0.571991070,0.158047036,-0.749980508,450.000000000,22.647608500,-0.062806732,0.001465286,9.495147411,-114.686291726,115.061281980,-110.313708274,109.938718020,-11.323804250,-11.323804250
1786168446.790620327,69.150606080,0.000000000,NONE,0,0.050023828,-1.097833667,65.519129637,0.028864566,-1.137654104,62.524735419,-0.076122267,0.039820437,2.994394218,0.104986832,-0.147826677,2.996231705,0.159821371,-0.152419851,2.424093567,0.001919691,0.004593174,0.572138138,0.157901681,-0.686472136,450.000000000,22.641528868,-0.062747947,0.001470568,9.496669541,-114.702549351,115.045785419,-110.297450649,109.954214581,-11.320764434,-11.320764434
1786168446.840595722,69.200581384,0.000000000,NONE,0,0.049976671,-1.097833667,65.519129637,0.028864566,-1.137643937,62.621888824,-0.076129030,0.039810270,2.897240814,0.104993595,-0.146319045,2.996358574,0.158837211,-0.151690964,2.424063959,0.001105513,0.005371919,0.572294615,0.157731698,-0.620075035,450.000000000,22.633076041,-0.062688366,0.001505211,9.497822571,-114.719436884,115.029474401,-110.280563116,109.970525599,-11.316538020,-11.316538020
1786168446.890596151,69.250581601,0.000000000,NONE,0,0.049999263,-1.097833667,65.519129637,0.028864566,-1.137593432,62.743325915,-0.076137765,0.039759765,2.775803722,0.105002331,-0.144348264,2.996521753,0.157570030,-0.150593143,2.424024188,0.000072299,0.006244879,0.572497565,0.157497731,-0.538336972,450.000000000,22.619357551,-0.062610889,0.001584570,9.497091788,-114.739688704,115.008857190,-110.260311296,109.991142810,-11.309678776,-11.309678776
1786168446.940633059,69.300618817,0.000000000,TARGET_UPDATED,0,0.050059929,-1.097833667,66.519129637,0.028864566,-1.137490928,62.864757131,-0.076146160,0.039657261,3.654372507,0.105010725,-0.154524668,2.996077501,0.156374716,-0.149255483,2.423983970,-0.000934952,-0.005269185,0.572093531,0.157309668,-1.621868001,450.000000000,22.611053258,-0.062529352,0.001656794,9.496107039,-114.468559759,115.279493760,-110.531440241,109.720506240,-11.305526629,-11.305526629
1786168446.990581274,69.350566733,0.000000000,NONE,0,0.049939339,-1.097833667,66.519129637,0.028864566,-1.137398184,62.986186359,-0.076154056,0.039564517,3.532943278,0.105018622,-0.153270811,2.996200182,0.155266145,-0.150722336,2.423945277,-0.001836547,-0.002548475,0.572254906,0.157102693,-1.155792541,450.000000000,22.600099995,-0.062444896,0.001700190,9.495153523,-114.584840246,115.162736516,-110.415159754,109.837263484,-11.300049997,-11.300049997
1786168447.040637255,69.400622858,0.000000000,NONE,0,0.050006605,-1.097833667,66.519129637,0.028864566,-1.137401078,63.107619202,-0.076160934,0.039567411,3.411510435,0.105025499,-0.151878205,2.996320254,0.154325132,-0.151777388,2.423912412,-0.002602106,-0.000100817,0.572407842,0.156927238,-0.994197153,450.000000000,22.592377780,-0.062358892,0.001715720,9.494354630,-114.625039369,115.122137946,-110.374960631,109.877862054,-11.296188890,-11.296188890
1786168447.090575933,69.450561387,0.000000000,NONE,0,0.049992155,-1.097833667,66.519129637,0.028864566,-1.137434562,63.229051863,-0.076166356,0.039600895,3.290077774,0.105030921,-0.150383628,2.996432631,0.153613532,-0.151907635,2.423885694,-0.003180852,0.001524007,0.572546937,0.156794384,-0.891564143,450.000000000,22.587848324,-0.062272602,0.001708206,9.493752781,-114.650547160,115.096329231,-110.349452840,109.903670769,-11.293924162,-11.293924162
1786168447.140587568,69.500573005,0.000000000,NONE,0,0.050009630,-1.097833667,66.519129637,0.028864566,-1.137469911,63.350482911,-0.076169784,0.039636244,3.168646726,0.105034350,-0.148798108,2.996534500,0.153175059,-0.151565626,2.423866945,-0.003531401,0.002767518,0.572667555,0.156706459,-0.801891529,450.000000000,22.586511410,-0.062187058,0.001683691,9.493374317,-114.672870697,115.073816462,-110.327129303,109.926183538,-11.293255705,-11.293255705
1786168447.190629959,69.550615575,0.000000000,NONE,0,0.050033203,-1.097833667,66.519129637,0.028864566,-1.137486705,63.471911505,-0.076170723,0.039653038,3.047218133,0.105035288,-0.147126406,2.996624299,0.153034500,-0.150843481,2.423857257,-0.003632580,0.003717075,0.572767042,0.156667080,-0.727112839,450.000000000,22.588645204,-0.062103018,0.001648603,9.493216475,-114.691525909,115.055082328,-110.308474091,109.944917672,-11.294322602,-11.294322602
1786168447.240664482,69.600650116,0.000000000,NONE,0,0.049989280,-1.097833667,66.519129637,0.028864566,-1.137474785,63.569052183,-0.076169402,0.039641118,2.950077454,0.105033968,-0.145728751,2.996687043,0.153141120,-0.150019395,2.423856432,-0.003528484,0.004290644,0.572830610,0.156669604,-0.680570249,450.000000000,22.593575362,-0.062037161,0.001617677,9.494459518,-114.703472317,115.043757442,-110.296527683,109.956242558,-11.296787681,-11.296787681
1786168447.290604830,69.650590488,0.000000000,NONE,0,0.049982096,-1.097833667,66.519129637,0.028864566,-1.137417669,63.690475042,-0.076165045,0.039584001,2.828654595,0.105029611,-0.143902559,2.996754663,0.153537579,-0.148822192,2.423864144,-0.003181103,0.004919633,0.572890519,0.156718682,-0.616365710,450.000000000,22.601858793,-0.061956047,0.001607744,9.494263154,-114.719474361,115.027657216,-110.280525639,109.972342784,-11.300929397,-11.300929397
1786168447.340737104,69.700722566,0.000000000,TARGET_UPDATED,0,0.050126368,-1.097833667,67.519129637,0.028864566,-1.137304282,63.811894446,-0.076157874,0.039470615,3.707235192,0.105022440,-0.153762773,2.996231138,0.154184416,-0.147409289,2.423881081,-0.002621406,-0.006353483,0.572350056,0.156805822,-1.670404203,450.000000000,22.612645160,-0.061875092,0.001606853,9.493998773,-114.455898642,115.291100744,-110.544101358,109.708899256,-11.306322580,-11.306322580
1786168447.390612841,69.750598363,0.000000000,NONE,0,0.049871882,-1.097833667,67.519129637,0.028864566,-1.137197677,63.933314693,-0.076148325,0.039364010,3.585814945,0.105012891,-0.152600492,2.996245176,0.155049280,-0.148787933,2.423905241,-0.001893569,-0.003812558,0.572339935,0.156942849,-1.225214264,450.000000000,22.627159730,-0.061794549,0.001598782,9.493799654,-114.567146347,115.179753480,-110.432853653,109.820246520,-11.313579865,-11.313579865
1786168447.440763712,69.800749168,0.000000000,NONE,0,0.050012816,-1.097833667,67.519129637,0.028864566,-1.137176880,64.054741076,-0.076136985,0.039343213,3.464388561,0.105001551,-0.151295745,2.996258783,0.156044496,-0.149676297,2.423936581,-0.001066233,-0.001619448,0.572322202,0.157110729,-1.081851125,450.000000000,22.643449295,-0.061714728,0.001585730,9.493717541,-114.602966604,115.143892167,-110.397033396,109.856107833,-11.321724648,-11.321724648
1786168447.490685225,69.850670697,0.000000000,NONE,0,0.050036865,-1.097833667,67.519129637,0.028864566,-1.137180600,64.176170039,-0.076124533,0.039346933,3.342959598,0.104989099,-0.149880135,2.996273521,0.157105158,-0.149739778,2.423971285,-0.000192055,-0.000140357,0.572302236,0.157297213,-0.987061509,450.000000000,22.660808626,-0.061635813,0.001570324,9.493726573,-114.626666266,115.120197021,-110.373333734,109.879802979,-11.330404313,-11.330404313
1786168447.540599585,69.900585123,0.000000000,NONE,0,0.049938800,-1.097833667,67.519129637,0.028864566,-1.137183811,64.297600167,-0.076111646,0.039350144,3.221529471,0.104976212,-0.148360754,2.996292557,0.158161350,-0.149394095,2.424007271,0.000673250,0.001033341,0.572285286,0.157488099,-0.901054349,450.000000000,22.678198546,-0.061557816,0.001554576,9.493792547,-114.648184549,115.098711724,-110.351815451,109.901288276,-11.339099273,-11.339099273
1786168447.590608120,69.950593695,0.000000000,NONE,0,0.050009372,-1.097833667,67.519129637,0.028864566,-1.137168834,64.419030388,-0.076098845,0.039335167,3.100099250,0.104963410,-0.146740247,2.996319295,0.159144413,-0.148720262,2.424042247,0.001477016,0.001980014,0.572277049,0.157667398,-0.825964468,450.000000000,22.694454769,-0.061480629,0.001539850,9.493914047,-114.666987395,115.079969629,-110.333012605,109.920030371,-11.347227385,-11.347227385
1786168447.640629768,70.000615428,0.000000000,NONE,0,0.050014154,-1.097833667,67.519129637,0.028864566,-1.137121004,64.540459702,-0.076086656,0.039287336,2.978669936,0.104951221,-0.145019872,2.996356919,0.159992673,-0.147781347,2.424074027,0.002167374,0.002761475,0.572282893,0.157825300,-0.758368416,450.000000000,22.709026501,-0.061404065,0.001527491,9.494054663,-114.683921562,115.063105770,-110.316078438,109.936894230,-11.354513251,-11.354513251
1786168447.690684557,70.050670140,0.000000000,NONE,0,0.050043063,-1.097833667,67.519129637,0.028864566,-1.137029782,64.661887255,-0.076076022,0.039196115,2.857242382,0.104940588,-0.143198246,2.996408233,0.160655382,-0.146654175,2.424100685,0.002694396,0.003455929,0.572307547,0.157960985,-0.693316392,450.000000000,22.722031129,-0.061327922,0.001517564,9.494200601,-114.700221052,115.046879248,-110.299778948,109.953120752,-11.361015565,-11.361015565
1786168447.740669966,70.100655502,0.000000000,TARGET_UPDATED,0,0.050007539,-1.097833667,68.519129637,0.028864566,-1.136886186,64.783312198,-0.076067523,0.039052518,3.735817440,0.104932089,-0.152720799,2.995915329,0.161064798,-0.145360265,2.424120635,0.003035768,-0.007360534,0.571794695,0.158029031,-1.707087992,450.000000000,22.729394960,-0.061252011,0.001510335,9.494326102,-114.446809527,115.300353524,-110.553190473,109.699646476,-11.364697480,-11.364697480
1786168447.790607929,70.150593540,0.000000000,NONE,0,0.049939882,-1.097833667,68.519129637,0.028864566,-1.136771933,64.904739131,-0.076061741,0.038938266,3.614390506,0.104926306,-0.151494270,2.995966632,0.161260245,-0.147202490,2.424132215,0.003161556,-0.004291781,0.571834417,0.158098689,-1.227524559,450.000000000,22.738252931,-0.061176331,0.001503181,9.494453527,-114.566732242,115.180494522,-110.433267758,109.819505478,-11.369126466,-11.369126466
1786168447.840702534,70.200688065,0.000000000,NONE,0,0.049996668,-1.097833667,68.519129637,0.028864566,-1.136738786,65.026170860,-0.076058763,0.038905119,3.492958777,0.104923329,-0.150126907,2.996039388,0.161182926,-0.147952599,2.424136379,0.003073529,-0.002174307,0.571903009,0.158109397,-1.099952718,450.000000000,22.741774285,-0.061100895,0.001498384,9.494576268,-114.598655888,115.148632246,-110.401344112,109.851367754,-11.370887143,-11.370887143
1786168447.890614510,70.250600247,0.000000000,NONE,0,0.050010233,-1.097833667,68.519129637,0.028864566,-1.136732264,65.147603570,-0.076058330,0.038898597,3.371526067,0.104922896,-0.148648932,2.996131003,0.160848805,-0.148131705,2.424131250,0.002780499,-0.000517226,0.571999753,0.158068306,-0.988692821,450.000000000,22.741814623,-0.061025594,0.001495580,9.494684020,-114.626497800,115.120844210,-110.373502200,109.879155790,-11.370907311,-11.370907311
1786168447.940579414,70.300564866,0.000000000,NONE,0,0.049961329,-1.097833667,68.519129637,0.028864566,-1.136733002,65.269035624,-0.076060193,0.038899335,3.250094014,0.104924759,-0.147067033,2.996239355,0.160286395,-0.147955982,2.424117497,0.002305878,0.000888949,0.572121858,0.157980517,-0.886973998,450.000000000,22.738680309,-0.060950384,0.001494522,9.494768125,-114.651948532,115.095435531,-110.348051468,109.904564469,-11.369340155,-11.369340155
1786168447.990610123,70.350595857,0.000000000,NONE,0,0.050027409,-1.097833667,68.519129637,0.028864566,-1.136727667,65.366179839,-0.076063139,0.038894000,3.152949798,0.104927705,-0.145730455,2.996336137,0.159701258,-0.147573063,2.424100982,0.001817436,0.001842608,0.572235155,0.157883822,-0.820122021,450.000000000,22.735685226,-0.060890264,0.001494883,9.496047297,-114.668981319,115.079042330,-110.331018681,109.920957670,-11.367842613,-11.367842613
1786168448.040651560,70.400637220,0.000000000,NONE,0,0.050018988,-1.097833667,68.519129637,0.028864566,-1.136703787,65.487607442,-0.076068100,0.038870120,3.031522196,0.104932665,-0.143970739,2.996466998,0.158847100,-0.146950624,2.424074759,0.001121077,0.002979885,0.572392239,0.157726023,-0.723817422,450.000000000,22.727362001,-0.060814501,0.001523964,9.495779209,-114.692990447,115.054899158,-110.307009553,109.945100842,-11.363681001,-11.363681001
1786168448.090622425,70.450608163,0.000000000,NONE,0,0.050004540,-1.097833667,68.519129637,0.028864566,-1.136651367,65.609031278,-0.076073921,0.038817700,2.910098360,0.104938487,-0.142110401,2.996605574,0.157914100,-0.146091745,2.424044245,0.000361826,0.003981344,0.572561329,0.157552275,-0.640951316,450.000000000,22.718818921,-0.060737148,0.001555813,9.495346761,-114.713598861,115.034074519,-110.286401139,109.965925481,-11.359409461,-11.359409461
1786168448.140653372,70.500638861,0.000000000,NONE,0,0.050018429,-1.097833667,68.519129637,0.028864566,-1.136559511,65.730450536,-0.076080422,0.038725843,2.788679101,0.104944987,-0.140152743,2.996747968,0.156968429,-0.145035861,2.424011470,-0.000406820,0.004883118,0.572736498,0.157375249,-0.562361156,450.000000000,22.710298435,-0.060658722,0.001575533,9.494943608,-114.733145613,115.014326191,-110.266854387,109.985673809,-11.355149218,-11.355149218
1786168448.190680265,70.550665952,0.000000000,TARGET_UPDATED,0,0.050046217,-1.097833667,69.519129637,0.028864566,-1.136419342,65.851864645,-0.076087223,0.038585675,3.667264993,0.104951789,-0.149917930,2.996321766,0.156089608,-0.143809995,2.423978661,-0.001128906,-0.006107935,0.572343104,0.157218515,-1.594750804,450.000000000,22.703668529,-0.060579857,0.001583026,9.494623073,-114.474968067,115.272343469,-110.525031933,109.727656531,-11.351834264,-11.351834264
1786168448.240599632,70.600585230,0.000000000,NONE,0,0.049916502,-1.097833667,69.519129637,0.028864566,-1.136306734,65.973278250,-0.076093727,0.038473067,3.545851388,0.104958292,-0.148627762,2.996426653,0.155317901,-0.145636315,2.423947492,-0.001744149,-0.002991447,0.572479161,0.157062050,-1.107409698,450.000000000,22.696633271,-0.060501071,0.001579255,9.494397864,-114.596747042,115.150451891,-110.403252958,109.849548109,-11.348316635,-11.348316635
1786168448.290588140,70.650573800,0.000000000,NONE,0,0.049986989,-1.097833667,69.519129637,0.028864566,-1.136285262,66.094695437,-0.076099218,0.038451595,3.424434200,0.104963784,-0.147208227,2.996529620,0.154690390,-0.146576391,2.423921656,-0.002232072,-0.000631836,0.572607964,0.156922462,-0.961044983,450.000000000,22.691126192,-0.060422681,0.001569449,9.494265450,-114.633305117,115.113827608,-110.366694883,109.886172392,-11.345563096,-11.345563096
1786168448.340658188,70.700643800,0.000000000,NONE,0,0.050055735,-1.097833667,69.519129637,0.028864566,-1.136294923,66.216112808,-0.076103088,0.038461256,3.303016829,0.104967653,-0.145693817,2.996626457,0.154253553,-0.146804229,2.423901145,-0.002559328,0.001110412,0.572725312,0.156812882,-0.847720242,450.000000000,22.687983562,-0.060344833,0.001556874,9.494204531,-114.661621072,115.085481193,-110.338378928,109.914518807,-11.343991781,-11.343991781
1786168448.390639305,70.750624900,0.000000000,NONE,0,0.049995301,-1.097833667,69.519129637,0.028864566,-1.136310054,66.313246138,-0.076104674,0.038476387,3.205883499,0.104969240,-0.144418959,2.996698193,0.154061107,-0.146686744,2.423889624,-0.002689500,0.002267785,0.572808569,0.156750607,-0.772234196,450.000000000,22.688486244,-0.060282954,0.001546633,9.495384341,-114.680787536,115.066904634,-110.319212464,109.933095366,-11.344243122,-11.344243122
1786168448.440617561,70.800603181,0.000000000,NONE,0,0.049963076,-1.097833667,69.519129637,0.028864566,-1.136324005,66.434661533,-0.076104453,0.038490338,3.084468105,0.104969019,-0.142747007,2.996779881,0.154030036,-0.146302937,2.423882027,-0.002675330,0.003555929,0.572897853,0.156705366,-0.669320264,450.000000000,22.689574317,-0.060205430,0.000000000,9.510664856,-114.710336148,115.044996280,-110.289663852,109.955003720,-11.344787159,-11.344787159
1786168448.490623951,70.850609634,0.000000000,NONE,0,0.050005653,-1.097833667,69.519129637,0.028864566,-1.136319075,66.556075067,-0.076101704,0.038485408,2.963054570,0.104966270,-0.140960035,2.996853827,0.154232693,-0.145583214,2.423883231,-0.002475963,0.004623178,0.572970596,0.156708656,-0.585424192,450.000000000,22.694694017,-0.060118145,0.001936909,9.490325444,-114.726225313,115.018937409,-110.273774687,109.981062591,-11.347347008,-11.347347008
1786168448.540639162,70.900624817,0.000000000,NONE,0,0.050018442,-1.097833667,69.519129637,0.028864566,-1.136279296,66.677486115,-0.076096761,0.038445629,2.841643523,0.104961326,-0.139056073,2.996920663,0.154654213,-0.144538639,2.423892556,-0.002104239,0.005482566,0.573028108,0.156758452,-0.512451879,450.000000000,22.703029883,-0.060019237,0.001928611,9.488499945,-114.744012016,115.000237956,-110.255987984,109.999762044,-11.351514942,-11.351514942
1786168448.590737820,70.950723592,0.000000000,TARGET_UPDATED,0,0.050102355,-1.097833667,70.519129637,0.028864566,-1.136192491,66.798894268,-0.076089931,0.038358824,3.720235370,0.104954497,-0.148446963,2.996436766,0.155289928,-0.143285616,2.423907736,-0.001583268,-0.005161348,0.572529030,0.156873196,-1.509637966,450.000000000,22.716286521,-0.059927536,0.001760097,9.488854058,-114.494804023,115.249623006,-110.505195977,109.750376994,-11.358143260,-11.358143260
1786168448.640701771,71.000687285,0.000000000,NONE,0,0.049874025,-1.097833667,70.519129637,0.028864566,-1.136125360,66.920303855,-0.076081457,0.038291693,3.598825783,0.104946023,-0.147249345,2.996455775,0.156048620,-0.144860516,2.423928048,-0.000936545,-0.002388829,0.572527727,0.156985165,-1.058419059,450.000000000,22.727993858,-0.059844505,0.001590264,9.489879228,-114.607865042,115.137074572,-110.392134958,109.862925428,-11.363996929,-11.363996929
1786168448.690695524,71.050681053,0.000000000,NONE,0,0.050083211,-1.097833667,70.519129637,0.028864566,-1.136143100,67.041719159,-0.076071641,0.038309433,3.477410479,0.104936206,-0.145951933,2.996474962,0.156881967,-0.145714278,2.423954066,-0.000237680,-0.000237656,0.572520896,0.157119647,-0.923846193,450.000000000,22.741782276,-0.059769192,0.001449464,9.491249078,-114.641850721,115.103773818,-110.358149279,109.896226182,-11.370891138,-11.370891138
1786168448.740591764,71.100577338,0.000000000,NONE,0,0.049890696,-1.097833667,70.519129637,0.028864566,-1.136185689,67.163136803,-0.076061029,0.038352022,3.355992835,0.104925595,-0.144579617,2.996495676,0.157738713,-0.145822987,2.423982581,0.000469681,0.001243370,0.572513095,0.157269032,-0.829200488,450.000000000,22.756471460,-0.059699833,0.001349416,9.492657772,-114.665864321,115.080464565,-110.334135679,109.919535435,-11.378235730,-11.378235730
1786168448.790648222,71.150633841,0.000000000,NONE,0,0.050066221,-1.097833667,70.519129637,0.028864566,-1.136228527,67.284555441,-0.076050035,0.038394860,3.234574196,0.104914601,-0.143131942,2.996520806,0.158562992,-0.145515033,2.424011993,0.001144585,0.002383091,0.572508813,0.157418406,-0.747809266,450.000000000,22.770857634,-0.059634253,0.001293913,9.493937765,-114.686532125,115.060436758,-110.313467875,109.939563242,-11.385428817,-11.385428817
1786168448.840629578,71.200614986,0.000000000,NONE,0,0.049968045,-1.097833667,70.519129637,0.028864566,-1.136250398,67.381690333,-0.076041250,0.038416731,3.137439305,0.104905816,-0.141916866,2.996546102,0.159162903,-0.145006529,2.424034913,0.001634721,0.003089663,0.572511189,0.157528183,-0.697438906,450.000000000,22.781691056,-0.059583061,0.001281191,9.495924064,-114.699621289,115.048340742,-110.300378711,109.951659258,-11.390845528,-11.390845528
1786168448.890604019,71.250589712,0.000000000,NONE,0,0.049983278,-1.097833667,70.519129637,0.028864566,-1.136250640,67.503108161,-0.076031087,0.038416973,3.016021477,0.104895653,-0.140320088,2.996586634,0.159799211,-0.144179822,2.424061262,0.002131110,0.003859735,0.572525372,0.157668101,-0.628373162,450.000000000,22.796028061,-0.059518633,0.001313764,9.496394016,-114.717005214,115.031191794,-110.282994786,109.968808206,-11.398014031,-11.398014031
1786168448.940631151,71.300616550,0.000000000,NONE,0,0.050010859,-1.097833667,70.519129637,0.028864566,-1.136210082,67.624524308,-0.076022517,0.038376414,2.894605330,0.104887083,-0.138628351,2.996639415,0.160272644,-0.143100390,2.424083580,0.002492146,0.004472039,0.572555835,0.157780499,-0.572174243,450.000000000,22.807289465,-0.059451646,0.001372104,9.496398053,-114.731055952,115.017143074,-110.268944048,109.982856926,-11.403644733,-11.403644733
1786168448.990635157,71.350620770,0.000000000,NONE,0,0.050010861,-1.097833667,70.519129637,0.028864566,-1.136117357,67.745937830,-0.076015602,0.038283690,2.773191808,0.104880168,-0.136838381,2.996706088,0.160553856,-0.141810711,2.424100357,0.002696614,0.004972330,0.572605731,0.157857242,-0.520750401,450.000000000,22.815895857,-0.059381638,0.001431956,9.496138402,-114.743847000,115.004222201,-110.256153000,109.995777799,-11.407947929,-11.407947929
1786168449.040671825,71.400657362,0.000000000,TARGET_UPDATED,0,0.050049976,-1.097833667,71.519129637,0.028864566,-1.135963680,67.867347872,-0.076010483,0.038130013,3.651781765,0.104875049,-0.146744565,2.996233913,0.160610131,-0.140351225,2.424110530,0.002730111,-0.006393340,0.572123384,0.157880021,-1.573952584,450.000000000,22.820361902,-0.059308789,0.001483721,9.495729656,-114.480444268,115.267420560,-110.519555732,109.732579440,-11.410180951,-11.410180951
1786168449.090657711,71.450643389,0.000000000,NONE,0,0.049976867,-1.097833667,71.519129637,0.028864566,-1.135818013,67.988758123,-0.076007261,0.037984346,3.530371514,0.104871827,-0.145607356,2.996296687,0.160469271,-0.141784584,2.424112906,0.002587535,-0.003822772,0.572183780,0.157881736,-1.125432484,450.000000000,22.824006353,-0.059233762,0.001520255,9.495282736,-114.592462563,115.155178805,-110.407537437,109.844821195,-11.412003176,-11.412003176
1786168449.140601635,71.500587195,0.000000000,NONE,0,0.049953236,-1.097833667,71.519129637,0.028864566,-1.135753355,68.110172583,-0.076005987,0.037919688,3.408957055,0.104870552,-0.144325112,2.996377829,0.160110251,-0.142572850,2.424109094,0.002266299,-0.001752263,0.572268734,0.157843952,-0.993497145,450.000000000,22.824513243,-0.059157335,0.001541140,9.494869965,-114.625343205,115.122091777,-110.374656795,109.877908223,-11.412256621,-11.412256621
1786168449.190630674,71.550616131,0.000000000,NONE,0,0.050025562,-1.097833667,71.519129637,0.028864566,-1.135711971,68.231587429,-0.076006622,0.037878304,3.287542208,0.104871188,-0.142930434,2.996473834,0.159564639,-0.142645324,2.424097752,0.001791809,-0.000285111,0.572376082,0.157772830,-0.898484329,450.000000000,22.822815616,-0.059080219,0.001547635,9.494546724,-114.649015599,115.098257763,-110.350984401,109.901742237,-11.411407808,-11.411407808
1786168449.240633011,71.600618670,0.000000000,NONE,0,0.049992098,-1.097833667,71.519129637,0.028864566,-1.135680130,68.328718434,-0.076008447,0.037846463,3.190411204,0.104873012,-0.141739649,2.996559450,0.159020823,-0.142403033,2.424084021,0.001324504,0.000663384,0.572475428,0.157696319,-0.835742404,450.000000000,22.821292941,-0.059018468,0.001543715,9.495546758,-114.664951088,115.082822290,-110.335048912,109.917177710,-11.410646471,-11.410646471
1786168449.290603161,71.650588877,0.000000000,NONE,0,0.049980328,-1.097833667,71.519129637,0.028864566,-1.135629452,68.450130124,-0.076011988,0.037795785,3.068999514,0.104876554,-0.140157914,2.996675053,0.158247715,-0.141898119,2.424062156,0.000675391,0.001740205,0.572612897,0.157572324,-0.747246953,450.000000000,22.815600649,-0.058940989,0.001558989,9.495087552,-114.686960150,115.060583626,-110.313039850,109.939416374,-11.407800325,-11.407800325
1786168449.340640545,71.700626134,0.000000000,NONE,0,0.050049789,-1.097833667,71.519129637,0.028864566,-1.135555573,68.571538673,-0.076016374,0.037721906,2.947590965,0.104880940,-0.138470545,2.996797405,0.157420608,-0.141130395,2.424036674,-0.000012377,0.002659850,0.572760731,0.157432984,-0.672743866,450.000000000,22.809483431,-0.058862575,0.001571952,9.494576868,-114.705458250,115.041830184,-110.294541750,109.958169816,-11.404741716,-11.404741716
1786168449.390608549,71.750594304,0.000000000,NONE,0,0.049950476,-1.097833667,71.519129637,0.028864566,-1.135445908,68.692943217,-0.076021377,0.037612241,2.826186421,0.104885943,-0.136680926,2.996923148,0.156596150,-0.140137153,2.424009248,-0.000693936,0.003456226,0.572913901,0.157290086,-0.603815889,450.000000000,22.803332116,-0.058783969,0.001570012,9.494180384,-114.722591124,115.024499068,-110.277408876,109.975500932,-11.401666058,-11.401666058
1786168449.440698147,71.800683600,0.000000000,TARGET_UPDATED,0,0.050085539,-1.097833667,72.519129637,0.028864566,-1.135290856,68.814343167,-0.076026614,0.037457189,3.704786471,0.104891180,-0.145990513,2.996525420,0.155810893,-0.138969468,2.423981737,-0.001320821,-0.007021045,0.572543683,0.157131714,-1.583295232,450.000000000,22.795879880,-0.058705918,0.001555762,9.493959409,-114.477666044,115.269313660,-110.522333956,109.730686340,-11.397939940,-11.397939940
1786168449.490645409,71.850631003,0.000000000,NONE,0,0.049956254,-1.097833667,72.519129637,0.028864566,-1.135145718,68.935741812,-0.076031612,0.037312051,3.583387825,0.104896178,-0.144807697,2.996617081,0.155158046,-0.140326904,2.423955446,-0.001853075,-0.004480793,0.572661635,0.157011120,-1.154546513,450.000000000,22.792108226,-0.058628942,0.001533001,9.493886685,-114.584835043,115.162108299,-110.415164957,109.837891701,-11.396054113,-11.396054113
1786168449.540628910,71.900614700,0.000000000,NONE,0,0.049982032,-1.097833667,72.519129637,0.028864566,-1.135091954,69.057144137,-0.076035883,0.037258287,3.461985501,0.104900449,-0.143486870,2.996707657,0.154641421,-0.141410260,2.423933778,-0.002262484,-0.002076610,0.572773879,0.156903906,-0.994930864,450.000000000,22.788793324,-0.058553268,0.001507964,9.493936396,-114.624751383,115.122216815,-110.375248617,109.877783185,-11.394396662,-11.394396662
1786168449.590593576,71.950579026,0.000000000,NONE,0,0.049982915,-1.097833667,72.519129637,0.028864566,-1.135073550,69.178547058,-0.076038792,0.037239882,3.340582579,0.104903357,-0.142059156,2.996793633,0.154297517,-0.141706210,2.423916559,-0.002519706,-0.000352945,0.572877074,0.156817223,-0.885687689,450.000000000,22.787055451,-0.058478848,0.001485449,9.494053871,-114.652091545,115.094935390,-110.347908455,109.905064610,-11.393527725,-11.393527725
1786168449.640638351,72.000623914,0.000000000,NONE,0,0.050003170,-1.097833667,72.519129637,0.028864566,-1.135065480,69.299949374,-0.076039936,0.037231813,3.219180263,0.104904502,-0.140534542,2.996873190,0.154150166,-0.141591780,2.423905042,-0.002609310,0.001057238,0.572968148,0.156759476,-0.786780217,450.000000000,22.787511703,-0.058405455,0.001468137,9.494196442,-114.676854056,115.070244165,-110.323145944,109.929755835,-11.393755851,-11.393755851
1786168449.690614462,72.050600113,0.000000000,NONE,0,0.049995091,-1.097833667,72.519129637,0.028864566,-1.135050746,69.421350396,-0.076039075,0.037217079,3.097779241,0.104903641,-0.138917586,2.996945448,0.154209682,-0.141163321,2.423899927,-0.002524942,0.002245735,0.573045522,0.156734624,-0.698288165,450.000000000,22.790347914,-0.058332767,0.001457077,9.494324728,-114.699009141,115.048153223,-110.300990859,109.951846777,-11.395173957,-11.395173957
1786168449.740622282,72.100607868,0.000000000,NONE,0,0.050001361,-1.097833667,72.519129637,0.028864566,-1.135024933,69.518469964,-0.076036884,0.037191266,3.000659674,0.104901450,-0.137559176,2.996997898,0.154404589,-0.140623343,2.423900671,-0.002334210,0.003064167,0.573097228,0.156738799,-0.638593465,450.000000000,22.795139260,-0.058274903,0.001452622,9.495567750,-114.714243571,115.033540304,-110.285756429,109.966459696,-11.397569630,-11.397569630
1786168449.790636063,72.150621621,0.000000000,NONE,0,0.050015604,-1.097833667,72.519129637,0.028864566,-1.134966838,69.639867655,-0.076032409,0.037133171,2.879261982,0.104896975,-0.135777837,2.997057382,0.154819328,-0.139825636,2.423907579,-0.001958724,0.004047798,0.573149802,0.156778052,-0.552948630,450.000000000,22.802509009,-0.058202109,0.001475894,9.495333537,-114.735596227,115.012070542,-110.264403773,109.987929458,-11.401254505,-11.401254505
1786168449.840631962,72.200617531,0.000000000,NONE,0,0.049988163,-1.097833667,72.519129637,0.028864566,-1.134871935,69.761263205,-0.076026252,0.037038268,2.757866432,0.104890818,-0.133899525,2.997111502,0.155397080,-0.138821602,2.423920699,-0.001452291,0.004922076,0.573190803,0.156849370,-0.478381675,450.000000000,22.812063470,-0.058127663,0.001506210,9.494886149,-114.754126118,114.993316956,-110.245873882,110.006683044,-11.406031735,-11.406031735
1786168449.890691519,72.250677187,0.000000000,TARGET_UPDATED,0,0.050085033,-1.097833667,73.519129637,0.028864566,-1.134730113,69.882656302,-0.076018710,0.036896446,3.636473336,0.104883276,-0.143456572,2.996631386,0.156114316,-0.137630287,2.423938931,-0.000846911,-0.005826285,0.572692454,0.156961228,-1.481971135,450.000000000,22.824630819,-0.058051930,0.001525399,9.494450624,-114.503119872,115.244105440,-110.496880128,109.755894560,-11.412315409,-11.412315409
1786168449.940633059,72.300618623,0.000000000,NONE,0,0.049931729,-1.097833667,73.519129637,0.028864566,-1.134604477,70.004050804,-0.076010112,0.036770809,3.515078834,0.104874677,-0.142239027,2.996647586,0.156902444,-0.139172260,2.423960432,-0.000173912,-0.003066767,0.572687153,0.157076355,-1.030014741,450.000000000,22.836683648,-0.057975545,0.001530606,9.494077429,-114.616015672,115.131023043,-110.383984328,109.868976957,-11.418341824,-11.418341824
1786168449.990720987,72.350706701,0.000000000,NONE,0,0.050056694,-1.097833667,73.519129637,0.028864566,-1.134569629,70.125451249,-0.076000702,0.036735962,3.393678388,0.104865268,-0.140892081,2.996668563,0.157700912,-0.140182557,2.423985441,0.000505497,-0.000709525,0.572683122,0.157195415,-0.878579723,450.000000000,22.849025004,-0.057899186,0.001524200,9.493829244,-114.653812380,115.093102242,-110.346187620,109.906897758,-11.424512502,-11.424512502
1786168450.040703297,72.400688736,0.000000000,NONE,0,0.049891690,-1.097833667,73.519129637,0.028864566,-1.134565368,70.222573506,-0.075992726,0.036731701,3.296556132,0.104857292,-0.139746199,2.996689167,0.158315829,-0.140369786,2.424005742,0.001029292,0.000623588,0.572683425,0.157286537,-0.803608106,450.000000000,22.858775025,-0.057838488,0.001512462,9.494862082,-114.672813494,115.074617547,-110.327186506,109.925382453,-11.429387512,-11.429387512
1786168450.090608597,72.450594126,0.000000000,NONE,0,0.050033467,-1.097833667,73.519129637,0.028864566,-1.134570976,70.343977618,-0.075982966,0.036737309,3.175152019,0.104847532,-0.138233104,2.996721467,0.159016718,-0.140339737,2.424030357,0.001604627,0.002106633,0.572691111,0.157412091,-0.691586879,450.000000000,22.872184751,-0.057762791,0.001519451,9.494516605,-114.700732432,115.046525871,-110.299267568,109.953474129,-11.436092375,-11.436092375
1786168450.140646219,72.500631859,0.000000000,NONE,0,0.050028930,-1.097833667,73.519129637,0.028864566,-1.134573871,70.465382233,-0.075974245,0.036740204,3.053747404,0.104838811,-0.136630123,2.996763146,0.159602638,-0.139947406,2.424052848,0.002077166,0.003317282,0.572710298,0.157525472,-0.603288520,450.000000000,22.883818805,-0.057686587,0.001526375,9.494123004,-114.722708621,115.024352881,-110.277291379,109.975647119,-11.441909402,-11.441909402
1786168450.190636873,72.550622456,0.000000000,NONE,0,0.049989377,-1.097833667,73.519129637,0.028864566,-1.134556221,70.586786168,-0.075966698,0.036722554,2.932343470,0.104831264,-0.134943007,2.996815755,0.160038438,-0.139232609,2.424071687,0.002424303,0.004289602,0.572744068,0.157614135,-0.527733654,450.000000000,22.893472052,-0.057610468,0.001520467,9.493852397,-114.741529686,115.005396513,-110.258470314,109.994603487,-11.446736026,-11.446736026
1786168450.240830421,72.600816053,0.000000000,NONE,0,0.050028431,-1.097833667,73.519129637,0.028864566,-1.134504276,70.708188412,-0.075960517,0.036670609,2.810941225,0.104825083,-0.133174179,2.996880488,0.160298616,-0.138265714,2.424085718,0.002623409,0.005091534,0.572794771,0.157675207,-0.460287485,450.000000000,22.901138269,-0.057535024,0.001504137,9.493736955,-114.758362368,114.988506110,-110.241637632,110.011493890,-11.450569134,-11.450569134
1786168450.290654182,72.650639699,0.000000000,TARGET_UPDATED,0,0.049999764,-1.097833667,74.519129637,0.028864566,-1.134406605,70.829588047,-0.075955872,0.036572938,3.689541591,0.104820437,-0.142366996,2.996452934,0.160383710,-0.137085892,2.424094111,0.002663278,-0.005281104,0.572358823,0.157720432,-1.427095931,450.000000000,22.907930764,-0.057460637,0.001481774,9.493755711,-114.516664945,115.230212911,-110.483335055,109.769787089,-11.453965382,-11.453965382
1786168450.340610981,72.700596730,0.000000000,NONE,0,0.049947917,-1.097833667,74.519129637,0.028864566,-1.134324437,70.950988269,-0.075952792,0.036490770,3.568141368,0.104817358,-0.141243885,2.996512316,0.160262692,-0.138552549,2.424095871,0.002550302,-0.002691336,0.572416445,0.157712390,-0.997278844,450.000000000,22.910241040,-0.057387541,0.001456023,9.493898319,-114.624154869,115.122794291,-110.375845131,109.877205709,-11.455120520,-11.455120520
1786168450.390580654,72.750566376,0.000000000,NONE,0,0.049990619,-1.097833667,74.519129637,0.028864566,-1.134325766,71.072392730,-0.075951297,0.036492099,3.446736907,0.104815862,-0.140000265,2.996587682,0.159942205,-0.139428471,2.424092539,0.002268148,-0.000571794,0.572495143,0.157674057,-0.862886107,450.000000000,22.910893025,-0.057315767,0.001432321,9.494123878,-114.657809443,115.089252496,-110.342190557,109.910747504,-11.455446512,-11.455446512
1786168450.440607548,72.800593086,0.000000000,NONE,0,0.050005584,-1.097833667,74.519129637,0.028864566,-1.134352152,71.193797752,-0.075951447,0.036518485,3.325331885,0.104816013,-0.138665163,2.996675983,0.159450356,-0.139536470,2.424082867,0.001839870,0.000871307,0.572593116,0.157610485,-0.772070130,450.000000000,22.909879246,-0.057245022,0.001413879,9.494373874,-114.680575936,115.066611001,-110.319424064,109.933388999,-11.454939623,-11.454939623
1786168450.490701199,72.850686879,0.000000000,NONE,0,0.050019795,-1.097833667,74.519129637,0.028864566,-1.134379823,71.315201689,-0.075953156,0.036546156,3.203927949,0.104817722,-0.137243705,2.996774851,0.158823341,-0.139245003,2.424067821,0.001299238,0.002001298,0.572707031,0.157524102,-0.691779248,450.000000000,22.907316433,-0.057174952,0.001401946,9.494607346,-114.700707024,115.046596648,-110.299292976,109.953403352,-11.453658216,-11.453658216
1786168450.540642500,72.900628179,0.000000000,NONE,0,0.050013002,-1.097833667,74.519129637,0.028864566,-1.134391258,71.436603307,-0.075956189,0.036557591,3.082526330,0.104820755,-0.135737148,2.996881712,0.158104578,-0.138625000,2.424048527,0.000684931,0.002887852,0.572833185,0.157419647,-0.623759262,450.000000000,22.903579470,-0.057105186,0.001396745,9.494790097,-114.717757709,115.029637340,-110.282242291,109.970362660,-11.451789735,-11.451789735
1786168450.590638638,72.950624120,0.000000000,NONE,0,0.050004897,-1.097833667,74.519129637,0.028864566,-1.134372385,71.558001643,-0.075960154,0.036538718,2.961127995,0.104824720,-0.134144938,2.996993826,0.157342427,-0.137747371,2.424026359,0.000040076,0.003602433,0.572967468,0.157302351,-0.563731650,450.000000000,22.899044546,-0.057035421,0.001396992,9.494910477,-114.732794707,115.014660532,-110.267205293,109.985339468,-11.449522273,-11.449522273
1786168450.640677452,73.000662949,0.000000000,NONE,0,0.050002915,-1.097833667,74.519129637,0.028864566,-1.134327656,71.655117442,-0.075963679,0.036493989,2.864012196,0.104828245,-0.132808286,2.997085461,0.156735009,-0.136880033,2.424007594,-0.000470202,0.004071746,0.573077867,0.157205211,-0.523353536,450.000000000,22.896578166,-0.056979458,0.001400302,9.496098668,-114.743186283,115.004863051,-110.256813717,109.995136949,-11.448289083,-11.448289083
1786168450.690604448,73.050590200,0.000000000,NONE,0,0.049953412,-1.097833667,74.519129637,0.028864566,-1.134227276,71.776508166,-0.075967921,0.036393609,2.742621472,0.104832487,-0.131054046,2.997200349,0.156019447,-0.135674448,2.423984198,-0.001055774,0.004620403,0.573216151,0.157075221,-0.466639870,450.000000000,22.890742532,-0.056908639,0.001431135,9.495810336,-114.757292617,114.990612551,-110.242707383,110.009387449,-11.445371266,-11.445371266
1786168450.740704298,73.100689711,0.000000000,TARGET_UPDATED,0,0.050100793,-1.097833667,75.519129637,0.028864566,-1.134070859,71.897894093,-0.075971356,0.036237191,3.621235545,0.104835922,-0.140639325,2.996799403,0.155379220,-0.134308183,2.423962370,-0.001562873,-0.006331142,0.572837033,0.156942093,-1.477698924,450.000000000,22.885300058,-0.056835896,0.001466882,9.495328491,-114.504407392,115.243256854,-110.495592608,109.756743146,-11.442650029,-11.442650029
1786168450.790615797,73.150601525,0.000000000,NONE,0,0.049923190,-1.097833667,75.519129637,0.028864566,-1.133924009,72.019279039,-0.075974023,0.036090342,3.499850599,0.104838588,-0.139522393,2.996877424,0.154884638,-0.135719351,2.423942876,-0.001966884,-0.003803041,0.572934548,0.156851521,-1.041950006,450.000000000,22.883718276,-0.056761768,0.001488328,9.494851251,-114.613225311,115.134200314,-110.386774689,109.865799686,-11.441859138,-11.441859138
1786168450.840633869,73.200619324,0.000000000,NONE,0,0.049980398,-1.097833667,75.519129637,0.028864566,-1.133858473,72.140667308,-0.075975760,0.036024806,3.378462329,0.104840326,-0.138264707,2.996953880,0.154535349,-0.136543277,2.423928582,-0.002247167,-0.001721429,0.573025298,0.156782516,-0.909421194,450.000000000,22.883239474,-0.056686972,0.001496407,9.494453241,-114.646258012,115.100968609,-110.353741988,109.899031391,-11.441619737,-11.441619737
1786168450.890613794,73.250599476,0.000000000,NONE,0,0.050007704,-1.097833667,75.519129637,0.028864566,-1.133816706,72.262055838,-0.075976249,0.035983039,3.257073800,0.104840815,-0.136899736,2.997025750,0.154357414,-0.136633340,2.423918805,-0.002381630,-0.000266396,0.573106944,0.156739044,-0.816760887,450.000000000,22.884626891,-0.056612162,0.000298669,9.506107925,-114.672336760,115.080717203,-110.327663240,109.919282797,-11.442313446,-11.442313446
1786168450.940629482,73.300615100,0.000000000,NONE,0,0.050024247,-1.097833667,75.519129637,0.028864566,-1.133785625,72.359166174,-0.075975552,0.035951958,3.159963463,0.104840118,-0.135718819,2.997079934,0.154347131,-0.136416308,2.423915296,-0.002375840,0.000697488,0.573164638,0.156722971,-0.753380345,450.000000000,22.887969783,-0.056546968,0.000000000,9.509536546,-114.689039050,115.065729223,-110.310960950,109.934270777,-11.443984891,-11.443984891
1786168450.990593195,73.350578852,0.000000000,NONE,0,0.049966019,-1.097833667,75.519129637,0.028864566,-1.133738049,72.480553018,-0.075973174,0.035904382,3.038576620,0.104837740,-0.134100524,2.997144724,0.154499819,-0.135915902,2.423916994,-0.002228661,0.001815379,0.573227730,0.156728480,-0.662326978,450.000000000,22.892702460,-0.056448008,0.002160458,9.485656098,-114.705832280,115.036995769,-110.294167720,109.963004231,-11.446351230,-11.446351230
1786168451.040628672,73.400614340,0.000000000,NONE,0,0.049996119,-1.097833667,75.519129637,0.028864566,-1.133669999,72.601938223,-0.075969140,0.035836332,2.917191414,0.104833706,-0.132350869,2.997205400,0.154824983,-0.135127948,2.423923954,-0.001939315,0.002777078,0.573281446,0.156764298,-0.585453465,450.000000000,22.899734743,-0.056338295,0.002101326,9.483103765,-114.724412575,115.017139307,-110.275587425,109.982860693,-11.449867371,-11.449867371
1786168451.090583801,73.450569378,0.000000000,NONE,0,0.050004062,-1.097833667,75.519129637,0.028864566,-1.133568717,72.723321288,-0.075963682,0.035735050,2.795808349,0.104828247,-0.130545611,2.997259519,0.155300943,-0.134140987,2.423934191,-0.001526801,0.003595376,0.573325328,0.156827744,-0.516496357,450.000000000,22.908649348,-0.056242661,0.001778598,9.484305048,-114.741952173,115.000200351,-110.258047827,109.999799649,-11.454324674,-11.454324674
1786168451.140645266,73.500631003,0.000000000,TARGET_UPDATED,0,0.050070436,-1.097833667,76.519129637,0.028864566,-1.133424358,72.844701953,-0.075957045,0.035590691,3.674427684,0.104821611,-0.139544355,2.996823219,0.155884573,-0.133015454,2.423948171,-0.001016889,-0.006528901,0.572875048,0.156901462,-1.458625518,450.000000000,22.917941122,-0.056163566,0.001461180,9.486775929,-114.507037603,115.236350362,-110.492962397,109.763649638,-11.458970561,-11.458970561
1786168451.190580368,73.550566059,0.000000000,NONE,0,0.049930176,-1.097833667,76.519129637,0.028864566,-1.133292392,72.966083601,-0.075949440,0.035458725,3.553046036,0.104814006,-0.138423726,2.996839151,0.156564437,-0.134408734,2.423965014,-0.000441371,-0.004014992,0.572874136,0.157005808,-1.040482146,450.000000000,22.929782608,-0.056098436,0.001210716,9.489672203,-114.612297514,115.132538587,-110.387702486,109.867461413,-11.464891304,-11.464891304
1786168451.240652084,73.600637587,0.000000000,NONE,0,0.050050116,-1.097833667,76.519129637,0.028864566,-1.133247151,73.087470685,-0.075941096,0.035413484,3.431658953,0.104805662,-0.137198231,2.996858137,0.157265571,-0.135448747,2.423985386,0.000153537,-0.001749484,0.572872751,0.157112033,-0.893565953,450.000000000,22.941182622,-0.056043106,0.001049451,9.492468310,-114.649725589,115.096508566,-110.350274411,109.903491434,-11.470591311,-11.470591311
1786168451.290631533,73.650617038,0.000000000,NONE,0,0.049979055,-1.097833667,76.519129637,0.028864566,-1.133234197,73.208860273,-0.075932273,0.035400530,3.310269365,0.104796839,-0.135884815,2.996881448,0.157947002,-0.135761921,2.424006517,0.000729660,-0.000122894,0.572874930,0.157217342,-0.791582847,450.000000000,22.952467689,-0.055993023,0.000977753,9.494775675,-114.675798207,115.071589631,-110.324201793,109.928410369,-11.476233845,-11.476233845
1786168451.340581656,73.700567184,0.000000000,NONE,0,0.049951930,-1.097833667,76.519129637,0.028864566,-1.133230804,73.330251122,-0.075923447,0.035397137,3.188878516,0.104788013,-0.134480194,2.996911314,0.158568091,-0.135701822,2.424027224,0.001250225,0.001221628,0.572884090,0.157317866,-0.698393916,450.000000000,22.963338924,-0.055944110,0.000981392,9.496415279,-114.699505341,115.048702299,-110.300494659,109.951297701,-11.481669462,-11.481669462
1786168451.390629530,73.750615287,0.000000000,NONE,0,0.050027770,-1.097833667,76.519129637,0.028864566,-1.133224333,73.427364075,-0.075916801,0.035390665,3.091765563,0.104781367,-0.133287553,2.996941377,0.158996429,-0.135421311,2.424042577,0.001606702,0.002133759,0.572898800,0.157389727,-0.637062145,450.000000000,22.971730111,-0.055903757,0.001024606,9.498348354,-114.715321552,115.033852625,-110.284678448,109.966147375,-11.485865056,-11.485865056
1786168451.440820217,73.800805655,0.000000000,NONE,0,0.050021449,-1.097833667,76.519129637,0.028864566,-1.133201271,73.548754914,-0.075909582,0.035367604,2.970374723,0.104774148,-0.131705259,2.996988239,0.159420418,-0.134901011,2.424059166,0.001946271,0.003195752,0.572929073,0.157474147,-0.550262146,450.000000000,22.981829331,-0.055849545,0.001127603,9.498568800,-114.737076664,115.012207736,-110.262923336,109.987792264,-11.490914666,-11.490914666
1786168451.490630865,73.850616538,0.000000000,NONE,0,0.049992570,-1.097833667,76.519129637,0.028864566,-1.133152497,73.670144661,-0.075904022,0.035318830,2.848984976,0.104768588,-0.130015265,2.997046805,0.159698171,-0.134145042,2.424071935,0.002164391,0.004129777,0.572974870,0.157533780,-0.475564963,450.000000000,22.989446522,-0.055789285,0.001251220,9.498089896,-114.755631233,114.993413715,-110.244368767,110.006586285,-11.494723261,-11.494723261
1786168451.540701628,73.900687358,0.000000000,TARGET_UPDATED,0,0.050086567,-1.097833667,77.519129637,0.028864566,-1.133066763,73.791532424,-0.075899962,0.035233095,3.727597213,0.104764528,-0.138602784,2.996654887,0.159824505,-0.133167492,2.424079938,0.002254134,-0.005435293,0.572574948,0.157570371,-1.369301719,450.000000000,22.995491688,-0.055723024,0.001365081,9.497232358,-114.531982660,115.216633519,-110.468017340,109.783366481,-11.497745844,-11.497745844
1786168451.590631008,73.950616589,0.000000000,NONE,0,0.049904942,-1.097833667,77.519129637,0.028864566,-1.132990271,73.912920459,-0.075897240,0.035156604,3.606209179,0.104761806,-0.137467617,2.996709294,0.159780769,-0.134396006,2.424082112,0.002215368,-0.003071611,0.572627181,0.157565400,-0.974273203,450.000000000,22.998245216,-0.055651804,0.001453554,9.496204629,-114.630482856,115.117619458,-110.369517144,109.882380542,-11.499122608,-11.499122608
1786168451.640679598,74.000665373,0.000000000,NONE,0,0.050029298,-1.097833667,77.519129637,0.028864566,-1.133001072,74.034312850,-0.075895739,0.035167404,3.484816787,0.104760304,-0.136200704,2.996778626,0.159563030,-0.135459097,2.424079909,0.002034749,-0.000741608,0.572698716,0.157528281,-0.818742689,450.000000000,22.998945046,-0.055577199,0.001510058,9.495232153,-114.669122366,115.078493711,-110.330877634,109.921506289,-11.499472523,-11.499472523
1786168451.690614700,74.050600311,0.000000000,NONE,0,0.049968425,-1.097833667,77.519129637,0.028864566,-1.133045024,74.155706279,-0.075895428,0.035211357,3.363423358,0.104759993,-0.134835766,2.996860084,0.159191494,-0.135696041,2.424072080,0.001723613,0.000860275,0.572788004,0.157467881,-0.719475027,450.000000000,22.998184453,-0.055500812,0.001534422,9.494424119,-114.693737273,115.053474786,-110.306262727,109.946525214,-11.499092227,-11.499092227
1786168451.740605593,74.100591335,0.000000000,NONE,0,0.049992405,-1.097833667,77.519129637,0.028864566,-1.133096351,74.277099044,-0.075896338,0.035262684,3.242030594,0.104760904,-0.133387223,2.996951265,0.158695847,-0.135513088,2.424059407,0.001306294,0.002125865,0.572891857,0.157389553,-0.631694095,450.000000000,22.996277617,-0.055424129,0.001530687,9.493868425,-114.715543582,115.031390630,-110.284456418,109.968609370,-11.498138809,-11.498138809
1786168451.790630817,74.150616428,0.000000000,NONE,0,0.050016406,-1.097833667,77.519129637,0.028864566,-1.133138203,74.398489998,-0.075898400,0.035304535,3.120639639,0.104762966,-0.131862179,2.997049774,0.158111970,-0.135017407,2.424042887,0.000814508,0.003155228,0.573006887,0.157297461,-0.555291367,450.000000000,22.993490482,-0.055348254,0.001507765,9.493564291,-114.734568231,115.012213914,-110.265431769,109.987786086,-11.496745241,-11.496745241
1786168451.840750694,74.200736218,0.000000000,NONE,0,0.050136789,-1.097833667,77.519129637,0.028864566,-1.133154768,74.495600802,-0.075900753,0.035321101,3.023528836,0.104765318,-0.130590363,2.997132166,0.157608451,-0.134406576,2.424027713,0.000390358,0.003816214,0.573104453,0.157218093,-0.507010154,450.000000000,22.992134044,-0.055288623,0.001480630,9.494609161,-114.746899752,115.000404829,-110.253100248,109.999595171,-11.496067022,-11.496067022
1786168451.890591383,74.250577149,0.000000000,NONE,0,0.049837257,-1.097833667,77.519129637,0.028864566,-1.133145664,74.616986309,-0.075904078,0.035311996,2.902143329,0.104768644,-0.128933886,2.997237696,0.156969106,-0.133511893,2.424007447,-0.000136393,0.004578007,0.573230249,0.157105499,-0.438578638,450.000000000,22.987491208,-0.055215094,0.001468845,9.494348218,-114.763942395,114.983231714,-110.236057605,110.016768286,-11.493745604,-11.493745604
1786168451.940583467,74.300568944,0.000000000,NONE,0,0.050002575,-1.097833667,77.519129637,0.028864566,-1.133094941,74.738368006,-0.075907282,0.035261274,2.780761631,0.104771848,-0.127198603,2.997344080,0.156357122,-0.132413521,2.423987120,-0.000638691,0.005214919,0.573356959,0.156995813,-0.381578844,450.000000000,22.983803833,-0.055141863,0.001459836,9.494094272,-114.778128857,114.968918279,-110.221871143,110.031081721,-11.491901917,-11.491901917
1786168451.990693331,74.350679107,0.000000000,TARGET_UPDATED,0,0.050102838,-1.097833667,78.519129637,0.028864566,-1.132992521,74.859745386,-0.075910217,0.035158854,3.659384251,0.104774782,-0.136210643,2.996976206,0.155821141,-0.131133159,2.423967968,-0.001085476,-0.005077485,0.573008238,0.156906617,-1.330656341,450.000000000,22.981682949,-0.055069283,0.001443447,9.493969998,-114.540828414,115.206156585,-110.459171586,109.793843415,-11.490841474,-11.490841474
1786168452.040676832,74.400662349,0.000000000,NONE,0,0.049923580,-1.097833667,78.519129637,0.028864566,-1.132919736,74.956846784,-0.075912188,0.035086069,3.562282854,0.104776753,-0.135336883,2.997034697,0.155460059,-0.132335589,2.423953783,-0.001377933,-0.003001294,0.573080914,0.156837993,-0.947828223,450.000000000,22.977284903,-0.055011893,0.001426114,9.495044962,-114.636804185,115.110718296,-110.363195815,109.889281704,-11.488642452,-11.488642452
1786168452.090611219,74.450596774,0.000000000,NONE,0,0.049990001,-1.097833667,78.519129637,0.028864566,-1.132902778,75.078226531,-0.075914079,0.035069110,3.440903107,0.104778644,-0.134134019,2.997107145,0.155108329,-0.133308901,2.423940406,-0.001666945,-0.000825118,0.573166739,0.156775274,-0.799870742,450.000000000,22.973014538,-0.054940510,0.001428810,9.494800327,-114.673732396,115.073667767,-110.326267604,109.926332233,-11.486507269,-11.486507269
1786168452.140607119,74.500592699,0.000000000,NONE,0,0.049989424,-1.097833667,78.519129637,0.028864566,-1.132914540,75.199606830,-0.075915643,0.035080873,3.319522808,0.104780209,-0.132833588,2.997176352,0.154892416,-0.133465845,2.423930916,-0.001857048,0.000632257,0.573245436,0.156749465,-0.710229373,450.000000000,22.971946223,-0.054868617,0.001436334,9.494459334,-114.696057490,115.051172177,-110.303942510,109.948827823,-11.485973111,-11.485973111
1786168452.190586090,74.550571815,0.000000000,NONE,0,0.049996645,-1.097833667,78.519129637,0.028864566,-1.132929863,75.320986507,-0.075917028,0.035096195,3.198143131,0.104781593,-0.131444755,2.997241035,0.154827694,-0.133220647,2.423925982,-0.001923577,0.001775892,0.573315052,0.156751271,-0.630337014,450.000000000,22.972625097,-0.054796563,0.001435744,9.494180209,-114.715960799,115.031129306,-110.284039201,109.968870694,-11.486312548,-11.486312548
1786168452.240650892,74.600636732,0.000000000,NONE,0,0.050040280,-1.097833667,78.519129637,0.028864566,-1.132932248,75.442364893,-0.075917823,0.035098581,3.076764745,0.104782389,-0.129971208,2.997300718,0.154917474,-0.132667788,2.423925920,-0.001854093,0.002696580,0.573374798,0.156771566,-0.561127471,450.000000000,22.974415237,-0.054724784,0.001427754,9.493994639,-114.733216792,115.013780527,-110.266783208,109.986219473,-11.487207619,-11.487207619
1786168452.290607691,74.650593158,0.000000000,NONE,0,0.049963579,-1.097833667,78.519129637,0.028864566,-1.132907643,75.563741464,-0.075917479,0.035073976,2.955388174,0.104782045,-0.128415089,2.997355524,0.155154128,-0.131855732,2.423930718,-0.001652701,0.003440643,0.573424806,0.156806829,-0.500723607,450.000000000,22.977183793,-0.054653607,0.001414773,9.493891647,-114.748292010,114.998653814,-110.251707990,110.001346186,-11.488591897,-11.488591897
1786168452.340664864,74.700650424,0.000000000,NONE,0,0.050056505,-1.097833667,78.519129637,0.028864566,-1.132844725,75.685115841,-0.075915628,0.035011058,2.834013797,0.104780193,-0.126776363,2.997406175,0.155520009,-0.130838309,2.423940024,-0.001337291,0.004061946,0.573466151,0.156857300,-0.445874472,450.000000000,22.981019288,-0.054583214,0.001399348,9.493878969,-114.762001124,114.984938360,-110.237998876,110.015061640,-11.490509644,-11.490509644
1786168452.390738964,74.750724528,0.000000000,TARGET_UPDATED,0,0.050085683,-1.097833667,79.519129637,0.028864566,-1.132733772,75.806487710,-0.075912177,0.034900105,3.712641927,0.104776743,-0.135438645,2.997003100,0.155979698,-0.129641134,2.423953177,-0.000933634,-0.005797511,0.573049923,0.156913332,-1.355205430,450.000000000,22.985051953,-0.054513656,0.001383895,9.493929579,-114.534681037,115.212283752,-110.465318963,109.787716248,-11.492525977,-11.492525977
1786168452.440600872,74.800586377,0.000000000,NONE,0,0.049855276,-1.097833667,79.519129637,0.028864566,-1.132654921,75.903585926,-0.075908418,0.034821253,3.615543712,0.104772984,-0.134595133,2.997018355,0.156410454,-0.130821235,2.423965353,-0.000567252,-0.003773898,0.573053002,0.156977706,-0.985575284,450.000000000,22.989730634,-0.054458578,0.001371929,9.495073078,-114.627374449,115.120162091,-110.372625551,109.879837909,-11.494865317,-11.494865317
1786168452.490607977,74.850593391,0.000000000,NONE,0,0.050002488,-1.097833667,79.519129637,0.028864566,-1.132628849,76.024963034,-0.075902995,0.034795182,3.494166603,0.104767561,-0.133426023,2.997040802,0.156972841,-0.131789875,2.423983685,-0.000101103,-0.001636148,0.573057117,0.157073945,-0.840240058,450.000000000,22.997100808,-0.054389801,0.001383077,9.494898704,-114.663664662,115.083784691,-110.336335338,109.916215309,-11.498550404,-11.498550404
1786168452.540616512,74.900602060,0.000000000,NONE,0,0.050006945,-1.097833667,79.519129637,0.028864566,-1.132631618,76.146342129,-0.075897365,0.034797951,3.372787509,0.104761931,-0.132151095,2.997067520,0.157531763,-0.131964659,2.424001808,0.000356907,-0.000186436,0.573065712,0.157174856,-0.750872405,450.000000000,23.004257906,-0.054319136,0.001422420,9.494284752,-114.685853087,115.061289289,-110.314146913,109.938710711,-11.502128953,-11.502128953
1786168452.590606451,74.950591822,0.000000000,NONE,0,0.049992958,-1.097833667,79.519129637,0.028864566,-1.132638871,76.267721991,-0.075891810,0.034805204,3.251407647,0.104756376,-0.130783500,2.997099552,0.158054497,-0.131751204,2.424021078,0.000783377,0.000967704,0.573078474,0.157271120,-0.670350149,450.000000000,23.010903981,-0.054247968,0.001422281,9.494016688,-114.705916635,115.041091709,-110.294083365,109.958908291,-11.505451990,-11.505451990
1786168452.640648842,75.000634599,0.000000000,NONE,0,0.050010260,-1.097833667,79.519129637,0.028864566,-1.132635005,76.389101688,-0.075886673,0.034801338,3.130027950,0.104751238,-0.129329313,2.997138258,0.158508802,-0.131249060,2.424038164,0.001150564,0.001919747,0.573100094,0.157358238,-0.599184356,450.000000000,23.016818685,-0.054177188,0.001411462,9.493881382,-114.723674256,115.023266435,-110.276325744,109.976733565,-11.508409343,-11.508409343
1786168452.690582991,75.050568641,0.000000000,NONE,0,0.049984391,-1.097833667,79.519129637,0.028864566,-1.132607711,76.510480435,-0.075882392,0.034774044,3.008649203,0.104746958,-0.127790857,2.997184945,0.158867034,-0.130522784,2.424052467,0.001434518,0.002731927,0.573132478,0.157432516,-0.534303304,450.000000000,23.021762169,-0.054107046,0.001395263,9.493840990,-114.739884421,115.007036074,-110.260115579,109.992963926,-11.510881084,-11.510881084
1786168452.740592480,75.100577859,0.000000000,NONE,0,0.049988120,-1.097833667,79.519129637,0.028864566,-1.132546810,76.631857493,-0.075879253,0.034713143,2.887272144,0.104743819,-0.126170568,2.997240565,0.159107938,-0.129610890,2.424062787,0.001621094,0.003440321,0.573177778,0.157486844,-0.474161212,450.000000000,23.025165865,-0.054038218,0.001366955,9.494020383,-114.754964793,114.992045399,-110.245035207,110.007954601,-11.512582933,-11.512582933
1786168452.790580511,75.150566165,0.000000000,NONE,0,0.050010642,-1.097833667,79.519129637,0.028864566,-1.132444066,76.753232256,-0.075877435,0.034610399,2.765897382,0.104742000,-0.124467207,2.997305782,0.159218268,-0.128549577,2.424069227,0.001700447,0.004082370,0.573236555,0.157517822,-0.416503004,450.000000000,23.026866931,-0.053970622,0.001343076,9.494249675,-114.769436668,114.977688170,-110.230563332,110.022311830,-11.513433466,-11.513433466
1786168452.840705633,75.200691034,0.000000000,TARGET_UPDATED,0,0.050117363,-1.097833667,80.519129637,0.028864566,-1.132326813,76.850330031,-0.075876973,0.034493146,3.668799607,0.104741539,-0.133599600,2.996913445,0.159201852,-0.127591157,2.424071503,0.001684985,-0.006008443,0.572841942,0.157516867,-1.348712025,450.000000000,23.026161619,-0.053916938,0.001335907,9.495431007,-114.536679745,115.211035758,-110.463320255,109.788964242,-11.513080809,-11.513080809
1786168452.890612125,75.250597905,0.000000000,NONE,0,0.049892736,-1.097833667,80.519129637,0.028864566,-1.132193898,76.971702569,-0.075877646,0.034360231,3.547427068,0.104742212,-0.132504988,2.996968733,0.159076817,-0.128890971,2.424069421,0.001569057,-0.003614017,0.572899312,0.157507760,-0.941906150,450.000000000,23.025360706,-0.053849610,0.001352417,9.495253112,-114.638336741,115.109289816,-110.361663259,109.890710184,-11.512680353,-11.512680353
1786168452.940670013,75.300655400,0.000000000,NONE,0,0.050058173,-1.097833667,80.519129637,0.028864566,-1.132144994,77.093079002,-0.075879588,0.034311326,3.426050636,0.104744154,-0.131279153,2.997036626,0.158816733,-0.129865101,2.424063927,0.001347617,-0.001414052,0.572972699,0.157469117,-0.798561536,450.000000000,23.022066220,-0.053781215,0.001372758,9.494962427,-114.674100223,115.073380991,-110.325899777,109.926619009,-11.511033110,-11.511033110
1786168452.990602493,75.350588068,0.000000000,NONE,0,0.049943970,-1.097833667,80.519129637,0.028864566,-1.132127416,77.214456251,-0.075882515,0.034293749,3.304673386,0.104747081,-0.129952518,2.997114341,0.158445123,-0.130115989,2.424053964,0.001037629,0.000163472,0.573060378,0.157407493,-0.699735990,450.000000000,23.017290649,-0.053712079,0.001384453,9.494679836,-114.698735962,115.048603956,-110.301264038,109.951396044,-11.508645325,-11.508645325
1786168453.040591955,75.400577352,0.000000000,NONE,0,0.049985247,-1.097833667,80.519129637,0.028864566,-1.132119144,77.335832933,-0.075886251,0.034285477,3.183296704,0.104750817,-0.128534860,2.997199734,0.157991122,-0.130001568,2.424040454,0.000661275,0.001466708,0.573159280,0.157329847,-0.609537573,450.000000000,23.011535918,-0.053642670,0.001387007,9.494464246,-114.721231668,115.026000455,-110.278768332,109.973999545,-11.505767959,-11.505767959
1786168453.090622187,75.450607782,0.000000000,NONE,0,0.050010925,-1.097833667,80.519129637,0.028864566,-1.132104154,77.457208041,-0.075890675,0.034270487,3.061921597,0.104755241,-0.127031927,2.997290644,0.157487842,-0.129583465,2.424024387,0.000244488,0.002551538,0.573266257,0.157243354,-0.530441307,450.000000000,23.005305273,-0.053573410,0.001381994,9.494332034,-114.740972682,115.006193335,-110.259027318,109.993806665,-11.502652636,-11.502652636
1786168453.140643835,75.500629329,0.000000000,NONE,0,0.050031375,-1.097833667,80.519129637,0.028864566,-1.132069339,77.578580783,-0.075895557,0.034235672,2.940548854,0.104760123,-0.125447097,2.997384901,0.156970753,-0.128925163,2.424006887,-0.000181160,0.003478065,0.573378014,0.157151914,-0.458847386,450.000000000,22.998806304,-0.053504579,0.001372502,9.494274348,-114.758856741,114.988280433,-110.241143259,110.011719567,-11.499403152,-11.499403152
1786168453.190595627,75.550581210,0.000000000,NONE,0,0.049960444,-1.097833667,80.519129637,0.028864566,-1.132019290,77.675676831,-0.075899657,0.034185623,2.843452806,0.104764222,-0.124121692,2.997461308,0.156571009,-0.128226704,2.423992667,-0.000510971,0.004105012,0.573468641,0.157081980,-0.411318496,450.000000000,22.994338853,-0.053449928,0.001363344,9.495334602,-114.771004026,114.976663274,-110.228995974,110.023336726,-11.497169426,-11.497169426
1786168453.240919590,75.600905034,0.000000000,TARGET_UPDATED,0,0.050326196,-1.097833667,81.519129637,0.028864566,-1.131921966,77.797043858,-0.075904583,0.034088299,3.722085780,0.104769149,-0.132473246,2.997127377,0.156126927,-0.127248816,2.423975623,-0.000873581,-0.005224430,0.573151754,0.157000509,-1.271373423,450.000000000,22.988416748,-0.053381627,0.001374946,9.495127494,-114.555938518,115.191625229,-110.444061482,109.808374771,-11.494208374,-11.494208374
1786168453.290577173,75.650562775,0.000000000,NONE,0,0.049639209,-1.097833667,81.519129637,0.028864566,-1.131838241,77.918410352,-0.075908793,0.034004574,3.600719286,0.104773359,-0.131390127,2.997194638,0.155756914,-0.128539338,2.423960032,-0.001164118,-0.002850790,0.573234605,0.156921033,-0.882194792,450.000000000,22.982871226,-0.053312437,0.001390558,9.494728922,-114.653133532,115.094230929,-110.346866468,109.905769071,-11.491435613,-11.491435613
1786168453.340600014,75.700585575,0.000000000,NONE,0,0.050049179,-1.097833667,81.519129637,0.028864566,-1.131837133,78.039780160,-0.075912167,0.034003466,3.479349477,0.104776733,-0.130188784,2.997261859,0.155477005,-0.129499475,2.423948295,-0.001380835,-0.000689309,0.573313563,0.156857841,-0.742163048,450.000000000,22.978786247,-0.053242708,0.001396382,9.494421913,-114.688064716,115.059146240,-110.311935284,109.940853760,-11.489393123,-11.489393123
1786168453.390630007,75.750615512,0.000000000,NONE,0,0.050009193,-1.097833667,81.519129637,0.028864566,-1.131865421,78.161150591,-0.075914620,0.034031754,3.357979047,0.104779186,-0.128899282,2.997326494,0.155309009,-0.129700136,2.423939754,-0.001508259,0.000800854,0.573386740,0.156817268,-0.650184893,450.000000000,22.976397476,-0.053172943,0.000000000,9.508122730,-114.714484459,115.039576906,-110.285515541,109.960423094,-11.488198738,-11.488198738
1786168453.440674782,75.800660337,0.000000000,NONE,0,0.049991230,-1.097833667,81.519129637,0.028864566,-1.131899576,78.282520567,-0.075916065,0.034065909,3.236609070,0.104780631,-0.127502223,2.997388588,0.155266045,-0.129495203,2.423935858,-0.001533506,0.001992981,0.573452730,0.156799551,-0.567470460,450.000000000,22.975614175,-0.053093972,0.001743018,9.489683356,-114.730553224,115.014288454,-110.269446776,109.985711546,-11.487807088,-11.487807088
1786168453.490654469,75.850639934,0.000000000,NONE,0,0.050033283,-1.097833667,81.519129637,0.028864566,-1.131924051,78.403889421,-0.075916353,0.034090384,3.115240217,0.104780919,-0.126005134,2.997447540,0.155350556,-0.128974592,2.423936228,-0.001452723,0.002969459,0.573511311,0.156803280,-0.495032773,450.000000000,22.976304104,-0.053007012,0.001679589,9.488665135,-114.748408091,114.995924477,-110.251591909,110.004075523,-11.488152052,-11.488152052
1786168453.540614367,75.900600054,0.000000000,NONE,0,0.049966226,-1.097833667,81.519129637,0.028864566,-1.131925497,78.525256623,-0.075915400,0.034091830,2.993873015,0.104779966,-0.124456998,2.997501424,0.155557265,-0.128222674,2.423939785,-0.001271181,0.003765676,0.573561639,0.156828447,-0.432249864,450.000000000,22.978494941,-0.052928042,0.001507279,9.489359826,-114.764277490,114.980402422,-110.235722510,110.019597578,-11.489247471,-11.489247471
1786168453.590660095,75.950645561,0.000000000,NONE,0,0.050026094,-1.097833667,81.519129637,0.028864566,-1.131892921,78.646621826,-0.075913250,0.034059254,2.872507812,0.104777816,-0.122858572,2.997550850,0.155871912,-0.127287881,2.423947027,-0.001001888,0.004429309,0.573603823,0.156873799,-0.376132171,450.000000000,22.982072538,-0.052857422,0.001349293,9.490578613,-114.778611610,114.966677696,-110.221388390,110.033322304,-11.491036269,-11.491036269
1786168453.640608788,76.000594483,0.000000000,NONE,0,0.049968705,-1.097833667,81.519129637,0.028864566,-1.131835674,78.743712354,-0.075910732,0.034002007,2.775417283,0.104775297,-0.121539845,2.997588019,0.156186834,-0.126407823,2.423955352,-0.000734056,0.004867978,0.573632667,0.156920890,-0.338802471,450.000000000,22.985404667,-0.052805925,0.001251512,9.492713891,-114.788477855,114.957879091,-110.211522145,110.042120909,-11.492702333,-11.492702333
1786168453.690701008,76.050686585,0.000000000,TARGET_UPDATED,0,0.050100011,-1.097833667,82.519129637,0.028864566,-1.131718829,78.865073310,-0.075906852,0.033885162,3.654056327,0.104771418,-0.130303718,2.997195782,0.156642107,-0.125218554,2.423968394,-0.000359996,-0.005085163,0.573227388,0.157002104,-1.248851900,450.000000000,22.991768310,-0.052745662,0.001183466,9.493858474,-114.561251643,115.185677593,-110.438748357,109.814322407,-11.495884155,-11.495884155
1786168453.740631819,76.100617431,0.000000000,NONE,0,0.049906916,-1.097833667,82.519129637,0.028864566,-1.131609675,78.986434992,-0.075902497,0.033776008,3.532694646,0.104767062,-0.129290073,2.997213806,0.157129834,-0.126484782,2.423983103,0.000044789,-0.002805291,0.573230704,0.157085045,-0.855228881,450.000000000,22.997615044,-0.052687350,0.001158919,9.494697905,-114.659867256,115.087481697,-110.340132744,109.912518303,-11.498807522,-11.498807522
1786168453.790619135,76.150604826,0.000000000,NONE,0,0.050011994,-1.097833667,82.519129637,0.028864566,-1.131576308,79.107801126,-0.075897813,0.033742641,3.411328512,0.104762379,-0.128158304,2.997237006,0.157606734,-0.127307563,2.423999942,0.000438174,-0.000850741,0.573237064,0.157168560,-0.730678393,450.000000000,23.003469136,-0.052629403,0.001162800,9.495287526,-114.691152283,115.056491480,-110.308847717,109.943508520,-11.501734568,-11.501734568
1786168453.840630531,76.200616234,0.000000000,NONE,0,0.049983228,-1.097833667,82.519129637,0.028864566,-1.131566598,79.229168970,-0.075893121,0.033732930,3.289960667,0.104757686,-0.126932232,2.997265682,0.158045973,-0.127441336,2.424016378,0.000794674,0.000509104,0.573249304,0.157251299,-0.646030551,450.000000000,23.009246294,-0.052570679,0.001186246,9.495610479,-114.712394982,115.035410258,-110.287605018,109.964589742,-11.504623147,-11.504623147
1786168453.890572309,76.250557972,0.000000000,NONE,0,0.049979473,-1.097833667,82.519129637,0.028864566,-1.131558560,79.350537318,-0.075888699,0.033724892,3.168592319,0.104753265,-0.125616155,2.997300973,0.158421157,-0.127198507,2.424031546,0.001095394,0.001582352,0.573269427,0.157325763,-0.571472853,450.000000000,23.014293303,-0.052510421,0.001221382,9.495687346,-114.731053623,115.016790050,-110.268946377,109.983209950,-11.507146651,-11.507146651
1786168453.940613031,76.300598755,0.000000000,NONE,0,0.050025241,-1.097833667,82.519129637,0.028864566,-1.131537114,79.471905274,-0.075884893,0.033703446,3.047224364,0.104749458,-0.124211205,2.997343971,0.158709509,-0.126671592,2.424044494,0.001319881,0.002460387,0.573299477,0.157389628,-0.505907128,450.000000000,23.018550618,-0.052448316,0.001259254,9.495587700,-114.747420143,115.000373707,-110.252579857,109.999626293,-11.509275309,-11.509275309
1786168453.990612507,76.350597972,0.000000000,NONE,0,0.049990107,-1.097833667,82.519129637,0.028864566,-1.131501766,79.568998811,-0.075882498,0.033668099,2.950130827,0.104747064,-0.123023786,2.997384473,0.158865820,-0.126066649,2.424052702,0.001436908,0.003042864,0.573331771,0.157428912,-0.462777893,450.000000000,23.020809656,-0.052397313,0.001287252,9.496466149,-114.758422064,114.989811010,-110.241577936,110.010188990,-11.510404828,-11.510404828
1786168454.040620565,76.400606026,0.000000000,NONE,0,0.050015657,-1.097833667,82.519129637,0.028864566,-1.131426098,79.690364088,-0.075880502,0.033592431,2.828765550,0.104745068,-0.121458318,2.997443226,0.158958869,-0.125159877,2.424059748,0.001495103,0.003701559,0.573383478,0.157463765,-0.403387829,450.000000000,23.023160426,-0.052331511,0.001341297,9.495896361,-114.773127133,114.974821047,-110.226872867,110.025178953,-11.511580213,-11.511580213
1786168454.090676069,76.450661524,0.000000000,TARGET_UPDATED,0,0.050053581,-1.097833667,83.519129637,0.028864566,-1.131307493,79.811726933,-0.075879731,0.033473826,3.707402705,0.104744296,-0.129794469,2.997095565,0.158924965,-0.124062144,2.424062885,0.001458530,-0.005732325,0.573032680,0.157466435,-1.271125519,450.000000000,23.022703796,-0.052263099,0.000000000,9.509068254,-114.559485684,115.195048443,-110.440514316,109.804951557,-11.511351898,-11.511351898
1786168454.140643835,76.500629557,0.000000000,NONE,0,0.049964601,-1.097833667,83.519129637,0.028864566,-1.131223895,79.908817493,-0.075879975,0.033390228,3.610312144,0.104744541,-0.128955472,2.997137116,0.158824695,-0.125210351,2.424062345,0.001362067,-0.003745121,0.573074772,0.157462628,-0.913382719,450.000000000,23.022307794,-0.052200959,0.001685687,9.492456636,-114.644768479,115.101459839,-110.355231521,109.898540161,-11.511153897,-11.511153897
1786168454.190605640,76.550591130,0.000000000,NONE,0,0.049957140,-1.097833667,83.519129637,0.028864566,-1.131191982,80.030183935,-0.075881296,0.033358315,3.488945703,0.104745862,-0.127760953,2.997200735,0.158591332,-0.126151412,2.424059523,0.001155992,-0.001609541,0.573141211,0.157435341,-0.767683491,450.000000000,23.019927617,-0.052111839,0.001765476,9.489735855,-114.680513091,115.064354837,-110.319486909,109.935645163,-11.509963809,-11.509963809
1786168454.240721226,76.600706659,0.000000000,NONE,0,0.050069902,-1.097833667,83.519129637,0.028864566,-1.131191127,80.151551138,-0.075883545,0.033357460,3.367578500,0.104748111,-0.126481439,2.997272776,0.158258421,-0.126335928,2.424051591,0.000870933,-0.000145511,0.573221185,0.157387488,-0.677835352,450.000000000,23.016168445,-0.052026953,0.001639670,9.489412998,-114.702894412,115.041812087,-110.297105588,109.958187913,-11.508084223,-11.508084223
1786168454.290579319,76.650564782,0.000000000,NONE,0,0.049910758,-1.097833667,83.519129637,0.028864566,-1.131198302,80.297190831,-0.075887241,0.033364635,3.221938807,0.104751807,-0.124858921,2.997367154,0.157764097,-0.126107597,2.424037132,0.000454929,0.001248676,0.573330022,0.157309168,-0.576005142,450.000000000,23.010072577,-0.051935120,0.001450933,9.489137913,-114.728283193,115.016285764,-110.271716807,109.983714236,-11.505036288,-11.505036288
1786168454.340693474,76.700679199,0.000000000,NONE,0,0.050116676,-1.097833667,83.519129637,0.028864566,-1.131194495,80.394282601,-0.075890329,0.033360827,3.124847037,0.104754895,-0.123729659,2.997433350,0.157400312,-0.125665242,2.424025477,0.000143786,0.001935582,0.573407872,0.157256526,-0.535578053,450.000000000,23.006906451,-0.051880406,0.001317380,9.491296479,-114.738929606,115.006718633,-110.261070394,109.993281367,-11.503453225,-11.503453225
1786168454.390601873,76.750587492,0.000000000,NONE,0,0.049912381,-1.097833667,83.519129637,0.028864566,-1.131169089,80.515645175,-0.075894659,0.033335422,3.003484463,0.104759225,-0.122263683,2.997518196,0.156935889,-0.125015128,2.424009589,-0.000240593,0.002751445,0.573508606,0.157176482,-0.466714775,450.000000000,23.000750055,-0.051818488,0.001196329,9.492726376,-114.756502900,114.989860288,-110.243497100,110.010139712,-11.500375028,-11.500375028
1786168454.440749407,76.800734928,0.000000000,NONE,0,0.050048688,-1.097833667,83.519129637,0.028864566,-1.131113517,80.637005008,-0.075899030,0.033279850,2.882124629,0.104763596,-0.120727316,2.997604169,0.156489084,-0.124189684,2.423993473,-0.000606098,0.003462369,0.573610696,0.157095181,-0.408304830,450.000000000,22.995038269,-0.051760914,0.001128245,9.493982357,-114.771419382,114.975571797,-110.228580618,110.024428203,-11.497519134,-11.497519134
1786168454.490590572,76.850576180,0.000000000,NONE,0,0.049944204,-1.097833667,83.519129637,0.028864566,-1.131018463,80.758361663,-0.075903302,0.033184796,2.760767974,0.104767868,-0.119114133,2.997689854,0.156089887,-0.123202940,2.423978126,-0.000929941,0.004088807,0.573711728,0.157019827,-0.353821122,450.000000000,22.989879155,-0.051705486,0.001101731,9.494978065,-114.785289236,114.962199797,-110.214710764,110.037800203,-11.494939578,-11.494939578
1786168454.540736675,76.900722236,0.000000000,TARGET_UPDATED,0,0.050104008,-1.097833667,84.519129637,0.028864566,-1.130908758,80.855444457,-0.075906519,0.033075091,3.663685180,0.104771085,-0.127922583,2.997341241,0.155818807,-0.122300631,2.423966613,-0.001145091,-0.005621951,0.573374629,0.156963898,-1.246767226,450.000000000,22.986356569,-0.051661711,0.001099464,9.496675624,-114.562477100,115.185860712,-110.437522900,109.814139288,-11.493178285,-11.493178285
1786168454.590660095,76.950645819,0.000000000,NONE,0,0.049954478,-1.097833667,84.519129637,0.028864566,-1.130781608,80.976797595,-0.075909954,0.032947940,3.542332042,0.104774519,-0.126898399,2.997397709,0.155575054,-0.123493199,2.423954804,-0.001332816,-0.003405200,0.573442904,0.156907870,-0.863209679,450.000000000,22.982429355,-0.051605621,0.001148300,9.496855944,-114.658411566,115.090016406,-110.341588434,109.909983594,-11.491214678,-11.491214678
1786168454.640630245,77.000615900,0.000000000,NONE,0,0.049954883,-1.097833667,84.519129637,0.028864566,-1.130734396,81.098154051,-0.075912401,0.032900729,3.420975587,0.104776967,-0.125743051,2.997454243,0.155427548,-0.124449145,2.423947008,-0.001437912,-0.001293906,0.573507235,0.156865460,-0.724751444,450.000000000,22.979733201,-0.051546307,0.001216072,9.496583141,-114.692957924,115.055333646,-110.307042076,109.944666354,-11.489866600,-11.489866600
1786168454.690598726,77.050584283,0.000000000,NONE,0,0.049990872,-1.097833667,84.519129637,0.028864566,-1.130717618,81.219511399,-0.075913793,0.032883951,3.299618239,0.104778359,-0.124483548,2.997508893,0.155389564,-0.124704517,2.423942397,-0.001453166,0.000220969,0.573566497,0.156842730,-0.630779912,450.000000000,22.978536384,-0.051483662,0.001279856,9.496081056,-114.716325286,115.031715242,-110.283674714,109.968284758,-11.489268192,-11.489268192
1786168454.740591764,77.100577450,0.000000000,NONE,0,0.049997460,-1.097833667,84.519129637,0.028864566,-1.130709306,81.340868659,-0.075914134,0.032875639,3.178260979,0.104778700,-0.123129949,2.997560863,0.155466017,-0.124587326,2.423941428,-0.001375096,0.001457377,0.573619435,0.156841113,-0.546143624,450.000000000,22.978845562,-0.051418194,0.001330424,9.495479566,-114.737333985,115.010405798,-110.262666015,109.989594202,-11.489422781,-11.489422781
1786168454.790671587,77.150657143,0.000000000,NONE,0,0.050067206,-1.097833667,84.519129637,0.028864566,-1.130694042,81.462225206,-0.075913434,0.032860375,3.056904431,0.104778000,-0.121688820,2.997609952,0.155653049,-0.124176151,2.423944182,-0.001206280,0.002487332,0.573665770,0.156859329,-0.471611239,450.000000000,22.980516864,-0.051350711,0.001363547,9.494891647,-114.755820102,114.991625721,-110.244179898,110.008374279,-11.490258432,-11.490258432
1786168454.840598106,77.200583630,0.000000000,NONE,0,0.049916144,-1.097833667,84.519129637,0.028864566,-1.130659118,81.583580560,-0.075911725,0.032825451,2.935549078,0.104776291,-0.120165122,2.997656427,0.155938931,-0.123526584,2.423950462,-0.000956406,0.003361462,0.573705965,0.156895337,-0.404559372,450.000000000,22.983394960,-0.051282084,0.001379336,9.494363228,-114.772450964,114.974730650,-110.227549036,110.025269350,-11.491697480,-11.491697480
1786168454.890607595,77.250593215,0.000000000,NONE,0,0.050017509,-1.097833667,84.519129637,0.028864566,-1.130593929,81.704934338,-0.075909091,0.032760262,2.814195299,0.104773657,-0.118562035,2.997700985,0.156305048,-0.122677742,2.423959835,-0.000641376,0.004115707,0.573741150,0.156946424,-0.343377703,450.000000000,22.987271097,-0.051213136,0.001379279,9.493971070,-114.787648342,114.959337193,-110.212351658,110.040662807,-11.493635548,-11.493635548
1786168454.940645218,77.300630838,0.000000000,TARGET_UPDATED,0,0.050057721,-1.097833667,85.519129637,0.028864566,-1.130513962,81.802016016,-0.075906421,0.032680295,3.717113622,0.104770987,-0.126921281,2.997340557,0.156648441,-0.121867157,2.423969149,-0.000355137,-0.005054124,0.573371408,0.157003578,-1.189850532,450.000000000,22.991392219,-0.051158203,0.001370085,9.494790054,-114.576234881,115.171160146,-110.423765119,109.828839854,-11.495696110,-11.495696110
1786168454.990785122,77.350770626,0.000000000,NONE,0,0.050117620,-1.097833667,85.519129637,0.028864566,-1.130424801,81.923368834,-0.075902665,0.032591134,3.595760803,0.104767231,-0.125887209,2.997360127,0.157102101,-0.122980886,2.423981958,0.000024331,-0.002906324,0.573378169,0.157077770,-0.822544097,450.000000000,22.996924220,-0.051089714,0.001373861,9.494394168,-114.667962518,115.079234566,-110.332037482,109.920765434,-11.498462110,-11.498462110
1786168455.040627480,77.400613114,0.000000000,NONE,0,0.049827592,-1.097833667,85.519129637,0.028864566,-1.130416256,82.044726075,-0.075898752,0.032582588,3.474403563,0.104763317,-0.124738945,2.997384291,0.157550475,-0.123958190,2.423996879,0.000397798,-0.000780755,0.573387412,0.157152676,-0.681497551,450.000000000,23.002190670,-0.051020898,0.001376173,9.493950291,-114.703113185,115.043861961,-110.296886815,109.956138039,-11.501095335,-11.501095335
1786168455.090593338,77.450578781,0.000000000,NONE,0,0.049996351,-1.097833667,85.519129637,0.028864566,-1.130437442,82.166085152,-0.075894724,0.032603775,3.353044486,0.104759290,-0.123505403,2.997413116,0.157967308,-0.124163672,2.424011546,0.000743738,0.000658270,0.573401571,0.157223570,-0.594407520,450.000000000,23.007067907,-0.050952385,0.001364872,9.493677097,-114.724817394,115.022021154,-110.275182606,109.977978846,-11.503533954,-11.503533954
1786168455.140679359,77.500664880,0.000000000,NONE,0,0.050056953,-1.097833667,85.519129637,0.028864566,-1.130465640,82.287444875,-0.075890830,0.032631973,3.231684763,0.104755396,-0.122196312,2.997447407,0.158328489,-0.124012417,2.424025189,0.001038831,0.001816106,0.573422218,0.157289658,-0.515200266,450.000000000,23.011596310,-0.050884764,0.001343908,9.493571340,-114.744592768,115.002192901,-110.255407232,109.997807099,-11.505798155,-11.505798155
1786168455.190632343,77.550617986,0.000000000,NONE,0,0.049977493,-1.097833667,85.519129637,0.028864566,-1.130485707,82.408804405,-0.075887381,0.032652040,3.110325233,0.104751946,-0.120815431,2.997488106,0.158612328,-0.123576422,2.424037004,0.001265309,0.002760992,0.573451102,0.157347019,-0.446654126,450.000000000,23.015439057,-0.050818372,0.001318255,9.493596020,-114.761735473,114.985062536,-110.238264527,110.014937464,-11.507719529,-11.507719529
1786168455.240617990,77.600603096,0.000000000,NONE,0,0.049963689,-1.097833667,85.519129637,0.028864566,-1.130484571,82.530162972,-0.075884641,0.032650904,2.988966665,0.104749207,-0.119364568,2.997535973,0.158802016,-0.122900145,2.424046269,0.001410372,0.003535577,0.573489704,0.157391644,-0.386870549,450.000000000,23.018308211,-0.050753315,0.001291930,9.493726349,-114.776713950,114.970149225,-110.223286050,110.029850775,-11.509154105,-11.509154105
1786168455.290637493,77.650623208,0.000000000,NONE,0,0.050023692,-1.097833667,85.519129637,0.028864566,-1.130450743,82.651519859,-0.075882768,0.032617076,2.867609779,0.104747334,-0.117843957,2.997591513,0.158886528,-0.122011529,2.424052428,0.001467146,0.004167572,0.573539086,0.157419382,-0.334508614,450.000000000,23.019911267,-0.050689508,0.001268393,9.493928559,-114.789854986,114.957109293,-110.210145014,110.042890707,-11.509955634,-11.509955634
1786168455.340627193,77.700612814,0.000000000,NONE,0,0.050001421,-1.097833667,85.519129637,0.028864566,-1.130393709,82.748603725,-0.075881982,0.032560041,2.770525912,0.104746548,-0.116576099,2.997641628,0.158875168,-0.121165670,2.424054874,0.001446533,0.004589570,0.573586754,0.157428635,-0.299089915,450.000000000,23.020189467,-0.050639209,0.001253595,9.495116669,-114.799006689,114.948551646,-110.200993311,110.051448354,-11.510094734,-11.510094734
1786168455.390679121,77.750664612,0.000000000,TARGET_UPDATED,0,0.050060322,-1.097833667,86.519129637,0.028864566,-1.130279310,82.869956076,-0.075881982,0.032445643,3.649173562,0.104746548,-0.124981160,2.997308733,0.158766209,-0.120021347,2.424054686,0.001339048,-0.004959814,0.573254047,0.157427161,-1.168228473,450.000000000,23.019871812,-0.050576545,0.001260919,9.495094100,-114.581716407,115.165830643,-110.418283593,109.834169357,-11.509935906,-11.509935906
1786168455.440612316,77.800597828,0.000000000,NONE,0,0.049917170,-1.097833667,86.519129637,0.028864566,-1.130167232,82.991308018,-0.075883049,0.032333565,3.527821619,0.104747614,-0.123988710,2.997361052,0.158558084,-0.121094842,2.424050496,0.001154276,-0.002893868,0.573310555,0.157403808,-0.800411712,450.000000000,23.017798705,-0.050513091,0.001276130,9.494908578,-114.673624217,115.073830072,-110.326375783,109.926169928,-11.508899352,-11.508899352
1786168455.490630865,77.850616511,0.000000000,NONE,0,0.050017867,-1.097833667,86.519129637,0.028864566,-1.130127778,83.112662976,-0.075885035,0.032294111,3.406466661,0.104749601,-0.122879417,2.997422994,0.158253353,-0.121895088,2.424044034,0.000891199,-0.000984330,0.573378959,0.157362154,-0.676010619,450.000000000,23.014518013,-0.050449041,0.001285912,9.494733462,-114.704680711,115.042686020,-110.295319289,109.957313980,-11.507259007,-11.507259007
1786168455.540587425,77.900573038,0.000000000,NONE,0,0.049981165,-1.097833667,86.519129637,0.028864566,-1.130113153,83.234018367,-0.075887781,0.032279486,3.285111271,0.104752347,-0.121678633,2.997492082,0.157876211,-0.122040723,2.424034411,0.000569109,0.000362091,0.573457671,0.157307102,-0.592445998,450.000000000,23.010395716,-0.050384656,0.001290038,9.494577990,-114.725532998,115.021755997,-110.274467002,109.978244003,-11.505197858,-11.505197858
1786168455.590639114,77.950624602,0.000000000,NONE,0,0.050039311,-1.097833667,86.519129637,0.028864566,-1.130101940,83.355372978,-0.075891151,0.032268273,3.163756659,0.104755717,-0.120393757,2.997566440,0.157453939,-0.121823618,2.424022495,0.000210478,0.001429861,0.573543944,0.157243461,-0.519106330,450.000000000,23.005770486,-0.050320206,0.001288842,9.494469881,-114.743840888,115.003394053,-110.256159112,109.996605947,-11.502885243,-11.502885243
1786168455.640644073,78.000629590,0.000000000,NONE,0,0.049972612,-1.097833667,86.519129637,0.028864566,-1.130078641,83.476725944,-0.075894994,0.032244973,3.042403694,0.104759559,-0.119028376,2.997644266,0.157015523,-0.121318261,2.424009146,-0.000159932,0.002289884,0.573635119,0.157175455,-0.455981817,450.000000000,23.000920935,-0.050255912,0.001283905,9.494398570,-114.759604188,114.987595097,-110.240395812,110.012404903,-11.500460468,-11.500460468
1786168455.690651894,78.050637637,0.000000000,NONE,0,0.050055795,-1.097833667,86.519129637,0.028864566,-1.130030970,83.598076608,-0.075899044,0.032197302,2.921053029,0.104763609,-0.117583878,2.997723837,0.156590252,-0.120588515,2.423995280,-0.000515341,0.003004636,0.573728558,0.157105594,-0.399647648,450.000000000,22.995995888,-0.050191916,0.001276800,9.494374755,-114.773681777,114.973505601,-110.226318223,110.026494399,-11.497997944,-11.497997944
1786168455.740620852,78.100606331,0.000000000,NONE,0,0.049946553,-1.097833667,86.519129637,0.028864566,-1.129968573,83.695155152,-0.075902217,0.032134906,2.823974486,0.104766782,-0.116371071,2.997787696,0.156278217,-0.119862305,2.423984450,-0.000774045,0.003491234,0.573803245,0.157052261,-0.361365645,450.000000000,22.992590502,-0.050140982,0.001270748,9.495369285,-114.783500910,114.964183732,-110.216499090,110.035816268,-11.496295251,-11.496295251
1786168455.790655851,78.150641272,0.000000000,TARGET_UPDATED,0,0.050053606,-1.097833667,87.519129637,0.028864566,-1.129853972,83.816500572,-0.075905741,0.032020305,3.702629065,0.104770307,-0.124370611,2.997484495,0.155937459,-0.118856293,2.423972001,-0.001040809,-0.005514318,0.573512495,0.156978268,-1.183367164,450.000000000,22.987000470,-0.050077129,0.001285715,9.495124457,-114.577939323,115.169622905,-110.422060677,109.830377095,-11.493500235,-11.493500235
1786168455.840640783,78.200626471,0.000000000,NONE,0,0.049941244,-1.097833667,87.519129637,0.028864566,-1.129746053,83.937845359,-0.075908473,0.031912385,3.581284279,0.104773038,-0.123388825,2.997538179,0.155689402,-0.119953154,2.423961106,-0.001237709,-0.003435670,0.573577073,0.156927111,-0.825590240,450.000000000,22.983873446,-0.050012280,0.000000000,9.507789057,-114.670549704,115.083344824,-110.329450296,109.916655176,-11.491936723,-11.491936723
1786168455.890616894,78.250602309,0.000000000,NONE,0,0.049999802,-1.097833667,87.519129637,0.028864566,-1.129714361,84.059193145,-0.075910465,0.031880694,3.459936492,0.104775031,-0.122265726,2.997592648,0.155529655,-0.120836894,2.423954308,-0.001362711,-0.001428832,0.573638341,0.156892366,-0.693539233,450.000000000,22.981770716,-0.049940011,0.000000000,9.507001480,-114.703365562,115.050135178,-110.296634438,109.949864822,-11.490885358,-11.490885358
1786168455.940651178,78.300636863,0.000000000,NONE,0,0.050042681,-1.097833667,87.519129637,0.028864566,-1.129710434,84.180541595,-0.075911680,0.031876767,3.338588042,0.104776245,-0.120991431,2.997647491,0.155470993,-0.120969609,2.423951193,-0.001404431,-0.000021822,0.573696299,0.156875424,-0.606352487,450.000000000,22.980941126,-0.049848369,0.000802658,9.496632683,-114.722570049,115.025746293,-110.277429951,109.974253707,-11.490470563,-11.490470563
1786168455.990639448,78.350624903,0.000000000,NONE,0,0.050001603,-1.097833667,87.519129637,0.028864566,-1.129712404,84.301889595,-0.075912087,0.031878737,3.217240042,0.104776652,-0.119593152,2.997701130,0.155519265,-0.120709948,2.423949976,-0.001357442,0.001116796,0.573751154,0.156876707,-0.527304131,450.000000000,22.981395124,-0.049743650,0.002122767,9.480028570,-114.738181110,115.001833175,-110.261818890,109.998166825,-11.490697562,-11.490697562
1786168456.040601015,78.400586642,0.000000000,NONE,0,0.049947469,-1.097833667,87.519129637,0.028864566,-1.129705484,84.423236639,-0.075911634,0.031871817,3.095892999,0.104776199,-0.118133954,2.997751066,0.155671239,-0.120185548,2.423952689,-0.001223119,0.002051594,0.573798377,0.156894358,-0.458672873,450.000000000,22.982958484,-0.049645634,0.001787538,9.480498936,-114.755456516,114.984792952,-110.244543484,110.015207048,-11.491479242,-11.491479242
1786168456.090607643,78.450593180,0.000000000,NONE,0,0.050002004,-1.097833667,87.519129637,0.028864566,-1.129676788,84.544582238,-0.075910265,0.031843121,2.974547399,0.104774831,-0.116660623,2.997795847,0.155917702,-0.119474326,2.423956678,-0.001008642,0.002813703,0.573839169,0.156926344,-0.399847666,450.000000000,22.985483788,-0.049569151,0.001360553,9.483607246,-114.770939895,114.970863728,-110.229060105,110.029136272,-11.492741894,-11.492741894
1786168456.140620708,78.500606414,0.000000000,NONE,0,0.050005771,-1.097833667,87.519129637,0.028864566,-1.129631520,84.641657507,-0.075908518,0.031797853,2.877472131,0.104773084,-0.115467066,2.997828672,0.156172210,-0.118801572,2.423961692,-0.000788059,0.003334506,0.573866980,0.156960269,-0.360126004,450.000000000,22.987897279,-0.049521765,0.001086901,9.487505612,-114.781844902,114.961907904,-110.218155098,110.038092096,-11.493948640,-11.493948640
1786168456.190621376,78.550607092,0.000000000,NONE,0,0.050004228,-1.097833667,87.519129637,0.028864566,-1.129541357,84.762999995,-0.075905704,0.031707690,2.756129642,0.104770270,-0.113941365,2.997867404,0.156544603,-0.117908300,2.423970316,-0.000471902,0.003966934,0.573897089,0.157016505,-0.303151591,450.000000000,22.992279959,-0.049475267,0.000845308,9.491149666,-114.796999519,114.948575314,-110.203000481,110.051424686,-11.496139979,-11.496139979
1786168456.240692139,78.600677822,0.000000000,TARGET_UPDATED,0,0.050082776,-1.097833667,88.519129637,0.028864566,-1.129408643,84.884340629,-0.075902453,0.031574976,3.634789008,0.104767018,-0.122240631,2.997518865,0.156952768,-0.116907146,2.423981155,-0.000125722,-0.005333485,0.573537709,0.157078490,-1.153165659,450.000000000,22.996731928,-0.049437295,0.000719505,9.494321835,-114.585289044,115.161871873,-110.414710956,109.838128127,-11.498365964,-11.498365964
1786168456.290620565,78.650606316,0.000000000,NONE,0,0.049917188,-1.097833667,88.519129637,0.028864566,-1.129286610,85.005682143,-0.075898896,0.031452943,3.513447495,0.104763462,-0.121309122,2.997534057,0.157379433,-0.118222000,2.423992948,0.000231846,-0.003087122,0.573541109,0.157147587,-0.776935582,450.000000000,23.001715356,-0.049402459,0.000694725,9.496714834,-114.679944813,115.068412604,-110.320055187,109.931587396,-11.500857678,-11.500857678
1786168456.340633631,78.700619272,0.000000000,NONE,0,0.050000009,-1.097833667,88.519129637,0.028864566,-1.129241385,85.127027904,-0.075895241,0.031407718,3.392101734,0.104759807,-0.120256657,2.997555164,0.157779162,-0.119162086,2.424006277,0.000566426,-0.001094571,0.573548887,0.157212736,-0.650432369,450.000000000,23.006194461,-0.049366402,0.000748220,9.498231998,-114.711949907,115.037166092,-110.288050093,109.962833908,-11.503097230,-11.503097230
1786168456.390578985,78.750564465,0.000000000,NONE,0,0.049957196,-1.097833667,88.519129637,0.028864566,-1.129223549,85.248375441,-0.075891687,0.031389882,3.270754196,0.104756253,-0.119101400,2.997582486,0.158130673,-0.119426038,2.424018910,0.000858226,0.000324638,0.573563576,0.157272447,-0.563523045,450.000000000,23.010266528,-0.049325938,0.000854807,9.498857350,-114.733833576,115.015595099,-110.266166424,109.984404901,-11.505133264,-11.505133264
1786168456.440641880,78.800627427,0.000000000,NONE,0,0.050074115,-1.097833667,88.519129637,0.028864566,-1.129213072,85.369723680,-0.075888505,0.031379405,3.149405957,0.104753071,-0.117845211,2.997616906,0.158414344,-0.119342831,2.424030156,0.001090449,0.001497620,0.573586750,0.157323895,-0.483891060,450.000000000,23.013700083,-0.049279285,0.000986035,9.498748112,-114.753714263,114.995659793,-110.246285737,110.004340207,-11.506850041,-11.506850041
1786168456.490693569,78.850679248,0.000000000,NONE,0,0.049990250,-1.097833667,88.519129637,0.028864566,-1.129195922,85.491071797,-0.075885965,0.031362255,3.028057840,0.104750530,-0.116489746,2.997659126,0.158614059,-0.118978102,2.424039254,0.001249779,0.002488357,0.573619872,0.157364281,-0.412838516,450.000000000,23.016307518,-0.049225982,0.001117384,9.498092021,-114.771313376,114.977732634,-110.228686624,110.022267366,-11.508153759,-11.508153759
1786168456.540582180,78.900567697,0.000000000,NONE,0,0.049962318,-1.097833667,88.519129637,0.028864566,-1.129160002,85.612419030,-0.075884266,0.031326335,2.906710607,0.104748832,-0.115038409,2.997709490,0.158718917,-0.118371670,2.424045580,0.001328526,0.003333262,0.573663910,0.157390391,-0.348938864,450.000000000,23.017849935,-0.049166578,0.001231177,9.497114680,-114.787043954,114.961513386,-110.212956046,110.038486614,-11.508924968,-11.508924968
1786168456.590580225,78.950565765,0.000000000,NONE,0,0.050002696,-1.097833667,88.519129637,0.028864566,-1.129094682,85.733764642,-0.075883510,0.031261015,2.785364995,0.104748075,-0.113497070,2.997767935,0.158723598,-0.117553913,2.424048294,0.001323879,0.004056843,0.573719641,0.157399720,-0.291058702,450.000000000,23.018166940,-0.049102809,0.001305665,9.496178864,-114.801280040,114.946809391,-110.198719960,110.053190609,-11.509083470,-11.509083470
1786168456.640669584,79.000655245,0.000000000,TARGET_UPDATED,0,0.050069406,-1.097833667,89.519129637,0.028864566,-1.128991202,85.855108068,-0.075883719,0.031157535,3.664021570,0.104748285,-0.121435707,2.997461426,0.158637412,-0.116564100,2.424048304,0.001238030,-0.004871607,0.573413122,0.157399382,-1.108650623,450.000000000,23.017949979,-0.049035769,0.001359984,9.495182873,-114.596633062,115.150958374,-110.403366938,109.849041626,-11.508974990,-11.508974990
1786168456.690609217,79.050594768,0.000000000,NONE,0,0.049939819,-1.097833667,89.519129637,0.028864566,-1.128908341,85.976451969,-0.075884837,0.031074674,3.542677669,0.104749403,-0.120420951,2.997511955,0.158457748,-0.117960034,2.424044362,0.001083272,-0.002460917,0.573467593,0.157374477,-0.725769432,450.000000000,23.015714650,-0.048966959,0.000830166,9.499867028,-114.693524399,115.056409115,-110.306475601,109.943590885,-11.507857325,-11.507857325
1786168456.740625620,79.100611223,0.000000000,NONE,0,0.050011254,-1.097833667,89.519129637,0.028864566,-1.128896740,86.097798704,-0.075886742,0.031063073,3.421330934,0.104751308,-0.119286535,2.997571664,0.158188880,-0.118658648,2.424038547,0.000855422,-0.000627887,0.573533118,0.157333457,-0.614450775,450.000000000,23.012521806,-0.048894234,0.001518258,9.492058608,-114.719401958,115.026627346,-110.280598042,109.973372654,-11.506260903,-11.506260903
1786168456.790600777,79.150586178,0.000000000,NONE,0,0.049980341,-1.097833667,89.519129637,0.028864566,-1.128908206,86.219145739,-0.075889314,0.031074539,3.299983899,0.104753880,-0.118062019,2.997637988,0.157854195,-0.118768483,2.424029872,0.000572473,0.000706464,0.573608116,0.157281721,-0.530462226,450.000000000,23.008685357,-0.048818704,0.001480218,9.491276576,-114.740203588,115.005434701,-110.259796412,109.994565299,-11.504342679,-11.504342679
1786168456.840737104,79.200722476,0.000000000,NONE,0,0.050017889,-1.097833667,89.519129637,0.028864566,-1.128924139,86.340491961,-0.075892426,0.031090472,3.178637677,0.104756991,-0.116773929,2.997708449,0.157478460,-0.118560351,2.424017822,0.000255717,0.001786422,0.573690627,0.157222743,-0.456296139,450.000000000,23.004412844,-0.048747563,0.001382359,9.491440367,-114.758786057,114.986934126,-110.241213943,110.013065874,-11.502206422,-11.502206422
1786168456.890625715,79.250611368,0.000000000,NONE,0,0.050005094,-1.097833667,89.519129637,0.028864566,-1.128929820,86.437567914,-0.075895207,0.031096153,3.081561723,0.104759772,-0.115701060,2.997766699,0.157165371,-0.118181358,2.424008637,-0.000008817,0.002480298,0.573758062,0.157174188,-0.410418704,450.000000000,23.001222181,-0.048694237,0.001304110,9.492826699,-114.770601999,114.975811351,-110.229398001,110.024188649,-11.500611091,-11.500611091
1786168456.940603733,79.300589299,0.000000000,NONE,0,0.049980703,-1.097833667,89.519129637,0.028864566,-1.128918806,86.558911079,-0.075898732,0.031085139,2.960218558,0.104763297,-0.114304460,2.997840696,0.156780691,-0.117569751,2.423996182,-0.000325871,0.003265292,0.573844514,0.157106561,-0.346083842,450.000000000,22.996106243,-0.048631235,0.001237224,9.493316670,-114.786808207,114.959850128,-110.213191793,110.040149872,-11.498053121,-11.498053121
1786168456.990598679,79.350584356,0.000000000,NONE,0,0.050000322,-1.097833667,89.519129637,0.028864566,-1.128879307,86.680251879,-0.075901961,0.031045640,2.838877759,0.104766527,-0.112839865,2.997914939,0.156426464,-0.116766218,2.423983999,-0.000616122,0.003926352,0.573930940,0.157042586,-0.292936855,450.000000000,22.991701480,-0.048570732,0.001193594,9.493769852,-114.800208249,114.946676677,-110.199791751,110.053323323,-11.495850740,-11.495850740
1786168457.040700197,79.400685750,0.000000000,TARGET_UPDATED,0,0.050093166,-1.097833667,90.519129637,0.028864566,-1.128801435,86.801589889,-0.075904854,0.030967768,3.717539748,0.104769419,-0.120492401,2.997632947,0.156127241,-0.115786482,2.423972951,-0.000862898,-0.004705918,0.573659996,0.156990139,-1.081716336,450.000000000,22.988262740,-0.048511955,0.001164655,9.494217294,-114.603125239,115.143983408,-110.396874761,109.856016592,-11.494131370,-11.494131370
1786168457.090622902,79.450608646,0.000000000,NONE,0,0.049927448,-1.097833667,90.519129637,0.028864566,-1.128730040,86.922927356,-0.075907344,0.030896373,3.596202281,0.104771909,-0.119555833,2.997682327,0.155902732,-0.116852744,2.423963337,-0.001046393,-0.002703089,0.573718990,0.156949125,-0.738450005,450.000000000,22.985617268,-0.048454182,0.001149607,9.494584291,-114.689033572,115.058258574,-110.310966428,109.941741426,-11.492808634,-11.492808634
1786168457.140601873,79.500587453,0.000000000,NONE,0,0.049981606,-1.097833667,90.519129637,0.028864566,-1.128727181,87.044267446,-0.075909277,0.030893514,3.474862191,0.104773843,-0.118512771,2.997731558,0.155755360,-0.117612961,2.423957125,-0.001164783,-0.000899810,0.573774433,0.156920143,-0.622465776,450.000000000,22.983830142,-0.048396749,0.001147331,9.494850365,-114.718096147,115.029329035,-110.281903853,109.970670965,-11.491915071,-11.491915071
1786168457.190587044,79.550572652,0.000000000,NONE,0,0.049996667,-1.097833667,90.519129637,0.028864566,-1.128746814,87.165608051,-0.075910485,0.030913147,3.353521586,0.104775051,-0.117385107,2.997779048,0.155697108,-0.117738803,2.423953478,-0.001208550,0.000353697,0.573825570,0.156905658,-0.545563585,450.000000000,22.983106347,-0.048339112,0.001154930,9.494996994,-114.737358352,115.010140145,-110.262641648,109.989859855,-11.491553173,-11.491553173
1786168457.240634203,79.600619754,0.000000000,NONE,0,0.049997642,-1.097833667,90.519129637,0.028864566,-1.128769141,87.286948351,-0.075910852,0.030935474,3.232181286,0.104775418,-0.116177648,2.997824263,0.155732756,-0.117533841,2.423952791,-0.001173630,0.001356194,0.573871472,0.156906385,-0.476947368,450.000000000,22.983461530,-0.048280893,0.001168889,9.495027728,-114.754520090,114.992993774,-110.245479910,110.007006226,-11.491730765,-11.491730765
1786168457.290613413,79.650599222,0.000000000,NONE,0,0.050018324,-1.097833667,90.519129637,0.028864566,-1.128780033,87.408287808,-0.075910318,0.030946366,3.110841829,0.104774884,-0.114892279,2.997867151,0.155859901,-0.117062267,2.423955119,-0.001062175,0.002169989,0.573912031,0.156922076,-0.417677689,450.000000000,22.984858977,-0.048221898,0.001185455,9.494966444,-114.769322189,114.978161033,-110.230677811,110.021838967,-11.492429489,-11.492429489
1786168457.341083050,79.701068624,0.000000000,NONE,0,0.050459555,-1.097833667,90.519129637,0.028864566,-1.128767923,87.529626007,-0.075908894,0.030934256,2.989503630,0.104773460,-0.113529990,2.997908015,0.156069861,-0.116376537,2.423960284,-0.000881948,0.002846548,0.573947730,0.156951809,-0.365029855,450.000000000,22.987215896,-0.048162106,0.001201441,9.494883635,-114.782463445,114.964978372,-110.217536555,110.035021628,-11.493607948,-11.493607948
1786168457.390637398,79.750622917,0.000000000,NONE,0,0.049567879,-1.097833667,90.519129637,0.028864566,-1.128723234,87.650962617,-0.075906664,0.030889567,2.868167021,0.104771229,-0.112090881,2.997947480,0.156348382,-0.115511967,2.423967920,-0.000645325,0.003421086,0.573979560,0.156993707,-0.316800525,450.000000000,22.990404751,-0.048101591,0.001215590,9.494669541,-114.794467254,114.952867517,-110.205532746,110.047132483,-11.495202376,-11.495202376
1786168457.440657854,79.800643406,0.000000000,NONE,0,0.049960482,-1.097833667,90.519129637,0.028864566,-1.128658842,87.748030585,-0.075904410,0.030825175,2.771099053,0.104768976,-0.110883653,2.997978640,0.156608114,-0.114707824,2.423975462,-0.000425424,0.003824171,0.574003178,0.157033538,-0.283201692,450.000000000,22.993144919,-0.048052784,0.001222550,9.495496854,-114.803073791,114.944674637,-110.196926209,110.055325363,-11.496572460,-11.496572460
1786168457.490688324,79.850673944,0.000000000,TARGET_UPDATED,0,0.050095205,-1.360474580,91.248030585,0.313215515,-1.128537825,87.869363724,-0.075901279,-0.231936755,3.378666861,0.389116794,-0.349220937,2.979675182,0.583315759,-0.113629989,2.423985922,-0.000133209,-0.235590948,0.555689260,0.583448968,-24.672532176,450.000000000,61.353528481,-0.047990790,0.001253732,9.495033784,-107.769920708,120.000000000,-115.293348278,103.063268986,-30.676764240,-30.676764240
1786168457.540606976,79.900592497,0.000000000,NONE,0,0.049902109,-1.360474580,91.248030585,0.313215515,-1.129907175,87.990588992,-0.072543741,-0.230567405,3.257441593,0.385759256,-0.355826094,2.978731783,0.579109414,-0.175980010,2.417354235,0.137268435,-0.179846084,0.561377548,0.441840979,-15.658197198,450.000000000,40.091153011,-0.047928219,0.001248961,9.494859267,-110.959165517,118.788264116,-114.040834483,106.211735884,-20.045576505,-20.045576505
1786168457.590591431,79.950577012,0.000000000,NONE,0,0.049997571,-1.360474580,91.248030585,0.313215515,-1.134669573,88.111923914,-0.063686131,-0.225805007,3.136106671,0.376901645,-0.360757525,2.978103614,0.566017919,-0.231122126,2.421388438,0.181396495,-0.129635399,0.556715176,0.384621425,-12.930195135,450.000000000,37.779053041,-0.047867462,0.001244628,9.494828508,-111.641158343,118.106255911,-113.358841657,106.893744089,-18.889526521,-18.889526521
1786168457.640700579,80.000686179,0.000000000,NONE,0,0.050014125,-1.360474580,91.248030585,0.313215515,-1.141511619,88.233537002,-0.056006326,-0.218962961,3.014493583,0.369221841,-0.364413080,2.977815402,0.553668914,-0.267436651,2.423419996,0.127082355,-0.096976429,0.554395406,0.426586559,-11.450808832,450.000000000,42.700124781,-0.047808444,0.001237063,9.494964920,-112.011039022,117.736443438,-112.988960978,107.263556562,-21.350062391,-21.350062391
1786168457.690669775,80.050655475,0.000000000,NONE,0,0.050047098,-1.360474580,91.248030585,0.313215515,-1.148073338,88.330916098,-0.052388424,-0.212401242,2.917114487,0.365603939,-0.366521013,2.977734166,0.547275641,-0.288409296,2.423933300,0.066825354,-0.078111716,0.553800866,0.480450287,-10.670437246,450.000000000,46.707780894,-0.047762105,0.001233353,9.496075590,-112.206409586,117.541628209,-112.793590414,107.458371791,-23.353890447,-23.353890447
1786168457.740648508,80.100633916,0.000000000,NONE,0,0.049960508,-1.360474580,91.248030585,0.313215515,-1.157304925,88.452700632,-0.051304446,-0.203169655,2.795329953,0.364519961,-0.368246203,2.977768952,0.544293218,-0.308253118,2.424157373,-0.009163187,-0.059993085,0.553611579,0.553456405,-9.659568642,450.000000000,52.203224865,-0.047704259,0.001253800,9.496010155,-112.459110378,117.288894699,-112.540889622,107.711105301,-26.101612432,-26.101612432
1786168457.790580750,80.150566427,0.000000000,NONE,0,0.049973890,-1.360474580,91.248030585,0.313215515,-1.167380563,88.574527225,-0.053210206,-0.193094017,2.673503359,0.366425721,-0.369068692,2.977926262,0.545752736,-0.321398357,2.424225882,-0.056383885,-0.047670335,0.553700380,0.602136621,-9.066399583,450.000000000,55.123676483,-0.047645211,0.001282581,9.495760542,-112.607340240,117.140540031,-112.392659760,107.859459969,-27.561838241,-27.561838241
1786168457.840644836,80.200630523,0.000000000,TARGET_UPDATED,0,0.050062466,-1.360474580,92.248030585,0.313215515,-1.178002420,88.696379064,-0.056229764,-0.182472160,3.551651521,0.369445279,-0.309270959,2.984722749,0.550348680,-0.329901758,2.424239065,-0.065227117,0.020630799,0.560483684,0.615575797,-1.915044830,450.000000000,55.358753916,-0.047584809,0.001305444,9.495464114,-114.395104821,115.352627236,-110.604895179,109.647372764,-27.679376958,-27.679376958
1786168457.890606403,80.250591903,0.000000000,NONE,0,0.049945611,-1.360474580,92.248030585,0.313215515,-1.188547073,88.818226791,-0.058761947,-0.171927507,3.429803794,0.371977462,-0.307348241,2.985111175,0.553149714,-0.318313542,2.424234275,-0.047392530,0.010965301,0.560876899,0.600542245,-3.995982109,450.000000000,53.736958650,-0.047522679,0.001328012,9.495015156,-113.874758262,115.872749316,-111.125241738,109.127250684,-26.868479325,-26.868479325
1786168457.940642357,80.300627961,0.000000000,NONE,0,0.050041834,-1.360474580,92.248030585,0.313215515,-1.198364121,88.940039732,-0.060008388,-0.162110459,3.307990853,0.373223903,-0.305210000,2.985494260,0.554154371,-0.307233613,2.424218366,-0.020139465,0.002023613,0.561275894,0.574293836,-4.455113710,450.000000000,51.676039169,-0.047452367,0.001335990,9.494059603,-113.759736473,115.987293328,-111.240263527,109.012706672,-25.838019585,-25.838019585
1786168457.990585089,80.350570797,0.000000000,NONE,0,0.049949930,-1.360474580,92.248030585,0.313215515,-1.207738340,89.061830884,-0.059945470,-0.152736240,3.186199701,0.373160984,-0.302760357,2.985873764,0.553357525,-0.299864883,2.424196534,0.002681546,-0.002895474,0.561677231,0.550675979,-4.599080857,450.000000000,50.074487938,-0.047387629,0.001317597,9.493798509,-113.723679413,116.023219842,-111.276320587,108.976780158,-25.037243969,-25.037243969
1786168458.040708542,80.400694179,0.000000000,NONE,0,0.050085617,-1.360474580,92.248030585,0.313215515,-1.216765791,89.183604402,-0.059070638,-0.143708790,3.064426183,0.372286153,-0.299969112,2.986254030,0.551496692,-0.293585211,2.424178220,0.013367872,-0.006383901,0.562075811,0.538128821,-4.699459282,450.000000000,49.418503224,-0.047323524,0.001285412,9.493732434,-113.698568288,116.048297929,-111.301431712,108.951702071,-24.709251612,-24.709251612
1786168458.090656042,80.450641499,0.000000000,NONE,0,0.049969958,-1.360474580,92.248030585,0.313215515,-1.225499561,89.305362211,-0.058016963,-0.134975020,2.942668374,0.371232478,-0.296861500,2.986635715,0.549509643,-0.287890998,2.424158426,0.012128149,-0.008970502,0.562477289,0.537381493,-4.748515371,450.000000000,49.601749017,-0.047260546,0.001250057,9.493770960,-113.686313897,116.060571583,-111.313686103,108.939428417,-24.800874509,-24.800874509
1786168458.140670538,80.500656155,0.000000000,NONE,0,0.049947537,-1.360474580,92.248030585,0.313215515,-1.233980098,89.427105772,-0.057247975,-0.126494482,2.820924813,0.370463490,-0.293459157,2.987019181,0.548083322,-0.282676108,2.424134190,0.003847663,-0.010783049,0.562884992,0.544235659,-4.746250619,450.000000000,50.233723399,-0.047198916,0.001215789,9.493898163,-113.686911886,116.060037196,-111.313088114,108.939962804,-25.116861700,-25.116861700
1786168458.190651894,80.550637413,0.000000000,NONE,0,0.050060410,-1.360474580,92.248030585,0.313215515,-1.242236814,89.548836275,-0.056956972,-0.118237766,2.699194310,0.370172487,-0.289769392,2.987405144,0.547500195,-0.277936702,2.424105125,-0.005982716,-0.011832690,0.563300019,0.553482912,-4.691545378,450.000000000,50.928525708,-0.047138685,0.001185577,9.494101367,-113.700638997,116.046411686,-111.299361003,108.953588314,-25.464262854,-25.464262854
1786168458.240767717,80.600753284,0.000000000,TARGET_UPDATED,0,0.050019526,-1.360474580,93.248030585,0.313215515,-1.248695495,89.646211960,-0.057033921,-0.111779085,3.601818625,0.370249436,-0.251015879,2.990716810,0.548675172,-0.274479893,2.424079427,-0.011752075,0.023464014,0.566637382,0.560427247,-0.846776603,450.000000000,51.368739741,-0.047091435,0.001166682,9.495221313,-114.662111177,115.085499479,-110.337888823,109.914500521,-25.684369870,-25.684369870
1786168458.290585041,80.650570729,0.000000000,NONE,0,0.049921688,-1.360474580,93.248030585,0.313215515,-1.256387602,89.767911529,-0.057370702,-0.104086978,3.480119056,0.370586217,-0.246571481,2.991086756,0.549185169,-0.261450398,2.424047662,-0.015381938,0.014878917,0.567039093,0.564567107,-2.133644004,450.000000000,51.602624564,-0.047032804,0.001173952,9.495154085,-114.340377520,115.407199522,-110.659622480,109.592800478,-25.801312282,-25.801312282
1786168458.340609074,80.700594497,0.000000000,NONE,0,0.049996398,-1.360474580,93.248030585,0.313215515,-1.263386453,89.889576030,-0.057775161,-0.097088127,3.358454555,0.370990676,-0.242128045,2.991423015,0.549944578,-0.249685393,2.424011382,-0.014447411,0.007557347,0.567411633,0.564391989,-2.443629877,450.000000000,51.503936616,-0.046973594,0.001191033,9.494943495,-114.262828405,115.484643343,-110.737171595,109.515356657,-25.751968308,-25.751968308
1786168458.390563726,80.750549447,0.000000000,NONE,0,0.049980402,-1.360474580,93.248030585,0.313215515,-1.269928896,90.011216705,-0.058062778,-0.090545684,3.236813880,0.371278293,-0.237619267,2.991737560,0.550636441,-0.241606873,2.423977848,-0.010720432,0.003987605,0.567759712,0.561356873,-2.479507805,450.000000000,51.234255006,-0.046914185,0.001202027,9.494770380,-114.253815644,115.493569546,-110.746184356,109.506430454,-25.617127503,-25.617127503
1786168458.440635204,80.800620734,0.000000000,NONE,0,0.050037804,-1.360474580,93.248030585,0.313215515,-1.274909524,90.108515706,-0.058161867,-0.085565057,3.139514879,0.371377382,-0.233959622,2.991977352,0.551050839,-0.236398366,2.423952923,-0.007422741,0.002438744,0.568024430,0.558473580,-2.449580911,450.000000000,51.035528317,-0.046866572,0.001211966,9.495552135,-114.261492806,115.486283261,-110.738507194,109.513716739,-25.517764158,-25.517764158
1786168458.490592957,80.850578744,0.000000000,NONE,0,0.049986897,-1.360474580,93.248030585,0.313215515,-1.280877546,90.230125328,-0.058137101,-0.079597034,3.017905257,0.371352616,-0.229327477,2.992264567,0.551400847,-0.230997754,2.423923003,-0.003879921,0.001670277,0.568341564,0.555280768,-2.377692788,450.000000000,50.805780787,-0.046806895,0.001235056,9.495226576,-114.279383447,115.468229841,-110.720616553,109.531770159,-25.402890394,-25.402890394
1786168458.540679932,80.900665450,0.000000000,NONE,0,0.050063007,-1.360474580,93.248030585,0.313215515,-1.286611414,90.351721810,-0.058010899,-0.073863167,2.896308775,0.371226414,-0.224638715,2.992539946,0.551645254,-0.226593198,2.423895322,-0.002079355,0.001954483,0.568644623,0.553724609,-2.238000810,450.000000000,50.729638614,-0.046746506,0.001256437,9.494862183,-114.314215343,115.433215748,-110.685784657,109.566784252,-25.364819307,-25.364819307
1786168458.590611219,80.950596862,0.000000000,NONE,0,0.049943184,-1.360474580,93.248030585,0.313215515,-1.292154812,90.473307362,-0.057872018,-0.068319768,2.774723223,0.371087533,-0.219899540,2.992805387,0.551904443,-0.222908378,2.423870084,-0.001874490,0.003008838,0.568935303,0.553778933,-2.058729586,450.000000000,50.765613003,-0.046685820,0.001267126,9.494563661,-114.358958519,115.388323312,-110.641041481,109.611676688,-25.382806501,-25.382806501
1786168458.640618563,81.000604116,0.000000000,NONE,0,0.050007537,-1.360474580,93.248030585,0.313215515,-1.297538565,90.594883620,-0.057779899,-0.062936015,2.653146965,0.370995414,-0.215110363,2.993062421,0.552258515,-0.219753902,2.423847887,-0.002537522,0.004643540,0.569214535,0.554796037,-1.849569183,450.000000000,50.856061652,-0.046625222,0.001268806,9.494362262,-114.411198270,115.335982861,-110.588801730,109.664017139,-25.428030826,-25.428030826
1786168458.690692186,81.050677668,0.000000000,TARGET_UPDATED,0,0.050070632,-1.360474580,94.248030585,0.313215515,-1.302783785,90.716451785,-0.057754692,-0.057690795,3.531578800,0.370970206,-0.190957028,2.994591068,0.552813043,-0.216964789,2.423829407,-0.003287982,0.026007761,0.570761661,0.556101025,0.294805461,450.000000000,50.953134666,-0.046564970,0.001264185,9.494251426,-114.947264222,114.799861491,-110.052735778,110.200138509,-25.476567333,-25.476567333
1786168458.740581989,81.100567561,0.000000000,NONE,0,0.049891720,-1.360474580,94.248030585,0.313215515,-1.307748214,90.838005499,-0.057783409,-0.052726366,3.410025086,0.370998924,-0.186297861,2.994799956,0.553314362,-0.208681402,2.423815760,-0.003561120,0.022383541,0.570984196,0.556875482,-0.337563345,450.000000000,50.996806513,-0.046505181,0.001259523,9.494155366,-114.789148005,114.957929678,-110.210851995,110.042070322,-25.498403257,-25.498403257
1786168458.790623188,81.150608749,0.000000000,NONE,0,0.050049366,-1.360474580,94.248030585,0.313215515,-1.311452848,90.935235105,-0.057826147,-0.049021732,3.312795480,0.371041662,-0.182675594,2.994948855,0.553780455,-0.203800720,2.423806012,-0.003341278,0.021125126,0.571142843,0.557121733,-0.301283644,450.000000000,51.003441440,-0.046457687,0.001253208,9.495069355,-114.798446428,114.949088250,-110.201553572,110.050911750,-25.501720720,-25.501720720
1786168458.840664387,81.200649934,0.000000000,NONE,0,0.049997061,-1.360474580,94.248030585,0.313215515,-1.315861380,91.056760815,-0.057880458,-0.044613200,3.191269770,0.371095973,-0.178238878,2.995118788,0.554388711,-0.199066512,2.423798885,-0.002603355,0.020827634,0.571319904,0.556992066,-0.223031599,450.000000000,50.986851170,-0.046398223,0.001264480,9.494839001,-114.817951850,114.929467650,-110.182048150,110.070532350,-25.493425585,-25.493425585
1786168458.890640020,81.250625803,0.000000000,NONE,0,0.050001467,-1.360474580,94.248030585,0.313215515,-1.320068043,91.178276294,-0.057916360,-0.040406537,3.069754291,0.371131875,-0.173888522,2.995273307,0.554989237,-0.195200498,2.423796551,-0.001521311,0.021311976,0.571476756,0.556510548,-0.104724298,450.000000000,50.946108243,-0.046337775,0.001278990,9.494492040,-114.847441935,114.899804084,-110.152558065,110.100195916,-25.473054121,-25.473054121
1786168458.940596581,81.300582172,0.000000000,NONE,0,0.049973968,-1.360474580,94.248030585,0.313215515,-1.324108074,91.299783415,-0.057925782,-0.036366506,2.948247170,0.371141297,-0.169611201,2.995414659,0.555563905,-0.191932859,2.423798738,-0.000401854,0.022321658,0.571615921,0.555965759,0.037021794,450.000000000,50.906701650,-0.046276630,0.001283613,9.494179452,-114.882800311,114.864289414,-110.117199689,110.135710586,-25.453350825,-25.453350825
1786168458.990628719,81.350614162,0.000000000,NONE,0,0.050016530,-1.360474580,94.248030585,0.313215515,-1.328005992,91.421283559,-0.057913959,-0.032468588,2.826747026,0.371129474,-0.165392821,2.995544952,0.556115185,-0.189085565,2.423805239,0.000540210,0.023692743,0.571739713,0.555574975,0.194502340,450.000000000,50.882435176,-0.046215210,0.001278666,9.493938315,-114.922110164,114.824858994,-110.077889836,110.175141006,-25.441217588,-25.441217588
1786168459.040587664,81.400573479,0.000000000,NONE,0,0.049989156,-1.360474580,94.248030585,0.313215515,-1.331777231,91.542777685,-0.057892453,-0.028697349,2.705252899,0.371107967,-0.161218579,2.995666257,0.556654985,-0.186492638,2.423815868,0.001231422,0.025274059,0.571850389,0.555423563,0.359271382,450.000000000,50.876620472,-0.046153896,0.001265952,9.493774787,-114.963261542,114.783625851,-110.036738458,110.216374149,-25.438310236,-25.438310236
1786168459.090674162,81.450659707,0.000000000,TARGET_UPDATED,0,0.050088567,-1.360474580,95.248030585,0.313215515,-1.334708858,91.639969084,-0.057875557,-0.025765722,3.608061501,0.371091072,-0.149700360,2.996206483,0.556938802,-0.184487387,2.423827209,0.001640781,0.034787028,0.572379274,0.555298021,1.260050520,450.000000000,50.868355095,-0.046105119,0.001251764,9.494633135,-115.188670914,114.558645654,-109.811329086,110.441354346,-25.434177548,-25.434177548
1786168459.140614033,81.500599683,0.000000000,NONE,0,0.049913082,-1.360474580,95.248030585,0.313215515,-1.338222949,91.761451639,-0.057860861,-0.022251632,3.486578946,0.371076376,-0.146118448,2.996280026,0.557472130,-0.180126087,2.423844958,0.001997321,0.034007639,0.572435068,0.555474809,1.059145348,450.000000000,50.886778563,-0.046044090,0.001255097,9.494313934,-115.138364821,114.608792146,-109.861635179,110.391207854,-25.443389282,-25.443389282
1786168459.190627575,81.550613172,0.000000000,NONE,0,0.050025313,-1.360474580,95.248030585,0.313215515,-1.341528252,91.882924974,-0.057855501,-0.018946328,3.365105611,0.371071016,-0.142670048,2.996342110,0.558023333,-0.176345173,2.423865014,0.002348168,0.033675125,0.572477096,0.555675165,1.096511447,450.000000000,50.901266610,-0.045982416,0.001257234,9.493959208,-115.147617664,114.599361940,-109.852382336,110.400638060,-25.450633305,-25.450633305
1786168459.240620375,81.600605889,0.000000000,NONE,0,0.049983162,-1.360474580,95.248030585,0.313215515,-1.344677195,92.004391682,-0.057856847,-0.015797385,3.243638903,0.371072362,-0.139331311,2.996396721,0.558575461,-0.173264270,2.423888096,0.002766062,0.033932958,0.572508625,0.555809400,1.169549715,450.000000000,50.909343593,-0.045920600,0.001248761,9.493689162,-115.165809719,114.581034862,-109.834190281,110.418965138,-25.454671796,-25.454671796
1786168459.290678501,81.650664216,0.000000000,NONE,0,0.050018584,-1.360474580,95.248030585,0.313215515,-1.347689449,92.125852815,-0.057860421,-0.012785131,3.122177770,0.371075935,-0.136090634,2.996446644,0.559111692,-0.170483105,2.423913382,0.003249310,0.034392472,0.572533262,0.555862382,1.244587680,450.000000000,50.911425988,-0.045859180,0.001231349,9.493537295,-115.184531244,114.562237404,-109.815468756,110.437762596,-25.455712994,-25.455712994
1786168459.340632439,81.700617782,0.000000000,NONE,0,0.049984719,-1.360474580,95.248030585,0.313215515,-1.350008589,92.223018143,-0.057862410,-0.010465991,3.025012442,0.371077925,-0.133561558,2.996484869,0.559519524,-0.168387516,2.423934771,0.003656167,0.034825958,0.572550098,0.555863358,1.303485694,450.000000000,50.910454557,-0.045810590,0.001213563,9.494407639,-115.199473333,114.547730486,-109.800526667,110.452269514,-25.455227278,-25.455227278
1786168459.390642881,81.750628448,0.000000000,NONE,0,0.050028864,-1.360474580,95.248030585,0.313215515,-1.352801639,92.344470746,-0.057862182,-0.007672941,2.903559838,0.371077696,-0.130467748,2.996532577,0.559993447,-0.165936357,2.423962446,0.004151022,0.035468609,0.572570130,0.555842425,1.386072710,450.000000000,50.908551346,-0.045750293,0.001209037,9.494206789,-115.220069875,114.527033520,-109.779930125,110.472966480,-25.454275673,-25.454275673
1786168459.440600872,81.800586481,0.000000000,NONE,0,0.049948047,-1.360474580,95.248030585,0.313215515,-1.355481828,92.465919117,-0.057858790,-0.004992753,2.782111468,0.371074305,-0.127434447,2.996582550,0.560419308,-0.163533280,2.423990678,0.004590255,0.036098834,0.572591871,0.555829053,1.461878542,450.000000000,50.907765947,-0.045689813,0.001208538,9.493937615,-115.238954039,114.508014768,-109.761045961,110.491985232,-25.453882974,-25.453882974
1786168459.490644217,81.850629905,0.000000000,NONE,0,0.050027447,-1.360474580,95.248030585,0.313215515,-1.358048089,92.587363228,-0.057853353,-0.002426491,2.660667357,0.371068868,-0.124451275,2.996636808,0.560791369,-0.161089039,2.424018728,0.004943567,0.036637765,0.572618079,0.555847802,1.529131815,450.000000000,50.909720939,-0.045629549,0.001200074,9.493766606,-115.255724605,114.491158698,-109.744275395,110.508841302,-25.454860470,-25.454860470
1786168459.540711880,81.900697655,0.000000000,TARGET_UPDATED,0,0.050112721,-1.360474580,96.248030585,0.313215515,-1.360497548,92.708802939,-0.057847530,0.000022968,3.539227646,0.371063045,-0.121514686,2.996696861,0.561105711,-0.158577828,2.424045968,0.005202330,0.037063142,0.572650893,0.555903381,1.587755625,450.000000000,50.914345725,-0.045569937,0.001185592,9.493709686,-115.270366328,114.476488515,-109.729633672,110.523511485,-25.457172863,-25.457172863
1786168459.590605021,81.950590569,0.000000000,NONE,0,0.049860499,-1.360474580,96.248030585,0.313215515,-1.362825444,92.830237993,-0.057842645,0.002350864,3.417792592,0.371058160,-0.119440940,2.996727345,0.561380830,-0.155960799,2.424071827,0.005372739,0.036519859,0.572655518,0.556008091,1.560521547,450.000000000,50.922666428,-0.045511246,0.001168536,9.493723396,-115.263561236,114.483300462,-109.736438764,110.516699538,-25.461333214,-25.461333214
1786168459.640665531,82.000651181,0.000000000,NONE,0,0.050035098,-1.360474580,96.248030585,0.313215515,-1.364599864,92.927382621,-0.057839819,0.004125284,3.320647964,0.371055334,-0.117861342,2.996756311,0.561555831,-0.153939398,2.424091137,0.005461334,0.036078056,0.572665175,0.556094497,1.554863694,450.000000000,50.928341672,-0.045465035,0.001154680,9.494714834,-115.262394632,114.484962785,-109.737605368,110.515037215,-25.464170836,-25.464170836
1786168459.690575361,82.050560823,0.000000000,NONE,0,0.049948559,-1.360474580,96.248030585,0.313215515,-1.366711228,93.048809212,-0.057837698,0.006236648,3.199221373,0.371053213,-0.115973329,2.996799644,0.561714498,-0.151428606,2.424113298,0.005506788,0.035455277,0.572686346,0.556207710,1.535804491,450.000000000,50.936806329,-0.045407727,0.001159070,9.494622359,-115.257606712,114.489704467,-109.742393288,110.510295533,-25.468403165,-25.468403165
1786168459.740586519,82.100572127,0.000000000,NONE,0,0.050009804,-1.360474580,96.248030585,0.313215515,-1.368703250,93.170230996,-0.057836893,0.008228670,3.077799589,0.371052408,-0.114165567,2.996852100,0.561803762,-0.148894162,2.424132847,0.005495572,0.034728594,0.572719253,0.556308190,1.510856240,450.000000000,50.943582477,-0.045350120,0.001168825,9.494452132,-115.251327093,114.495898973,-109.748672907,110.504101027,-25.471791239,-25.471791239
1786168459.790701866,82.150687270,0.000000000,NONE,0,0.050018939,-1.360474580,96.248030585,0.313215515,-1.370573876,93.291647743,-0.057836671,0.010099296,2.956382842,0.371052186,-0.112421862,2.996914624,0.561821539,-0.146303554,2.424149332,0.005427940,0.033881692,0.572765292,0.556393599,1.477336622,450.000000000,50.949259501,-0.045292423,0.001173144,9.494324121,-115.242915186,114.504246875,-109.757084814,110.495753125,-25.474629751,-25.474629751
1786168459.840699673,82.200685355,0.000000000,NONE,0,0.050085066,-1.360474580,96.248030585,0.313215515,-1.372319488,93.413059132,-0.057836596,0.011844908,2.834971453,0.371052111,-0.110724572,2.996987884,0.561767700,-0.143632779,2.424162415,0.005299614,0.032908207,0.572825469,0.556468086,1.435314382,450.000000000,50.954253242,-0.045234889,0.001172598,9.494258072,-115.232393113,114.514735922,-109.767606887,110.485264078,-25.477126621,-25.477126621
1786168459.890579939,82.250565558,0.000000000,NONE,0,0.049883147,-1.360474580,96.248030585,0.313215515,-1.373935632,93.534464796,-0.057836505,0.013461052,2.713565789,0.371052020,-0.109054552,2.997072303,0.561643856,-0.140868761,2.424171862,0.005109099,0.031814210,0.572900440,0.556534757,1.385482609,450.000000000,50.958769525,-0.045177681,0.001168899,9.494225636,-115.219927061,114.527185757,-109.780072939,110.472814243,-25.479384763,-25.479384763
1786168459.940666914,82.300652434,0.000000000,TARGET_UPDATED,0,0.050091111,-1.360474580,97.248030585,0.313215515,-1.375417379,93.655864334,-0.057836450,0.014942799,3.592166251,0.371051965,-0.112201036,2.996974708,0.561544778,-0.138004429,2.424177522,0.004857522,0.025803393,0.572797186,0.556687256,0.894202781,450.000000000,50.971152365,-0.045120872,0.001163190,9.494258294,-115.097115269,114.650013878,-109.902884731,110.349986122,-25.485576183,-25.485576183
1786168459.990586281,82.350571986,0.000000000,NONE,0,0.049905786,-1.360474580,97.248030585,0.313215515,-1.376791101,93.777258748,-0.057836336,0.016316521,3.470771837,0.371051851,-0.111389572,2.997050832,0.561299827,-0.136264787,2.424179155,0.004582102,0.024875215,0.572871677,0.556717725,0.949187129,450.000000000,50.970851292,-0.045064488,0.001156641,9.494311039,-115.110874542,114.636280977,-109.889125458,110.363719023,-25.485425646,-25.485425646
1786168460.040674210,82.400659985,0.000000000,NONE,0,0.050040626,-1.360474580,97.248030585,0.313215515,-1.377833770,93.874371456,-0.057836213,0.017359190,3.373659129,0.371051728,-0.110748075,2.997120164,0.561056328,-0.134732438,2.424178128,0.004311828,0.023984362,0.572942036,0.556744500,0.903929988,450.000000000,50.972650030,-0.045019656,0.001151977,9.495276780,-115.099801692,114.647836698,-109.900198308,110.352163302,-25.486325015,-25.486325015
1786168460.090679884,82.450665514,0.000000000,NONE,0,0.050029013,-1.360474580,97.248030585,0.313215515,-1.379047993,93.995757810,-0.057836626,0.018573413,3.252272775,0.371052141,-0.109946689,2.997216423,0.560700230,-0.132542333,2.424173357,0.003916997,0.022595644,0.573043066,0.556783233,0.819653485,450.000000000,50.975600483,-0.044963401,0.001166597,9.495129096,-115.078695645,114.668868903,-109.921304355,110.331131097,-25.487800242,-25.487800242
1786168460.140609503,82.500595249,0.000000000,NONE,0,0.049981072,-1.360474580,97.248030585,0.313215515,-1.380154957,94.117138591,-0.057837916,0.019680377,3.130891994,0.371053431,-0.109130517,2.997322506,0.560294374,-0.130219219,2.424164965,0.003480555,0.021088702,0.573157541,0.556813818,0.735901735,450.000000000,50.977579224,-0.044906053,0.001185614,9.494839974,-115.057685427,114.689734560,-109.942314573,110.310265440,-25.488789612,-25.488789612
1786168460.190599680,82.550585249,0.000000000,NONE,0,0.049973095,-1.360474580,97.248030585,0.313215515,-1.381150207,94.238513430,-0.057839920,0.020675627,3.009517155,0.371055435,-0.108285563,2.997437409,0.559846428,-0.127805928,2.424153152,0.003017227,0.019520366,0.573284257,0.556829201,0.649819530,450.000000000,50.978351898,-0.044847879,0.001195870,9.494565889,-115.036096355,114.711186590,-109.963903645,110.288813410,-25.489175949,-25.489175949
1786168460.240620852,82.600606430,0.000000000,NONE,0,0.050031895,-1.360474580,97.248030585,0.313215515,-1.382029116,94.359881966,-0.057842371,0.021554536,2.888148619,0.371057886,-0.107399795,2.997559933,0.559364490,-0.125301895,2.424138196,0.002535927,0.017902100,0.573421737,0.556828563,0.561324132,450.000000000,50.977986663,-0.044789298,0.001197025,9.494349675,-115.013918452,114.733256386,-109.986081548,110.266743614,-25.488993331,-25.488993331
1786168460.290584803,82.650570444,0.000000000,NONE,0,0.049947762,-1.360474580,97.248030585,0.313215515,-1.382787783,94.481243893,-0.057845018,0.022313203,2.766786692,0.371060532,-0.106462061,2.997688743,0.558857182,-0.122726768,2.424120470,0.002044356,0.016264707,0.573568272,0.556812826,0.472616171,450.000000000,50.976582727,-0.044730689,0.001190659,9.494192987,-114.991702290,114.755394204,-110.008297710,110.244605796,-25.488291363,-25.488291363
1786168460.340667725,82.700653349,0.000000000,TARGET_UPDATED,0,0.050111576,-1.360474580,98.248030585,0.313215515,-1.383423239,94.602598970,-0.057847684,0.022948659,3.645431615,0.371063199,-0.112595161,2.997557011,0.558365531,-0.120098793,2.424100417,0.001548848,0.007503633,0.573456594,0.556816684,-0.259000169,450.000000000,50.977244851,-0.044672348,0.001178699,9.494122540,-114.808780593,114.938280677,-110.191219407,110.061719323,-25.488622426,-25.488622426
1786168460.390586376,82.750572009,0.000000000,NONE,0,0.049912206,-1.360474580,98.248030585,0.313215515,-1.383976087,94.723948914,-0.057850195,0.023501507,3.524081670,0.371065710,-0.112271583,2.997669976,0.557827726,-0.119169158,2.424078266,0.001067142,0.006897575,0.573591710,0.556760583,-0.129031558,450.000000000,50.972116851,-0.044614507,0.001162837,9.494107438,-114.841268970,114.905784749,-110.158731030,110.094215251,-25.486058426,-25.486058426
1786168460.440776587,82.800762369,0.000000000,NONE,0,0.050047557,-1.360474580,98.248030585,0.313215515,-1.384496612,94.845295951,-0.057852525,0.024022032,3.402734634,0.371068040,-0.111871139,2.997786868,0.557283227,-0.118058229,2.424055624,0.000576598,0.006187090,0.573731244,0.556706629,-0.169277787,450.000000000,50.968385956,-0.044557290,0.001145926,9.494159154,-114.831220342,114.915859235,-110.168779658,110.084140765,-25.484192978,-25.484192978
1786168460.490608931,82.850594407,0.000000000,NONE,0,0.049954851,-1.360474580,98.248030585,0.313215515,-1.384955622,94.966638736,-0.057855049,0.024481041,3.281391849,0.371070564,-0.111395966,2.997905288,0.556744908,-0.116594393,2.424031987,0.000088524,0.005198426,0.573873300,0.556656384,-0.229001736,450.000000000,50.964941109,-0.044500674,0.001130268,9.494232503,-114.816307692,114.930808560,-110.183692308,110.069191440,-25.482470555,-25.482470555
1786168460.540686846,82.900672306,0.000000000,NONE,0,0.050073082,-1.360474580,98.248030585,0.313215515,-1.385344171,95.087976859,-0.057857843,0.024869591,3.160053725,0.371073358,-0.110840196,2.998023462,0.556223429,-0.114995757,2.424008038,-0.000381426,0.004155561,0.574015425,0.556604855,-0.286613276,450.000000000,50.961310740,-0.044444579,0.001116892,9.494329598,-114.801929080,114.945235718,-110.198070920,110.054764282,-25.480655370,-25.480655370
1786168460.590599775,82.950585162,0.000000000,NONE,0,0.049923113,-1.360474580,98.248030585,0.313215515,-1.385656421,95.209310078,-0.057860763,0.025181841,3.038720507,0.371076278,-0.110197741,2.998139843,0.555727946,-0.113290792,2.423984327,-0.000821857,0.003093050,0.574155516,0.556549803,-0.343968456,450.000000000,50.957383474,-0.044388897,0.001106554,9.494410552,-114.787610524,114.959594752,-110.212389476,110.040405248,-25.478691737,-25.478691737
1786168460.640670538,83.000656026,0.000000000,NONE,0,0.049965930,-1.360474580,98.248030585,0.313215515,-1.385887968,95.330638238,-0.057863605,0.025413387,2.917392347,0.371079120,-0.109462939,2.998252986,0.555266827,-0.111511802,2.423961366,-0.001225312,0.002048863,0.574291620,0.556492140,-0.398483732,450.000000000,50.953295736,-0.044333519,0.001099010,9.494486032,-114.774000575,114.973242441,-110.225999425,110.026757559,-25.476647868,-25.476647868
1786168460.690608740,83.050594212,0.000000000,NONE,0,0.050041763,-1.360474580,98.248030585,0.313215515,-1.386013301,95.427697086,-0.057865723,0.025538721,2.820333499,0.371081238,-0.108804713,2.998340294,0.554927842,-0.110067228,2.423943859,-0.001519370,0.001262515,0.574396435,0.556447212,-0.433595273,450.000000000,50.950406995,-0.044289368,0.001095054,9.495426146,-114.765457718,114.982255355,-110.234542282,110.017744645,-25.475203498,-25.475203498
1786168460.740629911,83.100615615,0.000000000,NONE,0,0.050022536,-1.360474580,98.248030585,0.313215515,-1.386092658,95.549016012,-0.057867985,0.025618078,2.699014572,0.371083500,-0.107888517,2.998444515,0.554546868,-0.108187013,2.423923484,-0.001840768,0.000298495,0.574521031,0.556387636,-0.485515943,450.000000000,50.945943531,-0.044233861,0.001111107,9.495250448,-114.752433626,114.995191598,-110.247566374,110.004808402,-25.472971765,-25.472971765
1786168460.790680647,83.150666226,0.000000000,TARGET_UPDATED,0,0.050060973,-1.360474580,99.248030585,0.313215515,-1.386084268,95.670329802,-0.057869696,0.025609688,3.577700783,0.371085211,-0.115186738,2.998245570,0.554157057,-0.106298176,2.423905142,-0.002115302,-0.008888561,0.574340428,0.556272359,-1.278872487,450.000000000,50.936762395,-0.044177225,0.001132078,9.494932964,-114.554015119,115.193451363,-110.445984881,109.806548637,-25.468381197,-25.468381197
1786168460.840613842,83.200599598,0.000000000,NONE,0,0.049916631,-1.360474580,99.248030585,0.313215515,-1.386032543,95.791640513,-0.057871173,0.025557963,3.456390072,0.371086688,-0.114704990,2.998315553,0.553880495,-0.106303365,2.423888831,-0.002359687,-0.008401624,0.574426722,0.556240181,-1.051310358,450.000000000,50.936168065,-0.044119791,0.001144147,9.494622200,-114.610827961,115.136483140,-110.389172039,109.863516860,-25.468084033,-25.468084033
1786168460.890651464,83.250636849,0.000000000,NONE,0,0.050016181,-1.360474580,99.248030585,0.313215515,-1.386006693,95.912951374,-0.057872666,0.025532113,3.335079211,0.371088181,-0.114093341,2.998380125,0.553659479,-0.106345813,2.423876164,-0.002558349,-0.007747528,0.574503961,0.556217828,-1.002259692,450.000000000,50.934801050,-0.044062063,0.001146913,9.494383960,-114.623031067,115.124160913,-110.376968933,109.875839087,-25.467400525,-25.467400525
1786168460.940594912,83.300580428,0.000000000,NONE,0,0.049967393,-1.360474580,99.248030585,0.313215515,-1.385972477,96.034260988,-0.057873934,0.025497897,3.213769597,0.371089449,-0.113361561,2.998437984,0.553498343,-0.105906956,2.423865799,-0.002698788,-0.007454605,0.574572185,0.556197132,-0.984145794,450.000000000,50.933385008,-0.044004153,0.001150275,9.494115074,-114.627492320,115.119565217,-110.372507680,109.880434783,-25.466692504,-25.466692504
1786168460.990611315,83.350596783,0.000000000,NONE,0,0.050015832,-1.360474580,99.248030585,0.313215515,-1.385916961,96.155568962,-0.057874789,0.025442381,3.092461623,0.371090304,-0.112511891,2.998488222,0.553400839,-0.105277806,2.423858981,-0.002781563,-0.007234086,0.574629241,0.556182402,-0.963393527,450.000000000,50.932473632,-0.043946692,0.001138607,9.494030906,-114.632659345,115.114356108,-110.367340655,109.885643892,-25.466236816,-25.466236816
1786168461.040643930,83.400629417,0.000000000,NONE,0,0.050009236,-1.360474580,99.248030585,0.313215515,-1.385833138,96.276875139,-0.057875156,0.025358558,2.971155446,0.371090670,-0.111543303,2.998530560,0.553368063,-0.104525133,2.423855084,-0.002807932,-0.007018170,0.574675477,0.556175995,-0.940352879,450.000000000,50.932191494,-0.043890041,0.001123463,9.494040117,-114.638421809,115.108598249,-110.361578191,109.891401751,-25.466095747,-25.466095747
1786168461.090576410,83.450561985,0.000000000,NONE,0,0.049978631,-1.360474580,99.248030585,0.313215515,-1.385715609,96.398179440,-0.057875048,0.025241029,2.849851145,0.371090563,-0.110453558,2.998564966,0.553400053,-0.103679415,2.423854314,-0.002779511,-0.006774143,0.574710652,0.556179564,-0.913774811,450.000000000,50.932640901,-0.043834263,0.000000000,9.505194036,-114.647854806,115.104742212,-110.352145194,109.895257788,-25.466320450,-25.466320450
1786168461.140599966,83.500585632,0.000000000,NONE,0,0.050005457,-1.360474580,99.248030585,0.313215515,-1.385560456,96.519481855,-0.057874528,0.025085875,2.728548730,0.371090043,-0.109219305,2.998592370,0.553495742,-0.102756216,2.423857092,-0.002697962,-0.006463089,0.574735278,0.556193704,-0.881001275,450.000000000,50.933842017,-0.043772907,0.001355101,9.491112306,-114.652527758,115.093028395,-110.347472242,109.906971605,-25.466921008,-25.466921008
1786168461.190679550,83.550665024,0.000000000,TARGET_UPDATED,0,0.050080244,-0.360474580,100.248030585,0.313215515,-1.385365136,96.640782406,-0.057873670,1.024890556,3.607248179,0.371089185,0.687628458,2.919218714,0.561400361,-0.101768233,2.423863102,-0.002566068,0.789396691,0.495355612,0.563966429,85.901019857,450.000000000,51.632855490,-0.043703655,0.001350180,9.489998756,-120.000000000,82.199148754,-78.023062930,115.823914176,-25.816427745,-25.816427745
1786168461.240613461,83.600599040,0.000000000,NONE,0,0.049921120,-0.360474580,100.248030585,0.313215515,-1.379422125,96.758921874,-0.057851242,1.018947545,3.489108711,0.371066757,0.711207354,2.912508146,0.566819292,0.122931930,2.325837978,0.005515479,0.588275424,0.586670168,0.561303813,55.501384553,450.000000000,51.237930464,-0.043633619,0.001354766,9.488706492,-120.000000000,94.134779437,-89.712772883,115.577993446,-25.618965232,-25.618965232
1786168461.290637732,83.650623300,0.000000000,NONE,0,0.050041557,-0.360474580,100.248030585,0.313215515,-1.362340613,96.874668319,-0.057780357,1.001866033,3.373362266,0.370995871,0.729964484,2.906857631,0.571853059,0.309332141,2.333609934,0.014533132,0.420632343,0.573247697,0.557319927,47.421581345,450.000000000,50.932783337,-0.043536821,0.001059156,9.488276075,-120.000000000,97.547922266,-93.055631922,115.507709655,-25.466391669,-25.466391669
1786168461.340603113,83.700588749,0.000000000,NONE,0,0.049957377,-0.360474580,100.248030585,0.313215515,-1.337586995,96.990980636,-0.057691425,0.977112415,3.257049949,0.370906940,0.744652867,2.903312267,0.570794967,0.444835567,2.352134681,0.015758642,0.299817300,0.551177586,0.555036324,42.145144512,450.000000000,50.806831679,-0.043405172,0.000838979,9.484282678,-120.000000000,99.836042037,-95.298373951,115.462331914,-25.403415839,-25.403415839
1786168461.390632629,83.750618266,0.000000000,NONE,0,0.050043284,-0.360474580,100.248030585,0.313215515,-1.307178472,97.107851291,-0.057613019,0.946703892,3.140179294,0.370828534,0.755335429,2.901459930,0.566043035,0.543042519,2.366720781,0.011477373,0.212292911,0.534739149,0.554565662,38.332781246,450.000000000,50.810191232,-0.043259218,0.000593927,9.479386563,-120.000000000,101.519400099,-96.949297313,115.429897214,-25.405095616,-25.405095616
1786168461.440609932,83.800595683,0.000000000,NONE,0,0.049957296,-0.360474580,100.248030585,0.313215515,-1.272788807,97.225162819,-0.057558242,0.912314226,3.022867766,0.370773757,0.762398286,2.900906552,0.559289442,0.610637160,2.377646658,0.004152782,0.151761126,0.523259894,0.555136661,35.753335541,450.000000000,50.870995991,-0.043124895,0.000238859,9.476500230,-120.000000000,102.673094572,-98.080560175,115.407465603,-25.435497996,-25.435497996
1786168461.490586519,83.850572326,0.000000000,NONE,0,0.049995176,-0.360474580,100.248030585,0.313215515,-1.235721588,97.342802763,-0.057529443,0.875247008,2.905227822,0.370744958,0.766270785,2.901357324,0.551562658,0.655146824,2.385367018,-0.004464101,0.111123960,0.515990306,0.556026759,33.999130401,450.000000000,50.939676838,-0.043055051,-0.000896469,9.486571045,-120.000000000,103.464989417,-98.851325750,115.386336333,-25.469838419,-25.469838419
1786168461.540600300,83.900585869,0.000000000,NONE,0,0.050004840,-0.360474580,100.248030585,0.313215515,-1.196921256,97.460671791,-0.057522163,0.836446676,2.787358794,0.370737677,0.767582220,2.902546568,0.543410905,0.683259098,2.390586764,-0.013343139,0.084323122,0.511959805,0.556754044,32.766004674,450.000000000,50.987327372,-0.043018855,-0.001076430,9.489777278,-120.000000000,104.024888259,-99.398133978,115.373245719,-25.493663686,-25.493663686
1786168461.590605259,83.950590957,0.000000000,NONE,0,0.050001219,-0.360474580,100.248030585,0.313215515,-1.157048755,97.578697665,-0.057527006,0.796574174,2.669332920,0.370742521,0.766784481,2.904270674,0.535271845,0.700045140,2.394093233,-0.021825705,0.066739341,0.510177441,0.557097550,31.838553056,450.000000000,51.003698434,-0.043007423,-0.001138144,9.493780754,-120.000000000,104.447893599,-99.810487868,115.362594268,-25.501849217,-25.501849217
1786168461.640660286,84.000645766,0.000000000,TARGET_UPDATED,0,0.050066736,0.000000000,100.000000000,-1.000000000,-1.116560875,97.696836145,-0.057533980,1.116560875,2.303163855,-0.942466020,1.092185860,2.764615028,-1.470570891,0.709049402,2.396524502,-0.029617532,0.383136458,0.368090526,-1.440953359,86.359996976,450.000000000,-89.000000000,-0.043015079,-0.001093094,9.498249943,-120.000000000,82.029703882,-77.853564748,115.823860866,44.500000000,44.500000000
1786168461.690613031,84.050598472,0.000000000,NONE,0,0.049935248,0.000000000,100.000000000,-1.000000000,-1.071102391,97.812060957,-0.073099942,1.071102391,2.187939043,-0.926900058,1.094932007,2.761361727,-1.452266737,0.841854371,2.314055279,-0.583463609,0.253077636,0.447306448,-0.868803129,69.925248193,450.000000000,-37.416139903,-0.043013160,-0.000865760,9.500118828,-120.000000000,88.301368594,-83.994758709,115.693390115,18.708069952,18.708069952
1786168461.740602970,84.100588425,0.000000000,NONE,0,0.050006239,0.000000000,100.000000000,-1.000000000,-1.018768483,97.925044494,-0.104380787,1.018768483,2.074955506,-0.895619213,1.092880619,2.762679605,-1.406418979,0.928973984,2.309418156,-0.686164654,0.163906635,0.453261448,-0.720254326,65.186339020,450.000000000,-35.522969875,-0.042988862,-0.000605036,9.499867190,-120.000000000,90.182708865,-85.837315183,115.654606318,17.761484937,17.761484937
1786168461.790606499,84.150592287,0.000000000,NONE,0,0.049989835,0.000000000,100.000000000,-1.000000000,-0.962909554,98.038031662,-0.135758715,0.962909554,1.961968338,-0.864241285,1.092737009,2.763376828,-1.360231077,0.984269719,2.315912005,-0.680779526,0.108467290,0.447464823,-0.679451551,62.521901376,450.000000000,-34.838142468,-0.042982221,-0.000329232,9.500875228,-120.000000000,91.255552434,-86.887524530,115.631972096,17.419071234,17.419071234
1786168461.840596437,84.200582072,0.000000000,NONE,0,0.050010182,0.000000000,100.000000000,-1.000000000,-0.904935193,98.151239481,-0.166614508,0.904935193,1.848760519,-0.833385492,1.095999329,2.762925187,-1.314429719,1.019477266,2.321532147,-0.674090169,0.076522063,0.441393039,-0.640339550,61.417964650,450.000000000,-32.150454776,-0.043010334,-0.000073563,9.504869488,-120.000000000,91.703464410,-87.324373060,115.620908650,16.075227388,16.075227388
1786168461.890626907,84.250612415,0.000000000,NONE,0,0.050001170,0.000000000,100.000000000,-1.000000000,-0.845719126,98.264648592,-0.196807267,0.845719126,1.735351408,-0.803192733,1.061134997,2.665945442,-1.266209394,1.043892022,2.324461746,-0.659058536,0.017242974,0.341483696,-0.607150858,53.727174816,450.000000000,-29.960747912,-0.043063786,0.000175604,9.510960412,-120.000000000,94.876142144,-90.428634560,115.552492416,14.980373956,14.980373956
1786168461.940577030,84.300562682,0.000000000,NONE,0,0.049977462,0.000000000,100.000000000,-1.000000000,-0.798114024,98.355745315,-0.220363643,0.798114024,1.644254685,-0.779636357,1.007631267,2.522711236,-1.226576518,1.045603674,2.335141468,-0.643453270,-0.037972407,0.187569769,-0.583123248,45.213824777,450.000000000,-28.476376145,-0.043103392,0.000397004,9.516223326,-120.000000000,98.500749089,-93.975768643,115.475019554,14.238188073,14.238188073
1786168461.990656853,84.350642486,0.000000000,NONE,0,0.050062751,0.000000000,100.000000000,-1.000000000,-0.739309465,98.470441461,-0.249102086,0.739309465,1.529558539,-0.750897914,0.943711964,2.341751305,-1.178156780,1.030000366,2.352018402,-0.624907245,-0.086288402,-0.010267097,-0.553249535,36.502322235,416.456992471,-26.283108365,-0.043117063,0.000670499,9.518899135,-115.619553460,97.368392343,-92.608942775,110.860103893,13.141554183,13.141554183
1786168462.040700912,84.400686563,0.000000000,NONE,0,0.049965790,0.000000000,100.000000000,-1.000000000,-0.682213804,98.585422361,-0.277076200,0.682213804,1.414577639,-0.722923800,0.883647370,2.160878284,-1.129233036,0.999597426,2.339123222,-0.603354481,-0.115950055,-0.178244938,-0.525878555,29.855196371,344.585470793,-24.429208722,-0.042677222,0.017120514,9.323476516,-95.941035920,81.013437734,-76.351699476,91.279297662,12.214604361,12.214604361
1786168462.090646267,84.450631766,0.000000000,NONE,0,0.050016770,0.000000000,100.000000000,-1.000000000,-0.627625364,98.696670252,-0.304280381,0.627625364,1.303329748,-0.695719619,0.829638102,1.989603023,-1.072636016,0.961199743,2.207211333,-0.573713117,-0.131561641,-0.217608310,-0.498922899,24.782491666,290.344475305,-22.563652074,-0.040417355,0.068269343,8.635241978,-80.940552237,68.549306404,-64.231685415,76.622931248,11.281826037,11.281826037
1786168462.140597820,84.500583453,0.000000000,NONE,0,0.049967828,0.000000000,100.000000000,-1.000000000,-0.576136198,98.800307207,-0.330879296,0.576136198,1.199692793,-0.669120704,0.783264685,1.834980713,-1.005936499,0.921656424,2.048023245,-0.534452028,-0.138391740,-0.213042532,-0.471484471,20.976586940,246.196506274,-20.644552106,-0.035056408,0.134589516,7.546667871,-68.679940271,58.191646801,-54.418312865,64.906606336,10.322276053,10.322276053
1786168462.190615177,84.550601012,0.000000000,NONE,0,0.050011754,0.000000000,100.000000000,-1.000000000,-0.527903580,98.896289535,-0.357083136,0.527903580,1.103710465,-0.642916864,0.742882091,1.692979790,-0.938028809,0.883898856,1.896057451,-0.495409051,-0.141016766,-0.203077661,-0.442619758,17.959758993,208.525718220,-18.607053603,-0.026774890,0.188923830,6.343481396,-58.207239652,49.227360156,-46.055619458,55.035498954,9.303526802,9.303526802
1786168462.240614653,84.600600338,0.000000000,NONE,0,0.049993369,0.000000000,100.000000000,-1.000000000,-0.482893798,98.985241926,-0.383006377,0.482893798,1.014758074,-0.616993623,0.705766219,1.560192651,-0.875097885,0.847691790,1.755132897,-0.461620588,-0.141925571,-0.194940245,-0.413477297,15.371037910,175.885658216,-16.571648977,-0.016558841,0.220844354,5.208647945,-49.116336018,41.430817063,-38.826493090,46.512012045,8.285824488,8.285824488
1786168462.290625095,84.650610723,0.000000000,NONE,0,0.050019317,0.000000000,100.000000000,-1.000000000,-0.441002900,99.067704790,-0.408621255,0.441002900,0.932295210,-0.591378745,0.669747471,1.435560056,-0.818978515,0.811726929,1.623392040,-0.433076435,-0.141979459,-0.187831984,-0.385902081,13.017882031,147.689087044,-14.682670269,-0.005462051,0.232489045,4.205004187,-41.227993315,34.719052300,-32.616550206,39.125491222,7.341335134,7.341335134
1786168462.340628147,84.700613736,0.000000000,NONE,0,0.050016458,0.000000000,100.000000000,-1.000000000,-0.402101620,99.144066751,-0.433805323,0.402101620,0.855933249,-0.566194677,0.633620835,1.318953170,-0.769659561,0.774952595,1.499085946,-0.408594518,-0.141331760,-0.180132776,-0.361065044,10.821019221,123.556794145,-13.007821364,0.005715566,0.229659269,3.338520882,-34.429083562,29.018573952,-27.349313511,32.759823121,6.503910682,6.503910682
1786168462.390589714,84.750575253,0.000000000,NONE,0,0.049951437,0.000000000,100.000000000,-1.000000000,-0.366042028,99.214720086,-0.458411957,0.366042028,0.785279914,-0.541588043,0.596920015,1.210200452,-0.726657710,0.737063508,1.382834631,-0.387408307,-0.140143493,-0.172634179,-0.339249403,8.745241183,102.931277587,-11.549039794,0.016456963,0.217828767,2.595870065,-28.568097209,24.195476617,-22.897541585,27.270162176,5.774519897,5.774519897
1786168462.440624714,84.800610353,0.000000000,NONE,0,0.050027960,0.000000000,100.000000000,-1.000000000,-0.339141920,99.267332659,-0.477584200,0.339141920,0.732667341,-0.522415800,0.567163763,1.128728203,-0.696387844,0.705486336,1.291195219,-0.372156893,-0.138322573,-0.162467016,-0.324230952,7.211229322,88.994809751,-10.642394332,0.024540584,0.203735360,2.087659026,-24.573424525,20.967809864,-19.923980351,23.529595012,5.321197166,5.321197166
1786168462.490614414,84.850600001,0.000000000,NONE,0,0.049981135,0.000000000,100.000000000,-1.000000000,-0.307803613,99.328741405,-0.500854077,0.307803613,0.671258595,-0.499145923,0.529552737,1.032925677,-0.663485896,0.666642213,1.195439346,-0.357201214,-0.137089476,-0.162513668,-0.306284682,5.302327233,72.921829271,-9.334949951,0.033882743,0.184688028,1.527372626,-19.937882282,17.286718666,-16.523032353,19.174195970,4.667474975,4.667474975
1786168462.540596962,84.900582500,0.000000000,NONE,0,0.049993615,0.000000000,100.000000000,-1.000000000,-0.278839464,99.385808273,-0.523300013,0.278839464,0.614191727,-0.476699987,0.491727093,0.943002224,-0.635577946,0.627432083,1.104684951,-0.344538944,-0.135704990,-0.161682726,-0.291039001,3.542183882,59.375837958,-8.329135685,0.042329995,0.164141435,1.052825883,-15.992711931,14.221619990,-13.695207048,15.466298989,4.164567842,4.164567842
1786168462.590638876,84.950624477,0.000000000,NONE,0,0.050054782,0.000000000,100.000000000,-1.000000000,-0.252115080,99.438604354,-0.544781088,0.252115080,0.561395646,-0.455218912,0.453997105,0.859040770,-0.611821956,0.587549244,1.016555267,-0.333308551,-0.133552139,-0.157514497,-0.278513404,1.981138262,48.099834302,-7.514029133,0.049821304,0.142447876,0.665469154,-12.686610430,11.696041299,-11.363306721,12.353875853,3.757014566,3.757014566
1786168462.640641689,85.000627394,0.000000000,NONE,0,0.049981495,0.000000000,100.000000000,-1.000000000,-0.227499375,99.487347013,-0.565224054,0.227499375,0.512652987,-0.434775946,0.416630601,0.781012490,-0.591216182,0.547559532,0.933821178,-0.323331684,-0.130928930,-0.152808688,-0.267884498,0.592802840,38.587491278,-6.814281295,0.056322769,0.120433904,0.359861545,-9.885038916,9.588637496,-9.408706723,9.705108143,3.407140647,3.407140647
1786168462.690603495,85.050588995,0.000000000,NONE,0,0.049965644,0.000000000,100.000000000,-1.000000000,-0.204867037,99.532267524,-0.584588965,0.204867037,0.467732476,-0.415411035,0.379925239,0.708999762,-0.572647164,0.507705570,0.856229582,-0.313732747,-0.127780331,-0.147229820,-0.258914417,-0.605712622,30.717544491,-6.225975853,0.061815774,0.098706117,0.131521657,-7.560838381,7.863694693,-7.797933864,7.495077553,3.112987927,3.112987927
1786168462.740613461,85.100598990,0.000000000,NONE,0,0.050008138,0.000000000,100.000000000,-1.000000000,-0.184098529,99.573623842,-0.602866701,0.184098529,0.426376158,-0.397133299,0.344255504,0.642935941,-0.555229656,0.468457638,0.784640163,-0.303993520,-0.124202134,-0.141704222,-0.251236136,-1.617853810,24.203474877,-5.720762441,0.066301388,0.077897591,-0.025873441,-5.639936907,6.448863812,-6.461800532,5.652873627,2.860381221,2.860381221
1786168462.790598869,85.150584529,0.000000000,NONE,0,0.049990883,0.000000000,100.000000000,-1.000000000,-0.165081028,99.611670008,-0.620073347,0.165081028,0.388329992,-0.379926653,0.310027049,0.582599317,-0.538379692,0.430192509,0.718802976,-0.293791255,-0.120165460,-0.136203659,-0.244588437,-2.437801699,18.865938594,-5.282099557,0.069804827,0.058506213,-0.119213967,-4.077230732,5.296131581,-5.355738565,4.136837716,2.641049778,2.641049778
1786168462.840601444,85.200586917,0.000000000,NONE,0,0.049999029,0.000000000,100.000000000,-1.000000000,-0.147712677,99.646587299,-0.636233659,0.147712677,0.353412701,-0.363766341,0.277630126,0.527770774,-0.521758517,0.393083595,0.657297456,-0.282840428,-0.115453469,-0.129526682,-0.238918089,-3.052682124,14.623800917,-4.910717092,0.072385913,0.041055696,-0.158434088,-2.853171176,4.379512238,-4.458729282,2.932388220,2.455358546,2.455358546
1786168462.890591145,85.250576943,0.000000000,NONE,0,0.049999862,0.000000000,100.000000000,-1.000000000,-0.131888082,99.678632266,-0.651399051,0.131888082,0.321367734,-0.348600949,0.247337978,0.477987399,-0.505261482,0.357800669,0.601702474,-0.271478105,-0.110462691,-0.123715075,-0.233783377,-3.509035469,11.117040088,-4.567846424,0.074139834,0.025957633,-0.155181143,-1.863205869,3.617723603,-3.695314175,1.940796441,2.283923212,2.283923212
1786168462.940583467,85.300569001,0.000000000,NONE,0,0.049970829,0.000000000,100.000000000,-1.000000000,-0.120271255,99.702337171,-0.662850293,0.120271255,0.297662829,-0.337149707,0.224752207,0.441527808,-0.492138928,0.330893127,0.559794364,-0.261961069,-0.106140920,-0.118266556,-0.230177859,-3.774358760,8.865979092,-4.351753345,0.075034650,0.016091180,-0.135600943,-1.239004847,3.126184227,-3.193984699,1.306805319,2.175876672,2.175876672
1786168462.990618467,85.350603936,0.000000000,NONE,0,0.050055062,0.000000000,100.000000000,-1.000000000,-0.104461946,99.735009215,-0.678979007,0.104461946,0.264990785,-0.321020993,0.193711956,0.391795635,-0.472644015,0.293502826,0.505887834,-0.248060408,-0.099790870,-0.114092199,-0.224583606,-3.975119465,5.913670423,-3.926166914,0.075679570,0.003752256,-0.071381589,-0.466792342,2.454352075,-2.490042869,0.502483137,1.963083457,1.963083457
1786168463.040659428,85.400645105,0.000000000,NONE,0,0.050020215,0.000000000,100.000000000,-1.000000000,-0.094923843,99.755009384,-0.689072994,0.094923843,0.244990616,-0.310927006,0.174914519,0.361663642,-0.459830446,0.270310004,0.471124284,-0.238164738,-0.095395485,-0.109460642,-0.221665708,-4.083325230,4.459097771,-3.780885472,0.075758168,-0.001365192,-0.034073870,-0.085424668,2.127087283,-2.144124218,0.102461603,1.890442736,1.890442736
1786168463.090600967,85.450586431,0.000000000,NONE,0,0.049957134,0.000000000,100.000000000,-1.000000000,-0.084043726,99.778130043,-0.700989673,0.084043726,0.221869957,-0.299010327,0.153553245,0.327136343,-0.444095730,0.243328427,0.432129424,-0.226160477,-0.089775183,-0.104993081,-0.217935253,-4.058435587,2.899778301,-3.508858646,0.075609526,-0.005699939,0.013610464,0.286261706,1.742956088,-1.736150856,-0.293066938,1.754429323,1.754429323
1786168463.140644312,85.500629986,0.000000000,NONE,0,0.050039585,0.000000000,100.000000000,-1.000000000,-0.074240225,99.799351615,-0.712189037,0.074240225,0.200648385,-0.287810963,0.134425440,0.295808097,-0.428709782,0.218659633,0.396661522,-0.214203024,-0.084234192,-0.100853425,-0.214506758,-3.992628164,1.644147924,-3.280388407,0.075297436,-0.007695161,0.050994233,0.574371502,1.421942581,-1.396445464,-0.599868618,1.640194203,1.640194203
1786168463.190608025,85.550593836,0.000000000,NONE,0,0.049987257,0.000000000,100.000000000,-1.000000000,-0.065424678,99.818816447,-0.722711491,0.065424678,0.181183553,-0.277288509,0.117448290,0.267335846,-0.413799725,0.196161054,0.363981754,-0.202309495,-0.078712764,-0.096645908,-0.211490229,-3.867573247,0.667524421,-3.082686959,0.074939824,-0.007597147,0.071130916,0.782229478,1.151557146,-1.115991688,-0.817794935,1.541343480,1.541343480
1786168463.240580797,85.600566373,0.000000000,NONE,0,0.049946001,0.000000000,100.000000000,-1.000000000,-0.057515085,99.836657538,-0.732597764,0.057515085,0.163342462,-0.267402236,0.102501355,0.241426707,-0.399456122,0.175759860,0.333901461,-0.190656038,-0.073258506,-0.092474754,-0.208800085,-3.700232112,-0.094803166,-2.906076094,0.074623601,-0.006093649,0.073939546,0.930273933,0.919842123,-0.882872350,-0.967243706,1.453038047,1.453038047
1786168463.290615797,85.650601459,0.000000000,NONE,0,0.050035270,0.000000000,100.000000000,-1.000000000,-0.050431628,99.852997745,-0.741884680,0.050431628,0.147002255,-0.258115320,0.089431205,0.217827696,-0.385746481,0.157375893,0.306147171,-0.179301386,-0.067944688,-0.088319475,-0.206445095,-3.505774763,-0.678282010,-2.753186063,0.074399532,-0.003861443,0.062097754,1.030489755,0.722397627,-0.691348750,-1.061538632,1.376593032,1.376593032
1786168463.340620756,85.700606445,0.000000000,NONE,0,0.050015825,0.000000000,100.000000000,-1.000000000,-0.044100905,99.867960299,-0.750608369,0.044100905,0.132039701,-0.249391631,0.078075298,0.196286273,-0.372721012,0.140838114,0.280709783,-0.168381144,-0.062762816,-0.084423510,-0.204339867,-3.289771282,-1.135050817,-2.615905592,0.074282976,-0.001542375,0.040800947,1.096005288,0.548880353,-0.528479879,-1.116405762,1.307952796,1.307952796
1786168463.390588522,85.750573984,0.000000000,NONE,0,0.049963322,0.000000000,100.000000000,-1.000000000,-0.038453164,99.881657188,-0.758800898,0.038453164,0.118342812,-0.241199102,0.068265829,0.176573614,-0.360413722,0.126021693,0.257301752,-0.157916754,-0.057755864,-0.080728138,-0.202496967,-3.062669900,-1.482247183,-2.497167490,0.074264740,0.000468627,0.014728749,1.132547083,0.398787866,-0.391423492,-1.139911458,1.248583745,1.248583745
1786168463.440653086,85.800638548,0.000000000,NONE,0,0.050099354,0.000000000,100.000000000,-1.000000000,-0.033423231,99.894191369,-0.766491465,0.033423231,0.105808631,-0.233508535,0.059829271,0.158487730,-0.348840121,0.112772364,0.235750041,-0.147954970,-0.052943093,-0.077262311,-0.200885151,-2.830931024,-1.745164883,-2.394085128,0.074321353,0.001938996,-0.011950872,1.147011695,0.268453817,-0.274429253,-1.141036258,1.197042564,1.197042564
1786168463.490609884,85.850595594,0.000000000,NONE,0,0.049922887,0.000000000,100.000000000,-1.000000000,-0.028949614,99.905656210,-0.773706513,0.028949614,0.094343790,-0.226293487,0.052579091,0.141857719,-0.337999802,0.100948841,0.215857634,-0.138509500,-0.048369750,-0.073999914,-0.199490302,-2.601072237,-1.937665395,-2.305657537,0.074423207,0.002774263,-0.035882723,1.143655089,0.156881030,-0.174822391,-1.125713727,1.152828768,1.152828768
1786168463.540647030,85.900632410,0.000000000,NONE,0,0.050032116,0.000000000,100.000000000,-1.000000000,-0.025732266,99.914114940,-0.779152263,0.025732266,0.085885060,-0.220847737,0.047508990,0.129510881,-0.329844037,0.092457223,0.200994680,-0.131301500,-0.044948233,-0.071483799,-0.198542536,-2.444335210,-2.060176380,-2.253277646,0.074517306,0.002968904,-0.052813565,1.139331289,0.082836316,-0.109243099,-1.112924506,1.126638823,1.126638823
1786168463.590606689,85.950592069,0.000000000,NONE,0,0.049958669,0.000000000,100.000000000,-1.000000000,-0.022120379,99.923862064,-0.785571770,0.022120379,0.076137936,-0.214428230,0.041933521,0.115172893,-0.320272931,0.082693702,0.183714626,-0.122839781,-0.040760182,-0.068541733,-0.197433150,-2.202415767,-2.145476517,-2.177289397,0.074630381,0.002802942,-0.067656770,1.103887264,-0.002679380,-0.031149005,-1.070058878,1.088644699,1.088644699
1786168463.640651464,86.000637171,0.000000000,NONE,0,0.050032123,0.000000000,100.000000000,-1.000000000,-0.018926455,99.932746701,-0.791581106,0.018926455,0.067253299,-0.208418894,0.037239557,0.102285279,-0.311239706,0.073918659,0.167570104,-0.114645189,-0.036679102,-0.065284825,-0.196594517,-1.978458257,-2.160144286,-2.128947325,0.074714256,0.002246686,-0.076280458,1.053720750,-0.064491622,0.026351393,-1.015580521,1.064473662,1.064473662
1786168463.690609217,86.050594711,0.000000000,NONE,0,0.049985360,0.000000000,100.000000000,-1.000000000,-0.016091286,99.940858081,-0.797198542,0.016091286,0.059141919,-0.202801458,0.032919642,0.090136541,-0.302957485,0.066349717,0.153113088,-0.107074852,-0.033430075,-0.062976546,-0.195882633,-1.815380091,-2.221190745,-2.086531098,0.074768306,0.001389277,-0.079505027,1.029018966,-0.121328920,0.081576407,-0.989266452,1.043265549,1.043265549
1786168463.740615129,86.100600633,0.000000000,NONE,0,0.049991062,0.000000000,100.000000000,-1.000000000,-0.013574918,99.948252116,-0.802442927,0.013574918,0.051747884,-0.197557073,0.028932255,0.078777413,-0.295316122,0.059386862,0.139360370,-0.100051412,-0.030454607,-0.060582957,-0.195264709,-1.654857950,-2.224350158,-2.050038364,0.074784518,0.000401170,-0.078398044,0.989401538,-0.161972563,0.122773541,-0.950202516,1.025019182,1.025019182
1786168463.790578842,86.150564635,0.000000000,NONE,0,0.049985037,0.000000000,100.000000000,-1.000000000,-0.011345587,99.954973058,-0.807331534,0.011345587,0.045026942,-0.192668466,0.025252091,0.068301646,-0.288220592,0.053028776,0.126466931,-0.093425675,-0.027776685,-0.058165285,-0.194794917,-1.510334963,-2.198269127,-2.024983338,0.074760443,-0.000576067,-0.074173429,0.945694380,-0.190526898,0.153440184,-0.908607665,1.012491669,1.012491669
1786168463.840602875,86.200588427,0.000000000,NONE,0,0.050000803,0.000000000,100.000000000,-1.000000000,-0.009372569,99.961067914,-0.811880787,0.009372569,0.038932086,-0.188119213,0.021824917,0.058726719,-0.281616271,0.047245253,0.114469849,-0.087134929,-0.025420336,-0.055743131,-0.194481342,-1.383734446,-2.147419126,-2.011022509,0.074698104,-0.001450925,-0.067907722,0.899765323,-0.207898101,0.173944239,-0.865811462,1.005511255,1.005511255
1786168463.890580177,86.250565801,0.000000000,NONE,0,0.050000764,0.000000000,100.000000000,-1.000000000,-0.007629559,99.966581915,-0.816107608,0.007629559,0.033418085,-0.183892392,0.018607815,0.050051583,-0.275461824,0.041949941,0.103359287,-0.081156708,-0.023342126,-0.053307704,-0.194305116,-1.271393213,-2.074639768,-2.006291238,0.074601949,-0.002166018,-0.060524687,0.851639417,-0.215942811,0.185680467,-0.821377073,1.003145619,1.003145619
1786168463.940614700,86.300600223,0.000000000,NONE,0,0.050016098,0.000000000,100.000000000,-1.000000000,-0.006093494,99.971559194,-0.820029179,0.006093494,0.028440806,-0.179970821,0.015568975,0.042256982,-0.269725497,0.037097391,0.093130436,-0.075473601,-0.021528415,-0.050873455,-0.194251896,-1.173364465,-1.985005420,-2.009884192,0.074478302,-0.002688375,-0.052859578,0.802807366,-0.216125133,0.189695344,-0.776377577,1.004942096,1.004942096
1786168463.990602255,86.350587894,0.000000000,NONE,0,0.049989305,0.000000000,100.000000000,-1.000000000,-0.004746291,99.976041206,-0.823662766,0.004746291,0.023958794,-0.176337234,0.012697173,0.035311302,-0.264381313,0.032597157,0.083738389,-0.070077948,-0.019899984,-0.048427086,-0.194303365,-1.083715312,-1.880431232,-2.020437201,0.074333736,-0.003033492,-0.045274915,0.752355365,-0.210497709,0.187860251,-0.729717907,1.010218601,1.010218601
1786168464.040633678,86.400619120,0.000000000,NONE,0,0.049998399,0.000000000,100.000000000,-1.000000000,-0.003572207,99.980068415,-0.827025444,0.003572207,0.019931585,-0.172974556,0.009997531,0.029168676,-0.259407490,0.028429618,0.075166936,-0.064962444,-0.018432087,-0.045998260,-0.194445047,-1.002241728,-1.766548341,-2.037019988,0.074175435,-0.003209774,-0.038265326,0.701763849,-0.200642985,0.181510322,-0.682631186,1.018509994,1.018509994
1786168464.090592146,86.450577973,0.000000000,NONE,0,0.049993105,0.000000000,100.000000000,-1.000000000,-0.002557625,99.983679733,-0.830134005,0.002557625,0.016320267,-0.169865995,0.007488068,0.023773929,-0.254784741,0.024568669,0.067378354,-0.060124057,-0.017080601,-0.043604425,-0.194660683,-0.925998153,-1.646579051,-2.058460020,0.074010997,-0.003244426,-0.032163821,0.651185256,-0.188186180,0.172104269,-0.635103346,1.029230010,1.029230010
1786168464.140578508,86.500564090,0.000000000,NONE,0,0.050001775,0.000000000,100.000000000,-1.000000000,-0.001690737,99.986911818,-0.833004748,0.001690737,0.013088182,-0.166995252,0.005193225,0.019065448,-0.250495666,0.020995714,0.060322324,-0.055558491,-0.015802490,-0.041256876,-0.194937175,-0.852566987,-1.523141172,-2.083904360,0.073847305,-0.003174348,-0.027154233,0.600715598,-0.174432105,0.160854988,-0.587138481,1.041952180,1.041952180
1786168464.190588236,86.550573731,0.000000000,NONE,0,0.050008209,0.000000000,100.000000000,-1.000000000,-0.001096067,99.989248158,-0.835140795,0.001096067,0.010751842,-0.164859205,0.003527682,0.015745462,-0.247293749,0.018358137,0.055204198,-0.052109763,-0.014830455,-0.039458736,-0.195183985,-0.801432453,-1.436083963,-2.105467229,0.073720730,-0.003064019,-0.025504842,0.565755315,-0.165039088,0.152286667,-0.553002893,1.052733615,1.052733615
1786168464.240657091,86.600642683,0.000000000,NONE,0,0.049998604,0.000000000,100.000000000,-1.000000000,-0.000468455,99.991882802,-0.837622433,0.000468455,0.008117198,-0.162377567,0.001679684,0.012091283,-0.243565783,0.015250438,0.049279841,-0.048012535,-0.013570754,-0.037188558,-0.195553248,-0.720891480,-1.299146149,-2.138654334,0.073570547,-0.002926084,-0.022226384,0.510566003,-0.150120263,0.139007071,-0.499452811,1.069327167,1.069327167
1786168464.290636063,86.650621620,0.000000000,NONE,0,0.050038764,0.000000000,100.000000000,-1.000000000,0.000039646,99.994227705,-0.839907993,-0.000039646,0.005772295,-0.160092007,0.000103780,0.008909283,-0.240128820,0.012446265,0.043989998,-0.044193360,-0.012342485,-0.035080715,-0.195935460,-0.648286601,-1.181952187,-2.170564246,0.073429698,-0.002784175,-0.019726199,0.462491247,-0.138347946,0.128484847,-0.452628147,1.085282123,1.085282123
1786168464.340606928,86.700592477,0.000000000,NONE,0,0.049966800,0.000000000,100.000000000,-1.000000000,0.000440232,99.996315063,-0.842012177,-0.000440232,0.003684937,-0.157987823,-0.001196442,0.006109954,-0.236965330,0.009948454,0.039280481,-0.040650409,-0.011144896,-0.033170527,-0.196314921,-0.577357162,-1.075284995,-2.201987081,0.073298286,-0.002638118,-0.017998743,0.417660225,-0.128981644,0.119982272,-0.408660854,1.100993540,1.100993540
1786168464.390601873,86.750587465,0.000000000,NONE,0,0.049993427,0.000000000,100.000000000,-1.000000000,0.000744473,99.998172269,-0.843948349,-0.000744473,0.001827731,-0.156051651,-0.002222137,0.003615780,-0.234057720,0.007739309,0.035062168,-0.037367146,-0.009961446,-0.031446389,-0.196690574,-0.507062003,-0.978222551,-2.233119175,0.073175156,-0.002500785,-0.016838286,0.375530710,-0.121999709,0.113580566,-0.367111567,1.116559587,1.116559587
1786168464.440752983,86.800738390,0.000000000,NONE,0,0.050025931,0.000000000,100.000000000,-1.000000000,0.000963704,99.999823833,-0.845729060,-0.000963704,0.000176167,-0.154270940,-0.002981078,0.001361068,-0.231387871,0.005817792,0.031279548,-0.034335010,-0.008798869,-0.029918480,-0.197052860,-0.438148491,-0.892100846,-2.263136045,0.073058108,-0.002383829,-0.015953593,0.336550733,-0.117476487,0.109499691,-0.328573936,1.131568023,1.131568023
1786168464.490666389,86.850652130,0.000000000,NONE,0,0.050028886,0.000000000,100.000000000,-1.000000000,0.001109308,100.001291347,-0.847366017,-0.001109308,-0.001291347,-0.152633983,-0.003486854,-0.000706615,-0.228937572,0.004174945,0.027872313,-0.031538937,-0.007661799,-0.028578928,-0.197398635,-0.370783239,-0.816389528,-2.291947600,0.072944639,-0.002291259,-0.015100427,0.300568299,-0.115176679,0.107626465,-0.293018085,1.145973800,1.145973800
1786168464.540639162,86.900624790,0.000000000,NONE,0,0.049992686,0.000000000,100.000000000,-1.000000000,0.001192976,100.002594051,-0.848870303,-0.001192976,-0.002594051,-0.151129697,-0.003758805,-0.002627241,-0.226688616,0.002809276,0.024797053,-0.028968180,-0.006568081,-0.027424294,-0.197720435,-0.306268975,-0.751966887,-2.318941347,0.072832685,-0.002221195,-0.014126982,0.268090711,-0.114956223,0.107892733,-0.261027220,1.159470674,1.159470674
1786168464.590610743,86.950596323,0.000000000,NONE,0,0.049962087,0.000000000,100.000000000,-1.000000000,0.001222845,100.003528411,-0.849984957,-0.001222845,-0.003528411,-0.150015043,-0.003823834,-0.004075764,-0.225022881,0.001913087,0.022543619,-0.027064354,-0.005736921,-0.026619383,-0.197958527,-0.261808010,-0.712066576,-2.338881534,0.072743517,-0.002175382,-0.014720475,0.247148765,-0.116244760,0.108884523,-0.239788528,1.169440767,1.169440767
1786168464.640623808,87.000609545,0.000000000,NONE,0,0.050005006,0.000000000,100.000000000,-1.000000000,0.001221841,100.004571768,-0.851274479,-0.001221841,-0.004571768,-0.148725521,-0.003736120,-0.005783083,-0.223094969,0.000952779,0.019875843,-0.024823414,-0.004688899,-0.025658925,-0.198271554,-0.194689713,-0.653273087,-2.367245141,0.072631924,-0.002153343,-0.013277328,0.215310032,-0.117965176,0.111326511,-0.208671368,1.183622571,1.183622571
1786168464.690595865,87.050581495,0.000000000,NONE,0,0.049998378,0.000000000,100.000000000,-1.000000000,0.001186890,100.005486091,-0.852456055,-0.001186890,-0.005486091,-0.147543945,-0.003494920,-0.007371299,-0.221325718,0.000225681,0.017408958,-0.022756887,-0.003720602,-0.024780258,-0.198568831,-0.138193490,-0.604406032,-2.392704369,0.072520003,-0.002141904,-0.011689853,0.188572344,-0.119475599,0.113630672,-0.182727418,1.196352184,1.196352184
1786168464.740624189,87.100609791,0.000000000,NONE,0,0.050008568,0.000000000,100.000000000,-1.000000000,0.001128919,100.006282387,-0.853538277,-0.001128919,-0.006282387,-0.146461723,-0.003143902,-0.008828774,-0.219701324,-0.000279719,0.015129061,-0.020856341,-0.002864183,-0.023957835,-0.198844984,-0.089009988,-0.558596421,-2.416583440,0.072409436,-0.002119930,-0.010306363,0.164478193,-0.119973199,0.114820018,-0.159325011,1.208291720,1.208291720
1786168464.790639639,87.150625328,0.000000000,NONE,0,0.050023744,0.000000000,100.000000000,-1.000000000,0.001057461,100.006970103,-0.854529022,-0.001057461,-0.006970103,-0.145470978,-0.002726424,-0.010138004,-0.218210164,-0.000593891,0.013020899,-0.019106635,-0.002132532,-0.023158904,-0.199103530,-0.047546703,-0.513616388,-2.439307964,0.072301947,-0.002086116,-0.009279055,0.142610536,-0.118837185,0.114197657,-0.137971009,1.219653982,1.219653982
1786168464.840612650,87.200598303,0.000000000,NONE,0,0.049957991,0.000000000,100.000000000,-1.000000000,0.000980529,100.007557920,-0.855435513,-0.000980529,-0.007557920,-0.144564487,-0.002283155,-0.011281745,-0.216842574,-0.000752653,0.011077423,-0.017492724,-0.001530502,-0.022359168,-0.199349850,-0.013932501,-0.468030079,-2.461292048,0.072198415,-0.002047567,-0.008595726,0.122639576,-0.115673326,0.111375463,-0.118341713,1.230646024,1.230646024
1786168464.890604258,87.250589959,0.000000000,NONE,0,0.050000717,0.000000000,100.000000000,-1.000000000,0.000904802,100.008054633,-0.856264708,-0.000904802,-0.008054633,-0.143735292,-0.001850729,-0.012247744,-0.215589911,-0.000783130,0.009308058,-0.016010121,-0.001067599,-0.021555802,-0.199579789,0.011107459,-0.422049031,-2.482045530,0.072098607,-0.002013374,-0.008162991,0.104776141,-0.110329870,0.106248375,-0.100694645,1.241022765,1.241022765
1786168464.940599918,87.300585479,0.000000000,NONE,0,0.049997770,0.000000000,100.000000000,-1.000000000,0.000835248,100.008468971,-0.857023084,-0.000835248,-0.008468971,-0.142976916,-0.001459756,-0.013030014,-0.214444472,-0.000722405,0.007712858,-0.014647421,-0.000737351,-0.020742871,-0.199797051,0.028312923,-0.375114045,-2.501995246,0.072001359,-0.001991193,-0.007804825,0.088651487,-0.102807948,0.098905536,-0.084749074,1.250997623,1.250997623
1786168464.990608692,87.350594122,0.000000000,NONE,0,0.050002400,0.000000000,100.000000000,-1.000000000,0.000775231,100.008809870,-0.857716761,-0.000775231,-0.008809870,-0.142283239,-0.001134455,-0.013629981,-0.213398899,-0.000600442,0.006299161,-0.013399726,-0.000534014,-0.019929142,-0.199999173,0.038001392,-0.327999223,-2.520840862,0.071905004,-0.001985190,-0.007347234,0.074336266,-0.093336962,0.089663345,-0.070662649,1.260420431,1.260420431
1786168465.040712357,87.400698085,0.000000000,NONE,0,0.050042783,0.000000000,100.000000000,-1.000000000,0.000726537,100.009086020,-0.858351281,-0.000726537,-0.009086020,-0.141648719,-0.000892378,-0.014055674,-0.212446202,-0.000448023,0.005061688,-0.012256078,-0.000444354,-0.019117361,-0.200190124,0.041118357,-0.280725480,-2.538989945,0.071807960,-0.001993360,-0.006688965,0.061574022,-0.082133200,0.078788718,-0.058229539,1.269494973,1.269494973
1786168465.090635061,87.450620548,0.000000000,NONE,0,0.049946084,0.000000000,100.000000000,-1.000000000,0.000689661,100.009306277,-0.858931893,-0.000689661,-0.009306277,-0.141068107,-0.000744774,-0.014322844,-0.211579090,-0.000288061,0.004005674,-0.011213431,-0.000456713,-0.018328518,-0.200365659,0.038337825,-0.234861179,-2.555979844,0.071709139,-0.002011748,-0.005762631,0.050571496,-0.069740409,0.066859093,-0.047690180,1.277989922,1.277989922
1786168465.140648127,87.500633680,0.000000000,NONE,0,0.050035947,0.000000000,100.000000000,-1.000000000,0.000668258,100.009448270,-0.859360904,-0.000668258,-0.009448270,-0.140639096,-0.000698532,-0.014438908,-0.210941796,-0.000169735,0.003300213,-0.010452513,-0.000528797,-0.017739122,-0.200489283,0.032809604,-0.204211303,-2.568605575,0.071628570,-0.002028613,-0.006316413,0.044429528,-0.060834330,0.057676123,-0.041271322,1.284302787,1.284302787
1786168465.190603733,87.550589475,0.000000000,NONE,0,0.049970223,0.000000000,100.000000000,-1.000000000,0.000650431,100.009589404,-0.859856295,-0.000650431,-0.009589404,-0.140143705,-0.000727961,-0.014487287,-0.210209475,-0.000044233,0.002531310,-0.009563779,-0.000683728,-0.017018597,-0.200645696,0.021834796,-0.158872651,-2.585227084,0.071525640,-0.002077218,-0.004744309,0.035445541,-0.046362939,0.043990784,-0.033073386,1.292613542,1.292613542
1786168465.240635872,87.600621594,0.000000000,NONE,0,0.050029931,0.000000000,100.000000000,-1.000000000,0.000640697,100.009697219,-0.860310108,-0.000640697,-0.009697219,-0.139689892,-0.000850908,-0.014460014,-0.209541254,0.000043378,0.001934980,-0.008764913,-0.000894287,-0.016394995,-0.200776341,0.008061451,-0.123760603,-2.598875884,0.071420023,-0.002123696,-0.002976440,0.029668898,-0.033699623,0.032211404,-0.028180678,1.299437942,1.299437942
1786168465.290677786,87.650663416,0.000000000,NONE,0,0.049980846,0.000000000,100.000000000,-1.000000000,0.000636133,100.009779822,-0.860726561,-0.000636133,-0.009779822,-0.139273439,-0.001054513,-0.014393626,-0.208928881,0.000077357,0.001487896,-0.008045220,-0.001131870,-0.015881523,-0.200883661,-0.006785187,-0.095393696,-2.610944347,0.071313562,-0.002142085,-0.001404330,0.025895803,-0.022503210,0.021801044,-0.025193638,1.305472174,1.305472174
1786168465.340626240,87.700611787,0.000000000,NONE,0,0.050003977,0.000000000,100.000000000,-1.000000000,0.000633965,100.009832077,-0.861035242,-0.000633965,-0.009832077,-0.138964758,-0.001262018,-0.014334427,-0.208474343,0.000059251,0.001221420,-0.007522295,-0.001321269,-0.015555847,-0.200952048,-0.017239246,-0.079872181,-2.619976013,0.071229183,-0.002133308,-0.001865254,0.024744170,-0.016124547,0.015191920,-0.023811543,1.309988007,1.309988007
1786168465.390583515,87.750569106,0.000000000,NONE,0,0.049982441,0.000000000,100.000000000,-1.000000000,0.000630346,100.009883900,-0.861392965,-0.000630346,-0.009883900,-0.138607035,-0.001551668,-0.014274634,-0.207945485,-0.000008958,0.000949145,-0.006913817,-0.001542709,-0.015223780,-0.201031668,-0.031245785,-0.060066890,-2.630798756,0.071125158,-0.002134253,-0.000643804,0.022989120,-0.007366227,0.007044326,-0.022667218,1.315399378,1.315399378
1786168465.440677404,87.800662879,0.000000000,NONE,0,0.050054159,0.000000000,100.000000000,-1.000000000,0.000623482,100.009923821,-0.861721900,-0.000623482,-0.009923821,-0.138278100,-0.001855716,-0.014249101,-0.207455666,-0.000121848,0.000748230,-0.006361019,-0.001733868,-0.014997331,-0.201094646,-0.042196830,-0.048919169,-2.639905310,0.071022237,-0.002122639,0.000363866,0.022688033,-0.001589618,0.001771551,-0.022869966,1.319952655,1.319952655
1786168465.490619898,87.850605418,0.000000000,NONE,0,0.049980778,0.000000000,100.000000000,-1.000000000,0.000610769,100.009955054,-0.862024782,-0.000610769,-0.009955054,-0.137975218,-0.002151436,-0.014274909,-0.207000076,-0.000276814,0.000600601,-0.005859470,-0.001874622,-0.014875510,-0.201140606,-0.049742548,-0.044124729,-2.647810440,0.070921150,-0.002084094,0.000975967,0.023222827,0.001648446,-0.001160463,-0.023710811,1.323905220,1.323905220
1786168465.540652990,87.900638667,0.000000000,NONE,0,0.050015252,0.000000000,100.000000000,-1.000000000,0.000590245,100.009979194,-0.862303917,-0.000590245,-0.009979194,-0.137696083,-0.002415551,-0.014358280,-0.206575238,-0.000461460,0.000474565,-0.005400985,-0.001954091,-0.014832844,-0.201174252,-0.053389808,-0.043702863,-2.654949708,0.070822339,-0.002025271,0.001208205,0.023971117,0.002723787,-0.002119685,-0.024575219,1.327474854,1.327474854
1786168465.590627432,87.950612951,0.000000000,NONE,0,0.049992543,0.000000000,100.000000000,-1.000000000,0.000560571,100.009996279,-0.862561358,-0.000560571,-0.009996279,-0.137438642,-0.002624405,-0.014488114,-0.206179175,-0.000665282,0.000340489,-0.004981571,-0.001959123,-0.014828604,-0.201197604,-0.052302742,-0.044874166,-2.661407899,0.070725903,-0.001955853,0.001157347,0.024004890,0.002146481,-0.001567807,-0.024583564,1.330703950,1.330703950
1786168465.640647650,88.000633276,0.000000000,NONE,0,0.049983815,0.000000000,100.000000000,-1.000000000,0.000521480,100.010005901,-0.862799046,-0.000521480,-0.010005901,-0.137200954,-0.002763169,-0.014651111,-0.205810146,-0.000864962,0.000195553,-0.004599284,-0.001898207,-0.014846664,-0.201210863,-0.047411495,-0.047138759,-2.667162822,0.070631842,-0.001885333,0.000916131,0.023408531,0.000297217,0.000160849,-0.023866596,1.333581411,1.333581411
1786168465.690671444,88.050656894,0.000000000,NONE,0,0.050023733,0.000000000,100.000000000,-1.000000000,0.000484561,100.010009174,-0.862976122,-0.000484561,-0.010009174,-0.137023878,-0.002833371,-0.014820690,-0.205531586,-0.000989606,0.000100419,-0.004318065,-0.001843765,-0.014921109,-0.201213520,-0.044340188,-0.053488394,-2.672169449,0.070558320,-0.001833101,-0.000783556,0.024653035,-0.002482941,0.002091163,-0.024261256,1.336084724,1.336084724
1786168465.740628481,88.100614054,0.000000000,NONE,0,0.049975333,0.000000000,100.000000000,-1.000000000,0.000429959,100.010002503,-0.863182378,-0.000429959,-0.010002503,-0.136817622,-0.002815266,-0.014980349,-0.205209846,-0.001192082,-0.000143349,-0.003990542,-0.001623184,-0.014837000,-0.201219304,-0.027815557,-0.046005800,-2.677664875,0.070467741,-0.001806606,-0.000845476,0.018666708,-0.004758930,0.004336192,-0.018243970,1.338832438,1.338832438
1786168465.790598392,88.150584096,0.000000000,NONE,0,0.049985264,0.000000000,100.000000000,-1.000000000,0.000368670,100.009985572,-0.863373171,-0.000368670,-0.009985572,-0.136626829,-0.002706307,-0.015105885,-0.204913760,-0.001309269,-0.000325922,-0.003691703,-0.001397038,-0.014779963,-0.201222057,-0.014142537,-0.043784190,-2.682826011,0.070377737,-0.001798855,-0.000758368,0.014671274,-0.007600005,0.007220821,-0.014292090,1.341413005,1.341413005
1786168465.840610504,88.200596165,0.000000000,NONE,0,0.049991848,0.000000000,100.000000000,-1.000000000,0.000303760,100.009959598,-0.863549920,-0.000303760,-0.009959598,-0.136450080,-0.002518598,-0.015190921,-0.204641614,-0.001371111,-0.000502413,-0.003421226,-0.001147487,-0.014688508,-0.201220388,0.001316204,-0.038172997,-2.687650475,0.070288525,-0.001792877,-0.000708954,0.009391437,-0.010049539,0.009695062,-0.009036960,1.343825237,1.343825237
1786168465.890596151,88.250581825,0.000000000,NONE,0,0.049996702,0.000000000,100.000000000,-1.000000000,0.000237841,100.009925127,-0.863713921,-0.000237841,-0.009925127,-0.136286079,-0.002262947,-0.015223631,-0.204392160,-0.001376650,-0.000665253,-0.003176456,-0.000886296,-0.014558378,-0.201215704,0.017256128,-0.030032031,-2.692292301,0.070200412,-0.001788769,-0.000720593,0.003374124,-0.012002188,0.011641891,-0.003013827,1.346146150,1.346146150
1786168465.940590143,88.300575564,0.000000000,NONE,0,0.050007014,0.000000000,100.000000000,-1.000000000,0.000186275,100.009892380,-0.863836777,-0.000186275,-0.009892380,-0.136163223,-0.002019135,-0.015210273,-0.204207699,-0.001334791,-0.000773874,-0.002999821,-0.000684344,-0.014436398,-0.201207877,0.028220301,-0.023206569,-2.696712519,0.070130339,-0.001792732,-0.002089077,-0.000731164,-0.013378987,0.012334448,0.001775702,1.348356259,1.348356259
1786168465.990609407,88.350594972,0.000000000,NONE,0,0.049999937,0.000000000,100.000000000,-1.000000000,0.000125129,100.009846595,-0.863980924,-0.000125129,-0.009846595,-0.136019076,-0.001674039,-0.015149521,-0.203993994,-0.001252271,-0.000874818,-0.002799682,-0.000421768,-0.014274703,-0.201194312,0.045238107,-0.012925778,-2.700678034,0.070042475,-0.001826352,-0.001728009,-0.007646080,-0.014972974,0.014108969,0.008510085,1.350339017,1.350339017
1786168466.040604591,88.400590286,0.000000000,NONE,0,0.049974335,0.000000000,100.000000000,-1.000000000,0.000070909,100.009796020,-0.864115635,-0.000070909,-0.009796020,-0.135884365,-0.001322411,-0.015022058,-0.203798372,-0.001087289,-0.000969035,-0.002620900,-0.000235122,-0.014053023,-0.201177472,0.054964574,0.001520395,-2.704460426,0.069952444,-0.001867893,-0.001101797,-0.013845793,-0.013636494,0.013085596,0.014396692,1.352230213,1.352230213
1786168466.090609550,88.450595133,0.000000000,NONE,0,0.050029673,0.000000000,100.000000000,-1.000000000,0.000026126,100.009743533,-0.864241950,-0.000026126,-0.009743533,-0.135758050,-0.000985616,-0.014844638,-0.203618104,-0.000884618,-0.000992895,-0.002462652,-0.000100998,-0.013851743,-0.201155452,0.061992657,0.013243945,-2.707847696,0.069860136,-0.001898344,-0.000402808,-0.018708448,-0.012287880,0.012086476,0.018909852,1.353923848,1.353923848
1786168466.140573263,88.500558816,0.000000000,NONE,0,0.049971433,0.000000000,100.000000000,-1.000000000,-0.000007905,100.009692224,-0.864360804,0.000007905,-0.009692224,-0.135639196,-0.000681306,-0.014639472,-0.203450402,-0.000655428,-0.000962291,-0.002321808,-0.000025878,-0.013677181,-0.201128594,0.065345732,0.023309207,-2.710895673,0.069765886,-0.001914847,0.000329663,-0.022246151,-0.010426716,0.010591547,0.022081319,1.355447836,1.355447836
1786168466.190653324,88.550639086,0.000000000,NONE,0,0.050053470,0.000000000,100.000000000,-1.000000000,-0.000030357,100.009644663,-0.864473050,0.000030357,-0.009644663,-0.135526950,-0.000426200,-0.014427944,-0.203292758,-0.000412266,-0.000883904,-0.002196796,-0.000013934,-0.013544040,-0.201095962,0.064810868,0.030596390,-2.713529679,0.069670411,-0.001915644,0.001001150,-0.024102102,-0.008303332,0.008803907,0.023601527,1.356764839,1.356764839
1786168466.240643263,88.600628988,0.000000000,NONE,0,0.049977268,0.000000000,100.000000000,-1.000000000,-0.000041095,100.009602927,-0.864579441,0.000041095,-0.009602927,-0.135420559,-0.000233236,-0.014230781,-0.203142951,-0.000169898,-0.000768907,-0.002085241,-0.000063338,-0.013461874,-0.201057710,0.060623981,0.034606844,-2.715762820,0.069574695,-0.001901554,0.001563211,-0.024198509,-0.006113481,0.006895087,0.023416904,1.357881410,1.357881410
1786168466.290608883,88.650594602,0.000000000,NONE,0,0.049986528,0.000000000,100.000000000,-1.000000000,-0.000040623,100.009568442,-0.864680620,0.000040623,-0.009568442,-0.135319380,-0.000111391,-0.014066010,-0.202999115,0.000058484,-0.000630438,-0.001985154,-0.000169875,-0.013435572,-0.201013960,0.053086726,0.035088409,-2.717614459,0.069479828,-0.001874064,0.001931518,-0.022526663,-0.004016700,0.004982459,0.021560904,1.358807229,1.358807229
1786168466.340620041,88.700605614,0.000000000,NONE,0,0.050017969,0.000000000,100.000000000,-1.000000000,-0.000030090,100.009541903,-0.864777154,0.000030090,-0.009541903,-0.135222846,-0.000065409,-0.013947548,-0.202859710,0.000259331,-0.000482877,-0.001895239,-0.000324741,-0.013464672,-0.200964471,0.042822200,0.032151931,-2.719061921,0.069386839,-0.001835686,0.002045666,-0.019254949,-0.002156151,0.003178984,0.018232116,1.359530961,1.359530961
1786168466.390621424,88.750607023,0.000000000,NONE,0,0.050007514,0.000000000,100.000000000,-1.000000000,-0.000015481,100.009526359,-0.864851329,0.000015481,-0.009526359,-0.135148671,-0.000083818,-0.013892391,-0.202750594,0.000392779,-0.000368519,-0.001829172,-0.000476597,-0.013523872,-0.200921421,0.033758254,0.027777307,-2.721200795,0.069314263,-0.001800946,0.000571928,-0.015526872,-0.001352255,0.001638219,0.015240908,1.360600397,1.360600397
1786168466.440613031,88.800598701,0.000000000,NONE,0,0.049983195,0.000000000,100.000000000,-1.000000000,0.000008562,100.009513003,-0.864940604,-0.000008562,-0.009513003,-0.135059396,-0.000163635,-0.013867073,-0.202616972,0.000517369,-0.000248732,-0.001755681,-0.000681004,-0.013618341,-0.200861291,0.020423056,0.021116476,-2.721669351,0.069225227,-0.001787533,0.000640466,-0.010545000,0.000333471,-0.000013239,0.010224767,1.360834675,1.360834675
1786168466.490601063,88.850586441,0.000000000,NONE,0,0.050009925,0.000000000,100.000000000,-1.000000000,0.000037800,100.009506307,-0.865026419,-0.000037800,-0.009506307,-0.134973581,-0.000314745,-0.013907531,-0.202484614,0.000611721,-0.000131424,-0.001687124,-0.000926466,-0.013776107,-0.200797490,0.004849991,0.009955293,-2.722151474,0.069136969,-0.001779579,0.000706519,-0.003877951,0.001452955,-0.001099696,0.003524691,1.361075737,1.361075737
1786168466.540591002,88.900576579,0.000000000,NONE,0,0.049988966,0.000000000,100.000000000,-1.000000000,0.000069118,100.009502888,-0.865108878,-0.000069118,-0.009502888,-0.134891122,-0.000510627,-0.013975756,-0.202355497,0.000631604,-0.000090834,-0.001621090,-0.001142230,-0.013884922,-0.200734407,-0.007540134,0.003911551,-2.722766748,0.069049481,-0.001762410,0.000630383,0.000749550,0.003020517,-0.002705325,-0.001064742,1.361383374,1.361383374
1786168466.590613365,88.950598941,0.000000000,NONE,0,0.050003459,0.000000000,100.000000000,-1.000000000,0.000100262,100.009501024,-0.865188102,-0.000100262,-0.009501024,-0.134811898,-0.000741105,-0.014065184,-0.202229592,0.000610895,-0.000070380,-0.001558075,-0.001352000,-0.013994804,-0.200671517,-0.020052745,-0.003244046,-2.723385833,0.068962833,-0.001741711,0.000458507,0.005709571,0.004316801,-0.004087548,-0.005938825,1.361692917,1.361692917
1786168466.640639067,89.000624675,0.000000000,NONE,0,0.050020122,0.000000000,100.000000000,-1.000000000,0.000128800,100.009499617,-0.865264236,-0.000128800,-0.009499617,-0.134735764,-0.000985503,-0.014172682,-0.202106732,0.000538890,-0.000070413,-0.001498140,-0.001524394,-0.014102268,-0.200608592,-0.029705972,-0.010228030,-2.723998028,0.068876813,-0.001720411,0.000236632,0.009924342,0.004928643,-0.004810327,-0.010042659,1.361999014,1.361999014
1786168466.690597773,89.050583487,0.000000000,NONE,0,0.049968667,0.000000000,100.000000000,-1.000000000,0.000152866,100.009496782,-0.865337435,-0.000152866,-0.009496782,-0.134662565,-0.001228509,-0.014279525,-0.201987816,0.000432131,-0.000106727,-0.001441212,-0.001660640,-0.014172797,-0.200546603,-0.037228078,-0.014309750,-2.724686759,0.068791247,-0.001700854,0.000011523,0.012881576,0.005732463,-0.005726701,-0.012887338,1.362343379,1.362343379
1786168466.740612268,89.100597981,0.000000000,NONE,0,0.050031029,0.000000000,100.000000000,-1.000000000,0.000170976,100.009491014,-0.865407870,-0.000170976,-0.009491014,-0.134592130,-0.001454345,-0.014369798,-0.201873677,0.000296928,-0.000165958,-0.001387584,-0.001751272,-0.014203840,-0.200486093,-0.041823626,-0.015934692,-2.725497446,0.068706016,-0.001685603,-0.000197313,0.014488908,0.006422905,-0.006521562,-0.014390251,1.362748723,1.362748723
1786168466.790608406,89.150593953,0.000000000,NONE,0,0.049994002,0.000000000,100.000000000,-1.000000000,0.000182042,100.009481418,-0.865475742,-0.000182042,-0.009481418,-0.134524258,-0.001648660,-0.014431160,-0.201764994,0.000143363,-0.000237255,-0.001337926,-0.001792023,-0.014193905,-0.200427068,-0.043345814,-0.015009612,-2.726404568,0.068621040,-0.001676449,-0.000352051,0.014676869,0.006996038,-0.007172063,-0.014500844,1.363202284,1.363202284
1786168466.840596676,89.200582209,0.000000000,NONE,0,0.049981674,0.000000000,100.000000000,-1.000000000,0.000185513,100.009467685,-0.865541286,-0.000185513,-0.009467685,-0.134458714,-0.001799856,-0.014455233,-0.201662206,-0.000016752,-0.000309424,-0.001292819,-0.001783103,-0.014145809,-0.200369387,-0.041886482,-0.011767044,-2.727400856,0.068536273,-0.001673731,-0.000449029,0.013525639,0.007417602,-0.007642117,-0.013301124,1.363700428,1.363700428
1786168466.890588045,89.250573725,0.000000000,NONE,0,0.049996515,0.000000000,100.000000000,-1.000000000,0.000182805,100.009453907,-0.865592226,-0.000182805,-0.009453907,-0.134407774,-0.001883924,-0.014444870,-0.201584302,-0.000141159,-0.000359313,-0.001260864,-0.001742765,-0.014085557,-0.200323437,-0.038896133,-0.008238284,-2.729427133,0.068468567,-0.001676392,-0.001852329,0.012246686,0.007201380,-0.008127544,-0.011320522,1.364713566,1.364713566
1786168466.940616608,89.300602390,0.000000000,NONE,0,0.050026500,0.000000000,100.000000000,-1.000000000,0.000172612,100.009433638,-0.865654334,-0.000172612,-0.009433638,-0.134345666,-0.001933017,-0.014393844,-0.201492155,-0.000293755,-0.000411840,-0.001228991,-0.001639261,-0.013982004,-0.200263165,-0.031473738,-0.001397279,-2.729931495,0.068383326,-0.001713568,-0.001503180,0.008593550,0.007143320,-0.007894910,-0.007841959,1.364965748,1.364965748
1786168466.990585089,89.350570732,0.000000000,NONE,0,0.049969508,0.000000000,100.000000000,-1.000000000,0.000155893,100.009411062,-0.865715053,-0.000155893,-0.009411062,-0.134284947,-0.001923603,-0.014306881,-0.201404944,-0.000415254,-0.000437278,-0.001201897,-0.001508350,-0.013869603,-0.200203047,-0.023104122,0.005370846,-2.730726988,0.068296146,-0.001758158,-0.000908343,0.004660405,0.006891656,-0.007345828,-0.004206233,1.365363494,1.365363494
1786168467.040615082,89.400600841,0.000000000,NONE,0,0.050013248,0.000000000,100.000000000,-1.000000000,0.000134074,100.009387738,-0.865774538,-0.000134074,-0.009387738,-0.134225462,-0.001859414,-0.014193911,-0.201321820,-0.000505572,-0.000433039,-0.001178647,-0.001353842,-0.013760872,-0.200143174,-0.013386425,0.011721880,-2.731546734,0.068207349,-0.001790054,-0.000308188,0.000493183,0.006200029,-0.006354123,-0.000339089,1.365773367,1.365773367
1786168467.090593815,89.450579492,0.000000000,NONE,0,0.049998900,0.000000000,100.000000000,-1.000000000,0.000108711,100.009365389,-0.865832993,-0.000108711,-0.009365389,-0.134167007,-0.001744807,-0.014069211,-0.201241537,-0.000560341,-0.000396599,-0.001159824,-0.001184466,-0.013672612,-0.200081713,-0.002935540,0.016536781,-2.732214324,0.068117502,-0.001806333,0.000230759,-0.003458000,0.004925770,-0.004810391,0.003342620,1.366107162,1.366107162
1786168467.140629530,89.500615084,0.000000000,NONE,0,0.050011682,0.000000000,100.000000000,-1.000000000,0.000087339,100.009348959,-0.865879143,-0.000087339,-0.009348959,-0.134120857,-0.001626337,-0.013964312,-0.201178867,-0.000567663,-0.000355464,-0.001147668,-0.001058674,-0.013608849,-0.200031198,0.003732246,0.019757292,-2.733899437,0.068045237,-0.001807604,-0.000781479,-0.005677015,0.003810892,-0.004201631,0.006067754,1.366949718,1.366949718
1786168467.190718174,89.550703669,0.000000000,NONE,0,0.049984784,0.000000000,100.000000000,-1.000000000,0.000060023,100.009331368,-0.865936285,-0.000060023,-0.009331368,-0.134063715,-0.001442311,-0.013842091,-0.201101146,-0.000567810,-0.000282679,-0.001138924,-0.000874501,-0.013559412,-0.199962222,0.015957031,0.022358996,-2.733698774,0.067954094,-0.001830284,-0.000056564,-0.009564866,0.001586350,-0.001614632,0.009593148,1.366849387,1.366849387
1786168467.240664005,89.600649576,0.000000000,NONE,0,0.050021578,0.000000000,100.000000000,-1.000000000,0.000034055,100.009318029,-0.865993056,-0.000034055,-0.009318029,-0.134006944,-0.001239265,-0.013742342,-0.201022784,-0.000514103,-0.000193269,-0.001131798,-0.000725161,-0.013549073,-0.199890986,0.024226163,0.022068816,-2.733667487,0.067861364,-0.001846660,0.000736544,-0.011757881,-0.000355201,0.000723473,0.011389609,1.366833744,1.366833744
1786168467.290676117,89.650661821,0.000000000,NONE,0,0.050029663,0.000000000,100.000000000,-1.000000000,0.000011686,100.009310033,-0.866049431,-0.000011686,-0.009310033,-0.133950569,-0.001037894,-0.013683571,-0.200942540,-0.000421249,-0.000089234,-0.001124217,-0.000616645,-0.013594337,-0.199818323,0.029927133,0.018024930,-2.733551199,0.067768215,-0.001839853,0.001339519,-0.012322895,-0.002640671,0.003310431,0.011653136,1.366775600,1.366775600
1786168467.340599298,89.700584838,0.000000000,NONE,0,0.049947945,0.000000000,100.000000000,-1.000000000,-0.000006083,100.009306591,-0.866105395,0.000006083,-0.009306591,-0.133894605,-0.000843276,-0.013657853,-0.200860902,-0.000314991,-0.000011401,-0.001116038,-0.000528285,-0.013646452,-0.199744864,0.034833040,0.014472460,-2.733379190,0.067675916,-0.001811666,0.001681070,-0.012746642,-0.004669878,0.005510412,0.011906107,1.366689595,1.366689595
1786168467.390582800,89.750568507,0.000000000,NONE,0,0.049993802,0.000000000,100.000000000,-1.000000000,-0.000018236,100.009307215,-0.866160921,0.000018236,-0.009307215,-0.133839079,-0.000667616,-0.013667930,-0.200777664,-0.000189315,0.000057454,-0.001106971,-0.000478301,-0.013725385,-0.199670693,0.037063527,0.008836864,-2.733165509,0.067585495,-0.001770023,0.001740629,-0.011910255,-0.006621509,0.007491823,0.011039940,1.366582754,1.366582754
1786168467.440659761,89.800645213,0.000000000,NONE,0,0.050011609,0.000000000,100.000000000,-1.000000000,-0.000023421,100.009310128,-0.866204996,0.000023421,-0.009310128,-0.133795004,-0.000547732,-0.013700344,-0.200710016,-0.000081832,0.000096541,-0.001098860,-0.000465899,-0.013796886,-0.199611156,0.037051079,0.004283004,-2.734282478,0.067514937,-0.001731889,0.000250871,-0.010396239,-0.008129301,0.008254737,0.010270803,1.367141239,1.367141239
1786168467.490573168,89.850558762,0.000000000,NONE,0,0.049967012,0.000000000,100.000000000,-1.000000000,-0.000024218,100.009315849,-0.866259724,0.000024218,-0.009315849,-0.133740276,-0.000425783,-0.013766156,-0.200624319,0.000047222,0.000126963,-0.001092436,-0.000473005,-0.013893119,-0.199531883,0.036228423,-0.002472794,-2.733322310,0.067428475,-0.001713502,0.000245519,-0.008500287,-0.009613924,0.009736684,0.008377527,1.366661155,1.366661155
1786168467.540652990,89.900638592,0.000000000,NONE,0,0.050080624,0.000000000,100.000000000,-1.000000000,-0.000016469,100.009324310,-0.866324974,0.000016469,-0.009324310,-0.133675026,-0.000336458,-0.013871486,-0.200520245,0.000207787,0.000131532,-0.001082302,-0.000544245,-0.014003018,-0.199437943,0.030663309,-0.009908840,-2.731451217,0.067325682,-0.001702386,0.001614381,-0.005592212,-0.009739442,0.010546633,0.004785022,1.365725608,1.365725608
1786168467.590607405,89.950592916,0.000000000,NONE,0,0.049935559,0.000000000,100.000000000,-1.000000000,-0.000005980,100.009329608,-0.866367955,0.000005980,-0.009329608,-0.133632045,-0.000321935,-0.013946501,-0.200451148,0.000307529,0.000104418,-0.001068020,-0.000629464,-0.014050919,-0.199383128,0.025250866,-0.012058375,-2.733370399,0.067258514,-0.001661063,-0.000142617,-0.003262468,-0.009362965,0.009291656,0.003333777,1.366685200,1.366685200
1786168467.640681982,90.000667657,0.000000000,NONE,0,0.050054184,0.000000000,100.000000000,-1.000000000,0.000011556,100.009334884,-0.866421010,-0.000011556,-0.009334884,-0.133578990,-0.000340280,-0.014039506,-0.200365595,0.000396071,0.000063339,-0.001056159,-0.000736351,-0.014102845,-0.199309436,0.018389810,-0.015804367,-2.732825571,0.067176279,-0.001641784,-0.000481491,-0.000525988,-0.008668917,0.008428171,0.000766734,1.366412786,1.366412786
1786168467.690683365,90.050669007,0.000000000,NONE,0,0.050042152,0.000000000,100.000000000,-1.000000000,0.000033216,100.009338008,-0.866473560,-0.000033216,-0.009338008,-0.133526440,-0.000401028,-0.014123177,-0.200281107,0.000466434,0.000007628,-0.001044961,-0.000867462,-0.014130805,-0.199236146,0.010014712,-0.017537372,-2.732688012,0.067094138,-0.001641753,-0.000625625,0.002037071,-0.007044427,0.006731615,-0.001724259,1.366344006,1.366344006
1786168467.740709782,90.100695537,0.000000000,NONE,0,0.050005776,0.000000000,100.000000000,-1.000000000,0.000058002,100.009337833,-0.866525511,-0.000058002,-0.009337833,-0.133474489,-0.000504913,-0.014181150,-0.200198839,0.000512858,-0.000068147,-0.001032606,-0.001017771,-0.014113003,-0.199166233,0.000580362,-0.016033068,-2.732840329,0.067011624,-0.001645983,-0.000684096,0.004034200,-0.004324382,0.003982334,-0.003692152,1.366420165,1.366420165
1786168467.790595293,90.150580811,0.000000000,NONE,0,0.049882154,0.000000000,100.000000000,-1.000000000,0.000084374,100.009333924,-0.866576848,-0.000084374,-0.009333924,-0.133423152,-0.000644864,-0.014205279,-0.200119326,0.000525050,-0.000143777,-0.001020692,-0.001169915,-0.014061501,-0.199098633,-0.008629319,-0.012669681,-2.733116978,0.066928533,-0.001653246,-0.000641270,0.005485068,-0.001170408,0.000849773,-0.005164432,1.366558489,1.366558489
1786168467.840580702,90.200566115,0.000000000,NONE,0,0.049997416,0.000000000,100.000000000,-1.000000000,0.000110520,100.009326369,-0.866627613,-0.000110520,-0.009326369,-0.133372387,-0.000809122,-0.014191013,-0.200042823,0.000501044,-0.000212108,-0.001010042,-0.001310166,-0.013978905,-0.199032781,-0.016843647,-0.007412750,-2.733520946,0.066844819,-0.001662455,-0.000536213,0.006198153,0.002223671,-0.002491777,-0.005930046,1.366760473,1.366760473
1786168467.890593290,90.250578787,0.000000000,NONE,0,0.050021095,0.000000000,100.000000000,-1.000000000,0.000134889,100.009316088,-0.866677882,-0.000134889,-0.009316088,-0.133322118,-0.000989092,-0.014145679,-0.199968772,0.000449730,-0.000254609,-0.001001253,-0.001438822,-0.013891070,-0.198967519,-0.024381303,-0.002287787,-2.733941384,0.066760551,-0.001672608,-0.000372076,0.006760291,0.005430360,-0.005616398,-0.006574254,1.366970692,1.366970692
1786168467.940609694,90.300595294,0.000000000,NONE,0,0.050008890,0.000000000,100.000000000,-1.000000000,0.000155900,100.009304046,-0.866727756,-0.000155900,-0.009304046,-0.133272244,-0.001172507,-0.014074768,-0.199896741,0.000368084,-0.000276727,-0.000994601,-0.001540592,-0.013798041,-0.198902140,-0.030007912,0.003206523,-2.734335605,0.066675890,-0.001681996,-0.000174137,0.006743881,0.008260075,-0.008347143,-0.006656813,1.367167802,1.367167802
1786168467.990578175,90.350563665,0.000000000,NONE,0,0.049990986,0.000000000,100.000000000,-1.000000000,0.000172180,100.009291203,-0.866777340,-0.000172180,-0.009291203,-0.133222660,-0.001346203,-0.013985094,-0.199826248,0.000263434,-0.000276671,-0.000989893,-0.001609637,-0.013708423,-0.198836355,-0.033557892,0.008366104,-2.734692063,0.066591055,-0.001689441,0.000029267,0.006290630,0.010488316,-0.010473682,-0.006305264,1.367346032,1.367346032
1786168468.040630579,90.400616074,0.000000000,NONE,0,0.050001648,0.000000000,100.000000000,-1.000000000,0.000182750,100.009278656,-0.866826732,-0.000182750,-0.009278656,-0.133173268,-0.001498637,-0.013886489,-0.199756661,0.000143936,-0.000253451,-0.000986940,-0.001642573,-0.013633038,-0.198769721,-0.034873348,0.012473828,-2.734980396,0.066506226,-0.001694162,0.000211950,0.005546893,0.011889782,-0.011783807,-0.005652868,1.367490198,1.367490198
1786168468.090578079,90.450563774,0.000000000,NONE,0,0.049999657,0.000000000,100.000000000,-1.000000000,0.000187037,100.009267458,-0.866876021,-0.000187037,-0.009267458,-0.133123979,-0.001620134,-0.013789864,-0.199687312,0.000017831,-0.000209980,-0.000985440,-0.001637966,-0.013579884,-0.198701873,-0.033905046,0.015083848,-2.735174179,0.066421519,-0.001695743,0.000362213,0.004614746,0.012337777,-0.012156670,-0.004795853,1.367587090,1.367587090
1786168468.140575647,90.500561247,0.000000000,NONE,0,0.049998588,0.000000000,100.000000000,-1.000000000,0.000184892,100.009258468,-0.866925277,-0.000184892,-0.009258468,-0.133074723,-0.001703191,-0.013705822,-0.199617581,-0.000106579,-0.000151768,-0.000984976,-0.001596612,-0.013554054,-0.198632606,-0.030741966,0.015925336,-2.735262773,0.066336960,-0.001694535,0.000481283,0.003583837,0.011787146,-0.011546505,-0.003824478,1.367631387,1.367631387
1786168468.190584421,90.550569975,0.000000000,NONE,0,0.050002434,0.000000000,100.000000000,-1.000000000,0.000176618,100.009252228,-0.866974546,-0.000176618,-0.009252228,-0.133025454,-0.001743306,-0.013642621,-0.199546997,-0.000221111,-0.000085687,-0.000985071,-0.001522194,-0.013556934,-0.198561926,-0.025660376,0.014971753,-2.735251330,0.066252595,-0.001689247,0.000552080,0.002534136,0.010296052,-0.010020012,-0.002810176,1.367625665,1.367625665
1786168468.240603209,90.600588790,0.000000000,NONE,0,0.050002634,0.000000000,100.000000000,-1.000000000,0.000162910,100.009248963,-0.867023843,-0.000162910,-0.009248963,-0.132976157,-0.001738355,-0.013606558,-0.199475194,-0.000318468,-0.000019428,-0.000985255,-0.001419887,-0.013587130,-0.198489939,-0.018998848,0.012349351,-2.735148641,0.066168463,-0.001680709,0.000580043,0.001517363,0.007982060,-0.007692039,-0.001807385,1.367574321,1.367574321
1786168468.290609360,90.650595096,0.000000000,NONE,0,0.050006354,0.000000000,100.000000000,-1.000000000,0.000144830,100.009248517,-0.867073154,-0.000144830,-0.009248517,-0.132926846,-0.001689255,-0.013600452,-0.199401992,-0.000392358,0.000039244,-0.000985070,-0.001296897,-0.013639696,-0.198416921,-0.011230411,0.008419729,-2.734977936,0.066084639,-0.001669446,0.000564029,0.000561663,0.005053542,-0.004771528,-0.000843678,1.367488968,1.367488968
1786168468.340600729,90.700586319,0.000000000,NONE,0,0.049991406,0.000000000,100.000000000,-1.000000000,0.000123768,100.009250360,-0.867122442,-0.000123768,-0.009250360,-0.132877558,-0.001600578,-0.013622883,-0.199327425,-0.000437214,0.000082830,-0.000984144,-0.001163364,-0.013705713,-0.198343281,-0.003021982,0.003800007,-2.734767951,0.066001251,-0.001656119,0.000502820,-0.000320211,0.001831202,-0.001579792,0.000068801,1.367383976,1.367383976
1786168468.390621901,90.750607579,0.000000000,NONE,0,0.050014019,0.000000000,100.000000000,-1.000000000,0.000101443,100.009253609,-0.867171649,-0.000101443,-0.009253609,-0.132828351,-0.001481762,-0.013667352,-0.199251803,-0.000448064,0.000104866,-0.000982204,-0.001033698,-0.013772219,-0.198269600,0.004671115,-0.000636894,-2.734568214,0.065918463,-0.001641832,0.000389266,-0.001105872,-0.001229686,0.001424318,0.000911239,1.367284107,1.367284107
1786168468.440695047,90.800680520,0.000000000,NONE,0,0.050022022,0.000000000,100.000000000,-1.000000000,0.000078795,100.009258106,-0.867220719,-0.000078795,-0.009258106,-0.132779281,-0.001330851,-0.013741627,-0.199174604,-0.000441261,0.000122550,-0.000979289,-0.000889590,-0.013864177,-0.198195315,0.013603874,-0.007165660,-2.734313527,0.065836360,-0.001628647,0.000239149,-0.001669341,-0.005132596,0.005252171,0.001549766,1.367156764,1.367156764
1786168468.490853071,90.850838600,0.000000000,NONE,0,0.050213753,0.000000000,100.000000000,-1.000000000,0.000057602,100.009262308,-0.867269588,-0.000057602,-0.009262308,-0.132730412,-0.001161301,-0.013826617,-0.199096903,-0.000398599,0.000102678,-0.000975122,-0.000762702,-0.013929295,-0.198121781,0.020864227,-0.011060394,-2.734160989,0.065755060,-0.001616308,0.000016123,-0.002454989,-0.007977124,0.007985186,0.002446928,1.367080495,1.367080495
1786168468.540678263,90.900663861,0.000000000,NONE,0,0.049832362,0.000000000,100.000000000,-1.000000000,0.000039506,100.009265182,-0.867318203,-0.000039506,-0.009265182,-0.132681797,-0.000986323,-0.013912213,-0.199019251,-0.000327012,0.000064221,-0.000970071,-0.000659311,-0.013976434,-0.198049181,0.026616997,-0.014067998,-2.734021135,0.065674540,-0.001607937,-0.000171430,-0.003094392,-0.010214106,0.010128391,0.003180107,1.367010568,1.367010568
1786168468.590611219,90.950596927,0.000000000,NONE,0,0.049937416,0.000000000,100.000000000,-1.000000000,0.000025816,100.009265937,-0.867366529,-0.000025816,-0.009265937,-0.132633471,-0.000818616,-0.013987518,-0.198942315,-0.000232645,0.000009688,-0.000964239,-0.000585970,-0.013997206,-0.197978076,0.030411131,-0.015294739,-2.734020078,0.065594606,-0.001603291,-0.000374446,-0.003685486,-0.011520079,0.011332856,0.003872710,1.367010039,1.367010039
1786168468.640854120,91.000839481,0.000000000,NONE,0,0.050023589,0.000000000,100.000000000,-1.000000000,0.000018682,100.009264642,-0.867404973,-0.000018682,-0.009264642,-0.132595027,-0.000697123,-0.014034107,-0.198881690,-0.000145551,-0.000040747,-0.000959449,-0.000551572,-0.013993360,-0.197922242,0.031689033,-0.015021131,-2.735369783,0.065530884,-0.001603417,-0.001831547,-0.003709089,-0.012135428,0.011219654,0.004624862,1.367684892,1.367684892
1786168468.690618992,91.050604500,0.000000000,NONE,0,0.049969229,0.000000000,100.000000000,-1.000000000,0.000014705,100.009260545,-0.867452868,-0.000014705,-0.009260545,-0.132547132,-0.000563917,-0.014071656,-0.198807183,-0.000038398,-0.000103201,-0.000958069,-0.000525519,-0.013968455,-0.197849114,0.033080802,-0.013535117,-2.734846764,0.065450613,-0.001634581,-0.001639262,-0.004476606,-0.012063795,0.011244164,0.005296237,1.367423382,1.367423382
1786168468.740604162,91.100589696,0.000000000,NONE,0,0.049993360,0.000000000,100.000000000,-1.000000000,0.000016797,100.009253582,-0.867500759,-0.000016797,-0.009253582,-0.132499241,-0.000465633,-0.014078719,-0.198734366,0.000083546,-0.000167984,-0.000956860,-0.000549179,-0.013910735,-0.197777507,0.030657663,-0.009778719,-2.734809117,0.065368196,-0.001675375,-0.001173966,-0.004926244,-0.010402587,0.009815604,0.005513227,1.367404559,1.367404559
1786168468.790586472,91.150571851,0.000000000,NONE,0,0.049985316,0.000000000,100.000000000,-1.000000000,0.000025068,100.009244089,-0.867548572,-0.000025068,-0.009244089,-0.132451428,-0.000411118,-0.014052944,-0.198663593,0.000200507,-0.000221103,-0.000954831,-0.000611625,-0.013831841,-0.197708762,0.026121857,-0.004911441,-2.734995339,0.065283855,-0.001705286,-0.000653996,-0.005139105,-0.007921824,0.007594826,0.005466103,1.367497670,1.367497670
1786168468.840621710,91.200607402,0.000000000,NONE,0,0.050029327,0.000000000,100.000000000,-1.000000000,0.000038869,100.009232856,-0.867596322,-0.000038869,-0.009232856,-0.132403678,-0.000403509,-0.013997282,-0.198594740,0.000302126,-0.000254931,-0.000953604,-0.000705634,-0.013742351,-0.197641136,0.019834162,0.000444194,-2.735228952,0.065198186,-0.001721930,-0.000157739,-0.005030154,-0.004886927,0.004808057,0.005109024,1.367614476,1.367614476
1786168468.890614271,91.250599960,0.000000000,NONE,0,0.049987390,0.000000000,100.000000000,-1.000000000,0.000057164,100.009220909,-0.867644058,-0.000057164,-0.009220909,-0.132355942,-0.000442727,-0.013918858,-0.198527323,0.000381791,-0.000265582,-0.000953608,-0.000824518,-0.013653276,-0.197573716,0.012179767,0.005608325,-2.735450651,0.065111864,-0.001726685,0.000286058,-0.004518538,-0.001571346,0.001714375,0.004375509,1.367725326,1.367725326
1786168468.940613031,91.300598837,0.000000000,NONE,0,0.050002909,0.000000000,100.000000000,-1.000000000,0.000078672,100.009209395,-0.867691830,-0.000078672,-0.009209395,-0.132308170,-0.000526402,-0.013828471,-0.198460590,0.000435225,-0.000251506,-0.000954798,-0.000961627,-0.013576966,-0.197505792,0.003561569,0.009783768,-2.735624263,0.065025546,-0.001721398,0.000635707,-0.003495261,0.001714476,-0.001396623,0.003177407,1.367812131,1.367812131
1786168468.990611315,91.350596833,0.000000000,NONE,0,0.049999602,0.000000000,100.000000000,-1.000000000,0.000101825,100.009199296,-0.867739684,-0.000101825,-0.009199296,-0.132260316,-0.000648163,-0.013736392,-0.198393815,0.000456741,-0.000217181,-0.000956951,-0.001104904,-0.013519211,-0.197436864,-0.005193024,0.012734443,-2.735714999,0.064939832,-0.001708002,0.000864932,-0.002101588,0.004698100,-0.004265634,0.001669122,1.367857499,1.367857499
1786168469.040692806,91.400678444,0.000000000,NONE,0,0.049998963,0.000000000,100.000000000,-1.000000000,0.000124873,100.009191087,-0.867787646,-0.000124873,-0.009191087,-0.132212354,-0.000796650,-0.013647259,-0.198326659,0.000443519,-0.000173108,-0.000959615,-0.001240169,-0.013474151,-0.197367044,-0.013189950,0.015034262,-2.735743783,0.064855158,-0.001689546,0.000968912,-0.000703306,0.007298281,-0.006813825,0.000218850,1.367871891,1.367871891
1786168469.090600014,91.450585628,0.000000000,NONE,0,0.049993245,0.000000000,100.000000000,-1.000000000,0.000142327,100.009186015,-0.867826103,-0.000142327,-0.009186015,-0.132173897,-0.000930922,-0.013579108,-0.198272568,0.000413895,-0.000135444,-0.000961876,-0.001344817,-0.013443663,-0.197310692,-0.018901424,0.016378223,-2.737000505,0.064788336,-0.001673423,-0.000324500,0.000711925,0.008738787,-0.008901037,-0.000549675,1.368500253,1.368500253
1786168469.140610933,91.500596324,0.000000000,NONE,0,0.050023514,0.000000000,100.000000000,-1.000000000,0.000160684,100.009183165,-0.867874395,-0.000160684,-0.009183165,-0.132125605,-0.001088998,-0.013530630,-0.198202379,0.000332592,-0.000048354,-0.000969234,-0.001421590,-0.013482276,-0.197233145,-0.023000118,0.012443186,-2.736082327,0.064705205,-0.001681834,-0.000063494,0.002655106,0.008844953,-0.008876699,-0.002623360,1.368041164,1.368041164
1786168469.190591335,91.550576938,0.000000000,NONE,0,0.049977364,0.000000000,100.000000000,-1.000000000,0.000175093,100.009183313,-0.867923029,-0.000175093,-0.009183313,-0.132076971,-0.001241777,-0.013510992,-0.198129917,0.000254174,0.000008128,-0.000974507,-0.001495951,-0.013519121,-0.197155410,-0.027469264,0.009970030,-2.735562393,0.064621477,-0.001692090,0.000278064,0.004305293,0.009429340,-0.009290307,-0.004444325,1.367781197,1.367781197
1786168469.240610123,91.600595556,0.000000000,NONE,0,0.049992053,0.000000000,100.000000000,-1.000000000,0.000184889,100.009185802,-0.867971821,-0.000184889,-0.009185802,-0.132028179,-0.001381517,-0.013520111,-0.198055466,0.000157678,0.000057619,-0.000976647,-0.001539194,-0.013577730,-0.197078819,-0.029496933,0.005660034,-2.735150529,0.064537605,-0.001689736,0.000511609,0.005831323,0.008917144,-0.008661339,-0.006087127,1.367575265,1.367575265
1786168469.290639639,91.650625167,0.000000000,NONE,0,0.050059802,0.000000000,100.000000000,-1.000000000,0.000189435,100.009190029,-0.868020656,-0.000189435,-0.009190029,-0.131979344,-0.001498089,-0.013557152,-0.197979289,0.000051579,0.000092228,-0.000976609,-0.001549668,-0.013649380,-0.197002680,-0.029524357,0.000683685,-2.734762846,0.064454036,-0.001676839,0.000615046,0.007056406,0.007705772,-0.007398249,-0.007363929,1.367381423,1.367381423
1786168469.340603828,91.700589577,0.000000000,NONE,0,0.049945550,0.000000000,100.000000000,-1.000000000,0.000188556,100.009195051,-0.868069435,-0.000188556,-0.009195051,-0.131930565,-0.001583646,-0.013617000,-0.197901872,-0.000056232,0.000106484,-0.000974557,-0.001527414,-0.013723485,-0.196927315,-0.027585064,-0.004282334,-2.734417107,0.064371131,-0.001656816,0.000617095,0.007812576,0.005979956,-0.005671409,-0.008121123,1.367208553,1.367208553
1786168469.390604496,91.750590132,0.000000000,NONE,0,0.050005564,0.000000000,100.000000000,-1.000000000,0.000182468,100.009199804,-0.868118067,-0.000182468,-0.009199804,-0.131881933,-0.001632761,-0.013691582,-0.197823863,-0.000158041,0.000098719,-0.000970718,-0.001474721,-0.013790301,-0.196853145,-0.023859717,-0.008644559,-2.734172875,0.064289142,-0.001633204,0.000510477,0.007998450,0.003931409,-0.003676171,-0.008253688,1.367086438,1.367086438
1786168469.440711498,91.800696965,0.000000000,NONE,0,0.050138107,0.000000000,100.000000000,-1.000000000,0.000171725,100.009203272,-0.868166480,-0.000171725,-0.009203272,-0.131833520,-0.001642346,-0.013771158,-0.197745981,-0.000247435,0.000070615,-0.000965623,-0.001394911,-0.013841773,-0.196780358,-0.018569509,-0.011937685,-2.734042369,0.064208203,-0.001609955,0.000314490,0.007548176,0.001736578,-0.001579333,-0.007705421,1.367021184,1.367021184
1786168469.490585327,91.850571035,0.000000000,NONE,0,0.049858050,0.000000000,100.000000000,-1.000000000,0.000160340,100.009204537,-0.868205019,-0.000160340,-0.009204537,-0.131794981,-0.001621025,-0.013831681,-0.197684233,-0.000305049,0.000035556,-0.000961015,-0.001315976,-0.013867237,-0.196723218,-0.013871512,-0.013423323,-2.735252337,0.064144208,-0.001594356,-0.001118089,0.007103231,-0.000167475,-0.000391570,-0.006544187,1.367626169,1.367626169
1786168469.540591002,91.900576759,0.000000000,NONE,0,0.050004708,0.000000000,100.000000000,-1.000000000,0.000142109,100.009201586,-0.868253045,-0.000142109,-0.009201586,-0.131746955,-0.001531660,-0.013856224,-0.197610844,-0.000397055,-0.000066293,-0.000959660,-0.001134605,-0.013789931,-0.196651184,-0.000960333,-0.007125048,-2.734832237,0.064064469,-0.001606136,-0.001028169,0.002278388,-0.001798221,0.001284136,-0.001764303,1.367416118,1.367416118
1786168469.590579033,91.950564525,0.000000000,NONE,0,0.049989216,0.000000000,100.000000000,-1.000000000,0.000122809,100.009197770,-0.868301039,-0.000122809,-0.009197770,-0.131698961,-0.001422891,-0.013894393,-0.197536552,-0.000390711,-0.000058245,-0.000958378,-0.001032181,-0.013836148,-0.196578174,0.003596544,-0.012795557,-2.734614955,0.063983668,-0.001630662,-0.000715891,0.002478726,-0.004276998,0.003919053,-0.002120781,1.367307478,1.367307478
1786168469.640656948,92.000642508,0.000000000,NONE,0,0.050021058,0.000000000,100.000000000,-1.000000000,0.000104102,100.009192363,-0.868348916,-0.000104102,-0.009192363,-0.131651084,-0.001299415,-0.013922340,-0.197463025,-0.000376129,-0.000106703,-0.000955715,-0.000923286,-0.013815637,-0.196507309,0.010251222,-0.010635426,-2.734612971,0.063902017,-0.001645460,-0.000428656,0.000203215,-0.005328826,0.005114498,0.000011113,1.367306485,1.367306485
1786168469.690613508,92.050598981,0.000000000,NONE,0,0.049993276,0.000000000,100.000000000,-1.000000000,0.000086124,100.009185468,-0.868396639,-0.000086124,-0.009185468,-0.131603361,-0.001152104,-0.013947355,-0.197389842,-0.000354754,-0.000133257,-0.000952819,-0.000797349,-0.013814098,-0.196437023,0.018146784,-0.011321046,-2.734613981,0.063820103,-0.001651934,-0.000191979,-0.001658440,-0.007414952,0.007318963,0.001754429,1.367306991,1.367306991
1786168469.740660906,92.100646695,0.000000000,NONE,0,0.050014206,0.000000000,100.000000000,-1.000000000,0.000071619,100.009175119,-0.868444210,-0.000071619,-0.009175119,-0.131555790,-0.001014743,-0.013923374,-0.197319832,-0.000275969,-0.000211183,-0.000949915,-0.000738774,-0.013712191,-0.196369917,0.020309161,-0.003491526,-2.734891374,0.063738145,-0.001649547,-0.000034831,-0.004195701,-0.005958880,0.005941464,0.004213117,1.367445687,1.367445687
1786168469.790641308,92.150627117,0.000000000,NONE,0,0.050013687,0.000000000,100.000000000,-1.000000000,0.000060814,100.009162954,-0.868491660,-0.000060814,-0.009162954,-0.131508340,-0.000884378,-0.013871797,-0.197251633,-0.000201151,-0.000239113,-0.000948201,-0.000683226,-0.013632684,-0.196303433,0.023576191,0.000599940,-2.735158835,0.063656296,-0.001645821,0.000108435,-0.006071142,-0.005716954,0.005771172,0.006016924,1.367579417,1.367579417
1786168469.840646744,92.200632118,0.000000000,NONE,0,0.050000756,0.000000000,100.000000000,-1.000000000,0.000054063,100.009150282,-0.868539057,-0.000054063,-0.009150282,-0.131460943,-0.000768096,-0.013800686,-0.197184683,-0.000115581,-0.000247028,-0.000947777,-0.000652515,-0.013553658,-0.196236905,0.024915336,0.005144118,-2.735406696,0.063574527,-0.001640384,0.000238095,-0.007574387,-0.004883281,0.005002328,0.007455340,1.367703348,1.367703348
1786168469.890629292,92.250614923,0.000000000,NONE,0,0.049971995,0.000000000,100.000000000,-1.000000000,0.000051851,100.009140467,-0.868576983,-0.000051851,-0.009140467,-0.131423017,-0.000690222,-0.013735334,-0.197131618,-0.000042282,-0.000237320,-0.000948433,-0.000647939,-0.013498014,-0.196183184,0.024656427,0.007816323,-2.736803549,0.063509200,-0.001635054,-0.000936416,-0.007884084,-0.004444130,0.003975922,0.008352291,1.368401774,1.368401774
1786168469.940608025,92.300593702,0.000000000,NONE,0,0.050007466,0.000000000,100.000000000,-1.000000000,0.000052783,100.009129269,-0.868624574,-0.000052783,-0.009129269,-0.131375426,-0.000609962,-0.013648922,-0.197065332,0.000041203,-0.000213723,-0.000954911,-0.000651165,-0.013435199,-0.196110420,0.024295507,0.011573187,-2.736233549,0.063426956,-0.001657931,-0.000471800,-0.008849223,-0.003298530,0.003062630,0.009085123,1.368116775,1.368116775
1786168469.990598440,92.350583901,0.000000000,NONE,0,0.049973731,0.000000000,100.000000000,-1.000000000,0.000058152,100.009120133,-0.868672503,-0.000058152,-0.009120133,-0.131327497,-0.000561505,-0.013567938,-0.196998229,0.000133211,-0.000170567,-0.000960475,-0.000694716,-0.013397371,-0.196037754,0.020860789,0.013177751,-2.736046270,0.063343325,-0.001679121,0.000099600,-0.008534535,-0.001895859,0.001945660,0.008484735,1.368023135,1.368023135
1786168470.040663242,92.400648894,0.000000000,NONE,0,0.050095002,0.000000000,100.000000000,-1.000000000,0.000067697,100.009113842,-0.868720672,-0.000067697,-0.009113842,-0.131279328,-0.000549878,-0.013502848,-0.196929836,0.000215365,-0.000115023,-0.000964742,-0.000765244,-0.013387826,-0.195965093,0.016074208,0.012983704,-2.735872047,0.063259107,-0.001684334,0.000551204,-0.007402279,-0.000634825,0.000910427,0.007126677,1.367936024,1.367936024
1786168470.090646267,92.450631803,0.000000000,NONE,0,0.049969678,0.000000000,100.000000000,-1.000000000,0.000077885,100.009111168,-0.868759349,-0.000077885,-0.009111168,-0.131240651,-0.000568799,-0.013469296,-0.196873798,0.000269834,-0.000065196,-0.000967457,-0.000838633,-0.013404101,-0.195906341,0.011588059,0.011225394,-2.736928751,0.063191916,-0.001677108,-0.000461102,-0.005588088,-0.000205942,-0.000024609,0.005818639,1.368464376,1.368464376
1786168470.140614748,92.500600358,0.000000000,NONE,0,0.049951477,0.000000000,100.000000000,-1.000000000,0.000091864,100.009108909,-0.868807942,-0.000091864,-0.009108909,-0.131192058,-0.000600218,-0.013421237,-0.196803881,0.000291622,-0.000046269,-0.000974714,-0.000891840,-0.013374968,-0.195829167,0.008775198,0.013647186,-2.736048390,0.063107889,-0.001689128,0.000076533,-0.005624729,0.001237130,-0.001198864,0.005586463,1.368024195,1.368024195
1786168470.190661669,92.550647199,0.000000000,NONE,0,0.050031996,0.000000000,100.000000000,-1.000000000,0.000108235,100.009110576,-0.868856889,-0.000108235,-0.009110576,-0.131143111,-0.000673640,-0.013420407,-0.196730478,0.000347145,0.000043057,-0.000980032,-0.001020785,-0.013463465,-0.195750446,-0.000503611,0.005650262,-2.735406358,0.063023393,-0.001697213,0.000610687,-0.001439335,0.001691140,-0.001385796,0.001133991,1.367703179,1.367703179
1786168470.240609169,92.600594963,0.000000000,NONE,0,0.049943512,0.000000000,100.000000000,-1.000000000,0.000125919,100.009115073,-0.868905992,-0.000125919,-0.009115073,-0.131094008,-0.000780140,-0.013451584,-0.196654799,0.000361112,0.000081390,-0.000981884,-0.001141252,-0.013532974,-0.195672914,-0.007602355,0.001454621,-2.734886449,0.062939204,-0.001685287,0.000939787,0.001301987,0.002499191,-0.002029297,-0.001771880,1.367443225,1.367443225
1786168470.290605307,92.650590993,0.000000000,NONE,0,0.050026574,0.000000000,100.000000000,-1.000000000,0.000139810,100.009119566,-0.868945276,-0.000139810,-0.009119566,-0.131054724,-0.000879855,-0.013492411,-0.196593148,0.000347130,0.000095416,-0.000981174,-0.001226985,-0.013587827,-0.195611973,-0.012086631,-0.001965389,-2.735847709,0.062872622,-0.001663832,-0.000238808,0.003572707,0.002470609,-0.002590012,-0.003453303,1.367923854,1.367923854
1786168470.340605497,92.700591034,0.000000000,NONE,0,0.049993538,0.000000000,100.000000000,-1.000000000,0.000155127,100.009125483,-0.868994393,-0.000155127,-0.009125483,-0.131005607,-0.001002187,-0.013559495,-0.196514917,0.000294690,0.000099292,-0.000983309,-0.001296877,-0.013658787,-0.195531608,-0.016007777,-0.007026307,-2.734720473,0.062790011,-0.001659270,0.000046218,0.005746967,0.002256922,-0.002233813,-0.005770076,1.367360237,1.367360237
1786168470.390615702,92.750601331,0.000000000,NONE,0,0.050003265,0.000000000,100.000000000,-1.000000000,0.000165661,100.009129798,-0.869033714,-0.000165661,-0.009129798,-0.130966286,-0.001101347,-0.013620072,-0.196451687,0.000252484,0.000084579,-0.000982215,-0.001353831,-0.013704651,-0.195469471,-0.019209790,-0.009744751,-2.735622797,0.062723879,-0.001653906,-0.000989594,0.007486034,0.002118861,-0.002613658,-0.006991237,1.367811398,1.367811398
1786168470.440610647,92.800596189,0.000000000,NONE,0,0.049996503,0.000000000,100.000000000,-1.000000000,0.000175716,100.009133515,-0.869082846,-0.000175716,-0.009133515,-0.130917154,-0.001212780,-0.013692338,-0.196372716,0.000176485,0.000046637,-0.000983490,-0.001389265,-0.013738975,-0.195389226,-0.020952589,-0.012068103,-2.734527637,0.062640805,-0.001669662,-0.000449751,0.008367611,0.002108684,-0.002333559,-0.008142735,1.367263818,1.367263818
1786168470.490870237,92.850855963,0.000000000,NONE,0,0.050085068,0.000000000,100.000000000,-1.000000000,0.000180182,100.009134718,-0.869112328,-0.000180182,-0.009134718,-0.130887672,-0.001275649,-0.013732881,-0.196325398,0.000135406,0.000020956,-0.000982123,-0.001411055,-0.013753837,-0.195343275,-0.022029105,-0.012999666,-2.736890504,0.062590529,-0.001673772,-0.002656278,0.009421262,0.001593290,-0.002921429,-0.008093123,1.368445252,1.368445252
1786168470.540596485,92.900582039,0.000000000,NONE,0,0.049916257,0.000000000,100.000000000,-1.000000000,0.000182888,100.009134654,-0.869141837,-0.000182888,-0.009134654,-0.130858163,-0.001323977,-0.013763595,-0.196278661,0.000071354,-0.000019767,-0.000985343,-0.001395331,-0.013743828,-0.195293318,-0.020376486,-0.012309521,-2.738184300,0.062539670,-0.001705603,-0.004512738,0.009299686,0.000888557,-0.003144926,-0.007043317,1.369092150,1.369092150
1786168470.590586901,92.950572598,0.000000000,NONE,0,0.050001238,0.000000000,100.000000000,-1.000000000,0.000183662,100.009131656,-0.869191500,-0.000183662,-0.009131656,-0.130808500,-0.001372061,-0.013789850,-0.196201676,-0.000020041,-0.000082941,-0.000999138,-0.001352020,-0.013706909,-0.195202538,-0.017266539,-0.009954644,-2.735895164,0.062450857,-0.001823816,-0.002470873,0.007423014,0.001210256,-0.002445692,-0.006187578,1.367947582,1.367947582
1786168470.640657187,93.000642746,0.000000000,NONE,0,0.050042054,0.000000000,100.000000000,-1.000000000,0.000182423,100.009127757,-0.869231596,-0.000182423,-0.009127757,-0.130768404,-0.001405343,-0.013803833,-0.196139898,-0.000056540,-0.000109103,-0.001003279,-0.001348804,-0.013694730,-0.195136619,-0.017913694,-0.010091145,-2.736661625,0.062376130,-0.001884534,-0.002128361,0.007533300,0.001423547,-0.002487727,-0.006469120,1.368330812,1.368330812
1786168470.690598726,93.050584296,0.000000000,NONE,0,0.049949445,0.000000000,100.000000000,-1.000000000,0.000178299,100.009120787,-0.869281935,-0.000178299,-0.009120787,-0.130718065,-0.001428618,-0.013803663,-0.196063490,-0.000118005,-0.000152865,-0.001009324,-0.001310613,-0.013650799,-0.195054166,-0.014957785,-0.007159643,-2.735427887,0.062279960,-0.001943192,-0.000069839,0.005546817,0.001932076,-0.001966995,-0.005511897,1.367713944,1.367713944
1786168470.740602970,93.100588570,0.000000000,NONE,0,0.050021494,0.000000000,100.000000000,-1.000000000,0.000171967,100.009111979,-0.869332518,-0.000171967,-0.009111979,-0.130667482,-0.001440609,-0.013788725,-0.195987639,-0.000158810,-0.000181959,-0.001011744,-0.001281799,-0.013606766,-0.194975895,-0.013451227,-0.004825692,-2.734911410,0.062182181,-0.001952006,0.001619710,0.004164302,0.002561311,-0.001751456,-0.004974157,1.367455705,1.367455705
1786168470.790599346,93.150585068,0.000000000,NONE,0,0.049979207,0.000000000,100.000000000,-1.000000000,0.000163859,100.009101736,-0.869383103,-0.000163859,-0.009101736,-0.130616897,-0.001441010,-0.013757660,-0.195912851,-0.000195118,-0.000205526,-0.001010626,-0.001245892,-0.013552134,-0.194902225,-0.011185610,-0.001608023,-2.734715739,0.062085755,-0.001905335,0.002661070,0.002533141,0.003059664,-0.001729129,-0.003863676,1.367357869,1.367357869
1786168470.840618849,93.200604473,0.000000000,NONE,0,0.050012636,0.000000000,100.000000000,-1.000000000,0.000156183,100.009092653,-0.869423504,-0.000156183,-0.009092653,-0.130576496,-0.001430213,-0.013718522,-0.195854107,-0.000219415,-0.000219557,-0.001008747,-0.001210798,-0.013498965,-0.194845360,-0.009125484,0.001296910,-2.735944582,0.062011070,-0.001841500,0.001794870,0.001508426,0.003054316,-0.002156881,-0.002405861,1.367972291,1.367972291
1786168470.890736818,93.250722511,0.000000000,NONE,0,0.050045668,0.000000000,100.000000000,-1.000000000,0.000144658,100.009080571,-0.869474005,-0.000144658,-0.009080571,-0.130525995,-0.001388585,-0.013652666,-0.195781973,-0.000261468,-0.000228493,-0.001010881,-0.001127117,-0.013424173,-0.194771092,-0.003156859,0.006017968,-2.735272546,0.061921080,-0.001777920,0.002160492,-0.001255400,0.002833830,-0.001753584,0.000175154,1.367636273,1.367636273
1786168470.940617323,93.300602738,0.000000000,NONE,0,0.049955125,0.000000000,100.000000000,-1.000000000,0.000132351,100.009068105,-0.869524622,-0.000132351,-0.009068105,-0.130475378,-0.001333103,-0.013566761,-0.195711084,-0.000265786,-0.000228071,-0.001012054,-0.001067317,-0.013338690,-0.194699030,-0.000063314,0.011209530,-2.735132782,0.061834069,-0.001714889,0.002313195,-0.003364853,0.003396510,-0.002239912,0.002208255,1.367566391,1.367566391
1786168470.990586042,93.350571772,0.000000000,NONE,0,0.049986676,0.000000000,100.000000000,-1.000000000,0.000119133,100.009057639,-0.869575240,-0.000119133,-0.009057639,-0.130424760,-0.001251106,-0.013495540,-0.195639514,-0.000280315,-0.000172646,-0.001011869,-0.000970791,-0.013322894,-0.194627645,0.006448082,0.010576819,-2.735014716,0.061750252,-0.001649017,0.002186450,-0.004802837,0.001578797,-0.000485572,0.003709613,1.367507358,1.367507358
1786168471.040667295,93.400653014,0.000000000,NONE,0,0.050072789,0.000000000,100.000000000,-1.000000000,0.000106200,100.009050131,-0.869625822,-0.000106200,-0.009050131,-0.130374178,-0.001156306,-0.013449851,-0.195566574,-0.000258909,-0.000114184,-0.001011037,-0.000897397,-0.013335667,-0.194555537,0.010374822,0.008999758,-2.734826111,0.061669566,-0.001586044,0.001835692,-0.005302568,0.000115157,0.000802689,0.004384722,1.367413056,1.367413056
1786168471.090586662,93.450572209,0.000000000,NONE,0,0.049925162,0.000000000,100.000000000,-1.000000000,0.000095262,100.009046574,-0.869676331,-0.000095262,-0.009046574,-0.130323669,-0.001069683,-0.013451760,-0.195490791,-0.000206394,-0.000037455,-0.001009286,-0.000863289,-0.013414305,-0.194481505,0.011626351,0.002622615,-2.734455824,0.061591747,-0.001532719,0.001378018,-0.003906746,-0.001906429,0.002595438,0.003217737,1.367227912,1.367227912
1786168471.140643120,93.500628582,0.000000000,NONE,0,0.050037566,0.000000000,100.000000000,-1.000000000,0.000084991,100.009042209,-0.869726694,-0.000084991,-0.009042209,-0.130273306,-0.000955327,-0.013424036,-0.195417282,-0.000194678,-0.000069761,-0.001005732,-0.000760648,-0.013354275,-0.194411550,0.019144938,0.008722220,-2.734507759,0.061516190,-0.001489377,0.000832914,-0.007175018,-0.002397451,0.002813908,0.006758561,1.367253879,1.367253879
1786168471.190588713,93.550574203,0.000000000,NONE,0,0.049959673,0.000000000,100.000000000,-1.000000000,0.000078387,100.009039657,-0.869766849,-0.000078387,-0.009039657,-0.130233151,-0.000862427,-0.013410734,-0.195358127,-0.000147541,-0.000041474,-0.001002859,-0.000714886,-0.013369260,-0.194355267,0.020745556,0.006016829,-2.735694412,0.061456897,-0.001469866,-0.000759524,-0.006500715,-0.003872063,0.003492301,0.006880477,1.367847206,1.367847206
1786168471.240663767,93.600649476,0.000000000,NONE,0,0.050065399,0.000000000,100.000000000,-1.000000000,0.000072824,100.009038049,-0.869816977,-0.000072824,-0.009038049,-0.130183023,-0.000749646,-0.013405927,-0.195283561,-0.000084025,-0.000013703,-0.001003484,-0.000665621,-0.013392224,-0.194280077,0.023761513,0.004154882,-2.734919200,0.061382960,-0.001481603,-0.000873499,-0.006760724,-0.005120032,0.004683283,0.007197473,1.367459600,1.367459600
1786168471.290590525,93.650576149,0.000000000,NONE,0,0.049944352,0.000000000,100.000000000,-1.000000000,0.000071053,100.009037983,-0.869867145,-0.000071053,-0.009037983,-0.130132855,-0.000654860,-0.013416740,-0.195207902,0.000000616,0.000010333,-0.001002819,-0.000655475,-0.013427073,-0.194205082,0.023579373,0.001467346,-2.734519508,0.061307800,-0.001508738,-0.000713355,-0.006083341,-0.005706345,0.005349668,0.006440019,1.367259754,1.367259754
1786168471.340622663,93.700608226,0.000000000,NONE,0,0.050012104,0.000000000,100.000000000,-1.000000000,0.000073591,100.009039092,-0.869917203,-0.000073591,-0.009039092,-0.130082797,-0.000587512,-0.013442032,-0.195131410,0.000088414,0.000023999,-0.000999639,-0.000675926,-0.013466030,-0.194131771,0.021727332,-0.001340027,-2.734277883,0.061231488,-0.001531112,-0.000509235,-0.004969517,-0.005894149,0.005639531,0.005224135,1.367138942,1.367138942
1786168471.390631199,93.750616835,0.000000000,NONE,0,0.050015865,0.000000000,100.000000000,-1.000000000,0.000080320,100.009040762,-0.869967064,-0.000080320,-0.009040762,-0.130032936,-0.000551919,-0.013477789,-0.195054438,0.000170299,0.000025009,-0.000995040,-0.000722218,-0.013502798,-0.194059397,0.018417095,-0.003913669,-2.734083640,0.061154405,-0.001545216,-0.000318981,-0.003546111,-0.005662436,0.005502946,0.003705602,1.367041820,1.367041820
1786168471.440649033,93.800634490,0.000000000,NONE,0,0.050005491,0.000000000,100.000000000,-1.000000000,0.000088443,100.009042074,-0.870006774,-0.000088443,-0.009042074,-0.129993226,-0.000547645,-0.013510459,-0.194992771,0.000227207,0.000016809,-0.000990605,-0.000774851,-0.013527268,-0.194002166,0.015112957,-0.005541848,-2.735230526,0.061092431,-0.001550588,-0.001417258,-0.002038463,-0.005518016,0.004809387,0.002747092,1.367615263,1.367615263
1786168471.490583897,93.850569310,0.000000000,NONE,0,0.049965126,0.000000000,100.000000000,-1.000000000,0.000101124,100.009043309,-0.870056255,-0.000101124,-0.009043309,-0.129943745,-0.000564834,-0.013554091,-0.194915615,0.000277584,0.000001631,-0.000988992,-0.000842418,-0.013555722,-0.193926623,0.010737220,-0.007758346,-2.734419917,0.061014208,-0.001578878,-0.000973674,-0.000501300,-0.004867310,0.004380473,0.000988137,1.367209959,1.367209959
1786168471.540603399,93.900588928,0.000000000,NONE,0,0.050001597,0.000000000,100.000000000,-1.000000000,0.000116253,100.009043754,-0.870105661,-0.000116253,-0.009043754,-0.129894339,-0.000611173,-0.013597941,-0.194838375,0.000321204,-0.000022291,-0.000985953,-0.000932378,-0.013575650,-0.193852423,0.004866924,-0.009213683,-2.734100279,0.060934345,-0.001605816,-0.000408901,0.001188915,-0.003622377,0.003417927,-0.000984464,1.367050140,1.367050140
1786168471.590635300,93.950620963,0.000000000,NONE,0,0.050033238,0.000000000,100.000000000,-1.000000000,0.000129901,100.009042750,-0.870145027,-0.000129901,-0.009042750,-0.129854973,-0.000673925,-0.013620824,-0.194777434,0.000347515,-0.000058593,-0.000981835,-0.001021440,-0.013562231,-0.193795599,-0.000487175,-0.008128785,-2.735319000,0.060869799,-0.001612699,-0.001267346,0.002470827,-0.002227239,0.001593566,-0.001837154,1.367659500,1.367659500
1786168471.640674353,94.000659827,0.000000000,NONE,0,0.050025344,0.000000000,100.000000000,-1.000000000,0.000147308,100.009039664,-0.870194083,-0.000147308,-0.009039664,-0.129805917,-0.000767557,-0.013633444,-0.194702324,0.000343559,-0.000098291,-0.000980650,-0.001111116,-0.013535153,-0.193721673,-0.005914513,-0.006595928,-2.734647638,0.060788403,-0.001636100,-0.000603650,0.003278523,-0.000321266,0.000019441,-0.002976697,1.367323819,1.367323819
1786168471.690575600,94.050561284,0.000000000,NONE,0,0.049935318,0.000000000,100.000000000,-1.000000000,0.000164338,100.009034119,-0.870243100,-0.000164338,-0.009034119,-0.129756900,-0.000875164,-0.013616434,-0.194628984,0.000325939,-0.000147206,-0.000978799,-0.001201103,-0.013469228,-0.193650185,-0.011361603,-0.002162239,-2.734524624,0.060705738,-0.001653749,0.000123389,0.003350113,0.002330688,-0.002268994,-0.003411808,1.367262312,1.367262312
1786168471.740593195,94.100578817,0.000000000,NONE,0,0.050000991,0.000000000,100.000000000,-1.000000000,0.000180682,100.009027905,-0.870291962,-0.000180682,-0.009027905,-0.129708038,-0.001004957,-0.013596547,-0.194555837,0.000305591,-0.000147246,-0.000975586,-0.001310548,-0.013449301,-0.193580250,-0.018359511,-0.002183095,-2.734501720,0.060622741,-0.001651691,0.000680142,0.004965616,0.004214139,-0.003874068,-0.005305687,1.367250860,1.367250860
1786168471.790607214,94.150592811,0.000000000,NONE,0,0.050018744,0.000000000,100.000000000,-1.000000000,0.000194796,100.009021019,-0.870340643,-0.000194796,-0.009021019,-0.129659357,-0.001140416,-0.013567446,-0.194483409,0.000247176,-0.000160194,-0.000972112,-0.001387592,-0.013407253,-0.193511297,-0.022382170,0.000507143,-2.734534711,0.060540427,-0.001631510,0.001007160,0.005216967,0.005974119,-0.005470538,-0.005720547,1.367267355,1.367267355
1786168471.840664625,94.200650277,0.000000000,NONE,0,0.050053581,0.000000000,100.000000000,-1.000000000,0.000205394,100.009013463,-0.870389144,-0.000205394,-0.009013463,-0.129610856,-0.001268260,-0.013528201,-0.194411834,0.000169315,-0.000164812,-0.000968716,-0.001437575,-0.013363389,-0.193443118,-0.024890104,0.002921669,-2.734619860,0.060459531,-0.001601316,0.001124479,0.005210989,0.007234063,-0.006671823,-0.005773228,1.367309930,1.367309930
1786168471.890579224,94.250564866,0.000000000,NONE,0,0.049929520,0.000000000,100.000000000,-1.000000000,0.000211731,100.009005753,-0.870437484,-0.000211731,-0.009005753,-0.129562516,-0.001378794,-0.013482903,-0.194340930,0.000079697,-0.000158245,-0.000965679,-0.001458490,-0.013324658,-0.193375251,-0.025615679,0.004905986,-2.734699572,0.060380363,-0.001567983,0.001095068,0.004903656,0.007904183,-0.007356649,-0.005451190,1.367349786,1.367349786
1786168471.940603971,94.300589544,0.000000000,NONE,0,0.049988635,0.000000000,100.000000000,-1.000000000,0.000213457,100.008999821,-0.870476056,-0.000213457,-0.008999821,-0.129523944,-0.001449467,-0.013445593,-0.194284528,0.000004533,-0.000145293,-0.000963565,-0.001454001,-0.013300300,-0.193320963,-0.024883477,0.005823529,-2.736004589,0.060318272,-0.001542640,-0.000221545,0.004820373,0.007621365,-0.007732138,-0.004709601,1.368002294,1.368002294
1786168471.990610838,94.350596650,0.000000000,NONE,0,0.050020346,0.000000000,100.000000000,-1.000000000,0.000211076,100.008993085,-0.870524278,-0.000211076,-0.008993085,-0.129475722,-0.001505036,-0.013403106,-0.194214000,-0.000095104,-0.000122065,-0.000965848,-0.001409931,-0.013281041,-0.193248152,-0.021491179,0.006631995,-2.735371443,0.060241392,-0.001541605,-0.000108106,0.003741822,0.007003767,-0.007057820,-0.003687769,1.367685722,1.367685722
1786168472.040587187,94.400572961,0.000000000,NONE,0,0.049959182,0.000000000,100.000000000,-1.000000000,0.000204268,100.008987325,-0.870572644,-0.000204268,-0.008987325,-0.129427356,-0.001527591,-0.013368027,-0.194143077,-0.000176402,-0.000095476,-0.000967393,-0.001351188,-0.013272550,-0.193175684,-0.017708828,0.006666785,-2.735129152,0.060164146,-0.001548337,0.000127400,0.002728661,0.006125753,-0.006062053,-0.002792361,1.367564576,1.367564576
1786168472.090601444,94.450587067,0.000000000,NONE,0,0.050036616,0.000000000,100.000000000,-1.000000000,0.000194028,100.008982810,-0.870620067,-0.000194028,-0.008982810,-0.129379933,-0.001518806,-0.013343498,-0.194073207,-0.000241562,-0.000067718,-0.000967222,-0.001277244,-0.013275780,-0.193105985,-0.013000885,0.005956569,-2.735139009,0.060088257,-0.001548616,0.000188040,0.001714069,0.004786374,-0.004692353,-0.001808089,1.367569505,1.367569505
1786168472.140612125,94.500597673,0.000000000,NONE,0,0.050006690,0.000000000,100.000000000,-1.000000000,0.000180333,100.008979359,-0.870669411,-0.000180333,-0.008979359,-0.129330589,-0.001477252,-0.013330575,-0.194000011,-0.000293996,-0.000039802,-0.000966849,-0.001183256,-0.013290774,-0.193033162,-0.006983491,0.004515721,-2.734804603,0.060009316,-0.001545437,0.000469841,0.000499482,0.002992263,-0.002757343,-0.000734403,1.367402302,1.367402302
1786168472.190672398,94.550658014,0.000000000,NONE,0,0.050065761,0.000000000,100.000000000,-1.000000000,0.000165113,100.008976973,-0.870717736,-0.000165113,-0.008976973,-0.129282264,-0.001411049,-0.013328378,-0.193927891,-0.000318914,-0.000020171,-0.000965101,-0.001092135,-0.013308207,-0.192962790,-0.001593959,0.003092704,-2.734759623,0.059932258,-0.001533714,0.000516158,-0.000503726,0.001300705,-0.001042627,0.000245647,1.367379812,1.367379812
1786168472.240597963,94.600583683,0.000000000,NONE,0,0.049893034,0.000000000,100.000000000,-1.000000000,0.000152404,100.008975716,-0.870756318,-0.000152404,-0.008975716,-0.129243682,-0.001342821,-0.013335351,-0.193869870,-0.000322677,-0.000006813,-0.000963357,-0.001020144,-0.013328537,-0.192906513,0.002331901,0.001466878,-2.735910203,0.059871087,-0.001521634,-0.000685276,-0.000778376,-0.000387575,0.000044937,0.001121014,1.367955102,1.367955102
1786168472.290657043,94.650642592,0.000000000,NONE,0,0.050073737,0.000000000,100.000000000,-1.000000000,0.000135336,100.008974427,-0.870804542,-0.000135336,-0.008974427,-0.129195458,-0.001218836,-0.013348845,-0.193797262,-0.000345178,-0.000002008,-0.000965375,-0.000873658,-0.013346837,-0.192831887,0.012596824,0.000049196,-2.735151929,0.059794639,-0.001532127,-0.000452828,-0.003048298,-0.003250114,0.003023700,0.003274712,1.367575964,1.367575964
1786168472.340613127,94.700598807,0.000000000,NONE,0,0.049986971,0.000000000,100.000000000,-1.000000000,0.000119575,100.008974057,-0.870852866,-0.000119575,-0.008974057,-0.129147134,-0.001089664,-0.013379856,-0.193723347,-0.000295628,0.000015412,-0.000966162,-0.000794036,-0.013395267,-0.192757184,0.016035980,-0.003858339,-2.734736301,0.059717387,-0.001546657,-0.000097538,-0.003020026,-0.004997964,0.004949195,0.003068795,1.367368150,1.367368150
1786168472.390649796,94.750635370,0.000000000,NONE,0,0.050025025,0.000000000,100.000000000,-1.000000000,0.000106534,100.008973857,-0.870901132,-0.000106534,-0.008973857,-0.129098868,-0.000963443,-0.013417991,-0.193648941,-0.000236996,0.000006801,-0.000964334,-0.000726447,-0.013424792,-0.192684606,0.019843764,-0.005665192,-2.734518958,0.059639837,-0.001549285,0.000165756,-0.003586082,-0.006335800,0.006418678,0.003503204,1.367259479,1.367259479
1786168472.440614462,94.800600070,0.000000000,NONE,0,0.049946189,0.000000000,100.000000000,-1.000000000,0.000096826,100.008973043,-0.870949254,-0.000096826,-0.008973043,-0.129050746,-0.000845618,-0.013455201,-0.193574630,-0.000165274,-0.000013386,-0.000961093,-0.000680345,-0.013441815,-0.192613537,0.022175024,-0.006849512,-2.734382196,0.059562600,-0.001541366,0.000315677,-0.003910297,-0.007177215,0.007335053,0.003752459,1.367191098,1.367191098
1786168472.490583897,94.850569292,0.000000000,NONE,0,0.049982491,0.000000000,100.000000000,-1.000000000,0.000091042,100.008971238,-0.870997184,-0.000091042,-0.008971238,-0.129002816,-0.000742863,-0.013486534,-0.193500780,-0.000084318,-0.000040551,-0.000957010,-0.000658545,-0.013445983,-0.192543770,0.022987423,-0.007242789,-2.734337482,0.059486061,-0.001526932,0.000347988,-0.004023156,-0.007470556,0.007644550,0.003849161,1.367168741,1.367168741
1786168472.540607214,94.900592925,0.000000000,NONE,0,0.050004473,0.000000000,100.000000000,-1.000000000,0.000089434,100.008968929,-0.871035376,-0.000089434,-0.008968929,-0.128964624,-0.000675297,-0.013504665,-0.193442231,-0.000017153,-0.000064854,-0.000953502,-0.000658144,-0.013439811,-0.192488729,0.022571479,-0.007039193,-2.735592408,0.059425432,-0.001513845,-0.000875643,-0.003664161,-0.007621578,0.007183757,0.004101982,1.367796204,1.367796204
1786168472.590649366,94.950634965,0.000000000,NONE,0,0.050058399,0.000000000,100.000000000,-1.000000000,0.000090934,100.008964943,-0.871083025,-0.000090934,-0.008964943,-0.128916975,-0.000607337,-0.013517716,-0.193369655,0.000058296,-0.000093910,-0.000953516,-0.000665632,-0.013423806,-0.192416139,0.021952067,-0.006245625,-2.734977711,0.059349799,-0.001523641,-0.000668973,-0.003759368,-0.007216666,0.006882180,0.004093854,1.367488856,1.367488856
1786168472.640610218,95.000595944,0.000000000,NONE,0,0.049968348,0.000000000,100.000000000,-1.000000000,0.000096585,100.008959675,-0.871130716,-0.000096585,-0.008959675,-0.128869284,-0.000567702,-0.013516391,-0.193297786,0.000140823,-0.000124155,-0.000953116,-0.000708525,-0.013392236,-0.192344670,0.018654189,-0.004371171,-2.734800302,0.059273235,-0.001539873,-0.000305090,-0.003494482,-0.005832612,0.005680068,0.003647027,1.367400151,1.367400151
1786168472.690756798,95.050742401,0.000000000,NONE,0,0.050141636,0.000000000,100.000000000,-1.000000000,0.000106223,100.008953274,-0.871178342,-0.000106223,-0.008953274,-0.128821658,-0.000561235,-0.013499601,-0.193226881,0.000214693,-0.000148810,-0.000951253,-0.000775928,-0.013350791,-0.192275628,0.014105046,-0.001989659,-2.734841190,0.059196037,-0.001547045,0.000006074,-0.003030365,-0.004022158,0.004025195,0.003027328,1.367420595,1.367420595
1786168472.740634918,95.100620498,0.000000000,NONE,0,0.049879130,0.000000000,100.000000000,-1.000000000,0.000116312,100.008947595,-0.871216377,-0.000116312,-0.008947595,-0.128783623,-0.000580331,-0.013476033,-0.193170837,0.000261206,-0.000161021,-0.000949749,-0.000841537,-0.013315011,-0.192221088,0.010175447,-0.000235516,-2.736100829,0.059134159,-0.001545665,-0.000956560,-0.002245843,-0.002841881,0.002363601,0.002724123,1.368050415,1.368050415
1786168472.790580750,95.150566367,0.000000000,NONE,0,0.049962151,0.000000000,100.000000000,-1.000000000,0.000130704,100.008940156,-0.871263949,-0.000130704,-0.008940156,-0.128736051,-0.000624001,-0.013436974,-0.193101309,0.000294264,-0.000167996,-0.000952528,-0.000918264,-0.013268978,-0.192148781,0.005325966,0.002479547,-2.735485644,0.059056396,-0.001564813,-0.000445262,-0.001840063,-0.000822920,0.000600289,0.002062694,1.367742822,1.367742822
1786168472.840727568,95.200713046,0.000000000,NONE,0,0.050034429,0.000000000,100.000000000,-1.000000000,0.000146722,100.008932648,-0.871311682,-0.000146722,-0.008932648,-0.128688318,-0.000694847,-0.013388643,-0.193032069,0.000321260,-0.000166794,-0.000954670,-0.001016107,-0.013221849,-0.192077399,-0.000994280,0.005096384,-2.735314708,0.058977537,-0.001581659,0.000130092,-0.001058049,0.001555189,-0.001490143,0.000993003,1.367657354,1.367657354
1786168472.890582085,95.250567605,0.000000000,NONE,0,0.049964648,0.000000000,100.000000000,-1.000000000,0.000160236,100.008927152,-0.871349905,-0.000160236,-0.008927152,-0.128650095,-0.000773023,-0.013349904,-0.192976572,0.000330314,-0.000151501,-0.000955280,-0.001103337,-0.013198403,-0.192021291,-0.006051399,0.005780133,-2.736487975,0.058914202,-0.001582358,-0.000683338,0.000238651,0.002787049,-0.003128717,0.000103018,1.368243988,1.368243988
1786168472.940607548,95.300593149,0.000000000,NONE,0,0.050014756,0.000000000,100.000000000,-1.000000000,0.000175461,100.008922550,-0.871397800,-0.000175461,-0.008922550,-0.128602200,-0.000863477,-0.013331708,-0.192905156,0.000285790,-0.000093807,-0.000960011,-0.001149267,-0.013237901,-0.191945145,-0.008015507,0.001857352,-2.735558310,0.058834767,-0.001597588,-0.000061440,0.001554899,0.002452855,-0.002483575,-0.001524179,1.367779155,1.367779155
1786168472.990602732,95.350588426,0.000000000,NONE,0,0.049989139,0.000000000,100.000000000,-1.000000000,0.000190391,100.008917500,-0.871445911,-0.000190391,-0.008917500,-0.128554089,-0.000979948,-0.013293407,-0.192834584,0.000284258,-0.000118953,-0.000962777,-0.001264206,-0.013174454,-0.191871807,-0.016334635,0.007471927,-2.735275727,0.058754696,-0.001603628,0.000530404,0.002083076,0.006084242,-0.005819040,-0.002348278,1.367637863,1.367637863
1786168473.040616512,95.400602049,0.000000000,NONE,0,0.050014112,0.000000000,100.000000000,-1.000000000,0.000203614,100.008912926,-0.871494076,-0.000203614,-0.008912926,-0.128505924,-0.001104975,-0.013256036,-0.192763789,0.000235627,-0.000094543,-0.000963438,-0.001340602,-0.013161493,-0.191800351,-0.020192597,0.006986427,-2.735108603,0.058674916,-0.001593973,0.000947158,0.003064753,0.007031545,-0.006557966,-0.003538332,1.367554302,1.367554302
1786168473.090624571,95.450609995,0.000000000,NONE,0,0.050019609,0.000000000,100.000000000,-1.000000000,0.000213642,100.008909671,-0.871542237,-0.000213642,-0.008909671,-0.128457763,-0.001224861,-0.013229349,-0.192692346,0.000166743,-0.000064109,-0.000963104,-0.001391604,-0.013165240,-0.191729241,-0.022792987,0.006152396,-2.734933062,0.058596096,-0.001570946,0.001160553,0.003870010,0.007526484,-0.006946207,-0.004450286,1.367466531,1.367466531
1786168473.140688419,95.500673932,0.000000000,NONE,0,0.050052781,0.000000000,100.000000000,-1.000000000,0.000219766,100.008907681,-0.871590351,-0.000219766,-0.008907681,-0.128409649,-0.001330157,-0.013216220,-0.192620187,0.000085718,-0.000035032,-0.000961850,-0.001415875,-0.013181188,-0.191658337,-0.023762819,0.004648555,-2.734771382,0.058518730,-0.001539386,0.001176192,0.004484518,0.007396891,-0.006808796,-0.005072614,1.367385691,1.367385691
1786168473.190607786,95.550593517,0.000000000,NONE,0,0.049915028,0.000000000,100.000000000,-1.000000000,0.000221580,100.008906770,-0.871638380,-0.000221580,-0.008906770,-0.128361620,-0.001413042,-0.013217702,-0.192547364,-0.000001016,-0.000010519,-0.000959735,-0.001412025,-0.013207182,-0.191587629,-0.023015853,0.002554092,-2.734603336,0.058443006,-0.001505198,0.001057817,0.004850986,0.006656940,-0.006128032,-0.005379894,1.367301668,1.367301668
1786168473.240615845,95.600601456,0.000000000,NONE,0,0.050012202,0.000000000,100.000000000,-1.000000000,0.000219885,100.008906592,-0.871676714,-0.000219885,-0.008906592,-0.128323286,-0.001459240,-0.013228943,-0.192488724,-0.000069546,0.000002987,-0.000957349,-0.001389694,-0.013231930,-0.191531375,-0.021347673,0.000741537,-2.735746820,0.058383580,-0.001479187,-0.000287972,0.005223527,0.005450310,-0.005594295,-0.005079541,1.367873410,1.367873410
1786168473.290772676,95.650758362,0.000000000,NONE,0,0.050022823,0.000000000,100.000000000,-1.000000000,0.000213710,100.008906698,-0.871724604,-0.000213710,-0.008906698,-0.128275396,-0.001482963,-0.013253506,-0.192415014,-0.000157690,0.000012751,-0.000958546,-0.001325272,-0.013266257,-0.191456468,-0.016677525,-0.001891100,-2.734919277,0.058309942,-0.001476799,-0.000254422,0.004705762,0.003633001,-0.003760212,-0.004578551,1.367459638,1.367459638
1786168473.340765238,95.700750683,0.000000000,NONE,0,0.050064971,0.000000000,100.000000000,-1.000000000,0.000203875,100.008906739,-0.871772553,-0.000203875,-0.008906739,-0.128227447,-0.001474004,-0.013285586,-0.192340928,-0.000223002,0.000010882,-0.000958009,-0.001251002,-0.013296468,-0.191382919,-0.012055678,-0.004019073,-2.734590000,0.058235935,-0.001482327,-0.000109783,0.004046133,0.001981706,-0.002036597,-0.003991242,1.367295000,1.367295000
1786168473.390655041,95.750640431,0.000000000,NONE,0,0.049945486,0.000000000,100.000000000,-1.000000000,0.000191337,100.008906231,-0.871820403,-0.000191337,-0.008906231,-0.128179597,-0.001435322,-0.013320582,-0.192266941,-0.000270752,-0.000001020,-0.000955282,-0.001164571,-0.013319562,-0.191311659,-0.006646523,-0.005667523,-2.734421682,0.058161770,-0.001482922,0.000019529,0.003073629,0.000249632,-0.000239868,-0.003083394,1.367210841,1.367210841
1786168473.440605640,95.800591391,0.000000000,NONE,0,0.049942986,0.000000000,100.000000000,-1.000000000,0.000177034,100.008904803,-0.871868085,-0.000177034,-0.008904803,-0.128131915,-0.001370240,-0.013354324,-0.192193371,-0.000298976,-0.000020657,-0.000951557,-0.001071265,-0.013333667,-0.191241814,-0.000928449,-0.006735830,-2.734336417,0.058087759,-0.001478486,0.000093918,0.001892590,-0.001428366,0.001475324,-0.001939549,1.367168209,1.367168209
1786168473.490642548,95.850628039,0.000000000,NONE,0,0.050053008,0.000000000,100.000000000,-1.000000000,0.000162046,100.008902108,-0.871915561,-0.000162046,-0.008902108,-0.128084439,-0.001283165,-0.013381559,-0.192120552,-0.000305458,-0.000047811,-0.000947295,-0.000977707,-0.013333747,-0.191173257,0.004672479,-0.006849280,-2.734350627,0.058014154,-0.001470480,0.000094686,0.000520529,-0.002856768,0.002904111,-0.000567872,1.367175313,1.367175313
1786168473.540617228,95.900602841,0.000000000,NONE,0,0.049983235,0.000000000,100.000000000,-1.000000000,0.000150275,100.008898902,-0.871953383,-0.000150275,-0.008898902,-0.128046617,-0.001201471,-0.013395466,-0.192063020,-0.000294584,-0.000072241,-0.000943888,-0.000906887,-0.013323225,-0.191119132,0.008456430,-0.006367278,-2.735625060,0.057955632,-0.001463646,-0.001085530,-0.000250905,-0.003977309,0.003434544,0.000793671,1.367812530,1.367812530
1786168473.590615988,95.950601772,0.000000000,NONE,0,0.050006177,0.000000000,100.000000000,-1.000000000,0.000135888,100.008894159,-0.872000573,-0.000135888,-0.008894159,-0.127999427,-0.001076916,-0.013412342,-0.191991274,-0.000284253,-0.000087670,-0.000944290,-0.000792663,-0.013324672,-0.191046985,0.016170888,-0.007061421,-2.734991587,0.057882340,-0.001481660,-0.000830969,-0.002069625,-0.006015819,0.005600335,0.002485109,1.367495793,1.367495793
1786168473.640626669,96.000612389,0.000000000,NONE,0,0.049983026,0.000000000,100.000000000,-1.000000000,0.000123932,100.008887714,-0.872047795,-0.000123932,-0.008887714,-0.127952205,-0.000954885,-0.013408412,-0.191920670,-0.000221827,-0.000129480,-0.000943892,-0.000733058,-0.013278932,-0.190976777,0.018649017,-0.003696759,-2.734888019,0.057807896,-0.001502684,-0.000444000,-0.003627065,-0.005697444,0.005475444,0.003849065,1.367444009,1.367444009
1786168473.690637827,96.050623377,0.000000000,NONE,0,0.050033837,0.000000000,100.000000000,-1.000000000,0.000115376,100.008879944,-0.872094948,-0.000115376,-0.008879944,-0.127905052,-0.000843120,-0.013386601,-0.191851162,-0.000151819,-0.000153985,-0.000942399,-0.000691301,-0.013232615,-0.190908763,0.020788748,-0.001193398,-2.734948222,0.057732661,-0.001514047,-0.000088749,-0.004876650,-0.005517724,0.005473349,0.004921025,1.367474111,1.367474111
1786168473.740586758,96.100572399,0.000000000,NONE,0,0.049945184,0.000000000,100.000000000,-1.000000000,0.000110561,100.008871578,-0.872142026,-0.000110561,-0.008871578,-0.127857974,-0.000747282,-0.013351459,-0.191782512,-0.000074430,-0.000165764,-0.000941026,-0.000672852,-0.013185696,-0.190841486,0.021420983,0.001378164,-2.735017021,0.057657091,-0.001515565,0.000212612,-0.005752940,-0.004957552,0.005063858,0.005646634,1.367508511,1.367508511
1786168473.790608406,96.150593945,0.000000000,NONE,0,0.050009341,0.000000000,100.000000000,-1.000000000,0.000109691,100.008863197,-0.872189046,-0.000109691,-0.008863197,-0.127810954,-0.000672647,-0.013307334,-0.191714452,0.000005620,-0.000165981,-0.000939976,-0.000678268,-0.013141353,-0.190774476,0.020606482,0.003747522,-2.735103599,0.057581598,-0.001509201,0.000429172,-0.006195794,-0.004107447,0.004322033,0.005981208,1.367551800,1.367551800
1786168473.840645075,96.200630671,0.000000000,NONE,0,0.050032601,0.000000000,100.000000000,-1.000000000,0.000112715,100.008855370,-0.872236030,-0.000112715,-0.008855370,-0.127763970,-0.000623285,-0.013259245,-0.191646665,0.000083081,-0.000154866,-0.000939347,-0.000706366,-0.013104378,-0.190707318,0.018452617,0.005588331,-2.735171008,0.057506519,-0.001497309,0.000562161,-0.006150777,-0.003075531,0.003356612,0.005869697,1.367585504,1.367585504
1786168473.890598059,96.250583760,0.000000000,NONE,0,0.049961296,0.000000000,100.000000000,-1.000000000,0.000119322,100.008848606,-0.872282999,-0.000119322,-0.008848606,-0.127717001,-0.000601713,-0.013212530,-0.191578814,0.000152892,-0.000134048,-0.000939090,-0.000754605,-0.013078481,-0.190639724,0.015136760,0.006689496,-2.735191111,0.057432093,-0.001482216,0.000626526,-0.005613196,-0.001955184,0.002268447,0.005299933,1.367595555,1.367595555
1786168473.940583467,96.300568915,0.000000000,NONE,0,0.050003165,0.000000000,100.000000000,-1.000000000,0.000126850,100.008844214,-0.872320572,-0.000126850,-0.008844214,-0.127679428,-0.000605236,-0.013179698,-0.191524261,0.000200049,-0.000112051,-0.000938994,-0.000805285,-0.013067647,-0.190585268,0.012027687,0.006777583,-2.736407933,0.057373122,-0.001469201,-0.000523558,-0.004570428,-0.001443415,0.001181637,0.004832207,1.368203967,1.368203967
1786168473.990599871,96.350585640,0.000000000,NONE,0,0.049979550,0.000000000,100.000000000,-1.000000000,0.000138076,100.008839878,-0.872367646,-0.000138076,-0.008839878,-0.127632354,-0.000626026,-0.013142973,-0.191455676,0.000237237,-0.000088240,-0.000943455,-0.000863263,-0.013054732,-0.190512221,0.008379700,0.007341945,-2.735683044,0.057299530,-0.001479152,-0.000264344,-0.003864325,-0.000325525,0.000193353,0.003996497,1.367841522,1.367841522
1786168474.040631294,96.400616841,0.000000000,NONE,0,0.050049249,0.000000000,100.000000000,-1.000000000,0.000151134,100.008837032,-0.872414948,-0.000151134,-0.008837032,-0.127585052,-0.000671340,-0.013116028,-0.191386148,0.000271782,-0.000058518,-0.000946592,-0.000943122,-0.013057510,-0.190439556,0.003126154,0.006588830,-2.735371837,0.057225229,-0.001491978,0.000079876,-0.002448715,0.000885638,-0.000845700,0.002408777,1.367685919,1.367685919
1786168474.090651035,96.450636727,0.000000000,NONE,0,0.050016498,0.000000000,100.000000000,-1.000000000,0.000165512,100.008836092,-0.872462335,-0.000165512,-0.008836092,-0.127537665,-0.000744340,-0.013108497,-0.191315246,0.000292671,-0.000022124,-0.000947669,-0.001037011,-0.013086373,-0.190367577,-0.002819574,0.004023332,-2.735106856,0.057150696,-0.001493848,0.000344226,-0.000386996,0.001796783,-0.001624670,0.000214883,1.367553428,1.367553428
1786168474.140595198,96.500580664,0.000000000,NONE,0,0.049949732,0.000000000,100.000000000,-1.000000000,0.000177321,100.008836135,-0.872500253,-0.000177321,-0.008836135,-0.127499747,-0.000819574,-0.013109789,-0.191258003,0.000293321,-0.000009111,-0.000947467,-0.001112895,-0.013100678,-0.190310536,-0.007048075,0.003125984,-2.736164106,0.057091255,-0.001487534,-0.000667040,0.001147283,0.002376755,-0.002710275,-0.000813763,1.368082053,1.368082053
1786168474.190633535,96.550619156,0.000000000,NONE,0,0.050019491,0.000000000,100.000000000,-1.000000000,0.000190764,100.008837319,-0.872547710,-0.000190764,-0.008837319,-0.127452290,-0.000912996,-0.013129811,-0.191185175,0.000257846,0.000017352,-0.000950736,-0.001170842,-0.013147163,-0.190234439,-0.010201178,-0.000675177,-2.735215671,0.057016876,-0.001499223,-0.000303688,0.002795011,0.002305578,-0.002457422,-0.002643167,1.367607835,1.367607835
1786168474.240721464,96.600707013,0.000000000,NONE,0,0.050113779,0.000000000,100.000000000,-1.000000000,0.000202807,100.008838930,-0.872595307,-0.000202807,-0.008838930,-0.127404693,-0.001013358,-0.013159589,-0.191111424,0.000228733,0.000019175,-0.000951872,-0.001242091,-0.013178764,-0.190159552,-0.014779738,-0.002662624,-2.734765358,0.056941731,-0.001509097,0.000099469,0.004335723,0.003054146,-0.003004411,-0.004385458,1.367382679,1.367382679
1786168474.290590525,96.650576088,0.000000000,NONE,0,0.049867446,0.000000000,100.000000000,-1.000000000,0.000212900,100.008840344,-0.872642859,-0.000212900,-0.008840344,-0.127357141,-0.001115960,-0.013195719,-0.191037205,0.000182179,0.000014090,-0.000950168,-0.001298139,-0.013209808,-0.190087038,-0.017887603,-0.004919550,-2.734469134,0.056866436,-0.001505373,0.000414328,0.005598206,0.003345595,-0.003138431,-0.005805370,1.367234567,1.367234567
1786168474.340663195,96.700648940,0.000000000,NONE,0,0.050006646,0.000000000,100.000000000,-1.000000000,0.000220244,100.008841054,-0.872690267,-0.000220244,-0.008841054,-0.127309733,-0.001212421,-0.013234035,-0.190962948,0.000121092,-0.000001233,-0.000946723,-0.001333513,-0.013232803,-0.190016226,-0.019637588,-0.006544947,-2.734301426,0.056791616,-0.001489619,0.000562453,0.006405020,0.003413773,-0.003132547,-0.006686247,1.367150713,1.367150713
1786168474.390582085,96.750567573,0.000000000,NONE,0,0.049994121,0.000000000,100.000000000,-1.000000000,0.000224321,100.008840544,-0.872737470,-0.000224321,-0.008840544,-0.127262530,-0.001295009,-0.013269236,-0.190889114,0.000051347,-0.000025325,-0.000942296,-0.001346356,-0.013243911,-0.189946819,-0.020001164,-0.007376305,-2.734218819,0.056717717,-0.001467390,0.000580932,0.006699134,0.003301448,-0.003010982,-0.006989600,1.367109410,1.367109410
1786168474.440678596,96.800664214,0.000000000,NONE,0,0.050016511,0.000000000,100.000000000,-1.000000000,0.000224887,100.008838440,-0.872784437,-0.000224887,-0.008838440,-0.127215563,-0.001357630,-0.013296368,-0.190816119,-0.000021559,-0.000055379,-0.000937348,-0.001336070,-0.013240989,-0.189878771,-0.018962819,-0.007306709,-2.734231824,0.056644956,-0.001443362,0.000495234,0.006443573,0.003037836,-0.002790219,-0.006691190,1.367115912,1.367115912
1786168474.490622759,96.850608248,0.000000000,NONE,0,0.050011912,0.000000000,100.000000000,-1.000000000,0.000221966,100.008834561,-0.872831163,-0.000221966,-0.008834561,-0.127168837,-0.001395782,-0.013311468,-0.190744288,-0.000091949,-0.000087481,-0.000932401,-0.001303832,-0.013223986,-0.189811887,-0.016627205,-0.006366475,-2.734319457,0.056573335,-0.001421713,0.000349719,0.005660990,0.002652612,-0.002477753,-0.005835850,1.367159728,1.367159728
1786168474.540604353,96.900589972,0.000000000,NONE,0,0.049981328,0.000000000,100.000000000,-1.000000000,0.000217438,100.008830319,-0.872867449,-0.000217438,-0.008830319,-0.127132551,-0.001406744,-0.013313238,-0.190689198,-0.000127809,-0.000100275,-0.000835929,-0.001278935,-0.013212964,-0.189853269,-0.015313285,-0.006158334,-2.744126064,0.056518164,-0.001267575,-0.002427720,0.005974835,0.001681808,-0.002895668,-0.004760975,1.372063032,1.372063032
1786168474.590609074,96.950594764,0.000000000,NONE,0,0.049996677,0.000000000,100.000000000,-1.000000000,0.000208000,100.008822894,-0.872915506,-0.000208000,-0.008822894,-0.127084494,-0.001379532,-0.013295653,-0.190617737,-0.000222554,-0.000148977,-0.000959087,-0.001156977,-0.013146676,-0.189658650,-0.006079921,-0.001368598,-2.730523353,0.056445474,-0.001452173,-0.000410661,0.001964795,0.001075165,-0.001280496,-0.001759465,1.365261677,1.365261677
1786168474.640625715,97.000611279,0.000000000,NONE,0,0.050006322,0.000000000,100.000000000,-1.000000000,0.000196852,100.008814522,-0.872963705,-0.000196852,-0.008814522,-0.127036295,-0.001334060,-0.013267892,-0.190546796,-0.000240475,-0.000158330,-0.000955386,-0.001093585,-0.013109563,-0.189591410,-0.003469485,0.000003246,-2.733104944,0.056371839,-0.001479123,0.000111733,0.000838627,0.000896116,-0.000840250,-0.000894493,1.366552472,1.366552472
1786168474.690606594,97.050592300,0.000000000,NONE,0,0.049994137,0.000000000,100.000000000,-1.000000000,0.000185138,100.008805792,-0.873011027,-0.000185138,-0.008805792,-0.126988973,-0.001275639,-0.013231807,-0.190477786,-0.000249490,-0.000163072,-0.000941679,-0.001026148,-0.013068735,-0.189536107,0.000639547,0.002273981,-2.734210037,0.056297934,-0.001477760,0.000381361,-0.000823722,0.000503949,-0.000313268,0.000633042,1.367105018,1.367105018
1786168474.740618467,97.100604062,0.000000000,NONE,0,0.050005986,0.000000000,100.000000000,-1.000000000,0.000173348,100.008797132,-0.873057923,-0.000173348,-0.008797132,-0.126942077,-0.001205865,-0.013190751,-0.190409818,-0.000245007,-0.000157389,-0.000935569,-0.000960858,-0.013033362,-0.189474250,0.004497944,0.004044218,-2.734486596,0.056224399,-0.001467191,0.000535381,-0.002269386,0.000020414,0.000247277,0.002001695,1.367243298,1.367243298
1786168474.790663481,97.150648953,0.000000000,NONE,0,0.050044938,0.000000000,100.000000000,-1.000000000,0.000162505,100.008790195,-0.873104593,-0.000162505,-0.008790195,-0.126895407,-0.001136020,-0.013169696,-0.190340956,-0.000217850,-0.000119159,-0.000931747,-0.000918170,-0.013050537,-0.189409209,0.006591399,0.001679177,-2.734610575,0.056151503,-0.001452565,0.000600596,-0.002217793,-0.001077906,0.001378205,0.001917495,1.367305287,1.367305287
1786168474.840603828,97.200589418,0.000000000,NONE,0,0.049942304,0.000000000,100.000000000,-1.000000000,0.000154021,100.008784049,-0.873141807,-0.000154021,-0.008784049,-0.126858193,-0.001064408,-0.013134111,-0.190287353,-0.000214183,-0.000140318,-0.000929317,-0.000850225,-0.012993792,-0.189358037,0.011161918,0.006310454,-2.736032060,0.056093773,-0.001437709,-0.000532464,-0.004234977,-0.001345982,0.001079750,0.004501209,1.368016030,1.368016030
1786168474.890596628,97.250582092,0.000000000,NONE,0,0.049995944,0.000000000,100.000000000,-1.000000000,0.000144215,100.008776812,-0.873188321,-0.000144215,-0.008776812,-0.126811679,-0.000962080,-0.013087779,-0.190220553,-0.000189707,-0.000124182,-0.000931825,-0.000772373,-0.012963596,-0.189288728,0.016020280,0.007358958,-2.735550641,0.056021690,-0.001447341,-0.000271280,-0.005776989,-0.002233150,0.002097511,0.005912629,1.367775321,1.367775321
1786168474.940596819,97.300582203,0.000000000,NONE,0,0.050002254,0.000000000,100.000000000,-1.000000000,0.000136769,100.008771122,-0.873234983,-0.000136769,-0.008771122,-0.126765017,-0.000865044,-0.013050237,-0.190153004,-0.000131193,-0.000092526,-0.000933989,-0.000733851,-0.012957711,-0.189219016,0.017534957,0.006977016,-2.735393548,0.055948786,-0.001459719,0.000089719,-0.006150423,-0.002617056,0.002661915,0.006105563,1.367696774,1.367696774
1786168474.990581274,97.350566954,0.000000000,NONE,0,0.049999462,0.000000000,100.000000000,-1.000000000,0.000132412,100.008767200,-0.873281710,-0.000132412,-0.008767200,-0.126718290,-0.000781572,-0.013025225,-0.190084578,-0.000064979,-0.000060679,-0.000935000,-0.000716592,-0.012964545,-0.189149577,0.018133882,0.006038430,-2.735266956,0.055875542,-0.001461301,0.000377533,-0.006137461,-0.002929480,0.003118246,0.005948695,1.367633478,1.367633478
1786168475.040690184,97.400675859,0.000000000,NONE,0,0.050003905,0.000000000,100.000000000,-1.000000000,0.000131313,100.008764965,-0.873328470,-0.000131313,-0.008764965,-0.126671530,-0.000716007,-0.013014173,-0.190015222,0.000003164,-0.000031663,-0.000935338,-0.000719171,-0.012982510,-0.189079884,0.017569143,0.004435451,-2.735110818,0.055802515,-0.001453422,0.000560256,-0.005641212,-0.003143359,0.003423487,0.005361084,1.367555409,1.367555409
1786168475.090611458,97.450597080,0.000000000,NONE,0,0.050027486,0.000000000,100.000000000,-1.000000000,0.000132785,100.008764240,-0.873365878,-0.000132785,-0.008764240,-0.126634122,-0.000678783,-0.013015457,-0.189959088,0.000056261,-0.000012947,-0.000935005,-0.000735043,-0.013002510,-0.189024083,0.016335173,0.002867104,-2.736211266,0.055744550,-0.001441686,-0.000497448,-0.004676207,-0.003491379,0.003242655,0.004924931,1.368105633,1.368105633
1786168475.140583515,97.500569013,0.000000000,NONE,0,0.049940202,0.000000000,100.000000000,-1.000000000,0.000137085,100.008764317,-0.873412709,-0.000137085,-0.008764317,-0.126587291,-0.000646680,-0.013027771,-0.189888128,0.000109875,0.000003470,-0.000938364,-0.000756555,-0.013031241,-0.188949764,0.014914139,0.000617755,-2.735354318,0.055672326,-0.001448132,-0.000215640,-0.003829063,-0.003628006,0.003520186,0.003936884,1.367677159,1.367677159
1786168475.190631151,97.550616738,0.000000000,NONE,0,0.050059103,0.000000000,100.000000000,-1.000000000,0.000144259,100.008765200,-0.873459706,-0.000144259,-0.008765200,-0.126540294,-0.000638910,-0.013051247,-0.189816152,0.000168015,0.000012870,-0.000940030,-0.000806926,-0.013064117,-0.188876122,0.011296705,-0.001810130,-2.734943898,0.055599606,-0.001455871,0.000112829,-0.002399851,-0.003248502,0.003304916,0.002343437,1.367471949,1.367471949
1786168475.240615845,97.600601455,0.000000000,NONE,0,0.049971877,0.000000000,100.000000000,-1.000000000,0.000154032,100.008766358,-0.873506703,-0.000154032,-0.008766358,-0.126493297,-0.000658164,-0.013082192,-0.189743601,0.000215068,0.000011015,-0.000939070,-0.000873232,-0.013093208,-0.188804531,0.006974655,-0.003870050,-2.734688434,0.055526895,-0.001451909,0.000340535,-0.000861285,-0.002626043,0.002796310,0.000691018,1.367344217,1.367344217
1786168475.290652752,97.650638245,0.000000000,NONE,0,0.050048054,0.000000000,100.000000000,-1.000000000,0.000165774,100.008767150,-0.873553608,-0.000165774,-0.008767150,-0.126446392,-0.000703474,-0.013114408,-0.189670961,0.000247670,-0.000002606,-0.000936709,-0.000951144,-0.013111802,-0.188734252,0.002043339,-0.005167846,-2.734520246,0.055454669,-0.001439031,0.000439042,0.000671366,-0.001693036,0.001912557,-0.000890887,1.367260123,1.367260123
1786168475.340599060,97.700584528,0.000000000,NONE,0,0.049951091,0.000000000,100.000000000,-1.000000000,0.000178587,100.008767198,-0.873600364,-0.000178587,-0.008767198,-0.126399636,-0.000770108,-0.013145182,-0.189598468,0.000260604,-0.000021258,-0.000933426,-0.001030712,-0.013123924,-0.188665042,-0.002797341,-0.006155990,-2.734406236,0.055383215,-0.001421365,0.000445772,0.002126890,-0.000728219,0.000951105,-0.002349776,1.367203118,1.367203118
1786168475.390610218,97.750595673,0.000000000,NONE,0,0.050008167,0.000000000,100.000000000,-1.000000000,0.000191449,100.008766358,-0.873646933,-0.000191449,-0.008766358,-0.126353067,-0.000851268,-0.013174566,-0.189526168,0.000253008,-0.000041254,-0.000929510,-0.001104276,-0.013133313,-0.188596658,-0.007123183,-0.007051988,-2.734353074,0.055312637,-0.001402253,0.000368701,0.003451617,0.000109974,0.000074376,-0.003635968,1.367176537,1.367176537
1786168475.440614939,97.800600568,0.000000000,NONE,0,0.050018772,0.000000000,100.000000000,-1.000000000,0.000204119,100.008765378,-0.873693292,-0.000204119,-0.008765378,-0.126306708,-0.000953223,-0.013217564,-0.189453076,0.000242667,-0.000045572,-0.000925288,-0.001195890,-0.013171992,-0.188527788,-0.013019314,-0.010374672,-2.734237779,0.055242873,-0.001384161,0.000242545,0.005787860,0.000721797,-0.000600524,-0.005909133,1.367118889,1.367118889
1786168475.490609646,97.850595227,0.000000000,NONE,0,0.049977558,0.000000000,100.000000000,-1.000000000,0.000214429,100.008761180,-0.873739420,-0.000214429,-0.008761180,-0.126260580,-0.001042766,-0.013222754,-0.189382636,0.000181951,-0.000114633,-0.000920523,-0.001224717,-0.013108121,-0.188462113,-0.013533275,-0.004829187,-2.734412763,0.055173907,-0.001368331,0.000086649,0.004568953,0.002197684,-0.002154360,-0.004612278,1.367206381,1.367206381
1786168475.540607214,97.900592810,0.000000000,NONE,0,0.050001050,0.000000000,100.000000000,-1.000000000,0.000220929,100.008756294,-0.873776160,-0.000220929,-0.008756294,-0.126223840,-0.001109482,-0.013212400,-0.189327375,0.000140567,-0.000138999,-0.000917248,-0.001250050,-0.013073400,-0.188410127,-0.015021138,-0.003635396,-2.735758460,0.055119160,-0.001361795,-0.001110962,0.004941874,0.002568695,-0.003124176,-0.004386393,1.367879230,1.367879230
1786168475.590597153,97.950582714,0.000000000,NONE,0,0.049992814,0.000000000,100.000000000,-1.000000000,0.000226409,100.008748920,-0.873822032,-0.000226409,-0.008748920,-0.126177968,-0.001177566,-0.013184001,-0.189259380,0.000077764,-0.000162045,-0.000918445,-0.001255330,-0.013021955,-0.188340936,-0.014975755,-0.000482136,-2.735278567,0.055050386,-0.001383577,-0.000895473,0.004088341,0.003399537,-0.003847273,-0.003640604,1.367639283,1.367639283
1786168475.640607119,98.000592834,0.000000000,NONE,0,0.050006307,0.000000000,100.000000000,-1.000000000,0.000229230,100.008740730,-0.873867989,-0.000229230,-0.008740730,-0.126132011,-0.001233438,-0.013144158,-0.189192014,0.000024940,-0.000169656,-0.000919239,-0.001258379,-0.012974502,-0.188272775,-0.015151912,0.002040938,-2.735235760,0.054980260,-0.001410278,-0.000517148,0.003407031,0.004168925,-0.004427500,-0.003148457,1.367617880,1.367617880
1786168475.690605402,98.050590838,0.000000000,NONE,0,0.050003831,0.000000000,100.000000000,-1.000000000,0.000229641,100.008734024,-0.873904764,-0.000229641,-0.008734024,-0.126095236,-0.001268999,-0.013106748,-0.189138515,-0.000016401,-0.000166992,-0.000919361,-0.001252598,-0.012939756,-0.188219154,-0.014664083,0.003623263,-2.736478838,0.054923427,-0.001424096,-0.001325093,0.003091478,0.004240563,-0.004903110,-0.002428932,1.368239419,1.368239419
1786168475.740628004,98.100613490,0.000000000,NONE,0,0.050019114,0.000000000,100.000000000,-1.000000000,0.000227426,100.008725880,-0.873950842,-0.000227426,-0.008725880,-0.126049158,-0.001292081,-0.013057784,-0.189071776,-0.000077027,-0.000155264,-0.000923891,-0.001215053,-0.012902520,-0.188147885,-0.011809593,0.005682435,-2.735842998,0.054851305,-0.001458115,-0.000702326,0.001707371,0.004197426,-0.004548589,-0.001356208,1.367921499,1.367921499
1786168475.790650606,98.150636181,0.000000000,NONE,0,0.049992089,0.000000000,100.000000000,-1.000000000,0.000222748,100.008718403,-0.873997180,-0.000222748,-0.008718403,-0.126002820,-0.001297117,-0.013010414,-0.189004711,-0.000119578,-0.000135424,-0.000927966,-0.001177540,-0.012874990,-0.188076745,-0.009589039,0.006913251,-2.735566176,0.054777453,-0.001486854,0.000016332,0.000664864,0.004129655,-0.004121490,-0.000673030,1.367783088,1.367783088
1786168475.840621471,98.200607210,0.000000000,NONE,0,0.049986121,0.000000000,100.000000000,-1.000000000,0.000216307,100.008711904,-0.874043656,-0.000216307,-0.008711904,-0.125956344,-0.001288490,-0.012966432,-0.188937389,-0.000150157,-0.000111714,-0.000930084,-0.001138333,-0.012854718,-0.188007305,-0.007230083,0.007750699,-2.735438052,0.054702789,-0.001494502,0.000597173,-0.000279447,0.003894489,-0.003595902,-0.000019139,1.367719026,1.367719026
1786168475.890605211,98.250590946,0.000000000,NONE,0,0.050002810,0.000000000,100.000000000,-1.000000000,0.000209227,100.008705565,-0.874090208,-0.000209227,-0.008705565,-0.125909792,-0.001279014,-0.012908387,-0.188870927,-0.000157427,-0.000108852,-0.000931365,-0.001121587,-0.012799535,-0.187939561,-0.006701631,0.011554699,-2.735429144,0.054628328,-0.001483448,0.000980342,-0.001458352,0.004809168,-0.004318997,0.000968182,1.367714572,1.367714572
1786168475.940603495,98.300589046,0.000000000,NONE,0,0.049993064,0.000000000,100.000000000,-1.000000000,0.000200308,100.008702002,-0.874136820,-0.000200308,-0.008702002,-0.125863180,-0.001243996,-0.012882926,-0.188802593,-0.000194883,-0.000037539,-0.000932472,-0.001049113,-0.012845387,-0.187870121,-0.001260440,0.006512060,-2.735230235,0.054554708,-0.001461367,0.001194431,-0.001611513,0.002241733,-0.001644517,0.001014297,1.367615118,1.367615118
1786168475.990607262,98.350592850,0.000000000,NONE,0,0.050007491,0.000000000,100.000000000,-1.000000000,0.000190487,100.008700837,-0.874183467,-0.000190487,-0.008700837,-0.125816533,-0.001194082,-0.012882407,-0.188732839,-0.000200226,0.000001401,-0.000932790,-0.000993856,-0.012883808,-0.187800049,0.001691264,0.004034508,-2.735008671,0.054482423,-0.001429703,0.001211555,-0.001734332,0.000888700,-0.000282922,0.001128554,1.367504336,1.367504336
1786168476.040596247,98.400581931,0.000000000,NONE,0,0.049991141,0.000000000,100.000000000,-1.000000000,0.000182726,100.008701341,-0.874220774,-0.000182726,-0.008701341,-0.125779226,-0.001148806,-0.012902340,-0.188675836,-0.000191907,0.000031191,-0.000932158,-0.000956900,-0.012933531,-0.187743678,0.003524055,0.000462204,-2.736029078,0.054425816,-0.001401685,0.000018284,-0.001001136,-0.000760892,0.000770034,0.000991994,1.368014539,1.368014539
1786168476.090634346,98.450619762,0.000000000,NONE,0,0.050055064,0.000000000,100.000000000,-1.000000000,0.000172589,100.008702405,-0.874267448,-0.000172589,-0.008702405,-0.125732552,-0.001069187,-0.012934807,-0.188604161,-0.000200412,0.000034543,-0.000934887,-0.000868775,-0.012969350,-0.187669274,0.009819482,-0.001796749,-2.735158866,0.054356027,-0.001391179,0.000054750,-0.002019371,-0.002890370,0.002917745,0.001991996,1.367579433,1.367579433
1786168476.140655041,98.500640671,0.000000000,NONE,0,0.050001293,0.000000000,100.000000000,-1.000000000,0.000163313,100.008703644,-0.874314240,-0.000163313,-0.008703644,-0.125685760,-0.000982087,-0.012975779,-0.188531742,-0.000170154,0.000034065,-0.000935722,-0.000811934,-0.013009844,-0.187596021,0.012594470,-0.004727216,-2.734742555,0.054286416,-0.001388019,0.000163262,-0.002007629,-0.004289606,0.004371237,0.001925998,1.367371277,1.367371277
1786168476.190654516,98.550640089,0.000000000,NONE,0,0.050004819,0.000000000,100.000000000,-1.000000000,0.000156047,100.008704590,-0.874360979,-0.000156047,-0.008704590,-0.125639021,-0.000897678,-0.013020832,-0.188459033,-0.000125591,0.000020484,-0.000933850,-0.000772087,-0.013041317,-0.187525184,0.014633595,-0.006850888,-2.734520984,0.054217172,-0.001380307,0.000203435,-0.001996536,-0.005320262,0.005421980,0.001894818,1.367260492,1.367260492
1786168476.240604877,98.600590483,0.000000000,NONE,0,0.049942891,0.000000000,100.000000000,-1.000000000,0.000151280,100.008704659,-0.874407577,-0.000151280,-0.008704659,-0.125592423,-0.000821118,-0.013064010,-0.188386496,-0.000073338,-0.000004141,-0.000930606,-0.000747780,-0.013059870,-0.187455889,0.015769443,-0.008118553,-2.734380546,0.054148507,-0.001369362,0.000178478,-0.001957342,-0.005927380,0.006016619,0.001868103,1.367190273,1.367190273
1786168476.290736437,98.650721981,0.000000000,NONE,0,0.050017934,0.000000000,100.000000000,-1.000000000,0.000149325,100.008703420,-0.874453987,-0.000149325,-0.008703420,-0.125546013,-0.000756874,-0.013099915,-0.188314522,-0.000016605,-0.000036272,-0.000926549,-0.000740269,-0.013063643,-0.187387974,0.015869879,-0.008447611,-2.734342483,0.054080484,-0.001357761,0.000094343,-0.001879153,-0.006055787,0.006102958,0.001831981,1.367171242,1.367171242
1786168476.340568781,98.700554440,0.000000000,NONE,0,0.049948524,0.000000000,100.000000000,-1.000000000,0.000150309,100.008700623,-0.874500186,-0.000150309,-0.008700623,-0.125499814,-0.000708588,-0.013124140,-0.188243432,0.000040826,-0.000071966,-0.000922197,-0.000749414,-0.013052174,-0.187321236,0.014972607,-0.007828973,-2.734370730,0.054013021,-0.001347977,-0.000002198,-0.001785359,-0.005700944,0.005699846,0.001786458,1.367185365,1.367185365
1786168476.390624285,98.750609909,0.000000000,NONE,0,0.050052271,0.000000000,100.000000000,-1.000000000,0.000153176,100.008697213,-0.874536994,-0.000153176,-0.008697213,-0.125463006,-0.000683360,-0.013132948,-0.188187348,0.000084570,-0.000100142,-0.000918784,-0.000767930,-0.013032806,-0.187268564,0.013657238,-0.006853504,-2.735654162,0.053959338,-0.001342450,-0.001164390,-0.001409836,-0.005418783,0.004836588,0.001992031,1.367827081,1.367827081
1786168476.440625191,98.800610746,0.000000000,NONE,0,0.049982786,0.000000000,100.000000000,-1.000000000,0.000158804,100.008691709,-0.874582923,-0.000158804,-0.008691709,-0.125417077,-0.000663186,-0.013132529,-0.188117992,0.000125921,-0.000128695,-0.000919108,-0.000789107,-0.013003833,-0.187198883,0.012314453,-0.005246539,-2.735113073,0.053891907,-0.001361727,-0.000964463,-0.001525863,-0.004631364,0.004149132,0.002008094,1.367556537,1.367556537
1786168476.490762949,98.850748488,0.000000000,NONE,0,0.050007020,0.000000000,100.000000000,-1.000000000,0.000166720,100.008684949,-0.874627990,-0.000166720,-0.008684949,-0.125372010,-0.000664562,-0.013115165,-0.188050908,0.000173307,-0.000157752,-0.000919244,-0.000837869,-0.012957413,-0.187131664,0.008816285,-0.002401797,-2.735136575,0.053824447,-0.001387039,-0.000697720,-0.001429192,-0.002978951,0.002630090,0.001778052,1.367568288,1.367568288
1786168476.540662527,98.900648240,0.000000000,NONE,0,0.050051773,0.000000000,100.000000000,-1.000000000,0.000177180,100.008676799,-0.874674880,-0.000177180,-0.008676799,-0.125325120,-0.000690317,-0.013079525,-0.187982136,0.000211427,-0.000177706,-0.000918861,-0.000901743,-0.012901819,-0.187063275,0.004658530,0.000864990,-2.735008584,0.053753031,-0.001407182,-0.000163921,-0.001339900,-0.000989365,0.000907405,0.001421860,1.367504292,1.367504292
1786168476.590731382,98.950716861,0.000000000,NONE,0,0.050053317,0.000000000,100.000000000,-1.000000000,0.000189038,100.008668306,-0.874720818,-0.000189038,-0.008668306,-0.125279182,-0.000740533,-0.013030574,-0.187915580,0.000236358,-0.000183436,-0.000918000,-0.000976891,-0.012847138,-0.186997580,-0.000103394,0.003903922,-2.735143751,0.053682361,-0.001413623,0.000180104,-0.000995158,0.001046855,-0.000956803,0.000905106,1.367571875,1.367571875
1786168476.640654564,99.000640079,0.000000000,NONE,0,0.049888415,0.000000000,100.000000000,-1.000000000,0.000201633,100.008660082,-0.874766721,-0.000201633,-0.008660082,-0.125233279,-0.000811877,-0.012975354,-0.187849428,0.000244170,-0.000173080,-0.000917633,-0.001056047,-0.012802274,-0.186931795,-0.004969665,0.006193195,-2.735195509,0.053611678,-0.001410816,0.000457494,-0.000420256,0.002905089,-0.002676341,0.000191509,1.367597755,1.367597755
1786168476.690624237,99.050609865,0.000000000,NONE,0,0.050019412,0.000000000,100.000000000,-1.000000000,0.000214097,100.008652355,-0.874812610,-0.000214097,-0.008652355,-0.125187390,-0.000899620,-0.012913475,-0.187783689,0.000234624,-0.000158666,-0.000917592,-0.001134244,-0.012754809,-0.186866098,-0.009673717,0.008894489,-2.735275370,0.053541422,-0.001401011,0.000623701,0.000038882,0.004797977,-0.004486126,-0.000350732,1.367637685,1.367637685
1786168476.740622759,99.100608341,0.000000000,NONE,0,0.049998557,0.000000000,100.000000000,-1.000000000,0.000223374,100.008646788,-0.874849322,-0.000223374,-0.008646788,-0.125150678,-0.000977824,-0.012861447,-0.187731250,0.000214269,-0.000140717,-0.000917850,-0.001192094,-0.012720731,-0.186813401,-0.012775183,0.010456544,-2.736516233,0.053485739,-0.001390278,-0.000377395,0.000674008,0.005713583,-0.005902281,-0.000485311,1.368258116,1.368258116
1786168476.790609121,99.150594860,0.000000000,NONE,0,0.049979157,0.000000000,100.000000000,-1.000000000,0.000232353,100.008642268,-0.874895325,-0.000232353,-0.008642268,-0.125104675,-0.001061332,-0.012822665,-0.187664004,0.000152510,-0.000077804,-0.000922602,-0.001213842,-0.012744861,-0.186741402,-0.013396647,0.007602124,-2.735756319,0.053416316,-0.001398363,-0.000082113,0.001469159,0.005229165,-0.005270221,-0.001428102,1.367878159,1.367878159
1786168476.840607166,99.200592861,0.000000000,NONE,0,0.049997951,0.000000000,100.000000000,-1.000000000,0.000238879,100.008639656,-0.874941572,-0.000238879,-0.008639656,-0.125058428,-0.001138933,-0.012800059,-0.187595472,0.000108190,-0.000045068,-0.000926124,-0.001247123,-0.012754991,-0.186669348,-0.015663332,0.007000008,-2.735378514,0.053346324,-0.001406814,0.000267324,0.002099000,0.005732666,-0.005599004,-0.002232662,1.367689257,1.367689257
1786168476.890608549,99.250594204,0.000000000,NONE,0,0.050011365,0.000000000,100.000000000,-1.000000000,0.000242871,100.008638533,-0.874987915,-0.000242871,-0.008638533,-0.125012085,-0.001208739,-0.012792914,-0.187525906,0.000055282,-0.000012860,-0.000927266,-0.001264022,-0.012780054,-0.186598640,-0.016388949,0.004892134,-2.735122311,0.053276272,-0.001403713,0.000511691,0.002746281,0.005448194,-0.005192348,-0.003002127,1.367561156,1.367561156
1786168476.940590143,99.300575781,0.000000000,NONE,0,0.049977855,0.000000000,100.000000000,-1.000000000,0.000243972,100.008638720,-0.875034271,-0.000243972,-0.008638720,-0.124965729,-0.001264866,-0.012802708,-0.187455360,-0.000002696,0.000013301,-0.000926936,-0.001262169,-0.012816009,-0.186528424,-0.015941024,0.002177090,-2.734877166,0.053206649,-0.001390804,0.000634127,0.003282452,0.004688060,-0.004370997,-0.003599515,1.367438583,1.367438583
1786168476.990645647,99.350631260,0.000000000,NONE,0,0.050065697,0.000000000,100.000000000,-1.000000000,0.000242119,100.008639773,-0.875080575,-0.000242119,-0.008639773,-0.124919425,-0.001302809,-0.012828110,-0.187384012,-0.000060389,0.000029244,-0.000925348,-0.001242419,-0.012857355,-0.186458664,-0.014434351,-0.000781758,-2.734673169,0.053137792,-0.001371935,0.000633194,0.003645729,0.003571447,-0.003254850,-0.003962326,1.367336584,1.367336584
1786168477.040646553,99.400632158,0.000000000,NONE,0,0.049966017,0.000000000,100.000000000,-1.000000000,0.000238621,100.008640862,-0.875117544,-0.000238621,-0.008640862,-0.124882456,-0.001318030,-0.012857406,-0.187326548,-0.000103081,0.000032771,-0.000923270,-0.001214950,-0.012890177,-0.186403278,-0.012663121,-0.002961793,-2.735737997,0.053083382,-0.001355134,-0.000486714,0.004027907,0.002303653,-0.002547011,-0.003784550,1.367868999,1.367868999
1786168477.090636492,99.450622005,0.000000000,NONE,0,0.049970928,0.000000000,100.000000000,-1.000000000,0.000231618,100.008641949,-0.875163729,-0.000231618,-0.008641949,-0.124836271,-0.001310149,-0.012899448,-0.187254529,-0.000160431,0.000025928,-0.000924452,-0.001149718,-0.012925376,-0.186330077,-0.008021311,-0.005527131,-2.734913059,0.053015703,-0.001357856,-0.000343675,0.003473029,0.000537626,-0.000709464,-0.003301192,1.367456530,1.367456530
1786168477.140600920,99.500586481,0.000000000,NONE,0,0.050014437,0.000000000,100.000000000,-1.000000000,0.000222509,100.008642201,-0.875209972,-0.000222509,-0.008642201,-0.124790028,-0.001278787,-0.012941223,-0.187182499,-0.000195263,0.000006341,-0.000924074,-0.001083523,-0.012947564,-0.186258424,-0.004054786,-0.007004148,-2.734587379,0.052947564,-0.001365080,-0.000116591,0.002793881,-0.000766488,0.000708193,-0.002735586,1.367293689,1.367293689
1786168477.190583229,99.550568968,0.000000000,NONE,0,0.049992764,0.000000000,100.000000000,-1.000000000,0.000212333,100.008641332,-0.875256116,-0.000212333,-0.008641332,-0.124743884,-0.001230599,-0.012980517,-0.187110767,-0.000211190,-0.000017565,-0.000921374,-0.001019409,-0.012962952,-0.186189393,-0.000268621,-0.008193608,-2.734461108,0.052879312,-0.001364925,0.000054842,0.002101847,-0.001967536,0.001994957,-0.002129268,1.367230554,1.367230554
1786168477.240611553,99.600597268,0.000000000,NONE,0,0.050022920,0.000000000,100.000000000,-1.000000000,0.000201838,100.008638978,-0.875302091,-0.000201838,-0.008638978,-0.124697909,-0.001168847,-0.013011784,-0.187039755,-0.000213555,-0.000049962,-0.000917775,-0.000955292,-0.012961821,-0.186121979,0.003560814,-0.008181856,-2.734430462,0.052811337,-0.001358169,0.000141695,0.001119837,-0.002900244,0.002971091,-0.001190684,1.367215231,1.367215231
1786168477.290640354,99.650625950,0.000000000,NONE,0,0.050021335,0.000000000,100.000000000,-1.000000000,0.000191706,100.008634865,-0.875347875,-0.000191706,-0.008634865,-0.124652125,-0.001096772,-0.013029356,-0.186969837,-0.000202374,-0.000086457,-0.000913923,-0.000894397,-0.012942899,-0.186055914,0.007135530,-0.007049547,-2.734486203,0.052743886,-0.001347955,0.000159030,-0.000061253,-0.003506512,0.003586027,-0.000018262,1.367243102,1.367243102
1786168477.340617418,99.700603018,0.000000000,NONE,0,0.049969708,0.000000000,100.000000000,-1.000000000,0.000183081,100.008628271,-0.875393470,-0.000183081,-0.008628271,-0.124606530,-0.001026955,-0.013016106,-0.186902058,-0.000168659,-0.000137500,-0.000910282,-0.000858296,-0.012878606,-0.185991776,0.008792324,-0.002579006,-2.734680711,0.052676987,-0.001337091,0.000137803,-0.001587780,-0.002808382,0.002877283,0.001518879,1.367340355,1.367340355
1786168477.390577316,99.750562930,0.000000000,NONE,0,0.049972976,0.000000000,100.000000000,-1.000000000,0.000175423,100.008621337,-0.875438905,-0.000175423,-0.008621337,-0.124561095,-0.000946591,-0.013003529,-0.186834466,-0.000147803,-0.000136998,-0.000907549,-0.000798788,-0.012866531,-0.185926917,0.012818797,-0.003195905,-2.734771857,0.052610573,-0.001329476,0.000116538,-0.002434857,-0.003974541,0.004032810,0.002376588,1.367385928,1.367385928
1786168477.440570116,99.800555612,0.000000000,NONE,0,0.049983836,0.000000000,100.000000000,-1.000000000,0.000169720,100.008613684,-0.875484218,-0.000169720,-0.008613684,-0.124515782,-0.000869169,-0.012978095,-0.186767833,-0.000103078,-0.000154304,-0.000905323,-0.000766091,-0.012823791,-0.185862510,0.014231513,-0.000287935,-2.734917832,0.052544499,-0.001322411,0.000079088,-0.003505666,-0.003610090,0.003649634,0.003466123,1.367458916,1.367458916
1786168477.490589380,99.850575019,0.000000000,NONE,0,0.050019204,0.000000000,100.000000000,-1.000000000,0.000166479,100.008605575,-0.875529438,-0.000166479,-0.008605575,-0.124470562,-0.000800193,-0.012941689,-0.186701989,-0.000051962,-0.000161177,-0.000903789,-0.000748232,-0.012780511,-0.185798199,0.014992727,0.002071663,-2.735065623,0.052478657,-0.001317961,0.000052031,-0.004279105,-0.003217258,0.003243274,0.004253090,1.367532811,1.367532811
1786168477.540603399,99.900589093,0.000000000,NONE,0,0.050012309,0.000000000,100.000000000,-1.000000000,0.000165785,100.008599138,-0.875565573,-0.000165785,-0.008599138,-0.124434427,-0.000754154,-0.012907149,-0.186649700,-0.000008563,-0.000158673,-0.000903131,-0.000745592,-0.012748476,-0.185746568,0.014831644,0.003518665,-2.736349613,0.052426051,-0.001316252,-0.001000487,-0.004337455,-0.003078367,0.002578123,0.004837699,1.368174806,1.368174806
1786168477.590593100,99.950578561,0.000000000,NONE,0,0.049996576,0.000000000,100.000000000,-1.000000000,0.000167016,100.008591461,-0.875610820,-0.000167016,-0.008591461,-0.124389180,-0.000705117,-0.012859639,-0.186584507,0.000037838,-0.000150334,-0.000907086,-0.000742955,-0.012709305,-0.185677422,0.014974655,0.005787873,-2.735800294,0.052359757,-0.001338509,-0.000709957,-0.005013143,-0.002474185,0.002119206,0.005368121,1.367900147,1.367900147
1786168477.640672684,100.000658436,0.000000000,NONE,0,0.050095142,0.000000000,100.000000000,-1.000000000,0.000170945,100.008584680,-0.875656297,-0.000170945,-0.008584680,-0.124343703,-0.000675630,-0.012812813,-0.186518930,0.000094823,-0.000130608,-0.000910656,-0.000770454,-0.012682205,-0.185608274,0.012705653,0.006945828,-2.735611692,0.052292022,-0.001364001,-0.000275441,-0.004844010,-0.001508816,0.001371096,0.004981730,1.367805846,1.367805846
1786168477.690699577,100.050685072,0.000000000,NONE,0,0.049929458,0.000000000,100.000000000,-1.000000000,0.000177539,100.008579303,-0.875701906,-0.000177539,-0.008579303,-0.124298094,-0.000670106,-0.012772667,-0.186452747,0.000146529,-0.000102522,-0.000912855,-0.000816635,-0.012670145,-0.185539893,0.009538802,0.007132359,-2.735467727,0.052223335,-0.001377990,0.000144478,-0.004203910,-0.000565491,0.000637730,0.004131671,1.367733864,1.367733864
1786168477.740636349,100.100622099,0.000000000,NONE,0,0.050003196,0.000000000,100.000000000,-1.000000000,0.000186176,100.008575709,-0.875746690,-0.000186176,-0.008575709,-0.124253310,-0.000689348,-0.012745561,-0.186387006,0.000187721,-0.000069816,-0.000914244,-0.000877069,-0.012675745,-0.185472762,0.005605870,0.006178897,-2.735432738,0.052155761,-0.001378960,0.000344167,-0.003032233,0.000229299,-0.000057215,0.002860150,1.367716369,1.367716369
1786168477.790576935,100.150562390,0.000000000,NONE,0,0.049971615,0.000000000,100.000000000,-1.000000000,0.000196885,100.008573970,-0.875793366,-0.000196885,-0.008573970,-0.124206634,-0.000735450,-0.012737410,-0.186317221,0.000218345,-0.000032411,-0.000915428,-0.000953795,-0.012704999,-0.185401793,0.000648566,0.003648698,-2.735019605,0.052085704,-0.001372000,0.000673547,-0.001242703,0.000918420,-0.000581646,0.000905929,1.367509802,1.367509802
1786168477.840624809,100.200610445,0.000000000,NONE,0,0.050018924,0.000000000,100.000000000,-1.000000000,0.000208129,100.008573168,-0.875839137,-0.000208129,-0.008573168,-0.124160863,-0.000799191,-0.012735750,-0.186248363,0.000226079,-0.000020149,-0.000914817,-0.001025270,-0.012715601,-0.185333545,-0.003563792,0.003071240,-2.734933146,0.052017728,-0.001354227,0.000730105,-0.000059388,0.001841284,-0.001476232,-0.000305664,1.367466573,1.367466573
1786168477.890583992,100.250569687,0.000000000,NONE,0,0.049982966,0.000000000,100.000000000,-1.000000000,0.000220034,100.008571581,-0.875884848,-0.000220034,-0.008571581,-0.124115152,-0.000889312,-0.012714803,-0.186180687,0.000232356,-0.000037867,-0.000913536,-0.001121668,-0.012676936,-0.185267151,-0.009882610,0.006100707,-2.734951782,0.051950848,-0.001333415,0.000679074,0.000775707,0.004165598,-0.003826061,-0.001115244,1.367475891,1.367475891
1786168477.940612078,100.300597664,0.000000000,NONE,0,0.050026734,0.000000000,100.000000000,-1.000000000,0.000227942,100.008572082,-0.875921368,-0.000227942,-0.008572082,-0.124078632,-0.000951733,-0.012727456,-0.186124810,0.000186850,0.000012670,-0.000912514,-0.001138582,-0.012740125,-0.185212296,-0.009340954,-0.000070680,-2.735976549,0.051898041,-0.001318561,-0.000437437,0.002462268,0.002208209,-0.002426928,-0.002243549,1.367988275,1.367988275
1786168477.990583181,100.350568953,0.000000000,NONE,0,0.049951462,0.000000000,100.000000000,-1.000000000,0.000235689,100.008573740,-0.875967041,-0.000235689,-0.008573740,-0.124032959,-0.001020388,-0.012759145,-0.186053963,0.000140670,0.000028618,-0.000914867,-0.001161058,-0.012787762,-0.185139096,-0.010836807,-0.003000687,-2.735107583,0.051832304,-0.001321604,-0.000326289,0.003540946,0.001877458,-0.002040602,-0.003377801,1.367553792,1.367553792
1786168478.040620804,100.400606300,0.000000000,NONE,0,0.050024807,0.000000000,100.000000000,-1.000000000,0.000241589,100.008575325,-0.876012816,-0.000241589,-0.008575325,-0.123987184,-0.001084500,-0.012798474,-0.185982418,0.000103796,0.000022417,-0.000915346,-0.001188296,-0.012820891,-0.185067072,-0.012601759,-0.005094672,-2.734720563,0.051766052,-0.001329174,-0.000129572,0.004456501,0.001844379,-0.001909165,-0.004391715,1.367360281,1.367360281
1786168478.090590477,100.450576011,0.000000000,NONE,0,0.049996798,0.000000000,100.000000000,-1.000000000,0.000245519,100.008576190,-0.876058522,-0.000245519,-0.008576190,-0.123941478,-0.001142839,-0.012839876,-0.185910757,0.000060744,0.000005866,-0.000913170,-0.001203583,-0.012845741,-0.184997587,-0.013316551,-0.006822901,-2.734531174,0.051699581,-0.001329316,0.000019897,0.005029888,0.001628387,-0.001618438,-0.005039837,1.367265587,1.367265587
1786168478.140571594,100.500557300,0.000000000,NONE,0,0.049979246,0.000000000,100.000000000,-1.000000000,0.000247234,100.008575856,-0.876104084,-0.000247234,-0.008575856,-0.123895916,-0.001191029,-0.012878141,-0.185839433,0.000013887,-0.000019466,-0.000909890,-0.001204916,-0.012858675,-0.184929543,-0.013152947,-0.007757332,-2.734417818,0.051633228,-0.001323624,0.000110026,0.005200063,0.001376410,-0.001321397,-0.005255076,1.367208909,1.367208909
1786168478.190594912,100.550580443,0.000000000,NONE,0,0.050026428,0.000000000,100.000000000,-1.000000000,0.000246663,100.008573953,-0.876149464,-0.000246663,-0.008573953,-0.123850536,-0.001225548,-0.012908236,-0.185768849,-0.000033402,-0.000050844,-0.000905984,-0.001192146,-0.012857391,-0.184862864,-0.012138545,-0.007776955,-2.734402845,0.051567245,-0.001314361,0.000136606,0.004944724,0.001124549,-0.001056246,-0.005013026,1.367201423,1.367201423
1786168478.240661860,100.600647247,0.000000000,NONE,0,0.050019350,0.000000000,100.000000000,-1.000000000,0.000243961,100.008570371,-0.876193746,-0.000243961,-0.008570371,-0.123806254,-0.001243575,-0.012925753,-0.185700706,-0.000069857,-0.000075944,-0.000811780,-0.001173719,-0.012849810,-0.184888926,-0.010951283,-0.007552164,-2.742705107,0.051503074,-0.001173738,-0.001288251,0.004947925,0.000527717,-0.001171842,-0.004303799,1.371352553,1.371352553
1786168478.290637016,100.650622611,0.000000000,NONE,0,0.050032951,0.000000000,100.000000000,-1.000000000,0.000238467,100.008564344,-0.876239632,-0.000238467,-0.008564344,-0.123760368,-0.001230667,-0.012918961,-0.185631790,-0.000134367,-0.000129838,-0.000932389,-0.001096300,-0.012789124,-0.184699401,-0.005153096,-0.003156155,-2.729749820,0.051437243,-0.001329965,0.000393371,0.001978970,0.000597578,-0.000400893,-0.002175655,1.364874910,1.364874910
1786168478.340665579,100.700651281,0.000000000,NONE,0,0.049952080,0.000000000,100.000000000,-1.000000000,0.000232356,100.008557535,-0.876285986,-0.000232356,-0.008557535,-0.123714014,-0.001217560,-0.012908512,-0.185562345,-0.000136268,-0.000136505,-0.000916103,-0.001081292,-0.012772007,-0.184646242,-0.005525033,-0.003297725,-2.733364279,0.051370806,-0.001322884,0.000505365,0.002079348,0.000683168,-0.000430486,-0.002332031,1.366682139,1.366682139
1786168478.390640736,100.750626310,0.000000000,NONE,0,0.050030529,0.000000000,100.000000000,-1.000000000,0.000226895,100.008551463,-0.876322348,-0.000226895,-0.008551463,-0.123677652,-0.001198024,-0.012891399,-0.185508471,-0.000151255,-0.000150591,-0.000906027,-0.001046769,-0.012740808,-0.184602444,-0.003088004,-0.001429743,-2.735105008,0.051318274,-0.001308435,-0.000571525,0.001272318,0.000271684,-0.000557446,-0.000986555,1.367552504,1.367552504
1786168478.440926790,100.800912317,0.000000000,NONE,0,0.049968188,0.000000000,100.000000000,-1.000000000,0.000218452,100.008542557,-0.876368425,-0.000218452,-0.008542557,-0.123631575,-0.001146512,-0.012851433,-0.185441506,-0.000184015,-0.000172635,-0.000902836,-0.000962497,-0.012678797,-0.184538670,0.002946576,0.002670312,-2.734850533,0.051251664,-0.001313341,-0.000315536,-0.001325338,-0.000147950,-0.000009818,0.001483106,1.367425266,1.367425266
1786168478.490637779,100.850623494,0.000000000,NONE,0,0.050031009,0.000000000,100.000000000,-1.000000000,0.000209555,100.008532790,-0.876413543,-0.000209555,-0.008532790,-0.123586457,-0.001077420,-0.012790126,-0.185377447,-0.000185882,-0.000187245,-0.000901494,-0.000891538,-0.012602880,-0.184475953,0.006920888,0.007306878,-2.735097782,0.051185704,-0.001324663,-0.000047328,-0.003545110,0.000084666,-0.000108329,0.003568773,1.367548891,1.367548891
1786168478.540658236,100.900643826,0.000000000,NONE,0,0.050000283,0.000000000,100.000000000,-1.000000000,0.000201849,100.008524376,-0.876458589,-0.000201849,-0.008524376,-0.123541411,-0.001012442,-0.012738755,-0.185312891,-0.000150258,-0.000145813,-0.000900620,-0.000862185,-0.012592941,-0.184412271,0.007835782,0.006370216,-2.735230371,0.051119272,-0.001330632,0.000214962,-0.003605240,-0.000312651,0.000420132,0.003497759,1.367615185,1.367615185
1786168478.590618372,100.950603912,0.000000000,NONE,0,0.049975479,0.000000000,100.000000000,-1.000000000,0.000195670,100.008517732,-0.876503615,-0.000195670,-0.008517732,-0.123496385,-0.000952344,-0.012698738,-0.185247716,-0.000118128,-0.000115064,-0.000900553,-0.000834216,-0.012583675,-0.184347163,0.009471273,0.006676391,-2.735250018,0.051052700,-0.001329104,0.000422747,-0.004142603,-0.000593034,0.000804407,0.003931229,1.367625009,1.367625009
1786168478.640773535,101.000759318,0.000000000,NONE,0,0.050049550,0.000000000,100.000000000,-1.000000000,0.000191047,100.008512566,-0.876548646,-0.000191047,-0.008512566,-0.123451354,-0.000896793,-0.012667850,-0.185182019,-0.000083525,-0.000086831,-0.000900736,-0.000813268,-0.012581018,-0.184281283,0.010571587,0.006448588,-2.735236528,0.050986388,-0.001320684,0.000539792,-0.004389992,-0.000895802,0.001165698,0.004120096,1.367618264,1.367618264
1786168478.690613508,101.050599141,0.000000000,NONE,0,0.049964534,0.000000000,100.000000000,-1.000000000,0.000188169,100.008508893,-0.876593685,-0.000188169,-0.008508893,-0.123406315,-0.000847848,-0.012647358,-0.185115707,-0.000045472,-0.000058731,-0.000900882,-0.000802375,-0.012588626,-0.184214825,0.011008653,0.005512022,-2.735172778,0.050920621,-0.001307928,0.000585122,-0.004276449,-0.001227877,0.001520438,0.003983888,1.367586389,1.367586389
1786168478.740667582,101.100653341,0.000000000,NONE,0,0.050024714,0.000000000,100.000000000,-1.000000000,0.000187167,100.008506653,-0.876638725,-0.000187167,-0.008506653,-0.123361275,-0.000807928,-0.012638406,-0.185048705,-0.000005746,-0.000033117,-0.000900764,-0.000802182,-0.012605288,-0.184147941,0.010789164,0.004033534,-2.735089945,0.050855571,-0.001292875,0.000550534,-0.003843308,-0.001551274,0.001826541,0.003568041,1.367544972,1.367544972
1786168478.790607214,101.150592819,0.000000000,NONE,0,0.049954290,0.000000000,100.000000000,-1.000000000,0.000188068,100.008505653,-0.876683750,-0.000188068,-0.008505653,-0.123316250,-0.000779041,-0.012641105,-0.184981008,0.000033349,-0.000012441,-0.000900252,-0.000812390,-0.012628664,-0.184080756,0.009950400,0.002175464,-2.734976906,0.050791312,-0.001277486,0.000462842,-0.003147177,-0.001828023,0.002059444,0.002915756,1.367488453,1.367488453
1786168478.840637207,101.200622899,0.000000000,NONE,0,0.050017260,0.000000000,100.000000000,-1.000000000,0.000190715,100.008505553,-0.876727835,-0.000190715,-0.008505553,-0.123272165,-0.000762800,-0.012653959,-0.184914067,0.000068828,0.000000583,-0.000899193,-0.000831628,-0.012654542,-0.184014875,0.008596244,0.000231973,-2.734994941,0.050729080,-0.001263704,0.000228933,-0.002264287,-0.002033835,0.002148301,0.002149821,1.367497471,1.367497471
1786168478.890648842,101.250634460,0.000000000,NONE,0,0.050028438,0.000000000,100.000000000,-1.000000000,0.000195088,100.008505963,-0.876773664,-0.000195088,-0.008505963,-0.123226336,-0.000758447,-0.012675927,-0.184843892,0.000099793,0.000005864,-0.000898071,-0.000858240,-0.012681792,-0.183945821,0.006831070,-0.001790128,-2.734699300,0.050664903,-0.001254749,0.000204208,-0.001311288,-0.002104247,0.002206351,0.001209184,1.367349650,1.367349650
1786168478.940647364,101.300632982,0.000000000,NONE,0,0.050010140,0.000000000,100.000000000,-1.000000000,0.000200812,100.008506428,-0.876818503,-0.000200812,-0.008506428,-0.123181497,-0.000768593,-0.012702831,-0.184774807,0.000125820,0.000001953,-0.000895647,-0.000894414,-0.012704785,-0.183879160,0.004446139,-0.003454817,-2.734678294,0.050602420,-0.001246280,0.000056898,-0.000262055,-0.001961015,0.001989463,0.000233606,1.367339147,1.367339147
1786168478.990718603,101.350704309,0.000000000,NONE,0,0.049984938,0.000000000,100.000000000,-1.000000000,0.000206137,100.008506555,-0.876854281,-0.000206137,-0.008506555,-0.123145719,-0.000785670,-0.012725744,-0.184719518,0.000138980,-0.000007071,-0.000893533,-0.000924650,-0.012718673,-0.183825985,0.002726031,-0.004468642,-2.735819466,0.050552688,-0.001241823,-0.001062903,0.000701378,-0.002064394,0.001532942,-0.000169927,1.367909733,1.367909733
1786168479.040620804,101.400606330,0.000000000,NONE,0,0.049957562,0.000000000,100.000000000,-1.000000000,0.000212649,100.008506591,-0.876898982,-0.000212649,-0.008506591,-0.123101018,-0.000803494,-0.012762447,-0.184649878,0.000131721,-0.000010729,-0.000895032,-0.000935216,-0.012751719,-0.183754846,0.002460748,-0.007225212,-2.735069480,0.050490176,-0.001260888,-0.000916009,0.001420118,-0.002650492,0.002192488,-0.000962114,1.367534740,1.367534740
1786168479.090634823,101.450620368,0.000000000,NONE,0,0.050012137,0.000000000,100.000000000,-1.000000000,0.000219893,100.008505338,-0.876943766,-0.000219893,-0.008505338,-0.123056234,-0.000835353,-0.012788834,-0.184580622,0.000149375,-0.000045814,-0.000895340,-0.000984728,-0.012743020,-0.183685282,-0.001315574,-0.006238164,-2.734826305,0.050426364,-0.001284386,-0.000619933,0.002043418,-0.001385631,0.001075664,-0.001733452,1.367413153,1.367413153
1786168479.140593052,101.500578721,0.000000000,NONE,0,0.049972122,0.000000000,100.000000000,-1.000000000,0.000227664,100.008502406,-0.876988498,-0.000227664,-0.008502406,-0.123011502,-0.000880242,-0.012800477,-0.184512224,0.000151909,-0.000078588,-0.000893760,-0.001032151,-0.012721889,-0.183618464,-0.004149438,-0.005062087,-2.734790850,0.050361559,-0.001300155,-0.000311170,0.002380674,-0.000305955,0.000150370,-0.002225089,1.367395425,1.367395425
1786168479.190690041,101.550675637,0.000000000,NONE,0,0.050016636,0.000000000,100.000000000,-1.000000000,0.000235210,100.008497927,-0.877033131,-0.000235210,-0.008497927,-0.122966869,-0.000932509,-0.012796539,-0.184444846,0.000141077,-0.000107761,-0.000891730,-0.001073586,-0.012688778,-0.183553116,-0.006546314,-0.003145877,-2.734837365,0.050296189,-0.001307496,-0.000039429,0.002432905,0.000840252,-0.000859966,-0.002413191,1.367418683,1.367418683
1786168479.240698576,101.600684132,0.000000000,NONE,0,0.050065069,0.000000000,100.000000000,-1.000000000,0.000242175,100.008492570,-0.877077664,-0.000242175,-0.008492570,-0.122922336,-0.000991898,-0.012784868,-0.184378010,0.000125363,-0.000120309,-0.000889833,-0.001117260,-0.012664559,-0.183488176,-0.009244120,-0.002165171,-2.734894201,0.050230675,-0.001307100,0.000168096,0.002810299,0.001811761,-0.001727713,-0.002894347,1.367447100,1.367447100
1786168479.290581465,101.650567174,0.000000000,NONE,0,0.049925496,0.000000000,100.000000000,-1.000000000,0.000247937,100.008486468,-0.877122108,-0.000247937,-0.008486468,-0.122877892,-0.001052012,-0.012763879,-0.184311847,0.000095654,-0.000133027,-0.000888225,-0.001147665,-0.012630852,-0.183423622,-0.010839613,-0.000225579,-2.734958215,0.050165385,-0.001300435,0.000315614,0.002687394,0.002732412,-0.002574605,-0.002845201,1.367479108,1.367479108
1786168479.340614796,101.700600479,0.000000000,NONE,0,0.049991623,0.000000000,100.000000000,-1.000000000,0.000251988,100.008479814,-0.877166481,-0.000251988,-0.008479814,-0.122833519,-0.001107265,-0.012734040,-0.184246350,0.000058216,-0.000139048,-0.000886934,-0.001165481,-0.012594992,-0.183359416,-0.011690715,0.001711673,-2.735055744,0.050100573,-0.001290142,0.000388357,0.002397671,0.003447686,-0.003253508,-0.002591850,1.367527872,1.367527872
1786168479.390609264,101.750594842,0.000000000,NONE,0,0.050013659,0.000000000,100.000000000,-1.000000000,0.000254035,100.008473009,-0.877210802,-0.000254035,-0.008473009,-0.122789198,-0.001153364,-0.012698161,-0.184181362,0.000016439,-0.000136502,-0.000886121,-0.001169804,-0.012561659,-0.183295241,-0.011714369,0.003416545,-2.735148326,0.050036364,-0.001278529,0.000403960,0.001973466,0.003883719,-0.003681738,-0.002175446,1.367574163,1.367574163
1786168479.440596342,101.800581700,0.000000000,NONE,0,0.049987409,0.000000000,100.000000000,-1.000000000,0.000253948,100.008466460,-0.877255098,-0.000253948,-0.008466460,-0.122744902,-0.001186959,-0.012659932,-0.184116660,-0.000026170,-0.000125951,-0.000885770,-0.001160788,-0.012533981,-0.183230889,-0.010939422,0.004725474,-2.735219090,0.049972764,-0.001267359,0.000384285,0.001457416,0.004012295,-0.003820153,-0.001649558,1.367609545,1.367609545
1786168479.490670919,101.850656376,0.000000000,NONE,0,0.050076818,0.000000000,100.000000000,-1.000000000,0.000251764,100.008460531,-0.877299388,-0.000251764,-0.008460531,-0.122700612,-0.001205796,-0.012623244,-0.184052001,-0.000066483,-0.000108713,-0.000885784,-0.001139313,-0.012514531,-0.183166217,-0.009433111,0.005484810,-2.735274145,0.049909707,-0.001257506,0.000331679,0.000904155,0.003812400,-0.003646560,-0.001069995,1.367637072,1.367637072
1786168479.540632725,101.900618517,0.000000000,NONE,0,0.049962943,0.000000000,100.000000000,-1.000000000,0.000248626,100.008456424,-0.877334827,-0.000248626,-0.008456424,-0.122665173,-0.001209382,-0.012597399,-0.184000156,-0.000094843,-0.000091582,-0.000886017,-0.001114539,-0.012505817,-0.183114139,-0.007907910,0.005531229,-2.736452203,0.049859580,-0.001251101,-0.000704532,0.000770303,0.003183652,-0.003535918,-0.000418037,1.368226102,1.368226102
1786168479.590629339,101.950615098,0.000000000,NONE,0,0.050001051,0.000000000,100.000000000,-1.000000000,0.000242629,100.008452599,-0.877379240,-0.000242629,-0.008452599,-0.122620760,-0.001189552,-0.012579119,-0.183934504,-0.000139017,-0.000058773,-0.000890530,-0.001050535,-0.012520346,-0.183043974,-0.003307487,0.003916708,-2.735755970,0.049796719,-0.001265845,-0.000507916,-0.000025326,0.001679070,-0.001933028,0.000279284,1.367877985,1.367877985
1786168479.640591383,102.000576952,0.000000000,NONE,0,0.049956558,0.000000000,100.000000000,-1.000000000,0.000235072,100.008450185,-0.877423903,-0.000235072,-0.008450185,-0.122576097,-0.001149585,-0.012577195,-0.183867625,-0.000160342,-0.000031466,-0.000894283,-0.000989243,-0.012545729,-0.182973342,0.000296653,0.001866529,-2.735371446,0.049732771,-0.001284715,-0.000172395,-0.000497697,0.000349370,-0.000435568,0.000583894,1.367685723,1.367685723
1786168479.690660954,102.050646586,0.000000000,NONE,0,0.050076992,0.000000000,100.000000000,-1.000000000,0.000227491,100.008447993,-0.877468669,-0.000227491,-0.008447993,-0.122531331,-0.001105003,-0.012574032,-0.183800719,-0.000152848,-0.000033542,-0.000895549,-0.000952155,-0.012540490,-0.182905170,0.002016587,0.002485687,-2.735231672,0.049668187,-0.001292629,0.000099041,-0.001150329,0.000142035,-0.000092515,0.001100808,1.367615836,1.367615836
1786168479.740601301,102.100586861,0.000000000,NONE,0,0.049935268,0.000000000,100.000000000,-1.000000000,0.000220378,100.008446451,-0.877513462,-0.000220378,-0.008446451,-0.122486538,-0.001058369,-0.012579974,-0.183733221,-0.000140677,-0.000017916,-0.000895817,-0.000917691,-0.012562058,-0.182837404,0.004015875,0.000330041,-2.735057274,0.049603488,-0.001291690,0.000311607,-0.001164381,-0.000843557,0.000999360,0.001008577,1.367528637,1.367528637
1786168479.790652752,102.150638293,0.000000000,NONE,0,0.050026982,0.000000000,100.000000000,-1.000000000,0.000213861,100.008445320,-0.877558240,-0.000213861,-0.008445320,-0.122441760,-0.001008317,-0.012591813,-0.183665391,-0.000125858,-0.000014277,-0.000895211,-0.000882459,-0.012577536,-0.182770179,0.006126811,-0.000813593,-2.734936566,0.049539088,-0.001282670,0.000416804,-0.001432505,-0.001630900,0.001839302,0.001224103,1.367468283,1.367468283
1786168479.840605736,102.200591265,0.000000000,NONE,0,0.049972604,0.000000000,100.000000000,-1.000000000,0.000208252,100.008444290,-0.877602964,-0.000208252,-0.008444290,-0.122397036,-0.000956423,-0.012607984,-0.183597351,-0.000104385,-0.000015198,-0.000893928,-0.000852038,-0.012592785,-0.182703423,0.007840109,-0.002070173,-2.734836619,0.049475311,-0.001268928,0.000436734,-0.001551668,-0.002368387,0.002586754,0.001333300,1.367418310,1.367418310
1786168479.890592575,102.250578202,0.000000000,NONE,0,0.050009367,0.000000000,100.000000000,-1.000000000,0.000203883,100.008443129,-0.877647608,-0.000203883,-0.008443129,-0.122352392,-0.000905421,-0.012626473,-0.183529243,-0.000077037,-0.000021425,-0.000892126,-0.000828384,-0.012605048,-0.182637117,0.009107389,-0.003096921,-2.734771966,0.049412301,-0.001253492,0.000381025,-0.001597873,-0.002955821,0.003146334,0.001407361,1.367385983,1.367385983
1786168479.940690994,102.300676616,0.000000000,NONE,0,0.050078177,0.000000000,100.000000000,-1.000000000,0.000201456,100.008441946,-0.877683250,-0.000201456,-0.008441946,-0.122316750,-0.000867104,-0.012641357,-0.183474811,-0.000051943,-0.000029966,-0.000890412,-0.000815161,-0.012611392,-0.182584400,0.009674628,-0.003703592,-2.735926715,0.049362458,-0.001241727,-0.000693140,-0.001319474,-0.003517840,0.003171270,0.001666044,1.367963357,1.367963357
1786168479.990621090,102.350606847,0.000000000,NONE,0,0.049926949,0.000000000,100.000000000,-1.000000000,0.000199507,100.008440100,-0.877727808,-0.000199507,-0.008440100,-0.122272192,-0.000817391,-0.012660578,-0.183406681,-0.000027905,-0.000040393,-0.000892534,-0.000789486,-0.012620185,-0.182514146,0.011449676,-0.004632915,-2.735210733,0.049300253,-0.001251369,-0.000543095,-0.001568417,-0.004156421,0.003884874,0.001839964,1.367605366,1.367605366
1786168480.040607214,102.400592854,0.000000000,NONE,0,0.049991030,0.000000000,100.000000000,-1.000000000,0.000199337,100.008438100,-0.877763531,-0.000199337,-0.008438100,-0.122236469,-0.000784955,-0.012672493,-0.183352208,0.000006590,-0.000055769,-0.000893058,-0.000791546,-0.012616725,-0.182459150,0.010753311,-0.004518426,-2.736228635,0.049249952,-0.001262154,-0.001335346,-0.001224885,-0.004151771,0.003484098,0.001892558,1.368114318,1.368114318
1786168480.090636969,102.450622643,0.000000000,NONE,0,0.050004544,0.000000000,100.000000000,-1.000000000,0.000200245,100.008435632,-0.877799311,-0.000200245,-0.008435632,-0.122200689,-0.000755999,-0.012681798,-0.183297761,0.000030886,-0.000068386,-0.000895940,-0.000786885,-0.012613412,-0.182401821,0.011149790,-0.004656080,-2.736729758,0.049198992,-0.001285852,-0.001941900,-0.001137953,-0.004436942,0.003465993,0.002108902,1.368364879,1.368364879
1786168480.140583754,102.500569329,0.000000000,NONE,0,0.049987185,0.000000000,100.000000000,-1.000000000,0.000202909,100.008431830,-0.877844311,-0.000202909,-0.008431830,-0.122155689,-0.000727381,-0.012687866,-0.183229568,0.000066036,-0.000087011,-0.000902928,-0.000793417,-0.012600855,-0.182326640,0.010516244,-0.004044417,-2.735666523,0.049133317,-0.001336515,-0.001093299,-0.001344632,-0.003913490,0.003366841,0.001891282,1.367833261,1.367833261
1786168480.190591812,102.550577390,0.000000000,NONE,0,0.050000806,0.000000000,100.000000000,-1.000000000,0.000207955,100.008426983,-0.877889577,-0.000207955,-0.008426983,-0.122110423,-0.000721149,-0.012681464,-0.183161646,0.000113191,-0.000110111,-0.000906095,-0.000834341,-0.012571352,-0.182255551,0.007352557,-0.002237277,-2.735329039,0.049065425,-0.001370135,-0.000232394,-0.001220722,-0.002455557,0.002339360,0.001336918,1.367664519,1.367664519
1786168480.240622997,102.600608618,0.000000000,NONE,0,0.050008399,0.000000000,100.000000000,-1.000000000,0.000215135,100.008421270,-0.877934924,-0.000215135,-0.008421270,-0.122065076,-0.000738846,-0.012662706,-0.183094280,0.000150480,-0.000126684,-0.000906979,-0.000889326,-0.012536022,-0.182187301,0.003748896,-0.000278049,-2.735163887,0.048996563,-0.001378686,0.000461584,-0.000983108,-0.000891340,0.001122132,0.000752316,1.367581944,1.367581944
1786168480.290578127,102.650563682,0.000000000,NONE,0,0.049991700,0.000000000,100.000000000,-1.000000000,0.000223907,100.008415118,-0.877980284,-0.000223907,-0.008415118,-0.122019716,-0.000780317,-0.012634925,-0.183027373,0.000176623,-0.000133526,-0.000906911,-0.000956941,-0.012501399,-0.182120462,-0.000587893,0.001526731,-2.735065245,0.048927883,-0.001366541,0.000942618,-0.000470364,0.000764310,-0.000293001,-0.000000945,1.367532622,1.367532622
1786168480.340630531,102.700616058,0.000000000,NONE,0,0.050050747,0.000000000,100.000000000,-1.000000000,0.000234251,100.008408087,-0.878025622,-0.000234251,-0.008408087,-0.121974378,-0.000854854,-0.012585646,-0.182961732,0.000200600,-0.000149628,-0.000906302,-0.001055454,-0.012436017,-0.182055429,-0.007146689,0.005847373,-2.735106623,0.048860289,-0.001339486,0.001188568,0.000027687,0.003545658,-0.002951374,-0.000621971,1.367553311,1.367553311
1786168480.390689373,102.750674753,0.000000000,NONE,0,0.050048248,0.000000000,100.000000000,-1.000000000,0.000241818,100.008402681,-0.878061867,-0.000241818,-0.008402681,-0.121938133,-0.000914309,-0.012543305,-0.182909448,0.000174884,-0.000137519,-0.000905903,-0.001089193,-0.012405785,-0.182003546,-0.007909146,0.006730107,-2.736291894,0.048807372,-0.001313377,0.000275424,0.000225904,0.003728669,-0.003590957,-0.000363616,1.368145947,1.368145947
1786168480.440614939,102.800600432,0.000000000,NONE,0,0.049902491,0.000000000,100.000000000,-1.000000000,0.000249231,100.008397690,-0.878107249,-0.000249231,-0.008397690,-0.121892751,-0.000976151,-0.012509442,-0.182842882,0.000128721,-0.000092448,-0.000909728,-0.001104872,-0.012416995,-0.181933154,-0.008523081,0.004983983,-2.733910199,0.048742280,-0.001300686,0.000491074,0.000762006,0.003499534,-0.003253998,-0.001007543,1.366955100,1.366955100
1786168480.490592957,102.850578583,0.000000000,NONE,0,0.049990850,0.000000000,100.000000000,-1.000000000,0.000254993,100.008394118,-0.878152681,-0.000254993,-0.008394118,-0.121847319,-0.001033860,-0.012488184,-0.182775520,0.000099361,-0.000067471,-0.000906213,-0.001133222,-0.012420714,-0.181869307,-0.010510823,0.004641346,-2.729574313,0.048677632,-0.001289810,0.000687344,0.001295533,0.003959878,-0.003616206,-0.001639205,1.364787157,1.364787157
1786168480.540620327,102.900605905,0.000000000,NONE,0,0.050018988,0.000000000,100.000000000,-1.000000000,0.000259073,100.008391600,-0.878197366,-0.000259073,-0.008391600,-0.121802634,-0.001086901,-0.012477457,-0.182708673,0.000063580,-0.000045209,-0.000882617,-0.001150481,-0.012432248,-0.181826055,-0.011358463,0.003502673,-2.726959182,0.048613755,-0.001272092,0.000757108,0.001774670,0.003904561,-0.003526007,-0.002153224,1.363479591,1.363479591
1786168480.590625525,102.950611055,0.000000000,NONE,0,0.050009351,0.000000000,100.000000000,-1.000000000,0.000261147,100.008390025,-0.878240381,-0.000261147,-0.008390025,-0.121759619,-0.001130946,-0.012477960,-0.182643694,0.000022835,-0.000026038,-0.000843907,-0.001153780,-0.012451922,-0.181799787,-0.011310871,0.001847075,-2.725459847,0.048550876,-0.001250705,0.000717504,0.002186573,0.003468863,-0.003110111,-0.002545325,1.362729923,1.362729923
1786168480.640608311,103.000593691,0.000000000,NONE,0,0.049985474,0.000000000,100.000000000,-1.000000000,0.000261099,100.008389140,-0.878281186,-0.000261099,-0.008389140,-0.121718814,-0.001162548,-0.012489022,-0.182581442,-0.000019040,-0.000012830,-0.000796672,-0.001143508,-0.012476192,-0.181784770,-0.010455087,-0.000034171,-2.724633438,0.048489062,-0.001228921,0.000597302,0.002472989,0.002754555,-0.002455903,-0.002771640,1.362316719,1.362316719
1786168480.690578461,103.050564100,0.000000000,NONE,0,0.049994582,0.000000000,100.000000000,-1.000000000,0.000258992,100.008388587,-0.878319473,-0.000258992,-0.008388587,-0.121680527,-0.001179355,-0.012508542,-0.182522503,-0.000058757,-0.000007518,-0.000744618,-0.001120598,-0.012501024,-0.181777886,-0.008857663,-0.001885137,-2.724314320,0.048428249,-0.001209184,0.000422690,0.002580028,0.001848804,-0.001637459,-0.002791373,1.362157160,1.362157160
1786168480.740605354,103.100591110,0.000000000,NONE,0,0.050009448,0.000000000,100.000000000,-1.000000000,0.000255047,100.008387975,-0.878355091,-0.000255047,-0.008387975,-0.121644909,-0.001180293,-0.012533563,-0.182467278,-0.000093438,-0.000010633,-0.000690554,-0.001086855,-0.012522931,-0.181776724,-0.006643877,-0.003502034,-2.724347452,0.048368302,-0.001192894,0.000217764,0.002482037,0.000839902,-0.000731020,-0.002590919,1.362173726,1.362173726
1786168480.790598154,103.150583715,0.000000000,NONE,0,0.049992975,0.000000000,100.000000000,-1.000000000,0.000249596,100.008386876,-0.878387999,-0.000249596,-0.008386876,-0.121612001,-0.001164856,-0.012559743,-0.182416083,-0.000120553,-0.000021815,-0.000636413,-0.001044302,-0.012537928,-0.181779671,-0.003938620,-0.004627510,-2.724635900,0.048308987,-0.001182400,0.000027821,0.002134577,-0.000165267,0.000179178,-0.002148488,1.362317950,1.362317950
1786168480.840671539,103.200657170,0.000000000,NONE,0,0.050030153,0.000000000,100.000000000,-1.000000000,0.000244432,100.008385386,-0.878412401,-0.000244432,-0.008385386,-0.121587599,-0.001141012,-0.012578249,-0.182378187,-0.000135884,-0.000036618,-0.000594104,-0.001005128,-0.012541631,-0.181784082,-0.001678863,-0.004973123,-2.724973943,0.048261823,-0.001177944,-0.001072714,0.001931175,-0.001091744,0.000555387,-0.001394818,1.362486971,1.362486971
1786168480.890627146,103.250612774,0.000000000,NONE,0,0.050017971,0.000000000,100.000000000,-1.000000000,0.000236866,100.008382382,-0.878440562,-0.000236866,-0.008382382,-0.121559438,-0.001089216,-0.012592417,-0.182334950,-0.000160339,-0.000062220,-0.000542683,-0.000928878,-0.012530197,-0.181792267,0.003619880,-0.004325104,-2.725622306,0.048202574,-0.001196781,-0.000966414,0.000417909,-0.002227849,0.001744642,0.000065298,1.362811153,1.362811153
1786168480.940636396,103.300622135,0.000000000,NONE,0,0.049971357,0.000000000,100.000000000,-1.000000000,0.000228434,100.008379944,-0.878466227,-0.000228434,-0.008379944,-0.121533773,-0.001014438,-0.012628136,-0.182294135,-0.000169485,-0.000040666,-0.000494069,-0.000844953,-0.012587470,-0.181800067,0.008796782,-0.009519723,-2.726160751,0.048142051,-0.001223455,-0.000669246,0.000348047,-0.004746438,0.004411815,-0.000013424,1.363080376,1.363080376
1786168480.990637302,103.350622921,0.000000000,NONE,0,0.050009221,0.000000000,100.000000000,-1.000000000,0.000221468,100.008375920,-0.878489548,-0.000221468,-0.008375920,-0.121510452,-0.000945242,-0.012646224,-0.182257835,-0.000127685,-0.000093574,-0.000448314,-0.000817557,-0.012552650,-0.181809521,0.009294910,-0.005937039,-2.726855532,0.048080481,-0.001240562,-0.000381533,-0.000744085,-0.003903371,0.003712604,0.000934851,1.363427766,1.363427766
1786168481.040585041,103.400570660,0.000000000,NONE,0,0.049967479,0.000000000,100.000000000,-1.000000000,0.000216852,100.008369285,-0.878510675,-0.000216852,-0.008369285,-0.121489325,-0.000889603,-0.012632491,-0.182226677,-0.000082769,-0.000143591,-0.000405819,-0.000806834,-0.012488900,-0.181820857,0.009589761,-0.001817882,-2.727686896,0.048018322,-0.001249184,-0.000121328,-0.001912638,-0.002882243,0.002821579,0.001973302,1.363843448,1.363843448
1786168481.090588093,103.450573778,0.000000000,NONE,0,0.050001960,0.000000000,100.000000000,-1.000000000,0.000214252,100.008361277,-0.878529794,-0.000214252,-0.008361277,-0.121470206,-0.000844028,-0.012599216,-0.182199685,-0.000044909,-0.000163587,-0.000367295,-0.000799119,-0.012435629,-0.181832389,0.009976193,0.000921275,-2.728497886,0.047955874,-0.001251976,0.000106730,-0.002751050,-0.002237047,0.002290412,0.002697684,1.364248943,1.364248943
1786168481.140578747,103.500564474,0.000000000,NONE,0,0.049997560,0.000000000,100.000000000,-1.000000000,0.000213559,100.008352882,-0.878547112,-0.000213559,-0.008352882,-0.121452888,-0.000808914,-0.012554735,-0.182176069,-0.000006801,-0.000167727,-0.000332944,-0.000802112,-0.012387008,-0.181843125,0.009565126,0.003521669,-2.729233463,0.047893399,-0.001249390,0.000289709,-0.003344126,-0.001438437,0.001583292,0.003199271,1.364616732,1.364616732
1786168481.190604448,103.550590112,0.000000000,NONE,0,0.050010326,0.000000000,100.000000000,-1.000000000,0.000214743,100.008344772,-0.878562830,-0.000214743,-0.008344772,-0.121437170,-0.000786006,-0.012505081,-0.182155174,0.000030400,-0.000158830,-0.000302449,-0.000816406,-0.012346252,-0.181852725,0.008462870,0.005596159,-2.729882721,0.047831146,-0.001242483,0.000416783,-0.003618953,-0.000612482,0.000820874,0.003410561,1.364941360,1.364941360
1786168481.240648270,103.600633841,0.000000000,NONE,0,0.050029735,0.000000000,100.000000000,-1.000000000,0.000217674,100.008337587,-0.878577128,-0.000217674,-0.008337587,-0.121422872,-0.000776911,-0.012456986,-0.182136328,0.000064687,-0.000137746,-0.000275373,-0.000841598,-0.012319240,-0.181860955,0.006713279,0.006725631,-2.730431350,0.047769305,-0.001232729,0.000486757,-0.003481417,0.000124777,0.000118601,0.003238038,1.365215675,1.365215675
1786168481.290623426,103.650609184,0.000000000,NONE,0,0.049986299,0.000000000,100.000000000,-1.000000000,0.000221597,100.008333796,-0.878587656,-0.000221597,-0.008333796,-0.121412344,-0.000789719,-0.012440442,-0.182121234,0.000102813,-0.000088671,-0.000256035,-0.000892532,-0.012351771,-0.181865199,0.003118541,0.003305904,-2.730648799,0.047720229,-0.001223529,-0.000449840,-0.001493651,-0.000065620,-0.000159301,0.001718571,1.365324399,1.365324399
1786168481.340603352,103.700589003,0.000000000,NONE,0,0.049978286,0.000000000,100.000000000,-1.000000000,0.000225777,100.008327690,-0.878599769,-0.000225777,-0.008327690,-0.121400231,-0.000785151,-0.012383378,-0.182106356,0.000074023,-0.000131491,-0.000233222,-0.000859174,-0.012251887,-0.181873134,0.006785293,0.011750607,-2.731278147,0.047658947,-0.001230758,-0.000238862,-0.004574259,0.001181613,-0.001301044,0.004693690,1.365639073,1.365639073
1786168481.390604258,103.750589780,0.000000000,NONE,0,0.050002639,0.000000000,100.000000000,-1.000000000,0.000231031,100.008323516,-0.878610808,-0.000231031,-0.008323516,-0.121389192,-0.000797821,-0.012346904,-0.182091804,0.000114851,-0.000063703,-0.000212959,-0.000912672,-0.012283201,-0.181878845,0.001814320,0.007008982,-2.731633369,0.047597001,-0.001244796,0.000097262,-0.002230141,0.001322981,-0.001274350,0.002181510,1.365816685,1.365816685
1786168481.440614462,103.800599926,0.000000000,NONE,0,0.049994319,0.000000000,100.000000000,-1.000000000,0.000237449,100.008321899,-0.878620908,-0.000237449,-0.008321899,-0.121379092,-0.000827538,-0.012332761,-0.182077333,0.000130713,-0.000024527,-0.000194872,-0.000958251,-0.012308235,-0.181882461,-0.000788460,0.005351500,-2.731844610,0.047534640,-0.001249090,0.000376164,-0.001234801,0.001629031,-0.001440949,0.001046719,1.365922305,1.365922305
1786168481.490590096,103.850575843,0.000000000,NONE,0,0.050007923,0.000000000,100.000000000,-1.000000000,0.000244194,100.008321839,-0.878630147,-0.000244194,-0.008321839,-0.121369853,-0.000868998,-0.012334642,-0.182063170,0.000134669,0.000003266,-0.000178074,-0.001003668,-0.012337907,-0.181885095,-0.003538440,0.003166465,-2.732009353,0.047472453,-0.001242523,0.000537459,-0.000041371,0.001810591,-0.001541862,-0.000227358,1.366004676,1.366004676
1786168481.540602446,103.900587925,0.000000000,NONE,0,0.049993183,0.000000000,100.000000000,-1.000000000,0.000251434,100.008321816,-0.878638572,-0.000251434,-0.008321816,-0.121361428,-0.000929784,-0.012330571,-0.182050528,0.000143088,-0.000004610,-0.000162168,-0.001072872,-0.012325961,-0.181888359,-0.008198814,0.004415164,-2.732250456,0.047410882,-0.001229097,0.000588458,0.000798798,0.003300609,-0.003006380,-0.001093027,1.366125228,1.366125228
1786168481.590615749,103.950601353,0.000000000,NONE,0,0.050018756,0.000000000,100.000000000,-1.000000000,0.000257114,100.008323630,-0.878646234,-0.000257114,-0.008323630,-0.121353766,-0.000981875,-0.012357441,-0.182037144,0.000101347,0.000043698,-0.000147407,-0.001083222,-0.012401139,-0.181889738,-0.007674313,-0.002198459,-2.732309183,0.047350050,-0.001213093,0.000558163,0.002328652,0.001508504,-0.001229423,-0.002607734,1.366154591,1.366154591
1786168481.640645981,104.000631395,0.000000000,NONE,0,0.049990710,0.000000000,100.000000000,-1.000000000,0.000261175,100.008326396,-0.878653176,-0.000261175,-0.008326396,-0.121346824,-0.001028481,-0.012403445,-0.182023643,0.000072550,0.000050781,-0.000133146,-0.001101031,-0.012454226,-0.181890497,-0.008924191,-0.005341162,-2.732349984,0.047290045,-0.001194149,0.000441029,0.003456081,0.001006014,-0.000785500,-0.003676595,1.366174992,1.366174992
1786168481.690654755,104.050640425,0.000000000,NONE,0,0.050049663,0.000000000,100.000000000,-1.000000000,0.000263724,100.008328707,-0.878659411,-0.000263724,-0.008328707,-0.121340589,-0.001068576,-0.012456103,-0.182010710,0.000040070,0.000036669,-0.000119107,-0.001108646,-0.012492772,-0.181891603,-0.009208720,-0.007775032,-2.732434305,0.047230927,-0.001175786,0.000259067,0.004181171,0.000423189,-0.000293655,-0.004310705,1.366217153,1.366217153
1786168481.740627289,104.100612826,0.000000000,NONE,0,0.049958374,0.000000000,100.000000000,-1.000000000,0.000264579,100.008329714,-0.878663901,-0.000264579,-0.008329714,-0.121336099,-0.001094019,-0.012497849,-0.182001068,0.000012439,0.000015235,-0.000108187,-0.001106458,-0.012513085,-0.181892881,-0.008911778,-0.009022566,-2.732527248,0.047184183,-0.001164088,-0.000832900,0.004691811,-0.000235922,-0.000180528,-0.004275361,1.366263624,1.366263624
1786168481.790599585,104.150585380,0.000000000,NONE,0,0.049981782,0.000000000,100.000000000,-1.000000000,0.000262986,100.008327577,-0.878668818,-0.000262986,-0.008327577,-0.121331182,-0.001092173,-0.012509671,-0.181992666,-0.000053413,-0.000064267,-0.000095205,-0.001038760,-0.012445403,-0.181897460,-0.003564965,-0.003534653,-2.732913855,0.047127012,-0.001173492,-0.000876196,0.001993954,-0.000211471,-0.000226627,-0.001555856,1.366456928,1.366456928
1786168481.840614319,104.200599960,0.000000000,NONE,0,0.050003614,0.000000000,100.000000000,-1.000000000,0.000259741,100.008323544,-0.878673220,-0.000259741,-0.008323544,-0.121326780,-0.001073497,-0.012507417,-0.181985903,-0.000074842,-0.000083949,-0.000083465,-0.000998655,-0.012423468,-0.181902438,-0.001734173,-0.003440240,-2.733270244,0.047067727,-0.001195322,-0.000622224,0.001449159,-0.000582073,0.000270961,-0.001138047,1.366635122,1.366635122
1786168481.890597582,104.250583167,0.000000000,NONE,0,0.049995539,0.000000000,100.000000000,-1.000000000,0.000256665,100.008320014,-0.878677162,-0.000256665,-0.008320014,-0.121322838,-0.001062048,-0.012522664,-0.181978636,-0.000062215,-0.000066476,-0.000073351,-0.000999834,-0.012456187,-0.181905284,-0.002654277,-0.006837138,-2.733426835,0.047006187,-0.001213389,-0.000218521,0.002427484,-0.001100346,0.000991085,-0.002318223,1.366713418,1.366713418
1786168481.940579176,104.300564578,0.000000000,NONE,0,0.049996918,0.000000000,100.000000000,-1.000000000,0.000253837,100.008315997,-0.878680564,-0.000253837,-0.008315997,-0.121319436,-0.001054154,-0.012536354,-0.181972214,-0.000062663,-0.000088782,-0.000064511,-0.000991491,-0.012447572,-0.181907703,-0.001987274,-0.005830908,-2.733587589,0.046945304,-0.001218474,0.000008707,0.001952369,-0.000958732,0.000963085,-0.001956722,1.366793794,1.366793794
1786168481.990611315,104.350596875,0.000000000,NONE,0,0.050011403,0.000000000,100.000000000,-1.000000000,0.000250812,100.008310585,-0.878683549,-0.000250812,-0.008310585,-0.121316451,-0.001043092,-0.012538121,-0.181967112,-0.000068081,-0.000116236,-0.000056473,-0.000975011,-0.012421885,-0.181910639,-0.000859118,-0.004262406,-2.733803407,0.046884469,-0.001215095,0.000152222,0.001242325,-0.000812767,0.000888878,-0.001318437,1.366901703,1.366901703
1786168482.040608168,104.400593933,0.000000000,NONE,0,0.049995600,0.000000000,100.000000000,-1.000000000,0.000247661,100.008303908,-0.878686164,-0.000247661,-0.008303908,-0.121313836,-0.001028132,-0.012526204,-0.181963400,-0.000070361,-0.000139316,-0.000049492,-0.000957771,-0.012386888,-0.181913908,0.000168151,-0.002262957,-2.734038967,0.046823957,-0.001207463,0.000234847,0.000464990,-0.000549065,0.000666489,-0.000582413,1.367019483,1.367019483
1786168482.090585709,104.450571214,0.000000000,NONE,0,0.049999712,0.000000000,100.000000000,-1.000000000,0.000244580,100.008296255,-0.878688466,-0.000244580,-0.008296255,-0.121311534,-0.001010355,-0.012500486,-0.181961020,-0.000068380,-0.000155859,-0.000043720,-0.000941975,-0.012344627,-0.181917300,0.001065155,0.000158616,-2.734278798,0.046763897,-0.001198050,0.000269150,-0.000373231,-0.000159347,0.000293922,0.000238655,1.367139399,1.367139399
1786168482.140610218,104.500595998,0.000000000,NONE,0,0.049997019,0.000000000,100.000000000,-1.000000000,0.000241764,100.008288173,-0.878690516,-0.000241764,-0.008288173,-0.121309484,-0.000991513,-0.012465053,-0.181959642,-0.000062162,-0.000160432,-0.000039172,-0.000929351,-0.012304621,-0.181920470,0.001737751,0.002274046,-2.734496322,0.046704308,-0.001188695,0.000272593,-0.001071097,0.000202222,-0.000065926,0.000934801,1.367248161,1.367248161
1786168482.190594912,104.550580377,0.000000000,NONE,0,0.049999807,0.000000000,100.000000000,-1.000000000,0.000239670,100.008281907,-0.878692015,-0.000239670,-0.008281907,-0.121307985,-0.000974465,-0.012435101,-0.181958888,-0.000057799,-0.000152329,-0.000036424,-0.000916665,-0.012282772,-0.181922463,0.002478784,0.002971881,-2.734612285,0.046656947,-0.001182156,-0.000669557,-0.001195277,-0.000044115,-0.000290663,0.001530056,1.367306143,1.367306143
1786168482.240599394,104.600585010,0.000000000,NONE,0,0.050001881,0.000000000,100.000000000,-1.000000000,0.000236030,100.008272795,-0.878693750,-0.000236030,-0.008272795,-0.121306250,-0.000926604,-0.012366750,-0.181960250,-0.000083593,-0.000180883,-0.000033607,-0.000843011,-0.012185866,-0.181926642,0.008100609,0.010112455,-2.734948558,0.046597589,-0.001195522,-0.000447238,-0.004441457,0.000391152,-0.000614771,0.004665076,1.367474279,1.367474279
1786168482.290601492,104.650587146,0.000000000,NONE,0,0.050019174,0.000000000,100.000000000,-1.000000000,0.000233630,100.008265517,-0.878695377,-0.000233630,-0.008265517,-0.121304623,-0.000889993,-0.012315187,-0.181960737,-0.000039719,-0.000123220,-0.000032159,-0.000850274,-0.012191967,-0.181928579,0.006028515,0.007478993,-2.735039232,0.046537189,-0.001214947,-0.000076457,-0.003357763,0.000343505,-0.000381734,0.003395991,1.367519616,1.367519616
1786168482.340610981,104.700596741,0.000000000,NONE,0,0.049996665,0.000000000,100.000000000,-1.000000000,0.000232825,100.008260537,-0.878696961,-0.000232825,-0.008260537,-0.121303039,-0.000865148,-0.012280586,-0.181960308,-0.000011199,-0.000085383,-0.000031497,-0.000853949,-0.012195203,-0.181928812,0.005860459,0.007102342,-2.735021473,0.046476074,-0.001223856,0.000254492,-0.003304323,0.000374094,-0.000246848,0.003177077,1.367510736,1.367510736
1786168482.390587091,104.750572840,0.000000000,NONE,0,0.049981180,0.000000000,100.000000000,-1.000000000,0.000233278,100.008257504,-0.878698486,-0.000233278,-0.008257504,-0.121301514,-0.000851281,-0.012262807,-0.181958978,0.000015494,-0.000049245,-0.000030877,-0.000866775,-0.012213561,-0.181928101,0.004887264,0.005426503,-2.734952862,0.046416083,-0.001221960,0.000394953,-0.002677180,0.000233548,-0.000036071,0.002479703,1.367476431,1.367476431
1786168482.440616369,104.800602012,0.000000000,NONE,0,0.050012925,0.000000000,100.000000000,-1.000000000,0.000234948,100.008256295,-0.878700003,-0.000234948,-0.008256295,-0.121299997,-0.000849071,-0.012264663,-0.181956469,0.000040144,-0.000014474,-0.000029951,-0.000889215,-0.012250189,-0.181926518,0.003326764,0.002553934,-2.734824621,0.046355208,-0.001213487,0.000543537,-0.001606059,-0.000057323,0.000329092,0.001334290,1.367412310,1.367412310
1786168482.490604401,104.850589975,0.000000000,NONE,0,0.049993954,0.000000000,100.000000000,-1.000000000,0.000237562,100.008256213,-0.878701487,-0.000237562,-0.008256213,-0.121298513,-0.000856326,-0.012279518,-0.181953207,0.000062007,0.000002053,-0.000031259,-0.000918333,-0.012281570,-0.181921948,0.001422382,0.000440831,-2.734444950,0.046293766,-0.001318497,0.001880198,-0.000935853,0.000224662,0.000715437,-0.000004246,1.367222475,1.367222475
1786168482.540658236,104.900643779,0.000000000,NONE,0,0.050038685,0.000000000,100.000000000,-1.000000000,0.000243206,100.008256970,-0.878702817,-0.000243206,-0.008256970,-0.121297183,-0.000916406,-0.012306429,-0.181949195,0.000118807,0.000012284,-0.000025160,-0.001035213,-0.012318713,-0.181924035,-0.007374814,-0.002261213,-2.734724196,0.046235362,-0.001147003,0.000210449,0.002356394,0.001331013,-0.001225788,-0.002461619,1.367362098,1.367362098
1786168482.590679646,104.950665243,0.000000000,NONE,0,0.050039999,0.000000000,100.000000000,-1.000000000,0.000245252,100.008256876,-0.878704003,-0.000245252,-0.008256876,-0.121295997,-0.000921277,-0.012326707,-0.181946015,0.000029034,-0.000006342,-0.000022865,-0.000950311,-0.012320365,-0.181923151,0.001727656,-0.001997538,-2.734602863,0.046178546,-0.001132869,-0.000007160,0.000069261,-0.000933088,0.000929509,-0.000065681,1.367301431,1.367301431
1786168482.640640259,105.000625823,0.000000000,NONE,0,0.049954093,0.000000000,100.000000000,-1.000000000,0.000246313,100.008256537,-0.878704865,-0.000246313,-0.008256537,-0.121295135,-0.000922618,-0.012344501,-0.181943477,0.000027951,-0.000011519,-0.000020730,-0.000950569,-0.012332982,-0.181922748,-0.000013597,-0.003315854,-2.734584265,0.046133300,-0.001130536,-0.001019956,0.001087352,-0.001080553,0.000570575,-0.000577374,1.367292133,1.367292133
1786168482.690619469,105.050604933,0.000000000,NONE,0,0.049973550,0.000000000,100.000000000,-1.000000000,0.000247179,100.008255698,-0.878705818,-0.000247179,-0.008255698,-0.121294182,-0.000913823,-0.012366635,-0.181940507,0.000013412,-0.000022438,-0.000017909,-0.000927235,-0.012344198,-0.181922598,0.001836169,-0.004310949,-2.734578826,0.046076345,-0.001149795,-0.000876098,0.000837719,-0.001755804,0.001317755,-0.000399671,1.367289413,1.367289413
1786168482.740590096,105.100575539,0.000000000,NONE,0,0.049985332,0.000000000,100.000000000,-1.000000000,0.000248152,100.008254383,-0.878706627,-0.000248152,-0.008254383,-0.121293373,-0.000906358,-0.012389813,-0.181937621,0.000021456,-0.000032992,-0.000015041,-0.000927814,-0.012356822,-0.181922581,0.001300380,-0.005449315,-2.734580297,0.046018110,-0.001174008,-0.000575692,0.001181157,-0.001831347,0.001543501,-0.000893311,1.367290148,1.367290148
1786168482.790588140,105.150573773,0.000000000,NONE,0,0.050007843,0.000000000,100.000000000,-1.000000000,0.000249726,100.008252074,-0.878707282,-0.000249726,-0.008252074,-0.121292718,-0.000906861,-0.012404681,-0.181935392,0.000032869,-0.000058072,-0.000012228,-0.000939731,-0.012346609,-0.181923164,0.000335120,-0.004716701,-2.734633130,0.045960095,-0.001189183,-0.000379405,0.001190247,-0.001357807,0.001168104,-0.001000544,1.367316565,1.367316565
1786168482.840611219,105.200596901,0.000000000,NONE,0,0.050011230,0.000000000,100.000000000,-1.000000000,0.000251715,100.008248546,-0.878707814,-0.000251715,-0.008248546,-0.121292186,-0.000912661,-0.012409957,-0.181933852,0.000037547,-0.000081036,-0.000009557,-0.000950208,-0.012328921,-0.181924295,-0.000288999,-0.003824261,-2.734723284,0.045900334,-0.001198093,-0.000100537,0.001053449,-0.000908950,0.000858681,-0.001003181,1.367361642,1.367361642
1786168482.890602827,105.250588415,0.000000000,NONE,0,0.049989247,0.000000000,100.000000000,-1.000000000,0.000253960,100.008243989,-0.878708224,-0.000253960,-0.008243989,-0.121291776,-0.000923816,-0.012405217,-0.181933046,0.000040962,-0.000100526,-0.000007299,-0.000964778,-0.012304691,-0.181925747,-0.001270230,-0.002538034,-2.734831327,0.045840328,-0.001199699,0.000132961,0.000918826,-0.000283711,0.000350191,-0.000985306,1.367415663,1.367415663
1786168482.940598249,105.300583757,0.000000000,NONE,0,0.049992941,0.000000000,100.000000000,-1.000000000,0.000256345,100.008238674,-0.878708538,-0.000256345,-0.008238674,-0.121291462,-0.000940243,-0.012392132,-0.181932849,0.000041596,-0.000113727,-0.000005585,-0.000981839,-0.012278405,-0.181927264,-0.002369703,-0.001201795,-2.734938868,0.045780450,-0.001194345,0.000292233,0.000819816,0.000365035,-0.000218919,-0.000965933,1.367469434,1.367469434
1786168482.990597010,105.350582600,0.000000000,NONE,0,0.050005196,0.000000000,100.000000000,-1.000000000,0.000258680,100.008232743,-0.878708786,-0.000258680,-0.008232743,-0.121291214,-0.000960523,-0.012371636,-0.181933169,0.000037407,-0.000121432,-0.000004390,-0.000997930,-0.012250204,-0.181928779,-0.003342500,0.000260976,-2.735044845,0.045719797,-0.001184287,0.000471472,0.000652513,0.001018737,-0.000783001,-0.000888249,1.367522423,1.367522423
1786168483.040724277,105.400709760,0.000000000,NONE,0,0.049994761,0.000000000,100.000000000,-1.000000000,0.000260574,100.008226475,-0.878708986,-0.000260574,-0.008226475,-0.121291014,-0.000980494,-0.012342300,-0.181934124,0.000027511,-0.000128127,-0.000003751,-0.001008005,-0.012214174,-0.181930373,-0.003853770,0.002329748,-2.735157997,0.045660966,-0.001170104,0.000470476,0.000263386,0.001663499,-0.001428261,-0.000498624,1.367578998,1.367578998
1786168483.090586424,105.450571936,0.000000000,NONE,0,0.050009746,0.000000000,100.000000000,-1.000000000,0.000261889,100.008220038,-0.878709169,-0.000261889,-0.008220038,-0.121290831,-0.000998615,-0.012305185,-0.181935614,0.000014782,-0.000127091,-0.000003672,-0.001013397,-0.012178094,-0.181931942,-0.004110670,0.004260844,-2.735267328,0.045602887,-0.001155856,0.000413129,-0.000140826,0.002196161,-0.001989596,-0.000065739,1.367633664,1.367633664
1786168483.140601873,105.500587435,0.000000000,NONE,0,0.049996222,0.000000000,100.000000000,-1.000000000,0.000263060,100.008213075,-0.878709364,-0.000263060,-0.008213075,-0.121290636,-0.001022472,-0.012249393,-0.181938249,0.000012278,-0.000135740,-0.000004159,-0.001034750,-0.012113653,-0.181934091,-0.005739220,0.008496878,-2.735429322,0.045545457,-0.001144524,0.000340022,-0.000774420,0.003644030,-0.003474019,0.000604409,1.367714661,1.367714661
1786168483.190581799,105.550567438,0.000000000,NONE,0,0.049997122,0.000000000,100.000000000,-1.000000000,0.000262559,100.008208341,-0.878709606,-0.000262559,-0.008208341,-0.121290394,-0.001028091,-0.012219601,-0.181939376,-0.000023921,-0.000078440,-0.000005411,-0.001004170,-0.012141161,-0.181933965,-0.002891384,0.004759632,-2.735375005,0.045488460,-0.001137822,0.000284188,-0.000538109,0.001983801,-0.001841707,0.000396015,1.367687503,1.367687503
1786168483.240660429,105.600646091,0.000000000,NONE,0,0.050028724,0.000000000,100.000000000,-1.000000000,0.000261125,100.008205104,-0.878709912,-0.000261125,-0.008205104,-0.121290088,-0.001026503,-0.012201509,-0.181939808,-0.000035875,-0.000054618,-0.000006566,-0.000990628,-0.012146891,-0.181933242,-0.002444455,0.004581499,-2.735312470,0.045431763,-0.001131393,0.000209861,-0.000586726,0.001808954,-0.001704023,0.000481796,1.367656235,1.367656235
1786168483.290599585,105.650585349,0.000000000,NONE,0,0.049967824,0.000000000,100.000000000,-1.000000000,0.000259529,100.008203319,-0.878710192,-0.000259529,-0.008203319,-0.121289808,-0.001020130,-0.012195359,-0.181939650,-0.000044622,-0.000036246,-0.000007241,-0.000975508,-0.012159113,-0.181932409,-0.001529051,0.003425783,-2.735251960,0.045386597,-0.001127568,-0.000750849,-0.000286471,0.001050996,-0.001426421,0.000661895,1.367625980,1.367625980
1786168483.340606213,105.700591775,0.000000000,NONE,0,0.050004828,0.000000000,100.000000000,-1.000000000,0.000256468,100.008202238,-0.878710574,-0.000256468,-0.008202238,-0.121289426,-0.000995466,-0.012202667,-0.181938604,-0.000067788,-0.000010386,-0.000007828,-0.000927678,-0.012192281,-0.181930777,0.001973813,0.000698555,-2.735121715,0.045329835,-0.001143491,-0.000584087,-0.000522070,-0.000464836,0.000172793,0.000814114,1.367560858,1.367560858
1786168483.390586138,105.750571668,0.000000000,NONE,0,0.049983325,0.000000000,100.000000000,-1.000000000,0.000253149,100.008201503,-0.878710970,-0.000253149,-0.008201503,-0.121289030,-0.000964293,-0.012213353,-0.181937376,-0.000064413,-0.000010831,-0.000007865,-0.000899880,-0.012202522,-0.181929511,0.003221742,0.000217513,-2.735040460,0.045272001,-0.001162712,-0.000290784,-0.000787118,-0.000823753,0.000678361,0.000932510,1.367520230,1.367520230
1786168483.440607071,105.800592615,0.000000000,NONE,0,0.050014818,0.000000000,100.000000000,-1.000000000,0.000250559,100.008201165,-0.878711352,-0.000250559,-0.008201165,-0.121288648,-0.000938019,-0.012232469,-0.181935613,-0.000045857,-0.000001984,-0.000007421,-0.000892162,-0.012230485,-0.181928192,0.003263097,-0.002156102,-2.734947095,0.045213467,-0.001173372,-0.000024158,-0.000270709,-0.001360839,0.001348760,0.000282788,1.367473547,1.367473547
1786168483.490622044,105.850607429,0.000000000,NONE,0,0.050024706,0.000000000,100.000000000,-1.000000000,0.000248804,100.008200944,-0.878711698,-0.000248804,-0.008200944,-0.121288302,-0.000917061,-0.012257279,-0.181933504,-0.000029880,-0.000005119,-0.000006506,-0.000887181,-0.012252159,-0.181926998,0.003486887,-0.003683744,-2.734865966,0.045154715,-0.001174192,0.000166442,0.000007604,-0.001751047,0.001834268,-0.000090825,1.367432983,1.367432983
1786168483.540575981,105.900561546,0.000000000,NONE,0,0.049972277,0.000000000,100.000000000,-1.000000000,0.000248038,100.008199939,-0.878711985,-0.000248038,-0.008199939,-0.121288015,-0.000904164,-0.012275881,-0.181931779,-0.000009797,-0.000026307,-0.000005177,-0.000894367,-0.012249574,-0.181926602,0.002791099,-0.003384661,-2.734854211,0.045096168,-0.001167660,0.000277827,0.000078934,-0.001474483,0.001613397,-0.000217847,1.367427106,1.367427106
1786168483.590614319,105.950599832,0.000000000,NONE,0,0.050008298,0.000000000,100.000000000,-1.000000000,0.000247950,100.008198335,-0.878712200,-0.000247950,-0.008198335,-0.121287800,-0.000894904,-0.012293155,-0.181930174,0.000000861,-0.000036890,-0.000003694,-0.000895765,-0.012256265,-0.181926480,0.002801454,-0.004310591,-2.734851155,0.045038096,-0.001156940,0.000311821,0.000299329,-0.001700056,0.001855967,-0.000455240,1.367425578,1.367425578
1786168483.640637398,106.000622991,0.000000000,NONE,0,0.050016556,0.000000000,100.000000000,-1.000000000,0.000248322,100.008196151,-0.878712339,-0.000248322,-0.008196151,-0.121287661,-0.000887180,-0.012309135,-0.181928701,0.000009443,-0.000050883,-0.000002181,-0.000896623,-0.012258252,-0.181926520,0.002739050,-0.004672377,-2.734857157,0.044980638,-0.001144045,0.000279920,0.000413352,-0.001782877,0.001922837,-0.000553312,1.367428578,1.367428578
1786168483.690662622,106.050648357,0.000000000,NONE,0,0.050038005,0.000000000,100.000000000,-1.000000000,0.000248970,100.008193789,-0.878712398,-0.000248970,-0.008193789,-0.121287602,-0.000882630,-0.012318042,-0.181927795,0.000016504,-0.000065739,-0.000000991,-0.000899133,-0.012252304,-0.181926805,0.002533280,-0.004480265,-2.734882041,0.044935135,-0.001134025,-0.000676958,0.000655986,-0.001922626,0.001584147,-0.000317507,1.367441021,1.367441021
1786168483.740596533,106.100582069,0.000000000,NONE,0,0.049938033,0.000000000,100.000000000,-1.000000000,0.000249606,100.008190271,-0.878712406,-0.000249606,-0.008190271,-0.121287594,-0.000868846,-0.012327985,-0.181926821,0.000010527,-0.000077484,0.000000404,-0.000879373,-0.012250501,-0.181927225,0.004143942,-0.004779514,-2.734914184,0.044878330,-0.001142931,-0.000525782,0.000290338,-0.002362310,0.002099418,-0.000027447,1.367457092,1.367457092
1786168483.790615082,106.150600518,0.000000000,NONE,0,0.050016315,0.000000000,100.000000000,-1.000000000,0.000250600,100.008186155,-0.878712350,-0.000250600,-0.008186155,-0.121287650,-0.000855318,-0.012335812,-0.181926025,0.000021846,-0.000090922,0.000001642,-0.000877164,-0.012244890,-0.181927667,0.003904152,-0.004687805,-2.734945514,0.044820805,-0.001156021,-0.000276409,0.000265015,-0.002217091,0.002078887,-0.000126811,1.367472757,1.367472757
1786168483.840608597,106.200594081,0.000000000,NONE,0,0.049985919,0.000000000,100.000000000,-1.000000000,0.000252707,100.008180633,-0.878712239,-0.000252707,-0.008180633,-0.121287761,-0.000853188,-0.012326055,-0.181926311,0.000043964,-0.000122485,0.000002713,-0.000897152,-0.012203570,-0.181929024,0.002238582,-0.001780713,-2.735058853,0.044762799,-0.001162201,-0.000049154,-0.000102179,-0.001017112,0.000992535,0.000126756,1.367529427,1.367529427
1786168483.890598059,106.250583722,0.000000000,NONE,0,0.050002779,0.000000000,100.000000000,-1.000000000,0.000255725,100.008173976,-0.878712087,-0.000255725,-0.008173976,-0.121287913,-0.000861568,-0.012300468,-0.181927567,0.000058436,-0.000140962,0.000003301,-0.000920004,-0.012159506,-0.181930869,0.000786646,0.000662024,-2.735197690,0.044704641,-0.001162720,0.000137965,-0.000396659,0.000003336,0.000065647,0.000327676,1.367598845,1.367598845
1786168483.940602779,106.300588550,0.000000000,NONE,0,0.050001410,0.000000000,100.000000000,-1.000000000,0.000259628,100.008167461,-0.878711925,-0.000259628,-0.008167461,-0.121288075,-0.000885236,-0.012274969,-0.181928773,0.000075198,-0.000132680,0.000003222,-0.000960434,-0.012142289,-0.181931995,-0.002016735,0.000902561,-2.735262167,0.044646567,-0.001158906,0.000280941,0.000208308,0.000800059,-0.000659589,-0.000348779,1.367631083,1.367631083
1786168483.990599394,106.350584933,0.000000000,NONE,0,0.049997874,0.000000000,100.000000000,-1.000000000,0.000263391,100.008160274,-0.878711780,-0.000263391,-0.008160274,-0.121288220,-0.000910057,-0.012232155,-0.181931038,0.000065576,-0.000148094,0.000002714,-0.000975633,-0.012084061,-0.181933752,-0.002450574,0.004994737,-2.735397775,0.044588827,-0.001150816,0.000360608,-0.000726193,0.001951480,-0.001771176,0.000545889,1.367698888,1.367698888
1786168484.040632010,106.400617706,0.000000000,NONE,0,0.050025188,0.000000000,100.000000000,-1.000000000,0.000266062,100.008154731,-0.878711693,-0.000266062,-0.008154731,-0.121288307,-0.000929952,-0.012195602,-0.181932972,0.000057872,-0.000136055,0.000001819,-0.000987823,-0.012059547,-0.181934791,-0.003148160,0.005557798,-2.735456099,0.044542964,-0.001143859,-0.000496519,-0.000478280,0.002052360,-0.002300619,0.000726539,1.367728049,1.367728049
1786168484.090665579,106.450651048,0.000000000,NONE,0,0.050030922,0.000000000,100.000000000,-1.000000000,0.000268417,100.008148889,-0.878711643,-0.000268417,-0.008148889,-0.121288357,-0.000945817,-0.012157087,-0.181934961,0.000034941,-0.000108871,0.000000373,-0.000980758,-0.012048216,-0.181935334,-0.002365285,0.005744519,-2.735484261,0.044485604,-0.001154013,-0.000257456,-0.000780445,0.001963087,-0.002091815,0.000909173,1.367742131,1.367742131
1786168484.140616655,106.500602275,0.000000000,NONE,0,0.049953852,0.000000000,100.000000000,-1.000000000,0.000270241,100.008144115,-0.878711671,-0.000270241,-0.008144115,-0.121288329,-0.000961368,-0.012124073,-0.181936565,0.000029557,-0.000087899,-0.000001251,-0.000990925,-0.012036175,-0.181935314,-0.003346232,0.006242386,-2.735471590,0.044427507,-0.001166734,0.000078879,-0.000743758,0.002416874,-0.002377435,0.000704319,1.367735795,1.367735795
1786168484.190657139,106.550642496,0.000000000,NONE,0,0.050043475,0.000000000,100.000000000,-1.000000000,0.000271723,100.008140554,-0.878711778,-0.000271723,-0.008140554,-0.121288222,-0.000978774,-0.012099100,-0.181937621,0.000023273,-0.000063663,-0.000002836,-0.001002047,-0.012035437,-0.181934785,-0.004058966,0.005805540,-2.735424406,0.044370220,-0.001170268,0.000256268,-0.000500711,0.002530194,-0.002402059,0.000372577,1.367712203,1.367712203
1786168484.240618229,106.600603851,0.000000000,NONE,0,0.049949349,0.000000000,100.000000000,-1.000000000,0.000272723,100.008138101,-0.878711967,-0.000272723,-0.008138101,-0.121288033,-0.000996805,-0.012083100,-0.181938060,0.000012152,-0.000038421,-0.000004295,-0.001008957,-0.012044679,-0.181933764,-0.004416559,0.004780061,-2.735343051,0.044310655,-0.001166904,0.000561234,-0.000231184,0.002439463,-0.002158846,-0.000049433,1.367671525,1.367671525
1786168484.290583849,106.650569533,0.000000000,NONE,0,0.049995100,0.000000000,100.000000000,-1.000000000,0.000273763,100.008135809,-0.878712214,-0.000273763,-0.008135809,-0.121287786,-0.001024898,-0.012059266,-0.181938887,0.000015811,-0.000042100,-0.000005357,-0.001040709,-0.012017165,-0.181933531,-0.006847098,0.006909895,-2.735342464,0.044252715,-0.001154733,0.000649880,-0.000178169,0.003601718,-0.003276778,-0.000146771,1.367671232,1.367671232
1786168484.340623140,106.700608815,0.000000000,NONE,0,0.049987905,0.000000000,100.000000000,-1.000000000,0.000274098,100.008134375,-0.878712509,-0.000274098,-0.008134375,-0.121287491,-0.001051674,-0.012042360,-0.181939268,-0.000003911,-0.000016828,-0.000006305,-0.001047763,-0.012025531,-0.181932963,-0.006805257,0.005420875,-2.735296056,0.044195547,-0.001138897,0.000646490,0.000184473,0.003218155,-0.002894911,-0.000507718,1.367648028,1.367648028
1786168484.390611410,106.750596937,0.000000000,NONE,0,0.050042680,0.000000000,100.000000000,-1.000000000,0.000272416,100.008135565,-0.878712850,-0.000272416,-0.008135565,-0.121287150,-0.001057866,-0.012063779,-0.181937417,-0.000044023,0.000038902,-0.000007067,-0.001013843,-0.012102681,-0.181930349,-0.003977073,-0.000924744,-2.735072210,0.044139140,-0.001122046,0.000572897,0.001082230,0.000906306,-0.000619858,-0.001368678,1.367536105,1.367536105
1786168484.440648556,106.800633982,0.000000000,NONE,0,0.049969898,0.000000000,100.000000000,-1.000000000,0.000269467,100.008138185,-0.878713203,-0.000269467,-0.008138185,-0.121286797,-0.001051699,-0.012111107,-0.181934032,-0.000062671,0.000056419,-0.000006837,-0.000989028,-0.012167526,-0.181927195,-0.002693501,-0.004963145,-2.734840568,0.044083587,-0.001103501,0.000425996,0.001807662,-0.000460912,0.000673910,-0.002020660,1.367420284,1.367420284
1786168484.490594864,106.850580269,0.000000000,NONE,0,0.049969166,0.000000000,100.000000000,-1.000000000,0.000265788,100.008140553,-0.878713507,-0.000265788,-0.008140553,-0.121286493,-0.001035223,-0.012167001,-0.181930168,-0.000075507,0.000044165,-0.000005407,-0.000959716,-0.012211166,-0.181924761,-0.000867107,-0.007566197,-2.734684522,0.044028914,-0.001086496,0.000229571,0.002050933,-0.001617380,0.001732165,-0.002165719,1.367342261,1.367342261
1786168484.540638208,106.900623907,0.000000000,NONE,0,0.050084847,0.000000000,100.000000000,-1.000000000,0.000261624,100.008141647,-0.878713713,-0.000261624,-0.008141647,-0.121286287,-0.001008140,-0.012219470,-0.181926590,-0.000083714,0.000013973,-0.000003152,-0.000924427,-0.012233443,-0.181923438,0.001347723,-0.008878636,-2.734614286,0.043974994,-0.001073571,0.000008965,0.001880487,-0.002554349,0.002558831,-0.001884969,1.367307143,1.367307143
1786168484.590606928,106.950592386,0.000000000,NONE,0,0.049965722,0.000000000,100.000000000,-1.000000000,0.000257434,100.008141108,-0.878713794,-0.000257434,-0.008141108,-0.121286206,-0.000973792,-0.012264281,-0.181923574,-0.000082409,-0.000021703,-0.000000494,-0.000891384,-0.012242578,-0.181923079,0.003268011,-0.009554659,-2.734608377,0.043921594,-0.001066351,-0.000180423,0.001616768,-0.003250773,0.003160562,-0.001526556,1.367304189,1.367304189
1786168484.640740395,107.000726051,0.000000000,NONE,0,0.049993341,0.000000000,100.000000000,-1.000000000,0.000253633,100.008138676,-0.878713739,-0.000253633,-0.008138676,-0.121286261,-0.000935101,-0.012296572,-0.181921422,-0.000073452,-0.000061811,0.000002231,-0.000861649,-0.012234761,-0.181923653,0.004967545,-0.009113029,-2.734667166,0.043868442,-0.001064484,-0.000333153,0.001119659,-0.003603432,0.003436855,-0.000953083,1.367333583,1.367333583
1786168484.690635681,107.050621482,0.000000000,NONE,0,0.050036954,0.000000000,100.000000000,-1.000000000,0.000250559,100.008134274,-0.878713556,-0.000250559,-0.008134274,-0.121286444,-0.000894756,-0.012312892,-0.181920343,-0.000058166,-0.000101821,0.000004696,-0.000836590,-0.012211070,-0.181925039,0.006359710,-0.007710754,-2.734780439,0.043815273,-0.001067536,-0.000433865,0.000446227,-0.003626082,0.003409150,-0.000229295,1.367390219,1.367390219
1786168484.740587473,107.100573227,0.000000000,NONE,0,0.049943201,0.000000000,100.000000000,-1.000000000,0.000248404,100.008128178,-0.878713266,-0.000248404,-0.008128178,-0.121286734,-0.000854115,-0.012313934,-0.181920283,-0.000039220,-0.000134791,0.000006621,-0.000814895,-0.012179144,-0.181926903,0.007578001,-0.005935456,-2.734920564,0.043761853,-0.001074623,-0.000460595,-0.000295488,-0.003493513,0.003263215,0.000525785,1.367460282,1.367460282
1786168484.790615559,107.150601209,0.000000000,NONE,0,0.050020718,0.000000000,100.000000000,-1.000000000,0.000247637,100.008122072,-0.878712980,-0.000247637,-0.008122072,-0.121287020,-0.000825567,-0.012299852,-0.181921181,-0.000017561,-0.000160995,0.000007621,-0.000808006,-0.012138857,-0.181928802,0.007676792,-0.003629152,-2.735054098,0.043718807,-0.001081887,-0.001318015,-0.000682406,-0.003155990,0.002496982,0.001341414,1.367527049,1.367527049
1786168484.840587616,107.200573209,0.000000000,NONE,0,0.049985814,0.000000000,100.000000000,-1.000000000,0.000247636,100.008113277,-0.878712582,-0.000247636,-0.008113277,-0.121287418,-0.000790694,-0.012265872,-0.181923343,0.000002027,-0.000184383,0.000008279,-0.000792721,-0.012081489,-0.181931623,0.008744773,-0.000082861,-2.735270021,0.043664094,-0.001111384,-0.001011197,-0.001912679,-0.002459708,0.001954109,0.002418277,1.367635011,1.367635011
1786168484.890652895,107.250638537,0.000000000,NONE,0,0.050049101,0.000000000,100.000000000,-1.000000000,0.000249347,100.008103472,-0.878712184,-0.000249347,-0.008103472,-0.121287816,-0.000768930,-0.012211003,-0.181926747,0.000038844,-0.000200629,0.000007848,-0.000807773,-0.012010374,-0.181934595,0.007216539,0.004259624,-2.735481058,0.043607647,-0.001142351,-0.000550770,-0.002731348,-0.000876921,0.000601536,0.003006733,1.367740529,1.367740529
1786168484.940594673,107.300580264,0.000000000,NONE,0,0.049962701,0.000000000,100.000000000,-1.000000000,0.000252699,100.008093602,-0.878711840,-0.000252699,-0.008093602,-0.121288160,-0.000761447,-0.012143108,-0.181930861,0.000069193,-0.000195424,0.000006329,-0.000830640,-0.011947685,-0.181937190,0.005667374,0.007682967,-2.735655270,0.043549911,-0.001162558,-0.000081574,-0.003317192,0.000483505,-0.000524292,0.003357979,1.367827635,1.367827635
1786168484.990608215,107.350593607,0.000000000,NONE,0,0.049992546,0.000000000,100.000000000,-1.000000000,0.000257495,100.008084936,-0.878711599,-0.000257495,-0.008084936,-0.121288401,-0.000770991,-0.012076530,-0.181934763,0.000096818,-0.000165951,0.000003878,-0.000867809,-0.011910579,-0.181938640,0.003129075,0.009222609,-2.735733813,0.043491524,-0.001170349,0.000318813,-0.003167624,0.001603087,-0.001443680,0.003008218,1.367866907,1.367866907
1786168485.040637493,107.400622956,0.000000000,NONE,0,0.050028089,0.000000000,100.000000000,-1.000000000,0.000263267,100.008078026,-0.878711493,-0.000263267,-0.008078026,-0.121288507,-0.000795329,-0.012017547,-0.181938050,0.000114183,-0.000128231,0.000000985,-0.000909512,-0.011889316,-0.181939035,0.000512207,0.009992642,-2.735740379,0.043433111,-0.001166887,0.000611470,-0.002779080,0.002522976,-0.002217241,0.002473345,1.367870189,1.367870189
1786168485.090609312,107.450594928,0.000000000,NONE,0,0.049974831,0.000000000,100.000000000,-1.000000000,0.000269443,100.008073077,-0.878711533,-0.000269443,-0.008073077,-0.121288467,-0.000830823,-0.011969893,-0.181940498,0.000120136,-0.000087259,-0.000001974,-0.000950959,-0.011882634,-0.181938524,-0.001996906,0.009892835,-2.735686457,0.043375189,-0.001154749,0.000788523,-0.002171113,0.003169566,-0.002775305,0.001776852,1.367843228,1.367843228
1786168485.140619993,107.500605574,0.000000000,NONE,0,0.050030907,0.000000000,100.000000000,-1.000000000,0.000275517,100.008070205,-0.878711715,-0.000275517,-0.008070205,-0.121288285,-0.000874238,-0.011937516,-0.181941884,0.000116205,-0.000045023,-0.000004692,-0.000990443,-0.011892493,-0.181937192,-0.004354030,0.008732380,-2.735576814,0.043318110,-0.001136857,0.000841397,-0.001304937,0.003481952,-0.003061253,0.000884238,1.367788407,1.367788407
1786168485.190584660,107.550570162,0.000000000,NONE,0,0.049947738,0.000000000,100.000000000,-1.000000000,0.000280011,100.008069311,-0.878711948,-0.000280011,-0.008069311,-0.121288052,-0.000912749,-0.011923549,-0.181942187,0.000106712,-0.000014925,-0.000006461,-0.001019461,-0.011908624,-0.181935726,-0.005915660,0.007366736,-2.735471503,0.043273185,-0.001120458,-0.000051324,-0.000349938,0.003307768,-0.003333430,0.000375600,1.367735752,1.367735752
1786168485.240601063,107.600586759,0.000000000,NONE,0,0.050014201,0.000000000,100.000000000,-1.000000000,0.000284350,100.008070119,-0.878712327,-0.000284350,-0.008070119,-0.121287673,-0.000953886,-0.011928465,-0.181941181,0.000077011,0.000028054,-0.000008218,-0.001030897,-0.011956519,-0.181932963,-0.006278975,0.003550352,-2.735252142,0.043217518,-0.001118199,0.000056449,0.000668044,0.002471444,-0.002443219,-0.000696268,1.367626071,1.367626071
1786168485.290588140,107.650573830,0.000000000,NONE,0,0.050003680,0.000000000,100.000000000,-1.000000000,0.000287509,100.008072448,-0.878712768,-0.000287509,-0.008072448,-0.121287232,-0.000992205,-0.011953007,-0.181938947,0.000056403,0.000052455,-0.000009020,-0.001048608,-0.012005462,-0.181929927,-0.007496960,0.000247566,-2.735034204,0.043161689,-0.001119298,0.000217218,0.001758044,0.001990436,-0.001881827,-0.001866653,1.367517102,1.367517102
1786168485.340640545,107.700625980,0.000000000,NONE,0,0.050027539,0.000000000,100.000000000,-1.000000000,0.000289500,100.008075547,-0.878713214,-0.000289500,-0.008075547,-0.121286786,-0.001027384,-0.011993340,-0.181935745,0.000031818,0.000063362,-0.000008662,-0.001059202,-0.012056702,-0.181927083,-0.008020000,-0.003247860,-2.734838983,0.043105987,-0.001113250,0.000299999,0.002741965,0.001268035,-0.001118035,-0.002891965,1.367419491,1.367419491
1786168485.390631199,107.750616657,0.000000000,NONE,0,0.050007618,0.000000000,100.000000000,-1.000000000,0.000290146,100.008078703,-0.878713609,-0.000290146,-0.008078703,-0.121286391,-0.001056487,-0.012044887,-0.181931898,0.000004067,0.000059440,-0.000007261,-0.001060554,-0.012104328,-0.181924637,-0.007945859,-0.006431045,-2.734675676,0.043050712,-0.001101773,0.000301491,0.003518853,0.000454076,-0.000303331,-0.003669599,1.367337838,1.367337838
1786168485.440671921,107.800657464,0.000000000,NONE,0,0.049989953,0.000000000,100.000000000,-1.000000000,0.000289438,100.008081230,-0.878713908,-0.000289438,-0.008081230,-0.121286092,-0.001077842,-0.012102271,-0.181927766,-0.000023434,0.000042191,-0.000005010,-0.001054407,-0.012144463,-0.181922756,-0.007455563,-0.009099326,-2.734555297,0.042996047,-0.001087832,0.000236474,0.004079604,-0.000351822,0.000470059,-0.004197841,1.367277649,1.367277649
1786168485.490579605,107.850565252,0.000000000,NONE,0,0.049966392,0.000000000,100.000000000,-1.000000000,0.000287334,100.008082236,-0.878714075,-0.000287334,-0.008082236,-0.121285925,-0.001087869,-0.012154839,-0.181924045,-0.000052174,0.000007474,-0.000002116,-0.001035695,-0.012162312,-0.181921928,-0.006108192,-0.010126207,-2.734518422,0.042942063,-0.001073838,0.000123957,0.004027610,-0.000973515,0.001035493,-0.004089589,1.367259211,1.367259211
1786168485.540598869,107.900584421,0.000000000,NONE,0,0.049999582,0.000000000,100.000000000,-1.000000000,0.000283953,100.008081134,-0.878714090,-0.000283953,-0.008081134,-0.121285910,-0.001084904,-0.012194531,-0.181921262,-0.000077681,-0.000036278,0.000001033,-0.001007222,-0.012158253,-0.181922294,-0.004229739,-0.009822193,-2.734567921,0.042888721,-0.001062281,-0.000013076,0.003516252,-0.001401383,0.001394844,-0.003509714,1.367283961,1.367283961
1786168485.590643644,107.950629202,0.000000000,NONE,0,0.050052480,0.000000000,100.000000000,-1.000000000,0.000280546,100.008078644,-0.878713993,-0.000280546,-0.008078644,-0.121286007,-0.001073561,-0.012214446,-0.181919877,-0.000092541,-0.000071505,0.000003402,-0.000981020,-0.012142941,-0.181923280,-0.002726960,-0.009019869,-2.734649272,0.042846402,-0.001056477,-0.000974695,0.003180381,-0.001816901,0.001329554,-0.002693033,1.367324636,1.367324636
1786168485.640683174,108.000668853,0.000000000,NONE,0,0.050038131,0.000000000,100.000000000,-1.000000000,0.000275344,100.008073463,-0.878713751,-0.000275344,-0.008073463,-0.121286249,-0.001042900,-0.012220730,-0.181919462,-0.000113903,-0.000115986,0.000006005,-0.000928997,-0.012104744,-0.181925467,0.000890430,-0.006585242,-2.734826383,0.042793304,-0.001072687,-0.000847390,0.001635550,-0.002080766,0.001657071,-0.001211855,1.367413191,1.367413191
1786168485.690629482,108.050614916,0.000000000,NONE,0,0.049918301,0.000000000,100.000000000,-1.000000000,0.000269875,100.008066497,-0.878713400,-0.000269875,-0.008066497,-0.121286600,-0.001003300,-0.012210261,-0.181920200,-0.000114235,-0.000147163,0.000007838,-0.000889066,-0.012063098,-0.181928039,0.003028287,-0.004297082,-2.735014236,0.042739148,-0.001094000,-0.000568732,0.000459382,-0.001973525,0.001689159,-0.000175016,1.367507118,1.367507118
1786168485.740611076,108.100596585,0.000000000,NONE,0,0.050010280,0.000000000,100.000000000,-1.000000000,0.000264704,100.008058392,-0.878712986,-0.000264704,-0.008058392,-0.121287014,-0.000958181,-0.012187157,-0.181921788,-0.000106137,-0.000166440,0.000008702,-0.000852044,-0.012020717,-0.181930491,0.005172842,-0.001998397,-2.735183360,0.042684114,-0.001109135,-0.000283893,-0.000722638,-0.001863783,0.001721836,0.000864585,1.367591680,1.367591680
1786168485.790611982,108.150597486,0.000000000,NONE,0,0.049996613,0.000000000,100.000000000,-1.000000000,0.000260581,100.008049064,-0.878712555,-0.000260581,-0.008049064,-0.121287445,-0.000916745,-0.012143223,-0.181924644,-0.000082289,-0.000189269,0.000008675,-0.000834457,-0.011953954,-0.181933319,0.005822391,0.002278286,-2.735388924,0.042628515,-0.001116867,-0.000021237,-0.002019860,-0.000891336,0.000880717,0.002030478,1.367694462,1.367694462
1786168485.840630770,108.200616436,0.000000000,NONE,0,0.050001438,0.000000000,100.000000000,-1.000000000,0.000257647,100.008039343,-0.878712152,-0.000257647,-0.008039343,-0.121287848,-0.000879814,-0.012086012,-0.181928264,-0.000058177,-0.000190437,0.000007653,-0.000821637,-0.011895576,-0.181935917,0.006478856,0.005421975,-2.735566136,0.042572665,-0.001118849,0.000209171,-0.003027500,-0.000211928,0.000316513,0.002922915,1.367783068,1.367783068
1786168485.890577555,108.250563325,0.000000000,NONE,0,0.049957752,0.000000000,100.000000000,-1.000000000,0.000256242,100.008032084,-0.878711884,-0.000256242,-0.008032084,-0.121288116,-0.000855595,-0.012038814,-0.181931184,-0.000035607,-0.000174322,0.000006091,-0.000819988,-0.011864492,-0.181937275,0.006335892,0.006532484,-2.735636428,0.042527990,-0.001116255,-0.000491926,-0.003094112,-0.000073833,-0.000172129,0.003340075,1.367818214,1.367818214
1786168485.940634012,108.300619740,0.000000000,NONE,0,0.050083376,0.000000000,100.000000000,-1.000000000,0.000254466,100.008022471,-0.878711648,-0.000254466,-0.008022471,-0.121288352,-0.000810221,-0.011954072,-0.181936375,-0.000038536,-0.000185813,0.000003724,-0.000771685,-0.011768259,-0.181940099,0.010149836,0.013466776,-2.735863320,0.042471878,-0.001128730,-0.000132513,-0.005871025,0.000796106,-0.000862363,0.005937281,1.367931660,1.367931660
1786168485.990587950,108.350573617,0.000000000,NONE,0,0.049934921,0.000000000,100.000000000,-1.000000000,0.000254670,100.008015836,-0.878711553,-0.000254670,-0.008015836,-0.121288447,-0.000785011,-0.011897785,-0.181939659,0.000015957,-0.000107000,0.000000417,-0.000800968,-0.011790785,-0.181940076,0.006823859,0.009551100,-2.735804892,0.042414970,-0.001141732,0.000314193,-0.004172288,0.000760359,-0.000603262,0.004015191,1.367902446,1.367902446
1786168486.040642262,108.400628003,0.000000000,NONE,0,0.050014740,0.000000000,100.000000000,-1.000000000,0.000256731,100.008012131,-0.878711632,-0.000256731,-0.008012131,-0.121288368,-0.000776514,-0.011864475,-0.181941392,0.000048634,-0.000058461,-0.000002902,-0.000825148,-0.011806014,-0.181938490,0.005456055,0.008549339,-2.735662560,0.042357832,-0.001140320,0.000634034,-0.003659857,0.000931830,-0.000614813,0.003342840,1.367831280,1.367831280
1786168486.090607405,108.450592870,0.000000000,NONE,0,0.050014766,0.000000000,100.000000000,-1.000000000,0.000259240,100.008010800,-0.878711797,-0.000259240,-0.008010800,-0.121288203,-0.000779635,-0.011852694,-0.181941774,0.000068777,-0.000025307,-0.000004971,-0.000848412,-0.011827387,-0.181936803,0.004057084,0.006869771,-2.735542510,0.042313599,-0.001129884,-0.000164260,-0.002690649,0.000662107,-0.000744237,0.002772779,1.367771255,1.367771255
1786168486.140674829,108.500660396,0.000000000,NONE,0,0.050046395,0.000000000,100.000000000,-1.000000000,0.000262801,100.008010518,-0.878712114,-0.000262801,-0.008010518,-0.121287886,-0.000784655,-0.011849970,-0.181941439,0.000075269,0.000003861,-0.000007085,-0.000859923,-0.011853830,-0.181934354,0.003579625,0.004890459,-2.735355821,0.042257148,-0.001132129,0.000144636,-0.002153680,0.000363868,-0.000291549,0.002081362,1.367677910,1.367677910
1786168486.190672398,108.550657876,0.000000000,NONE,0,0.050002490,0.000000000,100.000000000,-1.000000000,0.000267235,100.008011947,-0.878712521,-0.000267235,-0.008011947,-0.121287479,-0.000801218,-0.011867869,-0.181939746,0.000094129,0.000035456,-0.000008324,-0.000895347,-0.011903325,-0.181931422,0.000952163,0.001129204,-2.735140903,0.042199411,-0.001132057,0.000542737,-0.000656026,0.000179944,0.000091424,0.000384657,1.367570452,1.367570452
1786168486.240672350,108.600657804,0.000000000,NONE,0,0.049980104,0.000000000,100.000000000,-1.000000000,0.000273112,100.008015594,-0.878712949,-0.000273112,-0.008015594,-0.121287051,-0.000845919,-0.011922440,-0.181935714,0.000123981,0.000073900,-0.000008467,-0.000969900,-0.011996340,-0.181927248,-0.004332028,-0.005722152,-2.734823816,0.042143297,-0.001117722,0.000675785,0.002344599,-0.000178585,0.000516477,-0.002682491,1.367411908,1.367411908
1786168486.290580034,108.650565532,0.000000000,NONE,0,0.049949364,0.000000000,100.000000000,-1.000000000,0.000278172,100.008018331,-0.878713338,-0.000278172,-0.008018331,-0.121286662,-0.000883828,-0.011971544,-0.181932015,0.000096477,0.000042222,-0.000007072,-0.000980305,-0.012013765,-0.181924943,-0.003700584,-0.005645378,-2.734699863,0.042088151,-0.001093780,0.000643489,0.002175618,-0.000325326,0.000647071,-0.002497363,1.367349932,1.367349932
1786168486.340577841,108.700563388,0.000000000,NONE,0,0.049981694,0.000000000,100.000000000,-1.000000000,0.000281636,100.008019658,-0.878713579,-0.000281636,-0.008019658,-0.121286421,-0.000913345,-0.012009051,-0.181929179,0.000083882,0.000023272,-0.000005345,-0.000997228,-0.012032322,-0.181923834,-0.004873633,-0.007150825,-2.734646171,0.042044896,-0.001074316,-0.000293670,0.003079532,-0.000642716,0.000495880,-0.002932697,1.367323085,1.367323085
1786168486.390622377,108.750608140,0.000000000,NONE,0,0.050041720,0.000000000,100.000000000,-1.000000000,0.000284780,100.008019817,-0.878713774,-0.000284780,-0.008019817,-0.121286226,-0.000939425,-0.012045630,-0.181926362,0.000053556,-0.000012265,-0.000002883,-0.000992981,-0.012033365,-0.181923480,-0.004222513,-0.007231443,-2.734636495,0.041991413,-0.001070275,-0.000258108,0.002928016,-0.000816760,0.000687706,-0.002798962,1.367318248,1.367318248
1786168486.440876007,108.800861499,0.000000000,NONE,0,0.049990186,0.000000000,100.000000000,-1.000000000,0.000287068,100.008018453,-0.878713842,-0.000287068,-0.008018453,-0.121286158,-0.000961968,-0.012073593,-0.181924163,0.000038647,-0.000041109,-0.000000309,-0.001000615,-0.012032484,-0.181923854,-0.004945224,-0.007492489,-2.734677272,0.041937782,-0.001072819,-0.000135127,0.003143210,-0.000670598,0.000603035,-0.003075647,1.367338636,1.367338636
1786168486.490690470,108.850676113,0.000000000,NONE,0,0.050022602,0.000000000,100.000000000,-1.000000000,0.000288660,100.008015607,-0.878713787,-0.000288660,-0.008015607,-0.121286213,-0.000982294,-0.012090625,-0.181922729,0.000020835,-0.000065165,0.000001888,-0.001003129,-0.012025460,-0.181924617,-0.005020597,-0.007280563,-2.734738453,0.041885169,-0.000964929,-0.001195387,0.003374136,-0.000863838,0.000266145,-0.002776443,1.367369226,1.367369226
1786168486.540611744,108.900597374,0.000000000,NONE,0,0.049970810,0.000000000,100.000000000,-1.000000000,0.000288837,100.008010532,-0.878713620,-0.000288837,-0.008010532,-0.121286380,-0.000986915,-0.012085655,-0.181922781,-0.000010114,-0.000116205,0.000004215,-0.000976801,-0.011969451,-0.181926996,-0.002888643,-0.003229456,-2.734937335,0.041830979,-0.001095607,0.000265961,0.001463035,-0.000018713,0.000151694,-0.001596015,1.367468668,1.367468668
1786168486.590605259,108.950591003,0.000000000,NONE,0,0.049996253,0.000000000,100.000000000,-1.000000000,0.000289298,100.008004895,-0.878713363,-0.000289298,-0.008004895,-0.121286637,-0.001005534,-0.012082922,-0.181922689,0.000003615,-0.000115331,0.000005544,-0.001009149,-0.011967591,-0.181928234,-0.006030351,-0.004495598,-2.735001130,0.041774918,-0.001093897,0.000556571,0.002492345,0.000522831,-0.000244546,-0.002770630,1.367500565,1.367500565
1786168486.640675545,109.000661233,0.000000000,NONE,0,0.050087391,0.000000000,100.000000000,-1.000000000,0.000289215,100.007998320,-0.878713065,-0.000289215,-0.007998320,-0.121286935,-0.001021432,-0.012066494,-0.181923488,-0.000016073,-0.000140289,0.000006353,-0.001005359,-0.011926204,-0.181929841,-0.005107039,-0.001491604,-2.735120947,0.041720737,-0.001074267,0.000515316,0.001520832,0.001032688,-0.000775030,-0.001778490,1.367560473,1.367560473
1786168486.690687418,109.050673124,0.000000000,NONE,0,0.050011473,0.000000000,100.000000000,-1.000000000,0.000288041,100.007990567,-0.878712743,-0.000288041,-0.007990567,-0.121287257,-0.001027791,-0.012032892,-0.181925390,-0.000037524,-0.000158643,0.000006587,-0.000990267,-0.011874250,-0.181931977,-0.004000752,0.001603323,-2.735281110,0.041667547,-0.001056333,0.000423510,0.000493480,0.001506896,-0.001295141,-0.000705235,1.367640555,1.367640555
1786168486.740611792,109.100597412,0.000000000,NONE,0,0.049897368,0.000000000,100.000000000,-1.000000000,0.000286022,100.007982306,-0.878712431,-0.000286022,-0.007982306,-0.121287569,-0.001026045,-0.011986452,-0.181928110,-0.000053140,-0.000162746,0.000006042,-0.000972904,-0.011823706,-0.181934152,-0.002936917,0.004400498,-2.735434270,0.041615141,-0.001042918,0.000328822,-0.000448101,0.001916559,-0.001752148,0.000283690,1.367717135,1.367717135
1786168486.790667772,109.150653288,0.000000000,NONE,0,0.050068354,0.000000000,100.000000000,-1.000000000,0.000283303,100.007974346,-0.878712170,-0.000283303,-0.007974346,-0.121287830,-0.001015957,-0.011934777,-0.181931160,-0.000065368,-0.000150842,0.000004695,-0.000950588,-0.011783934,-0.181935855,-0.001523032,0.006367873,-2.735543838,0.041563265,-0.001034347,0.000231220,-0.001269015,0.002030531,-0.001914921,0.001153405,1.367771919,1.367771919
1786168486.840612411,109.200597908,0.000000000,NONE,0,0.049945783,0.000000000,100.000000000,-1.000000000,0.000280658,100.007968768,-0.878712021,-0.000280658,-0.007968768,-0.121287979,-0.001000726,-0.011896790,-0.181933398,-0.000073684,-0.000129231,0.000003174,-0.000927043,-0.011767559,-0.181936571,-0.000106267,0.006659351,-2.735574349,0.041521982,-0.001030805,-0.000649241,-0.001475961,0.001529094,-0.001853715,0.001800581,1.367787175,1.367787175
1786168486.890599489,109.250585098,0.000000000,NONE,0,0.049992826,0.000000000,100.000000000,-1.000000000,0.000276698,100.007962957,-0.878711924,-0.000276698,-0.007962957,-0.121288076,-0.000968752,-0.011855371,-0.181935833,-0.000085842,-0.000101909,0.000001085,-0.000882911,-0.011753462,-0.181936918,0.002933956,0.007240874,-2.735591198,0.041470028,-0.001047338,-0.000474027,-0.002425201,0.000958223,-0.001195236,0.002662214,1.367795599,1.367795599
1786168486.940630198,109.300615918,0.000000000,NONE,0,0.050020407,0.000000000,100.000000000,-1.000000000,0.000272857,100.007958503,-0.878711935,-0.000272857,-0.007958503,-0.121288065,-0.000933284,-0.011822047,-0.181937720,-0.000076136,-0.000073607,-0.000001101,-0.000857148,-0.011748440,-0.181936619,0.004093742,0.007127253,-2.735557355,0.041416995,-0.001066645,-0.000181694,-0.002759825,0.000712954,-0.000803801,0.002850672,1.367778677,1.367778677
1786168486.990598679,109.350584323,0.000000000,NONE,0,0.049977288,0.000000000,100.000000000,-1.000000000,0.000269702,100.007955683,-0.878712051,-0.000269702,-0.007955683,-0.121287949,-0.000899690,-0.011802051,-0.181938725,-0.000059162,-0.000040788,-0.000003166,-0.000840528,-0.011761263,-0.181935559,0.004890385,0.005743134,-2.735467875,0.041363214,-0.001077700,0.000096910,-0.002682607,0.000237415,-0.000188960,0.002634152,1.367733938,1.367733938
1786168487.040656805,109.400642386,0.000000000,NONE,0,0.050008845,0.000000000,100.000000000,-1.000000000,0.000267484,100.007954570,-0.878712260,-0.000267484,-0.007954570,-0.121287740,-0.000871197,-0.011799375,-0.181938606,-0.000037788,-0.000008990,-0.000004828,-0.000833410,-0.011790385,-0.181933778,0.005108873,0.003380125,-2.735328882,0.041309168,-0.001079321,0.000305170,-0.002198542,-0.000355895,0.000508479,0.002045957,1.367664441,1.367664441
1786168487.090589285,109.450574769,0.000000000,NONE,0,0.049978547,0.000000000,100.000000000,-1.000000000,0.000266270,100.007954771,-0.878712534,-0.000266270,-0.007954771,-0.121287466,-0.000848616,-0.011812283,-0.181937481,-0.000016445,0.000012623,-0.000005826,-0.000832171,-0.011824907,-0.181931655,0.005046710,0.000881565,-2.735173365,0.041255311,-0.001072756,0.000424292,-0.001588142,-0.000935213,0.001147359,0.001375996,1.367586682,1.367586682
1786168487.140609026,109.500594652,0.000000000,NONE,0,0.050017539,0.000000000,100.000000000,-1.000000000,0.000265995,100.007955622,-0.878712835,-0.000265995,-0.007955622,-0.121287165,-0.000831204,-0.011835200,-0.181935703,0.000002590,0.000020439,-0.000006059,-0.000833793,-0.011855639,-0.181929644,0.004872659,-0.001224082,-2.735034871,0.041201980,-0.001060606,0.000447660,-0.001024059,-0.001412270,0.001636100,0.000800230,1.367517436,1.367517436
1786168487.190592766,109.550578429,0.000000000,NONE,0,0.049996283,0.000000000,100.000000000,-1.000000000,0.000266444,100.007956409,-0.878713070,-0.000266444,-0.007956409,-0.121286930,-0.000821541,-0.011858172,-0.181933978,0.000017394,0.000018929,-0.000005675,-0.000838935,-0.011877101,-0.181928303,0.004473564,-0.002665215,-2.734954404,0.041159829,-0.001048748,-0.000414584,-0.000348441,-0.001888341,0.001681049,0.000555733,1.367477202,1.367477202
1786168487.240710735,109.600696239,0.000000000,NONE,0,0.049985129,0.000000000,100.000000000,-1.000000000,0.000267248,100.007957464,-0.878713329,-0.000267248,-0.007957464,-0.121286671,-0.000805430,-0.011895244,-0.181931347,0.000021219,0.000018295,-0.000004794,-0.000826648,-0.011913539,-0.181926553,0.005539994,-0.005516451,-2.734823697,0.041107393,-0.001052081,-0.000295894,0.000068088,-0.002838085,0.002690138,0.000079859,1.367411848,1.367411848
1786168487.290586948,109.650572447,0.000000000,NONE,0,0.050001675,0.000000000,100.000000000,-1.000000000,0.000268378,100.007958855,-0.878713528,-0.000268378,-0.007958855,-0.121286472,-0.000786556,-0.011949611,-0.181927710,0.000030160,0.000021846,-0.000003299,-0.000816716,-0.011971456,-0.181924410,0.006069749,-0.009819385,-2.734665875,0.041054592,-0.001058070,-0.000117476,0.000966778,-0.004001653,0.003942915,-0.000908040,1.367332938,1.367332938
1786168487.340630531,109.700616118,0.000000000,NONE,0,0.050031827,0.000000000,100.000000000,-1.000000000,0.000271242,100.007958035,-0.878713631,-0.000271242,-0.007958035,-0.121286369,-0.000787002,-0.011981227,-0.181925403,0.000068017,-0.000038286,-0.000001054,-0.000855019,-0.011942941,-0.181924349,0.002785942,-0.006736893,-2.734703201,0.041001701,-0.001056579,-0.000003865,0.000988704,-0.002381675,0.002379742,-0.000986771,1.367351601,1.367351601
1786168487.390639782,109.750625384,0.000000000,NONE,0,0.050002984,0.000000000,100.000000000,-1.000000000,0.000275176,100.007955317,-0.878713619,-0.000275176,-0.007955317,-0.121286381,-0.000799134,-0.011997125,-0.181924066,0.000082374,-0.000070514,0.000001194,-0.000881508,-0.011926611,-0.181925260,0.001409489,-0.006327909,-2.734786442,0.040950040,-0.001051990,-0.000012185,0.001232651,-0.001937396,0.001931303,-0.001226559,1.367393221,1.367393221
1786168487.440669537,109.800654944,0.000000000,NONE,0,0.049981850,0.000000000,100.000000000,-1.000000000,0.000279696,100.007951088,-0.878713504,-0.000279696,-0.007951088,-0.121286496,-0.000819055,-0.012000314,-0.181923539,0.000089144,-0.000099897,0.000003126,-0.000908199,-0.011900417,-0.181926665,-0.000220461,-0.004862008,-2.734894633,0.040897542,-0.001047332,0.000052867,0.001257400,-0.001147170,0.001173603,-0.001283834,1.367447316,1.367447316
1786168487.490763664,109.850749331,0.000000000,NONE,0,0.050160313,0.000000000,100.000000000,-1.000000000,0.000284579,100.007945374,-0.878713303,-0.000284579,-0.007945374,-0.121286697,-0.000846336,-0.011989203,-0.181923903,0.000091148,-0.000125790,0.000004566,-0.000937483,-0.011863412,-0.181928469,-0.002053024,-0.002705164,-2.735028758,0.040844222,-0.001041978,0.000167350,0.001147710,-0.000121197,0.000204872,-0.001231384,1.367514379,1.367514379
1786168487.540620327,109.900605944,0.000000000,NONE,0,0.049864510,0.000000000,100.000000000,-1.000000000,0.000289419,100.007938856,-0.878713054,-0.000289419,-0.007938856,-0.121286946,-0.000880149,-0.011967641,-0.181924912,0.000089147,-0.000140113,0.000005322,-0.000969296,-0.011827528,-0.181930235,-0.004042899,-0.000825575,-2.735151849,0.040792249,-0.001034900,0.000186248,0.001170557,0.000850893,-0.000757769,-0.001263680,1.367575925,1.367575925
1786168487.590567112,109.950552698,0.000000000,NONE,0,0.049940077,0.000000000,100.000000000,-1.000000000,0.000293750,100.007931580,-0.878712787,-0.000293750,-0.007931580,-0.121287213,-0.000914995,-0.011933172,-0.181926708,0.000074768,-0.000152332,0.000005421,-0.000989762,-0.011780841,-0.181932129,-0.005070421,0.001959870,-2.735286968,0.040740649,-0.001027915,0.000175231,0.000733830,0.001801381,-0.001713765,-0.000821446,1.367643484,1.367643484
1786168487.640582323,110.000568111,0.000000000,NONE,0,0.050036563,0.000000000,100.000000000,-1.000000000,0.000297266,100.007924069,-0.878712533,-0.000297266,-0.007924069,-0.121287467,-0.000948742,-0.011889928,-0.181929023,0.000056877,-0.000151355,0.000004828,-0.001005619,-0.011738573,-0.181933851,-0.005957070,0.004191003,-2.735403992,0.040689367,-0.001022908,0.000155833,0.000402558,0.002575976,-0.002498060,-0.000480475,1.367701996,1.367701996
1786168487.690584660,110.050570242,0.000000000,NONE,0,0.049996714,0.000000000,100.000000000,-1.000000000,0.000299782,100.007916917,-0.878712327,-0.000299782,-0.007916917,-0.121287673,-0.000979539,-0.011843172,-0.181931528,0.000035881,-0.000139165,0.000003629,-0.001015420,-0.011704007,-0.181935157,-0.006452453,0.005904061,-2.735487094,0.040638301,-0.001020011,0.000148530,0.000099965,0.003126261,-0.003051996,-0.000174230,1.367743547,1.367743547
1786168487.740589142,110.100574596,0.000000000,NONE,0,0.049997392,0.000000000,100.000000000,-1.000000000,0.000301204,100.007910530,-0.878712192,-0.000301204,-0.007910530,-0.121287808,-0.001006319,-0.011796690,-0.181933984,0.000013943,-0.000119604,0.000001997,-0.001020261,-0.011677086,-0.181935981,-0.006671792,0.007158622,-2.735535165,0.040587366,-0.001018511,0.000149810,-0.000159160,0.003495056,-0.003420151,0.000084255,1.367767583,1.367767583
1786168487.790576220,110.150561663,0.000000000,NONE,0,0.049997781,0.000000000,100.000000000,-1.000000000,0.000301398,100.007905380,-0.878712146,-0.000301398,-0.007905380,-0.121287854,-0.001026499,-0.011756968,-0.181936008,-0.000009976,-0.000091117,0.000000109,-0.001016523,-0.011665851,-0.181936117,-0.006303255,0.007299020,-2.735530869,0.040536499,-0.001017815,0.000158733,-0.000288625,0.003440252,-0.003360886,0.000209258,1.367765434,1.367765434
1786168487.840683222,110.200668776,0.000000000,NONE,0,0.050039854,0.000000000,100.000000000,-1.000000000,0.000300623,100.007902388,-0.878712179,-0.000300623,-0.007902388,-0.121287821,-0.001036269,-0.011734149,-0.181937081,-0.000029340,-0.000064332,-0.000001409,-0.001006929,-0.011669817,-0.181935672,-0.005636786,0.006506160,-2.735488177,0.040495832,-0.001017164,-0.000647180,-0.000055549,0.002873941,-0.003197531,0.000379138,1.367744088,1.367744088
1786168487.890876770,110.250862165,0.000000000,NONE,0,0.050091603,0.000000000,100.000000000,-1.000000000,0.000297893,100.007900697,-0.878712304,-0.000297893,-0.007900697,-0.121287696,-0.001028348,-0.011730464,-0.181937001,-0.000067602,-0.000016128,-0.000003150,-0.000960745,-0.011714335,-0.181933851,-0.002158827,0.002738803,-2.735333248,0.040444598,-0.001033274,-0.000439267,-0.000035177,0.001114591,-0.001334224,0.000254811,1.367666624,1.367666624
1786168487.940581083,110.300566848,0.000000000,NONE,0,0.049869521,0.000000000,100.000000000,-1.000000000,0.000294180,100.007900255,-0.878712501,-0.000294180,-0.007900255,-0.121287499,-0.001010443,-0.011740257,-0.181936118,-0.000077715,-0.000000072,-0.000004281,-0.000932728,-0.011740185,-0.181931837,-0.000859441,0.001247855,-2.735188175,0.040392353,-0.001050168,-0.000119418,-0.000067249,0.000496970,-0.000556679,0.000126958,1.367594087,1.367594087
1786168487.990582228,110.350567930,0.000000000,NONE,0,0.049998521,0.000000000,100.000000000,-1.000000000,0.000290470,100.007900118,-0.878712731,-0.000290470,-0.007900118,-0.121287269,-0.000992318,-0.011753972,-0.181934959,-0.000074243,0.000002599,-0.000004657,-0.000918075,-0.011756572,-0.181930302,-0.000270217,0.000136682,-2.735090435,0.040339572,-0.001056699,0.000134597,-0.000000265,0.000135374,-0.000068075,-0.000067033,1.367545217,1.367545217
1786168488.040739536,110.400725021,0.000000000,NONE,0,0.050025231,0.000000000,100.000000000,-1.000000000,0.000288004,100.007899844,-0.878712916,-0.000288004,-0.007899844,-0.121287084,-0.000984556,-0.011762916,-0.181934111,-0.000060375,-0.000004353,-0.000004502,-0.000924180,-0.011758563,-0.181929609,-0.001074075,-0.000005038,-2.735058780,0.040297330,-0.001054470,-0.000540122,0.000404809,0.000132229,-0.000402290,-0.000134748,1.367529390,1.367529390
1786168488.090634584,110.450620145,0.000000000,NONE,0,0.050009244,0.000000000,100.000000000,-1.000000000,0.000283806,100.007899915,-0.878713131,-0.000283806,-0.007899915,-0.121286869,-0.000952491,-0.011785321,-0.181932502,-0.000090844,0.000007744,-0.000004083,-0.000861647,-0.011793065,-0.181928418,0.004031871,-0.003060604,-2.734965452,0.040244378,-0.001064174,-0.000232144,-0.000184781,-0.001831155,0.001715083,0.000300853,1.367482726,1.367482726
1786168488.140584946,110.500570619,0.000000000,NONE,0,0.049945227,0.000000000,100.000000000,-1.000000000,0.000279904,100.007900173,-0.878713314,-0.000279904,-0.007900173,-0.121286686,-0.000920705,-0.011816240,-0.181930397,-0.000070297,0.000005217,-0.000003275,-0.000850408,-0.011821457,-0.181927122,0.003662363,-0.004993733,-2.734872546,0.040190877,-0.001071555,0.000107062,0.000306077,-0.002137259,0.002190789,-0.000359608,1.367436273,1.367436273
1786168488.190639257,110.550624992,0.000000000,NONE,0,0.050062228,0.000000000,100.000000000,-1.000000000,0.000277096,100.007899635,-0.878713441,-0.000277096,-0.007899635,-0.121286559,-0.000895284,-0.011843383,-0.181928505,-0.000050241,-0.000016726,-0.000001988,-0.000845043,-0.011826657,-0.181926517,0.003847499,-0.005186413,-2.734844146,0.040137381,-0.001067254,0.000325035,0.000253470,-0.002177219,0.002339737,-0.000415987,1.367422073,1.367422073
1786168488.240607977,110.600593714,0.000000000,NONE,0,0.049972543,0.000000000,100.000000000,-1.000000000,0.000275217,100.007897989,-0.878713496,-0.000275217,-0.007897989,-0.121286504,-0.000874598,-0.011863368,-0.181927054,-0.000032738,-0.000040248,-0.000000475,-0.000841860,-0.011823119,-0.181926579,0.003975650,-0.005131181,-2.734861731,0.040084372,-0.001055009,0.000437087,0.000179611,-0.002167436,0.002385980,-0.000398155,1.367430865,1.367430865
1786168488.290606499,110.650592069,0.000000000,NONE,0,0.049992130,0.000000000,100.000000000,-1.000000000,0.000274220,100.007895183,-0.878713476,-0.000274220,-0.007895183,-0.121286524,-0.000858382,-0.011874318,-0.181926170,-0.000016042,-0.000064398,0.000001007,-0.000842340,-0.011809920,-0.181927177,0.003853856,-0.004461094,-2.734914336,0.040032121,-0.001038533,0.000449757,0.000039370,-0.001966298,0.002191177,-0.000264249,1.367457168,1.367457168
1786168488.340605974,110.700591519,0.000000000,NONE,0,0.050010494,0.000000000,100.000000000,-1.000000000,0.000274152,100.007891102,-0.878713388,-0.000274152,-0.007891102,-0.121286612,-0.000848147,-0.011872332,-0.181926081,0.000001369,-0.000090149,0.000002256,-0.000849516,-0.011782183,-0.181928336,0.003268998,-0.002797297,-2.735006711,0.039980731,-0.001021216,0.000388909,-0.000215152,-0.001419347,0.001613801,0.000020698,1.367503356,1.367503356
1786168488.390611172,110.750596803,0.000000000,NONE,0,0.050010980,0.000000000,100.000000000,-1.000000000,0.000274799,100.007886143,-0.878713252,-0.000274799,-0.007886143,-0.121286748,-0.000841908,-0.011861075,-0.181926567,0.000013762,-0.000105234,0.000003053,-0.000855670,-0.011755841,-0.181929620,0.002899291,-0.001518163,-2.735099084,0.039930135,-0.001006385,0.000294395,-0.000418881,-0.001030765,0.001177962,0.000271683,1.367549542,1.367549542
1786168488.440680027,110.800665633,0.000000000,NONE,0,0.050063383,0.000000000,100.000000000,-1.000000000,0.000275460,100.007882321,-0.878713130,-0.000275460,-0.007882321,-0.121286870,-0.000835824,-0.011853466,-0.181926903,0.000014522,-0.000093042,0.000002988,-0.000850346,-0.011760424,-0.181929891,0.003427373,-0.002691956,-2.735097754,0.039892116,-0.000897921,-0.001743044,0.000251907,-0.001965593,0.001094071,0.000619615,1.367548877,1.367548877
1786168488.490620136,110.850605711,0.000000000,NONE,0,0.049924536,0.000000000,100.000000000,-1.000000000,0.000274596,100.007878624,-0.878712949,-0.000274596,-0.007878624,-0.121287051,-0.000791416,-0.011873818,-0.181925682,-0.000025518,-0.000065560,0.000003618,-0.000765898,-0.011808258,-0.181929300,0.010063731,-0.006760339,-2.735039192,0.039839606,-0.001031483,-0.000184569,-0.000779706,-0.004252160,0.004159875,0.000871990,1.367519596,1.367519596
1786168488.540602207,110.900587575,0.000000000,NONE,0,0.049980683,0.000000000,100.000000000,-1.000000000,0.000276321,100.007872729,-0.878712758,-0.000276321,-0.007872729,-0.121287242,-0.000781319,-0.011856793,-0.181926555,0.000051533,-0.000138281,0.000004112,-0.000832852,-0.011718512,-0.181930667,0.002995343,0.001116222,-2.735173997,0.039787446,-0.001044550,0.000141745,-0.001063327,-0.000434344,0.000505216,0.000992455,1.367586999,1.367586999
1786168488.590607643,110.950593245,0.000000000,NONE,0,0.050011416,0.000000000,100.000000000,-1.000000000,0.000280022,100.007865585,-0.878712553,-0.000280022,-0.007865585,-0.121287447,-0.000790498,-0.011822632,-0.181928364,0.000073833,-0.000146075,0.000004157,-0.000864331,-0.011676558,-0.181932521,0.001794482,0.002446786,-2.735313543,0.039735283,-0.001041409,0.000308917,-0.001137546,0.000240305,-0.000085847,0.000983088,1.367656772,1.367656772
1786168488.640824080,111.000809653,0.000000000,NONE,0,0.050235962,0.000000000,100.000000000,-1.000000000,0.000284476,100.007858806,-0.878712365,-0.000284476,-0.007858806,-0.121287635,-0.000811811,-0.011786993,-0.181930221,0.000087323,-0.000135565,0.000003507,-0.000899134,-0.011651428,-0.181933728,-0.000381286,0.003387646,-2.735385017,0.039683404,-0.001033821,0.000396285,-0.000850661,0.001041304,-0.000843162,0.000652519,1.367692509,1.367692509
1786168488.690605402,111.050590969,0.000000000,NONE,0,0.049764713,0.000000000,100.000000000,-1.000000000,0.000289109,100.007852205,-0.878712223,-0.000289109,-0.007852205,-0.121287777,-0.000838567,-0.011744829,-0.181932415,0.000086717,-0.000131801,0.000002413,-0.000925284,-0.011613027,-0.181934828,-0.001808087,0.005750176,-2.735460034,0.039632008,-0.001023570,0.000460923,-0.001100753,0.002004797,-0.001774335,0.000870291,1.367730017,1.367730017
1786168488.740586042,111.100571539,0.000000000,NONE,0,0.049988156,0.000000000,100.000000000,-1.000000000,0.000293538,100.007846298,-0.878712145,-0.000293538,-0.007846298,-0.121287855,-0.000868501,-0.011703407,-0.181934503,0.000081351,-0.000112769,0.000000951,-0.000949852,-0.011590638,-0.181935454,-0.003274408,0.006554447,-2.735494307,0.039581172,-0.001012682,0.000461761,-0.000935450,0.002572654,-0.002341773,0.000704570,1.367747154,1.367747154
1786168488.790607929,111.150593527,0.000000000,NONE,0,0.050012359,0.000000000,100.000000000,-1.000000000,0.000297512,100.007841537,-0.878712146,-0.000297512,-0.007841537,-0.121287854,-0.000900188,-0.011667781,-0.181936188,0.000071061,-0.000087495,-0.000000732,-0.000971250,-0.011580286,-0.181935457,-0.004521560,0.006708880,-2.735482010,0.039530901,-0.001002081,0.000423305,-0.000652656,0.002913436,-0.002701784,0.000441004,1.367741005,1.367741005
1786168488.840648651,111.200634213,0.000000000,NONE,0,0.050036659,0.000000000,100.000000000,-1.000000000,0.000300776,100.007838095,-0.878712231,-0.000300776,-0.007838095,-0.121287769,-0.000931608,-0.011641297,-0.181937277,0.000056112,-0.000059758,-0.000002400,-0.000987719,-0.011581538,-0.181934877,-0.005438509,0.006159254,-2.735429787,0.039481153,-0.000992572,0.000357087,-0.000269458,0.002988713,-0.002810169,0.000090914,1.367714893,1.367714893
1786168488.890592337,111.250577906,0.000000000,NONE,0,0.049954157,0.000000000,100.000000000,-1.000000000,0.000303196,100.007835853,-0.878712393,-0.000303196,-0.007835853,-0.121287607,-0.000962061,-0.011623699,-0.181937793,0.000038836,-0.000035435,-0.000003823,-0.001000897,-0.011588264,-0.181933970,-0.006191557,0.005388013,-2.735359724,0.039431841,-0.000984842,0.000285148,0.000129599,0.002966180,-0.002823605,-0.000272173,1.367679862,1.367679862
1786168488.940671682,111.300657191,0.000000000,NONE,0,0.050057773,0.000000000,100.000000000,-1.000000000,0.000304268,100.007835103,-0.878712567,-0.000304268,-0.007835103,-0.121287433,-0.000981837,-0.011621328,-0.181937508,0.000019279,-0.000011847,-0.000004690,-0.001001115,-0.011609482,-0.181932819,-0.005972121,0.003539402,-2.735274311,0.039392632,-0.000979919,-0.000571163,0.000750970,0.002235090,-0.002520671,-0.000465389,1.367637155,1.367637155
1786168488.990622044,111.350607470,0.000000000,NONE,0,0.049963264,0.000000000,100.000000000,-1.000000000,0.000303972,100.007835612,-0.878712826,-0.000303972,-0.007835612,-0.121287174,-0.000990651,-0.011638972,-0.181935993,-0.000016726,0.000020052,-0.000005412,-0.000973925,-0.011659024,-0.181930581,-0.003817298,-0.000323547,-2.735095885,0.039343416,-0.000992100,-0.000443489,0.001146083,0.000762565,-0.000984310,-0.000924339,1.367547943,1.367547943
1786168489.040682077,111.400667543,0.000000000,NONE,0,0.050083472,0.000000000,100.000000000,-1.000000000,0.000302654,100.007836614,-0.878713099,-0.000302654,-0.007836614,-0.121286901,-0.000991970,-0.011665469,-0.181933972,-0.000030994,0.000021861,-0.000005332,-0.000960976,-0.011687329,-0.181928639,-0.003350163,-0.001935451,-2.734965996,0.039293374,-0.001006063,-0.000236445,0.001380515,0.000294567,-0.000412789,-0.001262292,1.367482998,1.367482998
1786168489.090640068,111.450625792,0.000000000,NONE,0,0.049945163,0.000000000,100.000000000,-1.000000000,0.000300790,100.007837487,-0.878713344,-0.000300790,-0.007837487,-0.121286656,-0.000989211,-0.011696771,-0.181931687,-0.000041317,0.000017109,-0.000004507,-0.000947894,-0.011713880,-0.181927180,-0.002585351,-0.003843408,-2.734873345,0.039242857,-0.001012450,-0.000051133,0.001619973,-0.000327298,0.000301731,-0.001594406,1.367436673,1.367436673
1786168489.140593290,111.500579046,0.000000000,NONE,0,0.049947359,0.000000000,100.000000000,-1.000000000,0.000298552,100.007838022,-0.878713532,-0.000298552,-0.007838022,-0.121286468,-0.000983514,-0.011732290,-0.181929192,-0.000047857,0.000007314,-0.000003186,-0.000935657,-0.011739604,-0.181926006,-0.001890848,-0.005727206,-2.734796956,0.039192226,-0.001011955,0.000079301,0.001884688,-0.000939264,0.000978915,-0.001924339,1.367398478,1.367398478
1786168489.190585613,111.550571253,0.000000000,NONE,0,0.050003195,0.000000000,100.000000000,-1.000000000,0.000296041,100.007837726,-0.878713641,-0.000296041,-0.007837726,-0.121286359,-0.000974177,-0.011766824,-0.181926811,-0.000053227,-0.000012841,-0.000001443,-0.000920950,-0.011753982,-0.181925368,-0.000981422,-0.006718491,-2.734762950,0.039141806,-0.001005759,0.000136497,0.001890854,-0.001400143,0.001468392,-0.001959102,1.367381475,1.367381475
1786168489.240668774,111.600654293,0.000000000,NONE,0,0.050017599,0.000000000,100.000000000,-1.000000000,0.000293885,100.007836596,-0.878713661,-0.000293885,-0.007836596,-0.121286339,-0.000963432,-0.011789868,-0.181925228,-0.000056090,-0.000034433,0.000000102,-0.000907342,-0.011755436,-0.181925330,-0.000208714,-0.006882760,-2.734772357,0.039101758,-0.000998723,-0.000641615,0.001933272,-0.001828915,0.001508108,-0.001612465,1.367386178,1.367386178
1786168489.290616512,111.650602078,0.000000000,NONE,0,0.049999002,0.000000000,100.000000000,-1.000000000,0.000290753,100.007833861,-0.878713601,-0.000290753,-0.007833861,-0.121286399,-0.000939520,-0.011809499,-0.181923894,-0.000066540,-0.000064199,0.000002020,-0.000872981,-0.011745300,-0.181925914,0.002248445,-0.006371987,-2.734825662,0.039051713,-0.001007255,-0.000457752,0.001145324,-0.002269546,0.002040670,-0.000916447,1.367412831,1.367412831
1786168489.340600014,111.700585693,0.000000000,NONE,0,0.049989207,0.000000000,100.000000000,-1.000000000,0.000287802,100.007829737,-0.878713450,-0.000287802,-0.007829737,-0.121286550,-0.000912906,-0.011818283,-0.181923275,-0.000058864,-0.000091523,0.000003712,-0.000854042,-0.011726760,-0.181926987,0.003057430,-0.005400397,-2.734910567,0.039001083,-0.001017478,-0.000204428,0.000636849,-0.002165564,0.002063350,-0.000534635,1.367455284,1.367455284
1786168489.390627384,111.750612812,0.000000000,NONE,0,0.050010575,0.000000000,100.000000000,-1.000000000,0.000285485,100.007824242,-0.878713227,-0.000285485,-0.007824242,-0.121286773,-0.000887786,-0.011813293,-0.181923518,-0.000045935,-0.000118506,0.000005010,-0.000841851,-0.011694787,-0.181928527,0.003634862,-0.003496978,-2.735027699,0.038950140,-0.001021034,0.000010722,-0.000037151,-0.001780279,0.001785640,0.000031790,1.367513849,1.367513849
1786168489.440629005,111.800614596,0.000000000,NONE,0,0.049988804,0.000000000,100.000000000,-1.000000000,0.000283973,100.007817509,-0.878712956,-0.000283973,-0.007817509,-0.121287044,-0.000866553,-0.011792722,-0.181924705,-0.000029807,-0.000141298,0.000005749,-0.000836746,-0.011651423,-0.181930454,0.003780445,-0.000921022,-2.735170295,0.038899191,-0.001018759,0.000174894,-0.000758579,-0.001131643,0.001219090,0.000671132,1.367585148,1.367585148
1786168489.490616322,111.850601888,0.000000000,NONE,0,0.050003122,0.000000000,100.000000000,-1.000000000,0.000283277,100.007810059,-0.878712668,-0.000283277,-0.007810059,-0.121287332,-0.000849647,-0.011760161,-0.181926602,-0.000014008,-0.000151772,0.000005782,-0.000835639,-0.011608389,-0.181932384,0.003747333,0.001422685,-2.735305497,0.038848461,-0.001012648,0.000287104,-0.001364281,-0.000509386,0.000652938,0.001220729,1.367652749,1.367652749
1786168489.540616035,111.900601457,0.000000000,NONE,0,0.050005255,0.000000000,100.000000000,-1.000000000,0.000283292,100.007804018,-0.878712449,-0.000283292,-0.007804018,-0.121287551,-0.000839731,-0.011729280,-0.181928386,-0.000001173,-0.000150271,0.000005287,-0.000838558,-0.011579008,-0.181933674,0.003471533,0.002678508,-2.735382932,0.038808130,-0.001006105,-0.000433089,-0.001429238,-0.000306528,0.000089984,0.001645783,1.367691466,1.367691466
1786168489.590563059,111.950548677,0.000000000,NONE,0,0.049953429,0.000000000,100.000000000,-1.000000000,0.000283294,100.007797783,-0.878712259,-0.000283294,-0.007797783,-0.121287741,-0.000824205,-0.011689670,-0.181930692,-0.000005457,-0.000155770,0.000004456,-0.000818748,-0.011533899,-0.181935147,0.005095854,0.005483512,-2.735489814,0.038767848,-0.001011252,-0.001032209,-0.002386789,-0.000161138,-0.000354967,0.002902894,1.367744907,1.367744907
1786168489.640638113,112.000623865,0.000000000,NONE,0,0.050056921,0.000000000,100.000000000,-1.000000000,0.000282898,100.007790726,-0.878712109,-0.000282898,-0.007790726,-0.121287891,-0.000795621,-0.011628213,-0.181934300,-0.000015991,-0.000176564,0.000003219,-0.000779630,-0.011451649,-0.181937519,0.007810491,0.010981775,-2.735673696,0.038726897,-0.001033598,-0.001409783,-0.004345620,0.000440375,-0.001145267,0.005050512,1.367836848,1.367836848
1786168489.690683126,112.050668661,0.000000000,NONE,0,0.050057583,0.000000000,100.000000000,-1.000000000,0.000283768,100.007784184,-0.878712013,-0.000283768,-0.007784184,-0.121287987,-0.000774676,-0.011573850,-0.181937375,0.000026975,-0.000108083,0.000000867,-0.000801651,-0.011465767,-0.181938241,0.005249409,0.008019185,-2.735691326,0.038673912,-0.001078375,-0.000595110,-0.003168371,0.000543667,-0.000841222,0.003465926,1.367845663,1.367845663
1786168489.740599155,112.100584572,0.000000000,NONE,0,0.049922208,0.000000000,100.000000000,-1.000000000,0.000285747,100.007780965,-0.878712031,-0.000285747,-0.007780965,-0.121287969,-0.000772595,-0.011548478,-0.181938666,0.000053081,-0.000071098,-0.000001276,-0.000825676,-0.011477380,-0.181937389,0.003746108,0.007130206,-2.735600176,0.038630140,-0.001100803,-0.000726030,-0.002537571,0.000664517,-0.001027532,0.002900586,1.367800088,1.367800088
1786168489.790735245,112.150720937,0.000000000,NONE,0,0.050038476,0.000000000,100.000000000,-1.000000000,0.000288916,100.007778559,-0.878712167,-0.000288916,-0.007778559,-0.121287833,-0.000777403,-0.011530789,-0.181939342,0.000066930,-0.000037359,-0.000003622,-0.000844333,-0.011493430,-0.181935721,0.002713600,0.005822797,-2.735467100,0.038574365,-0.001125845,0.000125956,-0.002165588,0.000808788,-0.000745810,0.002102611,1.367733550,1.367733550
1786168489.840746164,112.200731698,0.000000000,NONE,0,0.050014783,0.000000000,100.000000000,-1.000000000,0.000293102,100.007777980,-0.878712405,-0.000293102,-0.007777980,-0.121287595,-0.000798415,-0.011532737,-0.181938731,0.000088855,-0.000002708,-0.000005352,-0.000887270,-0.011530029,-0.181933379,-0.000372052,0.002924121,-2.735289695,0.038517860,-0.001130918,0.000844167,-0.000849059,0.001035085,-0.000613002,0.000426976,1.367644848,1.367644848
1786168489.890690327,112.250676013,0.000000000,NONE,0,0.050036889,0.000000000,100.000000000,-1.000000000,0.000298196,100.007778537,-0.878712703,-0.000298196,-0.007778537,-0.121287297,-0.000837993,-0.011547842,-0.181937220,0.000102909,0.000013912,-0.000006198,-0.000940902,-0.011561753,-0.181931021,-0.003829963,0.000802404,-2.735124392,0.038461957,-0.001110250,0.001260728,0.000441708,0.001473274,-0.000842910,-0.001072072,1.367562196,1.367562196
1786168489.940635681,112.300621189,0.000000000,NONE,0,0.049958174,0.000000000,100.000000000,-1.000000000,0.000303221,100.007779649,-0.878713017,-0.000303221,-0.007779649,-0.121286983,-0.000885692,-0.011572898,-0.181935056,0.000096271,0.000021455,-0.000006208,-0.000981963,-0.011594353,-0.181928848,-0.006072101,-0.001506081,-2.734975856,0.038407590,-0.001073939,0.001409427,0.001542189,0.001493862,-0.000789148,-0.002246902,1.367487928,1.367487928
1786168489.990574360,112.350559843,0.000000000,NONE,0,0.049933469,0.000000000,100.000000000,-1.000000000,0.000306538,100.007780949,-0.878713252,-0.000306538,-0.007780949,-0.121286748,-0.000922430,-0.011604379,-0.181932654,0.000077527,0.000028820,-0.000005586,-0.000999956,-0.011633199,-0.181927067,-0.006718303,-0.004308537,-2.734859064,0.038365554,-0.001038833,0.000589743,0.002609274,0.000749877,-0.000455006,-0.002904146,1.367429532,1.367429532
1786168490.040610313,112.400595920,0.000000000,NONE,0,0.050025905,0.000000000,100.000000000,-1.000000000,0.000309306,100.007782271,-0.878713494,-0.000309306,-0.007782271,-0.121286506,-0.000958935,-0.011647997,-0.181929451,0.000044860,0.000018833,-0.000004286,-0.001003795,-0.011666830,-0.181925165,-0.006693371,-0.006590236,-2.734723565,0.038314595,-0.001010557,0.000550263,0.003183336,0.000163349,0.000111782,-0.003458467,1.367361782,1.367361782
1786168490.090614796,112.450600442,0.000000000,NONE,0,0.050008567,0.000000000,100.000000000,-1.000000000,0.000311453,100.007783886,-0.878713650,-0.000311453,-0.007783886,-0.121286350,-0.001000941,-0.011712162,-0.181925036,0.000036280,0.000023331,-0.000002270,-0.001037221,-0.011735492,-0.181922766,-0.009320452,-0.011818989,-2.734545680,0.038264685,-0.000988724,0.000497666,0.005160444,-0.000500218,0.000749051,-0.005409276,1.367272840,1.367272840
1786168490.140592813,112.500578513,0.000000000,NONE,0,0.049969127,0.000000000,100.000000000,-1.000000000,0.000311666,100.007782918,-0.878713685,-0.000311666,-0.007782918,-0.121286315,-0.001018396,-0.011739443,-0.181923035,-0.000007047,-0.000040909,0.000000034,-0.001011349,-0.011698534,-0.181923070,-0.006608951,-0.007830104,-2.734620930,0.038225554,-0.000970202,-0.000377261,0.003704079,-0.000399604,0.000210973,-0.003515449,1.367310465,1.367310465
1786168490.190642357,112.550628057,0.000000000,NONE,0,0.049995824,0.000000000,100.000000000,-1.000000000,0.000310136,100.007779205,-0.878713605,-0.000310136,-0.007779205,-0.121286395,-0.001021378,-0.011750069,-0.181922090,-0.000041869,-0.000082034,0.000002502,-0.000979509,-0.011668035,-0.181924592,-0.004604261,-0.006440583,-2.734751909,0.038178217,-0.000870718,-0.001402655,0.003111875,-0.000809744,0.000108417,-0.002410547,1.367375954,1.367375954
1786168490.240711927,112.600697572,0.000000000,NONE,0,0.050134943,0.000000000,100.000000000,-1.000000000,0.000306709,100.007772931,-0.878713399,-0.000306709,-0.007772931,-0.121286601,-0.001000680,-0.011734460,-0.181922905,-0.000082113,-0.000135169,0.000004974,-0.000918567,-0.011599291,-0.181927879,-0.000390042,-0.001817470,-2.735017115,0.038128193,-0.000996701,0.000035958,0.000542889,-0.000347868,0.000365847,-0.000560868,1.367508558,1.367508558
1786168490.290614367,112.650599908,0.000000000,NONE,0,0.049865009,0.000000000,100.000000000,-1.000000000,0.000303649,100.007766351,-0.878713124,-0.000303649,-0.007766351,-0.121286876,-0.000987843,-0.011717251,-0.181923852,-0.000064084,-0.000133652,0.000005986,-0.000923758,-0.011583599,-0.181929838,-0.002042992,-0.002190312,-2.735127929,0.038078952,-0.001004792,0.000258514,0.000993698,0.000027798,0.000101458,-0.001122955,1.367563964,1.367563964
1786168490.340644836,112.700630591,0.000000000,NONE,0,0.050062162,0.000000000,100.000000000,-1.000000000,0.000301196,100.007760162,-0.878712825,-0.000301196,-0.007760162,-0.121287175,-0.000983637,-0.011706680,-0.181924402,-0.000049207,-0.000112907,0.000005639,-0.000934430,-0.011593772,-0.181930041,-0.002815351,-0.003589904,-2.735106918,0.038029913,-0.000897246,-0.000701520,0.001776694,-0.000369018,0.000018258,-0.001425934,1.367553459,1.367553459
1786168490.390606880,112.750592522,0.000000000,NONE,0,0.049963472,0.000000000,100.000000000,-1.000000000,0.000296957,100.007751317,-0.878712499,-0.000296957,-0.007751317,-0.121287501,-0.000949525,-0.011658016,-0.181927332,-0.000098756,-0.000181589,0.000006440,-0.000850769,-0.011476428,-0.181933772,0.004073854,0.005802986,-2.735438708,0.037977939,-0.001007827,0.000767206,-0.002661012,0.000624085,-0.000240482,0.002277408,1.367719354,1.367719354
1786168490.440667391,112.800653071,0.000000000,NONE,0,0.050064559,0.000000000,100.000000000,-1.000000000,0.000293886,100.007743530,-0.878712208,-0.000293886,-0.007743530,-0.121287792,-0.000931131,-0.011618987,-0.181929603,-0.000058655,-0.000143469,0.000005304,-0.000872476,-0.011475519,-0.181934907,0.000643138,0.003309426,-2.735466148,0.037927820,-0.000994674,0.000847513,-0.001200019,0.000878450,-0.000454694,0.000776263,1.367733074,1.367733074
1786168490.490581989,112.850567521,0.000000000,NONE,0,0.049923932,0.000000000,100.000000000,-1.000000000,0.000291463,100.007736350,-0.878711991,-0.000291463,-0.007736350,-0.121288009,-0.000914273,-0.011575034,-0.181932121,-0.000052863,-0.000137578,0.000003742,-0.000861410,-0.011437456,-0.181935863,0.001942354,0.006130008,-2.735529522,0.037878793,-0.000970790,0.000748693,-0.002205264,0.001234087,-0.000859740,0.001830917,1.367764761,1.367764761
1786168490.540633678,112.900619303,0.000000000,NONE,0,0.050033542,0.000000000,100.000000000,-1.000000000,0.000289472,100.007731189,-0.878711878,-0.000289472,-0.007731189,-0.121288122,-0.000895993,-0.011540987,-0.181934043,-0.000052696,-0.000119971,0.000002257,-0.000843297,-0.011421016,-0.181936300,0.003150017,0.006457118,-2.735549776,0.037840369,-0.000954510,-0.000126726,-0.002370102,0.000795094,-0.000858457,0.002433465,1.367774888,1.367774888
1786168490.590656281,112.950641897,0.000000000,NONE,0,0.050027377,0.000000000,100.000000000,-1.000000000,0.000286883,100.007725716,-0.878711822,-0.000286883,-0.007725716,-0.121288178,-0.000864593,-0.011501525,-0.181936245,-0.000053614,-0.000097466,0.000000288,-0.000810978,-0.011404059,-0.181936534,0.005355445,0.007269355,-2.735562024,0.037792755,-0.000953899,-0.000105088,-0.003129928,0.000452206,-0.000504750,0.003182472,1.367781012,1.367781012
1786168490.640634775,113.000620510,0.000000000,NONE,0,0.049925938,0.000000000,100.000000000,-1.000000000,0.000284836,100.007721631,-0.878711867,-0.000284836,-0.007721631,-0.121288133,-0.000832766,-0.011470898,-0.181937863,-0.000036358,-0.000067671,-0.000001748,-0.000796408,-0.011403228,-0.181936115,0.005858195,0.006766136,-2.735519702,0.037744783,-0.000960999,0.000034779,-0.003164777,0.000235680,-0.000218291,0.003147388,1.367759851,1.367759851
1786168490.690605640,113.050591046,0.000000000,NONE,0,0.050019386,0.000000000,100.000000000,-1.000000000,0.000283814,100.007719219,-0.878712010,-0.000283814,-0.007719219,-0.121287990,-0.000806403,-0.011454350,-0.181938575,-0.000013382,-0.000034818,-0.000003640,-0.000793021,-0.011419532,-0.181934935,0.005819479,0.005188747,-2.735421875,0.037696530,-0.000964752,0.000161404,-0.002792407,-0.000117332,0.000198034,0.002711705,1.367710938,1.367710938
1786168490.740636826,113.100622424,0.000000000,NONE,0,0.050030741,0.000000000,100.000000000,-1.000000000,0.000283939,100.007718447,-0.878712238,-0.000283939,-0.007718447,-0.121287762,-0.000788201,-0.011454602,-0.181938224,0.000010886,-0.000004801,-0.000005105,-0.000799086,-0.011449800,-0.181933119,0.005248050,0.002806724,-2.735282042,0.037648249,-0.000963709,0.000246369,-0.002075286,-0.000548739,0.000671924,0.001952102,1.367641021,1.367641021
1786168490.790586710,113.150572323,0.000000000,NONE,0,0.049962452,0.000000000,100.000000000,-1.000000000,0.000285065,100.007718742,-0.878712521,-0.000285065,-0.007718742,-0.121287479,-0.000776923,-0.011466895,-0.181937106,0.000030421,0.000011304,-0.000005910,-0.000807344,-0.011478199,-0.181931196,0.004689235,0.000831086,-2.735145260,0.037600173,-0.000958318,0.000281346,-0.001450417,-0.000894201,0.001034874,0.001309744,1.367572630,1.367572630
1786168490.840614557,113.200600308,0.000000000,NONE,0,0.050012880,0.000000000,100.000000000,-1.000000000,0.000287104,100.007719654,-0.878712824,-0.000287104,-0.007719654,-0.121287176,-0.000773082,-0.011489037,-0.181935366,0.000048376,0.000019733,-0.000006014,-0.000821457,-0.011508771,-0.181929351,0.003705245,-0.001372816,-2.735017714,0.037552478,-0.000950162,0.000259175,-0.000647901,-0.001204722,0.001334309,0.000518313,1.367508857,1.367508857
1786168490.890632868,113.250618438,0.000000000,NONE,0,0.049998974,0.000000000,100.000000000,-1.000000000,0.000289943,100.007720686,-0.878713111,-0.000289943,-0.007720686,-0.121286889,-0.000776980,-0.011517220,-0.181933245,0.000063078,0.000017691,-0.000005447,-0.000840058,-0.011534910,-0.181927798,0.002478094,-0.003190747,-2.734914773,0.037505245,-0.000940910,0.000194812,0.000129460,-0.001368507,0.001465913,-0.000226866,1.367457387,1.367457387
1786168490.940593958,113.300579519,0.000000000,NONE,0,0.049992432,0.000000000,100.000000000,-1.000000000,0.000293413,100.007721355,-0.878713354,-0.000293413,-0.007721355,-0.121286646,-0.000788371,-0.011547133,-0.181931012,0.000073646,0.000006529,-0.000004344,-0.000862017,-0.011553663,-0.181926667,0.001070927,-0.004509856,-2.734844108,0.037458469,-0.000932154,0.000104027,0.000833726,-0.001369189,0.001421203,-0.000885739,1.367422054,1.367422054
1786168490.990616322,113.350601866,0.000000000,NONE,0,0.050017996,0.000000000,100.000000000,-1.000000000,0.000297117,100.007721537,-0.878713529,-0.000297117,-0.007721537,-0.121286471,-0.000803476,-0.011579681,-0.181928645,0.000075668,-0.000005643,-0.000002860,-0.000879144,-0.011574038,-0.181925785,0.000117030,-0.006111734,-2.734787306,0.037412077,-0.000925108,0.000002448,0.001498064,-0.001556579,0.001557803,-0.001499288,1.367393653,1.367393653
1786168491.040702820,113.400688179,0.000000000,NONE,0,0.049979133,0.000000000,100.000000000,-1.000000000,0.000300921,100.007720735,-0.878713621,-0.000300921,-0.007720735,-0.121286379,-0.000822421,-0.011608257,-0.181926538,0.000075670,-0.000028745,-0.000001078,-0.000898091,-0.011579512,-0.181925460,-0.001080447,-0.006482434,-2.734775713,0.037365962,-0.000920105,-0.000093465,0.001914086,-0.001373863,0.001327131,-0.001867354,1.367387857,1.367387857
1786168491.090593576,113.450579144,0.000000000,NONE,0,0.050003950,0.000000000,100.000000000,-1.000000000,0.000304666,100.007718622,-0.878713621,-0.000304666,-0.007718622,-0.121286379,-0.000844355,-0.011628359,-0.181924967,0.000071783,-0.000056145,0.000000800,-0.000916138,-0.011572214,-0.181925767,-0.002169690,-0.006114177,-2.734809783,0.037320007,-0.000917649,-0.000173883,0.002114438,-0.001029593,0.000942651,-0.002027496,1.367404892,1.367404892
1786168491.140583515,113.500569089,0.000000000,NONE,0,0.049998179,0.000000000,100.000000000,-1.000000000,0.000307474,100.007715907,-0.878713556,-0.000307474,-0.007715907,-0.121286444,-0.000863015,-0.011636157,-0.181924230,0.000065307,-0.000078712,0.000002198,-0.000928322,-0.011557445,-0.181926428,-0.002808256,-0.005381443,-2.734863198,0.037283266,-0.000917786,-0.000961418,0.002287779,-0.000883652,0.000402942,-0.001807070,1.367431599,1.367431599
1786168491.190602064,113.550587562,0.000000000,NONE,0,0.050001806,0.000000000,100.000000000,-1.000000000,0.000310128,100.007711130,-0.878713406,-0.000310128,-0.007711130,-0.121286594,-0.000878420,-0.011630256,-0.181924314,0.000044531,-0.000110489,0.000003685,-0.000922951,-0.011519766,-0.181927999,-0.002159222,-0.002940052,-2.734991319,0.037237838,-0.000935876,-0.000870209,0.001492371,-0.000412760,-0.000022345,-0.001057266,1.367495660,1.367495660
1786168491.240606308,113.600591707,0.000000000,NONE,0,0.049999960,0.000000000,100.000000000,-1.000000000,0.000311757,100.007703923,-0.878713188,-0.000311757,-0.007703923,-0.121286812,-0.000881300,-0.011592564,-0.181926350,0.000021181,-0.000152497,0.000004652,-0.000902481,-0.011440068,-0.181931002,-0.000651839,0.002463326,-2.735230247,0.037189337,-0.000960851,-0.000459347,-0.000338035,0.000663955,-0.000893628,0.000567709,1.367615124,1.367615124
1786168491.290581703,113.650567361,0.000000000,NONE,0,0.049998499,0.000000000,100.000000000,-1.000000000,0.000313787,100.007697748,-0.878712957,-0.000313787,-0.007697748,-0.121287043,-0.000898063,-0.011569751,-0.181927487,0.000037949,-0.000118131,0.000004506,-0.000936012,-0.011451620,-0.181931993,-0.003768605,-0.000300662,-2.735259306,0.037140704,-0.000978282,-0.000108336,0.001044401,0.000839901,-0.000894070,-0.000990233,1.367629653,1.367629653
1786168491.340613127,113.700598735,0.000000000,NONE,0,0.050008247,0.000000000,100.000000000,-1.000000000,0.000315936,100.007691796,-0.878712748,-0.000315936,-0.007691796,-0.121287252,-0.000922662,-0.011544016,-0.181928754,0.000034081,-0.000122213,0.000003995,-0.000956743,-0.011421804,-0.181932750,-0.004782396,0.002075587,-2.735307612,0.037091562,-0.000983361,0.000164083,0.000635682,0.001755516,-0.001673475,-0.000717723,1.367653806,1.367653806
1786168491.391073942,113.751059718,0.000000000,NONE,0,0.050460168,0.000000000,100.000000000,-1.000000000,0.000317563,100.007685791,-0.878712570,-0.000317563,-0.007685791,-0.121287430,-0.000948596,-0.011513816,-0.181930238,0.000021674,-0.000118875,0.000003263,-0.000970270,-0.011394940,-0.181933500,-0.005474335,0.003389373,-2.735359904,0.037042436,-0.000980519,0.000327371,0.000439398,0.002297770,-0.002134084,-0.000603083,1.367679952,1.367679952
1786168491.440603495,113.800588981,0.000000000,NONE,0,0.049528877,0.000000000,100.000000000,-1.000000000,0.000318403,100.007680094,-0.878712435,-0.000318403,-0.007680094,-0.121287565,-0.000972475,-0.011481512,-0.181931817,0.000004959,-0.000109762,0.000002275,-0.000977434,-0.011371750,-0.181934092,-0.005807155,0.004491943,-2.735398357,0.036993620,-0.000973008,0.000493063,0.000205537,0.002698040,-0.002451509,-0.000452069,1.367699179,1.367699179
1786168491.490581989,113.850567680,0.000000000,NONE,0,0.049990752,0.000000000,100.000000000,-1.000000000,0.000318387,100.007674898,-0.878712356,-0.000318387,-0.007674898,-0.121287644,-0.000993341,-0.011448497,-0.181933411,-0.000012163,-0.000097128,0.000001082,-0.000981178,-0.011351369,-0.181934492,-0.005988480,0.005428523,-2.735422460,0.036945323,-0.000961178,0.000544607,0.000003838,0.002990403,-0.002718099,-0.000276141,1.367711230,1.367711230
1786168491.540580034,113.900565630,0.000000000,NONE,0,0.050007143,0.000000000,100.000000000,-1.000000000,0.000317876,100.007670974,-0.878712338,-0.000317876,-0.007670974,-0.121287662,-0.001009551,-0.011418117,-0.181934883,-0.000022231,-0.000091880,0.000000020,-0.000987319,-0.011326237,-0.181934902,-0.006431150,0.006801340,-2.735451363,0.036907170,-0.000950421,-0.000201901,-0.000042072,0.003257647,-0.003358598,0.000143023,1.367725682,1.367725682
1786168491.590674162,113.950659828,0.000000000,NONE,0,0.050061872,0.000000000,100.000000000,-1.000000000,0.000315371,100.007668212,-0.878712379,-0.000315371,-0.007668212,-0.121287621,-0.001006771,-0.011407279,-0.181935245,-0.000060316,-0.000033645,-0.000001277,-0.000946455,-0.011373634,-0.181933968,-0.003063631,0.002242425,-2.735359052,0.036860632,-0.000857997,-0.001093763,0.000478742,0.001053073,-0.001599955,0.000068139,1.367679526,1.367679526
1786168491.640626669,114.000612332,0.000000000,NONE,0,0.049962016,0.000000000,100.000000000,-1.000000000,0.000310234,100.007667926,-0.878712492,-0.000310234,-0.007667926,-0.121287508,-0.000968831,-0.011433160,-0.181933610,-0.000110803,0.000008271,-0.000002587,-0.000858028,-0.011441431,-0.181931023,0.003177769,-0.002566740,-2.735112662,0.036811224,-0.000981411,0.000414728,-0.000256439,-0.001332445,0.001539809,0.000049075,1.367556331,1.367556331
1786168491.690654039,114.050639605,0.000000000,NONE,0,0.050043793,0.000000000,100.000000000,-1.000000000,0.000306881,100.007666224,-0.878712627,-0.000306881,-0.007666224,-0.121287373,-0.000957113,-0.011432634,-0.181933328,-0.000052987,-0.000037240,-0.000002406,-0.000904126,-0.011395394,-0.181930921,-0.002300752,0.002188203,-2.735162474,0.036763026,-0.000880078,-0.000422299,0.000133712,0.001016664,-0.001227813,0.000077437,1.367581237,1.367581237
1786168491.740603685,114.100589279,0.000000000,NONE,0,0.049942412,0.000000000,100.000000000,-1.000000000,0.000302394,100.007665763,-0.878712764,-0.000302394,-0.007665763,-0.121287236,-0.000920371,-0.011460775,-0.181931481,-0.000096025,0.000003164,-0.000002671,-0.000824346,-0.011463939,-0.181928810,0.004987379,-0.004552533,-2.734974452,0.036713020,-0.000985382,0.000964120,-0.000349742,-0.002143948,0.002626008,-0.000132318,1.367487226,1.367487226
1786168491.790652990,114.150638516,0.000000000,NONE,0,0.050049479,0.000000000,100.000000000,-1.000000000,0.000300464,100.007662491,-0.878712879,-0.000300464,-0.007662491,-0.121287121,-0.000921615,-0.011439067,-0.181932350,-0.000028599,-0.000076694,-0.000001960,-0.000893016,-0.011362373,-0.181930390,-0.002124738,0.004696984,-2.735158907,0.036664310,-0.000961231,0.000949403,-0.000880412,0.001942781,-0.001468080,0.000405711,1.367579454,1.367579454
1786168491.840841770,114.200827182,0.000000000,NONE,0,0.049951422,0.000000000,100.000000000,-1.000000000,0.000298367,100.007660384,-0.878712967,-0.000298367,-0.007660384,-0.121287033,-0.000910818,-0.011441919,-0.181931886,-0.000049496,-0.000029999,-0.000001796,-0.000861321,-0.011411920,-0.181930090,0.001762885,-0.001587050,-2.735100245,0.036618035,-0.000933908,0.000719900,-0.000223934,-0.000657509,0.001017459,-0.000136016,1.367550123,1.367550123
1786168491.890640974,114.250626540,0.000000000,NONE,0,0.050031595,0.000000000,100.000000000,-1.000000000,0.000296841,100.007657703,-0.878713050,-0.000296841,-0.007657703,-0.121286950,-0.000908426,-0.011430270,-0.181932246,-0.000026451,-0.000051479,-0.000001428,-0.000881975,-0.011378791,-0.181930818,-0.000545471,0.001790488,-2.735171825,0.036572979,-0.000819038,-0.000483965,-0.000190263,0.000462998,-0.000704981,0.000432245,1.367585913,1.367585913
1786168491.940588951,114.300574669,0.000000000,NONE,0,0.049956994,0.000000000,100.000000000,-1.000000000,0.000294110,100.007656640,-0.878713117,-0.000294110,-0.007656640,-0.121286883,-0.000877652,-0.011445554,-0.181931226,-0.000071476,-0.000016108,-0.000001602,-0.000806176,-0.011429445,-0.181929624,0.005915030,-0.003237189,-2.735049819,0.036534697,-0.000915752,-0.000104545,-0.000643324,-0.002314191,0.002261919,0.000695596,1.367524909,1.367524909
1786168491.990600109,114.350585677,0.000000000,NONE,0,0.050002343,0.000000000,100.000000000,-1.000000000,0.000291290,100.007655543,-0.878713190,-0.000291290,-0.007655543,-0.121286810,-0.000843241,-0.011467358,-0.181929793,-0.000047121,-0.000024691,-0.000001261,-0.000796120,-0.011442667,-0.181928532,0.005185109,-0.003605254,-2.734975392,0.036488687,-0.000920619,-0.000024122,-0.000388933,-0.002203621,0.002191560,0.000400994,1.367487696,1.367487696
1786168492.040660381,114.400645759,0.000000000,NONE,0,0.050074499,0.000000000,100.000000000,-1.000000000,0.000289631,100.007653824,-0.878713230,-0.000289631,-0.007653824,-0.121286770,-0.000813956,-0.011486320,-0.181928501,-0.000026744,-0.000038956,-0.000000453,-0.000787212,-0.011447364,-0.181928048,0.005678981,-0.004036416,-2.734953685,0.036442704,-0.000919121,-0.000010169,-0.000408099,-0.002431392,0.002426307,0.000413183,1.367476843,1.367476843
1786168492.090602160,114.450587716,0.000000000,NONE,0,0.049928989,0.000000000,100.000000000,-1.000000000,0.000289003,100.007651348,-0.878713223,-0.000289003,-0.007651348,-0.121286777,-0.000789280,-0.011500325,-0.181927498,-0.000006078,-0.000055890,0.000000539,-0.000783202,-0.011444434,-0.181928037,0.005804327,-0.004018540,-2.734962334,0.036396855,-0.000916379,-0.000004172,-0.000445404,-0.002456760,0.002454674,0.000447490,1.367481167,1.367481167
1786168492.140661478,114.500647018,0.000000000,NONE,0,0.050063971,0.000000000,100.000000000,-1.000000000,0.000289279,100.007648764,-0.878713183,-0.000289279,-0.007648764,-0.121286817,-0.000773781,-0.011506574,-0.181926986,0.000010900,-0.000070203,0.000001311,-0.000784682,-0.011436371,-0.181928297,0.005587226,-0.003729666,-2.734986001,0.036360283,-0.000913989,-0.000743014,-0.000278636,-0.002514977,0.002143469,0.000650144,1.367493000,1.367493000
1786168492.190610170,114.550595760,0.000000000,NONE,0,0.049943465,0.000000000,100.000000000,-1.000000000,0.000290114,100.007645069,-0.878713092,-0.000290114,-0.007645069,-0.121286908,-0.000752278,-0.011512755,-0.181926475,0.000019880,-0.000079927,0.000002188,-0.000772158,-0.011432828,-0.181928662,0.006601274,-0.003903589,-2.735013689,0.036314345,-0.000927071,-0.000564490,-0.000533299,-0.002767338,0.002485093,0.000815544,1.367506845,1.367506845
1786168492.240783215,114.600768560,0.000000000,NONE,0,0.050065126,0.000000000,100.000000000,-1.000000000,0.000292120,100.007640445,-0.878712963,-0.000292120,-0.007640445,-0.121287037,-0.000740044,-0.011508323,-0.181926570,0.000047177,-0.000102062,0.000002927,-0.000787221,-0.011406261,-0.181929497,0.005126971,-0.002127589,-2.735081423,0.036267527,-0.000942677,-0.000294464,-0.000676229,-0.001887256,0.001740024,0.000823462,1.367540712,1.367540712
1786168492.290664196,114.650649692,0.000000000,NONE,0,0.049982067,0.000000000,100.000000000,-1.000000000,0.000295387,100.007635009,-0.878712809,-0.000295387,-0.007635009,-0.121287191,-0.000740377,-0.011492033,-0.181927328,0.000070844,-0.000118689,0.000003370,-0.000811220,-0.011373345,-0.181930697,0.003487466,-0.000280178,-2.735172834,0.036221048,-0.000951566,-0.000108065,-0.000774806,-0.000968927,0.000914895,0.000828838,1.367586417,1.367586417
1786168492.340627193,114.700612792,0.000000000,NONE,0,0.049972725,0.000000000,100.000000000,-1.000000000,0.000299814,100.007628813,-0.878712639,-0.000299814,-0.007628813,-0.121287361,-0.000752588,-0.011465261,-0.181928653,0.000088240,-0.000126746,0.000003377,-0.000840829,-0.011338515,-0.181932030,0.001576743,0.001611719,-2.735268763,0.036172373,-0.000955274,0.000207752,-0.000849054,0.000060682,0.000043194,0.000745178,1.367634381,1.367634381
1786168492.390615463,114.750601253,0.000000000,NONE,0,0.049984156,0.000000000,100.000000000,-1.000000000,0.000305395,100.007623537,-0.878712487,-0.000305395,-0.007623537,-0.121287513,-0.000785900,-0.011448540,-0.181929317,0.000112945,-0.000105059,0.000002902,-0.000898845,-0.011343481,-0.181932219,-0.002497334,0.000263318,-2.735259080,0.036124658,-0.000951352,0.000374454,0.000464890,0.000783776,-0.000596549,-0.000652117,1.367629540,1.367629540
1786168492.440920830,114.800906414,0.000000000,NONE,0,0.050061973,0.000000000,100.000000000,-1.000000000,0.000310837,100.007617614,-0.878712362,-0.000310837,-0.007617614,-0.121287638,-0.000821219,-0.011414859,-0.181930927,0.000099959,-0.000125829,0.000002336,-0.000921178,-0.011289030,-0.181933263,-0.003148522,0.004493838,-2.735349302,0.036077352,-0.000941013,0.000443290,-0.000447151,0.002021412,-0.001799767,0.000225506,1.367674651,1.367674651
1786168492.490585327,114.850570970,0.000000000,NONE,0,0.049926295,0.000000000,100.000000000,-1.000000000,0.000315798,100.007611589,-0.878712271,-0.000315798,-0.007611589,-0.121287729,-0.000859172,-0.011373426,-0.181932935,0.000090547,-0.000118145,0.000001434,-0.000949720,-0.011255281,-0.181934369,-0.005013318,0.005898395,-2.735427970,0.036030645,-0.000929758,0.000469534,-0.000338653,0.002845312,-0.002610545,0.000103886,1.367713985,1.367713985
1786168492.540620327,114.900605785,0.000000000,NONE,0,0.050032020,0.000000000,100.000000000,-1.000000000,0.000320124,100.007606310,-0.878712236,-0.000320124,-0.007606310,-0.121287764,-0.000899090,-0.011332438,-0.181934872,0.000075747,-0.000099520,0.000000123,-0.000974837,-0.011232919,-0.181934995,-0.006478422,0.006801423,-2.735462138,0.035984525,-0.000918777,0.000448615,-0.000192904,0.003432115,-0.003207807,-0.000031403,1.367731069,1.367731069
1786168492.590575933,114.950561470,0.000000000,NONE,0,0.049964812,0.000000000,100.000000000,-1.000000000,0.000323916,100.007601408,-0.878712273,-0.000323916,-0.007601408,-0.121287727,-0.000945617,-0.011283514,-0.181937176,0.000063297,-0.000089498,-0.000001417,-0.001008914,-0.011194015,-0.181935759,-0.008732381,0.009272349,-2.735518394,0.035938975,-0.000908996,0.000403426,-0.000235849,0.004602039,-0.004400326,0.000034136,1.367759197,1.367759197
1786168492.640614033,115.000599815,0.000000000,NONE,0,0.050012189,0.000000000,100.000000000,-1.000000000,0.000325794,100.007598912,-0.878712395,-0.000325794,-0.007598912,-0.121287605,-0.000978347,-0.011261423,-0.181937961,0.000022933,-0.000034806,-0.000003217,-0.001001280,-0.011226617,-0.181934743,-0.007467707,0.005643170,-2.735411728,0.035893841,-0.000901884,0.000352757,0.000367945,0.003365909,-0.003189530,-0.000544323,1.367705864,1.367705864
1786168492.690572262,115.050557974,0.000000000,NONE,0,0.049986496,0.000000000,100.000000000,-1.000000000,0.000325873,100.007598506,-0.878712598,-0.000325873,-0.007598506,-0.121287402,-0.000998767,-0.011263084,-0.181937406,-0.000009649,0.000003070,-0.000004570,-0.000989118,-0.011266154,-0.181932836,-0.006673991,0.002847456,-2.735260356,0.035849044,-0.000894286,0.000276634,0.000887475,0.002449520,-0.002311203,-0.001025792,1.367630178,1.367630178
1786168492.740659952,115.100645492,0.000000000,NONE,0,0.050059706,0.000000000,100.000000000,-1.000000000,0.000324522,100.007599325,-0.878712848,-0.000324522,-0.007599325,-0.121287152,-0.001008617,-0.011281982,-0.181935877,-0.000036189,0.000024127,-0.000005190,-0.000972427,-0.011306109,-0.181930686,-0.005607704,0.000127320,-2.735105116,0.035804586,-0.000887075,0.000176430,0.001325989,0.001477863,-0.001389649,-0.001414203,1.367552558,1.367552558
1786168492.790577888,115.150563438,0.000000000,NONE,0,0.049933728,0.000000000,100.000000000,-1.000000000,0.000322559,100.007600435,-0.878713056,-0.000322559,-0.007600435,-0.121286944,-0.001008894,-0.011306500,-0.181934138,-0.000054276,0.000031190,-0.000005086,-0.000954618,-0.011337690,-0.181929052,-0.004539758,-0.001927312,-2.735000881,0.035769235,-0.000882221,-0.000616264,0.001770834,0.000499045,-0.000807177,-0.001462702,1.367500440,1.367500440
1786168492.840608835,115.200594411,0.000000000,NONE,0,0.050021979,0.000000000,100.000000000,-1.000000000,0.000318761,100.007601693,-0.878713296,-0.000318761,-0.007601693,-0.121286704,-0.000992033,-0.011341368,-0.181931803,-0.000083338,0.000025894,-0.000004451,-0.000908695,-0.011367262,-0.181927352,-0.001244080,-0.004005200,-2.734880686,0.035724852,-0.000893911,-0.000522768,0.001443012,-0.000820972,0.000559588,-0.001181628,1.367440343,1.367440343
1786168492.890707493,115.250693086,0.000000000,NONE,0,0.049983167,0.000000000,100.000000000,-1.000000000,0.000314358,100.007602576,-0.878713486,-0.000314358,-0.007602576,-0.121286514,-0.000966723,-0.011380198,-0.181929296,-0.000089237,0.000015473,-0.000003209,-0.000877486,-0.011395671,-0.181926087,0.000315200,-0.006039260,-2.734800748,0.035679726,-0.000907446,-0.000344102,0.001517041,-0.001674640,0.001502589,-0.001344989,1.367400374,1.367400374
1786168492.940624952,115.300610424,0.000000000,NONE,0,0.050013270,0.000000000,100.000000000,-1.000000000,0.000310037,100.007602691,-0.878713599,-0.000310037,-0.007602691,-0.121286401,-0.000938656,-0.011419231,-0.181926821,-0.000085618,-0.000003726,-0.000001525,-0.000853038,-0.011415506,-0.181925296,0.001627738,-0.007411191,-2.734754867,0.035634124,-0.000914748,-0.000187302,0.001492689,-0.002306558,0.002212907,-0.001399038,1.367377434,1.367377434
1786168492.990588427,115.350574133,0.000000000,NONE,0,0.049995371,0.000000000,100.000000000,-1.000000000,0.000306013,100.007601514,-0.878713619,-0.000306013,-0.007601514,-0.121286381,-0.000908417,-0.011451662,-0.181924780,-0.000078850,-0.000032924,0.000000423,-0.000829567,-0.011418738,-0.181925202,0.002998540,-0.007615428,-2.734762289,0.035588361,-0.000916271,-0.000069549,0.001171609,-0.002670879,0.002636105,-0.001136835,1.367381144,1.367381144
1786168493.040652275,115.400637955,0.000000000,NONE,0,0.050025922,0.000000000,100.000000000,-1.000000000,0.000302496,100.007598760,-0.878713541,-0.000302496,-0.007598760,-0.121286459,-0.000877202,-0.011472725,-0.181923451,-0.000067882,-0.000065886,0.000002385,-0.000809321,-0.011406839,-0.181925836,0.004131030,-0.006921323,-2.734821173,0.035542677,-0.000913699,0.000003342,0.000696738,-0.002762252,0.002763924,-0.000698409,1.367410587,1.367410587
1786168493.090612888,115.450598464,0.000000000,NONE,0,0.049989637,0.000000000,100.000000000,-1.000000000,0.000299704,100.007594380,-0.878713372,-0.000299704,-0.007594380,-0.121286628,-0.000846675,-0.011479383,-0.181923007,-0.000052929,-0.000098357,0.000004094,-0.000793746,-0.011381026,-0.181927101,0.004955023,-0.005390196,-2.734922344,0.035497211,-0.000908944,0.000044129,0.000097761,-0.002575273,0.002597337,-0.000119825,1.367461172,1.367461172
1786168493.140670300,115.500655781,0.000000000,NONE,0,0.050031399,0.000000000,100.000000000,-1.000000000,0.000297829,100.007588483,-0.878713132,-0.000297829,-0.007588483,-0.121286868,-0.000819036,-0.011469598,-0.181923550,-0.000034409,-0.000127337,0.000005327,-0.000784627,-0.011342262,-0.181928877,0.005355379,-0.003072427,-2.735056927,0.035452005,-0.000903565,0.000059400,-0.000585588,-0.002092102,0.002121802,0.000555888,1.367528464,1.367528464
1786168493.190819025,115.550804622,0.000000000,NONE,0,0.050042470,0.000000000,100.000000000,-1.000000000,0.000297017,100.007582986,-0.878712909,-0.000297017,-0.007582986,-0.121287091,-0.000799354,-0.011451731,-0.181924579,-0.000019366,-0.000141954,0.000005791,-0.000779988,-0.011309777,-0.181930370,0.005526241,-0.001500633,-2.735155705,0.035416012,-0.000899898,-0.000642450,-0.000845790,-0.001917331,0.001596106,0.001167014,1.367577852,1.367577852
1786168493.240634203,115.600619652,0.000000000,NONE,0,0.049931760,0.000000000,100.000000000,-1.000000000,0.000296539,100.007575543,-0.878712617,-0.000296539,-0.007575543,-0.121287383,-0.000772679,-0.011419811,-0.181926439,-0.000008596,-0.000152496,0.000005906,-0.000764083,-0.011267315,-0.181932346,0.006689279,0.001023001,-2.735303757,0.035370851,-0.000911363,-0.000447153,-0.001816282,-0.001528358,0.001304781,0.002039858,1.367651878,1.367651878
1786168493.290622950,115.650608502,0.000000000,NONE,0,0.049962171,0.000000000,100.000000000,-1.000000000,0.000297203,100.007567688,-0.878712339,-0.000297203,-0.007567688,-0.121287661,-0.000753484,-0.011376689,-0.181928906,0.000017937,-0.000158075,0.000005319,-0.000771421,-0.011218614,-0.181934225,0.005765653,0.003864403,-2.735433346,0.035324860,-0.000926047,-0.000150915,-0.002369785,-0.000513041,0.000437584,0.002445243,1.367716673,1.367716673
1786168493.340631485,115.700617013,0.000000000,NONE,0,0.050036929,0.000000000,100.000000000,-1.000000000,0.000299162,100.007560055,-0.878712112,-0.000299162,-0.007560055,-0.121287888,-0.000745070,-0.011327614,-0.181931637,0.000042600,-0.000149121,0.000004034,-0.000787670,-0.011178493,-0.181935671,0.004593758,0.005904453,-2.735525865,0.035278303,-0.000933947,0.000122260,-0.002655118,0.000358239,-0.000297109,0.002593988,1.367762932,1.367762932
1786168493.390654325,115.750639838,0.000000000,NONE,0,0.050020148,0.000000000,100.000000000,-1.000000000,0.000301586,100.007554671,-0.878711986,-0.000301586,-0.007554671,-0.121288014,-0.000747563,-0.011290555,-0.181933625,0.000061367,-0.000129776,0.000002606,-0.000808930,-0.011160780,-0.181936231,0.003197484,0.006304615,-2.735547385,0.035240910,-0.000934662,-0.000404714,-0.002274346,0.000675604,-0.000877961,0.002476703,1.367773693,1.367773693
1786168493.440633297,115.800618958,0.000000000,NONE,0,0.049979237,0.000000000,100.000000000,-1.000000000,0.000304991,100.007548848,-0.878711914,-0.000304991,-0.007548848,-0.121288086,-0.000753085,-0.011245629,-0.181935961,0.000067377,-0.000109452,0.000000650,-0.000820462,-0.011136177,-0.181936611,0.002678952,0.007718175,-2.735570363,0.035193928,-0.000945715,-0.000053518,-0.002585902,0.001246426,-0.001273185,0.002612661,1.367785182,1.367785182
1786168493.490597010,115.850582752,0.000000000,NONE,0,0.049976633,0.000000000,100.000000000,-1.000000000,0.000308194,100.007545258,-0.878711930,-0.000308194,-0.007545258,-0.121288070,-0.000764936,-0.011216723,-0.181937350,0.000080633,-0.000082471,-0.000001005,-0.000845569,-0.011134252,-0.181936344,0.000878910,0.007151445,-2.735538775,0.035155917,-0.000952534,-0.000458415,-0.001892985,0.001453530,-0.001682737,0.002122192,1.367769387,1.367769387
1786168493.540580034,115.900565596,0.000000000,NONE,0,0.049971347,0.000000000,100.000000000,-1.000000000,0.000312259,100.007542273,-0.878712037,-0.000312259,-0.007542273,-0.121287963,-0.000782895,-0.011191864,-0.181938380,0.000081488,-0.000051446,-0.000002948,-0.000864382,-0.011140418,-0.181935432,-0.000146906,0.006383892,-2.735461957,0.035108908,-0.000966857,-0.000063354,-0.001543408,0.001616861,-0.001648538,0.001575085,1.367730979,1.367730979
1786168493.590601206,115.950586693,0.000000000,NONE,0,0.050045468,0.000000000,100.000000000,-1.000000000,0.000316702,100.007540780,-0.878712241,-0.000316702,-0.007540780,-0.121287759,-0.000810095,-0.011180676,-0.181938521,0.000086525,-0.000020009,-0.000004614,-0.000896620,-0.011160666,-0.181933908,-0.002373363,0.004627672,-2.735343107,0.035059367,-0.000974988,0.000472161,-0.000681618,0.001868299,-0.001632218,0.000445537,1.367671553,1.367671553
1786168493.640625000,116.000610456,0.000000000,NONE,0,0.049997700,0.000000000,100.000000000,-1.000000000,0.000321229,100.007540546,-0.878712507,-0.000321229,-0.007540546,-0.121287493,-0.000847489,-0.011181704,-0.181937885,0.000087844,0.000001301,-0.000005687,-0.000935334,-0.011183006,-0.181932198,-0.004852655,0.002963774,-2.735219663,0.035010919,-0.000966233,0.000759514,0.000282342,0.002143986,-0.001764229,-0.000662099,1.367609831,1.367609831
1786168493.690581322,116.050566942,0.000000000,NONE,0,0.049984100,0.000000000,100.000000000,-1.000000000,0.000325393,100.007541154,-0.878712808,-0.000325393,-0.007541154,-0.121287192,-0.000890590,-0.011193111,-0.181936600,0.000077241,0.000015762,-0.000006147,-0.000967830,-0.011208873,-0.181930453,-0.006706052,0.001041377,-2.735096800,0.034963286,-0.000946248,0.000875099,0.001197394,0.002155632,-0.001718083,-0.001634944,1.367548400,1.367548400
1786168493.740633249,116.100618956,0.000000000,NONE,0,0.050048031,0.000000000,100.000000000,-1.000000000,0.000328441,100.007542676,-0.878713113,-0.000328441,-0.007542676,-0.121286887,-0.000930111,-0.011221094,-0.181934375,0.000052130,0.000032484,-0.000005988,-0.000982242,-0.011253578,-0.181928387,-0.007236549,-0.002346353,-2.734945813,0.034916817,-0.000920517,0.000840256,0.002185661,0.001432613,-0.001012485,-0.002605789,1.367472906,1.367472906
1786168493.790657520,116.150643199,0.000000000,NONE,0,0.050020773,0.000000000,100.000000000,-1.000000000,0.000330197,100.007544522,-0.878713388,-0.000330197,-0.007544522,-0.121286612,-0.000964138,-0.011260979,-0.181931500,0.000025887,0.000033916,-0.000005096,-0.000990026,-0.011294895,-0.181926404,-0.007599091,-0.005109269,-2.734808630,0.034871663,-0.000892977,0.000688570,0.003004948,0.000794598,-0.000450313,-0.003349233,1.367404315,1.367404315
1786168493.840631962,116.200617583,0.000000000,NONE,0,0.049931464,0.000000000,100.000000000,-1.000000000,0.000330613,100.007545958,-0.878713597,-0.000330613,-0.007545958,-0.121286403,-0.000990736,-0.011306524,-0.181928355,-0.000001744,0.000021374,-0.000003486,-0.000988992,-0.011327898,-0.181924869,-0.007387919,-0.007286000,-2.734710100,0.034827793,-0.000867619,0.000466576,0.003551836,0.000142124,0.000091164,-0.003785124,1.367355050,1.367355050
1786168493.890617609,116.250603224,0.000000000,NONE,0,0.050030001,0.000000000,100.000000000,-1.000000000,0.000330235,100.007547391,-0.878713708,-0.000330235,-0.007547391,-0.121286292,-0.001018622,-0.011369262,-0.181924256,-0.000016375,0.000018887,-0.000001340,-0.001002247,-0.011388150,-0.181922916,-0.008496614,-0.011838264,-2.734565048,0.034785005,-0.000847257,0.000205380,0.005032375,-0.000784068,0.000886758,-0.005135065,1.367282524,1.367282524
1786168493.940576792,116.300562304,0.000000000,NONE,0,0.049967080,0.000000000,100.000000000,-1.000000000,0.000328328,100.007546138,-0.878713710,-0.000328328,-0.007546138,-0.121286290,-0.001021280,-0.011393146,-0.181922620,-0.000059962,-0.000047183,0.000000894,-0.000961318,-0.011345963,-0.181923514,-0.004981113,-0.007583570,-2.734657929,0.034751420,-0.000834943,-0.000703768,0.003317113,-0.000826557,0.000474672,-0.002965229,1.367328965,1.367328965
1786168493.990713596,116.350699081,0.000000000,NONE,0,0.050081512,0.000000000,100.000000000,-1.000000000,0.000324364,100.007542193,-0.878713594,-0.000324364,-0.007542193,-0.121286406,-0.001004709,-0.011400767,-0.181922025,-0.000093152,-0.000092714,0.000003440,-0.000911557,-0.011308053,-0.181925465,-0.001842177,-0.005692702,-2.734821474,0.034710455,-0.000842479,-0.000827944,0.002090706,-0.001169617,0.000755645,-0.001676734,1.367410737,1.367410737
1786168494.040606499,116.400592106,0.000000000,NONE,0,0.049928065,0.000000000,100.000000000,-1.000000000,0.000319372,100.007536445,-0.878713362,-0.000319372,-0.007536445,-0.121286638,-0.000974871,-0.011393648,-0.181922425,-0.000105172,-0.000120145,0.000005369,-0.000869699,-0.011273503,-0.181927794,0.000495154,-0.003953738,-2.734992220,0.034666982,-0.000862363,-0.000612970,0.001017889,-0.001265466,0.000958980,-0.000711403,1.367496110,1.367496110
1786168494.090608597,116.450594216,0.000000000,NONE,0,0.050009629,0.000000000,100.000000000,-1.000000000,0.000314349,100.007529717,-0.878713066,-0.000314349,-0.007529717,-0.121286934,-0.000939270,-0.011375110,-0.181923569,-0.000104337,-0.000138949,0.000006365,-0.000834933,-0.011236161,-0.181929934,0.002420345,-0.001907152,-2.735138172,0.034623422,-0.000879261,-0.000422224,-0.000022742,-0.001187430,0.000976318,0.000233854,1.367569086,1.367569086
1786168494.140630007,116.500615603,0.000000000,NONE,0,0.050008945,0.000000000,100.000000000,-1.000000000,0.000309395,100.007522561,-0.878712743,-0.000309395,-0.007522561,-0.121287257,-0.000896509,-0.011351865,-0.181925036,-0.000101218,-0.000143202,0.000006598,-0.000795291,-0.011208663,-0.181931634,0.004880191,-0.000693845,-2.735248391,0.034579175,-0.000891464,-0.000218932,-0.000991853,-0.001448242,0.001338776,0.001101319,1.367624195,1.367624195
1786168494.190588236,116.550573779,0.000000000,NONE,0,0.049978602,0.000000000,100.000000000,-1.000000000,0.000305443,100.007514485,-0.878712426,-0.000305443,-0.007514485,-0.121287574,-0.000858932,-0.011310237,-0.181927520,-0.000076143,-0.000163470,0.000006231,-0.000782789,-0.011146767,-0.181933751,0.005071402,0.003502178,-2.735404912,0.034534441,-0.000898383,-0.000022999,-0.002137645,-0.000398056,0.000386556,0.002149145,1.367702456,1.367702456
