wall_time_unix_sec,elapsed_sec,ros_time_sec,event,logger_queue_overflow,control_dt_sec,target_position_x,target_position_y,target_position_z,current_position_x,current_position_y,current_position_z,position_error_x,position_error_y,position_error_z,target_velocity_x,target_velocity_y,target_velocity_z,current_velocity_x,current_velocity_y,current_velocity_z,velocity_error_x,velocity_error_y,velocity_error_z,body_command_x,body_command_y,body_command_z,yaw,yaw_rate,yaw_command,motor1_command,motor2_command,motor3_command,motor4_command,motor5_command,motor6_command
1786024395.871967316,27.850458238,0.000000000,TARGET_UPDATED,0,0.050000000,0.000000000,-3.000000008,0.000000000,0.000119232,-0.000000000,-0.091721454,-0.000119232,-3.000000008,0.091721454,-0.000117872,-2.999999998,0.137582182,0.000004597,-0.000000000,0.003921659,-0.000122469,-2.999999998,0.133660524,-0.007351857,-450.000000000,20.359578165,0.000000000,0.000000000,0.000000000,112.501837964,-112.498162036,112.498162036,-112.501837964,-10.179789082,-10.179789082
1786024395.921906710,27.900397563,0.000000000,NONE,0,0.049925885,0.000000000,-3.000000008,0.000000000,0.000145528,-0.026370083,-0.089508184,-0.000145528,-2.973629925,0.089508185,-0.014736179,-3.002132723,0.070769455,-0.002704283,-1.088305731,0.068783500,-0.012031896,-1.913826993,0.001985954,-0.971118537,-450.000000000,8.505007100,0.004862687,0.203451655,-2.424017067,113.348783901,-112.863224633,111.651216099,-112.136775367,-4.252503550,-4.252503550
1786024395.971872568,27.950363486,0.000000000,NONE,0,0.049956653,0.000000000,-3.000000008,0.000000000,0.000409690,-0.110302294,-0.082901285,-0.000409690,-2.889697714,0.082901285,-0.062587714,-3.001586074,-0.045024645,-0.029604646,-1.976799356,0.040430622,-0.032983067,-1.024786718,-0.085455267,-2.586366456,-450.000000000,3.269045988,0.020693806,0.371821381,-5.376271426,114.490659470,-113.197476242,110.509340530,-111.802523758,-1.634522994,-1.634522994
1786024396.021995783,28.000486791,0.000000000,NONE,0,0.050017970,0.000000000,-3.000000008,0.000000000,0.000901415,-0.219893562,-0.076303827,-0.000901415,-2.780106446,0.076303827,-0.123373731,-2.997042171,-0.124969062,-0.079498181,-2.290692890,-0.069813876,-0.043875550,-0.706349280,-0.055155186,-3.578639022,-450.000000000,7.744798093,0.040724998,0.405934657,-7.323973495,115.225653129,-113.436333618,109.774346871,-111.563666382,-3.872399046,-3.872399046
1786024396.072003365,28.050494301,0.000000000,TARGET_UPDATED,0,0.050114658,0.000000000,-4.000000008,0.000000000,0.001274844,-0.337826962,-0.073080732,-0.001274844,-3.662173046,0.073080732,-0.181919235,-2.991661295,-0.169955501,-0.134641804,-2.378450496,-0.185496818,-0.047277431,-0.613210799,0.015541317,-4.486690588,-450.000000000,13.498853859,0.060167427,0.374773252,-8.573784344,115.765118733,-113.521773439,109.234881267,-111.478226561,-6.749426930,-6.749426930
1786024396.122013807,28.100504638,0.000000000,NONE,0,0.049983200,0.000000000,-4.000000008,0.000000000,0.001312168,-0.458412085,-0.073118195,-0.001312168,-3.541587923,0.073118195,-0.233476249,-2.986917811,-0.189314401,-0.185925927,-2.401275715,-0.258937213,-0.047550322,-0.585642095,0.069622813,-5.463490587,-450.000000000,16.957596947,0.077287415,0.323456847,-9.437945435,116.225359006,-113.493613712,108.774640994,-111.506386288,-8.478798474,-8.478798474
1786024396.171860695,28.150351625,0.000000000,NONE,0,0.049891595,0.000000000,-4.000000008,0.000000000,0.000927454,-0.579966374,-0.074800562,-0.000927454,-3.420033634,0.074800562,-0.276435951,-2.983346940,-0.189243833,-0.230972553,-2.408232365,-0.283034744,-0.045463398,-0.575114575,0.093790911,-6.337114364,-450.000000000,18.054122268,0.091668458,0.268183843,-10.044845803,116.595490042,-113.426932860,108.404509958,-111.573067140,-9.027061134,-9.027061134
1786024396.221897840,28.200388836,0.000000000,NONE,0,0.050014736,0.000000000,-4.000000008,0.000000000,0.000093202,-0.701941659,-0.076697680,-0.000093202,-3.298058349,0.076697680,-0.310689108,-2.981112977,-0.172259678,-0.269267291,-2.412023298,-0.269916770,-0.041421817,-0.569089679,0.097657092,-7.016051534,-450.000000000,17.920085737,0.103297368,0.213674467,-10.440397626,116.864112290,-113.356086523,108.135887710,-111.643913477,-8.960042869,-8.960042869
1786024396.271912098,28.250403175,0.000000000,NONE,0,0.050034549,0.000000000,-4.000000008,0.000000000,-0.001176944,-0.824131569,-0.078100892,0.001176944,-3.175868439,0.078100892,-0.336609570,-2.979906149,-0.143449557,-0.300559354,-2.415116889,-0.237080824,-0.036050216,-0.564789260,0.093631267,-7.468502602,-450.000000000,17.482858570,0.112313693,0.162213422,-10.658332316,117.031708729,-113.297457428,107.968291271,-111.702542572,-8.741429285,-8.741429285
1786024396.321904659,28.300395588,0.000000000,NONE,0,0.049963333,0.000000000,-4.000000008,0.000000000,-0.002842593,-0.946444605,-0.078859456,0.002842593,-3.053555403,0.078859456,-0.354748265,-2.979291527,-0.109398349,-0.324870546,-2.417477733,-0.198544246,-0.029877719,-0.561813794,0.089145897,-7.680943505,-450.000000000,17.161797402,0.118908045,0.114637171,-10.722000022,117.100735882,-113.260264129,107.899264118,-111.739735871,-8.580898701,-8.580898701
1786024396.371931553,28.350422545,0.000000000,NONE,0,0.050041622,0.000000000,-4.000000008,0.000000000,-0.004844733,-1.068833496,-0.079100199,0.004844733,-2.931166512,0.079100199,-0.365760845,-2.979051889,-0.074476452,-0.342388541,-2.419138547,-0.161978457,-0.023372303,-0.559913341,0.087502004,-7.663261030,-450.000000000,17.105837015,0.123299274,0.071689755,-10.656164425,117.079856364,-113.248225849,107.920143636,-111.751774151,-8.552918507,-8.552918507
1786024396.422007561,28.400498526,0.000000000,NONE,0,0.049987813,0.000000000,-4.000000008,0.000000000,-0.007113734,-1.191271096,-0.079039985,0.007113734,-2.808728912,0.079039985,-0.370395519,-2.979127795,-0.040757936,-0.353550931,-2.420347991,-0.130218591,-0.016844589,-0.558779803,0.089460654,-7.434192662,-450.000000000,17.317211548,0.125732953,0.034054492,-10.487076350,116.980317253,-113.263220922,108.019682747,-111.736779078,-8.658605774,-8.658605774
1786024396.471959591,28.450450673,0.000000000,TARGET_UPDATED,0,0.050071692,0.000000000,-5.000000008,0.000000000,-0.009573842,-1.313736671,-0.078872365,0.009573842,-3.686263337,0.078872365,-0.372396424,-2.979133293,-0.009090641,-0.358962183,-2.421321434,-0.103206360,-0.013434241,-0.557811858,0.094115719,-7.363285652,-450.000000000,17.699207795,0.126491745,0.002598191,-10.245883961,116.902292403,-113.220649577,108.097707597,-111.779350423,-8.849603897,-8.849603897
1786024396.521985292,28.500476128,0.000000000,NONE,0,0.049908461,0.000000000,-5.000000008,0.000000000,-0.012169013,-1.436212743,-0.078718982,0.012169013,-3.563787266,0.078718982,-0.368069030,-2.979606926,0.020255455,-0.360297568,-2.422163520,-0.079819240,-0.007771462,-0.557443406,0.100074695,-6.825500810,-450.000000000,18.145263481,0.125901014,-0.021666237,-9.968548304,116.698512279,-113.285761874,108.301487721,-111.714238126,-9.072631741,-9.072631741
1786024396.571905613,28.550396425,0.000000000,NONE,0,0.050022958,0.000000000,-5.000000008,0.000000000,-0.014857467,-1.558683862,-0.078624963,0.014857467,-3.441316146,0.078624963,-0.360584050,-2.980212862,0.047113483,-0.357918785,-2.422890975,-0.058825666,-0.002665264,-0.557321887,0.105939149,-6.270405032,-450.000000000,18.556262092,0.124355956,-0.037215952,-9.701887802,116.493073208,-113.357870693,108.506926792,-111.642129307,-9.278131046,-9.278131046
1786024396.621867418,28.600358540,0.000000000,NONE,0,0.049959968,0.000000000,-5.000000008,0.000000000,-0.017568798,-1.681133624,-0.078579292,0.017568798,-3.318866384,0.078579292,-0.351281584,-2.980839288,0.071354556,-0.352890815,-2.423487943,-0.039441999,0.001609231,-0.557351345,0.110796555,-5.714511172,-450.000000000,18.879038922,0.122292693,-0.044022795,-9.480977798,116.298872242,-113.441616656,108.701127758,-111.558383344,-9.439519461,-9.439519461
1786024396.671887159,28.650378060,0.000000000,NONE,0,0.050013696,0.000000000,-5.000000008,0.000000000,-0.020246739,-1.803552414,-0.078545113,0.020246739,-3.196447594,0.078545113,-0.341363349,-2.981397813,0.092839356,-0.346443749,-2.423950540,-0.021476360,0.005080400,-0.557447273,0.114315716,-5.194548644,-450.000000000,19.101376848,0.120102055,-0.043597723,-9.321991027,116.129134918,-113.531860596,108.870865082,-111.468139404,-9.550688424,-9.550688424
1786024396.721901894,28.700392744,0.000000000,NONE,0,0.050002863,0.000000000,-5.000000008,0.000000000,-0.022844557,-1.925937086,-0.078486152,0.022844557,-3.074062922,0.078486152,-0.331758627,-2.981841368,0.111438058,-0.339513024,-2.424294573,-0.005187349,0.007754398,-0.557546795,0.116625407,-4.741427264,-450.000000000,19.241798303,0.118083857,-0.037996672,-9.228354704,115.992445492,-113.621731860,109.007554508,-111.378268140,-9.620899151,-9.620899151
1786024396.771958113,28.750449024,0.000000000,NONE,0,0.050019342,0.000000000,-5.000000008,0.000000000,-0.025327930,-2.048289827,-0.078386165,0.025327930,-2.951710182,0.078386165,-0.323056244,-2.982166277,0.127058406,-0.332839314,-2.424548784,0.008867356,0.009783070,-0.557617493,0.118191049,-4.360541125,-450.000000000,19.339458714,0.116425784,-0.029517018,-9.192152474,115.888173400,-113.707902837,109.111826600,-111.292097163,-9.669729357,-9.669729357
1786024396.821921349,28.800412279,0.000000000,NONE,0,0.049993964,0.000000000,-5.000000008,0.000000000,-0.027672944,-2.170615582,-0.078255256,0.027672944,-2.829384426,0.078255256,-0.315546831,-2.982398892,0.139663120,-0.326848101,-2.424740514,0.020095307,0.011301270,-0.557658378,0.119567813,-4.050589292,-450.000000000,19.435058876,0.115218372,-0.019964330,-9.202606841,115.813299033,-113.788004387,109.186700967,-111.211995613,-9.717529438,-9.717529438
1786024396.871994257,28.850485271,0.000000000,TARGET_UPDATED,0,0.050098446,0.000000000,-6.000000008,0.000000000,-0.029863727,-2.292919687,-0.078123804,0.029863727,-3.707080321,0.078123804,-0.318161876,-2.981646809,0.149291045,-0.321737396,-2.424887690,0.028204058,0.003575519,-0.556759119,0.121086988,-4.777678284,-450.000000000,19.547219439,0.114475993,-0.010722841,-9.247101552,116.006194959,-113.617355817,108.993805041,-111.382644183,-9.773609720,-9.773609720
1786024396.921927214,28.900418267,0.000000000,NONE,0,0.049912407,0.000000000,-6.000000008,0.000000000,-0.031955812,-2.415213926,-0.078021759,0.031955812,-3.584786082,0.078021759,-0.314360002,-2.981704820,0.155919190,-0.320127761,-2.424998134,0.033332663,0.005767759,-0.556706686,0.122586527,-4.333149126,-450.000000000,19.654966133,0.114155626,-0.002806882,-9.312027378,115.911294126,-113.744719563,109.088705874,-111.255280437,-9.827483067,-9.827483067
1786024396.971956968,28.950447979,0.000000000,NONE,0,0.050048022,0.000000000,-6.000000008,0.000000000,-0.034016213,-2.537509074,-0.077965184,0.034016213,-3.462490934,0.077965184,-0.311465219,-2.981812286,0.159567202,-0.319013270,-2.425068965,0.035783935,0.007548051,-0.556743321,0.123783266,-4.148070461,-450.000000000,19.735703809,0.114176642,0.003188166,-9.385087762,115.883289556,-113.809254325,109.116710444,-111.190745675,-9.867851904,-9.867851904
1786024397.021884918,29.000375908,0.000000000,NONE,0,0.049903007,0.000000000,-6.000000008,0.000000000,-0.036002214,-2.659801169,-0.077953415,0.036002214,-3.340198839,0.077953415,-0.309194683,-2.982011913,0.160238106,-0.317972599,-2.425096861,0.035857078,0.008777916,-0.556915052,0.124381028,-4.017759709,-450.000000000,19.768717225,0.114435869,0.006957443,-9.454940051,115.868174940,-113.859295085,109.131825060,-111.140704915,-9.884358613,-9.884358613
1786024397.071872950,29.050364035,0.000000000,NONE,0,0.050010816,0.000000000,-6.000000008,0.000000000,-0.037898621,-2.782087206,-0.077974904,0.037898621,-3.217912802,0.077974904,-0.307217840,-2.982337769,0.157983611,-0.317011715,-2.425069779,0.033745833,0.009793875,-0.557267990,0.124237778,-3.902757602,-450.000000000,19.746953497,0.114821430,0.008483846,-9.512533609,115.853822803,-113.902444002,109.146177197,-111.097555998,-9.873476749,-9.873476749
1786024397.121890783,29.100381795,0.000000000,NONE,0,0.050004951,0.000000000,-6.000000008,0.000000000,-0.039694674,-2.904362512,-0.078016150,0.039694674,-3.095637496,0.078016150,-0.305223649,-2.982797350,0.153144250,-0.315907893,-2.424976209,0.029693612,0.010684244,-0.557821141,0.123450638,-3.793315075,-450.000000000,19.682063491,0.115229857,0.008088376,-9.552777182,115.836523064,-113.939865527,109.163476936,-111.060134473,-9.841031746,-9.841031746
1786024397.171880722,29.150371821,0.000000000,NONE,0,0.050005870,0.000000000,-6.000000008,0.000000000,-0.041380894,-3.026621645,-0.078067094,0.041380894,-2.973378363,0.078067094,-0.302975045,-2.983370999,0.146342623,-0.314485491,-2.424821791,0.024114030,0.011510446,-0.558549208,0.122228593,-3.679498442,-450.000000000,19.590879595,0.115583703,0.006388629,-9.575647123,115.813786391,-113.974037170,109.186213609,-111.025962830,-9.795439798,-9.795439798
1786024397.221875429,29.200366431,0.000000000,NONE,0,0.049975467,0.000000000,-6.000000008,0.000000000,-0.042947310,-3.148859506,-0.078122268,0.042947310,-2.851140502,0.078122268,-0.300312374,-2.984026024,0.138322504,-0.312598707,-2.424624122,0.017526379,0.012286333,-0.559401902,0.120796125,-3.557004935,-450.000000000,19.489399825,0.115832222,0.003929450,-9.582514407,115.784879836,-114.006377368,109.215120164,-110.993622632,-9.744699912,-9.744699912
1786024397.272054195,29.250545255,0.000000000,TARGET_UPDATED,0,0.050091949,0.000000000,-7.000000008,0.000000000,-0.044382707,-3.271071922,-0.078179900,0.044382707,-3.728928086,0.078179900,-0.310162321,-2.983397618,0.129962317,-0.310156604,-2.424404677,0.010471577,-0.000005717,-0.558992941,0.119490740,-4.842295730,-450.000000000,19.403619351,0.115949996,0.001207013,-9.576328293,116.104656006,-113.683508141,108.895343994,-111.316491859,-9.701809676,-9.701809676
1786024397.321898699,29.300389735,0.000000000,NONE,0,0.049947034,0.000000000,-7.000000008,0.000000000,-0.045783893,-3.393268567,-0.078239598,0.045783893,-3.606731441,0.078239598,-0.307875103,-2.983991965,0.121565223,-0.311223857,-2.424183902,0.003490532,0.003348754,-0.559808063,0.118074691,-4.260959390,-450.000000000,19.305153402,0.115933860,-0.001374562,-9.560802745,115.955440534,-113.824960839,109.044559466,-111.175039161,-9.652576701,-9.652576701
1786024397.371870279,29.350361325,0.000000000,NONE,0,0.049988279,0.000000000,-7.000000008,0.000000000,-0.047220365,-3.515456877,-0.078300821,0.047220365,-3.484543131,0.078300822,-0.305086929,-2.984588680,0.113785626,-0.310714467,-2.423975571,-0.003059281,0.005627538,-0.560613109,0.116844907,-4.064137182,-450.000000000,19.225738524,0.115798095,-0.003509799,-9.540166241,115.901075856,-113.869007265,109.098924144,-111.130992735,-9.612869262,-9.612869262
1786024397.421881437,29.400372317,0.000000000,NONE,0,0.049977069,0.000000000,-7.000000008,0.000000000,-0.048615115,-3.637628130,-0.078361347,0.048615115,-3.362371878,0.078361347,-0.301908867,-2.985165439,0.107025543,-0.309016051,-2.423792373,-0.008755855,0.007107184,-0.561373065,0.115781398,-3.899135874,-450.000000000,19.157507564,0.115569511,-0.005020768,-9.518321494,115.854364342,-113.904796405,109.145635658,-111.095203595,-9.578753782,-9.578753782
1786024397.471940279,29.450431349,0.000000000,NONE,0,0.050043963,0.000000000,-7.000000008,0.000000000,-0.049935314,-3.759779333,-0.078415338,0.049935314,-3.240220675,0.078415338,-0.298439749,-2.985707884,0.101574209,-0.306576959,-2.423641255,-0.013285416,0.008137210,-0.562066629,0.114859625,-3.746802125,-450.000000000,19.098718202,0.115281294,-0.005854930,-9.498460843,115.811315742,-113.937914679,109.188684258,-111.062085321,-9.549359101,-9.549359101
1786024397.521893978,29.500384757,0.000000000,NONE,0,0.049983117,0.000000000,-7.000000008,0.000000000,-0.051155093,-3.881908746,-0.078456450,0.051155093,-3.118091262,0.078456450,-0.294775758,-2.986205705,0.097634117,-0.303587249,-2.423526692,-0.016479805,0.008811490,-0.562679013,0.114113921,-3.609530383,-450.000000000,19.052870940,0.114967071,-0.006063186,-9.482733269,115.773065913,-113.968300721,109.226934087,-111.031699279,-9.526435470,-9.526435470
1786024397.571907043,29.550398045,0.000000000,NONE,0,0.049999086,0.000000000,-7.000000008,0.000000000,-0.052253310,-4.004015533,-0.078480669,0.052253310,-2.995984475,0.078480669,-0.290998566,-2.986651753,0.095338216,-0.300216152,-2.423451238,-0.018273413,0.009217585,-0.563200515,0.113611629,-3.484752797,-450.000000000,19.025423808,0.114656319,-0.005766780,-9.472302582,115.739263845,-113.996887446,109.260736155,-111.003112554,-9.512711904,-9.512711904
1786024397.621880531,29.600371453,0.000000000,NONE,0,0.049980761,0.000000000,-7.000000008,0.000000000,-0.053213172,-4.126099647,-0.078487229,0.053213172,-2.873900361,0.078487229,-0.287166653,-2.987041422,0.094759738,-0.296601655,-2.423416295,-0.018657919,0.009435002,-0.563625127,0.113417657,-3.369556318,-450.000000000,19.020845247,0.114371418,-0.005124950,-9.467361510,115.709229457,-114.024451298,109.290770543,-110.975548702,-9.510422623,-9.510422623
1786024397.671894550,29.650385409,0.000000000,NONE,0,0.050021897,0.000000000,-7.000000008,0.000000000,-0.053872068,-4.223750997,-0.078480900,0.053872068,-2.776249011,0.078480900,-0.284084435,-2.987311156,0.095532247,-0.293577266,-2.423419517,-0.017969590,0.009492831,-0.563891639,0.113501837,-3.285049156,-450.000000000,19.035140367,0.114171846,-0.004470536,-9.469362045,115.688602800,-114.046078222,109.311397200,-110.953921778,-9.517570183,-9.517570183
1786024397.721957684,29.700448566,0.000000000,TARGET_UPDATED,0,0.050067328,0.000000000,-8.000000008,0.000000000,-0.054551598,-4.345796453,-0.078461236,0.054551598,-3.654203555,0.078461236,-0.297002200,-2.985977685,0.097868934,-0.289795357,-2.423463870,-0.015982743,-0.007206843,-0.562513815,0.113851678,-4.979994803,-450.000000000,19.067783917,0.113961964,-0.003668060,-9.472007833,116.113000659,-113.623003257,108.886999341,-111.376996743,-9.533891958,-9.533891958
1786024397.771883726,29.750374883,0.000000000,NONE,0,0.049923870,0.000000000,-8.000000008,0.000000000,-0.055171725,-4.467835019,-0.078431784,0.055171725,-3.532164989,0.078431784,-0.294591511,-2.986094203,0.101480186,-0.290486214,-2.423548911,-0.012998122,-0.004105296,-0.562545292,0.114478308,-4.330301296,-450.000000000,19.120069911,0.113793121,-0.002940105,-9.477141934,115.951860807,-113.786710160,109.048139193,-111.213289840,-9.560034956,-9.560034956
1786024397.821876287,29.800367271,0.000000000,NONE,0,0.049989023,0.000000000,-8.000000008,0.000000000,-0.055869556,-4.589884520,-0.078394552,0.055869556,-3.410115488,0.078394552,-0.292048109,-2.986186255,0.105959367,-0.290806769,-2.423661840,-0.009305529,-0.001241341,-0.562524415,0.115264896,-4.092151225,-450.000000000,19.181195633,0.113659407,-0.002353507,-9.483674225,115.893956363,-113.847880750,109.106043637,-111.152119250,-9.590597817,-9.590597817
1786024397.871899366,29.850390415,0.000000000,NONE,0,0.050036351,0.000000000,-8.000000008,0.000000000,-0.056555840,-4.711936523,-0.078351518,0.056555840,-3.288063485,0.078351518,-0.289392794,-2.986262680,0.110903901,-0.289950214,-2.423793298,-0.005220073,0.000557420,-0.562469382,0.116123974,-3.931903240,-450.000000000,19.245670147,0.113552088,-0.001956643,-9.490420814,115.855581014,-113.889629393,109.144418986,-111.110370607,-9.622835073,-9.622835073
1786024397.921957493,29.900448277,0.000000000,NONE,0,0.049985954,0.000000000,-8.000000008,0.000000000,-0.057192760,-4.833987928,-0.078304608,0.057192760,-3.166012080,0.078304608,-0.286604894,-2.986338306,0.115919304,-0.288532697,-2.423932283,-0.001066737,0.001927803,-0.562406023,0.116986042,-3.781561181,-450.000000000,19.309015805,0.113460211,-0.001765328,-9.496326641,115.819471956,-113.928691365,109.180528044,-111.071308635,-9.654507903,-9.654507903
1786024397.971886635,29.950377500,0.000000000,NONE,0,0.049995405,0.000000000,-8.000000008,0.000000000,-0.057756622,-4.956036633,-0.078256471,0.057756622,-3.043963375,0.078256471,-0.283655160,-2.986429277,0.120661058,-0.286699860,-2.424069400,0.002851766,0.003044700,-0.562359877,0.117809293,-3.639302502,-450.000000000,19.368808693,0.113372955,-0.001757484,-9.500760825,115.785015832,-113.965364581,109.214984168,-111.034635419,-9.684404347,-9.684404347
1786024398.021965265,30.000456140,0.000000000,NONE,0,0.049964843,0.000000000,-8.000000008,0.000000000,-0.058229221,-5.078080531,-0.078210533,0.058229221,-2.921919477,0.078210533,-0.280515895,-2.986550966,0.124848536,-0.284530853,-2.424196714,0.006283326,0.004014958,-0.562354252,0.118565210,-3.499419720,-450.000000000,19.423347426,0.113281057,-0.001894060,-9.503363405,115.750695781,-114.000985921,109.249304219,-110.999014079,-9.711673713,-9.711673713
1786024398.071841240,30.050332201,0.000000000,NONE,0,0.049998494,0.000000000,-8.000000008,0.000000000,-0.058531465,-5.175710634,-0.078177586,0.058531465,-2.824289375,0.078177586,-0.277852960,-2.986679461,0.127651612,-0.282554197,-2.424286943,0.008571805,0.004701237,-0.562392518,0.119079806,-3.392886887,-450.000000000,19.457509292,0.113199483,-0.002077852,-9.506319148,115.724801509,-114.028358065,109.275198491,-110.971641935,-9.728754646,-9.728754646
1786024398.121969700,30.100460576,0.000000000,TARGET_UPDATED,0,0.050122214,0.000000000,-9.000000008,0.000000000,-0.058807460,-5.297740263,-0.078145144,0.058807460,-3.702259746,0.078145144,-0.291866108,-2.985229935,0.130216748,-0.279982121,-2.424380602,0.010666595,-0.011883987,-0.560849333,0.119550153,-5.113769465,-450.000000000,19.492521359,0.113083194,-0.002388695,-9.505243591,116.154753264,-113.597868531,108.845246736,-111.402131469,-9.746260680,-9.746260680
1786024398.171876192,30.150367136,0.000000000,NONE,0,0.049906443,0.000000000,-9.000000008,0.000000000,-0.059085770,-5.419772735,-0.078125082,0.059085770,-3.580227273,0.078125082,-0.289499241,-2.985387408,0.131852766,-0.282129067,-2.424449837,0.011879997,-0.007370174,-0.560937571,0.119972768,-4.356141633,-450.000000000,19.524182327,0.112948635,-0.002714134,-9.502498169,115.964659951,-113.786589134,109.035340049,-111.213410866,-9.762091163,-9.762091163
1786024398.221873045,30.200364212,0.000000000,NONE,0,0.049970169,0.000000000,-9.000000008,0.000000000,-0.059402625,-5.517409972,-0.078116870,0.059402625,-3.482590036,0.078116870,-0.287388457,-2.985568491,0.132358282,-0.283053327,-2.424482457,0.012236846,-0.004335130,-0.561086033,0.120121436,-4.145766920,-450.000000000,19.532097276,0.112829890,-0.002920039,-9.502215760,115.911995670,-113.839112210,109.088004330,-111.160887790,-9.766048638,-9.766048638
1786024398.271901608,30.250392568,0.000000000,NONE,0,0.050052028,0.000000000,-9.000000008,0.000000000,-0.059836252,-5.639459830,-0.078115575,0.059836252,-3.360540178,0.078115575,-0.284533727,-2.985858564,0.131980270,-0.283276393,-2.424494670,0.011865525,-0.001257334,-0.561363894,0.120114744,-3.882489895,-450.000000000,19.531526025,0.112669841,-0.003167688,-9.498214045,115.845175985,-113.903931037,109.154824015,-111.096068963,-9.765763013,-9.765763013
1786024398.321826935,30.300317809,0.000000000,NONE,0,0.049918823,0.000000000,-9.000000008,0.000000000,-0.060277697,-5.761507570,-0.078123484,0.060277697,-3.238492438,0.078123484,-0.281461553,-2.986213126,0.130548594,-0.282706952,-2.424472056,0.010660625,0.001245399,-0.561741070,0.119887969,-3.660700870,-450.000000000,19.514234898,0.112499483,-0.003332363,-9.494170393,115.788717816,-113.958367381,109.211282184,-111.041632619,-9.757117449,-9.757117449
1786024398.371877432,30.350368486,0.000000000,NONE,0,0.050052347,0.000000000,-9.000000008,0.000000000,-0.060691839,-5.883547258,-0.078139085,0.060691839,-3.116452750,0.078139085,-0.278208482,-2.986619373,0.128228792,-0.281501591,-2.424416041,0.008743784,0.003293109,-0.562203332,0.119485008,-3.460127903,-450.000000000,19.485509978,0.112325274,-0.003379031,-9.491011254,115.737784789,-114.007720838,109.262215211,-110.992279162,-9.742754989,-9.742754989
1786024398.421877146,30.400368316,0.000000000,NONE,0,0.049983493,0.000000000,-9.000000008,0.000000000,-0.061054049,-6.005574561,-0.078161251,0.061054049,-2.994425447,0.078161251,-0.274801692,-2.987062167,0.125256940,-0.279855179,-2.424332439,0.006298117,0.005053488,-0.562729728,0.118958822,-3.270196774,-450.000000000,19.449173566,0.112153035,-0.003331265,-9.488921370,115.689779536,-114.054681149,109.310220464,-110.945318851,-9.724586783,-9.724586783
1786024398.471862555,30.450353496,0.000000000,NONE,0,0.050015724,0.000000000,-9.000000008,0.000000000,-0.061344941,-6.127586305,-0.078188707,0.061344941,-2.872413703,0.078188707,-0.271259202,-2.987526211,0.121905291,-0.277858500,-2.424229840,0.003546821,0.006599298,-0.563296371,0.118358470,-3.089316011,-450.000000000,19.408632723,0.111987002,-0.003217327,-9.487980377,115.644324097,-114.099666091,109.355675903,-110.900333909,-9.704316361,-9.704316361
1786024398.521889687,30.500380728,0.000000000,NONE,0,0.050010971,0.000000000,-9.000000008,0.000000000,-0.061548176,-6.249580259,-0.078219777,0.061548176,-2.750419749,0.078219777,-0.267590204,-2.987997880,0.118449989,-0.275573226,-2.424117936,0.000722647,0.007983023,-0.563879944,0.117727342,-2.915017847,-450.000000000,19.366781047,0.111829603,-0.003068293,-9.488064214,115.600770515,-114.143261592,109.399229485,-110.856738408,-9.683390523,-9.683390523
1786024398.571939230,30.550430330,0.000000000,TARGET_UPDATED,0,0.050067312,0.000000000,-10.000000008,0.000000000,-0.061649580,-6.371554971,-0.078252322,0.061649580,-3.628445037,0.078252322,-0.283098273,-2.986695978,0.115239800,-0.273038832,-2.424006159,-0.001955914,-0.010059441,-0.562689819,0.117195714,-4.793249887,-450.000000000,19.334502488,0.111681472,-0.002912935,-9.488950507,116.070550098,-113.673925155,108.929449902,-111.326074845,-9.667251244,-9.667251244
1786024398.621866941,30.600358046,0.000000000,NONE,0,0.049901429,0.000000000,-10.000000008,0.000000000,-0.061775809,-6.493525248,-0.078283620,0.061775809,-3.506474760,0.078283620,-0.280699575,-2.987036270,0.112297832,-0.275822753,-2.423904049,-0.004294041,-0.004876822,-0.563132220,0.116591873,-3.953678852,-450.000000000,19.293660245,0.111541521,-0.002777198,-9.490243939,115.860980698,-113.884141272,109.139019302,-111.115858728,-9.646830123,-9.646830123
1786024398.672136307,30.650627234,0.000000000,NONE,0,0.050033811,0.000000000,-10.000000008,0.000000000,-0.062060439,-6.615506757,-0.078310835,0.062060439,-3.384493251,0.078310835,-0.278083776,-2.987372887,0.109867950,-0.277464499,-2.423815018,-0.006190118,-0.000619277,-0.563557870,0.116058068,-3.647277779,-450.000000000,19.260629052,0.111407517,-0.002669980,-9.491744105,115.784755471,-113.961116581,109.215244529,-111.038883419,-9.630314526,-9.630314526
1786024398.721890211,30.700381205,0.000000000,NONE,0,0.049995805,0.000000000,-10.000000008,0.000000000,-0.062390751,-6.737487853,-0.078331817,0.062390751,-3.262512155,0.078331817,-0.275311016,-2.987695291,0.108103681,-0.277605219,-2.423746088,-0.007529786,0.002294203,-0.563949204,0.115633467,-3.426031579,-450.000000000,19.235973781,0.111277286,-0.002598092,-9.493171269,115.729800712,-114.016784923,109.270199288,-110.983215077,-9.617986890,-9.617986890
1786024398.771821737,30.750312716,0.000000000,NONE,0,0.049933045,0.000000000,-10.000000008,0.000000000,-0.062718267,-6.859464187,-0.078345301,0.062718267,-3.140535821,0.078345301,-0.272395019,-2.987999358,0.107103975,-0.276929827,-2.423699880,-0.008245930,0.004534808,-0.564299477,0.115349905,-3.228695520,-450.000000000,19.221818196,0.111148639,-0.002562215,-9.494338304,115.680758456,-114.066410696,109.319241544,-110.933589304,-9.610909098,-9.610909098
1786024398.821854115,30.800345183,0.000000000,NONE,0,0.050018274,0.000000000,-10.000000008,0.000000000,-0.063008204,-6.981432991,-0.078350788,0.063008204,-3.018567017,0.078350788,-0.269340826,-2.988282995,0.106923641,-0.275608175,-2.423677951,-0.008303188,0.006267349,-0.564605044,0.115226829,-3.055890473,-450.000000000,19.219302810,0.111019861,-0.002555749,-9.495206729,115.637774300,-114.109829064,109.362225700,-110.890170936,-9.609651405,-9.609651405
1786024398.871850729,30.850341743,0.000000000,NONE,0,0.050017355,0.000000000,-10.000000008,0.000000000,-0.063232492,-7.103392282,-0.078348307,0.063232492,-2.896607726,0.078348307,-0.266149810,-2.988545604,0.107568489,-0.273768735,-2.423681270,-0.007700201,0.007618925,-0.564864334,0.115268690,-2.900706356,-450.000000000,19.228413398,0.110889924,-0.002569732,-9.495764817,115.599117793,-114.148764615,109.400882207,-110.851235385,-9.614206699,-9.614206699
1786024398.921799421,30.900290392,0.000000000,NONE,0,0.049947536,0.000000000,-10.000000008,0.000000000,-0.063368106,-7.225340678,-0.078338355,0.063368106,-2.774659330,0.078338355,-0.262820201,-2.988788756,0.108974000,-0.271498542,-2.423709559,-0.006490085,0.008678341,-0.565079198,0.115464085,-2.758716422,-450.000000000,19.248049640,0.110758424,-0.002595933,-9.496047028,115.563690863,-114.184332651,109.436309137,-110.815667349,-9.624024820,-9.624024820
1786024398.971943855,30.950434901,0.000000000,TARGET_UPDATED,0,0.050150175,0.000000000,-11.000000008,0.000000000,-0.063395740,-7.347277169,-0.078321756,0.063395740,-3.652722839,0.078321756,-0.278887276,-2.987253186,0.111096625,-0.268864741,-2.423759748,-0.004780892,-0.010022535,-0.563493438,0.115877517,-4.690329761,-450.000000000,19.284227396,0.110625439,-0.002627228,-9.496191039,116.046630200,-113.701465319,108.953369800,-111.298534681,-9.642113698,-9.642113698
1786024399.021876574,31.000367379,0.000000000,NONE,0,0.049910962,0.000000000,-11.000000008,0.000000000,-0.063447680,-7.469218448,-0.078299493,0.063447680,-3.530781560,0.078299493,-0.276805815,-2.987355040,0.113502125,-0.271718919,-2.423837214,-0.002737489,-0.005086896,-0.563517825,0.116239614,-3.867354689,-450.000000000,19.311485981,0.110504797,-0.002364682,-9.500195940,115.841887657,-113.908210313,109.158112343,-111.091789687,-9.655742990,-9.655742990
1786024399.071871758,31.050362716,0.000000000,NONE,0,0.050011190,0.000000000,-11.000000008,0.000000000,-0.063640603,-7.591176590,-0.078272687,0.063640603,-3.408823418,0.078272687,-0.274484984,-2.987467258,0.116113128,-0.272989397,-2.423906175,-0.000570379,-0.001495587,-0.563561082,0.116683508,-3.617956968,-450.000000000,19.347097334,0.110381391,-0.002504859,-9.499962272,115.779479810,-113.970501326,109.220520190,-111.029498674,-9.673548667,-9.673548667
1786024399.121904373,31.100395464,0.000000000,NONE,0,0.050021548,0.000000000,-11.000000008,0.000000000,-0.063864154,-7.713140307,-0.078243662,0.063864154,-3.286859701,0.078243662,-0.271970704,-2.987592721,0.118727961,-0.272881258,-2.423988020,0.001560684,0.000910554,-0.563604701,0.117167277,-3.431730821,-450.000000000,19.384686951,0.110251412,-0.002656243,-9.499080046,115.732702717,-114.016837306,109.267297283,-110.983162694,-9.692343475,-9.692343475
1786024399.171898603,31.150389664,0.000000000,NONE,0,0.049996607,0.000000000,-11.000000008,0.000000000,-0.064073385,-7.835104876,-0.078214523,0.064073385,-3.164895132,0.078214523,-0.269277349,-2.987737289,0.121161069,-0.271978436,-2.424070866,0.003509706,0.002701087,-0.563666422,0.117651363,-3.266978412,-450.000000000,19.421525211,0.110115730,-0.002783923,-9.497959473,115.691234471,-114.057745265,109.308765529,-110.942254735,-9.710762606,-9.710762606
1786024399.222144604,31.200635433,0.000000000,NONE,0,0.050007050,0.000000000,-11.000000008,0.000000000,-0.064234963,-7.957066440,-0.078187385,0.064234963,-3.042933568,0.078187385,-0.266413829,-2.987906859,0.123252275,-0.270450039,-2.424147853,0.005149203,0.004036210,-0.563759006,0.118103072,-3.122707942,-450.000000000,19.455448408,0.109975578,-0.002879766,-9.496788026,115.654873992,-114.093520021,109.345126008,-110.906479979,-9.727724204,-9.727724204
1786024399.271880865,31.250371942,0.000000000,NONE,0,0.049979229,0.000000000,-11.000000008,0.000000000,-0.064322458,-8.079021611,-0.078164110,0.064322458,-2.920978397,0.078164110,-0.263385483,-2.988106682,0.124872758,-0.268432888,-2.424214001,0.006382427,0.005047405,-0.563892681,0.118490331,-2.991839038,-450.000000000,19.484233035,0.109832180,-0.002942387,-9.495668613,115.621876913,-114.125957394,109.378123087,-110.874042606,-9.742116517,-9.742116517
1786024399.322023392,31.300514326,0.000000000,NONE,0,0.050011947,0.000000000,-11.000000008,0.000000000,-0.064314469,-8.200967325,-0.078145797,0.064314469,-2.799032683,0.078145797,-0.260194859,-2.988340856,0.125927694,-0.266018163,-2.424265463,0.007148341,0.005823303,-0.564075393,0.118779353,-2.870165346,-450.000000000,19.505465455,0.109686699,-0.002972580,-9.494699464,115.591216203,-114.156133530,109.408783797,-110.843866470,-9.752732727,-9.752732727
1786024399.372152567,31.350643576,0.000000000,TARGET_UPDATED,0,0.050070387,0.000000000,-12.000000008,0.000000000,-0.064228401,-8.298515298,-0.078135379,0.064228401,-3.701484710,0.078135379,-0.276709206,-2.986842951,0.126244853,-0.263849001,-2.424294098,0.007395172,-0.012860205,-0.562548853,0.118849681,-4.803132395,-450.000000000,19.508989321,0.109569453,-0.002976410,-9.496253868,116.074846566,-113.673280368,108.925153434,-111.326719632,-9.754494660,-9.754494660
1786024399.422071218,31.400562287,0.000000000,NONE,0,0.050136634,0.000000000,-12.000000008,0.000000000,-0.064126756,-8.420450341,-0.078128475,0.064126756,-3.579549667,0.078128476,-0.274648684,-2.987038625,0.126105059,-0.265962726,-2.424314196,0.007160564,-0.008685958,-0.562724429,0.118944495,-4.042296922,-450.000000000,19.519094587,0.109421470,-0.003018014,-9.494971266,115.884317047,-113.863168586,109.115682953,-111.136831414,-9.759547293,-9.759547293
1786024399.471853971,31.450345205,0.000000000,NONE,0,0.049765613,0.000000000,-12.000000008,0.000000000,-0.064187085,-8.542401411,-0.078128579,0.064187085,-3.457598597,0.078128579,-0.272311295,-2.987286846,0.125291757,-0.267822340,-2.424311972,0.006378597,-0.004488955,-0.562974874,0.118913159,-3.728522577,-450.000000000,19.517339182,0.109270869,-0.003050997,-9.493469165,115.805497936,-113.941236647,109.194502064,-111.058763353,-9.758669591,-9.758669591
1786024399.521849155,31.500340074,0.000000000,NONE,0,0.050002099,0.000000000,-12.000000008,0.000000000,-0.064297673,-8.664355084,-0.078134419,0.064297673,-3.335644924,0.078134419,-0.269763911,-2.987576679,0.123892060,-0.267943578,-2.424289074,0.005143983,-0.001820332,-0.563287605,0.118748077,-3.533542364,-450.000000000,19.506080398,0.109119189,-0.003042993,-9.492327188,115.756467388,-113.989696206,109.243532612,-111.010303794,-9.753040199,-9.753040199
1786024399.571954966,31.550445939,0.000000000,NONE,0,0.050025169,0.000000000,-12.000000008,0.000000000,-0.064406089,-8.786304585,-0.078145102,0.064406089,-3.213695423,0.078145102,-0.267035147,-2.987899057,0.122030470,-0.267250666,-2.424247042,0.003546196,0.000215519,-0.563652014,0.118484274,-3.354182480,-450.000000000,19.488605909,0.108968345,-0.003000993,-9.491581970,115.711441113,-114.034349873,109.288558887,-110.965650127,-9.744302954,-9.744302954
1786024399.621921539,31.600412559,0.000000000,NONE,0,0.050015070,0.000000000,-12.000000008,0.000000000,-0.064481119,-8.908245707,-0.078159957,0.064481119,-3.091754301,0.078159957,-0.264138566,-2.988244994,0.119866071,-0.265994456,-2.424189737,0.001713633,0.001855889,-0.564055257,0.118152438,-3.190215721,-450.000000000,19.466970723,0.108819857,-0.002937613,-9.491222054,115.670359444,-114.075251583,109.329640556,-110.924748417,-9.733485362,-9.733485362
1786024399.671863794,31.650354869,0.000000000,NONE,0,0.049970483,0.000000000,-12.000000008,0.000000000,-0.064498903,-9.030175345,-0.078178068,0.064498903,-2.969824663,0.078178068,-0.261082503,-2.988605659,0.117574307,-0.264315790,-2.424122353,-0.000203852,0.003233287,-0.564483306,0.117778159,-3.036153839,-450.000000000,19.442858687,0.108674795,-0.002864192,-9.491212337,115.631841544,-114.113764624,109.368158456,-110.886235376,-9.721429344,-9.721429344
1786024399.721953392,31.700444129,0.000000000,NONE,0,0.049997544,0.000000000,-12.000000008,0.000000000,-0.064441036,-9.152091303,-0.078198193,0.064441036,-2.847908705,0.078198193,-0.257870934,-2.988973110,0.115329895,-0.262313185,-2.424050597,-0.002056066,0.004442251,-0.564922513,0.117385961,-2.887382192,-450.000000000,19.417984962,0.108533771,-0.002790008,-9.491525108,115.594726825,-114.151035729,109.405273175,-110.848964271,-9.708992481,-9.708992481
1786024399.771973848,31.750464850,0.000000000,TARGET_UPDATED,0,0.050113381,0.000000000,-13.000000008,0.000000000,-0.064292617,-9.273992055,-0.078218802,0.064292617,-3.726007953,0.078218802,-0.273412132,-2.987672852,0.113237122,-0.260046945,-2.423980059,-0.003704964,-0.013365187,-0.563692792,0.116942086,-4.729570068,-450.000000000,19.388830851,0.108396903,-0.002723376,-9.492106219,116.055419072,-113.690634038,108.944580928,-111.309365962,-9.694415426,-9.694415426
1786024399.821818113,31.800309164,0.000000000,NONE,0,0.049828980,0.000000000,-13.000000008,0.000000000,-0.064189941,-9.395892817,-0.078238105,0.064189941,-3.604107191,0.078238105,-0.271248565,-2.987935769,0.111520205,-0.263233405,-2.423916996,-0.005083224,-0.008015160,-0.564018774,0.116603428,-3.889842220,-450.000000000,19.370090905,0.108263591,-0.002673857,-9.492725804,115.845642006,-113.900720896,109.154357994,-111.099279104,-9.685045452,-9.685045452
1786024399.871993303,31.850484278,0.000000000,NONE,0,0.050099036,0.000000000,-13.000000008,0.000000000,-0.064246503,-9.517806305,-0.078254387,0.064246503,-3.482193703,0.078254387,-0.268842015,-2.988202124,0.110229188,-0.264884858,-2.423862447,-0.006075802,-0.003957156,-0.564339676,0.116304990,-3.610825446,-450.000000000,19.352953038,0.108132837,-0.002637956,-9.493459244,115.776071173,-113.970658450,109.223928827,-111.029341550,-9.676476519,-9.676476519
1786024399.922029734,31.900520749,0.000000000,NONE,0,0.050067306,0.000000000,-13.000000008,0.000000000,-0.064330768,-9.615338449,-0.078264219,0.064330768,-3.384661560,0.078264219,-0.266785952,-2.988411340,0.109566482,-0.265168153,-2.423828741,-0.006550450,-0.001617798,-0.564582599,0.116116932,-3.452243880,-450.000000000,19.344896703,0.108029403,-0.002622024,-9.496161277,115.737101289,-114.010979349,109.262898711,-110.989020651,-9.672448351,-9.672448351
1786024399.971938133,31.950429081,0.000000000,NONE,0,0.049932753,0.000000000,-13.000000008,0.000000000,-0.064450976,-9.737252215,-0.078271482,0.064450976,-3.262747793,0.078271482,-0.264062540,-2.988665345,0.109246895,-0.265016804,-2.423800492,-0.006694507,0.000954264,-0.564864853,0.115941402,-3.224143085,-450.000000000,19.335745009,0.107899972,-0.002659032,-9.496212194,115.680088820,-114.068017277,109.319911180,-110.931982723,-9.667872505,-9.667872505
1786024400.021887302,32.000378212,0.000000000,NONE,0,0.049950778,0.000000000,-13.000000008,0.000000000,-0.064561781,-9.859162280,-0.078272666,0.064561781,-3.140837728,0.078272667,-0.261169245,-2.988909853,0.109514325,-0.264237077,-2.423788857,-0.006361986,0.003067831,-0.565120996,0.115876311,-3.033956176,-450.000000000,19.336294910,0.107767758,-0.002714179,-9.495849782,115.632451490,-114.115473401,109.367548510,-110.884526599,-9.668147455,-9.668147455
1786024400.071891308,32.050382102,0.000000000,NONE,0,0.050020255,0.000000000,-13.000000008,0.000000000,-0.064632887,-9.981066123,-0.078268750,0.064632887,-3.018933885,0.078268750,-0.258118789,-2.989143616,0.110356831,-0.262911028,-2.423794243,-0.005573000,0.004792239,-0.565349372,0.115929831,-2.862643985,-450.000000000,19.345313836,0.107632957,-0.002754790,-9.495427284,115.589517817,-114.158195825,109.410482183,-110.841804175,-9.672656918,-9.672656918
1786024400.121857882,32.100348862,0.000000000,NONE,0,0.049981841,0.000000000,-13.000000008,0.000000000,-0.064641492,-10.102962071,-0.078260386,0.064641492,-2.897037937,0.078260387,-0.254919694,-2.989367267,0.111713211,-0.261165118,-2.423816027,-0.004368805,0.006245424,-0.565551240,0.116082016,-2.702401787,-450.000000000,19.360842596,0.107496286,-0.002776818,-9.495019062,115.549355212,-114.198154319,109.450644788,-110.801845681,-9.680421298,-9.680421298
1786024400.171884060,32.150375002,0.000000000,NONE,0,0.050006995,0.000000000,-13.000000008,0.000000000,-0.064569724,-10.224848956,-0.078248032,0.064569724,-2.775151052,0.078248032,-0.251576094,-2.989583312,0.113478132,-0.259085256,-2.423852111,-0.002832417,0.007509162,-0.565731201,0.116310548,-2.549404671,-450.000000000,19.381273239,0.107358527,-0.002781635,-9.494687510,115.511023045,-114.236320710,109.488976955,-110.763679290,-9.690636619,-9.690636619
1786024400.221946478,32.200437265,0.000000000,TARGET_UPDATED,0,0.050078414,0.000000000,-14.000000008,0.000000000,-0.064402498,-10.346725825,-0.078232172,0.064402498,-3.653274183,0.078232172,-0.267937830,-2.988079149,0.115598139,-0.256718932,-2.423899307,-0.001076590,-0.011218897,-0.564179842,0.116674729,-4.478108328,-450.000000000,19.412389474,0.107220424,-0.002772659,-9.494467873,115.993144050,-113.754089886,109.006855950,-111.245910114,-9.706194737,-9.706194737
1786024400.271888733,32.250379668,0.000000000,NONE,0,0.049932570,0.000000000,-14.000000008,0.000000000,-0.064262019,-10.468606414,-0.078213374,0.064262019,-3.531393594,0.078213374,-0.265779934,-2.988187568,0.117728847,-0.259596952,-2.423955131,0.000767191,-0.006182981,-0.564232437,0.116961656,-3.646337389,-450.000000000,19.433868584,0.107082478,-0.002758070,-9.494271856,115.785152311,-113.961983617,109.214847689,-111.038016383,-9.716934292,-9.716934292
1786024400.321946859,32.300437843,0.000000000,NONE,0,0.050027472,0.000000000,-14.000000008,0.000000000,-0.064292933,-10.590506494,-0.078192689,0.064292933,-3.409493514,0.078192689,-0.263386192,-2.988316632,0.119783717,-0.261520661,-2.424012276,0.002515213,-0.001865531,-0.564304355,0.117268504,-3.341463411,-450.000000000,19.458668602,0.106945159,-0.002737792,-9.494189569,115.708913245,-114.038181539,109.291086755,-110.961818461,-9.729334301,-9.729334301
1786024400.371948719,32.350439916,0.000000000,NONE,0,0.050015410,0.000000000,-14.000000008,0.000000000,-0.064380073,-10.712413789,-0.078171956,0.064380073,-3.287586219,0.078171956,-0.260825038,-2.988465114,0.121638759,-0.261849636,-2.424069109,0.004056571,0.001024598,-0.564396004,0.117582188,-3.132499862,-450.000000000,19.483705033,0.106809038,-0.002715257,-9.494209414,115.656677319,-114.090427388,109.343322681,-110.909572612,-9.741852517,-9.741852517
1786024400.421979904,32.400470895,0.000000000,NONE,0,0.049969210,0.000000000,-14.000000008,0.000000000,-0.064473438,-10.834322827,-0.078152891,0.064473438,-3.165677181,0.078152891,-0.258117249,-2.988636052,0.123177731,-0.261350762,-2.424121456,0.005301996,0.003233514,-0.564514596,0.117875735,-2.946429953,-450.000000000,19.506801271,0.106674317,-0.002694871,-9.494296461,115.610181604,-114.136966627,109.389818396,-110.863033373,-9.753400636,-9.753400636
1786024400.471873760,32.450364731,0.000000000,NONE,0,0.049974346,0.000000000,-14.000000008,0.000000000,-0.064538365,-10.956229588,-0.078136841,0.064538365,-3.043770420,0.078136841,-0.255271604,-2.988832699,0.124308408,-0.260209021,-2.424165982,0.006183851,0.004937418,-0.564666717,0.118124557,-2.784490090,-450.000000000,19.526274859,0.106540903,-0.002679550,-9.494425190,115.569728820,-114.177483775,109.430271180,-110.822516225,-9.763137430,-9.763137430
1786024400.521923780,32.500414834,0.000000000,NONE,0,0.050033696,0.000000000,-14.000000008,0.000000000,-0.064546395,-11.078130545,-0.078124673,0.064546395,-2.921869463,0.078124673,-0.252291725,-2.989057580,0.124965841,-0.258544508,-2.424199975,0.006658734,0.006252784,-0.564857606,0.118307107,-2.641066078,-450.000000000,19.540682556,0.106408467,-0.002671103,-9.494562788,115.533907217,-114.213374177,109.466092783,-110.786625823,-9.770341278,-9.770341278
1786024400.571901321,32.550392506,0.000000000,NONE,0,0.049980008,0.000000000,-14.000000008,0.000000000,-0.064474144,-11.200022583,-0.078116730,0.064474144,-2.799977425,0.078116730,-0.249176794,-2.989312202,0.125113887,-0.256446753,-2.424221371,0.006707356,0.007269959,-0.565090832,0.118406531,-2.511275950,-450.000000000,19.548941949,0.106276514,-0.002670274,-9.494638194,115.501478536,-114.245840561,109.498521464,-110.754159439,-9.774470975,-9.774470975
1786024400.621939421,32.600430558,0.000000000,TARGET_UPDATED,0,0.050065191,0.000000000,-15.000000008,0.000000000,-0.064303391,-11.321903048,-0.078113162,0.064303391,-3.678096960,0.078113162,-0.265425527,-2.987927113,0.124778215,-0.254012496,-2.424228769,0.006327038,-0.011413032,-0.563698344,0.118451176,-4.424951549,-450.000000000,19.553934699,0.106144512,-0.002675562,-9.494653489,115.979901259,-113.767425485,109.020098741,-111.232574515,-9.776967350,-9.776967350
1786024400.671904325,32.650395248,0.000000000,NONE,0,0.049940705,0.000000000,-15.000000008,0.000000000,-0.064151657,-11.443783751,-0.078113793,0.064151657,-3.556216257,0.078113793,-0.263456168,-2.988139138,0.123872156,-0.256678177,-2.424222665,0.005525990,-0.006777991,-0.563916473,0.118346166,-3.631347488,-450.000000000,19.546544687,0.106012108,-0.002687983,-9.494525602,115.781468273,-113.965794528,109.218531727,-111.034205472,-9.773272344,-9.773272344
1786024400.721903563,32.700394505,0.000000000,NONE,0,0.050000022,0.000000000,-15.000000008,0.000000000,-0.064159524,-11.565678777,-0.078118369,0.064159524,-3.434321232,0.078118369,-0.261242207,-2.988389998,0.122508407,-0.258383659,-2.424200191,0.004326654,-0.002858548,-0.564189807,0.118181753,-3.355258194,-450.000000000,19.536804766,0.105879068,-0.002699906,-9.494351062,115.712402314,-114.034773217,109.287597686,-110.965226783,-9.768402383,-9.768402383
1786024400.771940708,32.750431560,0.000000000,NONE,0,0.050038295,0.000000000,-15.000000008,0.000000000,-0.064213668,-11.687575370,-0.078126815,0.064213668,-3.312424638,0.078126815,-0.258844498,-2.988668301,0.120809200,-0.258519244,-2.424165589,0.002842148,-0.000325254,-0.564502712,0.117967052,-3.171542419,-450.000000000,19.523724643,0.105745175,-0.002708368,-9.494137592,115.666420003,-114.080648793,109.333579997,-110.919351207,-9.761862322,-9.761862322
1786024400.821962357,32.800453247,0.000000000,NONE,0,0.049973187,0.000000000,-15.000000008,0.000000000,-0.064265653,-11.809467858,-0.078138446,0.064265653,-3.190532150,0.078138446,-0.256280007,-2.988966275,0.118906693,-0.257855027,-2.424121411,0.001195224,0.001575020,-0.564844864,0.117711468,-3.007068972,-450.000000000,19.507951342,0.105610472,-0.002711971,-9.493880752,115.625237431,-114.121702945,109.374762569,-110.878297055,-9.753975671,-9.753975671
1786024400.871946573,32.850437601,0.000000000,NONE,0,0.049996403,0.000000000,-15.000000008,0.000000000,-0.064281299,-11.931352291,-0.078152445,0.064281299,-3.068647717,0.078152445,-0.253557969,-2.989276734,0.116942386,-0.256554532,-2.424071296,-0.000493375,0.002996563,-0.565205438,0.117435761,-2.865090581,-450.000000000,19.491187383,0.105475264,-0.002708403,-9.493646574,115.589684289,-114.157138998,109.410315711,-110.842861002,-9.745593692,-9.745593692
1786024400.921812534,32.900303404,0.000000000,NONE,0,0.049910602,0.000000000,-15.000000008,0.000000000,-0.064234456,-12.053225789,-0.078167590,0.064234456,-2.946774219,0.078167590,-0.250683597,-2.989593284,0.115054845,-0.254786094,-2.424019232,-0.002096084,0.004102496,-0.565574052,0.117150928,-2.735765385,-450.000000000,19.473980294,0.105340032,-0.002697627,-9.493450926,115.557304078,-114.189421385,109.442695922,-110.810578615,-9.736990147,-9.736990147
1786024400.971936226,32.950427272,0.000000000,NONE,0,0.050104312,0.000000000,-15.000000008,0.000000000,-0.064105547,-12.175086374,-0.078182283,0.064105547,-2.824913634,0.078182283,-0.247658032,-2.989910640,0.113370731,-0.252664044,-2.423969102,-0.003500365,0.005006012,-0.565941538,0.116871095,-2.613627750,-450.000000000,19.457441716,0.105205329,-0.002680150,-9.493391943,115.526754923,-114.219941048,109.473245077,-110.780058952,-9.728720858,-9.728720858
1786024401.021967411,33.000458370,0.000000000,TARGET_UPDATED,0,0.050064988,0.000000000,-16.000000008,0.000000000,-0.063879167,-12.296932684,-0.078195005,0.063879167,-3.703067324,0.078195005,-0.263547851,-2.988606888,0.111932722,-0.250263509,-2.423924382,-0.004618226,-0.013284343,-0.564682506,0.116550948,-4.482246724,-450.000000000,19.437139333,0.105071659,-0.002658837,-9.493432243,115.993919742,-113.752796380,109.006080258,-111.247203620,-9.718569666,-9.718569666
1786024401.071988583,33.050479452,0.000000000,TARGET_UPDATED,0,0.050014747,0.000001637,-15.500000000,-0.123706089,-0.063697374,-12.418780159,-0.078204728,0.063699011,-3.081219841,-0.045501361,-0.252253909,-2.989223725,-0.074617879,-0.253433852,-2.423889208,-0.005444337,0.001179944,-0.565334518,-0.069173542,-2.681929335,-450.000000000,2.727695264,0.104939121,-0.002639151,-9.493523132,115.543863117,-114.202898449,109.456136883,-110.797101551,-1.363847632,-1.363847632
1786024401.121888876,33.100379759,0.000000000,NONE,0,0.049896054,0.000001637,-15.500000000,-0.123706089,-0.063595110,-12.540636406,-0.080028552,0.063596747,-2.959363594,-0.043677537,-0.249430890,-2.989452501,-0.072459367,-0.252023659,-2.423863092,-0.072893024,0.002592768,-0.565589410,0.000433657,-2.790418322,-450.000000000,12.708648752,0.104807826,-0.002616445,-9.493705562,115.571030971,-114.175821810,109.428969029,-110.824178190,-6.354324376,-6.354324376
1786024401.171895504,33.150386605,0.000000000,NONE,0,0.050004589,0.000001637,-15.500000000,-0.123706089,-0.063415008,-12.662487319,-0.084014926,0.063416645,-2.837512681,-0.039691163,-0.246509864,-2.989707602,-0.066527922,-0.250260598,-2.423878758,-0.084931275,0.003750734,-0.565828844,0.018403353,-2.656897743,-450.000000000,12.931304377,0.104678085,-0.002594893,-9.494010536,115.537727070,-114.209278198,109.462272930,-110.790721802,-6.465652188,-6.465652188
1786024401.221958637,33.200449610,0.000000000,TARGET_UPDATED,0,0.050057000,0.000001637,-16.500000000,-0.123706089,-0.063160135,-12.784328908,-0.087308667,0.063161772,-3.715671092,-0.036397422,-0.262154899,-2.988398121,-0.061091882,-0.248433886,-2.423922132,-0.059034113,-0.013721013,-0.564475989,-0.002057769,-4.457374382,-450.000000000,10.730856962,0.104549732,-0.002577185,-9.494386281,115.987940166,-113.759252975,109.012059834,-111.240747025,-5.365428481,-5.365428481
1786024401.271909475,33.250400362,0.000000000,NONE,0,0.049930783,0.000001637,-16.500000000,-0.123706089,-0.062967493,-12.906173832,-0.088942877,0.062969131,-3.593826168,-0.034763213,-0.260248775,-2.988591838,-0.057519400,-0.252014679,-2.423961013,-0.022647205,-0.008234096,-0.564630825,-0.034872195,-3.621935159,-450.000000000,8.184534678,0.104422140,-0.002568367,-9.494694839,115.779157500,-113.968189920,109.220842500,-111.031810080,-4.092267339,-4.092267339
1786024401.321980000,33.300470935,0.000000000,NONE,0,0.050063253,0.000001637,-16.500000000,-0.123706089,-0.062936324,-13.028032350,-0.088921298,0.062937961,-3.471967650,-0.034784791,-0.258088826,-2.988809680,-0.055940292,-0.253771415,-2.423978896,0.008361330,-0.004317411,-0.564830784,-0.064301622,-3.365289004,-450.000000000,6.192218629,0.104294676,-0.002563659,-9.494987455,115.715069115,-114.032424613,109.284930885,-110.967575387,-3.096109315,-3.096109315
1786024401.372020483,33.350511511,0.000000000,NONE,0,0.050007639,0.000001637,-16.500000000,-0.123706089,-0.062960143,-13.149894560,-0.087829738,0.062961781,-3.350105440,-0.035876351,-0.255749097,-2.989045504,-0.055636126,-0.254202537,-2.423986313,0.025001108,-0.001546560,-0.565059191,-0.080637235,-3.164550765,-450.000000000,5.307892027,0.104167030,-0.002564059,-9.495190136,115.664935225,-114.082659843,109.335064775,-110.917340157,-2.653946013,-2.653946013
1786024401.421907663,33.400398554,0.000000000,NONE,0,0.049916031,0.000001637,-16.500000000,-0.123706089,-0.062998469,-13.271757658,-0.086441388,0.063000107,-3.228242342,-0.037264701,-0.253248504,-2.989296341,-0.055651273,-0.253895184,-2.423998721,0.026678236,0.000646680,-0.565297619,-0.082329509,-2.983692332,-450.000000000,5.480137990,0.104038825,-0.002569089,-9.495269835,115.619740542,-114.127894376,109.380259458,-110.872105624,-2.740068995,-2.740068995
1786024401.471921921,33.450412906,0.000000000,NONE,0,0.050042481,0.000001637,-16.500000000,-0.123706089,-0.063018518,-13.369247072,-0.085539311,0.063020155,-3.130752928,-0.038166779,-0.251138757,-2.989504725,-0.055393182,-0.253198720,-2.424017510,0.020800152,0.002059963,-0.565487215,-0.076193334,-2.863777254,-450.000000000,6.064285506,0.103935689,-0.002575348,-9.497358759,115.590284003,-114.158395376,109.409715997,-110.841604624,-3.032142753,-3.032142753
1786024401.521925449,33.500416490,0.000000000,NONE,0,0.049968541,0.000001637,-16.500000000,-0.123706089,-0.063014319,-13.466733962,-0.085006619,0.063015957,-3.033266038,-0.038699470,-0.248931995,-2.989717175,-0.054715487,-0.252234527,-2.424042275,0.012095747,0.003302532,-0.565674901,-0.066811234,-2.739871841,-450.000000000,6.784504095,0.103831140,-0.002622894,-9.498895978,115.559691955,-114.189756034,109.440308045,-110.810243966,-3.392252048,-3.392252048
1786024401.571913242,33.550404186,0.000000000,NONE,0,0.050041539,0.000001637,-16.500000000,-0.123706089,-0.062961430,-13.588587186,-0.084904651,0.062963067,-2.911412814,-0.038801438,-0.246026234,-2.989985803,-0.053324280,-0.250749267,-2.424073937,0.001373302,0.004723034,-0.565911866,-0.054697582,-2.582394467,-450.000000000,7.685402953,0.103695957,-0.002733201,-9.497356478,115.519937736,-114.228740503,109.480062264,-110.771259497,-3.842701477,-3.842701477
1786024401.621869087,33.600360135,0.000000000,NONE,0,0.049949643,0.000001637,-16.500000000,-0.123706089,-0.062840482,-13.710432309,-0.085270165,0.062842119,-2.789567691,-0.038435924,-0.242950547,-2.990255629,-0.051674730,-0.248906495,-2.424097196,-0.004576052,0.005955948,-0.566158433,-0.047098677,-2.440229826,-450.000000000,8.126209395,0.103555240,-0.002823541,-9.495540756,115.483942646,-114.263827732,109.516057354,-110.736172268,-4.063104698,-4.063104698
1786024401.672005415,33.650496455,0.000000000,TARGET_UPDATED,0,0.050130245,0.000002079,-17.500000000,0.094786047,-0.062634566,-13.832267308,-0.085788822,0.062636645,-3.667732692,0.180574869,-0.257940944,-2.988285045,0.277462332,-0.246736792,-2.424107803,-0.004684827,-0.011204152,-0.564177242,0.282147159,-4.195300484,-450.000000000,37.596166942,0.103411411,-0.002865116,-9.493986802,115.922321821,-113.824671579,109.077678179,-111.175328421,-18.798083471,-18.798083471
1786024401.721943378,33.700434388,0.000000000,NONE,0,0.049910708,0.000002079,-17.500000000,0.094786047,-0.062455086,-13.954108932,-0.083615326,0.062457166,-3.545891068,0.178401373,-0.255795529,-2.988478474,0.274182271,-0.249170422,-2.424117569,0.104435596,-0.006625107,-0.564360905,0.169746675,-3.434089518,-450.000000000,20.912529383,0.103267096,-0.002865049,-9.492750511,115.731710007,-114.014665248,109.268289993,-110.985334752,-10.456264691,-10.456264691
1786024401.772005558,33.750496698,0.000000000,NONE,0,0.050021267,0.000002079,-17.500000000,0.094786047,-0.062449180,-14.075976581,-0.076795646,0.062451259,-3.424023419,0.171581693,-0.253483114,-2.988748719,0.263378107,-0.251002165,-2.424165221,0.146677759,-0.002480949,-0.564583498,0.116700348,-3.138219276,-450.000000000,18.393761309,0.103124402,-0.002829020,-9.492012156,115.657557858,-114.088448220,109.342442142,-110.911551780,-9.196880655,-9.196880655
1786024401.821881533,33.800372627,0.000000000,NONE,0,0.049961512,0.000002079,-17.500000000,0.094786047,-0.062502316,-14.197848226,-0.070668663,0.062504395,-3.302151774,0.165454710,-0.251030249,-2.989055279,0.253232481,-0.251493841,-2.424210152,0.106242206,0.000463592,-0.564845127,0.146990276,-2.926412838,-450.000000000,22.184468817,0.102984617,-0.002768852,-9.491721560,115.604533599,-114.141327180,109.395466401,-110.858672820,-11.092234408,-11.092234408
1786024401.871892929,33.850383835,0.000000000,NONE,0,0.049999571,0.000002079,-17.500000000,0.094786047,-0.062565350,-14.319714245,-0.067459375,0.062567429,-3.180285755,0.162245422,-0.248434006,-2.989378136,0.247238653,-0.251289408,-2.424206763,0.042050918,0.002855403,-0.565171373,0.205187735,-2.732072821,-450.000000000,26.821114559,0.102848375,-0.002697722,-9.491818228,115.555972762,-114.189936352,109.444027238,-110.810063648,-13.410557279,-13.410557279
1786024401.921880484,33.900371494,0.000000000,NONE,0,0.049985181,0.000002079,-17.500000000,0.094786047,-0.062606182,-14.441570816,-0.067246870,0.062608262,-3.058429184,0.162032917,-0.245696070,-2.989711930,0.245619657,-0.250454594,-2.424156906,-0.013314835,0.004758524,-0.565555024,0.258934492,-2.562990643,-450.000000000,30.501153655,0.102715750,-0.002627140,-9.492182612,115.513793314,-114.232297992,109.486206686,-110.767702008,-15.250576828,-15.250576828
1786024401.971899748,33.950390603,0.000000000,NONE,0,0.050028180,0.000002079,-17.500000000,0.094786047,-0.062598117,-14.563416501,-0.069032694,0.062600196,-2.936583499,0.163818742,-0.242823751,-2.990056315,0.246945672,-0.249040844,-2.424086201,-0.043317705,0.006217093,-0.565970114,0.290263376,-2.417301842,-450.000000000,32.252407165,0.102586365,-0.002565729,-9.492710325,115.477503042,-114.268852121,109.522496958,-110.731147879,-16.126203583,-16.126203583
1786024402.021937847,34.000428934,0.000000000,NONE,0,0.050013453,0.000002079,-17.500000000,0.094786047,-0.062519436,-14.685250548,-0.071400753,0.062521515,-2.814749452,0.166186800,-0.239823347,-2.990409579,0.249150422,-0.247142663,-2.424019862,-0.045327289,0.007319315,-0.566389716,0.294477710,-2.289019648,-450.000000000,32.012813726,0.102459540,-0.002518860,-9.493281737,115.445575346,-114.301065522,109.554424654,-110.698934478,-16.006406863,-16.006406863
1786024402.072009563,34.050500497,0.000000000,TARGET_UPDATED,0,0.050089839,0.000002079,-18.500000000,0.094786047,-0.062352196,-14.807071760,-0.073209590,0.062354276,-3.692928240,0.167995637,-0.255434034,-2.989220204,0.250632660,-0.244867028,-2.423969308,-0.029177162,-0.010567005,-0.565250895,0.279809823,-4.110403114,-450.000000000,30.615973797,0.102334456,-0.002488286,-9.493832581,115.901058924,-113.845857367,109.098941076,-111.154142633,-15.307986898,-15.307986898
1786024402.121940851,34.100431673,0.000000000,NONE,0,0.049921780,0.000002079,-18.500000000,0.094786047,-0.062202199,-14.928890954,-0.073955100,0.062204278,-3.571109046,0.168741147,-0.253557455,-2.989479076,0.250577361,-0.247316584,-2.423933268,-0.008091412,-0.006240870,-0.565545808,0.258668773,-3.361682405,-450.000000000,29.011905028,0.102210175,-0.002476042,-9.494217558,115.713974991,-114.033133788,109.286025009,-110.966866212,-14.505952514,-14.505952514
1786024402.171918631,34.150409566,0.000000000,NONE,0,0.049986441,0.000002079,-18.500000000,0.094786047,-0.062210971,-15.050722337,-0.073723323,0.062213050,-3.449277663,0.168509370,-0.251473596,-2.989738576,0.249226693,-0.249082110,-2.423901132,0.007778076,-0.002391487,-0.565837444,0.241448617,-3.090224259,-450.000000000,27.891515668,0.102085833,-0.002474609,-9.494490365,115.646178656,-114.101066526,109.353821344,-110.898933474,-13.945757834,-13.945757834
1786024402.221975327,34.200466284,0.000000000,NONE,0,0.049950947,0.000002079,-18.500000000,0.094786047,-0.062269983,-15.172554984,-0.072948709,0.062272063,-3.327445016,0.167734756,-0.249227185,-2.989988660,0.247299938,-0.249319425,-2.423870854,0.013807725,0.000092240,-0.566117806,0.233492212,-2.914826791,-450.000000000,27.525611075,0.101961128,-0.002479531,-9.494650799,115.602369398,-114.144956002,109.397630602,-110.855043998,-13.762805537,-13.762805537
1786024402.271946907,34.250438120,0.000000000,TARGET_UPDATED,0,0.050083101,0.000002544,-18.500000000,0.359971792,-0.062330873,-15.294384672,-0.072128840,0.062333417,-3.205615328,0.432100632,-0.246711207,-2.990873711,0.643356572,-0.248779926,-2.423844059,0.010883599,0.002068719,-0.567029652,0.632472973,-2.746921662,-450.000000000,63.595761706,0.101835933,-0.002487728,-9.494753736,115.560418849,-114.186958018,109.439581151,-110.813041982,-31.797880853,-31.797880853
1786024402.321889639,34.300380628,0.000000000,NONE,0,0.049939723,0.000002544,-18.500000000,0.359971792,-0.062361362,-15.416203779,-0.068476517,0.062363906,-3.083796221,0.428448309,-0.244401011,-2.991098229,0.637673447,-0.247641681,-2.423820268,0.130745828,0.003240670,-0.567277961,0.506927620,-2.638396763,-450.000000000,44.339932238,0.101710273,-0.002497105,-9.494765988,115.533290688,-114.214092306,109.466709312,-110.785907694,-22.169966119,-22.169966119
1786024402.371877193,34.350368193,0.000000000,NONE,0,0.049983582,0.000002544,-18.500000000,0.359971792,-0.062334706,-15.538005560,-0.059917149,0.062337250,-2.961994440,0.419888941,-0.241911960,-2.991269600,0.624879916,-0.246113987,-2.423766006,0.167870424,0.004202027,-0.567503594,0.457009492,-2.527100229,-450.000000000,42.372332057,0.101584257,-0.002505528,-9.494755566,115.505463949,-114.241913834,109.494536051,-110.758086166,-21.186166028,-21.186166028
1786024402.421891689,34.400382483,0.000000000,NONE,0,0.050019255,0.000002544,-18.500000000,0.359971792,-0.062231728,-15.659797850,-0.052760996,0.062234272,-2.840202150,0.412732788,-0.239240024,-2.991424532,0.614351104,-0.244142995,-2.423708627,0.111581938,0.004902971,-0.567715905,0.502769166,-2.428811990,-450.000000000,47.501614920,0.101458012,-0.002512468,-9.494736253,115.480887061,-114.266481066,109.519112939,-110.733518934,-23.750807460,-23.750807460
1786024402.471989870,34.450480847,0.000000000,NONE,0,0.050029950,0.000002544,-18.500000000,0.359971792,-0.062035669,-15.781583309,-0.049341359,0.062038213,-2.718416691,0.409313150,-0.236393396,-2.991583510,0.609512171,-0.241761722,-2.423684646,0.033657832,0.005368325,-0.567898864,0.575854338,-2.340879186,-450.000000000,53.177969227,0.101331619,-0.002518137,-9.494707384,115.458896643,-114.288457049,109.541103357,-110.711542951,-26.588984613,-26.588984613
1786024402.521951914,34.500443064,0.000000000,TARGET_UPDATED,0,0.050032603,0.000002544,-19.500000000,0.359971792,-0.061732402,-15.903361348,-0.049492665,0.061734947,-3.596638652,0.409464456,-0.253133174,-2.990152811,0.610038795,-0.239088026,-2.423698713,-0.029305133,-0.014045149,-0.566454097,0.639343928,-4.294272604,-450.000000000,57.446370464,0.101205134,-0.002522588,-9.494671134,115.947235934,-113.800099633,109.052764066,-111.199900367,-28.723185232,-28.723185232
1786024402.571913719,34.550404598,0.000000000,NONE,0,0.049949086,0.000002544,-19.500000000,0.359971792,-0.061443467,-16.025143401,-0.051842838,0.061446011,-3.474856599,0.411814630,-0.251421493,-2.990233278,0.613899484,-0.241637847,-2.423738965,-0.058919744,-0.009783646,-0.566494313,0.672819228,-3.524294245,-450.000000000,59.207668862,0.101078446,-0.002528685,-9.494572712,115.754716739,-113.992569617,109.245283261,-111.007430383,-29.603834431,-29.603834431
1786024402.621880531,34.600371548,0.000000000,NONE,0,0.049970474,0.000002544,-19.500000000,0.359971792,-0.061313636,-16.146942446,-0.054667159,0.061316180,-3.353057554,0.414638950,-0.249506235,-2.990326284,0.618488185,-0.243358845,-2.423786362,-0.055800917,-0.006147389,-0.566539922,0.674289103,-3.273053494,-450.000000000,58.686633824,0.100951487,-0.002531703,-9.494474966,115.691882115,-114.055355368,109.308117885,-110.944644632,-29.343316912,-29.343316912
1786024402.671849966,34.650340859,0.000000000,NONE,0,0.049994285,0.000002544,-19.500000000,0.359971792,-0.061232186,-16.268746092,-0.056695042,0.061234730,-3.231253908,0.416666834,-0.247410209,-2.990421484,0.621926724,-0.243633983,-2.423832413,-0.033271743,-0.003776226,-0.566589071,0.655198467,-3.106531168,-450.000000000,56.955396165,0.100824565,-0.002530726,-9.494412271,115.650235860,-114.096970276,109.349764140,-110.903029724,-28.477698083,-28.477698083
1786024402.721870661,34.700361546,0.000000000,NONE,0,0.050014598,0.000002544,-19.500000000,0.359971792,-0.061153402,-16.390549363,-0.057431194,0.061155946,-3.109450637,0.417402986,-0.245129434,-2.990516611,0.623481176,-0.243195987,-2.423872546,-0.006822300,-0.001933447,-0.566644065,0.630303476,-2.953007030,-450.000000000,55.112610863,0.100697877,-0.002526920,-9.494388022,115.611848763,-114.135345248,109.388151237,-110.864654752,-27.556305432,-27.556305432
1786024402.771867037,34.750358229,0.000000000,NONE,0,0.050001725,0.000002544,-19.500000000,0.359971792,-0.061046672,-16.512349435,-0.057043142,0.061049216,-2.987650565,0.417014934,-0.242658710,-2.990613071,0.623400740,-0.242183607,-2.423908481,0.012385694,-0.000475103,-0.566704591,0.611015047,-2.815704483,-450.000000000,53.889695951,0.100571531,-0.002521529,-9.494391779,115.577524066,-114.169671824,109.422475934,-110.830328176,-26.944847975,-26.944847975
1786024402.821893215,34.800384109,0.000000000,NONE,0,0.049992615,0.000002544,-19.500000000,0.359971792,-0.060887293,-16.634144330,-0.056069456,0.060889837,-2.865855670,0.416041248,-0.239996602,-2.990713778,0.622483696,-0.240680844,-2.423944370,0.019540707,0.000684241,-0.566769407,0.602942989,-2.690808064,-450.000000000,53.564013520,0.100445558,-0.002515635,-9.494415981,115.546306011,-114.200901979,109.453693989,-110.799098021,-26.782006760,-26.782006760
1786024402.871935844,34.850426653,0.000000000,TARGET_UPDATED,0,0.050073566,0.000003014,-19.500000000,-0.345408618,-0.060655680,-16.755932484,-0.055092288,0.060658694,-2.744067516,-0.290316330,-0.232503837,-2.990831795,-0.436468985,-0.238775152,-2.423983230,0.016210362,0.006271315,-0.566848565,-0.452679348,-2.098150634,-450.000000000,-41.260847869,0.100319932,-0.002509989,-9.494469063,115.398154924,-114.349079607,109.601845076,-110.650920393,20.630423935,20.630423935
1786024402.921922922,34.900413742,0.000000000,TARGET_UPDATED,0,0.049984109,0.000003014,-20.500000000,-1.345408618,-0.060343863,-16.877712303,-0.063112258,0.060346877,-3.622287697,-1.282296360,-0.243683903,-2.989852931,-1.500465797,-0.235348731,-2.424043870,-0.334181117,-0.008335171,-0.565809060,-1.166284680,-3.632516397,-450.000000000,-84.437583834,0.100194589,-0.002504832,-9.494509526,115.781756481,-113.965498282,109.218243519,-111.034501718,42.218791917,42.218791917
1786024402.971867323,34.950358476,0.000000000,NONE,0,0.049950548,0.000003014,-20.500000000,-1.345408618,-0.060069253,-16.999489862,-0.092254129,0.060072267,-3.500510138,-1.253154489,-0.241953561,-2.990288682,-1.499877352,-0.236392375,-2.424106871,-0.729003789,-0.005561186,-0.566181811,-0.770873563,-3.078372194,-450.000000000,-34.585362776,0.100069384,-0.002503209,-9.494506400,115.643219648,-114.104033551,109.356780352,-110.895966449,17.292681388,17.292681388
1786024403.021893263,35.000384244,0.000000000,NONE,0,0.049974278,0.000003014,-20.500000000,-1.345408618,-0.059938072,-17.121272760,-0.130036928,0.059941086,-3.378727240,-1.215371690,-0.240259218,-2.990692166,-1.499345150,-0.237782203,-2.424108606,-0.738234023,-0.002477015,-0.566583560,-0.761111127,-2.848227214,-450.000000000,-41.641712622,0.099944111,-0.002502455,-9.494481344,115.585677139,-114.161563533,109.414322861,-110.838436467,20.820856311,20.820856311
1786024403.071871758,35.050362651,0.000000000,NONE,0,0.050026516,0.000003014,-20.500000000,-1.345408618,-0.059838084,-17.243052461,-0.166538387,0.059841099,-3.256947539,-1.178870231,-0.238774088,-2.991023938,-1.498920524,-0.238206235,-2.424084968,-0.728989856,-0.000567853,-0.566938970,-0.769930667,-2.723305804,-450.000000000,-42.649985464,0.099818687,-0.002502012,-9.494439031,115.554436209,-114.192783307,109.445563791,-110.807216693,21.324992732,21.324992732
1786024403.121879816,35.100370797,0.000000000,NONE,0,0.049992774,0.000003014,-20.500000000,-1.345408618,-0.059738986,-17.364826859,-0.203105478,0.059742000,-3.135173141,-1.142303140,-0.237480445,-2.991263413,-1.498648134,-0.238253322,-2.424051262,-0.731953621,0.000772877,-0.567212151,-0.766694513,-2.624796476,-450.000000000,-42.201589485,0.099693086,-0.002502157,-9.494357345,115.529788455,-114.217390217,109.470211545,-110.782609783,21.100794742,21.100794742
1786024403.171884775,35.150375691,0.000000000,NONE,0,0.050000704,0.000003014,-20.500000000,-1.345408618,-0.059620241,-17.486596139,-0.239800321,0.059623255,-3.013403861,-1.105608297,-0.236314803,-2.991401673,-1.498556421,-0.238075582,-2.424012128,-0.733098626,0.001760780,-0.567389544,-0.765457795,-2.546193103,-450.000000000,-42.174154421,0.099567362,-0.002502262,-9.494255218,115.510112080,-114.237015529,109.489887920,-110.762984471,21.087077210,21.087077210
1786024403.221874237,35.200365155,0.000000000,NONE,0,0.049998034,0.000003014,-20.500000000,-1.345408618,-0.059466028,-17.608361359,-0.276521176,0.059469042,-2.891638641,-1.068887443,-0.235187233,-2.991442631,-1.498652044,-0.237721488,-2.423972145,-0.733468668,0.002534255,-0.567470487,-0.765183376,-2.478646902,-450.000000000,-42.193319259,0.099441656,-0.002501632,-9.494148812,115.493198928,-114.253875477,109.506801072,-110.746124523,21.096659630,21.096659630
1786024403.271885157,35.250376085,0.000000000,NONE,0,0.049996914,0.000003014,-20.500000000,-1.345408618,-0.059264445,-17.730123896,-0.313254402,0.059267459,-2.769876104,-1.032154217,-0.233990779,-2.991403330,-1.498917753,-0.237201725,-2.423936109,-0.733828975,0.003210945,-0.567467221,-0.765088778,-2.413121853,-450.000000000,-42.209419999,0.099316148,-0.002499708,-9.494058434,115.476795072,-114.270234145,109.523204928,-110.729765855,21.104709999,21.104709999
1786024403.321947336,35.300438361,0.000000000,TARGET_UPDATED,0,0.050077087,0.000003014,-20.500000000,-2.345408618,-0.059005663,-17.851885004,-0.349994743,0.059008677,-2.648114996,-1.995413875,-0.232611988,-2.991312070,-1.499314431,-0.236493528,-2.423908414,-0.734185703,0.003881539,-0.567403656,-0.765128727,-2.342242027,-450.000000000,-42.234063998,0.099191005,-0.002496176,-9.494016742,115.459064692,-114.287943679,109.540935308,-110.712056321,21.117031999,21.117031999
1786024403.371871710,35.350362720,0.000000000,NONE,0,0.049919677,0.000003014,-20.500000000,-2.345408618,-0.058680528,-17.973645405,-0.386737398,0.058683542,-2.526354595,-1.958671221,-0.230939945,-2.991205121,-1.499786207,-0.235551424,-2.423892511,-0.734532642,0.004611479,-0.567312610,-0.765253565,-2.260124917,-450.000000000,-42.263606229,0.099066328,-0.002491404,-9.493980990,115.438526477,-114.308464018,109.561473523,-110.691535982,21.131803114,21.131803114
1786024403.421875715,35.400366672,0.000000000,NONE,0,0.049985866,0.000003014,-20.500000000,-2.345408618,-0.058279555,-18.095404990,-0.423479635,0.058282569,-2.404595010,-1.921928983,-0.228873352,-2.991122542,-1.500267618,-0.234317460,-2.423890482,-0.734856579,0.005444108,-0.567232060,-0.765411038,-2.162665321,-450.000000000,-42.294408847,0.098942142,-0.002484908,-9.494002499,115.414166955,-114.332834294,109.585833045,-110.667165706,21.147204424,21.147204424
1786024403.471868277,35.450359245,0.000000000,NONE,0,0.050028130,0.000003014,-20.500000000,-2.345408618,-0.057792230,-18.217162634,-0.460220285,0.057795244,-2.282837366,-1.885188333,-0.226325527,-2.991103681,-1.500691683,-0.232730281,-2.423902815,-0.735134252,0.006404754,-0.567200866,-0.765557431,-2.046995668,-450.000000000,-42.323581899,0.098818426,-0.002477190,-9.494069831,115.385266375,-114.361768541,109.614733625,-110.638231459,21.161790949,21.161790949
1786024403.521882057,35.500372990,0.000000000,NONE,0,0.050000821,0.000003014,-20.500000000,-2.345408618,-0.057206597,-18.338916150,-0.496959510,0.057209611,-2.161083850,-1.848449108,-0.223227372,-2.991182898,-1.500997806,-0.230731222,-2.423928391,-0.735343846,0.007503849,-0.567254507,-0.765653959,-1.911641204,-450.000000000,-42.348484835,0.098695098,-0.002469054,-9.494154566,115.351448942,-114.395628341,109.648551058,-110.604371659,21.174242417,21.174242417
1786024403.571868658,35.550359496,0.000000000,NONE,0,0.049987657,0.000003014,-20.500000000,-2.345408618,-0.056509037,-18.460662361,-0.533698682,0.056512051,-2.039337639,-1.811709936,-0.219529006,-2.991385900,-1.501138704,-0.228269356,-2.423964634,-0.735470087,0.008740350,-0.567421267,-0.765668617,-1.756363651,-450.000000000,-42.367010575,0.098572063,-0.002460843,-9.494248673,115.312653081,-114.434471255,109.687346919,-110.565528745,21.183505288,21.183505288
1786024403.621886015,35.600376893,0.000000000,NONE,0,0.049994566,0.000003014,-20.500000000,-2.345408618,-0.055684225,-18.582397284,-0.570440162,0.055687240,-1.917602716,-1.774968456,-0.206711424,-2.869638387,-1.501040878,-0.225305289,-2.424007797,-0.735506817,0.018593865,-0.445630590,-0.765534061,-0.731706230,-450.000000000,-42.373743280,0.098449270,-0.002452752,-9.494350023,115.056514063,-114.690660948,109.943485937,-110.309339052,21.186871640,21.186871640
1786024403.671872139,35.650363362,0.000000000,NONE,0,0.050018310,0.000003014,-20.500000000,-2.345408618,-0.054659500,-18.704110855,-0.607186433,0.054662514,-1.795889145,-1.738222185,-0.189685158,-2.687988157,-1.500733916,-0.219571088,-2.424053726,-0.735435741,0.029885930,-0.263934431,-0.765298175,0.297195298,-450.000000000,-42.374346119,0.098326771,-0.002443971,-9.494474139,114.799319710,-114.947917359,110.200680290,-110.052082641,21.187173059,21.187173059
1786024403.721981287,35.700472103,0.000000000,TARGET_UPDATED,0,0.050094537,0.000003014,-21.500000000,-2.345408618,-0.053277335,-18.825784568,-0.643940056,0.053280349,-2.674215432,-1.701468562,-0.241028504,-2.990207941,-1.500187232,-0.210654377,-2.424096852,-0.735271416,-0.030374126,-0.566111089,-0.764915817,-5.802799406,-450.000000000,-42.363823384,0.098204703,-0.002435001,-9.494637460,116.324359217,-113.422959513,108.675640783,-111.577040487,21.181911692,21.181911692
1786024403.771874905,35.750365779,0.000000000,NONE,0,0.049910788,0.000003014,-21.500000000,-2.345408618,-0.051856810,-18.947447476,-0.680705879,0.051859824,-2.552552524,-1.664702739,-0.238684464,-2.990658259,-1.499664265,-0.217661057,-2.424127438,-0.735113890,-0.021023407,-0.566530821,-0.764550375,-3.798363700,-450.000000000,-42.357632905,0.098082774,-0.002438270,-9.494641249,115.823251237,-113.924069387,109.176748763,-111.075930613,21.178816452,21.178816452
1786024403.821918249,35.800409084,0.000000000,NONE,0,0.049993868,0.000003014,-21.500000000,-2.345408618,-0.050902932,-19.069147361,-0.717487633,0.050905946,-2.430852639,-1.627920985,-0.234881965,-2.991208792,-1.499166576,-0.223139051,-2.424147803,-0.735026740,-0.011742915,-0.567060989,-0.764139837,-3.157640992,-450.000000000,-42.347106557,0.097960675,-0.002442095,-9.494629903,115.663067724,-114.084247228,109.336932276,-110.915752772,21.173553279,21.173553279
1786024403.871880531,35.850371419,0.000000000,NONE,0,0.049997186,0.000003014,-21.500000000,-2.345408618,-0.050144675,-19.190856372,-0.754284404,0.050147689,-2.309143628,-1.591124214,-0.230233054,-2.991796997,-1.498713938,-0.224776579,-2.424156308,-0.734978480,-0.005456474,-0.567640690,-0.763735458,-2.737337809,-450.000000000,-42.338016051,0.097838771,-0.002443944,-9.494642464,115.557995068,-114.189326164,109.442004932,-110.810673836,21.169008025,21.169008025
1786024403.921879530,35.900370485,0.000000000,NONE,0,0.050005474,0.000003014,-21.500000000,-2.345408618,-0.049475593,-19.312563711,-0.791094444,0.049478607,-2.187436289,-1.554314175,-0.225048809,-2.992370949,-1.498355477,-0.224600503,-2.424148851,-0.734981784,-0.000448306,-0.568222099,-0.763373693,-2.349846449,-450.000000000,-42.332632458,0.097717150,-0.002445623,-9.494668725,115.461128794,-114.286205569,109.538871206,-110.713794431,21.166316229,21.166316229
1786024403.971880436,35.950371413,0.000000000,NONE,0,0.049984534,0.000003014,-21.500000000,-2.345408618,-0.048824136,-19.434263057,-0.827915424,0.048827150,-2.065736943,-1.517493194,-0.219573462,-2.992886922,-1.498137299,-0.223100424,-2.424125924,-0.735052578,0.003526962,-0.568760998,-0.763084721,-2.015730491,-450.000000000,-42.332928964,0.097595685,-0.002448148,-9.494682888,115.377603345,-114.369738099,109.622396655,-110.630261901,21.166464482,21.166464482
1786024404.021914959,36.000405873,0.000000000,NONE,0,0.050040088,0.000003014,-21.500000000,-2.345408618,-0.048131057,-19.555950296,-0.864744480,0.048134071,-1.944049704,-1.480664138,-0.207982724,-2.910497715,-1.498148876,-0.220628122,-2.424089827,-0.735201732,0.012645398,-0.486407888,-0.762947144,-1.129207755,-450.000000000,-42.345419423,0.097474129,-0.002451833,-9.494676775,115.155971132,-114.591367255,109.844028868,-110.408632745,21.172709711,21.172709711
1786024404.071871519,36.050362418,0.000000000,NONE,0,0.049956138,0.000003014,-21.500000000,-2.345408618,-0.047310263,-19.677619485,-0.901578868,0.047313277,-1.822380515,-1.443829750,-0.189694950,-2.728784127,-1.498398781,-0.215908392,-2.424044546,-0.735441062,0.026213442,-0.304739581,-0.762957719,0.121842063,-450.000000000,-42.368177900,0.097352213,-0.002455788,-9.494610603,114.843192135,-114.904113167,110.156807865,-110.095886833,21.184088950,21.184088950
1786024404.121885777,36.100376734,0.000000000,NONE,0,0.050016364,0.000003014,-21.500000000,-2.345408618,-0.046199726,-19.799257812,-0.938416752,0.046202740,-1.700742188,-1.406991866,-0.172522872,-2.546936250,-1.498777381,-0.207802585,-2.423994808,-0.735756596,0.035279713,-0.122941442,-0.763020785,0.873089536,-450.000000000,-42.392723462,0.097229768,-0.002458186,-9.494517170,114.655356909,-115.091901676,110.344643091,-109.908098324,21.196361731,21.196361731
1786024404.171910048,36.150401177,0.000000000,TARGET_UPDATED,0,0.050044338,0.000003014,-22.500000000,-2.345408618,-0.044641092,-19.920853088,-0.975256234,0.044644106,-2.579146912,-1.370152384,-0.233017807,-2.991356062,-1.499163637,-0.197664531,-2.423945395,-0.736106225,-0.035353276,-0.567410667,-0.763057411,-6.128784592,-450.000000000,-42.413851680,0.097106820,-0.002459049,-9.494391969,116.405794140,-113.341401844,108.594205860,-111.658598156,21.206925840,21.206925840
1786024404.221861839,36.200352787,0.000000000,NONE,0,0.049930651,0.000003014,-22.500000000,-2.345408618,-0.043044768,-20.042448780,-1.012091939,0.043047782,-2.457551220,-1.333316680,-0.232497880,-2.991053915,-1.499847063,-0.206537804,-2.423897554,-0.736518704,-0.025960075,-0.567156360,-0.763328359,-3.954761467,-450.000000000,-42.456569378,0.096983456,-0.002469223,-9.494106043,115.862216878,-113.884836144,109.137783122,-111.115163856,21.228284689,21.228284689
1786024404.271878004,36.250368818,0.000000000,NONE,0,0.050031061,0.000003014,-22.500000000,-2.345408618,-0.041997460,-20.164104796,-1.048917529,0.042000474,-2.335895204,-1.296491089,-0.231093960,-2.990751068,-1.500667729,-0.214347980,-2.423864301,-0.737000599,-0.016745979,-0.566886766,-0.763667130,-3.375243935,-450.000000000,-42.500731597,0.096859790,-0.002472777,-9.493869225,115.717278290,-114.029656322,109.282721710,-110.970343678,21.250365798,21.250365798
1786024404.321877241,36.300368188,0.000000000,NONE,0,0.049998447,0.000003014,-22.500000000,-2.345408618,-0.041207580,-20.285794601,-1.085732154,0.041210594,-2.214205399,-1.259676464,-0.229310877,-2.990473608,-1.501493964,-0.218452900,-2.423850762,-0.737455377,-0.010857976,-0.566622845,-0.764038587,-3.049476675,-450.000000000,-42.546492137,0.096736310,-0.002467472,-9.493717175,115.635798462,-114.111060125,109.364201538,-110.888939875,21.273246069,21.273246069
1786024404.371879101,36.350370176,0.000000000,NONE,0,0.049994521,0.000003014,-22.500000000,-2.345408618,-0.040572576,-20.407508811,-1.122535394,0.040575590,-2.092491189,-1.222873224,-0.227266642,-2.990264744,-1.502220568,-0.221039037,-2.423855542,-0.737832283,-0.006227605,-0.566409202,-0.764388285,-2.752431343,-450.000000000,-42.589643967,0.096613430,-0.002455979,-9.493661981,115.561523331,-114.185307659,109.438476669,-110.814692341,21.294821984,21.294821984
1786024404.421902895,36.400393869,0.000000000,NONE,0,0.049981117,0.000003014,-22.500000000,-2.345408618,-0.040027249,-20.529240490,-1.159328831,0.040030263,-1.970759510,-1.186079787,-0.221698724,-2.947044256,-1.502712424,-0.222491380,-2.423878355,-0.738095205,0.000792656,-0.523165901,-0.764617219,-2.164104033,-450.000000000,-42.622363234,0.096491447,-0.002440388,-9.493704814,115.414452212,-114.332400195,109.585547788,-110.667599805,21.311181617,21.311181617
1786024404.471873283,36.450364221,0.000000000,NONE,0,0.050023632,0.000003014,-22.500000000,-2.345408618,-0.039495074,-20.650980463,-1.196115810,0.039498088,-1.849019537,-1.149292808,-0.205605978,-2.765022658,-1.502781058,-0.222142063,-2.423917251,-0.738204784,0.016536085,-0.341105407,-0.764576274,-0.716784493,-450.000000000,-42.633221601,0.096370535,-0.002422398,-9.493853340,115.052659458,-114.694267212,109.947340542,-110.305732788,21.316610800,21.316610800
1786024404.521885395,36.500376448,0.000000000,NONE,0,0.049991458,0.000003014,-22.500000000,-2.345408618,-0.038818388,-20.772710705,-1.232900325,0.038821402,-1.727289295,-1.112508293,-0.190039687,-2.583147044,-1.502519863,-0.217640669,-2.423968737,-0.738103830,0.027600982,-0.159178306,-0.764416033,0.148212952,-450.000000000,-42.638724951,0.096250788,-0.002403041,-9.494090616,114.836469416,-114.910575892,110.163530584,-110.089424108,21.319362475,21.319362475
1786024404.571883202,36.550374316,0.000000000,NONE,0,0.050002073,0.000003014,-22.500000000,-2.345408618,-0.037799149,-20.894408615,-1.269687721,0.037802163,-1.605591385,-1.075720897,-0.175376125,-2.401431529,-1.501969841,-0.210212037,-2.424026824,-0.737830201,0.034835912,0.022595295,-0.764139639,0.762150159,-437.715180681,-42.636159458,0.096132164,-0.002385196,-9.494392709,111.611855808,-111.992930887,107.245734533,-106.864659453,21.318079729,21.318079729
1786024404.621956110,36.600447191,0.000000000,TARGET_UPDATED,0,0.050074633,0.000003014,-23.500000000,-2.345408618,-0.036385238,-21.015469691,-1.306488814,0.036388252,-2.484530309,-1.038919804,-0.245967300,-2.990004933,-1.499790182,-0.200863828,-2.403042462,-0.736399293,-0.045103472,-0.586962470,-0.763390889,-7.195313218,-450.000000000,-42.593435177,0.095865469,-0.008411054,-9.422399392,116.654428153,-113.056771543,108.345571847,-111.943228457,21.296717589,21.296717589
1786024404.671862602,36.650353539,0.000000000,NONE,0,0.049911968,0.000003014,-23.500000000,-2.345408618,-0.035027081,-21.136317035,-1.343339422,0.035030096,-2.363682965,-1.002069196,-0.245771020,-2.991574041,-1.496690135,-0.212286448,-2.415770589,-0.735012261,-0.033484572,-0.575803452,-0.761677874,-4.665217808,-450.000000000,-42.473164493,0.095401332,-0.008451505,-9.394387267,116.014901269,-113.682292365,108.985098731,-111.317707635,21.236582247,21.236582247
1786024404.721879005,36.700370114,0.000000000,NONE,0,0.050006839,0.000003014,-23.500000000,-2.345408618,-0.034309851,-21.257769769,-1.380253532,0.034312865,-2.242230231,-0.965155086,-0.243935855,-2.992126635,-1.443469176,-0.222122249,-2.422007358,-0.735143349,-0.021813606,-0.570119277,-0.708325827,-3.922034275,-450.000000000,-37.723657473,0.095061299,-0.005568060,-9.405526485,115.831890190,-113.870873053,109.168109810,-111.129126947,18.861828737,18.861828737
1786024404.771887064,36.750378129,0.000000000,NONE,0,0.050014211,0.000003014,-23.500000000,-2.345408618,-0.033925804,-21.379392484,-1.416819818,0.033928818,-2.120607516,-0.928588800,-0.241229757,-2.992284226,-1.388584504,-0.227359609,-2.423510162,-0.720707283,-0.013870148,-0.568774064,-0.667877222,-3.457705836,-450.000000000,-35.167109517,0.094867931,-0.002779423,-9.427432970,115.721284701,-113.992431783,109.278715299,-111.007568217,17.583554758,17.583554758
1786024404.821883440,36.800374293,0.000000000,NONE,0,0.049978620,0.000003014,-23.500000000,-2.345408618,-0.033751919,-21.501070915,-1.452443389,0.033754933,-1.998929085,-0.892965229,-0.237741709,-2.991057945,-1.335701975,-0.230444901,-2.423820773,-0.701022551,-0.007296807,-0.567237171,-0.634679424,-3.011090409,-450.000000000,-33.003626151,0.094797567,-0.000595578,-9.453117946,115.616052089,-114.110506884,109.383947911,-110.889493116,16.501813076,16.501813076
1786024404.871887207,36.850378057,0.000000000,NONE,0,0.050003617,0.000003014,-23.500000000,-2.345408618,-0.033697575,-21.622774680,-1.487026620,0.033700590,-1.877225320,-0.858381998,-0.219720465,-2.808892633,-1.284985697,-0.231775387,-2.423842986,-0.680774521,0.012054922,-0.385049648,-0.604211176,-1.200926039,-450.000000000,-30.940874234,0.094814281,0.000829613,-9.478189126,115.169778791,-114.569315772,109.830221209,-110.430684228,15.470437117,15.470437117
1786024404.921873569,36.900364727,0.000000000,NONE,0,0.050019993,0.000003014,-23.500000000,-2.345408618,-0.033589433,-21.744484913,-1.520547612,0.033592447,-1.755515087,-0.824861006,-0.201783238,-2.626627443,-1.235987799,-0.227879315,-2.423811544,-0.660460940,0.026096077,-0.202815900,-0.575526858,-0.103426685,-450.000000000,-28.983229806,0.094879068,0.001488182,-9.499449476,114.900719040,-114.849005698,110.099280960,-110.150994302,14.491614903,14.491614903
1786024404.971875906,36.950366841,0.000000000,NONE,0,0.049975461,0.000003014,-23.500000000,-2.345408618,-0.033172077,-21.866178506,-1.552997173,0.033175092,-1.633821494,-0.792411445,-0.184454190,-2.444329159,-1.188531541,-0.220044727,-2.423788111,-0.640163312,0.035590537,-0.020541048,-0.548368229,0.695692398,-450.000000000,-27.125845937,0.094955843,0.001474020,-9.514940745,114.704812087,-115.052658286,110.295187913,-109.947341714,13.562922969,13.562922969
1786024405.021899700,37.000390682,0.000000000,NONE,0,0.050015732,0.000003014,-23.500000000,-2.345408618,-0.032299569,-21.987842193,-1.584376872,0.032302583,-1.512157807,-0.761031747,-0.168013826,-2.262058666,-1.142470336,-0.209888804,-2.423787417,-0.619927687,0.041874978,0.161728751,-0.522542649,1.285904864,-379.571550266,-25.358213253,0.095015666,0.000949903,-9.523989968,96.952408843,-97.595361274,92.833366290,-92.190413859,12.679106627,12.679106627
1786024405.071950674,37.050441618,0.000000000,TARGET_UPDATED,0,0.050066733,0.000003014,-24.500000000,-2.345408618,-0.031206836,-22.106071220,-1.614708523,0.031209850,-2.393928780,-0.730700096,-0.243842930,-2.992911810,-1.088276361,-0.196741376,-2.302085291,-0.593880607,-0.047101554,-0.690826519,-0.494395754,-7.446512718,-450.000000000,-23.354468516,0.094188603,-0.034410019,-9.113657122,116.640042460,-112.916786101,108.359957540,-112.083213899,11.677234258,11.677234258
1786024405.121892452,37.100383446,0.000000000,NONE,0,0.049940788,0.000003014,-24.500000000,-2.345408618,-0.030242556,-22.223072879,-1.644115931,0.030245571,-2.276927121,-0.701292687,-0.236986185,-2.996659331,-1.034623665,-0.204352037,-2.374076897,-0.567763015,-0.032634148,-0.622582434,-0.466860650,-4.355156134,-450.000000000,-21.449501476,0.092215985,-0.034867887,-8.960479723,115.828908964,-113.651330897,109.171091036,-111.348669103,10.724750738,10.724750738
1786024405.171956778,37.150447769,0.000000000,TARGET_UPDATED,0,0.050062455,0.000003014,-25.500000000,-2.345408618,-0.029705482,-22.343372057,-1.672640777,0.029708496,-3.156627943,-0.672767842,-0.244120859,-2.994903676,-0.994657859,-0.211082459,-2.410767645,-0.550802902,-0.033038400,-0.584136031,-0.443854957,-4.841751183,-450.000000000,-19.942028401,0.090930331,-0.019155833,-9.023852299,115.966400871,-113.545525279,109.033599129,-111.454474721,9.971014201,9.971014201
1786024405.221891642,37.200382671,0.000000000,NONE,0,0.049915378,0.000003014,-25.500000000,-2.345408618,-0.029498090,-22.464610361,-1.700181293,0.029501104,-3.035389639,-0.645227325,-0.240933966,-2.992738885,-0.960302540,-0.217975138,-2.419914427,-0.535902525,-0.022958828,-0.572824458,-0.424400015,-3.953799626,-450.000000000,-18.660555797,0.090429206,-0.004336977,-9.140978477,115.773694526,-113.796794713,109.226305474,-111.203205287,9.330277898,9.330277898
1786024405.271845102,37.250336006,0.000000000,NONE,0,0.049994919,0.000003014,-25.500000000,-2.345408618,-0.029641527,-22.586160566,-1.726674495,0.029644541,-2.913839434,-0.618734123,-0.239151393,-2.990298290,-0.928598167,-0.223849769,-2.422122243,-0.521177612,-0.015301624,-0.568176047,-0.407420555,-3.502698809,-450.000000000,-17.532312891,0.090573885,0.007171014,-9.276689204,115.694847003,-113.943497599,109.305152997,-111.056502401,8.766156446,8.766156446
1786024405.321852446,37.300343373,0.000000000,NONE,0,0.049999617,0.000003014,-25.500000000,-2.345408618,-0.030001235,-22.707853790,-1.752098506,0.030004249,-2.792146210,-0.593310112,-0.238432103,-2.988069160,-0.898126286,-0.228520204,-2.422684899,-0.506110275,-0.009911898,-0.565384261,-0.392016011,-3.208539925,-450.000000000,-16.495325578,0.091171647,0.014596157,-9.407878716,115.654104660,-114.049834698,109.345895340,-110.950165302,8.247662789,8.247662789
1786024405.371859789,37.350350644,0.000000000,NONE,0,0.050005583,0.000003014,-25.500000000,-2.345408618,-0.030492394,-22.829639498,-1.776463098,0.030495408,-2.670360502,-0.568945520,-0.238295958,-2.986316708,-0.868015159,-0.232391097,-2.422925100,-0.490496319,-0.005904861,-0.563391608,-0.377518840,-2.992832665,-450.000000000,-15.508144869,0.092014394,0.017899533,-9.517534655,115.627591830,-114.131175498,109.372408170,-110.868824502,7.754072435,7.754072435
1786024405.421850443,37.400341330,0.000000000,NONE,0,0.049982823,0.000003014,-25.500000000,-2.345408618,-0.031054067,-22.951492891,-1.799798813,0.031057081,-2.548507109,-0.545609805,-0.238267952,-2.985191209,-0.837654142,-0.235438456,-2.423151963,-0.474194539,-0.002829496,-0.562039246,-0.363459603,-2.826348103,-450.000000000,-14.541711288,0.092913288,0.017688881,-9.596627772,115.605743969,-114.192569917,109.394256031,-110.807430083,7.270855644,7.270855644
1786024405.471960783,37.450451732,0.000000000,TARGET_UPDATED,0,0.050117427,0.000003014,-26.500000000,-2.345408618,-0.031640554,-23.073392878,-1.822149135,0.031643568,-3.426607122,-0.523259483,-0.249334188,-2.983820844,-0.806657753,-0.237585046,-2.423417520,-0.457090234,-0.011749142,-0.560403324,-0.349567518,-3.858733089,-450.000000000,-13.582115754,0.093721448,0.014910570,-9.642891621,115.875406177,-113.946039633,109.124593823,-111.053960367,6.791057877,6.791057877
1786024405.521870852,37.500361767,0.000000000,NONE,0,0.049892374,0.000003014,-26.500000000,-2.345408618,-0.032294106,-23.195325246,-1.843564749,0.032297120,-3.304674754,-0.501843869,-0.249631698,-2.983995502,-0.774668456,-0.241878286,-2.423710068,-0.439131461,-0.007753412,-0.560285434,-0.335536995,-3.368202267,-450.000000000,-12.604324377,0.094341838,0.010587708,-9.658708070,115.756727584,-114.072626451,109.243272416,-110.927373549,6.302162189,6.302162189
1786024405.571886539,37.550377509,0.000000000,NONE,0,0.050026063,0.000003014,-26.500000000,-2.345408618,-0.033079426,-23.317277157,-1.864098588,0.033082440,-3.182722843,-0.481310030,-0.249158527,-2.984819988,-0.741622003,-0.244872297,-2.424007071,-0.420272041,-0.004286230,-0.560812917,-0.321349962,-3.159799295,-450.000000000,-11.616893018,0.094725899,0.005662715,-9.649660621,115.702364979,-114.122465332,109.297635021,-110.877534668,5.808446509,5.808446509
1786024405.621886730,37.600377609,0.000000000,NONE,0,0.049983236,0.000003014,-26.500000000,-2.345408618,-0.033921007,-23.439223780,-1.883802098,0.033924021,-3.060776220,-0.461606520,-0.247945922,-2.986144011,-0.707741529,-0.246243045,-2.424275655,-0.400673346,-0.001702877,-0.561868355,-0.307068182,-2.993708019,-450.000000000,-10.622703989,0.094867051,0.000900606,-9.622815183,115.654130801,-114.157276791,109.345869199,-110.842723209,5.311351995,5.311351995
1786024405.671902180,37.650393244,0.000000000,NONE,0,0.050033286,0.000003014,-26.500000000,-2.345408618,-0.034781026,-23.561147001,-1.902721486,0.034784040,-2.938852999,-0.442687132,-0.246053277,-2.987758655,-0.673567202,-0.246490380,-2.424478589,-0.380671377,0.000437103,-0.563280066,-0.292895824,-2.829609799,-450.000000000,-9.640438996,0.094789933,-0.003141569,-9.585709293,115.603829773,-114.189024874,109.396170227,-110.810975126,4.820219498,4.820219498
1786024405.721881151,37.700372202,0.000000000,NONE,0,0.049991959,0.000003014,-26.500000000,-2.345408618,-0.035631139,-23.683034408,-1.920893856,0.035634153,-2.816965592,-0.424514762,-0.243580828,-2.989448024,-0.639802826,-0.245828142,-2.424594959,-0.360684007,0.002247315,-0.564853064,-0.279118819,-2.669751398,-450.000000000,-8.690699619,0.094540908,-0.006102122,-9.545634364,115.553846441,-114.218970742,109.446153559,-110.781029258,4.345349810,4.345349810
1786024405.771857738,37.750348769,0.000000000,NONE,0,0.049968829,0.000003014,-26.500000000,-2.345408618,-0.036446877,-23.804879465,-1.938345862,0.036449891,-2.695120535,-0.407062756,-0.240652728,-2.991029155,-0.607170533,-0.244451387,-2.424623610,-0.341124772,0.003798658,-0.566405544,-0.266045761,-2.514100598,-450.000000000,-7.796192737,0.094178105,-0.007842589,-9.508617342,115.505679485,-114.248629186,109.494320515,-110.751370814,3.898096369,3.898096369
1786024405.821933508,37.800424647,0.000000000,TARGET_UPDATED,0,0.050076526,0.000003014,-27.500000000,-2.345408618,-0.037206981,-23.926681149,-1.955094143,0.037209995,-3.573318851,-0.390314475,-0.249489775,-2.991385170,-0.576321737,-0.242541889,-2.424578091,-0.322361287,-0.006947886,-0.566807079,-0.253960449,-3.611342623,-450.000000000,-6.976867059,0.093760875,-0.008428877,-9.478766485,115.772527277,-113.966855965,109.227472723,-111.033144035,3.488433530,3.488433530
1786024405.871879339,37.850370393,0.000000000,NONE,0,0.049945001,0.000003014,-27.500000000,-2.345408618,-0.037974370,-24.048450577,-1.971147485,0.037977384,-3.451549423,-0.374261133,-0.247193461,-2.992325466,-0.547763029,-0.243551963,-2.424479471,-0.304715941,-0.003641498,-0.567845995,-0.243047088,-3.077838708,-450.000000000,-6.241830528,0.093341645,-0.008070621,-9.458134605,115.633993328,-114.095073974,109.366006672,-110.904926026,3.120915264,3.120915264
1786024405.921888828,37.900379739,0.000000000,NONE,0,0.050000221,0.000003014,-27.500000000,-2.345408618,-0.038829304,-24.170203210,-1.986509142,0.038832318,-3.329796790,-0.358899476,-0.244674845,-2.992923074,-0.521886546,-0.243930000,-2.424348610,-0.288411141,-0.000744845,-0.568574464,-0.233475406,-2.853228562,-450.000000000,-5.604724450,0.092960729,-0.007045999,-9.447203671,115.575108058,-114.148493777,109.424891942,-110.851506223,2.802362225,2.802362225
1786024405.971880674,37.950371607,0.000000000,NONE,0,0.050004624,0.000003014,-27.500000000,-2.345408618,-0.039699004,-24.291941670,-2.001179294,0.039702018,-3.208058330,-0.344229325,-0.242052969,-2.993176362,-0.498915565,-0.243362094,-2.424204143,-0.273609721,0.001309125,-0.568972218,-0.225305844,-2.685937536,-450.000000000,-5.066545011,0.092643595,-0.005652338,-9.445034754,115.532743072,-114.189774305,109.467256928,-110.810225695,2.533272505,2.533272505
1786024406.021933556,38.000424681,0.000000000,NONE,0,0.049993690,0.000003014,-27.500000000,-2.345408618,-0.040549326,-24.413672512,-2.015158063,0.040552340,-3.086327488,-0.330250555,-0.239368766,-2.993113138,-0.478929589,-0.242331954,-2.424059026,-0.260403167,0.002963188,-0.569054113,-0.218526422,-2.532964757,-450.000000000,-4.625218483,0.092401271,-0.004162152,-9.449789618,115.495688594,-114.229206215,109.504311406,-110.770793785,2.312609242,2.312609242
1786024406.071842909,38.050333904,0.000000000,NONE,0,0.049975013,0.000003014,-27.500000000,-2.345408618,-0.041355570,-24.535402314,-2.028447197,0.041358584,-2.964597686,-0.316961421,-0.236624146,-2.992794811,-0.461772080,-0.240952902,-2.423924151,-0.248737203,0.004328756,-0.568870660,-0.213034878,-2.394361204,-450.000000000,-4.271853347,0.092232285,-0.002792954,-9.459181364,115.463385642,-114.266205040,109.536614358,-110.733794960,2.135926673,2.135926673
1786024406.121884584,38.100375607,0.000000000,NONE,0,0.050016652,0.000003014,-27.500000000,-2.345408618,-0.042097008,-24.657136286,-2.041051830,0.042100022,-2.842863714,-0.304356788,-0.233796319,-2.992312574,-0.447022500,-0.239278092,-2.423814373,-0.238376498,0.005481773,-0.568498201,-0.208646002,-2.265856027,-450.000000000,-3.991987451,0.092125773,-0.001692927,-9.470876293,115.434183080,-114.301255066,109.565816920,-110.698744934,1.995993726,1.995993726
1786024406.171876431,38.150367306,0.000000000,NONE,0,0.050007782,0.000003014,-27.500000000,-2.345408618,-0.042756350,-24.778877662,-2.052981801,0.042759364,-2.721122338,-0.292426818,-0.230847524,-2.991768428,-0.434092549,-0.237334393,-2.423741381,-0.228966709,0.006486870,-0.568027048,-0.205125840,-2.142980381,-450.000000000,-3.768061097,0.092065100,-0.000939504,-9.482764658,115.406436260,-114.334946069,109.593563740,-110.665053931,1.884030548,1.884030548
1786024406.221939802,38.200430814,0.000000000,TARGET_UPDATED,0,0.050043119,0.000003014,-28.500000000,-2.345408618,-0.043318872,-24.900627350,-2.064252172,0.043321886,-3.599372650,-0.281156446,-0.241581406,-2.990180332,-0.422279691,-0.235128062,-2.423709808,-0.220111353,-0.006453344,-0.566470524,-0.202168339,-3.440142875,-450.000000000,-3.577387750,0.092031456,-0.000546059,-9.493218650,115.733340381,-114.013268944,109.266659619,-110.986731056,1.788693875,1.788693875
1786024406.271893740,38.250384838,0.000000000,NONE,0,0.049958808,0.000003014,-28.500000000,-2.345408618,-0.043864472,-25.022392575,-2.074882883,0.043867486,-3.477607425,-0.270525735,-0.239512547,-2.989694358,-0.411127446,-0.236412180,-2.423717645,-0.211433610,-0.003100366,-0.565976712,-0.199693835,-2.865864717,-450.000000000,-3.418728952,0.092006839,-0.000477041,-9.501132581,115.591749324,-114.158816966,109.408250676,-110.841183034,1.709364476,1.709364476
1786024406.321883440,38.300374279,0.000000000,NONE,0,0.050011401,0.000003014,-28.500000000,-2.345408618,-0.044491148,-25.144180067,-2.084898074,0.044494162,-3.355819933,-0.260510544,-0.237129765,-2.989384146,-0.400062277,-0.236994117,-2.423756534,-0.202645126,-0.000135648,-0.565627612,-0.197417152,-2.641639650,-450.000000000,-3.268305218,0.091976360,-0.000657123,-9.506093172,115.536933206,-114.216113380,109.463066794,-110.783886620,1.634152609,1.634152609
1786024406.371885061,38.350376030,0.000000000,NONE,0,0.049988639,0.000003014,-28.500000000,-2.345408618,-0.045121041,-25.265978853,-2.094325145,0.045124055,-3.234021147,-0.251083473,-0.234504383,-2.989279063,-0.388670715,-0.236431881,-2.423817827,-0.193477917,0.001927499,-0.565461237,-0.195192798,-2.476742875,-450.000000000,-3.118505291,0.091930124,-0.000998115,-9.508175264,115.496229535,-114.257858097,109.503770465,-110.742141903,1.559252645,1.559252645
1786024406.421873569,38.400364561,0.000000000,NONE,0,0.049986563,0.000003014,-28.500000000,-2.345408618,-0.045720025,-25.387781089,-2.103193022,0.045723039,-3.112218911,-0.242215596,-0.231676054,-2.989389891,-0.376667194,-0.235245814,-2.423890830,-0.183741839,0.003569759,-0.565499061,-0.192925356,-2.323637675,-450.000000000,-2.963742314,0.091863271,-0.001411649,-9.507875538,115.457878303,-114.296059466,109.542121697,-110.703940534,1.481871157,1.481871157
1786024406.471876621,38.450367651,0.000000000,NONE,0,0.049999435,0.000003014,-28.500000000,-2.345408618,-0.046264231,-25.509579603,-2.111531097,0.046267245,-2.990420397,-0.233877521,-0.228683749,-2.989708793,-0.363891657,-0.233575037,-2.423966440,-0.173327826,0.004891288,-0.565742353,-0.190563831,-2.184932429,-450.000000000,-2.801329666,0.091775398,-0.001821507,-9.505924618,115.422714262,-114.330248047,109.577285738,-110.669751953,1.400664833,1.400664833
1786024406.521863699,38.500354624,0.000000000,NONE,0,0.049996307,0.000003014,-28.500000000,-2.345408618,-0.046734035,-25.631368012,-2.119368061,0.046737050,-2.868631988,-0.226040557,-0.225566698,-2.990206217,-0.350355098,-0.231522465,-2.424038417,-0.162236390,0.005955768,-0.566167800,-0.188118707,-2.058509025,-450.000000000,-2.633198540,0.091669343,-0.002172469,-9.503096819,115.390401461,-114.361146948,109.609598539,-110.638853052,1.316599270,1.316599270
1786024406.571867228,38.550358257,0.000000000,NONE,0,0.049998813,0.000003014,-28.500000000,-2.345408618,-0.047113294,-25.753141215,-2.126730070,0.047116308,-2.746858785,-0.218678548,-0.222359785,-2.990829886,-0.336286201,-0.229171141,-2.424098553,-0.150606323,0.006811357,-0.566731334,-0.185679878,-1.942657061,-450.000000000,-2.467250707,0.091549758,-0.002431825,-9.500091250,115.360687078,-114.389358547,109.639312922,-110.610641453,1.233625353,1.233625353
1786024406.621943712,38.600434880,0.000000000,TARGET_UPDATED,0,0.050071743,0.000003014,-29.500000000,-2.345408618,-0.047389368,-25.874895697,-2.133641461,0.047392382,-3.625104303,-0.211767157,-0.233981973,-2.990384321,-0.322111843,-0.226605797,-2.424139633,-0.138737638,-0.007376176,-0.566244688,-0.183374205,-3.347558556,-450.000000000,-2.313174876,0.091421596,-0.002593091,-9.497380884,115.711234860,-114.037455582,109.288765140,-110.962544418,1.156587438,1.156587438
1786024406.671878815,38.650369956,0.000000000,NONE,0,0.049944576,0.000003014,-29.500000000,-2.345408618,-0.047655799,-25.996639110,-2.140123938,0.047658813,-3.503360890,-0.205284680,-0.231874683,-2.990991136,-0.308261590,-0.227999121,-2.424159568,-0.127004379,-0.003875562,-0.566831568,-0.181257211,-2.737353351,-450.000000000,-2.173172205,0.091289078,-0.002668049,-9.495148683,115.558125508,-114.189448833,109.441874492,-110.810551167,1.086586103,1.086586103
1786024406.721873522,38.700364304,0.000000000,NONE,0,0.050006042,0.000003014,-29.500000000,-2.345408618,-0.048014355,-26.118381019,-2.146196427,0.048017369,-3.381618981,-0.199212192,-0.229622210,-2.991557585,-0.295210474,-0.228624434,-2.424158652,-0.115744656,-0.000997776,-0.567398933,-0.179465818,-2.527663347,-450.000000000,-2.058825301,0.091155545,-0.002671874,-9.493544400,115.505301937,-114.241470263,109.494698063,-110.758529737,1.029412650,1.029412650
1786024406.771871090,38.750361910,0.000000000,NONE,0,0.049980046,0.000003014,-29.500000000,-2.345408618,-0.048384762,-26.240115375,-2.151875977,0.048387776,-3.259884625,-0.193532641,-0.227298188,-2.992043669,-0.283343796,-0.228235992,-2.424142858,-0.105259683,0.000937804,-0.567900811,-0.178084113,-2.379670038,-450.000000000,-1.974734610,0.091023362,-0.002625929,-9.492527948,115.468049497,-114.278214477,109.531950503,-110.721785523,0.987367305,0.987367305
1786024406.821869850,38.800360625,0.000000000,NONE,0,0.049995604,0.000003014,-29.500000000,-2.345408618,-0.048735279,-26.361841198,-2.157178777,0.048738293,-3.138158802,-0.188229841,-0.224921054,-2.992427272,-0.272961725,-0.227359344,-2.424117598,-0.095810110,0.002438290,-0.568309675,-0.177151615,-2.247013187,-450.000000000,-1.922881704,0.090893766,-0.002552061,-9.491987494,115.434750170,-114.311243577,109.565249830,-110.688756423,0.961440852,0.961440852
1786024406.871859312,38.850350227,0.000000000,NONE,0,0.050001136,0.000003014,-29.500000000,-2.345408618,-0.049044141,-26.483558689,-2.162121161,0.049047156,-3.016441311,-0.183287458,-0.222493057,-2.992699523,-0.264260409,-0.226114167,-2.424088156,-0.087591042,0.003621110,-0.568611367,-0.176669366,-2.130487888,-450.000000000,-1.902547977,0.090767245,-0.002468550,-9.491777907,115.405566449,-114.340322505,109.594433551,-110.659677495,0.951273988,0.951273988
1786024406.921876907,38.900367874,0.000000000,NONE,0,0.050014190,0.000003014,-29.500000000,-2.345408618,-0.049293898,-26.605268394,-2.166720304,0.049296912,-2.894731606,-0.178688314,-0.220006771,-2.992861635,-0.257327928,-0.224578050,-2.424058355,-0.080723842,0.004571279,-0.568803279,-0.176604086,-2.025537999,-450.000000000,-1.910734213,0.090643904,-0.002388668,-9.491776344,115.379328586,-114.366559586,109.620671414,-110.633440414,0.955367106,0.955367106
1786024406.971882820,38.950373798,0.000000000,NONE,0,0.050004662,0.000003014,-29.500000000,-2.345408618,-0.049470813,-26.726970883,-2.170994580,0.049473827,-2.773029117,-0.174414039,-0.217447005,-2.992924368,-0.252123199,-0.222808936,-2.424028944,-0.075235222,0.005361931,-0.568895424,-0.176887976,-1.927733000,-450.000000000,-1.942011667,0.090523712,-0.002320467,-9.491896265,115.354907316,-114.391040816,109.645092684,-110.608959184,0.971005834,0.971005834
1786024407.021926880,39.000417769,0.000000000,TARGET_UPDATED,0,0.050036294,0.000003014,-30.500000000,-2.345408618,-0.049563816,-26.848666466,-2.174963534,0.049566830,-3.651333534,-0.170445085,-0.230106877,-2.991770444,-0.248447925,-0.220844205,-2.424000760,-0.071014184,-0.009262672,-0.567769684,-0.177433741,-3.383823471,-450.000000000,-1.989884397,0.090406618,-0.002267013,-9.492110522,115.718983498,-114.027071763,109.281016502,-110.972928237,0.994942199,0.994942199
1786024407.071859360,39.050350404,0.000000000,NONE,0,0.049950006,0.000003014,-30.500000000,-2.345408618,-0.049669919,-26.970364832,-2.178647520,0.049672933,-3.529635168,-0.166761098,-0.228519258,-2.991632543,-0.245936011,-0.222930529,-2.423977237,-0.067844519,-0.005588728,-0.567655305,-0.178091492,-2.762959509,-450.000000000,-2.042635618,0.090292565,-0.002230219,-9.492374422,115.563833483,-114.182353728,109.436166517,-110.817646272,1.021317809,1.021317809
1786024407.121875525,39.100366352,0.000000000,NONE,0,0.050015913,0.000003014,-30.500000000,-2.345408618,-0.049893551,-27.092075803,-2.182066845,0.049896566,-3.407924197,-0.163341773,-0.226693109,-2.991490883,-0.244179722,-0.224183227,-2.423958952,-0.065394216,-0.002509882,-0.567531931,-0.178785506,-2.550630775,-450.000000000,-2.096395294,0.090181191,-0.002203996,-9.492747706,115.510844620,-114.235529233,109.489155380,-110.764470767,1.048197647,1.048197647
1786024407.171858788,39.150349649,0.000000000,NONE,0,0.049982735,0.000003014,-30.500000000,-2.345408618,-0.050151272,-27.213791889,-2.185240704,0.050154286,-3.286208111,-0.160167914,-0.224681077,-2.991374427,-0.242731152,-0.224325679,-2.423948956,-0.063300660,-0.000355398,-0.567425471,-0.179430492,-2.396499313,-450.000000000,-2.145056802,0.090071824,-0.002186645,-9.493175924,115.472418809,-114.274169153,109.527581191,-110.725830847,1.072528401,1.072528401
1786024407.221863747,39.200354776,0.000000000,NONE,0,0.050009410,0.000003014,-30.500000000,-2.345408618,-0.050408932,-27.335509730,-2.188186926,0.050411946,-3.164490270,-0.157221692,-0.222491601,-2.991310921,-0.241191719,-0.223881103,-2.423947126,-0.061228909,0.001389502,-0.567363796,-0.179962810,-2.253277737,-450.000000000,-2.184559232,0.089963703,-0.002176547,-9.493625310,115.436725762,-114.310086893,109.563274238,-110.689913107,1.092279616,1.092279616
1786024407.271873474,39.250364587,0.000000000,NONE,0,0.050010425,0.000003014,-30.500000000,-2.345408618,-0.050641923,-27.457226544,-2.190921491,0.050644938,-3.042773456,-0.154487127,-0.220126932,-2.991322175,-0.239238149,-0.222961162,-2.423952452,-0.058892952,0.002834230,-0.567369723,-0.180345197,-2.122596616,-450.000000000,-2.212837660,0.089856081,-0.002171751,-9.494050988,115.404161901,-114.342863593,109.595838099,-110.657136407,1.106418830,1.106418830
1786024407.321893692,39.300384578,0.000000000,NONE,0,0.050014952,0.000003014,-30.500000000,-2.345408618,-0.050829469,-27.578939681,-2.193458324,0.050832483,-2.921060319,-0.151950294,-0.217588758,-2.991422273,-0.236638807,-0.221641349,-2.423963068,-0.056075042,0.004052591,-0.567459205,-0.180563765,-2.000922865,-450.000000000,-2.229376720,0.089748350,-0.002170195,-9.494425612,115.373837119,-114.373375687,109.626162881,-110.626624313,1.114688360,1.114688360
1786024407.371860504,39.350351511,0.000000000,NONE,0,0.049958371,0.000003014,-30.500000000,-2.345408618,-0.050954198,-27.700646678,-2.195809295,0.050957212,-2.799353322,-0.149599323,-0.214878368,-2.991616938,-0.233260133,-0.219983734,-2.423976694,-0.052634597,0.005105366,-0.567640244,-0.180625536,-1.884998902,-450.000000000,-2.235079051,0.089640151,-0.002170008,-9.494728059,115.344931740,-114.402432289,109.655068260,-110.597567711,1.117539525,1.117539525
1786024407.421947479,39.400438504,0.000000000,TARGET_UPDATED,0,0.050079838,0.000003014,-31.500000000,-2.345408618,-0.051001293,-27.822345331,-2.197984333,0.051004307,-3.677654669,-0.147424285,-0.227489589,-2.990768815,-0.229023371,-0.218035001,-2.423992000,-0.048517339,-0.009454588,-0.566776814,-0.180506032,-3.336773296,-450.000000000,-2.227610873,0.089531415,-0.002169782,-9.494998876,115.707943043,-114.039556395,109.292056957,-110.960443605,1.113805437,1.113805437
1786024407.471880436,39.450371456,0.000000000,NONE,0,0.049949712,0.000003014,-31.500000000,-2.345408618,-0.051065106,-27.944043495,-2.199991511,0.051068120,-3.555956505,-0.145417107,-0.225613469,-2.991056828,-0.224179428,-0.220096131,-2.424009016,-0.043786451,-0.005517338,-0.567047813,-0.180392977,-2.690564775,-450.000000000,-2.224325170,0.089422093,-0.002172444,-9.495159696,115.546431118,-114.201148730,109.453568882,-110.798851270,1.112162585,1.112162585
1786024407.521887541,39.500378581,0.000000000,NONE,0,0.049995347,0.000003014,-31.500000000,-2.345408618,-0.051247690,-28.065749848,-2.201837635,0.051250704,-3.434250152,-0.143570983,-0.223474522,-2.991406793,-0.218913107,-0.221250009,-2.424023371,-0.038647397,-0.002224513,-0.567383422,-0.180265710,-2.460189009,-450.000000000,-2.219640543,0.089312367,-0.002175412,-9.495282388,115.488867849,-114.258773345,109.511132151,-110.741226655,1.109820271,1.109820271
1786024407.571889162,39.550380202,0.000000000,NONE,0,0.050010734,0.000003014,-31.500000000,-2.345408618,-0.051461709,-28.187456420,-2.203529108,0.051464723,-3.312543580,-0.141879510,-0.221152271,-2.991786824,-0.213530589,-0.221235128,-2.424034665,-0.033336715,0.000082857,-0.567752159,-0.180193874,-2.292213478,-450.000000000,-2.220227016,0.089202859,-0.002179476,-9.495403286,115.446904191,-114.300797452,109.553095809,-110.699202548,1.110113508,1.110113508
1786024407.621847630,39.600338679,0.000000000,NONE,0,0.049944211,0.000003014,-31.500000000,-2.345408618,-0.051670322,-28.309160005,-2.205072063,0.051673336,-3.190839995,-0.140336555,-0.218680937,-2.992168710,-0.208368288,-0.220600666,-2.424041691,-0.028132148,0.001919729,-0.568127018,-0.180236140,-2.139458934,-450.000000000,-2.229969133,0.089093808,-0.002186974,-9.495503656,115.408740648,-114.339011181,109.591259352,-110.660988819,1.114984567,1.114984567
1786024407.671885967,39.650376985,0.000000000,NONE,0,0.050036092,0.000003014,-31.500000000,-2.345408618,-0.051847094,-28.430858510,-2.206473246,0.051850108,-3.069141490,-0.138935373,-0.216084928,-2.992528937,-0.203739291,-0.219478865,-2.424044769,-0.023312266,0.003393936,-0.568484168,-0.180427025,-2.004395529,-450.000000000,-2.250813743,0.088985052,-0.002199451,-9.495583332,115.374994715,-114.372796951,109.625005285,-110.627203049,1.125406872,1.125406872
1786024407.721893072,39.700384043,0.000000000,NONE,0,0.050008673,0.000003014,-31.500000000,-2.345408618,-0.051970302,-28.552550355,-2.207740619,0.051973316,-2.947449645,-0.137667999,-0.213383061,-2.992849900,-0.199900532,-0.217964401,-2.424044959,-0.019123487,0.004581341,-0.568804941,-0.180777046,-1.883401231,-450.000000000,-2.283019624,0.088876081,-0.002218010,-9.495569226,115.344742614,-114.403041999,109.655257386,-110.596958001,1.141509812,1.141509812
1786024407.771887302,39.750378281,0.000000000,NONE,0,0.050000968,0.000003014,-31.500000000,-2.345408618,-0.052022544,-28.674234349,-2.208883715,0.052025558,-2.825765651,-0.136524903,-0.210588140,-2.993120163,-0.197033459,-0.216135303,-2.424043416,-0.015759293,0.005547164,-0.569076748,-0.181274166,-1.773213167,-450.000000000,-2.325293035,0.088766202,-0.002241776,-9.495418074,115.317157810,-114.430551227,109.682842190,-110.569448773,1.162646517,1.162646517
1786024407.821907282,39.800398122,0.000000000,TARGET_UPDATED,0,0.050018206,0.000003014,-32.500000000,-2.345408618,-0.051989831,-28.795909538,-2.209913706,0.051992845,-3.704090462,-0.135494912,-0.223235489,-2.992213769,-0.195269402,-0.214051458,-2.424040925,-0.013346653,-0.009184031,-0.568172844,-0.181922749,-3.232887071,-450.000000000,-2.378268244,0.088654797,-0.002268136,-9.495110747,115.681999455,-114.065555919,109.318000545,-110.934444081,1.189134122,1.189134122
1786024407.871848106,39.850339265,0.000000000,NONE,0,0.049949237,0.000003014,-32.500000000,-2.345408618,-0.051968029,-28.917584674,-2.210843262,0.051971044,-3.582415326,-0.134565356,-0.221412427,-2.992299705,-0.194580677,-0.216021664,-2.424038356,-0.011969951,-0.005390763,-0.568261349,-0.182610727,-2.596296468,-450.000000000,-2.431793936,0.088541646,-0.002295688,-9.494628323,115.522731198,-114.224582964,109.477268802,-110.775417036,1.215896968,1.215896968
1786024407.921869278,39.900360227,0.000000000,NONE,0,0.050028464,0.000003014,-32.500000000,-2.345408618,-0.052061223,-29.039268949,-2.211686020,0.052064237,-3.460731051,-0.133722599,-0.219406189,-2.992343281,-0.194875629,-0.217135226,-2.424031964,-0.011570843,-0.002270963,-0.568311317,-0.183304786,-2.380558192,-450.000000000,-2.485063091,0.088426916,-0.002316451,-9.494090032,115.468662056,-114.278382960,109.531337944,-110.721617040,1.242531546,1.242531546
1786024407.971876860,39.950367714,0.000000000,NONE,0,0.049985441,0.000003014,-32.500000000,-2.345408618,-0.052184522,-29.160954767,-2.212455655,0.052187536,-3.339045233,-0.132952963,-0.217285621,-2.992352664,-0.195919867,-0.217135624,-2.424023407,-0.011968755,-0.000149997,-0.568329258,-0.183951112,-2.229057060,-450.000000000,-2.533960286,0.088310980,-0.002326874,-9.493539461,115.430649130,-114.316120600,109.569350870,-110.683879400,1.266980143,1.266980143
1786024408.021903515,40.000394624,0.000000000,NONE,0,0.049997685,0.000003014,-32.500000000,-2.345408618,-0.052303966,-29.282639073,-2.213164935,0.052306980,-3.217360927,-0.132243683,-0.215073266,-2.992343767,-0.197411126,-0.216573353,-2.424013476,-0.012912754,0.001500087,-0.568330291,-0.184498372,-2.093812380,-450.000000000,-2.574896248,0.088194599,-0.002324897,-9.493067776,115.396720039,-114.349813849,109.603279961,-110.650186151,1.287448124,1.287448124
1786024408.071852446,40.050343602,0.000000000,NONE,0,0.049999184,0.000003014,-32.500000000,-2.345408618,-0.052396038,-29.404319804,-2.213824913,0.052399052,-3.095680196,-0.131583705,-0.212780816,-2.992335607,-0.199020233,-0.215579856,-2.424003751,-0.014108831,0.002799040,-0.568331856,-0.184911402,-1.976038934,-450.000000000,-2.605746033,0.088078742,-0.002310038,-9.492755515,115.367198612,-114.379179145,109.632801388,-110.620820855,1.302873016,1.302873016
1786024408.121889114,40.100379928,0.000000000,NONE,0,0.050023535,0.000003014,-32.500000000,-2.345408618,-0.052441792,-29.525995355,-2.214444276,0.052444806,-2.974004645,-0.130964342,-0.210413064,-2.992347496,-0.200434628,-0.214246717,-2.423995716,-0.015261771,0.003833653,-0.568351779,-0.185172858,-1.871362708,-450.000000000,-2.625645349,0.087964350,-0.002283909,-9.492666061,115.341007192,-114.405325838,109.658992808,-110.594674162,1.312822675,1.312822675
1786024408.171882868,40.150373629,0.000000000,NONE,0,0.049983662,0.000003014,-32.500000000,-2.345408618,-0.052426279,-29.647664481,-2.215029070,0.052429293,-2.852335519,-0.130379548,-0.207967368,-2.992396838,-0.201390406,-0.212646744,-2.423990323,-0.016108856,0.004679376,-0.568406515,-0.185281550,-1.775452431,-450.000000000,-2.634832246,0.087852104,-0.002250113,-9.492806713,115.317064786,-114.429338571,109.682935214,-110.570661429,1.317416123,1.317416123
1786024408.221936464,40.200427336,0.000000000,TARGET_UPDATED,0,0.050061576,0.000003014,-33.500000000,-2.345408618,-0.052337497,-29.769326158,-2.215582747,0.052340511,-3.730673842,-0.129825871,-0.220804503,-2.991401936,-0.201700345,-0.210831093,-2.423987853,-0.016442570,-0.009973410,-0.567414083,-0.185257774,-3.227058331,-450.000000000,-2.635155582,0.087742272,-0.002213157,-9.493174670,115.680058250,-114.066529085,109.319941750,-110.933470915,1.317577791,1.317577791
1786024408.271868229,40.250359213,0.000000000,NONE,0,0.049947788,0.000003014,-33.500000000,-2.345408618,-0.052271395,-29.890988839,-2.216106494,0.052274409,-3.609011161,-0.129302124,-0.219272915,-2.991494142,-0.201246188,-0.213044396,-2.423989088,-0.016146456,-0.006228519,-0.567505053,-0.185099732,-2.602695576,-450.000000000,-2.626026085,0.087634458,-0.002180575,-9.493629719,115.524081324,-114.222733536,109.475918676,-110.777266464,1.313013043,1.313013043
1786024408.321889877,40.300380748,0.000000000,NONE,0,0.050003213,0.000003014,-33.500000000,-2.345408618,-0.052331341,-30.012661444,-2.216599666,0.052334355,-3.487338556,-0.128808953,-0.217523080,-2.991657114,-0.200007120,-0.214417418,-2.423991239,-0.015150585,-0.003105663,-0.567665875,-0.184856535,-2.391463493,-450.000000000,-2.611924567,0.087527935,-0.002152501,-9.494141995,115.471401372,-114.275669626,109.528598628,-110.724330374,1.305962284,1.305962284
1786024408.371870279,40.350361288,0.000000000,NONE,0,0.049995069,0.000003014,-33.500000000,-2.345408618,-0.052433179,-30.134336498,-2.217060131,0.052436193,-3.365663502,-0.128348487,-0.215608215,-2.991882385,-0.198035088,-0.214681280,-2.423996081,-0.013463903,-0.000926934,-0.567886304,-0.184571185,-2.240071889,-450.000000000,-2.595719875,0.087422272,-0.002131288,-9.494642391,115.433678570,-114.313642626,109.566321430,-110.686357374,1.297859937,1.297859937
1786024408.421847582,40.400338498,0.000000000,NONE,0,0.049960916,0.000003014,-33.500000000,-2.345408618,-0.052542493,-30.256010962,-2.217485036,0.052545507,-3.243989038,-0.127923582,-0.213538638,-2.992157110,-0.195491881,-0.214365078,-2.424002594,-0.011199766,0.000826440,-0.568154516,-0.184292115,-2.100964074,-450.000000000,-2.580910536,0.087316946,-0.002118908,-9.495065025,115.399007275,-114.348525238,109.600992725,-110.651474762,1.290455268,1.290455268
1786024408.471876144,40.450367149,0.000000000,NONE,0,0.050041069,0.000003014,-33.500000000,-2.345408618,-0.052634587,-30.377682704,-2.217871439,0.052637601,-3.122317296,-0.127537179,-0.211318098,-2.992464129,-0.192616193,-0.213583802,-2.424009539,-0.008548957,0.002265705,-0.568454590,-0.184067236,-1.975879992,-450.000000000,-2.570866278,0.087211511,-0.002115828,-9.495389304,115.367817324,-114.379877328,109.632182676,-110.620122672,1.285433139,1.285433139
1786024408.521873236,40.500364252,0.000000000,NONE,0,0.049983271,0.000003014,-33.500000000,-2.345408618,-0.052688749,-30.499349986,-2.218216985,0.052691763,-3.000650014,-0.127191633,-0.208948971,-2.992784629,-0.189684852,-0.212416004,-2.424015901,-0.005749643,0.003467033,-0.568768728,-0.183935209,-1.860943228,-450.000000000,-2.568073727,0.087105636,-0.002121855,-9.495566684,115.339127478,-114.408655864,109.660872522,-110.591344136,1.284036863,1.284036863
1786024408.571870565,40.550361515,0.000000000,NONE,0,0.050020196,0.000003014,-33.500000000,-2.345408618,-0.052687827,-30.621011408,-2.218520528,0.052690841,-2.878988592,-0.126888090,-0.206432250,-2.993100869,-0.186973883,-0.210925396,-2.424021153,-0.003053986,0.004493146,-0.569079716,-0.183919897,-1.752914731,-450.000000000,-2.573937089,0.086999109,-0.002135339,-9.495613077,115.312131952,-114.435674586,109.687868048,-110.564325414,1.286968544,1.286968544
1786024408.621884346,40.600375482,0.000000000,NONE,0,0.049966801,0.000003014,-33.500000000,-2.345408618,-0.052617347,-30.742665799,-2.218782581,0.052620362,-2.757334201,-0.126626037,-0.203767932,-2.993398003,-0.184726475,-0.209159586,-2.424025228,-0.000698819,0.005391653,-0.569372775,-0.184027656,-1.649265356,-450.000000000,-2.588540541,0.086891820,-0.002154255,-9.495524238,115.286197399,-114.461564720,109.713802601,-110.538435280,1.294270271,1.294270271
1786024408.671939850,40.650430741,0.000000000,TARGET_UPDATED,0,0.050082771,0.000003014,-34.500000000,-2.345408618,-0.052464799,-30.864312126,-2.219005585,0.052467814,-3.635687874,-0.126403033,-0.217336577,-2.992522654,-0.183092493,-0.207153276,-2.424028276,0.001117318,-0.010183301,-0.568494379,-0.184209812,-3.185557326,-450.000000000,-2.607384792,0.086783717,-0.002175973,-9.495351608,115.670227233,-114.077448571,109.329772767,-110.922551429,1.303692396,1.303692396
1786024408.721905231,40.700396119,0.000000000,NONE,0,0.049968828,0.000003014,-34.500000000,-2.345408618,-0.052331599,-30.985959261,-2.219193891,0.052334613,-3.514040739,-0.126214727,-0.215570114,-2.992681001,-0.182298672,-0.209406019,-2.424031593,0.002239610,-0.006164094,-0.568649408,-0.184538282,-2.516660299,-450.000000000,-2.637924686,0.086674847,-0.002200981,-9.495053980,115.502928570,-114.244598420,109.497071430,-110.755401580,1.318962343,1.318962343
1786024408.771878481,40.750369439,0.000000000,NONE,0,0.049967815,0.000003014,-34.500000000,-2.345408618,-0.052326901,-31.107616543,-2.219353659,0.052329915,-3.392383457,-0.126054959,-0.213548674,-2.992808065,-0.182343139,-0.210751179,-2.424032420,0.002565759,-0.002797495,-0.568775645,-0.184908897,-2.286412657,-450.000000000,-2.669331105,0.086565269,-0.002223007,-9.494718398,115.445282764,-114.302076435,109.554717236,-110.697923565,1.334665552,1.334665552
1786024408.821878433,40.800369572,0.000000000,NONE,0,0.049996154,0.000003014,-34.500000000,-2.345408618,-0.052360658,-31.229276008,-2.219492386,0.052363672,-3.270723992,-0.125916232,-0.211348098,-2.992900694,-0.183169146,-0.210902445,-2.424031454,0.002116215,-0.000445652,-0.568869240,-0.185285361,-2.121043851,-450.000000000,-2.700428134,0.086454898,-0.002239607,-9.494367587,115.403852860,-114.343330934,109.596147140,-110.656669066,1.350214067,1.350214067
1786024408.871870995,40.850361936,0.000000000,NONE,0,0.050002748,0.000003014,-34.500000000,-2.345408618,-0.052395740,-31.350934257,-2.219617777,0.052398754,-3.149065743,-0.125790841,-0.208998547,-2.992963863,-0.184633223,-0.210427119,-2.424027711,0.000995043,0.001428572,-0.568936152,-0.185628265,-1.970998732,-450.000000000,-2.728400239,0.086343718,-0.002249574,-9.494008343,115.366251769,-114.380752403,109.633748231,-110.619247597,1.364200120,1.364200120
1786024408.921897411,40.900388384,0.000000000,NONE,0,0.050028045,0.000003014,-34.500000000,-2.345408618,-0.052405663,-31.472588866,-2.219737220,0.052408677,-3.027411134,-0.125671399,-0.206522115,-2.993007589,-0.186518400,-0.209456366,-2.424021591,-0.000620430,0.002934250,-0.568985999,-0.185897970,-1.838882313,-450.000000000,-2.750463015,0.086231862,-0.002251505,-9.493668590,115.333137726,-114.413696569,109.666862274,-110.586303431,1.375231508,1.375231508
1786024408.971874237,40.950365272,0.000000000,NONE,0,0.049970495,0.000003014,-34.500000000,-2.345408618,-0.052368632,-31.594237912,-2.219857107,0.052371646,-2.905762088,-0.125551512,-0.203937415,-2.993045099,-0.188567564,-0.208084901,-2.424014166,-0.002502315,0.004147486,-0.569030933,-0.186065249,-1.721192015,-450.000000000,-2.764777897,0.086119683,-0.002244494,-9.493371241,115.303640814,-114.443044806,109.696359186,-110.556955194,1.382388949,1.382388949
1786024409.021882057,41.000373053,0.000000000,NONE,0,0.050007324,0.000003014,-34.500000000,-2.345408618,-0.052267161,-31.715879941,-2.219982118,0.052270175,-2.784120059,-0.125426501,-0.201258624,-2.993091081,-0.190518534,-0.206393201,-2.424006719,-0.004401863,0.005134577,-0.569084362,-0.186116672,-1.614598440,-450.000000000,-2.770711831,0.086007735,-0.002228211,-9.493180245,115.276944671,-114.469645451,109.723055329,-110.530354549,1.385355915,1.385355915
1786024409.071929932,41.050420818,0.000000000,TARGET_UPDATED,0,0.050069069,0.000003014,-35.500000000,-2.345408618,-0.052087167,-31.837513855,-2.220114823,0.052090181,-3.662486145,-0.125293795,-0.214477809,-2.992055171,-0.192163545,-0.204444393,-2.424000371,-0.006082165,-0.010033416,-0.568054800,-0.186081380,-3.109777609,-450.000000000,-2.771166665,0.085896674,-0.002203927,-9.493139772,115.650729345,-114.095840541,109.349270655,-110.904159459,1.385583332,1.385583332
1786024409.121891737,41.100382849,0.000000000,NONE,0,0.049935869,0.000003014,-35.500000000,-2.345408618,-0.051926692,-31.959148266,-2.220255687,0.051929706,-3.540851734,-0.125152931,-0.212778786,-2.992090858,-0.193286869,-0.206642243,-2.423996962,-0.007375172,-0.006136544,-0.568093896,-0.185911697,-2.460510167,-450.000000000,-2.761237559,0.085786927,-0.002176700,-9.493199961,115.488427532,-114.258172448,109.511572468,-110.741827552,1.380618779,1.380618779
1786024409.171881437,41.150372569,0.000000000,NONE,0,0.050011412,0.000003014,-35.500000000,-2.345408618,-0.051892205,-32.080792346,-2.220403286,0.051895219,-3.419207654,-0.125005332,-0.210893000,-2.992179014,-0.193773427,-0.207970091,-2.423994301,-0.008125501,-0.002922908,-0.568184713,-0.185647926,-2.243431068,-450.000000000,-2.745539669,0.085678697,-0.002145759,-9.493420809,115.434212969,-114.312497435,109.565787031,-110.687502565,1.372769835,1.372769835
1786024409.221857786,41.200348775,0.000000000,NONE,0,0.049958791,0.000003014,-35.500000000,-2.345408618,-0.051896786,-32.202438659,-2.220554572,0.051899800,-3.297561341,-0.124854046,-0.208889204,-2.992319866,-0.193549263,-0.208163485,-2.423993959,-0.008228510,-0.000725719,-0.568325908,-0.185320753,-2.091769054,-450.000000000,-2.725992060,0.085572278,-0.002114510,-9.493769918,115.396384743,-114.350500216,109.603615257,-110.649499784,1.362996030,1.362996030
1786024409.271867990,41.250359008,0.000000000,NONE,0,0.050033656,0.000003014,-35.500000000,-2.345408618,-0.051905579,-32.324084227,-2.220705322,0.051908593,-3.175915773,-0.124703296,-0.206787135,-2.992511509,-0.192622688,-0.207781739,-2.423995670,-0.007660985,0.000994604,-0.568515840,-0.184961703,-1.956438479,-450.000000000,-2.704858442,0.085467600,-0.002087372,-9.494219578,115.362664514,-114.384445275,109.637335486,-110.615554725,1.352429221,1.352429221
1786024409.321884871,41.300375972,0.000000000,NONE,0,0.050003296,0.000003014,-35.500000000,-2.345408618,-0.051894275,-32.445727003,-2.220850733,0.051897289,-3.054272997,-0.124557885,-0.204594532,-2.992746936,-0.191088606,-0.206954011,-2.423999325,-0.006480075,0.002359480,-0.568747611,-0.184608531,-1.838545484,-450.000000000,-2.684865130,0.085364277,-0.002067558,-9.494688927,115.333308603,-114.414035861,109.666691397,-110.585964139,1.342432565,1.342432565
1786024409.371904373,41.350395126,0.000000000,NONE,0,0.050020607,0.000003014,-35.500000000,-2.345408618,-0.051843137,-32.567365354,-2.220985976,0.051846151,-2.932634646,-0.124422642,-0.202312351,-2.993014631,-0.189117339,-0.205768305,-2.424004180,-0.004817662,0.003455954,-0.569010450,-0.184299677,-1.733745982,-450.000000000,-2.668743207,0.085261679,-0.002057381,-9.495112487,115.307214617,-114.440341626,109.692785383,-110.559658374,1.334371604,1.334371604
1786024409.421878815,41.400369841,0.000000000,NONE,0,0.049966325,0.000003014,-35.500000000,-2.345408618,-0.051736446,-32.688998004,-2.221106775,0.051739460,-2.811001996,-0.124301843,-0.199935342,-2.993300613,-0.186927616,-0.204294758,-2.424009365,-0.002859772,0.004359416,-0.569291248,-0.184067844,-1.637656164,-450.000000000,-2.658648173,0.085159073,-0.002057605,-9.495411937,115.283267025,-114.464438943,109.716732975,-110.535561057,1.329324086,1.329324086
1786024409.471953630,41.450444638,0.000000000,TARGET_UPDATED,0,0.050082135,0.000003014,-36.500000000,-2.345408618,-0.051561468,-32.810623937,-2.221209932,0.051564482,-3.689376063,-0.124198686,-0.213003323,-2.992524020,-0.184760730,-0.202583289,-2.424014221,-0.000819933,-0.010420034,-0.568509799,-0.183940797,-3.095294945,-450.000000000,-2.656463983,0.085055793,-0.002067096,-9.495574170,115.647717279,-114.100069806,109.352282721,-110.899930194,1.328231992,1.328231992
1786024409.521877289,41.500368077,0.000000000,NONE,0,0.049913796,0.000003014,-36.500000000,-2.345408618,-0.051414008,-32.932251422,-2.221293777,0.051417022,-3.567748578,-0.124114841,-0.211511076,-2.992739594,-0.182846650,-0.204901604,-2.424019514,0.001065036,-0.006609472,-0.568720080,-0.183911685,-2.465159382,-450.000000000,-2.660969570,0.084951365,-0.002086532,-9.495506080,115.490166366,-114.257586674,109.509833634,-110.742413326,1.330484785,1.330484785
1786024409.571870327,41.550361281,0.000000000,NONE,0,0.049991957,0.000003014,-36.500000000,-2.345408618,-0.051395611,-33.053889053,-2.221358504,0.051398625,-3.446110947,-0.124050114,-0.209790770,-2.992943860,-0.181380418,-0.206319784,-2.424022745,0.002602529,-0.003470986,-0.568921115,-0.183982947,-2.255925545,-450.000000000,-2.672565401,0.084845661,-0.002108772,-9.495310588,115.437809033,-114.309846261,109.562190967,-110.690153739,1.336282701,1.336282701
1786024409.621868134,41.600359005,0.000000000,NONE,0,0.049998857,0.000003014,-36.500000000,-2.345408618,-0.051422714,-33.175529685,-2.221406070,0.051425728,-3.324470315,-0.124002549,-0.207898680,-2.993125394,-0.180488045,-0.206653409,-2.424025516,0.003649127,-0.001245272,-0.569099878,-0.184137171,-2.102977360,-450.000000000,-2.689623575,0.084738829,-0.002130173,-9.495023718,115.399500270,-114.348011589,109.600499730,-110.651988411,1.344811788,1.344811788
1786024409.671887636,41.650378644,0.000000000,NONE,0,0.050015197,0.000003014,-36.500000000,-2.345408618,-0.051461091,-33.297170330,-2.221440018,0.051464105,-3.202829670,-0.123968600,-0.205848877,-2.993278819,-0.180240480,-0.206401133,-2.424027344,0.004109231,0.000552256,-0.569251475,-0.184349711,-1.963229549,-450.000000000,-2.710276398,0.084631121,-0.002148547,-9.494688962,115.364479628,-114.382864853,109.635520372,-110.617135147,1.355138199,1.355138199
1786024409.721882105,41.700373095,0.000000000,NONE,0,0.050013634,0.000003014,-36.500000000,-2.345408618,-0.051485610,-33.418808742,-2.221464992,0.051488624,-3.081191258,-0.123943626,-0.203649222,-2.993402739,-0.180642159,-0.205676015,-2.424027690,0.003949620,0.002026793,-0.569375048,-0.184591779,-1.838193721,-450.000000000,-2.732427796,0.084522833,-0.002162189,-9.494344139,115.333134465,-114.414037605,109.666865535,-110.585962395,1.366213898,1.366213898
1786024409.771858931,41.750349933,0.000000000,NONE,0,0.049964910,0.000003014,-36.500000000,-2.345408618,-0.051475230,-33.540442991,-2.221486227,0.051478244,-2.959557009,-0.123922391,-0.201305568,-2.993500000,-0.181621933,-0.204560140,-2.424025851,0.003207744,0.003254572,-0.569474149,-0.184829677,-1.724080719,-450.000000000,-2.753619388,0.084414263,-0.002169849,-9.494017411,115.304524533,-114.442484173,109.695475467,-110.557515827,1.376809694,1.376809694
1786024409.821864605,41.800355607,0.000000000,NONE,0,0.050010579,0.000003014,-36.500000000,-2.345408618,-0.051412557,-33.662071480,-2.221509015,0.051415572,-2.837928520,-0.123899604,-0.198821651,-2.993577568,-0.183039058,-0.203119978,-2.424021860,0.001989826,0.004298327,-0.569555708,-0.185028884,-1.617637622,-450.000000000,-2.771412613,0.084305683,-0.002170653,-9.493755316,115.277848234,-114.469029423,109.722151766,-110.530970577,1.385706306,1.385706306
1786024409.871948004,41.850438994,0.000000000,TARGET_UPDATED,0,0.050080329,0.000003014,-37.500000000,-2.345408618,-0.051282966,-33.783692906,-2.221538154,0.051285980,-3.716307094,-0.123870464,-0.211401816,-2.992612336,-0.184673855,-0.201405469,-2.424016331,0.000454383,-0.009996347,-0.568596006,-0.185128237,-3.028060343,-450.000000000,-2.781003528,0.084197334,-0.002164719,-9.493580036,115.630410095,-114.116379923,109.369589905,-110.883620077,1.390501764,1.390501764
1786024409.921847582,41.900338484,0.000000000,NONE,0,0.049913094,0.000003014,-37.500000000,-2.345408618,-0.051182518,-33.905315433,-2.221577378,0.051185532,-3.594684567,-0.123831240,-0.209723591,-2.992619334,-0.186406626,-0.203689243,-2.424011263,-0.001220349,-0.006034348,-0.568608071,-0.185186277,-2.391963460,-450.000000000,-2.788866883,0.084089348,-0.002155101,-9.493431620,115.471348770,-114.275367040,109.528651230,-110.724632960,1.394433442,1.394433442
1786024409.971879482,41.950370488,0.000000000,NONE,0,0.050031961,0.000003014,-37.500000000,-2.345408618,-0.051203576,-34.026946835,-2.221629037,0.051206591,-3.473053165,-0.123779581,-0.207814328,-2.992648380,-0.187994669,-0.204934698,-2.424005258,-0.002856580,-0.002879631,-0.568643122,-0.185138089,-2.181047012,-450.000000000,-2.787999144,0.083981798,-0.002138465,-9.493397540,115.418611138,-114.328087632,109.581388862,-110.671912368,1.393999572,1.393999572
1786024410.021914005,42.000404974,0.000000000,NONE,0,0.049995285,0.000003014,-37.500000000,-2.345408618,-0.051261837,-34.148580097,-2.221693895,0.051264851,-3.351419903,-0.123714724,-0.205743528,-2.992706386,-0.189248740,-0.205102219,-2.424000690,-0.004256845,-0.000641310,-0.568705697,-0.184991895,-2.024193468,-450.000000000,-2.780428938,0.083874928,-0.002116795,-9.493451308,115.379411194,-114.367314460,109.620588806,-110.632685540,1.390214469,1.390214469
1786024410.071890831,42.050381860,0.000000000,NONE,0,0.050008003,0.000003014,-37.500000000,-2.345408618,-0.051323126,-34.270212430,-2.221770821,0.051326140,-3.229787570,-0.123637797,-0.203538069,-2.992800659,-0.190028040,-0.204686200,-2.423997648,-0.005264660,0.001148131,-0.568803011,-0.184763380,-1.882725478,-450.000000000,-2.767407242,0.083768974,-0.002092456,-9.493596654,115.344080533,-114.402717794,109.655919467,-110.597282206,1.383703621,1.383703621
1786024410.121869326,42.100360419,0.000000000,NONE,0,0.049987354,0.000003014,-37.500000000,-2.345408618,-0.051362288,-34.391841788,-2.221857195,0.051365303,-3.108158212,-0.123551423,-0.201217996,-2.992935703,-0.190245479,-0.203804022,-2.423996232,-0.005772646,0.002586026,-0.568939471,-0.184472833,-1.758607729,-450.000000000,-2.750436796,0.083664157,-0.002067824,-9.493821939,115.313107417,-114.433803552,109.686892583,-110.566196448,1.375218398,1.375218398
1786024410.171873808,42.150364843,0.000000000,NONE,0,0.050004520,0.000003014,-37.500000000,-2.345408618,-0.051358653,-34.513466483,-2.221949290,0.051361667,-2.986533517,-0.123459329,-0.198799375,-2.993112343,-0.189874357,-0.202545765,-2.423996471,-0.005728733,0.003746390,-0.569115872,-0.184145624,-1.648298806,-450.000000000,-2.731405098,0.083560609,-0.002045246,-9.494120657,115.285604866,-114.461455463,109.714395134,-110.538544537,1.365702549,1.365702549
1786024410.221905708,42.200396628,0.000000000,NONE,0,0.049982410,0.000003014,-37.500000000,-2.345408618,-0.051295621,-34.635085178,-2.222042713,0.051298635,-2.864914822,-0.123365905,-0.196293339,-2.993327121,-0.188957011,-0.200986053,-2.423998506,-0.005144867,0.004692714,-0.569328615,-0.183812144,-1.548441343,-450.000000000,-2.712526755,0.083458299,-0.002027152,-9.494459737,115.260725270,-114.486504599,109.739274730,-110.513495401,1.356263377,1.356263377
1786024410.271879435,42.250370419,0.000000000,NONE,0,0.050020503,0.000003014,-37.500000000,-2.345408618,-0.051159780,-34.756696814,-2.222132893,0.051162794,-2.743303186,-0.123275725,-0.193705870,-2.993572452,-0.187603419,-0.199181887,-2.424001942,-0.004098752,0.005476017,-0.569570510,-0.183504668,-1.456440846,-450.000000000,-2.696117908,0.083356995,-0.002015535,-9.494810660,115.237812877,-114.509592454,109.762187123,-110.490407546,1.348058954,1.348058954
1786024410.321928978,42.300420069,0.000000000,TARGET_UPDATED,0,0.050061364,0.000003014,-38.500000000,-2.345408618,-0.050940154,-34.878300543,-2.222215582,0.050943168,-3.621699457,-0.123193036,-0.207093396,-2.992768490,-0.186000724,-0.197176075,-2.424006106,-0.002721284,-0.009917321,-0.568762384,-0.183279440,-2.959405545,-450.000000000,-2.686587481,0.083256266,-0.002011897,-9.495124584,115.613632532,-114.133929760,109.386367468,-110.866070240,1.343293740,1.343293740
1786024410.371853590,42.350344610,0.000000000,NONE,0,0.049911255,0.000003014,-38.500000000,-2.345408618,-0.050741873,-34.999905247,-2.222287386,0.050744887,-3.500094753,-0.123121232,-0.205489264,-2.992976818,-0.184313082,-0.199455775,-2.424011488,-0.001208822,-0.006033489,-0.568965330,-0.183104260,-2.309649622,-450.000000000,-2.679883636,0.083155490,-0.002019373,-9.495288515,115.451234534,-114.296409723,109.548765466,-110.703590277,1.339941818,1.339941818
1786024410.421877861,42.400368654,0.000000000,NONE,0,0.050004563,0.000003014,-38.500000000,-2.345408618,-0.050666087,-35.121519320,-2.222346136,0.050669101,-3.378480680,-0.123062483,-0.203689852,-2.993190775,-0.182741000,-0.200720022,-2.424015194,0.000272073,-0.002969829,-0.569175581,-0.183013073,-2.107327699,-450.000000000,-2.679762513,0.083054135,-0.002032883,-9.495351208,115.400669727,-114.347005877,109.599330273,-110.652994123,1.339881256,1.339881256
1786024410.471847773,42.450338624,0.000000000,NONE,0,0.049994950,0.000003014,-38.500000000,-2.345408618,-0.050627833,-35.243135698,-2.222391017,0.050630847,-3.256864302,-0.123017601,-0.201759186,-2.993396382,-0.181442350,-0.200919186,-2.424018682,0.001568797,-0.000840000,-0.569377699,-0.183011146,-1.960883376,-450.000000000,-2.685987520,0.082951898,-0.002050321,-9.495292198,115.364043893,-114.383602206,109.635956107,-110.616397794,1.342993760,1.342993760
1786024410.521909237,42.500400169,0.000000000,NONE,0,0.050021836,0.000003014,-38.500000000,-2.345408618,-0.050594528,-35.364751650,-2.222422755,0.050597542,-3.135248350,-0.122985863,-0.199713150,-2.993584909,-0.180544936,-0.200564009,-2.424021441,0.002542491,0.000850859,-0.569563468,-0.183087427,-1.829023512,-450.000000000,-2.697469833,0.082848557,-0.002069603,-9.495120577,115.331036022,-114.416524266,109.668963978,-110.583475734,1.348734917,1.348734917
1786024410.571850061,42.550340909,0.000000000,NONE,0,0.049971819,0.000003014,-38.500000000,-2.345408618,-0.050542204,-35.486365133,-2.222443599,0.050545218,-3.013634867,-0.122965019,-0.197559515,-2.993750838,-0.180130650,-0.199758499,-2.424023333,0.003092650,0.002198984,-0.569727504,-0.183223300,-1.714090920,-450.000000000,-2.712752939,0.082744070,-0.002088144,-9.494845971,115.302234223,-114.445188763,109.697765777,-110.554811237,1.356376469,1.356376469
1786024410.621866941,42.600358065,0.000000000,NONE,0,0.050001946,0.000003014,-38.500000000,-2.345408618,-0.050451982,-35.607974506,-2.222456823,0.050454996,-2.892025494,-0.122951795,-0.195300710,-2.993891834,-0.180230113,-0.198606930,-2.424024139,0.003169341,0.003306220,-0.569867695,-0.183399454,-1.610075515,-450.000000000,-2.730472861,0.082638586,-0.002103566,-9.494517187,115.276148175,-114.471110418,109.723851825,-110.528889582,1.365236430,1.365236430
1786024410.671871901,42.650362865,0.000000000,NONE,0,0.050008016,0.000003014,-38.500000000,-2.345408618,-0.050308336,-35.729578380,-2.222466484,0.050311350,-2.770421620,-0.122942134,-0.192935154,-2.994009043,-0.180815122,-0.197164810,-2.424023297,0.002772042,0.004229656,-0.569985746,-0.183587164,-1.514430401,-450.000000000,-2.748433651,0.082532432,-0.002113824,-9.494176893,115.252151824,-114.494936623,109.747848176,-110.505063377,1.374216826,1.374216826
1786024410.721952438,42.700443563,0.000000000,TARGET_UPDATED,0,0.050093933,0.000003014,-39.500000000,-2.345408618,-0.050098388,-35.851175588,-2.222476962,0.050101402,-3.648824412,-0.122931657,-0.205970618,-2.993080263,-0.181794051,-0.195481766,-2.424020629,0.001959951,-0.010488852,-0.569059634,-0.183754002,-2.958145852,-450.000000000,-2.764291688,0.082426043,-0.002117673,-9.493885325,115.613007794,-114.133934868,109.386992206,-110.866065132,1.382145844,1.382145844
1786024410.771902561,42.750393411,0.000000000,NONE,0,0.049936499,0.000003014,-39.500000000,-2.345408618,-0.049921572,-35.972774316,-2.222492466,0.049924586,-3.527225684,-0.122916152,-0.204477246,-2.993104403,-0.183054493,-0.197895330,-2.424017567,0.000822400,-0.006581916,-0.569086835,-0.183876893,-2.322597387,-450.000000000,-2.776615601,0.082319840,-0.002117297,-9.493614360,115.454052937,-114.292754243,109.545947063,-110.707245757,1.388307801,1.388307801
1786024410.821855545,42.800346556,0.000000000,NONE,0,0.049952982,0.000003014,-39.500000000,-2.345408618,-0.049873548,-36.094382355,-2.222516599,0.049876562,-3.405617645,-0.122892019,-0.202757799,-2.993134752,-0.184429223,-0.199290397,-2.424012354,-0.000498640,-0.003467402,-0.569122398,-0.183930583,-2.118298952,-450.000000000,-2.783581650,0.082214139,-0.002108784,-9.493457139,115.402939023,-114.343789547,109.597060977,-110.656210453,1.391790825,1.391790825
1786024410.871846437,42.850337370,0.000000000,NONE,0,0.050009074,0.000003014,-39.500000000,-2.345408618,-0.049870221,-36.215992791,-2.222551824,0.049873235,-3.284007209,-0.122856794,-0.200872238,-2.993177661,-0.185738696,-0.199619295,-2.424007419,-0.001834008,-0.001252943,-0.569170242,-0.183904687,-1.967224224,-450.000000000,-2.784774812,0.082109222,-0.002093470,-9.493429288,115.365163378,-114.381551266,109.634836622,-110.618448734,1.392387406,1.392387406
1786024410.921870947,42.900361959,0.000000000,NONE,0,0.050011426,0.000003014,-39.500000000,-2.345408618,-0.049878025,-36.337602914,-2.222599198,0.049881039,-3.162397086,-0.122809420,-0.198836199,-2.993241740,-0.186823170,-0.199375498,-2.424003097,-0.003025234,0.000539299,-0.569238644,-0.183797936,-1.829297954,-450.000000000,-2.780281538,0.082005240,-0.002074111,-9.493506765,115.330701180,-114.416052203,109.669298820,-110.583947797,1.390140769,1.390140769
1786024410.971881390,42.950372385,0.000000000,NONE,0,0.050023307,0.000003014,-39.500000000,-2.345408618,-0.049872075,-36.459210749,-2.222658297,0.049875089,-3.040789251,-0.122750322,-0.196658954,-2.993334439,-0.187553683,-0.198667235,-2.423999855,-0.003936070,0.002008280,-0.569334585,-0.183617614,-1.706501944,-450.000000000,-2.770781297,0.081902239,-0.002053014,-9.493671696,115.300043410,-114.446792438,109.699956590,-110.553207562,1.385390648,1.385390648
1786024411.022005081,43.000495853,0.000000000,NONE,0,0.049961557,0.000003014,-39.500000000,-2.345408618,-0.049831521,-36.580814652,-2.222727343,0.049834535,-2.919185348,-0.122681275,-0.194347440,-2.993460877,-0.187843324,-0.197575334,-2.423997935,-0.004465446,0.003227894,-0.569462942,-0.183377877,-1.595083446,-450.000000000,-2.757387029,0.081800190,-0.002032313,-9.493888473,115.272242980,-114.474701257,109.727757020,-110.525298743,1.378693515,1.378693515
1786024411.071881533,43.050372548,0.000000000,NONE,0,0.050019047,0.000003014,-39.500000000,-2.345408618,-0.049739175,-36.702413269,-2.222803469,0.049742189,-2.797586731,-0.122605149,-0.191906128,-2.993623251,-0.187653727,-0.196165600,-2.423997376,-0.004555623,0.004259472,-0.569625875,-0.183098104,-1.491886115,-450.000000000,-2.741587198,0.081699016,-0.002013707,-9.494153659,115.246509943,-114.500566886,109.753490057,-110.499433114,1.370793599,1.370793599
1786024411.121928930,43.100419921,0.000000000,TARGET_UPDATED,0,0.050071657,0.000003014,-40.500000000,-2.345408618,-0.049580650,-36.824005473,-2.222883059,0.049583664,-3.675994527,-0.122525559,-0.204422574,-2.992829485,-0.186979254,-0.194487860,-2.423998317,-0.004198598,-0.009934713,-0.568831168,-0.182780656,-2.884530112,-450.000000000,-2.723195331,0.081598605,-0.001998785,-9.494441562,115.594742919,-114.152477863,109.405257081,-110.847522137,1.361597666,1.361597666
1786024411.171889782,43.150380665,0.000000000,NONE,0,0.049930521,0.000003014,-40.500000000,-2.345408618,-0.049450842,-36.945599132,-2.222962091,0.049453856,-3.554400868,-0.122446527,-0.202805064,-2.992995400,-0.185965684,-0.196758222,-2.424001697,-0.003454114,-0.006046842,-0.568993703,-0.182511571,-2.258643211,-450.000000000,-2.709866475,0.081498665,-0.001991441,-9.494658327,115.438325384,-114.309003779,109.561674616,-110.690996221,1.354933237,1.354933237
1786024411.221887589,43.200378579,0.000000000,NONE,0,0.049989300,0.000003014,-40.500000000,-2.345408618,-0.049441293,-37.067201704,-2.223036706,0.049444307,-3.432798296,-0.122371913,-0.200967240,-2.993190719,-0.184702405,-0.198013321,-2.424004739,-0.002431712,-0.002953919,-0.569185981,-0.182270693,-2.053735994,-450.000000000,-2.698131435,0.081398943,-0.001988519,-9.494847919,115.387145978,-114.360277981,109.612854022,-110.639722019,1.349065717,1.349065717
1786024411.271868706,43.250359666,0.000000000,NONE,0,0.050018137,0.000003014,-40.500000000,-2.345408618,-0.049469280,-37.188806481,-2.223103730,0.049472294,-3.311193519,-0.122304888,-0.198976449,-2.993402019,-0.183328444,-0.198213899,-2.424008517,-0.001245288,-0.000762550,-0.569393502,-0.182083156,-1.902350870,-450.000000000,-2.690626804,0.081299400,-0.001989950,-9.495003039,115.349338477,-114.398163042,109.650661523,-110.601836958,1.345313402,1.345313402
1786024411.321878672,43.300369898,0.000000000,NONE,0,0.050008165,0.000003014,-40.500000000,-2.345408618,-0.049501560,-37.310410783,-2.223160716,0.049504574,-3.189589217,-0.122247902,-0.196856525,-2.993618157,-0.181997466,-0.197846164,-2.424012219,-0.000032269,0.000989639,-0.569605938,-0.181965197,-1.765937814,-450.000000000,-2.688310087,0.081199856,-0.001996101,-9.495099342,115.315259289,-114.432290382,109.684740711,-110.567709618,1.344155043,1.344155043
1786024411.371879339,43.350370341,0.000000000,NONE,0,0.049993690,0.000003014,-40.500000000,-2.345408618,-0.049513703,-37.432012637,-2.223206356,0.049516717,-3.067987363,-0.122202263,-0.194623875,-2.993829247,-0.180853872,-0.197022690,-2.424015509,0.001068518,0.002398815,-0.569813738,-0.181922389,-1.646482947,-450.000000000,-2.691363593,0.081100053,-0.002006442,-9.495120685,115.285400908,-114.462159435,109.714599092,-110.537840565,1.345681797,1.345681797
1786024411.421904564,43.400395679,0.000000000,NONE,0,0.049989406,0.000003014,-40.500000000,-2.345408618,-0.049485604,-37.553610405,-2.223240668,0.049488619,-2.946389595,-0.122167950,-0.192290906,-2.994027258,-0.180017373,-0.195829435,-2.424018199,0.001932853,0.003538529,-0.570009059,-0.181950226,-1.540338923,-450.000000000,-2.699273081,0.080999714,-0.002019776,-9.495058510,115.258849358,-114.488679897,109.741150642,-110.511320103,1.349636541,1.349636541
1786024411.471855640,43.450346582,0.000000000,NONE,0,0.049985846,0.000003014,-40.500000000,-2.345408618,-0.049401100,-37.675202748,-2.223264990,0.049404115,-2.824797252,-0.122143628,-0.189865628,-2.994206569,-0.179571618,-0.194337494,-2.424020149,0.002465313,0.004471866,-0.570186420,-0.182036932,-1.444140004,-450.000000000,-2.711069876,0.080898614,-0.002034452,-9.494911271,115.234762819,-114.512692817,109.765237181,-110.487307183,1.355534938,1.355534938
1786024411.521950245,43.500441146,0.000000000,TARGET_UPDATED,0,0.050091000,0.000003014,-41.500000000,-2.345408618,-0.049247093,-37.796788555,-2.223281766,0.049250107,-3.703211445,-0.122126852,-0.202076413,-2.993405245,-0.179579625,-0.192601406,-2.424021207,0.002608322,-0.009475006,-0.569384038,-0.182187947,-2.806601062,-450.000000000,-2.727484128,0.080796641,-0.002048502,-9.494707352,115.575327104,-114.172026572,109.424672896,-110.827973428,1.363742064,1.363742064
1786024411.571851969,43.550343054,0.000000000,NONE,0,0.049911973,0.000003014,-41.500000000,-2.345408618,-0.049121534,-37.918375733,-2.223294366,0.049124548,-3.581624267,-0.122114252,-0.200512685,-2.993482947,-0.180017401,-0.194826153,-2.424022067,0.002317301,-0.005686532,-0.569460880,-0.182334702,-2.195069017,-450.000000000,-2.742232823,0.080693863,-0.002062569,-9.494399568,115.422367146,-114.324832638,109.577632854,-110.675167362,1.371116411,1.371116411
1786024411.621838570,43.600329508,0.000000000,NONE,0,0.049974439,0.000003014,-41.500000000,-2.345408618,-0.049106302,-38.039970736,-2.223306630,0.049109316,-3.460029264,-0.122101988,-0.198770410,-2.993548895,-0.180832384,-0.195885886,-2.424020104,0.001638121,-0.002884524,-0.569528791,-0.182470505,-2.013668875,-450.000000000,-2.756075590,0.080590502,-0.002070403,-9.494107302,115.376944044,-114.370109607,109.623055956,-110.629890393,1.378037795,1.378037795
1786024411.671850443,43.650341382,0.000000000,NONE,0,0.050025766,0.000003014,-41.500000000,-2.345408618,-0.049124621,-38.161567279,-2.223322210,0.049127635,-3.338432721,-0.122086408,-0.196908034,-2.993605260,-0.181909940,-0.196036815,-2.424017064,0.000667420,-0.000871219,-0.569588196,-0.182577360,-1.873562534,-450.000000000,-2.767540750,0.080486891,-0.002071488,-9.493860399,115.341855733,-114.405074466,109.658144267,-110.594925534,1.383770375,1.383770375
1786024411.721900940,43.700391889,0.000000000,NONE,0,0.050024569,0.000003014,-41.500000000,-2.345408618,-0.049147200,-38.283162951,-2.223344303,0.049150214,-3.216837049,-0.122064315,-0.194941133,-2.993658854,-0.183109098,-0.195675717,-2.424013061,-0.000475099,0.000734584,-0.569645792,-0.182633999,-1.748573984,-450.000000000,-2.775069831,0.080383411,-0.002066310,-9.493676068,115.310562513,-114.436275521,109.689437487,-110.563724479,1.387534916,1.387534916
1786024411.771842718,43.750333882,0.000000000,NONE,0,0.049968944,0.000003014,-41.500000000,-2.345408618,-0.049152144,-38.404755989,-2.223375303,0.049155158,-3.095244011,-0.122033315,-0.192877949,-2.993717910,-0.184278225,-0.194910125,-2.424008715,-0.001650182,0.002032176,-0.569709195,-0.182628043,-1.638629802,-450.000000000,-2.777964351,0.080280434,-0.002055590,-9.493568194,115.283049499,-114.463734598,109.716950501,-110.536265402,1.388982175,1.388982175
1786024411.821954250,43.800445244,0.000000000,NONE,0,0.049988326,0.000003014,-41.500000000,-2.345408618,-0.049120766,-38.526344929,-2.223416567,0.049123780,-2.973655071,-0.121992051,-0.190722876,-2.993790780,-0.185273268,-0.193801743,-2.424004653,-0.002719835,0.003078867,-0.569786127,-0.182553433,-1.541344124,-450.000000000,-2.775931112,0.080178290,-0.002040066,-9.493567878,115.258728000,-114.488055938,109.741272000,-110.511944062,1.387965556,1.387965556
1786024411.871867657,43.850358626,0.000000000,NONE,0,0.050015718,0.000003014,-41.500000000,-2.345408618,-0.049038614,-38.647928671,-2.223468188,0.049041628,-2.852071329,-0.121940430,-0.188474704,-2.993884996,-0.185973704,-0.192432413,-2.424001371,-0.003559489,0.003957709,-0.569883625,-0.182414215,-1.451214086,-450.000000000,-2.766211529,0.080077188,-0.002021769,-9.493672922,115.236221752,-114.510614709,109.763778248,-110.489385291,1.383105765,1.383105765
1786024411.921942234,43.900433258,0.000000000,TARGET_UPDATED,0,0.050080991,0.000003014,-42.500000000,-2.345408618,-0.048893282,-38.769506285,-2.223528677,0.048896296,-3.730493715,-0.121879941,-0.200496062,-2.993078744,-0.186290308,-0.190832522,-2.423999161,-0.004059536,-0.009663540,-0.569079583,-0.182230772,-2.781349791,-450.000000000,-2.752491115,0.079977176,-0.002002921,-9.493871061,115.568805213,-114.178130317,109.431194787,-110.821869683,1.376245558,1.376245558
1786024411.971846104,43.950337045,0.000000000,NONE,0,0.049914547,0.000003014,-42.500000000,-2.345408618,-0.048781028,-38.891085586,-2.223595165,0.048784042,-3.608914414,-0.121813453,-0.199049741,-2.993174428,-0.186206083,-0.193112294,-2.423999129,-0.004178469,-0.005937447,-0.569175299,-0.182027615,-2.183731571,-450.000000000,-2.737862930,0.079878009,-0.001987959,-9.494061514,115.419448271,-114.327582486,109.580551729,-110.672417514,1.368931465,1.368931465
1786024412.021860361,44.000351317,0.000000000,NONE,0,0.049996105,0.000003014,-42.500000000,-2.345408618,-0.048781487,-39.012672917,-2.223664091,0.048784501,-3.487327083,-0.121744527,-0.197402251,-2.993307659,-0.185716193,-0.194249841,-2.423999110,-0.003901023,-0.003152410,-0.569308549,-0.181815169,-2.004494497,-450.000000000,-2.722812614,0.079779389,-0.001974461,-9.494284217,115.374694678,-114.372447430,109.625305322,-110.627552570,1.361406307,1.361406307
1786024412.071851969,44.050342959,0.000000000,NONE,0,0.050010834,0.000003014,-42.500000000,-2.345408618,-0.048819734,-39.134262326,-2.223731804,0.048822748,-3.365737674,-0.121676814,-0.195605520,-2.993472203,-0.184863348,-0.194501549,-2.424000657,-0.003252661,-0.001103971,-0.569471546,-0.181610688,-1.862675550,-450.000000000,-2.708659396,0.079681494,-0.001963559,-9.494531521,115.339301768,-114.407963993,109.660698232,-110.592036007,1.354329698,1.354329698
1786024412.121838331,44.100329358,0.000000000,NONE,0,0.049989832,0.000003014,-42.500000000,-2.345408618,-0.048865680,-39.255851459,-2.223794672,0.048868694,-3.244148541,-0.121613946,-0.193670592,-2.993661355,-0.183741080,-0.194218293,-2.424003262,-0.002304709,0.000547702,-0.569658093,-0.181436370,-1.735549388,-450.000000000,-2.697058865,0.079583627,-0.001957280,-9.494721666,115.307567764,-114.439793069,109.692432236,-110.560206931,1.348529432,1.348529432
1786024412.171860456,44.150351541,0.000000000,NONE,0,0.050007143,0.000003014,-42.500000000,-2.345408618,-0.048896374,-39.377438527,-2.223849510,0.048899389,-3.122561473,-0.121559108,-0.191606106,-2.993866653,-0.182474520,-0.193508374,-2.424006379,-0.001165182,0.001902268,-0.569860274,-0.181309337,-1.622236654,-450.000000000,-2.689113312,0.079485862,-0.001955288,-9.494870130,115.279276696,-114.468158369,109.720723304,-110.531841631,1.344556656,1.344556656
1786024412.221848249,44.200339433,0.000000000,NONE,0,0.049987731,0.000003014,-42.500000000,-2.345408618,-0.048892816,-39.499022058,-2.223893870,0.048895830,-3.000977942,-0.121514748,-0.189417795,-2.994078998,-0.181204244,-0.192446425,-2.424009612,0.000038982,0.003028630,-0.570069387,-0.181243226,-1.519358176,-450.000000000,-2.685703302,0.079388048,-0.001957491,-9.494959805,115.253579495,-114.493900407,109.746420505,-110.506099593,1.342851651,1.342851651
1786024412.271860361,44.250351438,0.000000000,NONE,0,0.050012575,0.000003014,-42.500000000,-2.345408618,-0.048839296,-39.620600834,-2.223926284,0.048842311,-2.879399166,-0.121482335,-0.187109313,-2.994289691,-0.180068759,-0.191091649,-2.424012639,0.001175667,0.003982336,-0.570277052,-0.181244426,-1.424034840,-450.000000000,-2.687133835,0.079290041,-0.001963338,-9.494991806,115.229756662,-114.517739242,109.770243338,-110.482260758,1.343566918,1.343566918
1786024412.321862698,44.300353611,0.000000000,NONE,0,0.050001733,0.000003014,-42.500000000,-2.345408618,-0.048722638,-39.742173820,-2.223946459,0.048725652,-2.757826180,-0.121462160,-0.184682521,-2.994491297,-0.179188762,-0.189489001,-2.424015239,0.002121780,0.004806480,-0.570476059,-0.181310542,-1.334011336,-450.000000000,-2.693060201,0.079191714,-0.001972078,-9.494957698,115.207242259,-114.540236590,109.792757741,-110.459763410,1.346530100,1.346530100
1786024412.371921062,44.350412103,0.000000000,TARGET_UPDATED,0,0.050063620,0.000003014,-43.500000000,-3.345408618,-0.048531572,-39.863740114,-2.223955307,0.048534586,-3.636259886,-1.121453311,-0.198706499,-2.995184195,-1.496458273,-0.187672240,-2.424017251,0.002777814,-0.011034259,-0.571166944,-1.499236087,-2.874114959,-450.000000000,-89.000000000,0.079092961,-0.001982481,-9.494872748,115.592246927,-114.155189447,109.407753073,-110.844810553,44.500000000,44.500000000
1786024412.421865463,44.400356416,0.000000000,NONE,0,0.049930366,0.000003014,-43.500000000,-3.345408618,-0.048370536,-39.985297497,-2.233081883,0.048373550,-3.514702503,-1.112326735,-0.196799917,-2.995361672,-1.496354987,-0.190308866,-2.424022541,-0.342781517,-0.006491051,-0.571339131,-1.153573470,-2.158309374,-450.000000000,-63.827249170,0.078993721,-0.001996132,-9.494685419,115.413248698,-114.334094011,109.586751302,-110.665905989,31.913624585,31.913624585
1786024412.471850634,44.450341763,0.000000000,NONE,0,0.050005988,0.000003014,-43.500000000,-3.345408618,-0.048328622,-40.106838298,-2.258304851,0.048331636,-3.393161702,-1.087103767,-0.194736209,-2.996229379,-1.494887059,-0.191646103,-2.424114000,-0.582626506,-0.003090106,-0.572115379,-0.912260553,-1.938764173,-450.000000000,-49.032558308,0.078972089,-0.002086952,-9.499944831,115.359677251,-114.390295164,109.640322749,-110.609704836,24.516279154,24.516279154
1786024412.521846771,44.500337831,0.000000000,NONE,0,0.049971597,0.000003014,-43.500000000,-3.345408618,-0.048322414,-40.204059686,-2.284031502,0.048325428,-3.295940314,-1.061377116,-0.192723192,-2.996782867,-1.494038226,-0.191605121,-2.424178761,-0.662388460,-0.001118071,-0.572604106,-0.831649766,-1.811810191,-450.000000000,-46.602351514,0.078887030,-0.002189387,-9.499999983,115.327952543,-114.422047448,109.672047457,-110.577952552,23.301175757,23.301175757
1786024412.571828365,44.550319543,0.000000000,NONE,0,0.049981025,0.000003014,-43.500000000,-3.345408618,-0.048322953,-40.349873035,-2.326232713,0.048325967,-3.150126965,-1.019175905,-0.189513255,-2.997219929,-1.493572036,-0.190922584,-2.424119664,-0.717308932,0.001409329,-0.573100264,-0.776263104,-1.590495890,-450.000000000,-43.230263484,0.078749913,-0.002385776,-9.494938709,115.271358650,-114.476110705,109.728641350,-110.523889295,21.615131742,21.615131742
1786024412.621842623,44.600333636,0.000000000,NONE,0,0.050032117,0.000003014,-43.500000000,-3.345408618,-0.048301032,-40.471372297,-2.362767342,0.048304046,-3.028627703,-0.982641276,-0.186784005,-2.997139677,-1.467933656,-0.189597200,-2.424007943,-0.729459639,0.002813196,-0.573131733,-0.738474018,-1.479708715,-450.000000000,-40.937884696,0.078630304,-0.002415040,-9.492945447,115.243163540,-114.503309183,109.756836460,-110.496690817,20.468942348,20.468942348
1786024412.671832800,44.650323865,0.000000000,NONE,0,0.049977881,0.000003014,-43.500000000,-3.345408618,-0.048249266,-40.568569200,-2.392107364,0.048252280,-2.931430800,-0.953301254,-0.184650619,-2.996793177,-1.424744604,-0.188308672,-2.423906093,-0.728201750,0.003658053,-0.572887084,-0.696542853,-1.402279031,-450.000000000,-37.919005301,0.078534779,-0.002388296,-9.493420860,115.223924973,-114.522785457,109.776075027,-110.477214543,18.959502650,18.959502650
1786024412.721866131,44.700357195,0.000000000,NONE,0,0.050039592,0.000003014,-43.500000000,-3.345408618,-0.048099348,-40.714370089,-2.435614226,0.048102362,-2.785629911,-0.909794392,-0.181546629,-2.995991416,-1.361418153,-0.186296543,-2.423765718,-0.715647407,0.004749914,-0.572225698,-0.645770746,-1.277509150,-450.000000000,-34.189313510,0.078392987,-0.002359454,-9.490211426,115.191930144,-114.553175569,109.808069856,-110.446824431,17.094656755,17.094656755
1786024412.771999836,44.750490524,0.000000000,TARGET_UPDATED,0,0.050132415,0.000003014,-44.500000000,-3.345408618,-0.047941237,-40.811579263,-2.463889434,0.047944251,-3.688420737,-0.881519184,-0.194024106,-2.994440452,-1.320644610,-0.184762715,-2.423696137,-0.698267085,-0.009261391,-0.570744315,-0.622377525,-2.643275945,-450.000000000,-33.099798085,0.078300524,-0.002278993,-9.491469816,115.533686440,-114.212048468,109.466313560,-110.787951532,16.549899042,16.549899042
1786024412.821795225,44.800286366,0.000000000,NONE,0,0.049794685,0.000003014,-44.500000000,-3.345408618,-0.047727966,-40.957420551,-2.505013002,0.047730981,-3.542579449,-0.840395617,-0.192285151,-2.993400442,-1.261616422,-0.186911066,-2.423640251,-0.676737969,-0.005374085,-0.569760191,-0.584878453,-2.020572239,-450.000000000,-30.188417965,0.078167430,-0.002182498,-9.489571907,115.377536037,-114.367249917,109.622463963,-110.632750083,15.094208982,15.094208982
1786024412.871803284,44.850294447,0.000000000,NONE,0,0.050007053,0.000003014,-44.500000000,-3.345408618,-0.047670011,-41.054672882,-2.531563113,0.047673025,-3.445327118,-0.813845505,-0.191018866,-2.992789727,-1.223518116,-0.187627369,-2.423638618,-0.658640874,-0.003391497,-0.569151110,-0.564877242,-1.916968010,-450.000000000,-29.141439100,0.078082514,-0.002084402,-9.491568943,115.352134238,-114.393650233,109.647865762,-110.606349767,14.570719550,14.570719550
1786024412.921847343,44.900338271,0.000000000,NONE,0,0.050062896,0.000003014,-44.500000000,-3.345408618,-0.047622000,-41.200580156,-2.570081890,0.047625015,-3.299419844,-0.775326728,-0.189067811,-2.992105258,-1.167949245,-0.188091297,-2.423685734,-0.636385211,-0.000976515,-0.568419524,-0.531564034,-1.728124629,-450.000000000,-26.544055303,0.077961527,-0.001982255,-9.490717363,115.304710498,-114.440648184,109.695289502,-110.559351816,13.272027651,13.272027651
1786024412.971863985,44.950354955,0.000000000,NONE,0,0.050004802,0.000003014,-44.500000000,-3.345408618,-0.047588778,-41.322189358,-2.600997345,0.047591792,-3.177810642,-0.744411273,-0.187404927,-2.991812466,-1.122840542,-0.187832451,-2.423761562,-0.614497502,0.000427524,-0.568050904,-0.508343041,-1.634168206,-450.000000000,-25.119637588,0.077865617,-0.001883742,-9.491817000,115.281496301,-114.464412199,109.718503699,-110.535587801,12.559818794,12.559818794
1786024413.021800041,45.000291009,0.000000000,NONE,0,0.049940961,0.000003014,-44.500000000,-3.345408618,-0.047536471,-41.443808476,-2.630817664,0.047539485,-3.056191524,-0.714590954,-0.185710720,-2.991801720,-1.078691113,-0.187290242,-2.423859633,-0.594012144,0.001579522,-0.567942087,-0.484678969,-1.539864204,-450.000000000,-23.453686869,0.077774277,-0.001807771,-9.493037766,115.258225492,-114.488293390,109.741774508,-110.511706610,11.726843434,11.726843434
1786024413.071859360,45.050350523,0.000000000,NONE,0,0.050051036,0.000003014,-44.500000000,-3.345408618,-0.047451061,-41.565429691,-2.659610665,0.047454075,-2.934570309,-0.685797953,-0.183963484,-2.992070949,-1.035319392,-0.186498775,-2.423968277,-0.573555588,0.002535291,-0.568102673,-0.461763804,-1.455613356,-450.000000000,-21.865630318,0.077686007,-0.001761971,-9.494210709,115.237456016,-114.509649338,109.762543984,-110.490350662,10.932815159,10.932815159
1786024413.121891260,45.100382305,0.000000000,NONE,0,0.049950128,0.000003014,-44.500000000,-3.345408618,-0.047320206,-41.687045002,-2.687404873,0.047323220,-2.812954998,-0.658003745,-0.182136108,-2.992588375,-0.992683911,-0.185491061,-2.424075979,-0.553087723,0.003354953,-0.568512396,-0.439596188,-1.377121941,-450.000000000,-20.327938199,0.077599219,-0.001744987,-9.495189692,115.218077908,-114.529516938,109.781922092,-110.470483062,10.163969099,10.163969099
1786024413.171801329,45.150292410,0.000000000,NONE,0,0.050002878,0.000003014,-44.500000000,-3.345408618,-0.047133613,-41.808647139,-2.714229858,0.047136628,-2.691352861,-0.631178760,-0.180197816,-2.993293141,-0.950839014,-0.184286117,-2.424170126,-0.532638916,0.004088302,-0.569123015,-0.418200098,-1.301259146,-450.000000000,-18.846109721,0.077512465,-0.001751915,-9.495931776,115.199297731,-114.548668158,109.800702269,-110.451331842,9.423054860,9.423054860
1786024413.221842527,45.200333328,0.000000000,TARGET_UPDATED,0,0.050037129,0.000003014,-45.500000000,-3.345408618,-0.046937988,-41.905915349,-2.735006941,0.046941002,-3.594084651,-0.610401678,-0.193618123,-2.993004767,-0.918020945,-0.183168345,-2.424228070,-0.515911899,-0.010449777,-0.568776697,-0.402109046,-2.718336374,-450.000000000,-17.826050966,0.077442286,-0.001772027,-9.497866349,115.554050681,-114.194882494,109.445949319,-110.805117506,8.913025483,8.913025483
1786024413.271824598,45.250315662,0.000000000,NONE,0,0.049973923,0.000003014,-45.500000000,-3.345408618,-0.046714061,-42.027486963,-2.760183253,0.046717075,-3.472513037,-0.585225365,-0.192468833,-2.993779239,-0.877975658,-0.185284824,-2.424272771,-0.497043828,-0.007184009,-0.569506468,-0.380931830,-2.145506934,-450.000000000,-16.241462790,0.077352099,-0.001841010,-9.497692698,115.410799908,-114.338046441,109.589200092,-110.661953559,8.120731395,8.120731395
1786024413.321803808,45.300294719,0.000000000,NONE,0,0.049971859,0.000003014,-45.500000000,-3.345408618,-0.046628980,-42.149050969,-2.784514371,0.046631994,-3.350949031,-0.560894247,-0.190944271,-2.994520169,-0.839192793,-0.187155874,-2.424284489,-0.477875256,-0.003788397,-0.570235680,-0.361317537,-1.911378865,-450.000000000,-14.899720780,0.077257509,-0.001923072,-9.497026280,115.352101286,-114.396411854,109.647898714,-110.603588146,7.449860390,7.449860390
1786024413.371864557,45.350355610,0.000000000,NONE,0,0.050055820,0.000003014,-45.500000000,-3.345408618,-0.046602522,-42.270601609,-2.807971650,0.046605536,-3.229398391,-0.537436968,-0.189142525,-2.995157801,-0.801961013,-0.187723195,-2.424265084,-0.458703854,-0.001419329,-0.570892716,-0.343257158,-1.757223506,-450.000000000,-13.667196333,0.077159135,-0.001990874,-9.496202877,115.313356596,-114.434744843,109.686643404,-110.565255157,6.833598166,6.833598166
1786024413.421938896,45.400429850,0.000000000,NONE,0,0.049994799,0.000003014,-45.500000000,-3.345408618,-0.046594568,-42.392138152,-2.830550955,0.046597582,-3.107861848,-0.514857663,-0.187113244,-2.995643630,-0.766507864,-0.187578121,-2.424219282,-0.439853282,0.000464877,-0.571424348,-0.326654582,-1.617376429,-450.000000000,-12.533734661,0.077058074,-0.002038004,-9.495351711,115.278182035,-114.469493821,109.721817965,-110.530506179,6.266867331,6.266867331
1786024413.471801996,45.450293056,0.000000000,NONE,0,0.049953091,0.000003014,-45.500000000,-3.345408618,-0.046578510,-42.513662369,-2.852258428,0.046581525,-2.986337631,-0.493150190,-0.184891161,-2.995951895,-0.732994541,-0.186906508,-2.424154751,-0.421673863,0.002015347,-0.571797144,-0.311320678,-1.491513912,-450.000000000,-11.485481420,0.076955447,-0.002064320,-9.494566694,115.246520151,-114.500763195,109.753479849,-110.499236805,5.742740710,5.742740710
1786024413.521912575,45.500403465,0.000000000,NONE,0,0.050086711,0.000003014,-45.500000000,-3.345408618,-0.046532127,-42.635177274,-2.873102040,0.046535141,-2.864822726,-0.472306579,-0.182506970,-2.996077893,-0.701515394,-0.185801614,-2.424079994,-0.404234144,0.003294644,-0.571997899,-0.297281251,-1.378384031,-450.000000000,-10.529385085,0.076852237,-0.002071901,-9.493932682,115.218079178,-114.528887163,109.781920822,-110.471112837,5.264692542,5.264692542
1786024413.571805716,45.550296677,0.000000000,NONE,0,0.049918221,0.000003014,-45.500000000,-3.345408618,-0.046436851,-42.756686478,-2.893088768,0.046439865,-2.743313522,-0.452319850,-0.179986453,-2.996035925,-0.672092566,-0.184346631,-2.424003125,-0.387564881,0.004360178,-0.572032800,-0.284527685,-1.274953220,-450.000000000,-9.661448741,0.076749200,-0.002064760,-9.493423453,115.192094168,-114.554617558,109.807905832,-110.445382442,4.830724370,4.830724370
1786024413.621853352,45.600344375,0.000000000,NONE,0,0.050057513,0.000003014,-45.500000000,-3.345408618,-0.046276947,-42.878193531,-2.912223215,0.046279962,-2.621806469,-0.433185403,-0.177350097,-2.995859112,-0.644660152,-0.182602396,-2.423932129,-0.371573796,0.005252299,-0.571926982,-0.273086356,-1.179877654,-450.000000000,-8.887481259,0.076646860,-0.002046365,-9.493093737,115.168242848,-114.578304021,109.831757152,-110.421695979,4.443740630,4.443740630
1786024413.671981573,45.650472397,0.000000000,TARGET_UPDATED,0,0.050117729,0.000003014,-46.500000000,-3.345408618,-0.046039467,-42.999701376,-2.930515993,0.046042481,-3.500298624,-0.414892626,-0.190361511,-2.994637370,-0.619043839,-0.180632389,-2.423874966,-0.356311611,-0.009729122,-0.570762403,-0.262732228,-2.623991699,-450.000000000,-8.184659837,0.076545562,-0.002021025,-9.492915905,115.529226901,-114.217231051,109.470773099,-110.782768949,4.092329919,4.092329919
1786024413.721851587,45.700342578,0.000000000,NONE,0,0.049866811,0.000003014,-46.500000000,-3.345408618,-0.045805644,-43.121219013,-2.947981560,0.045808658,-3.378780987,-0.397427058,-0.188693286,-2.994278585,-0.595041342,-0.182356263,-2.423837687,-0.341656265,-0.006337022,-0.570440898,-0.253385077,-2.023510225,-450.000000000,-7.549513089,0.076445486,-0.001993995,-9.492804247,115.379078618,-114.367323506,109.620921382,-110.632676494,3.774756545,3.774756545
1786024413.771859169,45.750350216,0.000000000,NONE,0,0.050007446,0.000003014,-46.500000000,-3.345408618,-0.045697747,-43.242757065,-2.964636045,0.045700761,-3.257242935,-0.380772574,-0.186784226,-2.993950187,-0.572360355,-0.183743671,-2.423822472,-0.327455018,-0.003040554,-0.570127715,-0.244905337,-1.793706964,-450.000000000,-6.973804003,0.076346668,-0.001963489,-9.492839685,115.321636662,-114.424783180,109.678363338,-110.575216820,3.486902001,3.486902001
1786024413.821848392,45.800339347,0.000000000,NONE,0,0.049953541,0.000003014,-46.500000000,-3.345408618,-0.045632881,-43.364308996,-2.980498618,0.045635895,-3.135691004,-0.364910000,-0.184734692,-2.993694764,-0.550702456,-0.183918263,-2.423829765,-0.313552637,-0.000816429,-0.569864999,-0.237149819,-1.645351520,-450.000000000,-6.445232754,0.076249196,-0.001931102,-9.492983627,115.284583787,-114.461908027,109.715416213,-110.538091973,3.222616377,3.222616377
1786024413.871884584,45.850375445,0.000000000,NONE,0,0.050060237,0.000003014,-46.500000000,-3.345408618,-0.045573766,-43.485870477,-2.995591655,0.045576780,-3.014129523,-0.349816963,-0.182587606,-2.993544992,-0.529798958,-0.183512070,-2.423855762,-0.299810017,0.000924464,-0.569689230,-0.229988940,-1.512999724,-450.000000000,-5.956180566,0.076153156,-0.001899165,-9.493244340,115.251561016,-114.495061154,109.748438984,-110.504938846,2.978090283,2.978090283
1786024413.921924591,45.900415683,0.000000000,NONE,0,0.050039877,0.000003014,-46.500000000,-3.345408618,-0.045496198,-43.607437203,-3.009939983,0.045499212,-2.892562797,-0.335468636,-0.180366425,-2.993520682,-0.509426240,-0.182684384,-2.423895450,-0.286116459,0.002317959,-0.569625231,-0.223309782,-1.397801784,-450.000000000,-5.498207985,0.076058612,-0.001869826,-9.493586083,115.222846967,-114.523946075,109.777153033,-110.476053925,2.749103992,2.749103992
1786024413.971854687,45.950345631,0.000000000,NONE,0,0.049940344,0.000003014,-46.500000000,-3.345408618,-0.045380434,-43.729004617,-3.023570236,0.045383449,-2.770995383,-0.321838382,-0.178084986,-2.993627911,-0.489420617,-0.181524414,-2.423943047,-0.272392777,0.003439428,-0.569684865,-0.217027840,-1.296807426,-450.000000000,-5.066159878,0.075965537,-0.001844783,-9.493978033,115.197696365,-114.549292652,109.802303635,-110.450707348,2.533079939,2.533079939
1786024414.021928787,46.000419508,0.000000000,TARGET_UPDATED,0,0.050094483,0.000003014,-47.500000000,-3.345408618,-0.045210675,-43.850568261,-3.036509845,0.045213689,-3.649431739,-0.308898773,-0.189746959,-2.993002707,-0.469704593,-0.180105794,-2.423992825,-0.258599388,-0.009641164,-0.569009882,-0.211105205,-2.570093420,-450.000000000,-4.659135066,0.075873790,-0.001825107,-9.494436768,115.516132547,-114.231085837,109.483867453,-110.768914163,2.329567533,2.329567533
1786024414.071848154,46.050339259,0.000000000,NONE,0,0.049901327,0.000003014,-47.500000000,-3.345408618,-0.045056121,-43.972130383,-3.048786246,0.045059135,-3.527869617,-0.296622372,-0.188357576,-2.993284461,-0.450261517,-0.181934813,-2.424040012,-0.244771164,-0.006422764,-0.569244449,-0.205490353,-2.026475338,-450.000000000,-4.271805607,0.075782930,-0.001814661,-9.494835707,115.380327761,-114.367090092,109.619672239,-110.632909908,2.135902804,2.135902804
1786024414.121839762,46.100330767,0.000000000,NONE,0,0.049998576,0.000003014,-47.500000000,-3.345408618,-0.045023267,-44.093696526,-3.060425894,0.045026281,-3.406303474,-0.284982724,-0.186782874,-2.993646929,-0.431189418,-0.183436841,-2.424078381,-0.230974389,-0.003346033,-0.569568549,-0.200215028,-1.816733542,-450.000000000,-3.909542484,0.075692354,-0.001811650,-9.495188824,115.327980591,-114.419613820,109.672019409,-110.580386180,1.954771242,1.954771242
1786024414.171859741,46.150350683,0.000000000,NONE,0,0.049988805,0.000003014,-47.500000000,-3.345408618,-0.045036556,-44.215259223,-3.071453522,0.045039570,-3.284740777,-0.273955096,-0.185087214,-2.994050151,-0.412640341,-0.183831997,-2.424104949,-0.217320390,-0.001255217,-0.569945202,-0.195319952,-1.680945961,-450.000000000,-3.574473179,0.075601754,-0.001815566,-9.495460093,115.294101514,-114.453628533,109.705898486,-110.546371467,1.787236590,1.787236590
1786024414.221862555,46.200353532,0.000000000,NONE,0,0.050007437,0.000003014,-47.500000000,-3.345408618,-0.045061519,-44.336815045,-3.081892051,0.045064533,-3.163184955,-0.263516567,-0.183289306,-2.994455930,-0.394817580,-0.183679981,-2.424117400,-0.203960667,0.000390675,-0.570338530,-0.190856913,-1.559500564,-450.000000000,-3.270736423,0.075510702,-0.001826401,-9.495619782,115.263780087,-114.484029804,109.736219913,-110.515970196,1.635368212,1.635368212
1786024414.271863461,46.250354479,0.000000000,NONE,0,0.049959885,0.000003014,-47.500000000,-3.345408618,-0.045075471,-44.458362374,-3.091762453,0.045078485,-3.041637626,-0.253646165,-0.181393773,-2.994831722,-0.377936642,-0.183115996,-2.424116134,-0.191058438,0.001722223,-0.570715588,-0.186878205,-1.452848822,-450.000000000,-3.001836260,0.075418779,-0.001843189,-9.495633930,115.237120688,-114.510696277,109.762879312,-110.489303723,1.500918130,1.500918130
1786024414.321876287,46.300367208,0.000000000,NONE,0,0.050085549,0.000003014,-47.500000000,-3.345408618,-0.045059685,-44.579900677,-3.101084060,0.045062699,-2.920099323,-0.244324558,-0.179400167,-2.995153135,-0.362195912,-0.182212623,-2.424103403,-0.178770417,0.002812456,-0.571049733,-0.183425496,-1.357936607,-450.000000000,-2.770848457,0.075325670,-0.001863887,-9.495523667,115.213365069,-114.534396765,109.786634931,-110.465603235,1.385424229,1.385424229
1786024414.371877909,46.350369010,0.000000000,NONE,0,0.050005528,0.000003014,-47.500000000,-3.345408618,-0.044998601,-44.701430232,-3.109874144,0.045001615,-2.798569768,-0.235534474,-0.177304184,-2.995405076,-0.347755314,-0.181023437,-2.424082473,-0.167212232,0.003719254,-0.571322603,-0.180543082,-1.271403253,-450.000000000,-2.580373837,0.075231229,-0.001886305,-9.495268187,115.191667860,-114.555966234,109.808332140,-110.444033766,1.290186919,1.290186919
1786024414.421926260,46.400417167,0.000000000,TARGET_UPDATED,0,0.050037874,0.000003014,-48.500000000,-3.345408618,-0.044879641,-44.822951858,-3.118150606,0.044882655,-3.677048142,-0.227258012,-0.188748691,-2.994752597,-0.334715962,-0.179600534,-2.424056891,-0.156519956,-0.009148157,-0.570695706,-0.178196006,-2.518811373,-450.000000000,-2.426814435,0.075135507,-0.001907539,-9.494917261,115.503432158,-114.244026472,109.496567842,-110.755973528,1.213407218,1.213407218
1786024414.471876860,46.450367883,0.000000000,NONE,0,0.049960259,0.000003014,-48.500000000,-3.345408618,-0.044775899,-44.944472937,-3.125931616,0.044778913,-3.555527063,-0.219477002,-0.187412196,-2.994802882,-0.323133430,-0.181432369,-2.424030465,-0.146764703,-0.005979826,-0.570772417,-0.176368727,-1.984307728,-450.000000000,-2.309236273,0.075038807,-0.001926974,-9.494484879,115.369698152,-114.377544288,109.630301848,-110.622455712,1.154618136,1.154618136
1786024414.521977663,46.500468687,0.000000000,NONE,0,0.050062117,0.000003014,-48.500000000,-3.345408618,-0.044786931,-45.066002585,-3.133235429,0.044789945,-3.433997415,-0.212173189,-0.185849198,-2.994795669,-0.312966874,-0.182792942,-2.424004066,-0.137951069,-0.003056256,-0.570791603,-0.175015805,-1.786157164,-450.000000000,-2.224081466,0.074941571,-0.001939713,-9.494082033,115.320059799,-114.426981217,109.679940201,-110.573018783,1.112040733,1.112040733
1786024414.571890831,46.550382072,0.000000000,NONE,0,0.049946942,0.000003014,-48.500000000,-3.345408618,-0.044839082,-45.187536592,-3.140080797,0.044842096,-3.312463408,-0.205327821,-0.184120091,-2.994744582,-0.304078258,-0.183091334,-2.423981141,-0.130008895,-0.001028756,-0.570763441,-0.174069363,-1.651821498,-450.000000000,-2.165906449,0.074844154,-0.001944424,-9.493718026,115.286384881,-114.460474132,109.713615119,-110.539525868,1.082953224,1.082953224
1786024414.621893644,46.600384553,0.000000000,NONE,0,0.049989177,0.000003014,-48.500000000,-3.345408618,-0.044899847,-45.309073419,-3.146487238,0.044902861,-3.190926581,-0.198921380,-0.182246335,-2.994669775,-0.296261833,-0.182844556,-2.423963457,-0.122814852,0.000598221,-0.570706318,-0.173446981,-1.529486332,-450.000000000,-2.128838365,0.074746906,-0.001940883,-9.493446694,115.255733256,-114.490990091,109.744266744,-110.509009909,1.064419182,1.064419182
1786024414.671864748,46.650355818,0.000000000,NONE,0,0.049985913,0.000003014,-48.500000000,-3.345408618,-0.044946924,-45.430611831,-3.152474954,0.044949938,-3.069388169,-0.192933664,-0.180240649,-2.994593602,-0.289266512,-0.182173267,-2.423952405,-0.116204868,0.001932618,-0.570641197,-0.173061645,-1.420542648,-450.000000000,-2.106606230,0.074650151,-0.001929637,-9.493281707,115.228456089,-114.518184765,109.771543911,-110.481815235,1.053303115,1.053303115
1786024414.721891403,46.700382308,0.000000000,NONE,0,0.050025230,0.000003014,-48.500000000,-3.345408618,-0.044961616,-45.552150431,-3.158064597,0.044964631,-2.947849569,-0.187344021,-0.178113192,-2.994537421,-0.282827390,-0.181150481,-2.423948456,-0.109995667,0.003037288,-0.570588966,-0.172831723,-1.322430797,-450.000000000,-2.093624506,0.074554160,-0.001911908,-9.493238868,115.203917416,-114.542702018,109.796082584,-110.457297982,1.046812253,1.046812253
1786024414.771877289,46.750368284,0.000000000,NONE,0,0.049973120,0.000003014,-48.500000000,-3.345408618,-0.044928490,-45.673687683,-3.163276915,0.044931504,-2.826312317,-0.182131703,-0.175871320,-2.994519398,-0.276694336,-0.179838787,-2.423951134,-0.104006655,0.003967468,-0.570568264,-0.172687681,-1.232132002,-450.000000000,-2.085255259,0.074459145,-0.001889550,-9.493303164,115.181358792,-114.565292791,109.818641208,-110.434707209,1.042627630,1.042627630
1786024414.821932077,46.800423158,0.000000000,TARGET_UPDATED,0,0.050066379,0.000003014,-49.500000000,-3.345408618,-0.044834693,-45.795221954,-3.168132379,0.044837707,-3.704778046,-0.177276240,-0.186916355,-2.993747894,-0.270640484,-0.178286406,-2.423959212,-0.098077954,-0.008629950,-0.569788682,-0.172562531,-2.449572078,-450.000000000,-2.076877460,0.074365257,-0.001864511,-9.493488869,115.485765237,-114.260979198,109.514234763,-110.739020802,1.038438730,1.038438730
1786024414.871906042,46.850397088,0.000000000,NONE,0,0.049962626,0.000003014,-49.500000000,-3.345408618,-0.044751304,-45.916757721,-3.172650782,0.044754318,-3.583242279,-0.172757836,-0.185428131,-2.993790118,-0.264554332,-0.179921059,-2.423971703,-0.092094763,-0.005507072,-0.569818415,-0.172459569,-1.921783964,-450.000000000,-2.070109017,0.074272437,-0.001841236,-9.493717724,115.353875422,-114.392983440,109.646124578,-110.607016560,1.035054508,1.035054508
1786024414.921891212,46.900382377,0.000000000,NONE,0,0.049982232,0.000003014,-49.500000000,-3.345408618,-0.044775523,-46.038301244,-3.176850990,0.044778537,-3.461698756,-0.168557628,-0.183742137,-2.993899861,-0.258319023,-0.181102880,-2.423985153,-0.085984585,-0.002639257,-0.569914708,-0.172334438,-1.725216586,-450.000000000,-2.060907115,0.074180508,-0.001819134,-9.493999826,115.304804103,-114.442195810,109.695195897,-110.557804190,1.030453557,1.030453557
1786024414.971875191,46.950365982,0.000000000,NONE,0,0.049988058,0.000003014,-49.500000000,-3.345408618,-0.044834989,-46.159846266,-3.180750845,0.044838003,-3.340153734,-0.164657773,-0.181921701,-2.994070040,-0.251895809,-0.181256391,-2.423999415,-0.079704649,-0.000665310,-0.570070625,-0.172191160,-1.592929490,-450.000000000,-2.050514938,0.074089561,-0.001799587,-9.494326729,115.271814055,-114.475349310,109.728185945,-110.524650690,1.025257469,1.025257469
1786024415.021888971,47.000379874,0.000000000,NONE,0,0.049995589,0.000003014,-49.500000000,-3.345408618,-0.044897891,-46.281389733,-3.184366853,0.044900905,-3.218610267,-0.161041765,-0.179992165,-2.994289044,-0.245333351,-0.180893073,-2.424012836,-0.073280885,0.000900908,-0.570276208,-0.172052466,-1.473782038,-450.000000000,-2.040898533,0.073999546,-0.001784895,-9.494671807,115.242113461,-114.505222442,109.757886539,-110.494777558,1.020449266,1.020449266
1786024415.071882963,47.050374032,0.000000000,NONE,0,0.050029316,0.000003014,-49.500000000,-3.345408618,-0.044942635,-46.402929592,-3.187714326,0.044945649,-3.097070408,-0.157694292,-0.177968552,-2.994541017,-0.238753306,-0.180134145,-2.424023899,-0.066801926,0.002165593,-0.570517119,-0.171951380,-1.369339341,-450.000000000,-2.034576089,0.073910261,-0.001776930,-9.495003986,115.216085832,-114.531416161,109.783914168,-110.468583839,1.017288045,1.017288045
1786024415.121883154,47.100374224,0.000000000,NONE,0,0.049995855,0.000003014,-49.500000000,-3.345408618,-0.044951339,-46.524464331,-3.190807596,0.044954353,-2.975535669,-0.154601022,-0.175861238,-2.994808093,-0.232326560,-0.179053213,-2.424031577,-0.060402191,0.003191975,-0.570776516,-0.171924369,-1.276856392,-450.000000000,-2.034165568,0.073821345,-0.001776951,-9.495271983,115.193032094,-114.554603898,109.806967906,-110.445396102,1.017082784,1.017082784
1786024415.171872139,47.150363157,0.000000000,NONE,0,0.049994445,0.000003014,-49.500000000,-3.345408618,-0.044909511,-46.645992934,-3.193660324,0.044912525,-2.854007066,-0.151748294,-0.173675734,-2.995072965,-0.226244669,-0.177712338,-2.424035543,-0.054241045,0.004036604,-0.571037422,-0.172003624,-1.193270693,-450.000000000,-2.041838928,0.073732324,-0.001785020,-9.495442095,115.172178197,-114.575542850,109.827821803,-110.424457150,1.020919464,1.020919464
1786024415.222011328,47.200502289,0.000000000,TARGET_UPDATED,0,0.050062651,0.000003014,-50.500000000,-3.345408618,-0.044805349,-46.767514780,-3.196285858,0.044808363,-3.732485220,-0.149122760,-0.184567425,-2.994538019,-0.220706843,-0.176158553,-2.424036125,-0.048481471,-0.008408872,-0.570501895,-0.172225372,-2.391838163,-450.000000000,-2.060205420,0.073642705,-0.001800099,-9.495495287,115.471833363,-114.275914281,109.528166637,-110.724085719,1.030102710,1.030102710
1786024415.271860361,47.250351583,0.000000000,NONE,0,0.049927697,0.000003014,-50.500000000,-3.345408618,-0.044709438,-46.889035482,-3.198697616,0.044712452,-3.610964518,-0.146711002,-0.183167501,-2.994709149,-0.215861170,-0.177751745,-2.424034873,-0.043290854,-0.005415757,-0.570674276,-0.172570316,-1.879281222,-450.000000000,-2.086830994,0.073552080,-0.001822295,-9.495367887,115.343662277,-114.404021666,109.656337723,-110.595978334,1.043415497,1.043415497
1786024415.321884155,47.300375235,0.000000000,NONE,0,0.050004965,0.000003014,-50.500000000,-3.345408618,-0.044718032,-47.010562489,-3.200909343,0.044721046,-3.489437511,-0.144499275,-0.181596906,-2.994851022,-0.211825425,-0.178924090,-2.424030875,-0.038784301,-0.002672816,-0.570820147,-0.173041124,-1.692537602,-450.000000000,-2.122293907,0.073460254,-0.001846019,-9.495131295,115.296917224,-114.450648423,109.703082776,-110.549351577,1.061146953,1.061146953
1786024415.371855497,47.350346564,0.000000000,NONE,0,0.049985536,0.000003014,-50.500000000,-3.345408618,-0.044761158,-47.132091027,-3.202935156,0.044764172,-3.367908973,-0.142473462,-0.179908437,-2.994957778,-0.208645410,-0.179107291,-2.424026164,-0.035024167,-0.000801146,-0.570931615,-0.173621243,-1.568548300,-450.000000000,-2.165092786,0.073367207,-0.001867743,-9.494804893,115.265838298,-114.481564148,109.734161702,-110.518435852,1.082546393,1.082546393
1786024415.421862602,47.400353578,0.000000000,NONE,0,0.049998208,0.000003014,-50.500000000,-3.345408618,-0.044808647,-47.253619182,-3.204789540,0.044811661,-3.246380818,-0.140619078,-0.178119110,-2.995029291,-0.206310464,-0.178798663,-2.424020670,-0.032030860,0.000679553,-0.571008622,-0.174279603,-1.456957900,-450.000000000,-2.212739916,0.073273088,-0.001885124,-9.494428628,115.237846632,-114.509367682,109.762153368,-110.490632318,1.106369958,1.106369958
1786024415.471871138,47.450362288,0.000000000,NONE,0,0.050002908,0.000003014,-50.500000000,-3.345408618,-0.044840887,-47.375145717,-3.206486807,0.044843901,-3.124854283,-0.138921811,-0.176236108,-2.995070288,-0.204739254,-0.178128147,-2.424014284,-0.029753565,0.001892039,-0.571056003,-0.174985689,-1.357697396,-450.000000000,-2.263119126,0.073178194,-0.001896604,-9.494040509,115.212934476,-114.534085778,109.787065524,-110.465914222,1.131559563,1.131559563
1786024415.521929264,47.500420208,0.000000000,NONE,0,0.050028813,0.000003014,-50.500000000,-3.345408618,-0.044840507,-47.496669463,-3.208041916,0.044843521,-3.003330537,-0.137366702,-0.174264623,-2.995089483,-0.203782856,-0.177129845,-2.424007425,-0.028109943,0.002865222,-0.571082058,-0.175672913,-1.271066714,-450.000000000,-2.310840507,0.073082982,-0.001899678,-9.493705376,115.191193023,-114.555659666,109.808806977,-110.444340334,1.155420253,1.155420253
1786024415.571882010,47.550372860,0.000000000,NONE,0,0.049983655,0.000003014,-50.500000000,-3.345408618,-0.044793422,-47.618189437,-3.209469181,0.044796436,-2.881810563,-0.135939437,-0.172206157,-2.995098426,-0.203247150,-0.175876035,-2.424000785,-0.026937757,0.003669878,-0.571097640,-0.176309393,-1.192027050,-450.000000000,-2.354391251,0.072987972,-0.001894303,-9.493454677,115.171370432,-114.575356907,109.828629568,-110.424643093,1.177195625,1.177195625
1786024415.621874332,47.600365433,0.000000000,NONE,0,0.049973219,0.000003014,-50.500000000,-3.345408618,-0.044688804,-47.739704853,-3.210781126,0.044691819,-2.760295147,-0.134627492,-0.170057828,-2.995110061,-0.202919493,-0.174423878,-2.423995107,-0.026044093,0.004366049,-0.571114954,-0.176875400,-1.117238495,-450.000000000,-2.392604193,0.072893627,-0.001881477,-9.493320793,115.152639822,-114.594020575,109.847360178,-110.405979425,1.196302096,1.196302096
1786024415.671940088,47.650430965,0.000000000,TARGET_UPDATED,0,0.050088561,0.000003014,-51.500000000,-3.345408618,-0.044517353,-47.861215006,-3.211988966,0.044520367,-3.638784994,-0.133419652,-0.181697141,-2.994327567,-0.202584243,-0.172796088,-2.423990978,-0.025249605,-0.008901053,-0.570336589,-0.177334638,-2.387601355,-450.000000000,-2.422593180,0.072800319,-0.001862479,-9.493339113,115.470235117,-114.276434440,109.529764883,-110.723565560,1.211296590,1.211296590
1786024415.721889019,47.700380079,0.000000000,NONE,0,0.049934245,0.000003014,-51.500000000,-3.345408618,-0.044355426,-47.982725442,-3.213102301,0.044358440,-3.517274558,-0.132306318,-0.180356868,-2.994330701,-0.202092102,-0.174513899,-2.423989599,-0.024395153,-0.005842968,-0.570341102,-0.177696949,-1.854998524,-450.000000000,-2.446042191,0.072708154,-0.001841896,-9.493432975,115.337107875,-114.409608613,109.662892125,-110.590391387,1.223021095,1.223021095
1786024415.771867275,47.750358308,0.000000000,NONE,0,0.050003668,0.000003014,-51.500000000,-3.345408618,-0.044305796,-48.104243493,-3.214128923,0.044308810,-3.395756507,-0.131279695,-0.178814083,-2.994375080,-0.201297570,-0.175815925,-2.423988989,-0.023344484,-0.002998158,-0.570386091,-0.177953086,-1.662301031,-450.000000000,-2.461838383,0.072617008,-0.001819178,-9.493630727,115.288982940,-114.457832424,109.711017060,-110.542167576,1.230919192,1.230919192
1786024415.821863890,47.800355045,0.000000000,NONE,0,0.049976221,0.000003014,-51.500000000,-3.345408618,-0.044295733,-48.225763733,-3.215074904,0.044298747,-3.274236267,-0.130333714,-0.177122072,-2.994462625,-0.200104557,-0.176090783,-2.423990305,-0.021988618,-0.001031289,-0.570472319,-0.178115938,-1.533120831,-450.000000000,-2.471374285,0.072526903,-0.001796317,-9.493900149,115.256755245,-114.490194829,109.743244755,-110.509805171,1.235687142,1.235687142
1786024415.871877193,47.850368201,0.000000000,NONE,0,0.050032802,0.000003014,-51.500000000,-3.345408618,-0.044293780,-48.347283743,-3.215944755,0.044296794,-3.152716257,-0.129463863,-0.175297837,-2.994593151,-0.198480572,-0.175850826,-2.423992960,-0.020273756,0.000552989,-0.570600191,-0.178206816,-1.415072701,-450.000000000,-2.476293441,0.072437743,-0.001776066,-9.494218400,115.227322775,-114.519786425,109.772677225,-110.480213575,1.238146720,1.238146720
1786024415.921867371,47.900358199,0.000000000,NONE,0,0.049979790,0.000003014,-51.500000000,-3.345408618,-0.044278445,-48.468801869,-3.216741767,0.044281460,-3.031198131,-0.128666851,-0.173350394,-2.994762508,-0.196459333,-0.175208516,-2.423996852,-0.018204559,0.001858123,-0.570765656,-0.178254774,-1.309879885,-450.000000000,-2.478793715,0.072349365,-0.001760454,-9.494536268,115.201104038,-114.546164096,109.798895962,-110.453835904,1.239396857,1.239396857
1786024415.971897364,47.950388262,0.000000000,NONE,0,0.050023408,0.000003014,-51.500000000,-3.345408618,-0.044231588,-48.590316758,-3.217468394,0.044234602,-2.909683242,-0.127940224,-0.171286743,-2.994962443,-0.194140137,-0.174229705,-2.424001500,-0.015846543,0.002942962,-0.570960944,-0.178293594,-1.215214768,-450.000000000,-2.481327578,0.072261550,-0.001750882,-9.494836365,115.177512783,-114.569905399,109.822487217,-110.430094601,1.240663789,1.240663789
1786024416.021889687,48.000380867,0.000000000,NONE,0,0.049983870,0.000003014,-51.500000000,-3.345408618,-0.044138149,-48.711827333,-3.218126707,0.044141163,-2.788172667,-0.127281911,-0.169111555,-2.995181961,-0.191671187,-0.172971455,-2.424006231,-0.013315023,0.003859900,-0.571175730,-0.178356164,-1.128122270,-450.000000000,-2.486183336,0.072174039,-0.001748200,-9.495077334,115.155799901,-114.591738766,109.844200099,-110.408261234,1.243091668,1.243091668
1786024416.071942568,48.050433660,0.000000000,TARGET_UPDATED,0,0.050074361,0.000003014,-52.500000000,-3.345408618,-0.043985536,-48.833332736,-3.218718867,0.043988550,-3.666667264,-0.126689751,-0.180298296,-2.994628959,-0.189217029,-0.171477459,-2.424010490,-0.010757107,-0.008820838,-0.570618468,-0.178459922,-2.347234571,-450.000000000,-2.494266647,0.072086530,-0.001752381,-9.495254171,115.460622185,-114.287004900,109.539377815,-110.712995100,1.247133323,1.247133323
1786024416.121886969,48.100378016,0.000000000,NONE,0,0.049929029,0.000003014,-52.500000000,-3.345408618,-0.043844979,-48.954838224,-3.219247523,0.043847993,-3.545161776,-0.126161095,-0.178879439,-2.994803391,-0.186995165,-0.173174326,-2.424014849,-0.008343612,-0.005705114,-0.570788542,-0.178651553,-1.820481235,-450.000000000,-2.509446750,0.071998688,-0.001764960,-9.495290692,115.328942982,-114.418702364,109.671057018,-110.581297636,1.254723375,1.254723375
1786024416.171865940,48.150356721,0.000000000,NONE,0,0.049986092,0.000003014,-52.500000000,-3.345408618,-0.043813907,-49.076350840,-3.219716197,0.043816921,-3.423649160,-0.125692421,-0.177266354,-2.994969884,-0.185145481,-0.174427651,-2.424017234,-0.006234434,-0.002838703,-0.570952650,-0.178911047,-1.626220688,-450.000000000,-2.528964605,0.071910250,-0.001781702,-9.495237247,115.280364484,-114.467254140,109.719635516,-110.532745860,1.264482303,1.264482303
1786024416.221876621,48.200367673,0.000000000,NONE,0,0.049993818,0.000003014,-52.500000000,-3.345408618,-0.043820140,-49.197865428,-3.220129545,0.043823154,-3.302134572,-0.125279073,-0.175517109,-2.995118123,-0.183778618,-0.174655253,-2.424019060,-0.004544286,-0.000861856,-0.571099062,-0.179234332,-1.495995171,-450.000000000,-2.552869716,0.071821068,-0.001799995,-9.495101001,115.247774043,-114.499776458,109.752225957,-110.500223542,1.276434858,1.276434858
1786024416.271878481,48.250369426,0.000000000,NONE,0,0.050028920,0.000003014,-52.500000000,-3.345408618,-0.043832083,-49.319379731,-3.220493140,0.043835097,-3.180620269,-0.124915478,-0.173654250,-2.995242371,-0.182964654,-0.174364028,-2.424020043,-0.003356618,0.000709778,-0.571222328,-0.179608036,-1.378777186,-450.000000000,-2.580032249,0.071731017,-0.001818162,-9.494892481,115.218417417,-114.529028824,109.781582583,-110.470971176,1.290016125,1.290016125
1786024416.321881056,48.300372096,0.000000000,NONE,0,0.049982027,0.000003014,-52.500000000,-3.345408618,-0.043828290,-49.440892188,-3.220813406,0.043831304,-3.059107812,-0.124595212,-0.171691566,-2.995340337,-0.182721638,-0.173671947,-2.424020030,-0.002711403,0.001980381,-0.571320307,-0.180010235,-1.276150604,-450.000000000,-2.608763348,0.071640048,-0.001834321,-9.494614781,115.192691346,-114.554616044,109.807308654,-110.445383956,1.304381674,1.304381674
1786024416.371885061,48.350375943,0.000000000,NONE,0,0.050017508,0.000003014,-52.500000000,-3.345408618,-0.043790997,-49.562401472,-3.221097345,0.043794011,-2.937598528,-0.124311273,-0.169639625,-2.995413134,-0.183009467,-0.172651224,-2.424018560,-0.002596176,0.003011599,-0.571394574,-0.180413291,-1.185594658,-450.000000000,-2.636988643,0.071548240,-0.001846395,-9.494306738,115.169975349,-114.577178020,109.830024651,-110.422821980,1.318494322,1.318494322
1786024416.421883821,48.400374771,0.000000000,NONE,0,0.049970748,0.000003014,-52.500000000,-3.345408618,-0.043705809,-49.683906479,-3.221352111,0.043708823,-2.816093521,-0.124056507,-0.167505401,-2.995465462,-0.183728454,-0.171364690,-2.424015500,-0.002940957,0.003859289,-0.571449962,-0.180787496,-1.103964956,-450.000000000,-2.662613217,0.071455828,-0.001852721,-9.493991952,115.149489227,-114.597506749,109.850510773,-110.402493251,1.331306609,1.331306609
1786024416.471927643,48.450418578,0.000000000,TARGET_UPDATED,0,0.050082215,0.000003014,-53.500000000,-3.345408618,-0.043561021,-49.805406314,-3.221584497,0.043564035,-3.694593686,-0.123824121,-0.178395731,-2.994752241,-0.184748226,-0.169861211,-2.424011193,-0.003626659,-0.008534520,-0.570741048,-0.181121567,-2.291941025,-450.000000000,-2.685180172,0.071363185,-0.001852091,-9.493734840,115.446418966,-114.300448454,109.553581034,-110.699551546,1.342590086,1.342590086
1786024416.521891832,48.500382809,0.000000000,NONE,0,0.049933226,0.000003014,-53.500000000,-3.345408618,-0.043426559,-49.926905992,-3.221800466,0.043429573,-3.573094008,-0.123608152,-0.177043357,-2.994742084,-0.185884899,-0.171474356,-2.424007144,-0.004521248,-0.005569001,-0.570734940,-0.181363651,-1.784359175,-450.000000000,-2.700303757,0.071270722,-0.001846283,-9.493513439,115.319468154,-114.427288566,109.680531846,-110.572711434,1.350151878,1.350151878
1786024416.571878672,48.550369744,0.000000000,NONE,0,0.050007775,0.000003014,-53.500000000,-3.345408618,-0.043397942,-50.048412293,-3.222004749,0.043400956,-3.451587707,-0.123403869,-0.175525977,-2.994744747,-0.186972436,-0.172677382,-2.424002114,-0.005457006,-0.002848596,-0.570742633,-0.181515430,-1.600675258,-450.000000000,-2.709115221,0.071178795,-0.001832980,-9.493411331,115.273521647,-114.473184018,109.726478353,-110.526815982,1.354557610,1.354557610
1786024416.621886730,48.600377791,0.000000000,NONE,0,0.049978454,0.000003014,-53.500000000,-3.345408618,-0.043405415,-50.169920272,-3.222200521,0.043408429,-3.330079728,-0.123208097,-0.173895792,-2.994767286,-0.187842182,-0.172893803,-2.423998109,-0.006264571,-0.001001989,-0.570769177,-0.181577611,-1.480182127,-450.000000000,-2.711676937,0.071087804,-0.001813481,-9.493432721,115.243403712,-114.503312649,109.756596288,-110.496687351,1.355838469,1.355838469
1786024416.671888590,48.650379535,0.000000000,NONE,0,0.050022920,0.000003014,-53.500000000,-3.345408618,-0.043419393,-50.291427864,-3.222389281,0.043422408,-3.208572136,-0.123019337,-0.172168717,-2.994816893,-0.188363125,-0.172635808,-2.423995271,-0.006804269,0.000467091,-0.570821622,-0.181558856,-1.371093702,-450.000000000,-2.708744947,0.070997999,-0.001790769,-9.493578504,115.216168051,-114.530621201,109.783831949,-110.469378799,1.354372474,1.354372474
1786024416.721874475,48.700365405,0.000000000,NONE,0,0.050008007,0.000003014,-53.500000000,-3.345408618,-0.043420045,-50.412933694,-3.222571059,0.043423059,-3.087066306,-0.122837559,-0.170351031,-2.994898748,-0.188447374,-0.172010294,-2.423993748,-0.006974600,0.001659263,-0.570905000,-0.181472774,-1.275350049,-450.000000000,-2.701372837,0.070909461,-0.001767745,-9.493817760,115.192291952,-114.554616928,109.807708048,-110.445383072,1.350686418,1.350686418
1786024416.771853924,48.750344931,0.000000000,NONE,0,0.049969884,0.000003014,-53.500000000,-3.345408618,-0.043390821,-50.534436611,-3.222744689,0.043393835,-2.965563389,-0.122663930,-0.168445139,-2.995015079,-0.188056904,-0.171082423,-2.423993536,-0.006718362,0.002637284,-0.571021544,-0.181338543,-1.190067227,-450.000000000,-2.691011731,0.070822094,-0.001747025,-9.494113588,115.171045204,-114.576011590,109.828954796,-110.423988410,1.345505865,1.345505865
1786024416.821873426,48.800364273,0.000000000,NONE,0,0.050004241,0.000003014,-53.500000000,-3.345408618,-0.043318203,-50.655935685,-3.222908122,0.043321217,-2.844064315,-0.122500496,-0.166449584,-2.995164713,-0.187209013,-0.169906827,-2.423994736,-0.006028697,0.003457243,-0.571169977,-0.181180316,-1.112076893,-450.000000000,-2.679457869,0.070735663,-0.001730524,-9.494438247,115.151628785,-114.595590339,109.848371215,-110.404409661,1.339728934,1.339728934
1786024416.871948719,48.850439914,0.000000000,TARGET_UPDATED,0,0.050091369,0.000003014,-54.500000000,-3.345408618,-0.043191004,-50.777430168,-3.223058814,0.043194018,-3.722569832,-0.122349805,-0.177122128,-2.994615679,-0.185973125,-0.168523782,-2.423997224,-0.004953890,-0.008598346,-0.570618455,-0.181019235,-2.267618508,-450.000000000,-2.668130685,0.070649830,-0.001719861,-9.494756186,115.440593673,-114.306784420,109.559406327,-110.693215580,1.334065343,1.334065343
1786024416.921856880,48.900347878,0.000000000,NONE,0,0.049909385,0.000003014,-54.500000000,-3.345408618,-0.043080844,-50.898925217,-3.223194140,0.043083858,-3.601074783,-0.122214479,-0.175839676,-2.994769863,-0.184501292,-0.170252605,-2.424001399,-0.003603353,-0.005587071,-0.570768465,-0.180897939,-1.764480991,-450.000000000,-2.660425432,0.070564133,-0.001718025,-9.494962372,115.314860841,-114.432620345,109.685139159,-110.567379655,1.330212716,1.330212716
1786024416.971870184,48.950361159,0.000000000,NONE,0,0.049997748,0.000003014,-54.500000000,-3.345408618,-0.043075296,-51.020427016,-3.223311873,0.043078310,-3.479572984,-0.122096745,-0.174370016,-2.994940770,-0.182939916,-0.171434673,-2.424004837,-0.002112366,-0.002935343,-0.570935934,-0.180827550,-1.588195724,-450.000000000,-2.656520662,0.070478180,-0.001721852,-9.495095381,115.270822776,-114.476724914,109.729177224,-110.523275086,1.328260331,1.328260331
1786024417.021869898,49.000360851,0.000000000,NONE,0,0.049984061,0.000003014,-54.500000000,-3.345408618,-0.043106272,-51.141930793,-3.223410548,0.043109286,-3.358069207,-0.121998070,-0.172760888,-2.995115936,-0.181444602,-0.171685852,-2.424008457,-0.000620808,-0.001075036,-0.571107480,-0.180823794,-1.465776563,-450.000000000,-2.657590404,0.070391842,-0.001729948,-9.495144319,115.240230220,-114.507341939,109.759769780,-110.492658061,1.328795202,1.328795202
1786024417.071918488,49.050409638,0.000000000,NONE,0,0.050073070,0.000003014,-54.500000000,-3.345408618,-0.043145022,-51.263434543,-3.223489694,0.043148036,-3.236565457,-0.121918924,-0.171026719,-2.995285420,-0.180165533,-0.171456754,-2.424011689,0.000727125,0.000430035,-0.571273731,-0.180892658,-1.354181500,-450.000000000,-2.663861328,0.070305000,-0.001741333,-9.495123901,115.212326350,-114.535235600,109.787673650,-110.464764400,1.331930664,1.331930664
1786024417.121876001,49.100367039,0.000000000,NONE,0,0.049957149,0.000003014,-54.500000000,-3.345408618,-0.043171247,-51.384936836,-3.223550065,0.043174261,-3.115063164,-0.121858553,-0.169175829,-2.995441323,-0.179226695,-0.170845189,-2.424014336,0.001802505,0.001669360,-0.571426987,-0.181029200,-1.254991664,-450.000000000,-2.674777180,0.070217573,-0.001754875,-9.495010017,115.187500420,-114.560004588,109.812499580,-110.439995412,1.337388590,1.337388590
1786024417.171855450,49.150346276,0.000000000,NONE,0,0.049980295,0.000003014,-54.500000000,-3.345408618,-0.043167822,-51.506436443,-3.223593687,0.043170836,-2.993563557,-0.121814931,-0.167214987,-2.995578041,-0.178714363,-0.169914115,-2.424016278,0.002506111,0.002699128,-0.571561763,-0.181220474,-1.165876310,-450.000000000,-2.689260192,0.070129522,-0.001768635,-9.494838525,115.165178709,-114.582240554,109.834821291,-110.417759446,1.344630096,1.344630096
1786024417.221856117,49.200346976,0.000000000,NONE,0,0.049991543,0.000003014,-54.500000000,-3.345408618,-0.043120558,-51.627932318,-3.223623654,0.043123572,-2.872067682,-0.121784964,-0.165149168,-2.995692547,-0.178669995,-0.168717844,-2.424017370,0.002778946,0.003568676,-0.571675177,-0.181448941,-1.084069836,-450.000000000,-2.705996010,0.070040873,-0.001780972,-9.494626149,115.144673996,-114.602639078,109.855326004,-110.397360922,1.352998005,1.352998005
1786024417.271865606,49.250356680,0.000000000,NONE,0,0.050016807,0.000003014,-54.500000000,-3.345408618,-0.043017599,-51.749423556,-3.223643803,0.043020613,-2.750576444,-0.121764815,-0.162981538,-2.995784609,-0.179085463,-0.167298276,-2.424017258,0.002607704,0.004316738,-0.571767351,-0.181693166,-1.007585462,-450.000000000,-2.723404515,0.069951700,-0.001790596,-9.494393583,115.125494761,-114.621702030,109.874505239,-110.378297970,1.361702257,1.361702257
1786024417.321930408,49.300421390,0.000000000,TARGET_UPDATED,0,0.050070157,0.000003014,-55.500000000,-3.345408618,-0.042848860,-51.870909364,-3.223658355,0.042851874,-3.629090636,-0.121750263,-0.174163556,-2.995105647,-0.179892334,-0.165687359,-2.424015623,0.002029727,-0.008476197,-0.571090025,-0.181922060,-2.225673375,-450.000000000,-2.739115686,0.069862132,-0.001796367,-9.494166490,115.429959966,-114.317123279,109.570040034,-110.682876721,1.369557843,1.369557843
1786024417.371850729,49.350341750,0.000000000,NONE,0,0.049925100,0.000003014,-55.500000000,-3.345408618,-0.042690830,-51.992395058,-3.223671490,0.042693844,-3.507604942,-0.121737128,-0.172769941,-2.995117429,-0.181016502,-0.167368107,-2.424013493,0.001116105,-0.005401834,-0.571103936,-0.182132607,-1.701202162,-450.000000000,-2.753499774,0.069772343,-0.001799372,-9.493920043,115.298780551,-114.448179470,109.701219449,-110.551820530,1.376749887,1.376749887
1786024417.421852827,49.400343978,0.000000000,NONE,0,0.049988682,0.000003014,-55.500000000,-3.345408618,-0.042636675,-52.113887046,-3.223686997,0.042639689,-3.386112954,-0.121721621,-0.171191024,-2.995128658,-0.182302767,-0.168498513,-2.424009270,-0.000019675,-0.002692510,-0.571119388,-0.182283091,-1.520183296,-450.000000000,-2.762826743,0.069682527,-0.001795877,-9.493736436,115.253479933,-114.493388285,109.746520067,-110.506611715,1.381413372,1.381413372
1786024417.471873760,49.450364822,0.000000000,NONE,0,0.050017544,0.000003014,-55.500000000,-3.345408618,-0.042615940,-52.235380401,-3.223707936,0.042618954,-3.264619599,-0.121700682,-0.169484370,-2.995145289,-0.183588179,-0.168673423,-2.424004989,-0.001226145,-0.000810947,-0.571140300,-0.182362034,-1.396154450,-450.000000000,-2.766920711,0.069592968,-0.001785951,-9.493632705,115.222446789,-114.524369564,109.777553211,-110.475630436,1.383460355,1.383460355
1786024417.521900177,49.500391387,0.000000000,NONE,0,0.050020049,0.000003014,-55.500000000,-3.345408618,-0.042599426,-52.356873117,-3.223736113,0.042602441,-3.143126883,-0.121672505,-0.167670998,-2.995175156,-0.184720509,-0.168366474,-2.424000980,-0.002353691,0.000695476,-0.571174176,-0.182366819,-1.284087588,-450.000000000,-2.765772940,0.069503948,-0.001771134,-9.493612451,115.194425010,-114.552381216,109.805574990,-110.447618784,1.382886470,1.382886470
1786024417.571864128,49.550355102,0.000000000,NONE,0,0.049976891,0.000003014,-55.500000000,-3.345408618,-0.042566815,-52.478363832,-3.223772002,0.042569830,-3.021636168,-0.121636616,-0.165763981,-2.995225541,-0.185569555,-0.167681509,-2.423997719,-0.003267644,0.001917528,-0.571227823,-0.182301911,-1.186047070,-450.000000000,-2.759834981,0.069415719,-0.001753057,-9.493673285,115.169930089,-114.576906554,109.830069911,-110.423093446,1.379917490,1.379917490
1786024417.621875525,49.600366383,0.000000000,NONE,0,0.050002161,0.000003014,-55.500000000,-3.345408618,-0.042501170,-52.599851428,-3.223814802,0.042504184,-2.900148572,-0.121593816,-0.163772877,-2.995302008,-0.186039510,-0.166686790,-2.423995517,-0.003861302,0.002913914,-0.571306492,-0.182178207,-1.099415779,-450.000000000,-2.750000560,0.069328470,-0.001733445,-9.493822634,115.148309603,-114.598601714,109.851690397,-110.401398286,1.375000280,1.375000280
1786024417.671851873,49.650342798,0.000000000,NONE,0,0.049995892,0.000003014,-55.500000000,-3.345408618,-0.042388715,-52.721335000,-3.223862619,0.042391729,-2.778665000,-0.121545999,-0.161703079,-2.995407774,-0.186076855,-0.165440883,-2.423994481,-0.004065240,0.003737804,-0.571413294,-0.182011615,-1.021199740,-450.000000000,-2.737480903,0.069242282,0.000000000,-9.511185721,115.133096365,-114.622496495,109.866903635,-110.377503505,1.368740451,1.368740451
1786024417.721928120,49.700419090,0.000000000,TARGET_UPDATED,0,0.050071562,0.000003014,-56.500000000,-3.345408618,-0.042218212,-52.842813811,-3.223912743,0.042221227,-3.657186189,-0.121495875,-0.172537277,-2.994822850,-0.185687351,-0.163970081,-2.423995636,-0.003853543,-0.008567196,-0.570827214,-0.181833807,-2.194689571,-450.000000000,-2.724815462,0.069147233,-0.002099109,-9.489515265,115.421051209,-114.323706423,109.578948791,-110.676293577,1.362407731,1.362407731
1786024417.771851778,49.750342770,0.000000000,NONE,0,0.049931744,0.000003014,-56.500000000,-3.345408618,-0.042062551,-52.964292926,-3.223962004,0.042065565,-3.535707074,-0.121446614,-0.171173965,-2.994944661,-0.184910338,-0.165627858,-2.423999354,-0.003265850,-0.005546107,-0.570945307,-0.181644488,-1.684956446,-450.000000000,-2.711322582,0.069039712,-0.002095341,-9.487845873,115.293200580,-114.450722357,109.706799420,-110.549277643,1.355661291,1.355661291
1786024417.821855545,49.800346531,0.000000000,NONE,0,0.049985652,0.000003014,-56.500000000,-3.345408618,-0.042011148,-53.085778453,-3.224007156,0.042014162,-3.414221547,-0.121401462,-0.169669065,-2.995091860,-0.183843315,-0.166762190,-2.424001258,-0.002367710,-0.002906875,-0.571090602,-0.181475605,-1.509910625,-450.000000000,-2.699913740,0.068940683,-0.001898480,-9.488784203,115.249673707,-114.494718395,109.750326293,-110.505281605,1.349956870,1.349956870
1786024417.871860743,49.850351838,0.000000000,NONE,0,0.050009608,0.000003014,-56.500000000,-3.345408618,-0.041995521,-53.207265728,-3.224045182,0.041998535,-3.292734272,-0.121363436,-0.168076926,-2.995253896,-0.182605270,-0.166992189,-2.424003399,-0.001254289,-0.001084737,-0.571250497,-0.181350980,-1.391321108,-450.000000000,-2.692076616,0.068851556,-0.001710305,-9.490422311,115.220435855,-114.524775301,109.779564145,-110.475224699,1.346038308,1.346038308
1786024417.921855927,49.900346873,0.000000000,NONE,0,0.049998220,0.000003014,-56.500000000,-3.345408618,-0.041987366,-53.328752897,-3.224073657,0.041990380,-3.171247103,-0.121334962,-0.166406468,-2.995421615,-0.181337041,-0.166775410,-2.424005668,-0.000050989,0.000368941,-0.571415948,-0.181286052,-1.284798011,-450.000000000,-2.688724988,0.068770548,-0.001566713,-9.492254403,115.194263104,-114.551864098,109.805736896,-110.448135902,1.344362494,1.344362494
1786024417.971866131,49.950356991,0.000000000,NONE,0,0.050021734,0.000003014,-56.500000000,-3.345408618,-0.041967086,-53.450238698,-3.224091080,0.041970100,-3.049761302,-0.121317538,-0.164656075,-2.995586630,-0.180179061,-0.166206579,-2.424007950,0.001109433,0.001550504,-0.571578680,-0.181288493,-1.191675013,-450.000000000,-2.690243331,0.068695017,-0.001478244,-9.493969118,115.171411033,-114.575573526,109.828588967,-110.424426474,1.345121665,1.345121665
1786024418.021866798,50.000357733,0.000000000,NONE,0,0.049972370,0.000003014,-56.500000000,-3.345408618,-0.041918358,-53.571722065,-3.224097097,0.041921372,-2.928277935,-0.121311521,-0.162820447,-2.995741808,-0.179255718,-0.165343616,-2.424010113,0.002100918,0.002523169,-0.571731695,-0.181356636,-1.108732739,-450.000000000,-2.696328117,0.068622161,-0.001444533,-9.495336165,115.151017226,-114.596650856,109.848982774,-110.403349144,1.348164059,1.348164059
1786024418.071879387,50.050370525,0.000000000,NONE,0,0.050038779,0.000003014,-56.500000000,-3.345408618,-0.041827827,-53.693202097,-3.224092563,0.041830841,-2.806797903,-0.121316055,-0.160891842,-2.995881833,-0.178662879,-0.164234060,-2.424012000,0.002818855,0.003342218,-0.571869833,-0.181481734,-1.032819551,-450.000000000,-2.706221390,0.068549463,-0.001457450,-9.496251413,115.132267741,-114.615857966,109.867732259,-110.384142034,1.353110695,1.353110695
1786024418.121905088,50.100396074,0.000000000,TARGET_UPDATED,0,0.050035770,0.000003014,-57.500000000,-3.345408618,-0.041684407,-53.814678003,-3.224079394,0.041687422,-3.685321997,-0.121329224,-0.171477199,-2.995308210,-0.178454625,-0.162912977,-2.424013424,0.003190581,-0.008564222,-0.571294786,-0.181645206,-2.169582311,-450.000000000,-2.718431564,0.068474984,-0.001504515,-9.496674824,115.416564284,-114.331773128,109.583435716,-110.668226872,1.359215782,1.359215782
1786024418.171875954,50.150366882,0.000000000,NONE,0,0.049962620,0.000003014,-57.500000000,-3.345408618,-0.041558459,-53.936154580,-3.224060334,0.041561473,-3.563845420,-0.121348284,-0.170240709,-2.995367526,-0.178671910,-0.164644099,-2.424014957,0.003169162,-0.005596611,-0.571352568,-0.181841071,-1.674153742,-450.000000000,-2.732795224,0.068397503,-0.001573023,-9.496625905,115.292694912,-114.455618041,109.707305088,-110.544381959,1.366397612,1.366397612
1786024418.221873999,50.200364981,0.000000000,NONE,0,0.049967408,0.000003014,-57.500000000,-3.345408618,-0.041536170,-54.057637581,-3.224038675,0.041539184,-3.442362419,-0.121369943,-0.168809950,-2.995414302,-0.179277305,-0.165830763,-2.424014244,0.002760951,-0.002979187,-0.571400058,-0.182038256,-1.501055447,-450.000000000,-2.746624193,0.068316524,-0.001646094,-9.496244027,115.249324868,-114.498797145,109.750675132,-110.501202855,1.373312097,1.373312097
1786024418.271867990,50.250359005,0.000000000,NONE,0,0.050016436,0.000003014,-57.500000000,-3.345408618,-0.041550564,-54.179122310,-3.224017864,0.041553578,-3.320877690,-0.121390754,-0.167233348,-2.995450065,-0.180186777,-0.166095065,-2.424012539,0.002028631,-0.001138283,-0.571437526,-0.182215408,-1.380932256,-450.000000000,-2.758620449,0.068232162,-0.001711690,-9.495664581,115.219149209,-114.528683081,109.780850791,-110.471316919,1.379310225,1.379310225
1786024418.321910858,50.300401817,0.000000000,NONE,0,0.050010966,0.000003014,-57.500000000,-3.345408618,-0.041573384,-54.300606749,-3.224001098,0.041576398,-3.199393251,-0.121407520,-0.165527546,-2.995480005,-0.181286207,-0.165881559,-2.424009787,0.001066361,0.000354013,-0.571470218,-0.182352567,-1.271274226,-450.000000000,-2.767422302,0.068144991,-0.001762180,-9.495001983,115.191569052,-114.555931939,109.808430948,-110.444068061,1.383711151,1.383711151
1786024418.371856213,50.350347219,0.000000000,NONE,0,0.049981303,0.000003014,-57.500000000,-3.345408618,-0.041584643,-54.422089488,-3.223991008,0.041587657,-3.077910512,-0.121417611,-0.163703815,-2.995510955,-0.182442354,-0.165287572,-2.424006391,-0.000008065,0.001583758,-0.571504563,-0.182434288,-1.174042137,-450.000000000,-2.772035198,0.068055865,-0.001793235,-9.494364407,115.167101636,-114.580080567,109.832898364,-110.419919433,1.386017599,1.386017599
1786024418.421866655,50.400357804,0.000000000,NONE,0,0.049988904,0.000003014,-57.500000000,-3.345408618,-0.041567448,-54.543569373,-3.223989366,0.041570462,-2.956430627,-0.121419252,-0.161772035,-2.995550241,-0.183519735,-0.164377443,-2.424002876,-0.001067344,0.002605408,-0.571547365,-0.182452391,-1.086850606,-450.000000000,-2.772029467,0.067965767,-0.001803875,-9.493845218,115.145173956,-114.601748653,109.854826044,-110.398251347,1.386014733,1.386014733
1786024418.471843958,50.450334778,0.000000000,NONE,0,0.050005500,0.000003014,-57.500000000,-3.345408618,-0.041507801,-54.665045482,-3.223996865,0.041510816,-2.834954518,-0.121411753,-0.159739871,-2.995604799,-0.184396024,-0.163206912,-2.423999724,-0.001988639,0.003467042,-0.571605075,-0.182407385,-1.007104409,-450.000000000,-2.767616897,0.067875654,-0.001796172,-9.493501588,115.125151499,-114.621599295,109.874848501,-110.378400705,1.383808449,1.383808449
1786024418.521949768,50.500440709,0.000000000,TARGET_UPDATED,0,0.050083006,0.000003014,-58.500000000,-3.345408618,-0.041394011,-54.786517073,-3.224013044,0.041397025,-3.713482927,-0.121395574,-0.169916730,-2.995008058,-0.184967645,-0.161819316,-2.423997295,-0.002667929,-0.008097414,-0.571010763,-0.182299716,-2.109352639,-450.000000000,-2.758830352,0.067786335,-0.001774382,-9.493363847,115.400679122,-114.346002802,109.599320878,-110.653997198,1.379415176,1.379415176
1786024418.571887970,50.550378798,0.000000000,NONE,0,0.049933093,0.000003014,-58.500000000,-3.345408618,-0.041293870,-54.907988835,-3.224036379,0.041296884,-3.592011165,-0.121372240,-0.168577872,-2.995066897,-0.185205378,-0.163401384,-2.423996622,-0.003042173,-0.005176487,-0.571070275,-0.182163206,-1.623204255,-450.000000000,-2.748690524,0.067698284,-0.001745780,-9.493366570,115.279142706,-114.467540579,109.720857294,-110.532459421,1.374345262,1.374345262
1786024418.621861696,50.600352655,0.000000000,NONE,0,0.049966361,0.000003014,-58.500000000,-3.345408618,-0.041289348,-55.029466323,-3.224064485,0.041292362,-3.470533677,-0.121344133,-0.167074041,-2.995156874,-0.185071498,-0.164424293,-2.423995904,-0.003075631,-0.002649747,-0.571160971,-0.181995866,-1.455514645,-450.000000000,-2.736361615,0.067611882,-0.001713009,-9.493538739,115.237263346,-114.509506024,109.762736654,-110.490493976,1.368180808,1.368180808
1786024418.671905279,50.650396395,0.000000000,TARGET_UPDATED,0,0.050085838,-0.479094676,-57.775105215,-3.021306462,-0.041315869,-55.150945126,-3.224094574,-0.437778807,-2.624160089,0.202788111,-0.692247541,-2.919312638,0.301552403,-0.164583625,-2.423995716,-0.002759801,-0.527663916,-0.495316922,0.304312205,-65.031026945,-450.000000000,41.018967760,0.067525985,-0.001707146,-9.493489799,120.000000000,-90.244581581,85.900766413,-115.656184832,-20.509483880,-20.509483880
1786024418.721898079,50.700389023,0.000000000,TARGET_UPDATED,0,0.049991762,-0.479094676,-58.775105215,-3.021306462,-0.045474853,-55.270785767,-3.219838691,-0.433619823,-3.504319448,0.198532228,-0.569006933,-2.945364371,0.299572503,-0.323256121,-2.356413803,0.170599531,-0.245750812,-0.588950569,0.128972972,-24.585861969,-450.000000000,15.531590166,0.067440177,-0.001749845,-9.492941048,120.000000000,-107.810648110,103.104170905,-115.293522796,-7.765795083,-7.765795083
1786024418.771844149,50.750335086,0.000000000,NONE,0,0.049934664,-0.479094676,-58.775105215,-3.021306462,-0.056736517,-55.390437354,-3.207865390,-0.422358159,-3.384667861,0.186558928,-0.573457557,-2.944185624,0.285003453,-0.412512114,-2.390192620,0.272236728,-0.160945443,-0.553993004,0.012766725,-23.684983709,-450.000000000,8.577668283,0.067367089,-0.001778306,-9.493537274,120.000000000,-108.235412289,103.519869593,-115.284457304,-4.288834141,-4.288834141
1786024418.821845293,50.800336349,0.000000000,NONE,0,0.049998427,-0.479094676,-58.775105215,-3.021306462,-0.070666244,-55.511867364,-3.193386786,-0.408428432,-3.263237851,0.172080323,-0.575744593,-2.944035833,0.260379262,-0.465005857,-2.409087702,0.301979837,-0.110738735,-0.534948131,-0.041600576,-21.494889919,-450.000000000,6.010702917,0.067301179,-0.001786084,-9.494916645,120.000000000,-109.274671708,104.536982959,-115.262311252,-3.005351459,-3.005351459
1786024418.871869087,50.850360150,0.000000000,NONE,0,0.050020438,-0.479094676,-58.775105215,-3.021306462,-0.086677012,-55.634020157,-3.177990762,-0.392417664,-3.141085058,0.156684300,-0.575819669,-2.944480085,0.231745913,-0.503652996,-2.418064022,0.308981853,-0.072166672,-0.526416064,-0.077235940,-19.419534997,-450.000000000,3.889259836,0.067230618,-0.001819128,-9.495667153,119.728800537,-110.019033039,105.271199463,-114.980966961,-1.944629918,-1.944629918
1786024418.921850920,50.900341828,0.000000000,NONE,0,0.049985786,-0.479094676,-58.775105215,-3.021306462,-0.104132205,-55.756552602,-3.162333099,-0.374962471,-3.018552613,0.141026636,-0.573927409,-2.945278942,0.201713741,-0.529410768,-2.422520666,0.303951856,-0.044516641,-0.522758276,-0.102238115,-17.875827622,-450.000000000,2.348782792,0.067140867,-0.002052607,-9.492864437,119.342173015,-110.404259204,105.657826985,-114.595740796,-1.174391396,-1.174391396
1786024418.971843243,50.950334233,0.000000000,NONE,0,0.049996698,-0.479094676,-58.775105215,-3.021306462,-0.122509716,-55.879247554,-3.146836501,-0.356584960,-2.895857660,0.125530039,-0.570445899,-2.946249314,0.172225091,-0.545155029,-2.423896709,0.292542853,-0.025290870,-0.522352605,-0.120317762,-16.701469850,-450.000000000,1.218768572,0.067040774,-0.002055475,-9.491531934,119.048250446,-110.697515521,105.951749554,-114.302484479,-0.609384286,-0.609384286
1786024419.021900177,51.000391149,0.000000000,NONE,0,0.049997939,-0.479094676,-58.775105215,-3.021306462,-0.141440312,-56.001986878,-3.131726524,-0.337654364,-2.773118336,0.110420061,-0.565715777,-2.947287367,0.144555055,-0.553791140,-2.424222733,0.278886263,-0.011924638,-0.523064634,-0.134331207,-15.760627824,-450.000000000,0.316535037,0.066938062,-0.002023913,-9.490324134,118.812737990,-110.932424078,106.187262010,-114.067575922,-0.158267518,-0.158267518
1786024419.071916103,51.050407028,0.000000000,TARGET_UPDATED,0,0.050070216,-0.479094676,-59.775105215,-3.021306462,-0.160666220,-56.124731166,-3.117123052,-0.318428456,-3.650374048,0.095816590,-0.463801169,-2.964893945,0.122266977,-0.557372443,-2.424251862,0.265028606,0.093571274,-0.540642083,-0.142761629,-2.583642380,-450.000000000,-0.161685991,0.066839481,-0.001965519,-9.489714918,115.518339325,-114.226518134,109.481660675,-110.773481866,0.080842995,0.080842995
1786024419.121850729,51.100341709,0.000000000,NONE,0,0.049935479,-0.479094676,-59.775105215,-3.021306462,-0.179141863,-56.247408369,-3.103103437,-0.299952813,-3.527696846,0.081796974,-0.456131045,-2.965963334,0.100300279,-0.524027038,-2.424179252,0.253103563,0.067895992,-0.541784082,-0.152803285,-6.406991630,-450.000000000,-0.897322527,0.066752613,-0.001867266,-9.490414690,116.474351580,-113.270855765,108.525648420,-111.729144235,0.448661264,0.448661264
1786024419.171873093,51.150363929,0.000000000,NONE,0,0.050009343,-0.479094676,-59.775105215,-3.021306462,-0.196067952,-56.369970170,-3.089724868,-0.283026724,-3.405135044,0.068418406,-0.449283056,-2.966821665,0.081525253,-0.498628050,-2.424098837,0.241968290,0.049344994,-0.542722829,-0.160443037,-7.079820177,-450.000000000,-1.383779114,0.066680768,-0.001776921,-9.492239820,116.643014999,-113.103104911,108.356985001,-111.896895089,0.691889557,0.691889557
1786024419.221854687,51.200345795,0.000000000,NONE,0,0.049975011,-0.479094676,-59.775105215,-3.021306462,-0.212092327,-56.492465728,-3.077022197,-0.267002349,-3.282639487,0.055715735,-0.442956460,-2.967570238,0.065582062,-0.480873964,-2.424013988,0.231738053,0.037917505,-0.543556249,-0.166155992,-7.352952616,-450.000000000,-1.745235632,0.066618269,-0.001716384,-9.494503833,116.711864112,-113.035387804,108.288135888,-111.964612196,0.872617816,0.872617816
1786024419.271905899,51.250396688,0.000000000,TARGET_UPDATED,0,0.050069935,-0.169135659,-59.500000000,-2.707948499,-0.227448622,-56.614916371,-3.065006294,0.058312964,-2.885083629,0.357057794,-0.143574341,-2.998513744,0.524552037,-0.466893681,-2.423939628,0.222467389,0.323319340,-0.574574116,0.302084648,24.084695438,-450.000000000,40.505220538,0.066557582,-0.001695659,-9.496521138,108.046833279,-120.000000000,115.286903223,-103.333736502,-20.252610269,-20.252610269
1786024419.321859837,51.300350886,0.000000000,NONE,0,0.049952016,-0.169135659,-59.500000000,-2.707948499,-0.240063126,-56.737003278,-3.049530397,0.070927467,-2.762996722,0.341581898,-0.122774955,-2.998599562,0.505819049,-0.369519436,-2.417822555,0.373829052,0.246744481,-0.580777007,0.131989997,12.527611145,-450.000000000,15.844998141,0.066496060,-0.001638994,-9.498809240,111.742799524,-118.006605096,113.257200476,-106.993394904,-7.922499070,-7.922499070
1786024419.371918678,51.350409470,0.000000000,TARGET_UPDATED,0,0.050061844,-0.169135659,-60.500000000,-2.707948499,-0.248178908,-56.858767066,-3.028524365,0.079043250,-3.641232934,0.320575865,-0.130080024,-2.997419014,0.479362529,-0.295721926,-2.421483888,0.431565378,0.165641902,-0.575935126,0.047797151,7.490407521,-450.000000000,11.676079486,0.066428218,-0.001632677,-9.500096144,113.002422156,-116.747625916,111.997577844,-108.252374084,-5.838039743,-5.838039743
1786024419.421841145,51.400332130,0.000000000,NONE,0,0.049911320,-0.169135659,-60.500000000,-2.707948499,-0.253704958,-56.980525837,-3.006672896,0.084569299,-3.519474163,0.298724397,-0.119409113,-2.997190725,0.450966539,-0.249306275,-2.423074364,0.442216492,0.129897163,-0.574116361,0.008750048,6.379849503,-450.000000000,9.842447748,0.066347405,-0.001697510,-9.499605719,113.279939054,-116.469863805,111.720060946,-108.530136195,-4.921223874,-4.921223874
1786024419.471848249,51.450339193,0.000000000,NONE,0,0.050020213,-0.169135659,-60.500000000,-2.707948499,-0.257459667,-57.102228901,-2.984948736,0.088324008,-3.397771099,0.277000237,-0.110866000,-2.997033271,0.422067351,-0.213452809,-2.423528175,0.439429386,0.102586809,-0.573505095,-0.017362035,5.007819555,-450.000000000,8.274466719,0.066254731,-0.001778414,-9.498010940,113.622547846,-116.126457624,111.377452154,-108.873542376,-4.137233360,-4.137233360
1786024419.521864891,51.500355851,0.000000000,NONE,0,0.049978479,-0.169135659,-60.500000000,-2.707948499,-0.259787995,-57.223868219,-2.963728641,0.090652336,-3.276131781,0.255780142,-0.104211760,-2.996974443,0.393048251,-0.185296085,-2.423706559,0.429616239,0.081084325,-0.573267884,-0.036567988,3.903721636,-450.000000000,7.066882355,0.066154865,-0.001839139,-9.496027004,113.898076342,-115.849937160,111.101923658,-109.150062840,-3.533441177,-3.533441177
1786024419.571811438,51.550302216,0.000000000,NONE,0,0.049979987,-0.169135659,-60.500000000,-2.707948499,-0.260990730,-57.345451360,-2.943206439,0.091855072,-3.154548640,0.235257939,-0.099127371,-2.997038777,0.363952615,-0.163423563,-2.423835225,0.416066574,0.064296192,-0.573203551,-0.052113959,3.041697414,-450.000000000,6.050602663,0.066041213,-0.001863103,-9.493296729,114.112899829,-115.633748536,110.887100171,-109.366251464,-3.025301332,-3.025301332
1786024419.621808052,51.600299216,0.000000000,NONE,0,0.049986783,-0.169135659,-60.500000000,-2.707948499,-0.261306888,-57.466985274,-2.923463675,0.092171229,-3.033014726,0.215515176,-0.095409550,-2.997206852,0.334893096,-0.146763493,-2.423941705,0.400462961,0.051353943,-0.573265146,-0.065569865,2.377931949,-450.000000000,5.148905028,0.065944142,-0.001825751,-9.492497180,114.278641308,-115.467607282,110.721358692,-109.532392718,-2.574452514,-2.574452514
1786024419.671801090,51.650292134,0.000000000,NONE,0,0.049999010,-0.169135659,-60.500000000,-2.707948499,-0.260914012,-57.588474619,-2.904514020,0.091778353,-2.911525381,0.196565520,-0.092768081,-2.997459106,0.305889687,-0.134076024,-2.424039280,0.383912065,0.041307942,-0.573419825,-0.078022378,1.857906137,-450.000000000,4.295412648,0.065854822,-0.001766001,-9.492534477,114.408657085,-115.337610153,110.591342915,-109.662389847,-2.147706324,-2.147706324
1786024419.721883535,51.700374600,0.000000000,NONE,0,0.050065390,-0.169135659,-60.500000000,-2.707948499,-0.259948132,-57.709922111,-2.886345202,0.090812473,-2.790077889,0.178396703,-0.090947822,-2.997764924,0.277021784,-0.124539701,-2.424119986,0.366824395,0.033591879,-0.573644938,-0.089802611,1.458540335,-450.000000000,3.482306643,0.065773019,-0.001706512,-9.493171023,114.508657672,-115.237927839,110.491342328,-109.762072161,-1.741153322,-1.741153322
1786024419.771906376,51.750397218,0.000000000,TARGET_UPDATED,0,0.050044869,-0.169135659,-61.500000000,-2.707948499,-0.258513126,-57.831329505,-2.868936584,0.089377467,-3.668670495,0.160988084,-0.116992910,-2.997080671,0.249266377,-0.117388678,-2.424175614,0.349511896,0.000395768,-0.572905057,-0.100245519,-1.300782006,-450.000000000,2.775420680,0.065695722,-0.001660407,-9.494023773,115.198701445,-114.548310442,109.801298555,-110.451689558,-1.387710340,-1.387710340
1786024419.821851492,51.800342277,0.000000000,NONE,0,0.049915826,-0.169135659,-61.500000000,-2.707948499,-0.256881720,-57.952711390,-2.852263244,0.087746061,-3.547288610,0.144314744,-0.117488448,-2.997353809,0.221194003,-0.119274937,-2.424205654,0.332473649,0.001786489,-0.573148155,-0.111279646,-0.531648882,-450.000000000,1.989370118,0.065618714,-0.001636892,-9.494649111,115.006574498,-114.740750057,109.993425502,-110.259249943,-0.994685059,-0.994685059
1786024419.871945143,51.850436305,0.000000000,TARGET_UPDATED,0,0.050121939,-0.748510542,-60.500000000,-2.404207057,-0.255259726,-58.074079567,-2.836304954,-0.493250816,-2.425920433,0.432097897,-0.777497863,-2.894528588,0.661283341,-0.120388356,-2.424203890,0.315484438,-0.657109507,-0.470324698,0.345798903,-81.434470440,-450.000000000,43.333920194,0.065538386,-0.001627522,-9.494886348,120.000000000,-83.869084456,79.656385154,-115.787300699,-21.666960097,-21.666960097
1786024419.921918631,51.900409572,0.000000000,TARGET_UPDATED,0,0.049972988,-0.748510542,-61.500000000,-2.404207057,-0.259451821,-58.192981401,-2.816752356,-0.489058721,-3.307018599,0.412545300,-0.626924660,-2.931661624,0.628698059,-0.333253497,-2.330174623,0.462787569,-0.293671163,-0.601487001,0.165910489,-29.129009836,-450.000000000,18.026832838,0.065456962,-0.001777604,-9.493413808,120.000000000,-105.692506069,101.029561424,-115.337055355,-9.013416419,-9.013416419
1786024419.971858501,51.950349338,0.000000000,NONE,0,0.049929576,-0.748510542,-61.500000000,-2.404207057,-0.272018290,-58.311847712,-2.792484966,-0.476492252,-3.188152288,0.388277910,-0.638607649,-2.929574949,0.590745538,-0.436413955,-2.375675289,0.498460847,-0.202193694,-0.553899661,0.092284691,-29.791292457,-450.000000000,15.000450891,0.065398618,-0.001903557,-9.494017373,120.000000000,-105.387032788,100.730109468,-115.343076680,-7.500225446,-7.500225446
1786024420.021928787,52.000419614,0.000000000,NONE,0,0.050007328,-0.748510542,-61.500000000,-2.404207057,-0.287891446,-58.432678129,-2.767869212,-0.460619096,-3.067321871,0.363662156,-0.646267091,-2.929427774,0.546218481,-0.506527298,-2.394414343,0.493573626,-0.139739793,-0.535013431,0.052644855,-27.100265029,-450.000000000,12.908891040,0.065343087,-0.001923012,-9.495915653,120.000000000,-106.633549820,101.949954167,-115.316404347,-6.454445520,-6.454445520
1786024420.071877718,52.050368675,0.000000000,NONE,0,0.050007874,-0.748510542,-61.500000000,-2.404207057,-0.306464817,-58.554256785,-2.743441687,-0.442045724,-2.945743215,0.339234631,-0.649863847,-2.930259561,0.500186152,-0.558229877,-2.404028106,0.478990114,-0.091633970,-0.526231455,0.021196038,-24.725527652,-450.000000000,10.871807118,0.065273916,-0.001962293,-9.496517566,120.000000000,-107.745030002,103.038172397,-115.293142395,-5.435903559,-5.435903559
1786024420.121914148,52.100404949,0.000000000,NONE,0,0.049963246,-0.748510542,-61.500000000,-2.404207057,-0.326894725,-58.676312914,-2.719450567,-0.421615817,-2.823687086,0.315243511,-0.649932617,-2.931649428,0.454555593,-0.592851450,-2.411072031,0.459532735,-0.057081166,-0.520577397,-0.004977142,-22.928450147,-450.000000000,9.144588818,0.065185529,-0.002025755,-9.495325778,120.000000000,-108.593373068,103.869563213,-115.276190146,-4.572294409,-4.572294409
1786024420.171859741,52.150350620,0.000000000,NONE,0,0.050024418,-0.748510542,-61.500000000,-2.404207057,-0.348523051,-58.798697867,-2.696045145,-0.399987490,-2.701302133,0.291838088,-0.647085312,-2.933293021,0.410735872,-0.614539644,-2.416339786,0.438614175,-0.032545668,-0.516953235,-0.027878303,-21.482056187,-450.000000000,7.606859253,0.065081431,-0.002080719,-9.492959567,120.000000000,-109.280745743,104.543887858,-115.263142115,-3.803429627,-3.803429627
1786024420.221914053,52.200405146,0.000000000,TARGET_UPDATED,0,0.050063661,-0.748510542,-62.500000000,-2.404207057,-0.370876021,-58.921311678,-2.673306772,-0.377634521,-3.578688322,0.269099716,-0.523334068,-2.957852378,0.374384486,-0.626654815,-2.420403592,0.418081119,0.103320747,-0.537448786,-0.043696633,-4.194557902,-450.000000000,6.640317657,0.064971251,-0.002094479,-9.490512966,115.921267717,-113.823988766,109.078732283,-111.176011234,-3.320158828,-3.320158828
1786024420.271866083,52.250357102,0.000000000,NONE,0,0.049939412,-0.748510542,-62.500000000,-2.404207057,-0.392407179,-59.044001038,-2.651301569,-0.356103363,-3.455998962,0.247094513,-0.514321041,-2.959526413,0.337716739,-0.586897435,-2.423229647,0.400876027,0.072576394,-0.536296766,-0.063159288,-8.920763020,-450.000000000,5.202593707,0.064870273,-0.002032026,-9.489538420,117.102575360,-112.642193850,107.897424640,-112.357806150,-2.601296853,-2.601296853
1786024420.321829557,52.300320567,0.000000000,NONE,0,0.049955662,-0.748510542,-62.500000000,-2.404207057,-0.412168539,-59.166629332,-2.630102800,-0.336342002,-3.333370668,0.225895743,-0.505332360,-2.960766850,0.305473180,-0.558666963,-2.423989777,0.384898029,0.053334602,-0.536777073,-0.079424849,-9.406256974,-450.000000000,4.126146003,0.064790882,-0.001947278,-9.490508026,117.224191250,-112.521062763,107.775808750,-112.478937237,-2.063073002,-2.063073002
1786024420.371848106,52.350339269,0.000000000,NONE,0,0.050024151,-0.748510542,-62.500000000,-2.404207057,-0.430940366,-59.289196775,-2.609768558,-0.317570175,-3.210803225,0.205561501,-0.496410489,-2.961697342,0.277489501,-0.538142163,-2.424043377,0.370362612,0.041731674,-0.537653965,-0.092873111,-9.521805104,-450.000000000,3.239209269,0.064730965,-0.001864267,-9.493020934,117.253706510,-112.492803958,107.746293490,-112.507196042,-1.619604635,-1.619604635
1786024420.421967030,52.400458038,0.000000000,NONE,0,0.049970154,-0.748510542,-62.500000000,-2.404207057,-0.448969887,-59.411715933,-2.590334407,-0.299540654,-3.088284067,0.186127351,-0.487790772,-2.962402413,0.253337197,-0.521308599,-2.423922574,0.357231280,0.033517827,-0.538479839,-0.103894083,-9.541526213,-450.000000000,2.513429688,0.064681251,-0.001810759,-9.496043227,117.259392360,-112.488629253,107.740607640,-112.511370747,-1.256714844,-1.256714844
1786024420.471868992,52.450359889,0.000000000,NONE,0,0.050056816,-0.748510542,-62.500000000,-2.404207057,-0.466415529,-59.534205029,-2.571821461,-0.282095013,-2.965794971,0.167614404,-0.479597012,-2.962969495,0.232403317,-0.507290164,-2.423786860,0.345230477,0.027693152,-0.539182635,-0.112827159,-9.464169995,-450.000000000,1.927382841,0.064629847,-0.001804116,-9.498467644,117.240659410,-112.508574412,107.759340590,-112.491425588,-0.963691420,-0.963691420
1786024420.521953344,52.500444396,0.000000000,NONE,0,0.050075042,-0.748510542,-62.500000000,-2.404207057,-0.483386633,-59.656679961,-2.554236016,-0.265123908,-2.843320039,0.150028959,-0.471845478,-2.963484215,0.213933877,-0.495414763,-2.423689395,0.334028546,0.023569285,-0.539794820,-0.120094670,-9.325178915,-450.000000000,1.448976609,0.064567161,-0.001842659,-9.499533742,117.206178164,-112.543588707,107.793821836,-112.456411293,-0.724488305,-0.724488305
1786024420.571911335,52.550402500,0.000000000,NONE,0,0.049964961,-0.748510542,-62.500000000,-2.404207057,-0.499955856,-59.779151491,-2.537567799,-0.248554686,-2.720848509,0.133360742,-0.464487888,-2.964018908,0.197127789,-0.485184780,-2.423644860,0.323295690,0.020696892,-0.540374048,-0.126167901,-9.143497689,-450.000000000,1.046697112,0.064488539,-0.001905825,-9.499056646,117.160638584,-112.588889739,107.839361416,-112.411110261,-0.523348556,-0.523348556
1786024420.622134209,52.600625238,0.000000000,TARGET_UPDATED,0,0.050239254,-0.748510542,-63.500000000,-2.404207057,-0.516169267,-59.901624933,-2.521799982,-0.232341275,-3.598375067,0.117592926,-0.384082033,-2.975057063,0.180636865,-0.476192045,-2.423651238,0.312552112,0.092110011,-0.551405826,-0.131915247,-0.122587424,-450.000000000,0.651533177,0.064394483,-0.001965717,-9.497403524,114.904997737,-114.843704025,110.095002263,-110.156295975,-0.325766588,-0.325766588
1786024420.671949863,52.650440705,0.000000000,NONE,0,0.049772224,-0.748510542,-63.500000000,-2.404207057,-0.531385633,-60.024057569,-2.506897051,-0.217124908,-3.475942431,0.102689995,-0.376837426,-2.975658049,0.164862088,-0.443162488,-2.423688122,0.301581851,0.066325062,-0.551969927,-0.136719763,-3.344580776,-450.000000000,0.333086519,0.064289348,-0.001978420,-9.495265351,115.709961532,-114.037671144,109.290038468,-110.962328856,-0.166543260,-0.166543260
1786024420.721866131,52.700357267,0.000000000,NONE,0,0.049940344,-0.748510542,-63.500000000,-2.404207057,-0.545217389,-60.146421276,-2.492818623,-0.203293153,-3.353578724,0.088611567,-0.370653088,-2.976250353,0.149054173,-0.420154143,-2.423767498,0.290200195,0.049501055,-0.552482855,-0.141146023,-3.951084127,-450.000000000,0.031147475,0.064179034,-0.001951272,-9.493121946,115.861051518,-113.885509455,109.138948482,-111.114490545,-0.015573737,-0.015573737
1786024420.771920681,52.750411544,0.000000000,NONE,0,0.050037286,-0.748510542,-63.500000000,-2.404207057,-0.558180369,-60.268743589,-2.479521665,-0.190330172,-3.231256411,0.075314609,-0.365160932,-2.976878385,0.132722363,-0.403604704,-2.423862535,0.278225528,0.038443772,-0.553015850,-0.145503165,-4.304875403,-450.000000000,-0.272299483,0.064070282,-0.001887286,-9.491473447,115.949087212,-113.796649511,109.050912788,-111.203350489,0.136149741,0.136149741
1786024420.821894407,52.800385514,0.000000000,NONE,0,0.049998790,-0.748510542,-63.500000000,-2.404207057,-0.570471375,-60.391030664,-2.466958392,-0.178039167,-3.108969336,0.062751336,-0.360178418,-2.977544730,0.115580205,-0.390809938,-2.423963677,0.265530435,0.030631521,-0.553581053,-0.149950230,-4.535708806,-450.000000000,-0.585459571,0.063968800,-0.001796034,-9.490664136,116.006593235,-113.738738832,108.993406765,-111.261261168,0.292729786,0.292729786
1786024420.871895075,52.850386009,0.000000000,NONE,0,0.049989357,-0.748510542,-63.500000000,-2.404207057,-0.582225903,-60.513284607,-2.455081199,-0.166284639,-2.986715393,0.050874143,-0.355541695,-2.978239380,0.097486920,-0.380790021,-2.424060539,0.252055368,0.025248326,-0.554178841,-0.154568448,-4.651196312,-450.000000000,-0.912175414,0.063877846,-0.001695008,-9.490784506,116.035495205,-113.709897049,108.964504795,-111.290102951,0.456087707,0.456087707
1786024420.921896219,52.900387298,0.000000000,NONE,0,0.050004505,-0.748510542,-63.500000000,-2.404207057,-0.593539974,-60.635505425,-2.443844342,-0.154970567,-2.864494575,0.039637286,-0.351097063,-2.978944010,0.078475750,-0.372776068,-2.424139878,0.237830853,0.021679005,-0.554804133,-0.159355103,-4.678679610,-450.000000000,-1.250581660,0.063797566,-0.001603064,-9.491661828,116.042585360,-113.703245555,108.957414640,-111.296754445,0.625290830,0.625290830
1786024420.972040653,52.950531534,0.000000000,NONE,0,0.050063722,-0.748510542,-63.500000000,-2.404207057,-0.604478413,-60.757692190,-2.433205478,-0.144032129,-2.742307810,0.028998422,-0.346697575,-2.979636758,0.058801570,-0.366146135,-2.424191321,0.223027688,0.019448559,-0.555445437,-0.164226117,-4.638742532,-450.000000000,-1.593124514,0.063724976,-0.001534725,-9.492918675,116.032915302,-113.713544036,108.967084698,-111.286455964,0.796562257,0.796562257
1786024421.021947861,53.000438952,0.000000000,TARGET_UPDATED,0,0.049965610,-0.748510542,-64.500000000,-2.404207057,-0.612986953,-60.855416577,-2.425100031,-0.135523589,-3.644583423,0.020892975,-0.301272813,-2.984703030,0.042008090,-0.361477223,-2.424210025,0.210880224,0.060204410,-0.560493005,-0.168872134,0.072465011,-450.000000000,-1.914033698,0.063669040,-0.001504309,-9.495110492,114.855661370,-114.891893876,110.144338630,-110.108106124,0.957016849,0.957016849
1786024421.071881771,53.050372687,0.000000000,NONE,0,0.049954660,-0.748510542,-64.500000000,-2.404207057,-0.623081007,-60.977524167,-2.415443226,-0.125429534,-3.522475833,0.011236169,-0.296747613,-2.985249683,0.022566514,-0.344905888,-2.424203120,0.195935848,0.048158275,-0.561046563,-0.173369334,-1.576824242,-450.000000000,-2.225878966,0.063596995,-0.001508436,-9.495659505,115.268120937,-114.479708816,109.731879063,-110.520291184,1.112939483,1.112939483
1786024421.121882200,53.100373077,0.000000000,NONE,0,0.050013682,-0.748510542,-64.500000000,-2.404207057,-0.632245728,-61.099558236,-2.406282927,-0.116264814,-3.400441764,0.002075871,-0.292557213,-2.985699952,0.003971444,-0.329752879,-2.424179793,0.181584386,0.037195666,-0.561520158,-0.177612942,-2.093899493,-450.000000000,-2.517754896,0.063518973,-0.001540822,-9.495447567,115.397336765,-114.350387019,109.602663235,-110.649612981,1.258877448,1.258877448
1786024421.171881437,53.150372370,0.000000000,NONE,0,0.049982755,-0.748510542,-64.500000000,-2.404207057,-0.640773787,-61.221539149,-2.397605054,-0.107736755,-3.278460851,-0.006602002,-0.288485941,-2.986083529,-0.013382452,-0.318971297,-2.424141113,0.168005781,0.030485356,-0.561942416,-0.181388233,-2.297968109,-450.000000000,-2.772708195,0.063434469,-0.001573326,-9.494703417,115.448167882,-114.299183827,109.551832118,-110.700816173,1.386354097,1.386354097
1786024421.221850395,53.200341291,0.000000000,NONE,0,0.049972444,-0.748510542,-64.500000000,-2.404207057,-0.648802313,-61.343478307,-2.389397771,-0.099708229,-3.156521693,-0.014809285,-0.284447894,-2.986424793,-0.029151513,-0.310216863,-2.424094687,0.155421991,0.025768970,-0.562330106,-0.184573504,-2.430069219,-450.000000000,-2.983885808,0.063345204,-0.001588093,-9.493745593,115.480953703,-114.265919094,109.519046297,-110.734080906,1.491942904,1.491942904
1786024421.271872997,53.250364115,0.000000000,NONE,0,0.050043808,-0.748510542,-64.500000000,-2.404207057,-0.656412178,-61.465384023,-2.381650405,-0.092098364,-3.034615977,-0.022556652,-0.280411339,-2.986746899,-0.043095806,-0.302775373,-2.424046608,0.144022241,0.022364034,-0.562700291,-0.187118047,-2.498695379,-450.000000000,-3.149109612,0.063254349,-0.001576050,-9.492928607,115.497905997,-114.248558307,109.502094003,-110.751441693,1.574554806,1.574554806
1786024421.321877480,53.300368605,0.000000000,NONE,0,0.050001237,-0.748510542,-64.500000000,-2.404207057,-0.663663497,-61.587263336,-2.374352352,-0.084847045,-2.912736664,-0.029854705,-0.276364304,-2.987071050,-0.055088555,-0.296272257,-2.424001390,0.133931568,0.019907952,-0.563069659,-0.189020123,-2.519152354,-450.000000000,-3.269449223,0.063165424,-0.001537431,-9.492517476,115.502917457,-114.243341281,109.497082543,-110.756658719,1.634724612,1.634724612
1786024421.371859550,53.350350486,0.000000000,NONE,0,0.049988275,-0.748510542,-64.500000000,-2.404207057,-0.670600424,-61.709122025,-2.367492101,-0.077910118,-2.790877975,-0.036714956,-0.272305426,-2.987413798,-0.065127029,-0.290426478,-2.423963702,0.125195776,0.018121052,-0.563450096,-0.190322805,-2.506302862,-450.000000000,-3.348656121,0.063081278,-0.001480330,-9.492663506,115.499741592,-114.246590161,109.500258408,-110.753409839,1.674328060,1.674328060
1786024421.421941042,53.400431888,0.000000000,TARGET_UPDATED,0,0.050047807,-1.748510542,-65.500000000,-2.404207057,-0.677255294,-61.830964697,-2.361056587,-1.071255248,-3.669035303,-0.043150469,-1.019950860,-2.820943251,-0.078541911,-0.285040191,-2.423938001,0.117750860,-0.734910670,-0.397005251,-0.196292771,-108.806537921,-450.000000000,-3.859779220,0.063003351,-0.001418235,-9.493356621,120.000000000,-74.049667523,70.040506847,-115.990839325,1.929889610,1.929889610
1786024421.471859455,53.450350369,0.000000000,NONE,0,0.049933389,-1.748510542,-65.500000000,-2.404207057,-0.688887227,-61.950130767,-2.355030458,-1.059623314,-3.549869233,-0.049176598,-1.036225763,-2.815124179,-0.082178360,-0.496670801,-2.307457014,0.113688481,-0.539554963,-0.507667165,-0.195866840,-79.736470711,-450.000000000,-3.702148836,0.062928777,-0.001503885,-9.492818734,120.000000000,-84.510917072,80.285856340,-115.774939268,1.851074418,1.851074418
1786024421.521898746,53.500389709,0.000000000,NONE,0,0.050032266,-1.748510542,-65.500000000,-2.404207057,-0.713221410,-62.066188228,-2.349361198,-1.035289131,-3.433811772,-0.054845859,-1.042809000,-2.812889555,-0.083485888,-0.706794732,-2.285242535,0.112434981,-0.336014268,-0.527647020,-0.195920869,-68.029490013,-450.000000000,-3.715540698,0.062891071,-0.001761031,-9.493523947,120.000000000,-89.049544435,84.730404441,-115.680860006,1.857770349,1.857770349
1786024421.571875095,53.550366028,0.000000000,NONE,0,0.049999290,-1.748510542,-65.500000000,-2.404207057,-0.745252450,-62.183168678,-2.344006020,-1.003258092,-3.316831322,-0.060201037,-1.043928886,-2.812467306,-0.091621524,-0.834102524,-2.301488484,0.104471142,-0.209826362,-0.510978822,-0.196092666,-62.119336349,-450.000000000,-3.729922629,0.062897623,-0.001973720,-9.498210893,120.000000000,-91.418444792,87.048249376,-115.629804583,1.864961314,1.864961314
1786024421.621857882,53.600348676,0.000000000,NONE,0,0.049983266,-1.748510542,-65.500000000,-2.404207057,-0.781956768,-62.301308812,-2.338953911,-0.966553773,-3.198691188,-0.065253145,-1.041691712,-2.813095295,-0.104659808,-0.911905053,-2.317145713,0.091611870,-0.129786660,-0.495949582,-0.196271678,-58.020078655,-450.000000000,-3.742598912,0.062904418,-0.002176560,-9.503014373,120.000000000,-93.093338124,88.686339711,-115.593001587,1.871299456,1.871299456
1786024421.671887398,53.650378463,0.000000000,NONE,0,0.050001850,-1.748510542,-65.500000000,-2.404207057,-0.821472518,-62.420281690,-2.334194303,-0.927038023,-3.079718310,-0.070012754,-1.037318150,-2.814327328,-0.120672133,-0.957542689,-2.328745586,0.076219164,-0.079775461,-0.485581742,-0.196891297,-55.188784725,-450.000000000,-3.794782671,0.062871870,-0.002457080,-9.503892801,120.000000000,-94.265597875,89.833954738,-115.568356862,1.897391336,1.897391336
1786024421.721883535,53.700374707,0.000000000,NONE,0,0.050016787,-1.748510542,-65.500000000,-2.404207057,-0.862583418,-62.539817943,-2.329723395,-0.885927124,-2.960182057,-0.074483661,-1.031652810,-2.815867524,-0.138076624,-0.982440193,-2.336978860,0.059825833,-0.049212617,-0.478888664,-0.197902457,-53.186218269,-450.000000000,-3.873388407,0.062781205,-0.002805843,-9.499432203,120.000000000,-95.102302214,90.655398490,-115.553096275,1.936694203,1.936694203
1786024421.771879196,53.750370193,0.000000000,NONE,0,0.049981334,-1.748510542,-65.500000000,-2.404207057,-0.904530569,-62.659724889,-2.325547045,-0.843979972,-2.840275111,-0.078660012,-1.025286229,-2.817577931,-0.154804387,-0.994516070,-2.342762559,0.044070621,-0.030770158,-0.474815372,-0.198875008,-51.697785449,-450.000000000,-3.940708809,0.062637417,-0.003135354,-9.490895445,120.000000000,-95.728201794,91.272283672,-115.544081878,1.970354404,1.970354404
1786024421.821860313,53.800351250,0.000000000,NONE,0,0.049969161,-1.748510542,-65.500000000,-2.404207057,-0.946851308,-62.779879188,-2.321677065,-0.801659234,-2.720120812,-0.082529992,-1.018635174,-2.819432358,-0.168845380,-0.998834468,-2.346966075,0.030582953,-0.019800706,-0.472466282,-0.199428334,-50.541072711,-450.000000000,-3.971056702,0.062464797,-0.003333151,-9.481350488,120.000000000,-96.217011451,91.755395621,-115.538384170,1.985528351,1.985528351
1786024421.871931791,53.850422876,0.000000000,TARGET_UPDATED,0,0.050092174,-1.748510542,-66.500000000,-2.404207057,-0.989279371,-62.900200800,-2.318122301,-0.759231171,-3.599799200,-0.086084756,-0.794136343,-2.890898363,-0.169493183,-0.998848883,-2.350078523,0.020392047,0.204712540,-0.540819840,-0.189885231,-13.388707734,-450.000000000,-3.101455291,0.062296786,-0.003334449,-9.474137788,118.215711381,-111.521357514,106.784288619,-113.478642486,1.550727646,1.550727646
1786024421.921855927,53.900347043,0.000000000,NONE,0,0.049935165,-1.748510542,-66.500000000,-2.404207057,-1.029806964,-63.021631941,-2.314883997,-0.718703577,-3.478368059,-0.089323060,-0.783056303,-2.893542675,-0.179403131,-0.921190315,-2.395372295,0.015280048,0.138134012,-0.498170381,-0.194683179,-22.361623608,-450.000000000,-3.723906077,0.062167665,-0.003125220,-9.472109130,120.000000000,-108.861739431,104.143709047,-115.281969616,1.861953039,1.861953039
1786024421.971893072,53.950383991,0.000000000,NONE,0,0.050022946,-1.748510542,-66.500000000,-2.404207057,-1.066107406,-63.144551654,-2.311938240,-0.682403136,-3.355448346,-0.092268817,-0.775495682,-2.895238791,-0.188027248,-0.857906687,-2.413624841,0.009819575,0.082411005,-0.481613950,-0.197846823,-24.921463412,-450.000000000,-3.912521447,0.062109001,-0.002914296,-9.475739019,120.000000000,-107.652382819,102.957522170,-115.305139350,1.956260723,1.956260723
1786024422.021940947,54.000431938,0.000000000,NONE,0,0.049980918,-1.748510542,-66.500000000,-2.404207057,-1.100275101,-63.267624314,-2.309305223,-0.648235440,-3.232375686,-0.094901833,-0.769291034,-2.896825458,-0.191984050,-0.823527325,-2.413905404,0.005941547,0.054236291,-0.482920054,-0.197925597,-25.603112920,-450.000000000,-3.856367872,0.062106814,-0.002665321,-9.484262098,120.000000000,-107.332700422,102.640302679,-115.307602257,1.928183936,1.928183936
1786024422.071877956,54.050368768,0.000000000,NONE,0,0.049996971,-1.748510542,-66.500000000,-2.404207057,-1.133155732,-63.390529045,-2.306980212,-0.615354810,-3.109470955,-0.097226845,-0.763504621,-2.898596021,-0.190974303,-0.800993528,-2.412128542,0.005474840,0.037488906,-0.486467479,-0.196449143,-25.955169906,-450.000000000,-3.721909129,0.062128137,-0.002463326,-9.494200348,120.000000000,-107.168093814,102.474281805,-115.306187992,1.860954564,1.860954564
1786024422.121867895,54.100358779,0.000000000,NONE,0,0.050008812,-1.748510542,-66.500000000,-2.404207057,-1.165145248,-63.513302718,-2.304928772,-0.583365293,-2.986697282,-0.099278284,-0.757679151,-2.900636758,-0.185486123,-0.785035960,-2.410895081,0.008683090,0.027356809,-0.489741677,-0.194169213,-26.007313360,-450.000000000,-3.546254346,0.062140261,-0.002396953,-9.502049073,120.000000000,-107.143903518,102.446791672,-115.302888154,1.773127173,1.773127173
1786024422.171881914,54.150372975,0.000000000,NONE,0,0.050010146,-1.748510542,-66.500000000,-2.404207057,-1.196487266,-63.635994564,-2.303108120,-0.552023275,-2.864005436,-0.101098937,-0.751520637,-2.902952668,-0.176294577,-0.773079191,-2.410383460,0.015277888,0.021558554,-0.492569209,-0.191572464,-25.824621242,-450.000000000,-3.358148069,0.062118966,-0.002472837,-9.505799762,120.000000000,-107.229506271,102.528807851,-115.299301581,1.679074035,1.679074035
1786024422.221874714,54.200365576,0.000000000,NONE,0,0.049957666,-1.748510542,-66.500000000,-2.404207057,-1.227325516,-63.758648979,-2.301473424,-0.521185026,-2.741351021,-0.102733633,-0.744855027,-2.905467337,-0.164916624,-0.763406812,-2.410528218,0.024167264,0.018551786,-0.494939119,-0.189083888,-25.472994211,-450.000000000,-3.186058432,0.062053327,-0.002641826,-9.505058885,120.000000000,-107.394236561,102.690489416,-115.296252856,1.593029216,1.593029216
1786024422.271871328,54.250362252,0.000000000,NONE,0,0.050019250,-1.748510542,-66.500000000,-2.404207057,-1.257739318,-63.881300403,-2.299984259,-0.490771223,-2.618699597,-0.104222797,-0.737593565,-2.908083516,-0.153122097,-0.754946675,-2.411176114,0.033830002,0.017353110,-0.496907403,-0.186952099,-24.994734689,-450.000000000,-3.044027560,0.061945937,-0.002824102,-9.500841921,120.000000000,-107.618594235,102.912251864,-115.293657629,1.522013780,1.522013780
1786024422.321924925,54.300415960,0.000000000,TARGET_UPDATED,0,0.050072520,-1.748510542,-67.500000000,-2.404207057,-1.287767512,-64.003973654,-2.298609675,-0.460743029,-3.496026346,-0.105597381,-0.578944643,-2.944224147,-0.146480667,-0.747044847,-2.412199458,0.042812588,0.168100204,-0.532024689,-0.189293255,-2.947299312,-450.000000000,-3.297283143,0.061809469,-0.002939498,-9.494960441,115.610564938,-114.136915282,109.389435062,-110.863084718,1.648641572,1.648641572
1786024422.371896505,54.350387543,0.000000000,NONE,0,0.049951072,-1.748510542,-67.500000000,-2.404207057,-1.316251311,-64.126768690,-2.297326575,-0.432259231,-3.373231310,-0.106880481,-0.568258599,-2.946814914,-0.138082443,-0.689935718,-2.419521321,0.048917254,0.121677119,-0.527293593,-0.186999697,-9.084782405,-450.000000000,-3.044062674,0.061661595,-0.002900563,-9.489679964,117.143615592,-112.601224390,107.856384408,-112.398775610,1.522031337,1.522031337
1786024422.421867371,54.400358152,0.000000000,NONE,0,0.049972712,-1.748510542,-67.500000000,-2.404207057,-1.341653628,-64.249667068,-2.296120755,-0.406856914,-3.250332932,-0.108086301,-0.559507012,-2.948861317,-0.132116613,-0.640679779,-2.422865282,0.053171945,0.081172767,-0.525996035,-0.185288557,-10.923345048,-450.000000000,-2.935957535,0.061515809,-0.002723883,-9.485932054,117.602319276,-112.140646752,107.397680724,-112.859353248,1.467978768,1.467978768
1786024422.471871853,54.450362651,0.000000000,NONE,0,0.050005859,-1.748510542,-67.500000000,-2.404207057,-1.365280201,-64.372537224,-2.294984232,-0.383230341,-3.127462776,-0.109222824,-0.551610886,-2.950586958,-0.128855302,-0.610741162,-2.423749122,0.055533595,0.059130276,-0.526837836,-0.184388897,-11.456150389,-450.000000000,-2.889231736,0.061383593,-0.002461579,-9.484116921,117.735066827,-112.006991633,107.264933173,-112.993008367,1.444615868,1.444615868
1786024422.521894693,54.500385584,0.000000000,NONE,0,0.050018650,-1.748510542,-67.500000000,-2.404207057,-1.387710144,-64.495354662,-2.293914698,-0.360800397,-3.004645338,-0.110292358,-0.544098894,-2.952083694,-0.128561911,-0.589363955,-2.423995992,0.055440522,0.045265061,-0.528087702,-0.184002433,-11.730682036,-450.000000000,-2.872443902,0.061273887,-0.002158994,-9.484495961,117.803794499,-111.938453481,107.196205501,-113.061546519,1.436221951,1.436221951
1786024422.571982622,54.550473613,0.000000000,NONE,0,0.049991270,-1.748510542,-67.500000000,-2.404207057,-1.409241003,-64.618120902,-2.292911467,-0.339269539,-2.881879098,-0.111295589,-0.536726874,-2.953395133,-0.131345135,-0.573069430,-2.424079314,0.052721961,0.036342555,-0.529315819,-0.184067096,-11.786303074,-450.000000000,-2.885990161,0.061189430,-0.001868023,-9.486766984,117.818267515,-111.925115978,107.181732485,-113.074884022,1.442995081,1.442995081
1786024422.621895790,54.600386560,0.000000000,NONE,0,0.049994102,-1.748510542,-67.500000000,-2.404207057,-1.430066893,-64.740842178,-2.291974159,-0.318443648,-2.759157822,-0.112232898,-0.529327830,-2.954551608,-0.137034100,-0.560088759,-2.424112317,0.047473270,0.030760929,-0.530439292,-0.184507370,-11.677315271,-450.000000000,-2.924322463,0.061125508,-0.001638241,-9.490062913,117.791844546,-111.953186911,107.208155454,-113.046813089,1.462161232,1.462161232
1786024422.672053337,54.650544253,0.000000000,TARGET_UPDATED,0,0.050172948,-1.748510542,-68.500000000,-2.404207057,-1.450309507,-64.863523066,-2.291103696,-0.298201034,-3.636476934,-0.113103360,-0.430549035,-2.970160973,-0.146813345,-0.549135191,-2.424115866,0.040119826,0.118586156,-0.546045107,-0.186933171,-0.019629690,-450.000000000,-3.133670719,0.061072072,-0.001497110,-9.493327613,114.878239326,-114.868424481,110.121760674,-110.131575519,1.566835359,1.566835359
1786024422.721898556,54.700389437,0.000000000,NONE,0,0.049839415,-1.748510542,-68.500000000,-2.404207057,-1.469345646,-64.986123601,-2.290304451,-0.279164895,-3.513876399,-0.113902605,-0.422133324,-2.970991171,-0.155582702,-0.510835353,-2.424090116,0.031062283,0.088702028,-0.546901055,-0.186644985,-3.818202742,-450.000000000,-3.059366631,0.061016897,-0.001437346,-9.495593346,115.828449022,-113.919347651,109.171550978,-111.080652349,1.529683316,1.529683316
1786024422.771898270,54.750389323,0.000000000,NONE,0,0.050015242,-1.748510542,-68.500000000,-2.404207057,-1.486449035,-65.108599729,-2.289582973,-0.262061507,-3.391400271,-0.114624084,-0.414872405,-2.971594738,-0.164522441,-0.479462991,-2.424063571,0.022153061,0.064590586,-0.547531167,-0.186675502,-4.855828245,-450.000000000,-3.067895325,0.060952317,-0.001461526,-9.496282253,116.088027625,-113.660113502,108.911972375,-111.339886498,1.533947663,1.533947663
1786024422.821876764,54.800367652,0.000000000,NONE,0,0.049971205,-1.748510542,-68.500000000,-2.404207057,-1.502340032,-65.230996321,-2.288937426,-0.246170510,-3.269003679,-0.115269630,-0.408212772,-2.972090562,-0.173020156,-0.458154320,-2.424032940,0.013748072,0.049941548,-0.548057621,-0.186768228,-5.283102168,-450.000000000,-3.075631547,0.060876999,-0.001523803,-9.495718293,116.194705115,-113.553154031,108.805294885,-111.446845969,1.537815774,1.537815774
1786024422.871876955,54.850367973,0.000000000,NONE,0,0.050021699,-1.748510542,-68.500000000,-2.404207057,-1.517332892,-65.353333849,-2.288371596,-0.231177649,-3.146666151,-0.115835461,-0.401943892,-2.972552530,-0.180451483,-0.441735107,-2.424006718,0.006182053,0.039791215,-0.548545811,-0.186633536,-5.558616776,-450.000000000,-3.061654805,0.060792108,-0.001580673,-9.494440170,116.263264236,-113.483955849,108.736735764,-111.516044151,1.530827403,1.530827403
1786024422.921880245,54.900371227,0.000000000,NONE,0,0.049978488,-1.748510542,-68.500000000,-2.404207057,-1.531617688,-65.475625230,-2.287886797,-0.216892853,-3.024374770,-0.116320260,-0.395955153,-2.973036160,-0.186330119,-0.428605256,-2.423988287,-0.000112009,0.032650103,-0.549047874,-0.186218110,-5.698282290,-450.000000000,-3.026955623,0.060701219,-0.001604929,-9.492993953,116.297819061,-113.448677916,108.702180939,-111.551322084,1.513477812,1.513477812
1786024422.971904755,54.950395704,0.000000000,NONE,0,0.050027524,-1.748510542,-68.500000000,-2.404207057,-1.545330331,-65.597879769,-2.287479327,-0.203180211,-2.902120231,-0.116727730,-0.390171524,-2.973583558,-0.190326219,-0.417809407,-2.423977981,-0.004775430,0.027637883,-0.549605577,-0.185550789,-5.738734440,-450.000000000,-2.975216153,0.060609103,-0.001585260,-9.491885633,116.307655018,-113.438287798,108.692344982,-111.561712202,1.487608077,1.487608077
1786024423.021912098,55.000402870,0.000000000,NONE,0,0.049995844,-1.748510542,-68.500000000,-2.404207057,-1.558566109,-65.720103848,-2.287139955,-0.189944433,-2.779896152,-0.117067101,-0.384540521,-2.974222579,-0.192260825,-0.408655329,-2.423974291,-0.007549044,0.024114808,-0.550248289,-0.184711781,-5.711688921,-450.000000000,-2.913043111,0.060520415,-0.001525212,-9.491442578,116.300782875,-113.444938414,108.699217125,-111.555061586,1.456521556,1.456521556
1786024423.071934223,55.050425097,0.000000000,TARGET_UPDATED,0,0.050049130,-1.748510542,-69.500000000,-2.404207057,-1.571391670,-65.842301728,-2.286855103,-0.177118872,-3.657698272,-0.117351954,-0.324920904,-2.981375680,-0.191862696,-0.400663787,-2.423976461,-0.008327628,0.075742883,-0.557399219,-0.183535068,0.507692048,-450.000000000,-2.823943628,0.060438548,-0.001439102,-9.491804129,114.746028020,-114.999874044,110.253971980,-110.000125956,1.411971814,1.411971814
1786024423.121881962,55.100372737,0.000000000,NONE,0,0.049947145,-1.748510542,-69.500000000,-2.404207057,-1.583456225,-65.964452173,-2.286609232,-0.165054316,-3.535547827,-0.117597825,-0.319386912,-2.982137821,-0.189636030,-0.377495099,-2.423981565,-0.007013920,0.058108187,-0.558156257,-0.182622110,-1.763459627,-450.000000000,-2.765269186,0.060366090,-0.001337442,-9.493054338,115.314128491,-114.432398678,109.685871509,-110.567601322,1.382634593,1.382634593
1786024423.171890974,55.150381949,0.000000000,NONE,0,0.049994905,-1.748510542,-69.500000000,-2.404207057,-1.594376843,-66.086532550,-2.286386016,-0.154133698,-3.413467450,-0.117821040,-0.314694098,-2.982893058,-0.185878117,-0.358526785,-2.423995820,-0.003981231,0.043832687,-0.558897238,-0.181896887,-2.409415945,-450.000000000,-2.718276117,0.060302685,-0.001253011,-9.494855874,115.476067955,-114.271359982,109.523932045,-110.728640018,1.359138059,1.359138059
1786024423.221861362,55.200352423,0.000000000,NONE,0,0.049979849,-1.748510542,-69.500000000,-2.404207057,-1.604551522,-66.208567180,-2.286169897,-0.143959020,-3.291432820,-0.118037159,-0.310490862,-2.983637403,-0.181251226,-0.345111616,-2.424008267,0.000114236,0.034620753,-0.559629136,-0.181365463,-2.734683394,-450.000000000,-2.684949627,0.060243327,-0.001209124,-9.496568023,115.557812854,-114.190471157,109.442187146,-110.809528843,1.342474813,1.342474813
1786024423.271878719,55.250369636,0.000000000,NONE,0,0.050012158,-1.748510542,-69.500000000,-2.404207057,-1.614154764,-66.330566886,-2.285949103,-0.134355778,-3.169433114,-0.118257954,-0.306601390,-2.984349564,-0.176406891,-0.334516643,-2.424018095,0.004665342,0.027915253,-0.560331469,-0.181072233,-2.971581844,-450.000000000,-2.669193175,0.060183167,-0.001212605,-9.497740206,115.617330512,-114.131539590,109.382669488,-110.868460410,1.334596587,1.334596587
1786024423.321891069,55.300382093,0.000000000,NONE,0,0.050012313,-1.748510542,-69.500000000,-2.404207057,-1.623299241,-66.452538728,-2.285716148,-0.125211300,-3.047461272,-0.118490909,-0.302892267,-2.985009796,-0.171938966,-0.325918977,-2.424025464,0.009077063,0.023026710,-0.560984332,-0.181016029,-3.120143601,-450.000000000,-2.669998237,0.060118544,-0.001257780,-9.498131930,115.654568883,-114.094497082,109.345431117,-110.905502918,1.334999119,1.334999119
1786024423.371887684,55.350378505,0.000000000,NONE,0,0.049986978,-1.748510542,-69.500000000,-2.404207057,-1.632068960,-66.574487922,-2.285468737,-0.116441582,-2.925512078,-0.118738320,-0.299251273,-2.985604663,-0.168332251,-0.318777886,-2.424031631,0.012837383,0.019526613,-0.561573032,-0.181169634,-3.197347927,-450.000000000,-2.684947236,0.060047740,-0.001329823,-9.497750422,115.673774587,-114.075100624,109.326225413,-110.924899376,1.342473618,1.342473618
1786024423.421869278,55.400360282,0.000000000,NONE,0,0.049979738,-1.748510542,-69.500000000,-2.404207057,-1.640524347,-66.696418080,-2.285209102,-0.107986194,-2.803581920,-0.118997954,-0.295588597,-2.986126637,-0.165940487,-0.312669791,-2.424037869,0.015557356,0.017081195,-0.562088767,-0.181497843,-3.218620634,-450.000000000,-2.711415884,0.059971022,-0.001410377,-9.496802076,115.678855677,-114.069545360,109.321144323,-110.930454640,1.355707942,1.355707942
1786024423.471947193,55.450438041,0.000000000,TARGET_UPDATED,0,0.050090333,-1.748510542,-70.500000000,-2.404207057,-1.648707807,-66.818331524,-2.284942845,-0.099802734,-3.681668476,-0.119264211,-0.261668054,-2.989357979,-0.165144157,-0.307278963,-2.424044591,0.016979672,0.045610909,-0.565313389,-0.182123829,0.014525167,-450.000000000,-2.761165147,0.059890083,-0.001483239,-9.495598185,114.870268254,-114.877530838,110.129731746,-110.122469162,1.380582574,1.380582574
1786024423.521890402,55.500381227,0.000000000,NONE,0,0.049925423,-1.748510542,-70.500000000,-2.404207057,-1.656438756,-66.940216922,-2.284677759,-0.092071785,-3.559783078,-0.119529298,-0.258035713,-2.989667164,-0.165692908,-0.293915163,-2.424048138,0.016967398,0.035879451,-0.565619026,-0.182660306,-1.242898585,-450.000000000,-2.796966972,0.059806838,-0.001533301,-9.494409744,115.184327082,-114.562877790,109.815672918,-110.437122210,1.398483486,1.398483486
1786024423.571875572,55.550366652,0.000000000,NONE,0,0.050018737,-1.748510542,-70.500000000,-2.404207057,-1.663513284,-67.062061648,-2.284422679,-0.084997258,-3.437938352,-0.119784378,-0.254675434,-2.989871492,-0.167608331,-0.282714790,-2.424049608,0.015612312,0.028039356,-0.565821884,-0.183220643,-1.592238902,-450.000000000,-2.836647567,0.059723172,-0.001562851,-9.493395459,115.271408590,-114.475289139,109.728591410,-110.524710861,1.418323784,1.418323784
1786024423.621869564,55.600360520,0.000000000,NONE,0,0.049959789,-1.748510542,-70.500000000,-2.404207057,-1.670140655,-67.183877652,-2.284186912,-0.078369886,-3.316122348,-0.120020144,-0.251400795,-2.989997955,-0.170648032,-0.274412005,-2.424043314,0.013090649,0.023011209,-0.565954640,-0.183738681,-1.758197293,-450.000000000,-2.872076811,0.059641106,-0.001571658,-9.492701441,115.312724683,-114.433626037,109.687275317,-110.566373963,1.436038405,1.436038405
1786024423.671883821,55.650374790,0.000000000,NONE,0,0.050035937,-1.748510542,-70.500000000,-2.404207057,-1.676410245,-67.305669938,-2.283979018,-0.072100296,-3.194330062,-0.120228038,-0.248127790,-2.990072709,-0.174416315,-0.267556200,-2.424031211,0.009721342,0.019428410,-0.566041498,-0.184137656,-1.865645305,-450.000000000,-2.897609703,0.059561433,-0.001561236,-9.492392288,115.339509398,-114.406686746,109.660490602,-110.593313254,1.448804852,1.448804852
1786024423.721875906,55.700367083,0.000000000,NONE,0,0.050002059,-1.748510542,-70.500000000,-2.404207057,-1.682378642,-67.427441896,-2.283805931,-0.066131900,-3.072558104,-0.120401125,-0.244798728,-2.990124103,-0.178461203,-0.261712726,-2.424016255,0.005900741,0.016913997,-0.566107848,-0.184361944,-1.916487011,-450.000000000,-2.909821636,0.059483907,-0.001536729,-9.492383917,115.352217732,-114.393974227,109.647782268,-110.606025773,1.454910818,1.454910818
1786024423.771892786,55.750383656,0.000000000,NONE,0,0.050000092,-1.748510542,-70.500000000,-2.404207057,-1.688086956,-67.549196273,-2.283672175,-0.060423586,-2.950803727,-0.120534881,-0.241368741,-2.990180871,-0.182342998,-0.256587502,-2.424001575,0.002036682,0.015218761,-0.566179296,-0.184379680,-1.921890044,-450.000000000,-2.906932334,0.059407615,-0.001503576,-9.492552826,115.353610717,-114.392665695,109.646389283,-110.607334305,1.453466167,1.453466167
1786024423.821851254,55.800342151,0.000000000,NONE,0,0.049959159,-1.748510542,-70.500000000,-2.404207057,-1.693563372,-67.670935195,-2.283579302,-0.054947170,-2.829064805,-0.120627754,-0.237809350,-2.990269305,-0.185677328,-0.251941502,-2.423989576,-0.001491240,0.014132152,-0.566279729,-0.184186087,-1.893215359,-450.000000000,-2.889151088,0.059331562,-0.001466023,-9.492772420,115.346496945,-114.399889265,109.653503055,-110.600110735,1.444575544,1.444575544
1786024423.871969700,55.850460855,0.000000000,TARGET_UPDATED,0,0.050119774,-1.748510542,-71.500000000,-2.404207057,-1.698826062,-67.792660176,-2.283525285,-0.049684480,-3.707339824,-0.120681772,-0.219305386,-2.991524929,-0.188289542,-0.247593787,-2.423981518,-0.004347788,0.028288401,-0.567543411,-0.183941754,-0.335429898,-450.000000000,-2.871047765,0.059255240,-0.001426754,-9.492999059,114.957107239,-114.789392290,110.042892761,-110.210607710,1.435523882,1.435523882
1786024423.921896458,55.900387474,0.000000000,NONE,0,0.049926212,-1.748510542,-71.500000000,-2.404207057,-1.703778316,-67.914365749,-2.283504917,-0.044732226,-3.585634251,-0.120702140,-0.215977430,-2.991682753,-0.189653157,-0.239230425,-2.423976510,-0.006298865,0.023252995,-0.567706243,-0.183354292,-0.951174656,-450.000000000,-2.823033814,0.059179197,-0.001384940,-9.493243005,115.111104415,-114.635517087,109.888895585,-110.364482913,1.411516907,1.411516907
1786024423.971897840,55.950388729,0.000000000,NONE,0,0.049998813,-1.748510542,-71.500000000,-2.404207057,-1.708336522,-68.036047200,-2.283510117,-0.040174020,-3.463952800,-0.120696939,-0.212774037,-2.991900417,-0.189832941,-0.232255816,-2.423976490,-0.007109496,0.019481779,-0.567923926,-0.182723445,-1.086009842,-450.000000000,-2.778023929,0.059104572,-0.001345014,-9.493582509,115.144898088,-114.601893167,109.855101912,-110.398106833,1.389011964,1.389011964
1786024424.022002697,56.000493615,0.000000000,NONE,0,0.050030811,-1.748510542,-71.500000000,-2.404207057,-1.712600672,-68.157710529,-2.283530326,-0.035909869,-3.342289471,-0.120676730,-0.209638756,-2.992180911,-0.188868876,-0.226574831,-2.423980240,-0.006777722,0.016936075,-0.568200671,-0.182091154,-1.150606366,-450.000000000,-2.733742723,0.059032184,-0.001310093,-9.494047579,115.161163486,-114.585860303,109.838836514,-110.414139697,1.366871362,1.366871362
1786024424.071963072,56.050453980,0.000000000,NONE,0,0.049962845,-1.748510542,-71.500000000,-2.404207057,-1.716611665,-68.279358270,-2.283555177,-0.031898877,-3.220641730,-0.120651880,-0.206563782,-2.992513347,-0.186944493,-0.221584371,-2.423987619,-0.005435204,0.015020588,-0.568525728,-0.181509289,-1.191563380,-450.000000000,-2.694004295,0.058962679,-0.001284219,-9.494637749,115.171550282,-114.575768592,109.828449718,-110.424231408,1.347002148,1.347002148
1786024424.121895075,56.100386240,0.000000000,NONE,0,0.050006877,-1.748510542,-71.500000000,-2.404207057,-1.720398026,-68.400992232,-2.283574891,-0.028112516,-3.099007768,-0.120632165,-0.203545663,-2.992878552,-0.184362157,-0.217117794,-2.423996642,-0.003325373,0.013572131,-0.568881910,-0.181036784,-1.209712032,-450.000000000,-2.663126033,0.058896054,-0.001271891,-9.495321483,115.176258379,-114.571402363,109.823741621,-110.428597637,1.331563016,1.331563016
1786024424.171885729,56.150376884,0.000000000,NONE,0,0.049991110,-1.748510542,-71.500000000,-2.404207057,-1.723981865,-68.522613842,-2.283581160,-0.024528677,-2.977386158,-0.120625896,-0.200578834,-2.993254072,-0.181485700,-0.213052363,-2.424005402,-0.000765572,0.012473529,-0.569248669,-0.180720128,-1.211131243,-450.000000000,-2.644074701,0.058831513,-0.001277127,-9.495987928,115.176779793,-114.571214171,109.823220207,-110.428785829,1.322037350,1.322037350
1786024424.221854448,56.200345488,0.000000000,NONE,0,0.049988105,-1.748510542,-71.500000000,-2.404207057,-1.727379973,-68.644224206,-2.283567941,-0.021130569,-2.855775794,-0.120639115,-0.197654876,-2.993618337,-0.178683633,-0.209290794,-2.424012863,0.001902185,0.011635918,-0.569605474,-0.180585818,-1.200329629,-450.000000000,-2.638320423,0.058767590,-0.001301529,-9.496505457,115.174208772,-114.574043957,109.825791228,-110.425956043,1.319160211,1.319160211
1786024424.271946669,56.250437619,0.000000000,TARGET_UPDATED,0,0.050071974,-1.748510542,-72.500000000,-2.404207057,-1.730605178,-68.765824166,-2.283532151,-0.017905363,-3.734175834,-0.120674906,-0.189512212,-2.994291778,-0.176259300,-0.205758458,-2.424018878,0.004347679,0.016246247,-0.570272900,-0.180606979,-0.664081847,-450.000000000,-2.642911102,0.058702517,-0.001343376,-9.496759834,115.040210420,-114.708169497,109.959789580,-110.291830503,1.321455551,1.321455551
1786024424.321898937,56.300390080,0.000000000,NONE,0,0.049945843,-1.748510542,-72.500000000,-2.404207057,-1.733630181,-68.887412127,-2.283473987,-0.014880361,-3.612587873,-0.120733070,-0.187213074,-2.994543845,-0.174515020,-0.200951052,-2.424023413,0.006306042,0.013737978,-0.570520432,-0.180821061,-0.915210009,-450.000000000,-2.661760604,0.058634633,-0.001396941,-9.496650598,115.102965152,-114.645360147,109.897034848,-110.354639853,1.330880302,1.330880302
1786024424.371886730,56.350377862,0.000000000,NONE,0,0.049987799,-1.748510542,-72.500000000,-2.404207057,-1.736433943,-69.008986825,-2.283396613,-0.012076598,-3.491013175,-0.120810444,-0.185036415,-2.994738762,-0.173609883,-0.196815521,-2.424027629,0.007555610,0.011779107,-0.570711133,-0.181165493,-0.982762188,-450.000000000,-2.688474792,0.058562826,-0.001455466,-9.496175639,115.119734457,-114.628353363,109.880265543,-110.371646637,1.344237396,1.344237396
1786024424.421913385,56.400404308,0.000000000,NONE,0,0.049985839,-1.748510542,-72.500000000,-2.404207057,-1.739060905,-69.130550716,-2.283305592,-0.009449637,-3.369449284,-0.120901464,-0.182941289,-2.994874260,-0.173635449,-0.193287891,-2.424030759,0.007962852,0.010346602,-0.570843501,-0.181598301,-1.021147097,-450.000000000,-2.720539679,0.058486913,-0.001510342,-9.495400868,115.129136991,-114.618563443,109.870863009,-110.381436557,1.360269839,1.360269839
1786024424.471895695,56.450386748,0.000000000,NONE,0,0.050032129,-1.748510542,-72.500000000,-2.404207057,-1.741532759,-69.252104841,-2.283208038,-0.006977783,-3.247895159,-0.120999019,-0.180901567,-2.994951913,-0.174583435,-0.190129454,-2.424031441,0.007490638,0.009227887,-0.570920472,-0.182074073,-1.046337651,-450.000000000,-2.754694446,0.058407637,-0.001553525,-9.494471488,115.135202285,-114.612033459,109.864797715,-110.387966541,1.377347223,1.377347223
1786024424.521893978,56.500384992,0.000000000,NONE,0,0.049982907,-1.748510542,-72.500000000,-2.404207057,-1.743865773,-69.373649851,-2.283111811,-0.004644769,-3.126350149,-0.121095245,-0.178890763,-2.994979457,-0.176324357,-0.187262224,-2.424028120,0.006212703,0.008371461,-0.570951337,-0.182537060,-1.057775772,-450.000000000,-2.786857070,0.058326458,-0.001579284,-9.493550212,115.137831496,-114.608943610,109.862168504,-110.391056390,1.393428535,1.393428535
1786024424.571850300,56.550341256,0.000000000,NONE,0,0.049987991,-1.748510542,-72.500000000,-2.404207057,-1.746072744,-69.495186249,-2.283024706,-0.002437798,-3.004813751,-0.121182350,-0.176880858,-2.994970510,-0.178623687,-0.184622548,-2.424021022,0.004307300,0.007741690,-0.570949488,-0.182930988,-1.056720865,-450.000000000,-2.813049597,0.058245133,-0.001584820,-9.492811947,115.137383203,-114.609022771,109.862616797,-110.390977229,1.406524799,1.406524799
1786024424.621981621,56.600472591,0.000000000,NONE,0,0.050000383,-1.748510542,-72.500000000,-2.404207057,-1.748163219,-69.616714498,-2.282953837,-0.000347323,-2.883285502,-0.121253220,-0.174842858,-2.994942797,-0.181184680,-0.182153459,-2.424011538,0.002018810,0.007310601,-0.570931259,-0.183203489,-1.044231698,-450.000000000,-2.829694250,0.058165292,-0.001570231,-9.492387146,115.134154711,-114.612038862,109.865845289,-110.387961138,1.414847125,1.414847125
1786024424.671803236,56.650294035,0.000000000,NONE,0,0.049930825,-1.748510542,-72.500000000,-2.404207057,-1.750143816,-69.738235052,-2.282904278,0.001633275,-2.761764948,-0.121302778,-0.172746882,-2.994915954,-0.183696107,-0.179802646,-2.424001528,-0.000362688,0.007055764,-0.570914427,-0.183333419,-1.021073401,-450.000000000,-2.835941561,0.058087962,-0.001541393,-9.492289880,115.128340820,-114.617804120,109.871659180,-110.382195880,1.417970781,1.417970781
1786024424.721897840,56.700388713,0.000000000,TARGET_UPDATED,0,0.050090221,-1.748510542,-73.500000000,-2.404207057,-1.752018645,-69.859748330,-2.282878777,0.003508103,-3.640251670,-0.121328280,-0.171656103,-2.994846999,-0.185867891,-0.177523792,-2.423992675,-0.002560679,0.005867689,-0.570854325,-0.183307213,-1.092904943,-450.000000000,-2.830981692,0.058013465,-0.001504266,-9.492513185,115.146354532,-114.599902061,109.853645468,-110.400097939,1.415490846,1.415490846
1786024424.771879911,56.750370853,0.000000000,NONE,0,0.049991594,-1.748510542,-73.500000000,-2.404207057,-1.753797866,-69.981255143,-2.282877408,0.005287324,-3.518744857,-0.121329648,-0.170037604,-2.994839508,-0.187471385,-0.175583863,-2.423986161,-0.004329017,0.005546259,-0.570853348,-0.183142368,-1.068381173,-450.000000000,-2.816668319,0.057941480,-0.001465772,-9.492932529,115.140328425,-114.606137839,109.859671575,-110.393862161,1.408334160,1.408334160
1786024424.821895123,56.800386208,0.000000000,NONE,0,0.050023618,-1.748510542,-73.500000000,-2.404207057,-1.755492238,-70.102756290,-2.282897613,0.006981696,-3.397243710,-0.121309443,-0.168334446,-2.994879251,-0.188342094,-0.173723505,-2.423982284,-0.005480688,0.005389059,-0.570896967,-0.182861406,-1.046899187,-450.000000000,-2.794681828,0.057871278,-0.001430543,-9.493458563,115.135089437,-114.611639844,109.864910563,-110.388360156,1.397340914,1.397340914
1786024424.871866703,56.850357604,0.000000000,NONE,0,0.049898411,-1.748510542,-73.500000000,-2.404207057,-1.757103082,-70.224251958,-2.282934708,0.008592540,-3.275748042,-0.121272349,-0.166529678,-2.994973491,-0.188394183,-0.171895248,-2.423980960,-0.005898500,0.005365570,-0.570992531,-0.182495684,-1.016672698,-450.000000000,-2.767368523,0.057802053,-0.001401814,-9.493976246,115.127662236,-114.619325887,109.872337764,-110.380674113,1.383684262,1.383684262
1786024424.921864748,56.900355632,0.000000000,NONE,0,0.050074887,-1.748510542,-73.500000000,-2.404207057,-1.758631199,-70.345742248,-2.282982498,0.010120657,-3.154257752,-0.121224559,-0.164609888,-2.995123466,-0.187626345,-0.170070666,-2.423982198,-0.005543143,0.005460778,-0.571141267,-0.182083202,-0.978124976,-450.000000000,-2.737586822,0.057733162,-0.001380633,-9.494458731,115.118145927,-114.629083439,109.881854073,-110.370916561,1.368793411,1.368793411
1786024424.971875668,56.950366564,0.000000000,NONE,0,0.049999681,-1.748510542,-73.500000000,-2.404207057,-1.760075857,-70.467227190,-2.283033949,0.011565315,-3.032772810,-0.121173108,-0.162566690,-2.995323118,-0.186139912,-0.168219088,-2.423986229,-0.004469546,0.005652398,-0.571336889,-0.181670367,-0.932665721,-450.000000000,-2.708668905,0.057664272,-0.001367842,-9.494841834,115.106876889,-114.640544028,109.893123111,-110.359455972,1.354334453,1.354334453
1786024425.021882772,57.000373958,0.000000000,NONE,0,0.049979014,-1.748510542,-73.500000000,-2.404207057,-1.761434979,-70.588706754,-2.283081910,0.012924437,-2.911293246,-0.121125146,-0.160397336,-2.995559831,-0.184131532,-0.166315331,-2.423992160,-0.002825491,0.005917995,-0.571567671,-0.181306041,-0.881677540,-450.000000000,-2.684133311,0.057595355,-0.001363120,-9.495132859,115.094202600,-114.653363830,109.905797400,-110.346636170,1.342066656,1.342066656
1786024425.071858883,57.050349884,0.000000000,NONE,0,0.049989162,-1.748510542,-73.500000000,-2.404207057,-1.762705392,-70.710180853,-2.283119877,0.014194851,-2.789819147,-0.121087180,-0.158104864,-2.995817097,-0.181858483,-0.164340483,-2.423998752,-0.000825717,0.006235619,-0.571818345,-0.181032766,-0.826592968,-450.000000000,-2.666826905,0.057526581,-0.001366022,-9.495353333,115.080486575,-114.667190091,109.919513425,-110.332809909,1.333413452,1.333413452
1786024425.121879816,57.100370875,0.000000000,TARGET_UPDATED,0,0.050044108,-1.748510542,-74.500000000,-2.404207057,-1.763883136,-70.831649348,-2.283142697,0.015372594,-3.668350652,-0.121064360,-0.160401192,-2.995830321,-0.179581316,-0.162282085,-2.424005036,0.001281586,0.001880893,-0.571825285,-0.180862902,-1.216091704,-450.000000000,-2.657008832,0.057458089,-0.001376282,-9.495522235,115.177903485,-114.569857633,109.822096515,-110.430142367,1.328504416,1.328504416
1786024425.171840429,57.150331437,0.000000000,NONE,0,0.049952182,-1.748510542,-74.500000000,-2.404207057,-1.764998974,-70.953114093,-2.283147148,0.016488433,-3.546885907,-0.121059909,-0.158603882,-2.996043188,-0.177608847,-0.161453949,-2.424010827,0.003244253,0.002850067,-0.572032361,-0.180853100,-1.024098981,-450.000000000,-2.659520769,0.057389795,-0.001394473,-9.495610267,115.129927312,-114.617877822,109.870072688,-110.382122178,1.329760384,1.329760384
1786024425.221896887,57.200387909,0.000000000,NONE,0,0.049986551,-1.748510542,-74.500000000,-2.404207057,-1.766077905,-71.074576528,-2.283132483,0.017567363,-3.425423472,-0.121074573,-0.156721032,-2.996230505,-0.176136726,-0.160297827,-2.424015352,0.004825352,0.003576795,-0.572215153,-0.180962078,-0.956947044,-450.000000000,-2.669525624,0.057321358,-0.001418498,-9.495625647,115.113143173,-114.634669651,109.886856827,-110.365330349,1.334762812,1.334762812
1786024425.271883726,57.250374775,0.000000000,NONE,0,0.050058147,-1.748510542,-74.500000000,-2.404207057,-1.767098973,-71.196035421,-2.283100416,0.018588432,-3.303964579,-0.121106640,-0.154781468,-2.996382093,-0.175320819,-0.158904132,-2.424019109,0.005854968,0.004122663,-0.572362984,-0.181175787,-0.898903613,-450.000000000,-2.686574272,0.057252214,-0.001446821,-9.495542827,115.098611610,-114.649159804,109.901388390,-110.350840196,1.343287136,1.343287136
1786024425.321810722,57.300301664,0.000000000,NONE,0,0.049925208,-1.748510542,-74.500000000,-2.404207057,-1.768054693,-71.317490248,-2.283054502,0.019544152,-3.182509752,-0.121152555,-0.152800642,-2.996492220,-0.175247556,-0.157374492,-2.424021908,0.006222938,0.004573850,-0.572470312,-0.181470495,-0.844521073,-450.000000000,-2.708837635,0.057181713,-0.001477236,-9.495308156,115.084957307,-114.662696771,109.915042693,-110.337303229,1.354418817,1.354418817
1786024425.371881485,57.350372406,0.000000000,NONE,0,0.050068583,-1.748510542,-74.500000000,-2.404207057,-1.768939176,-71.438940529,-2.282999741,0.020428634,-3.061059471,-0.121207316,-0.150791178,-2.996559127,-0.175927966,-0.155730215,-2.424023205,0.005887011,0.004939036,-0.572535922,-0.181814977,-0.795127445,-450.000000000,-2.733928577,0.057109350,-0.001505942,-9.494950884,115.072519582,-114.674955860,109.927480418,-110.325044140,1.366964288,1.366964288
1786024425.421861172,57.400352098,0.000000000,NONE,0,0.049987614,-1.748510542,-74.500000000,-2.404207057,-1.769747600,-71.560385791,-2.282942018,0.021237059,-2.939614209,-0.121265038,-0.148763128,-2.996585795,-0.177284593,-0.153992927,-2.424021790,0.004885453,0.005229799,-0.572564005,-0.182170046,-0.750047140,-450.000000000,-2.759006374,0.057034973,-0.001529402,-9.494468216,115.061128839,-114.686105269,109.938871161,-110.313894731,1.379503187,1.379503187
1786024425.471809387,57.450300305,0.000000000,NONE,0,0.049936366,-1.748510542,-74.500000000,-2.404207057,-1.770476195,-71.681825628,-2.282887480,0.021965654,-2.818174372,-0.121319576,-0.146723631,-2.996580276,-0.179151653,-0.152182350,-2.424017426,0.003340751,0.005458719,-0.572562850,-0.182492404,-0.708659428,-450.000000000,-2.780923677,0.056958881,-0.001543628,-9.493927211,115.050646660,-114.696316946,109.949353340,-110.303683054,1.390461839,1.390461839
1786024425.521941900,57.500432957,0.000000000,TARGET_UPDATED,0,0.050141593,-1.748510542,-75.500000000,-2.404207057,-1.771122033,-71.803259763,-2.282841871,0.022611491,-3.696740237,-0.121365185,-0.151472221,-2.996217130,-0.181329732,-0.150315685,-2.424010827,0.001441264,-0.001156537,-0.572206303,-0.182770996,-1.309669153,-450.000000000,-2.799525842,0.056881826,-0.001545682,-9.493446526,115.200778920,-114.545944343,109.799221080,-110.454055657,1.399762921,1.399762921
1786024425.571818829,57.550309880,0.000000000,NONE,0,0.049857242,-1.748510542,-75.500000000,-2.404207057,-1.771733235,-71.924690950,-2.282809962,0.023222694,-3.575309050,-0.121397094,-0.150114389,-2.996155040,-0.183519670,-0.150298658,-2.424003657,-0.000606301,0.000184269,-0.572151383,-0.182913368,-1.050856792,-450.000000000,-2.806791386,0.056804801,-0.001536269,-9.493042945,115.135974934,-114.610546538,109.864025066,-110.389453462,1.403395693,1.403395693
1786024425.621865273,57.600356198,0.000000000,NONE,0,0.050086834,-1.748510542,-75.500000000,-2.404207057,-1.772348136,-72.046121419,-2.282794902,0.023837594,-3.453878581,-0.121412155,-0.148726338,-2.996104280,-0.185490345,-0.149825838,-2.423996243,-0.002550715,0.001099500,-0.572108037,-0.182939630,-0.984747311,-450.000000000,-2.806298390,0.056728815,-0.001514180,-9.492867706,115.119403754,-114.627030099,109.880596246,-110.372969901,1.403149195,1.403149195
1786024425.671827316,57.650318212,0.000000000,NONE,0,0.049932321,-1.748510542,-75.500000000,-2.404207057,-1.772937629,-72.167549651,-2.282797626,0.024427087,-3.332450349,-0.121409431,-0.147326332,-2.996077734,-0.187026000,-0.149055155,-2.423990334,-0.004170625,0.001728823,-0.572087400,-0.182855374,-0.932841929,-450.000000000,-2.798188808,0.056654714,-0.001483499,-9.492904228,115.106436539,-114.640015575,109.893563461,-110.359984425,1.399094404,1.399094404
1786024425.721813202,57.700304307,0.000000000,NONE,0,0.049990146,-1.748510542,-75.500000000,-2.404207057,-1.773493128,-72.288975282,-2.282816971,0.024982587,-3.211024718,-0.121390086,-0.145908874,-2.996086537,-0.187965576,-0.148143105,-2.423986356,-0.005291925,0.002234231,-0.572100181,-0.182673651,-0.885126816,-450.000000000,-2.783520412,0.056582921,-0.001448613,-9.493166793,115.094573402,-114.652009994,109.905426598,-110.347990006,1.391760206,1.391760206
1786024425.771849632,57.750340841,0.000000000,NONE,0,0.050031036,-1.748510542,-75.500000000,-2.404207057,-1.774008167,-72.410398041,-2.282849979,0.025497625,-3.089601959,-0.121357077,-0.144461982,-2.996138119,-0.188212844,-0.147116165,-2.423984425,-0.005797172,0.002654183,-0.572153694,-0.182415672,-0.841537346,-450.000000000,-2.763940629,0.056513389,-0.001414585,-9.493599403,115.083784187,-114.663015514,109.916215813,-110.336984486,1.381970315,1.381970315
1786024425.821815014,57.800306104,0.000000000,NONE,0,0.049971932,-1.748510542,-75.500000000,-2.404207057,-1.774477283,-72.531817670,-2.282892315,0.025966741,-2.968182330,-0.121314741,-0.142969203,-2.996235412,-0.187741874,-0.145992524,-2.423984434,-0.005633351,0.003023320,-0.572250979,-0.182108523,-0.799851975,-450.000000000,-2.741450159,0.056445642,-0.001385852,-9.494108324,115.073490075,-114.673564087,109.926509925,-110.326435913,1.370725080,1.370725080
1786024425.871924639,57.850415632,0.000000000,NONE,0,0.050109588,-1.748510542,-75.500000000,-2.404207057,-1.774895776,-72.653233952,-2.282938758,0.026385234,-2.846766048,-0.121268299,-0.141411280,-2.996376057,-0.186606209,-0.144781733,-2.423986615,-0.004820027,0.003370453,-0.572389442,-0.181786182,-0.758263974,-450.000000000,-2.718600023,0.056378941,-0.001365209,-9.494628952,115.063223232,-114.684091245,109.936776768,-110.315908755,1.359300011,1.359300011
1786024425.921870232,57.900361259,0.000000000,TARGET_UPDATED,0,0.049950653,-1.748510542,-76.500000000,-2.404207057,-1.775259305,-72.774646711,-2.282983749,0.026748764,-3.725353289,-0.121223308,-0.147662118,-2.996174467,-0.184928130,-0.143485987,-2.423990626,-0.003455717,-0.004176131,-0.572183842,-0.181472412,-1.455370824,-450.000000000,-2.696787255,0.056312491,-0.001354495,-9.495045758,115.237604146,-114.509918733,109.762395854,-110.490081267,1.348393628,1.348393628
1786024425.971784353,57.950275441,0.000000000,NONE,0,0.049918241,-1.748510542,-76.500000000,-2.404207057,-1.775621957,-72.896059096,-2.283021958,0.027111415,-3.603940904,-0.121185099,-0.146602450,-2.996345078,-0.182939900,-0.144293083,-2.423996131,-0.001706950,-0.002309367,-0.572348948,-0.181232950,-1.140070084,-450.000000000,-2.681509438,0.056245571,-0.001354499,-9.495307475,115.158844390,-114.588809348,109.841155610,-110.411190652,1.340754719,1.340754719
1786024426.021940470,58.000431446,0.000000000,NONE,0,0.050074533,-1.748510542,-76.500000000,-2.404207057,-1.776024918,-73.017473460,-2.283048911,0.027514376,-3.482526540,-0.121158145,-0.145394264,-2.996527615,-0.180862308,-0.144480763,-2.424001177,0.000219194,-0.000913501,-0.572526438,-0.181081502,-1.049032253,-450.000000000,-2.672680716,0.056177799,-0.001361806,-9.495438828,115.136117770,-114.611601644,109.863882230,-110.388398356,1.336340358,1.336340358
1786024426.071885347,58.050376268,0.000000000,NONE,0,0.050016825,-1.748510542,-76.500000000,-2.404207057,-1.776429905,-73.138887713,-2.283061490,0.027919364,-3.361112287,-0.121145566,-0.144057093,-2.996707123,-0.178928851,-0.144226208,-2.424006046,0.002105497,0.000169115,-0.572701076,-0.181034349,-0.971838055,-450.000000000,-2.671461650,0.056109147,-0.001374724,-9.495430317,115.116817093,-114.630898066,109.883182907,-110.369101934,1.335730825,1.335730825
1786024426.121809721,58.100300631,0.000000000,NONE,0,0.049918299,-1.748510542,-76.500000000,-2.404207057,-1.776822480,-73.260301072,-2.283058388,0.028311938,-3.239698928,-0.121148668,-0.142592127,-2.996871378,-0.177349024,-0.143706514,-2.424010285,0.003741645,0.001114386,-0.572861094,-0.181090668,-0.897770171,-450.000000000,-2.677475006,0.056039730,-0.001390981,-9.495309171,115.098269836,-114.649384750,109.901730164,-110.350615250,1.338737503,1.338737503
1786024426.171865940,58.150356833,0.000000000,NONE,0,0.050061617,-1.748510542,-76.500000000,-2.404207057,-1.777190492,-73.381712846,-2.283040238,0.028679950,-3.118287154,-0.121166818,-0.141001503,-2.997010916,-0.176287518,-0.142951458,-2.424013790,0.004951833,0.001949956,-0.572997126,-0.181239350,-0.828313785,-450.000000000,-2.689724506,0.055969741,-0.001408230,-9.495141450,115.080863809,-114.666706916,109.919136191,-110.333293084,1.344862253,1.344862253
1786024426.221982479,58.200473498,0.000000000,NONE,0,0.049958023,-1.748510542,-76.500000000,-2.404207057,-1.777523019,-73.503122365,-2.283009384,0.029012477,-2.996877635,-0.121197673,-0.139289058,-2.997119414,-0.175851497,-0.141987472,-2.424016472,0.005610632,0.002698414,-0.573102942,-0.181462128,-0.762150726,-450.000000000,-2.706808269,0.055899330,-0.001425272,-9.494923397,115.064268531,-114.683193168,109.935731469,-110.316806832,1.353404134,1.353404134
1786024426.271833181,58.250324117,0.000000000,NONE,0,0.049987293,-1.748510542,-76.500000000,-2.404207057,-1.777810302,-73.624528986,-2.282969512,0.029299761,-2.875471014,-0.121237544,-0.137460432,-2.997193856,-0.176083329,-0.140835646,-2.424018099,0.005651647,0.003375214,-0.573175757,-0.181734976,-0.698758957,-450.000000000,-2.726906639,0.055828530,-0.001440526,-9.494688274,115.048361808,-114.698982329,109.951638192,-110.301017671,1.363453319,1.363453319
1786024426.321823835,58.300314616,0.000000000,NONE,0,0.050003367,-1.748510542,-76.500000000,-2.404207057,-1.778043527,-73.745932079,-2.282925215,0.029532985,-2.754067921,-0.121281841,-0.135522838,-2.997234875,-0.176953542,-0.139513604,-2.424017902,0.005074635,0.003990766,-0.573216973,-0.182028177,-0.637723035,-450.000000000,-2.747836021,0.055757275,-0.001452838,-9.494440856,115.033040973,-114.714179455,109.966959027,-110.285820545,1.373918011,1.373918011
1786024426.371887207,58.350377993,0.000000000,TARGET_UPDATED,0,0.050083278,-1.748510542,-77.500000000,-2.404207057,-1.778214707,-73.867331041,-2.282881499,0.029704165,-3.632668959,-0.121325558,-0.142791578,-2.996819234,-0.178339002,-0.138036608,-2.424015374,0.003952435,-0.004754971,-0.572803860,-0.182291437,-1.446025898,-450.000000000,-2.765657028,0.055685465,-0.001460983,-9.494192454,115.235054588,-114.512041639,109.764945412,-110.487958361,1.382828514,1.382828514
1786024426.421880245,58.400371296,0.000000000,NONE,0,0.049976056,-1.748510542,-77.500000000,-2.404207057,-1.778385032,-73.988729193,-2.282843188,0.029874490,-3.511270807,-0.121363869,-0.141417168,-2.996781246,-0.180122249,-0.138987786,-2.424011382,0.002416241,-0.002429382,-0.572769864,-0.182538491,-1.066759075,-450.000000000,-2.782637788,0.055613069,-0.001465159,-9.493917650,115.140169181,-114.606789644,109.859830819,-110.393210356,1.391318894,1.391318894
1786024426.471873283,58.450364337,0.000000000,NONE,0,0.050008141,-1.748510542,-77.500000000,-2.404207057,-1.778601132,-74.110129034,-2.282814538,0.030090590,-3.389870966,-0.121392519,-0.139917881,-2.996736918,-0.182063605,-0.139181559,-2.424005342,0.000636874,-0.000736322,-0.572731576,-0.182700478,-0.957750575,-450.000000000,-2.792272694,0.055540191,-0.001461691,-9.493677019,115.112856898,-114.633981611,109.887143102,-110.366018389,1.396136347,1.396136347
1786024426.521862507,58.500353530,0.000000000,NONE,0,0.049995226,-1.748510542,-77.500000000,-2.404207057,-1.778817061,-74.231528040,-2.282798825,0.030306520,-3.268471960,-0.121408232,-0.138341293,-2.996696918,-0.183940685,-0.138848055,-2.423999245,-0.001175585,0.000506762,-0.572697673,-0.182765100,-0.871216585,-450.000000000,-2.794849557,0.055467162,-0.001450448,-9.493493263,115.091177462,-114.655569170,109.908822538,-110.344430830,1.397424778,1.397424778
1786024426.571879387,58.550370399,0.000000000,NONE,0,0.049952069,-1.748510542,-77.500000000,-2.404207057,-1.779016038,-74.352925357,-2.282797630,0.030505496,-3.147074643,-0.121409426,-0.136708291,-2.996672841,-0.185548611,-0.138217976,-2.423993805,-0.002817741,0.001509685,-0.572679036,-0.182730870,-0.794363160,-450.000000000,-2.790475665,0.055394480,-0.001432139,-9.493395925,115.071939771,-114.674758191,109.928060229,-110.325241809,1.395237833,1.395237833
1786024426.621894836,58.600385794,0.000000000,NONE,0,0.050015752,-1.748510542,-77.500000000,-2.404207057,-1.779184754,-74.474320344,-2.282810717,0.030674212,-3.025679656,-0.121396339,-0.135035658,-2.996674774,-0.186719249,-0.137341662,-2.423989682,-0.004111593,0.002306004,-0.572685092,-0.182607656,-0.728999811,-450.000000000,-2.780072422,0.055322718,-0.001408176,-9.493428619,115.055607108,-114.691107202,109.944392892,-110.308892798,1.390036211,1.390036211
1786024426.671850204,58.650341330,0.000000000,NONE,0,0.050000969,-1.748510542,-77.500000000,-2.404207057,-1.779312613,-74.595712503,-2.282836182,0.030802071,-2.904287497,-0.121370874,-0.133335440,-2.996710147,-0.187335149,-0.136276719,-2.423987198,-0.004923130,0.002941279,-0.572722949,-0.182412019,-0.672258965,-450.000000000,-2.764928626,0.055252360,-0.001381481,-9.493592332,115.041462824,-114.705333342,109.958537176,-110.294666658,1.382464313,1.382464313
1786024426.721850157,58.700340955,0.000000000,NONE,0,0.049997809,-1.748510542,-77.500000000,-2.404207057,-1.779391241,-74.717101434,-2.282870796,0.030880700,-2.782898566,-0.121336260,-0.131614339,-2.996782943,-0.187337279,-0.135063384,-2.423986364,-0.005171732,0.003449045,-0.572796579,-0.182165546,-0.622502824,-450.000000000,-2.746658582,0.055183670,-0.001355163,-9.493878432,115.029095314,-114.717843902,109.970904686,-110.282156098,1.373329291,1.373329291
1786024426.771868944,58.750359874,0.000000000,TARGET_UPDATED,0,0.050028966,-1.748510542,-78.500000000,-2.404207057,-1.779413959,-74.838486815,-2.282910413,0.030903417,-3.661513185,-0.121296644,-0.139376245,-2.996464284,-0.186761957,-0.133732736,-2.423987284,-0.004836315,-0.005643509,-0.572477000,-0.181925642,-1.460440162,-450.000000000,-2.729999592,0.055116610,-0.001332453,-9.494255588,115.238673938,-114.508453857,109.761326062,-110.491546143,1.364999796,1.364999796
1786024426.821881771,58.800372850,0.000000000,NONE,0,0.049945979,-1.748510542,-78.500000000,-2.404207057,-1.779448028,-74.959872442,-2.282950505,0.030937486,-3.540127558,-0.121256551,-0.138324002,-2.996579131,-0.185639627,-0.134984091,-2.423990533,-0.003986306,-0.003339912,-0.572588598,-0.181653320,-1.080500538,-450.000000000,-2.710280121,0.055050730,-0.001317808,-9.494630738,115.143782819,-114.603532550,109.856217181,-110.396467450,1.355140061,1.355140061
1786024426.871833324,58.850324376,0.000000000,NONE,0,0.050013283,-1.748510542,-78.500000000,-2.404207057,-1.779538444,-75.081260808,-2.282986546,0.031027902,-3.418739192,-0.121220511,-0.137191362,-2.996721103,-0.184129266,-0.135401094,-2.423994193,-0.002709643,-0.001790268,-0.572726910,-0.181419623,-0.987817228,-450.000000000,-2.694700929,0.054985418,-0.001310452,-9.494979308,115.120699134,-114.626790520,109.879300866,-110.373209480,1.347350465,1.347350465
1786024426.921822071,58.900313047,0.000000000,NONE,0,0.049989394,-1.748510542,-78.500000000,-2.404207057,-1.779640871,-75.202649536,-2.283014386,0.031130330,-3.297350464,-0.121192670,-0.136003824,-2.996877724,-0.182411917,-0.135351405,-2.423998594,-0.001159274,-0.000652419,-0.572879131,-0.181252644,-0.912308825,-450.000000000,-2.684344744,0.054920100,-0.001311190,-9.495237394,115.101886555,-114.645732142,109.898113445,-110.354267858,1.342172372,1.342172372
1786024426.971813202,58.950304074,0.000000000,NONE,0,0.049994838,-1.748510542,-78.500000000,-2.404207057,-1.779740501,-75.324037858,-2.283030883,0.031229959,-3.175962142,-0.121176174,-0.134757951,-2.997037052,-0.180686061,-0.135034011,-2.424002925,0.000484055,0.000276060,-0.573034126,-0.181170116,-0.844691150,-450.000000000,-2.680257362,0.054854200,-0.001319391,-9.495368206,115.085014839,-114.662669264,109.914985161,-110.337330736,1.340128681,1.340128681
1786024427.021867037,59.000358095,0.000000000,NONE,0,0.050046193,-1.748510542,-78.500000000,-2.404207057,-1.779825438,-75.445425153,-2.283034239,0.031314896,-3.054574847,-0.121172818,-0.133446737,-2.997188041,-0.179143055,-0.134491249,-2.424006827,0.002035800,0.001044511,-0.573181213,-0.181178855,-0.784998255,-450.000000000,-2.682694503,0.054787302,-0.001333247,-9.495361586,115.070089960,-114.677590833,109.929910040,-110.322409167,1.341347251,1.341347251
1786024427.071826696,59.050317622,0.000000000,NONE,0,0.049960180,-1.748510542,-78.500000000,-2.404207057,-1.779885694,-75.566810880,-2.283024270,0.031375152,-2.933189120,-0.121182787,-0.132061182,-2.997321575,-0.177946834,-0.133759854,-2.424010119,0.003326401,0.001698673,-0.573311455,-0.181273235,-0.730418098,-450.000000000,-2.691015578,0.054719227,-0.001350372,-9.495211878,115.056407494,-114.691198445,109.943592506,-110.308801555,1.345507789,1.345507789
1786024427.121841669,59.100332750,0.000000000,NONE,0,0.050014176,-1.748510542,-78.500000000,-2.404207057,-1.779912856,-75.688194548,-2.283002377,0.031402314,-2.811805452,-0.121204679,-0.130591053,-2.997431095,-0.177219074,-0.132866834,-2.424012692,0.004220845,0.002275781,-0.573418403,-0.181439919,-0.678869250,-450.000000000,-2.704127094,0.054650046,-0.001367766,-9.494970048,115.043459825,-114.704025200,109.956540175,-110.295974800,1.352063547,1.352063547
1786024427.171928644,59.150419425,0.000000000,TARGET_UPDATED,0,0.050095925,-1.748510542,-79.500000000,-2.404207057,-1.779899576,-75.809575694,-2.282971283,0.031389035,-3.690424306,-0.121235773,-0.138499460,-2.997091059,-0.177013665,-0.131830826,-2.424014404,0.004629943,-0.006668633,-0.573076655,-0.181643608,-1.507304147,-450.000000000,-2.719118532,0.054580027,-0.001383142,-9.494683282,115.250496857,-114.496844784,109.749503143,-110.503155216,1.359559266,1.359559266
1786024427.221865654,59.200356609,0.000000000,NONE,0,0.049895928,-1.748510542,-79.500000000,-2.404207057,-1.779911500,-75.930957837,-2.282934646,0.031400958,-3.569042163,-0.121272411,-0.137524788,-2.997117453,-0.177382771,-0.133329279,-2.424015486,0.004512954,-0.004195509,-0.573101967,-0.181895725,-1.118075935,-450.000000000,-2.737753584,0.054509546,-0.001396455,-9.494351201,115.153106784,-114.594068817,109.846893216,-110.405931183,1.368876792,1.368876792
1786024427.271867037,59.250358052,0.000000000,NONE,0,0.050038276,-1.748510542,-79.500000000,-2.404207057,-1.779991403,-76.052343138,-2.282896707,0.031480861,-3.447656862,-0.121310350,-0.136391534,-2.997120858,-0.178256457,-0.133947679,-2.424013964,0.003890446,-0.002443855,-0.573106894,-0.182146902,-1.012788977,-450.000000000,-2.755302881,0.054438961,-0.001403592,-9.494081139,115.126717529,-114.620323040,109.873282471,-110.379676960,1.377651440,1.377651440
1786024427.321832895,59.300323957,0.000000000,NONE,0,0.049964320,-1.748510542,-79.500000000,-2.404207057,-1.780092528,-76.173728935,-2.282861798,0.031581986,-3.326271065,-0.121345258,-0.135129976,-2.997105772,-0.179519888,-0.134047026,-2.424010871,0.002849841,-0.001082950,-0.573094902,-0.182369729,-0.922589914,-450.000000000,-2.770340769,0.054368526,-0.001404907,-9.493866120,115.104114008,-114.642819052,109.895885992,-110.357180948,1.385170384,1.385170384
1786024427.371936083,59.350426907,0.000000000,NONE,0,0.050087660,-1.748510542,-79.500000000,-2.404207057,-1.780197245,-76.295114195,-2.282833835,0.031686704,-3.204885805,-0.121373221,-0.133746181,-2.997080442,-0.181015377,-0.133822495,-2.424006440,0.001522235,0.000076314,-0.573074002,-0.182537612,-0.839375664,-450.000000000,-2.780984645,0.054298380,-0.001400650,-9.493736376,115.083278010,-114.663590178,109.916721990,-110.336409822,1.390492322,1.390492322
1786024427.421947241,59.400438088,0.000000000,NONE,0,0.049903317,-1.748510542,-79.500000000,-2.404207057,-1.780290677,-76.416498093,-2.282815915,0.031780135,-3.083501907,-0.121391142,-0.132246212,-2.997054689,-0.182564245,-0.133316302,-2.424001399,0.000066957,0.001070090,-0.573053289,-0.182631202,-0.763919997,-450.000000000,-2.786059551,0.054228584,-0.001391766,-9.493653975,115.064393493,-114.682433494,109.935606507,-110.317566506,1.393029775,1.393029775
1786024427.471888781,59.450379784,0.000000000,NONE,0,0.050058698,-1.748510542,-79.500000000,-2.404207057,-1.780359860,-76.537879967,-2.282809963,0.031849319,-2.962120033,-0.121397093,-0.130637158,-2.997038662,-0.183989160,-0.132566989,-2.423996532,-0.001348181,0.001929831,-0.573042131,-0.182640979,-0.694848033,-450.000000000,-2.785063855,0.054159184,-0.001378565,-9.493656237,115.047126068,-114.699702051,109.952873932,-110.300297949,1.392531927,1.392531927
1786024427.521908045,59.500398926,0.000000000,NONE,0,0.050017430,-1.748510542,-79.500000000,-2.404207057,-1.780393614,-76.659259281,-2.282816472,0.031883073,-2.840740719,-0.121390584,-0.128926965,-2.997041651,-0.185133585,-0.131607639,-2.423992484,-0.002564065,0.002680674,-0.573049167,-0.182569520,-0.630717308,-450.000000000,-2.778437713,0.054090255,-0.001362505,-9.493713430,115.031107684,-114.715749031,109.968892316,-110.284250969,1.389218857,1.389218857
1786024427.571954727,59.550445597,0.000000000,TARGET_UPDATED,0,0.050053784,-1.748510542,-80.500000000,-2.404207057,-1.780382219,-76.780635586,-2.282834445,0.031871677,-3.719364414,-0.121372612,-0.136567353,-2.996656438,-0.185862847,-0.130465051,-2.423989665,-0.003448989,-0.006102302,-0.572666773,-0.182413857,-1.445098106,-450.000000000,-2.765860110,0.054021912,-0.001344752,-9.493831509,115.234732404,-114.512183351,109.765267596,-110.487816649,1.382930055,1.382930055
1786024427.621886730,59.600377720,0.000000000,NONE,0,0.049929150,-1.748510542,-80.500000000,-2.404207057,-1.780391904,-76.902012559,-2.282861476,0.031881363,-3.597987441,-0.121345580,-0.135363064,-2.996690785,-0.186150126,-0.131870405,-2.423988824,-0.003916608,-0.003492659,-0.572701960,-0.182233518,-1.045246642,-450.000000000,-2.752734363,0.053954196,-0.001328349,-9.493966000,115.134803161,-114.612179840,109.865196839,-110.387820160,1.376367182,1.376367182
1786024427.671870232,59.650361200,0.000000000,NONE,0,0.049990906,-1.748510542,-80.500000000,-2.404207057,-1.780459358,-77.023392179,-2.282894336,0.031948817,-3.476607821,-0.121312720,-0.134037479,-2.996760297,-0.185941988,-0.132279698,-2.423988620,-0.003930109,-0.001757782,-0.572771677,-0.182011878,-0.941725244,-450.000000000,-2.736397897,0.053887205,-0.001311951,-9.494158482,115.108970932,-114.638108310,109.891029068,-110.361891690,1.368198948,1.368198948
1786024427.721896648,59.700387583,0.000000000,NONE,0,0.050006213,-1.748510542,-80.500000000,-2.404207057,-1.780538342,-77.144772007,-2.282929310,0.032027800,-3.355227993,-0.121277747,-0.132634839,-2.996861155,-0.185269733,-0.132201115,-2.423990203,-0.003489023,-0.000433725,-0.572870952,-0.181780710,-0.852675099,-450.000000000,-2.720026883,0.053821114,-0.001297732,-9.494396189,115.086767822,-114.660430272,109.913232178,-110.339569728,1.360013442,1.360013442
1786024427.771871328,59.750362258,0.000000000,NONE,0,0.050000539,-1.748510542,-80.500000000,-2.404207057,-1.780611939,-77.266151182,-2.282962379,0.032101398,-3.233848818,-0.121244677,-0.131172355,-2.996987093,-0.184222126,-0.131812653,-2.423993058,-0.002654055,0.000640298,-0.572994035,-0.181568071,-0.774810404,-450.000000000,-2.705512212,0.053755906,-0.001287711,-9.494655366,115.067366442,-114.679961240,109.932633558,-110.320038760,1.352756106,1.352756106
1786024427.821887016,59.800378066,0.000000000,NONE,0,0.049980023,-1.748510542,-80.500000000,-2.404207057,-1.780666215,-77.387529005,-2.282989800,0.032155674,-3.112470995,-0.121217256,-0.129663367,-2.997129288,-0.182931936,-0.131167958,-2.423996659,-0.001532306,0.001504592,-0.573132629,-0.181399630,-0.708326321,-450.000000000,-2.694603929,0.053691370,-0.001283392,-9.494902667,115.050807247,-114.696644086,109.949192753,-110.303355914,1.347301964,1.347301964
1786024427.871891499,59.850382440,0.000000000,NONE,0,0.050019684,-1.748510542,-80.500000000,-2.404207057,-1.780689804,-77.508904914,-2.283008505,0.032179263,-2.991095086,-0.121198551,-0.128117023,-2.997277712,-0.181556597,-0.130316963,-2.424000474,-0.000261277,0.002199940,-0.573277238,-0.181295321,-0.650926000,-450.000000000,-2.688587101,0.053627125,-0.001285528,-9.495106533,115.036508133,-114.711045133,109.963491867,-110.288954867,1.344293551,1.344293551
1786024427.921905041,59.900396269,0.000000000,NONE,0,0.050030417,-1.748510542,-80.500000000,-2.404207057,-1.780673609,-77.630278453,-2.283016444,0.032163067,-2.869721547,-0.121190612,-0.126538139,-2.997422473,-0.180257426,-0.129299731,-2.424004091,0.001009117,0.002761592,-0.573418382,-0.181266543,-0.600652561,-450.000000000,-2.688082812,0.053562689,-0.001294090,-9.495225537,115.023969524,-114.723643244,109.976030476,-110.276356756,1.344041406,1.344041406
1786024427.971929789,59.950420873,0.000000000,NONE,0,0.049988730,-1.748510542,-80.500000000,-2.404207057,-1.780610321,-77.751649245,-2.283012848,0.032099779,-2.748350755,-0.121194209,-0.124927477,-2.997554911,-0.179180811,-0.128147310,-2.424007248,0.002133194,0.003219832,-0.573547663,-0.181314005,-0.555815509,-450.000000000,-2.692929761,0.053497584,-0.001307904,-9.495227623,115.012760783,-114.734853028,109.987239217,-110.265146972,1.346464881,1.346464881
1786024428.022259951,60.000750861,0.000000000,TARGET_UPDATED,0,0.050362351,-1.748510542,-81.500000000,-2.404207057,-1.780494030,-77.873016962,-2.282998325,0.031983488,-3.626983038,-0.121208731,-0.133341872,-2.997236182,-0.178469099,-0.126883789,-2.424009785,0.002986458,-0.006458083,-0.573226396,-0.181455558,-1.441655574,-450.000000000,-2.704699737,0.053431464,-0.001324751,-9.495151393,115.234201742,-114.513373955,109.765798258,-110.486626045,1.352349868,1.352349868
1786024428.071878195,60.050369151,0.000000000,NONE,0,0.049616390,-1.748510542,-81.500000000,-2.404207057,-1.780399381,-77.994385587,-2.282974822,0.031888840,-3.505614413,-0.121232234,-0.132371014,-2.997299652,-0.178161546,-0.128404578,-2.424012214,0.003456073,-0.003966436,-0.573287437,-0.181617619,-1.037565002,-450.000000000,-2.716499621,0.053364181,-0.001344777,-9.494863965,115.133107242,-114.614324741,109.866892758,-110.385675259,1.358249811,1.358249811
1786024428.121863365,60.100354386,0.000000000,NONE,0,0.049988095,-1.748510542,-81.500000000,-2.404207057,-1.780369134,-78.115757280,-2.282945233,0.031858593,-3.384242720,-0.121261824,-0.131298592,-2.997341093,-0.178303162,-0.128937401,-2.424012843,0.003512856,-0.002361190,-0.573328250,-0.181816018,-0.945925830,-450.000000000,-2.731090201,0.053295869,-0.001360469,-9.494570376,115.110124051,-114.637161137,109.889875949,-110.362838863,1.365545101,1.365545101
1786024428.171874762,60.150365826,0.000000000,NONE,0,0.050011039,-1.748510542,-81.500000000,-2.404207057,-1.780357550,-78.237129515,-2.282912956,0.031847009,-3.262870485,-0.121294101,-0.130153637,-2.997360077,-0.178871963,-0.129010458,-2.424012315,0.003156766,-0.001143179,-0.573347763,-0.182028729,-0.866351153,-450.000000000,-2.746264341,0.053226865,-0.001371256,-9.494266038,115.090154298,-114.656978721,109.909845702,-110.343021279,1.373132171,1.373132171
1786024428.221972466,60.200463358,0.000000000,NONE,0,0.050129420,-1.748510542,-81.500000000,-2.404207057,-1.780349367,-78.358501374,-2.282881684,0.031838826,-3.141498626,-0.121325372,-0.128936337,-2.997360472,-0.179792316,-0.128799177,-2.424010220,0.002436898,-0.000137160,-0.573350252,-0.182229214,-0.795234355,-450.000000000,-2.760044348,0.053157571,-0.001376347,-9.494001197,115.072308888,-114.674691710,109.927691112,-110.325308290,1.380022174,1.380022174
1786024428.271889687,60.250380740,0.000000000,NONE,0,0.049882828,-1.748510542,-81.500000000,-2.404207057,-1.780331755,-78.479872097,-2.282854973,0.031821214,-3.020127903,-0.121352083,-0.127644229,-2.997348758,-0.180946430,-0.128347410,-2.424006826,0.001447006,0.000703181,-0.573341932,-0.182393436,-0.732203172,-450.000000000,-2.770832670,0.053088400,-0.001375686,-9.493770490,115.056493415,-114.690391829,109.943506585,-110.309608171,1.385416335,1.385416335
1786024428.321905851,60.300396787,0.000000000,NONE,0,0.049997874,-1.748510542,-81.500000000,-2.404207057,-1.780293851,-78.601241076,-2.282835823,0.031783310,-2.898758924,-0.121371234,-0.126272695,-2.997333176,-0.182191486,-0.127694352,-2.424002668,0.000310406,0.001421657,-0.573330508,-0.182501892,-0.674921953,-450.000000000,-2.777301697,0.053019715,-0.001368894,-9.493645328,115.042141820,-114.704680844,109.957858180,-110.295319156,1.388650848,1.388650848
1786024428.371861935,60.350352996,0.000000000,NONE,0,0.049980375,-1.748510542,-81.500000000,-2.404207057,-1.780226434,-78.722607834,-2.282826346,0.031715893,-2.777392166,-0.121380711,-0.124815292,-2.997322696,-0.183378496,-0.126869753,-2.423998384,-0.000835813,0.002054461,-0.573324312,-0.182542682,-0.621154743,-450.000000000,-2.778803887,0.052951774,-0.001357385,-9.493618238,115.028693245,-114.718115874,109.971306755,-110.281884126,1.389401943,1.389401943
1786024428.422058582,60.400549374,0.000000000,TARGET_UPDATED,0,0.050190634,-1.748510542,-82.500000000,-2.404207057,-1.780121455,-78.843971991,-2.282827501,0.031610913,-3.656028009,-0.121379556,-0.133020329,-2.996910002,-0.184350959,-0.125893780,-2.423994565,-0.001856677,-0.007126549,-0.572915436,-0.182494281,-1.468698732,-450.000000000,-2.773635329,0.052884684,-0.001342738,-9.493706182,115.240601228,-114.506251862,109.759398772,-110.493748138,1.386817664,1.386817664
1786024428.471873045,60.450363979,0.000000000,NONE,0,0.049816118,-1.748510542,-82.500000000,-2.404207057,-1.780048791,-78.965337336,-2.282838925,0.031538249,-3.534662664,-0.121368132,-0.132061318,-2.996908608,-0.185044879,-0.127571673,-2.423992257,-0.002638602,-0.004489645,-0.572916350,-0.182406278,-1.062613629,-450.000000000,-2.766672885,0.052818324,-0.001328791,-9.493799209,115.139103209,-114.607796395,109.860896791,-110.392203605,1.383336442,1.383336442
1786024428.521908760,60.500399832,0.000000000,NONE,0,0.050026510,-1.748510542,-82.500000000,-2.404207057,-1.780047159,-79.086705922,-2.282859134,0.031536618,-3.413294078,-0.121347922,-0.130947145,-2.996936115,-0.185361092,-0.128237709,-2.423990271,-0.003099525,-0.002709436,-0.572945844,-0.182261567,-0.959237187,-450.000000000,-2.755417024,0.052752543,-0.001313390,-9.493968828,115.113301504,-114.633682910,109.886698496,-110.366317090,1.377708512,1.377708512
1786024428.571866274,60.550357415,0.000000000,NONE,0,0.049972336,-1.748510542,-82.500000000,-2.404207057,-1.780069287,-79.208075306,-2.282885723,0.031558745,-3.291924694,-0.121321334,-0.129710572,-2.996993429,-0.185264689,-0.128403242,-2.423989711,-0.003184809,-0.001307331,-0.573003718,-0.182079880,-0.867295098,-450.000000000,-2.741955840,0.052687312,-0.001298686,-9.494163173,115.090364568,-114.656717019,109.909635432,-110.343282981,1.370977920,1.370977920
1786024428.621889353,60.600380235,0.000000000,NONE,0,0.050005446,-1.748510542,-82.500000000,-2.404207057,-1.780097518,-79.329444594,-2.282915562,0.031586977,-3.170555406,-0.121291494,-0.128359600,-2.997079579,-0.184767347,-0.128238443,-2.423990451,-0.002885769,-0.000121157,-0.573089127,-0.181881578,-0.783832513,-450.000000000,-2.727744849,0.052622566,-0.001286135,-9.494371878,115.069551098,-114.677634841,109.930448902,-110.322365159,1.363872425,1.363872425
1786024428.671888351,60.650379516,0.000000000,NONE,0,0.050008107,-1.748510542,-82.500000000,-2.404207057,-1.780116667,-79.450813036,-2.282945197,0.031606126,-3.049186964,-0.121261860,-0.126902678,-2.997190390,-0.183930599,-0.127787508,-2.423992430,-0.002240642,0.000884830,-0.573197959,-0.181689957,-0.709314519,-450.000000000,-2.714465224,0.052558259,-0.001276864,-9.494576696,115.050972804,-114.696315544,109.949027196,-110.303684456,1.357232612,1.357232612
1786024428.721899509,60.700390541,0.000000000,NONE,0,0.050004354,-1.748510542,-82.500000000,-2.404207057,-1.780113686,-79.572179997,-2.282971227,0.031603144,-2.927820003,-0.121235829,-0.125348444,-2.997319061,-0.182857862,-0.127093123,-2.423995285,-0.001329904,0.001744679,-0.573323776,-0.181527958,-0.641898168,-450.000000000,-2.703717327,0.052494328,-0.001271747,-9.494763293,115.034165365,-114.713216281,109.965834635,-110.286783719,1.351858664,1.351858664
1786024428.771899223,60.750390151,0.000000000,NONE,0,0.050005951,-1.748510542,-82.500000000,-2.404207057,-1.780077458,-79.693544939,-2.282990692,0.031566916,-2.806455061,-0.121216364,-0.123705096,-2.997457220,-0.181679473,-0.126190562,-2.423998562,-0.000264675,0.002485466,-0.573458658,-0.181414798,-0.580245853,-450.000000000,-2.696772922,0.052430666,-0.001271311,-9.494918320,115.018791043,-114.728668117,109.981208957,-110.271331883,1.348386461,1.348386461
1786024428.821933270,60.800424211,0.000000000,TARGET_UPDATED,0,0.050029790,-1.748510542,-83.500000000,-2.404207057,-1.779998439,-79.814907396,-2.283001408,0.031487897,-3.685092604,-0.121205649,-0.131517171,-2.997193063,-0.180530592,-0.125108589,-2.424001857,0.000828077,-0.006408582,-0.573191207,-0.181358669,-1.401751538,-450.000000000,-2.693984950,0.052367095,-0.001275668,-9.495028957,115.224195124,-114.523319355,109.775804876,-110.476680645,1.346992475,1.346992475
1786024428.871948719,60.850439743,0.000000000,NONE,0,0.049992140,-1.748510542,-83.500000000,-2.404207057,-1.779943740,-79.936270936,-2.283002211,0.031433198,-3.563729064,-0.121204846,-0.130393466,-2.997299608,-0.179573069,-0.126598314,-2.424005469,0.001809973,-0.003795153,-0.573294139,-0.181383042,-1.000948918,-450.000000000,-2.697300507,0.052303362,-0.001286028,-9.495056206,115.124001281,-114.623526822,109.875998719,-110.376473178,1.348650254,1.348650254
1786024428.921877146,60.900368292,0.000000000,NONE,0,0.049959892,-1.748510542,-83.500000000,-2.404207057,-1.779950546,-80.057637447,-2.282993203,0.031440004,-3.442362553,-0.121213853,-0.129152533,-2.997394642,-0.178896004,-0.127088280,-2.424007807,0.002566001,-0.002064253,-0.573386835,-0.181462005,-0.899412963,-450.000000000,-2.703920901,0.052239223,-0.001298875,-9.495016383,115.098607337,-114.648900855,109.901392663,-110.351099145,1.351960451,1.351960451
1786024428.971904516,60.950395399,0.000000000,NONE,0,0.050022671,-1.748510542,-83.500000000,-2.404207057,-1.779972583,-80.179004486,-2.282975666,0.031462041,-3.320995514,-0.121231391,-0.127835553,-2.997471862,-0.178574554,-0.127089997,-2.424009740,0.003016695,-0.000745556,-0.573462122,-0.181591248,-0.812448198,-450.000000000,-2.713971086,0.052174477,-0.001312962,-9.494915603,115.076840950,-114.670616851,109.923159050,-110.329383149,1.356985543,1.356985543
1786024429.021940947,61.000432015,0.000000000,NONE,0,0.049985484,-1.748510542,-83.500000000,-2.404207057,-1.779993134,-80.300371121,-2.282951725,0.031482592,-3.199628879,-0.121255331,-0.126456702,-2.997528364,-0.178644427,-0.126781584,-2.424010868,0.003112335,0.000324882,-0.573517496,-0.181756762,-0.736434203,-450.000000000,-2.726284548,0.052108964,-0.001326935,-9.494744238,115.057794610,-114.689577509,109.942205390,-110.310422491,1.363142274,1.363142274
1786024429.071854830,61.050345838,0.000000000,NONE,0,0.049981906,-1.748510542,-83.500000000,-2.404207057,-1.779999084,-80.397463597,-2.282929867,0.031488542,-3.102536403,-0.121277189,-0.125316762,-2.997558300,-0.178978490,-0.126332837,-2.424010985,0.002920937,0.001016075,-0.573547315,-0.181899426,-0.688831865,-450.000000000,-2.735814177,0.052055969,-0.001336407,-9.495613644,115.046111377,-114.701695445,109.953888623,-110.298304555,1.367907089,1.367907089
1786024429.121883154,61.100374072,0.000000000,NONE,0,0.050019932,-1.748510542,-83.500000000,-2.404207057,-1.779984635,-80.518827624,-2.282901548,0.031474093,-2.981172376,-0.121305508,-0.123850066,-2.997578497,-0.179702884,-0.125633035,-2.424009981,0.002391076,0.001782969,-0.573568515,-0.182093960,-0.623837192,-450.000000000,-2.750466324,0.051988508,-0.001369519,-9.495086564,115.029730939,-114.717812343,109.970269061,-110.282187657,1.375233162,1.375233162
1786024429.171881199,61.150372194,0.000000000,NONE,0,0.049991408,-1.748510542,-83.500000000,-2.404207057,-1.779938255,-80.640189439,-2.282874791,0.031427713,-2.859810561,-0.121332265,-0.122337847,-2.997584008,-0.180684762,-0.124747514,-2.424007735,0.001582691,0.002409667,-0.573576273,-0.182267453,-0.571210875,-450.000000000,-2.762192164,0.051919075,-0.001400617,-9.494411925,115.016405700,-114.730800263,109.983594300,-110.269199737,1.381096082,1.381096082
1786024429.221934557,61.200425635,0.000000000,TARGET_UPDATED,0,0.050061560,-1.748510542,-84.500000000,-2.404207057,-1.779851126,-80.761548529,-2.282852950,0.031340585,-3.738451471,-0.121354107,-0.129959437,-2.997196266,-0.181825277,-0.123701193,-2.424004516,0.000590262,-0.006258244,-0.573191750,-0.182415539,-1.368854192,-450.000000000,-2.772045824,0.051848506,-0.001414277,-9.493821025,115.215668804,-114.531241708,109.784331196,-110.468758292,1.386022912,1.386022912
1786024429.271867275,61.250358438,0.000000000,NONE,0,0.049945741,-1.748510542,-84.500000000,-2.404207057,-1.779767517,-80.882907199,-2.282838669,0.031256976,-3.617092801,-0.121368387,-0.129022212,-2.997168934,-0.182961171,-0.124687953,-2.424001377,-0.000480202,-0.004334258,-0.573167557,-0.182480969,-1.030277733,-450.000000000,-2.774977848,0.051777817,-0.001411266,-9.493368174,115.130911477,-114.615772610,109.869088523,-110.384227390,1.387488924,1.387488924
1786024429.321856260,61.300347331,0.000000000,NONE,0,0.049978783,-1.748510542,-84.500000000,-2.404207057,-1.779755575,-81.004268963,-2.282833668,0.031245033,-3.495731037,-0.121373389,-0.127987175,-2.997151595,-0.183976827,-0.125509245,-2.423997527,-0.001496005,-0.002477930,-0.573154068,-0.182480821,-0.907649148,-450.000000000,-2.773654551,0.051707878,-0.001392813,-9.493126173,115.100193830,-114.646369256,109.899806170,-110.353630744,1.386827276,1.386827276
1786024429.371879339,61.350370343,0.000000000,NONE,0,0.050013620,-1.748510542,-84.500000000,-2.404207057,-1.779769691,-81.125631501,-2.282838395,0.031259149,-3.374368499,-0.121368661,-0.126884954,-2.997150247,-0.184753605,-0.125673711,-2.423994402,-0.002333576,-0.001211243,-0.573155846,-0.182420029,-0.830092381,-450.000000000,-2.768186523,0.051639392,-0.001363333,-9.493107445,115.080799956,-114.665753766,109.919200044,-110.334246234,1.384093262,1.384093262
1786024429.421879053,61.400369990,0.000000000,NONE,0,0.049994045,-1.748510542,-84.500000000,-2.404207057,-1.779790037,-81.246993836,-2.282852157,0.031279495,-3.253006164,-0.121354900,-0.125721753,-2.997170188,-0.185204439,-0.125524783,-2.423992147,-0.002898672,-0.000196970,-0.573178040,-0.182305767,-0.760262784,-450.000000000,-2.759118176,0.051572726,-0.001328714,-9.493277009,115.063384948,-114.683253556,109.936615052,-110.316746444,1.379559088,1.379559088
1786024429.471889734,61.450380619,0.000000000,NONE,0,0.050026776,-1.748510542,-84.500000000,-2.404207057,-1.779803597,-81.368355346,-2.282873252,0.031293055,-3.131644654,-0.121333805,-0.124496079,-2.997214861,-0.185278330,-0.125137076,-2.423990900,-0.003127439,0.000640997,-0.573223962,-0.182150892,-0.698876047,-450.000000000,-2.747466560,0.051507910,-0.001294323,-9.493589242,115.048116322,-114.698678299,109.951883678,-110.301321701,1.373733280,1.373733280
1786024429.521872044,61.500363098,0.000000000,NONE,0,0.049973559,-1.748510542,-84.500000000,-2.404207057,-1.779799362,-81.489715509,-2.282899184,0.031288820,-3.010284491,-0.121307872,-0.123203569,-2.997285253,-0.184965110,-0.124548529,-2.423990732,-0.002992743,0.001344960,-0.573294521,-0.181972367,-0.643995653,-450.000000000,-2.734493325,0.051444702,-0.001264598,-9.493971590,115.034491811,-114.712493984,109.965508189,-110.287506016,1.367246662,1.367246662
1786024429.571871042,61.550362049,0.000000000,NONE,0,0.049999090,-1.748510542,-84.500000000,-2.404207057,-1.779768113,-81.611073898,-2.282926944,0.031257572,-2.888926102,-0.121280113,-0.121837609,-2.997379572,-0.184299346,-0.123790605,-2.423991744,-0.002508866,0.001952996,-0.573387828,-0.181790480,-0.593422963,-450.000000000,-2.721695815,0.051382674,-0.001242460,-9.494368892,115.021947964,-114.725236482,109.978052036,-110.274763518,1.360847907,1.360847907
1786024429.621839523,61.600330603,0.000000000,NONE,0,0.049966596,-1.748510542,-84.500000000,-2.404207057,-1.779701695,-81.732430146,-2.282953229,0.031191154,-2.767569854,-0.121253828,-0.120390490,-2.997493336,-0.183358753,-0.122878724,-2.423993759,-0.001729387,0.002488234,-0.573499577,-0.181629366,-0.545973690,-450.000000000,-2.710831137,0.051321304,-0.001229950,-9.494713052,115.010171685,-114.737184841,109.989828315,-110.262815159,1.355415569,1.355415569
1786024429.671927214,61.650418250,0.000000000,TARGET_UPDATED,0,0.050093375,-1.748510542,-85.500000000,-2.404207057,-1.779593218,-81.853783951,-2.282975038,0.031082676,-3.646216049,-0.121232019,-0.128508776,-2.997222803,-0.182235209,-0.121836950,-2.423996424,-0.000748677,-0.006671825,-0.573226379,-0.181486532,-1.385708851,-450.000000000,-2.701205896,0.051260106,-0.001226476,-9.494987553,115.220174101,-114.527319676,109.779825899,-110.472680324,1.350602948,1.350602948
1786024429.721905947,61.700396914,0.000000000,NONE,0,0.049968379,-1.748510542,-85.500000000,-2.404207057,-1.779495338,-81.975138081,-2.282989903,0.030984797,-3.524861919,-0.121217154,-0.127576767,-2.997330001,-0.181101160,-0.123062001,-2.423999959,0.000317526,-0.004514766,-0.573330042,-0.181418686,-1.018984157,-450.000000000,-2.697950248,0.051198655,-0.001232580,-9.495127062,115.128527805,-114.619035726,109.871472195,-110.380964274,1.348975124,1.348975124
1786024429.771871567,61.750362506,0.000000000,NONE,0,0.049972323,-1.748510542,-85.500000000,-2.404207057,-1.779472604,-82.096495830,-2.282996168,0.030962062,-3.403504170,-0.121210888,-0.126486110,-2.997437961,-0.180066960,-0.123909679,-2.424002643,0.001341511,-0.002576431,-0.573435319,-0.181408470,-0.893910110,-450.000000000,-2.698388500,0.051136670,-0.001244369,-9.495161230,115.097267835,-114.650312780,109.902732165,-110.349687220,1.349194250,1.349194250
1786024429.821912289,61.800403362,0.000000000,NONE,0,0.050003527,-1.748510542,-85.500000000,-2.404207057,-1.779476243,-82.217854704,-2.282993291,0.030965701,-3.282145296,-0.121213766,-0.125271915,-2.997538495,-0.179244709,-0.124095041,-2.424005246,0.002210683,-0.001176874,-0.573533249,-0.181455392,-0.806182725,-450.000000000,-2.702815822,0.051074075,-0.001259175,-9.495113326,115.075324013,-114.672232650,109.924675987,-110.327767350,1.351407911,1.351407911
1786024429.871850967,61.850341944,0.000000000,NONE,0,0.049959549,-1.748510542,-85.500000000,-2.404207057,-1.779485856,-82.339213642,-2.282981759,0.030975314,-3.160786358,-0.121225298,-0.123946138,-2.997625754,-0.178723898,-0.123936095,-2.424007377,0.002830028,-0.000010043,-0.573618377,-0.181553925,-0.725044929,-450.000000000,-2.710747044,0.051010842,-0.001275123,-9.494992208,115.055009284,-114.692486820,109.944990716,-110.307513180,1.355373522,1.355373522
1786024429.921868324,61.900359252,0.000000000,NONE,0,0.050032781,-1.748510542,-85.500000000,-2.404207057,-1.779486367,-82.460571833,-2.282963059,0.030975826,-3.039428167,-0.121243997,-0.122518272,-2.997695914,-0.178560124,-0.123488373,-2.424008861,0.003131869,0.000970101,-0.573687054,-0.181691993,-0.653189519,-450.000000000,-2.721199064,0.050946980,-0.001290240,-9.494830120,115.037004910,-114.710410150,109.962995090,-110.289589850,1.360599532,1.360599532
1786024429.971845865,61.950336999,0.000000000,NONE,0,0.049997214,-1.748510542,-85.500000000,-2.404207057,-1.779465145,-82.581928576,-2.282939385,0.030954603,-2.918071424,-0.121267671,-0.120997385,-2.997747284,-0.178770842,-0.122804956,-2.424009528,0.003085673,0.001807571,-0.573737756,-0.181856516,-0.588068077,-450.000000000,-2.733246716,0.050882513,-0.001303342,-9.494629635,115.020674428,-114.726640389,109.979325572,-110.273359611,1.366623358,1.366623358
1786024430.021857977,62.000349036,0.000000000,NONE,0,0.049980484,-1.748510542,-85.500000000,-2.404207057,-1.779411330,-82.703283247,-2.282913474,0.030900788,-2.796716753,-0.121293583,-0.119392120,-2.997780515,-0.179331554,-0.121915290,-2.424009082,0.002696539,0.002523170,-0.573771432,-0.182028093,-0.529093286,-450.000000000,-2.745399402,0.050817491,-0.001313023,-9.494410846,115.005876033,-114.741329390,109.994123967,-110.258670610,1.372699701,1.372699701
1786024430.071943760,62.050434676,0.000000000,TARGET_UPDATED,0,0.050107033,-1.748510542,-86.500000000,-2.404207057,-1.779315607,-82.824635301,-2.282888306,0.030805065,-3.675364699,-0.121318750,-0.127100027,-2.997415329,-0.180174826,-0.120849686,-2.424007435,0.002010869,-0.006250341,-0.573407894,-0.182185694,-1.335708658,-450.000000000,-2.756143878,0.050752026,-0.001318224,-9.494207690,115.207479087,-114.539624758,109.792520913,-110.460375242,1.378071939,1.378071939
1786024430.121851683,62.100342723,0.000000000,NONE,0,0.049903621,-1.748510542,-86.500000000,-2.404207057,-1.779227161,-82.945987207,-2.282866743,0.030716619,-3.554012793,-0.121340314,-0.126027525,-2.997399561,-0.181220152,-0.121952748,-2.424005377,0.001100412,-0.004074777,-0.573394185,-0.182320565,-0.973635045,-450.000000000,-2.765142135,0.050686273,-0.001319840,-9.493990217,115.116906315,-114.630088793,109.883093685,-110.369911207,1.382571068,1.382571068
1786024430.171882868,62.150373788,0.000000000,NONE,0,0.050032593,-1.748510542,-86.500000000,-2.404207057,-1.779207467,-83.067342022,-2.282851245,0.030696925,-3.432657978,-0.121355811,-0.124837411,-2.997383098,-0.182336117,-0.122670749,-2.424001930,0.000067525,-0.002166662,-0.573381168,-0.182403642,-0.850417766,-450.000000000,-2.769915371,0.050620441,-0.001315426,-9.493833118,115.086062721,-114.660853838,109.913937279,-110.339146162,1.384957686,1.384957686
1786024430.221899986,62.200390898,0.000000000,NONE,0,0.049963158,-1.748510542,-86.500000000,-2.404207057,-1.779208599,-83.188697320,-2.282843648,0.030698058,-3.311302680,-0.121363409,-0.123572697,-2.997371702,-0.183393272,-0.122742104,-2.423998564,-0.000964735,-0.000830593,-0.573373138,-0.182428538,-0.766683549,-450.000000000,-2.770495933,0.050554842,-0.001305408,-9.493737115,115.065105166,-114.681763391,109.934894834,-110.318236609,1.385247966,1.385247966
1786024430.271867275,62.250358498,0.000000000,NONE,0,0.050017456,-1.748510542,-86.500000000,-2.404207057,-1.779210878,-83.310052136,-2.282844749,0.030700336,-3.189947864,-0.121362307,-0.122250680,-2.997371778,-0.184274292,-0.122488838,-2.423995536,-0.001878910,0.000238158,-0.573376243,-0.182395383,-0.692423026,-450.000000000,-2.767013902,0.050489786,-0.001291042,-9.493727061,115.046537522,-114.700326009,109.953462478,-110.299673991,1.383506951,1.383506951
1786024430.321858883,62.300349831,0.000000000,NONE,0,0.049997409,-1.748510542,-86.500000000,-2.404207057,-1.779200587,-83.431405818,-2.282854298,0.030690046,-3.068594182,-0.121352759,-0.120882268,-2.997388896,-0.184883449,-0.121981638,-2.423993179,-0.002573589,0.001099370,-0.573395717,-0.182309860,-0.628993773,-450.000000000,-2.759979649,0.050425542,-0.001274081,-9.493799417,115.030698297,-114.716201411,109.969301703,-110.283798589,1.379989824,1.379989824
1786024430.371851921,62.350342912,0.000000000,NONE,0,0.049989512,-1.748510542,-86.500000000,-2.404207057,-1.779166344,-83.552757836,-2.282871068,0.030655803,-2.947242164,-0.121335988,-0.119474689,-2.997426990,-0.185155844,-0.121267904,-2.423991702,-0.002973330,0.001793215,-0.573435288,-0.182182514,-0.574524213,-450.000000000,-2.750228572,0.050362273,-0.000251565,-9.503998203,115.019630604,-114.732368497,109.980369396,-110.267631503,1.375114286,1.375114286
1786024430.421854258,62.400345235,0.000000000,NONE,0,0.049987451,-1.748510542,-86.500000000,-2.404207057,-1.779098990,-83.674107767,-2.282893041,0.030588448,-2.825892233,-0.121314016,-0.118013323,-2.997488603,-0.185063188,-0.120377854,-2.423991591,-0.003035527,0.002364531,-0.573497012,-0.182027661,-0.526080675,-450.000000000,-2.738838450,0.050294222,-0.001475235,-9.491345598,115.004356568,-114.741316231,109.995643432,-110.258683769,1.369419225,1.369419225
1786024430.471909046,62.450400147,0.000000000,TARGET_UPDATED,0,0.050076935,-1.748510542,-87.500000000,-2.404207057,-1.778991062,-83.795455246,-2.282917640,0.030480520,-3.704544754,-0.121289416,-0.125610111,-2.997204181,-0.184632672,-0.119330448,-2.423992688,-0.002754030,-0.006279663,-0.573211493,-0.181878643,-1.317225883,-450.000000000,-2.728529180,0.050219313,-0.001465800,-9.490476910,115.201925698,-114.543312757,109.798074302,-110.456687243,1.364264590,1.364264590
1786024430.521872282,62.500363325,0.000000000,NONE,0,0.049961545,-1.748510542,-87.500000000,-2.404207057,-1.778891879,-83.916802791,-2.282942069,0.030381338,-3.583197209,-0.121264988,-0.124709127,-2.997284924,-0.183895105,-0.120431642,-2.423994593,-0.002177135,-0.004277485,-0.573290332,-0.181717970,-0.973750502,-450.000000000,-2.717041973,0.050149732,-0.001346264,-9.491116923,115.116216856,-114.629341605,109.883783144,-110.370658395,1.358520987,1.358520987
1786024430.571860075,62.550350973,0.000000000,NONE,0,0.049979289,-1.748510542,-87.500000000,-2.404207057,-1.778862565,-84.038153488,-2.282963590,0.030352023,-3.461846512,-0.121243466,-0.123722373,-2.997381713,-0.182949696,-0.121202090,-2.423996204,-0.001365917,-0.002520282,-0.573385509,-0.181583779,-0.861602851,-450.000000000,-2.708179624,0.050086044,-0.001233724,-9.492153819,115.088439167,-114.657637742,109.911560833,-110.342362258,1.354089812,1.354089812
1786024430.621843815,62.600334757,0.000000000,NONE,0,0.049966664,-1.748510542,-87.500000000,-2.404207057,-1.778856828,-84.159505075,-2.282979595,0.030346287,-3.340494925,-0.121227461,-0.122675523,-2.997486916,-0.181904167,-0.121357264,-2.423998391,-0.000407827,-0.001318259,-0.573488524,-0.181496340,-0.788311590,-450.000000000,-2.702993839,0.050027020,-0.001150585,-9.493262666,115.070393564,-114.676237769,109.929606436,-110.323762231,1.351496920,1.351496920
1786024430.671850204,62.650341264,0.000000000,NONE,0,0.050036734,-1.748510542,-87.500000000,-2.404207057,-1.778857031,-84.280856722,-2.282988298,0.030346489,-3.219143278,-0.121218759,-0.121567033,-2.997593408,-0.180877559,-0.121236356,-2.424000741,0.000582505,-0.000330677,-0.573592667,-0.181460064,-0.720468855,-450.000000000,-2.701479501,0.049971020,-0.001100716,-9.494282107,115.053687740,-114.693453313,109.946312260,-110.306546687,1.350739750,1.350739750
1786024430.721852779,62.700343782,0.000000000,NONE,0,0.049991770,-1.748510542,-87.500000000,-2.404207057,-1.778850885,-84.402207847,-2.282988818,0.030340344,-3.097792153,-0.121218239,-0.120390300,-2.997694670,-0.179983417,-0.120884868,-2.424003012,0.001494693,0.000494568,-0.573691658,-0.181478110,-0.660588989,-450.000000000,-2.703828657,0.049916389,-0.001083254,-9.495077057,115.038916512,-114.708622017,109.961083488,-110.291377983,1.351914328,1.351914328
1786024430.771858692,62.750349734,0.000000000,NONE,0,0.050004462,-1.748510542,-87.500000000,-2.404207057,-1.778827743,-84.523557925,-2.282981221,0.030317201,-2.976442075,-0.121225835,-0.119137983,-2.997785267,-0.179318052,-0.120334713,-2.424005019,0.002229076,0.001196730,-0.573780248,-0.181547128,-0.606585347,-450.000000000,-2.709679204,0.049861690,-0.001092952,-9.495590734,115.025544020,-114.722251347,109.974455980,-110.277748653,1.354839602,1.354839602
1786024430.821835756,62.800326860,0.000000000,NONE,0,0.049977320,-1.748510542,-87.500000000,-2.404207057,-1.778778597,-84.644906486,-2.282966505,0.030268055,-2.855093514,-0.121240552,-0.117802498,-2.997861313,-0.178951053,-0.119612710,-2.424006596,0.002707563,0.001810212,-0.573854717,-0.181658616,-0.556402848,-450.000000000,-2.718333887,0.049805853,-0.001122172,-9.495809894,115.013053185,-114.734851761,109.986946815,-110.265148239,1.359166944,1.359166944
1786024430.871894121,62.850384932,0.000000000,TARGET_UPDATED,0,0.050080289,-1.748510542,-88.500000000,-2.404207057,-1.778695660,-84.766253101,-2.282946451,0.030185119,-3.733746899,-0.121260605,-0.125240437,-2.997564339,-0.178905471,-0.118738345,-2.424007575,0.002881061,-0.006502092,-0.573556764,-0.181786533,-1.319795488,-450.000000000,-2.727611510,0.049748230,-0.001162330,-9.495781320,115.203894202,-114.543996458,109.796105798,-110.456003542,1.363805755,1.363805755
1786024430.921880484,62.900371633,0.000000000,NONE,0,0.049955334,-1.748510542,-88.500000000,-2.404207057,-1.778631645,-84.887600730,-2.282923337,0.030121103,-3.612399270,-0.121283719,-0.124362353,-2.997584112,-0.179221679,-0.120052265,-2.424012371,0.002727359,-0.004310089,-0.573571742,-0.181949038,-0.968068732,-450.000000000,-2.739685641,0.049694015,-0.001088527,-9.497147077,115.116303952,-114.632269586,109.883696048,-110.367730414,1.369842820,1.369842820
1786024430.971844673,62.950335603,0.000000000,NONE,0,0.049980637,-1.748510542,-88.500000000,-2.404207057,-1.778635743,-85.008951091,-2.282899887,0.030125201,-3.491048909,-0.121307170,-0.123335669,-2.997592030,-0.179833402,-0.120772984,-2.424007910,0.002269325,-0.002562685,-0.573584120,-0.182102727,-0.860074616,-450.000000000,-2.750265913,0.049637235,-0.001169477,-9.496757006,115.089207906,-114.659170598,109.910792094,-110.340829402,1.375132956,1.375132956
1786024431.021935940,63.000426959,0.000000000,NONE,0,0.050064343,-1.748510542,-88.500000000,-2.404207057,-1.778663379,-85.130302088,-2.282878837,0.030152838,-3.369697912,-0.121328220,-0.122187487,-2.997590789,-0.180667887,-0.120936859,-2.424005321,0.001566311,-0.001250628,-0.573585468,-0.182234199,-0.776688596,-450.000000000,-2.759019946,0.049576370,-0.001248786,-9.496058747,115.068186836,-114.679842538,109.931813164,-110.320157462,1.379509973,1.379509973
1786024431.071854115,63.050345011,0.000000000,NONE,0,0.049941065,-1.748510542,-88.500000000,-2.404207057,-1.778697139,-85.251652859,-2.282862513,0.030186597,-3.248347141,-0.121344543,-0.120929040,-2.997585467,-0.181625041,-0.120786545,-2.424002696,0.000704419,-0.000142495,-0.573582771,-0.182329460,-0.699627688,-450.000000000,-2.764969698,0.049512074,-0.001309335,-9.495254946,115.048720658,-114.698906814,109.951279342,-110.301093186,1.382484849,1.382484849
1786024431.121849060,63.100340041,0.000000000,NONE,0,0.050002688,-1.748510542,-88.500000000,-2.404207057,-1.778722785,-85.373002685,-2.282852778,0.030212244,-3.126997315,-0.121354279,-0.119572072,-2.997582004,-0.182592682,-0.120358091,-2.423999873,-0.000217213,0.000786019,-0.573582131,-0.182375469,-0.631948379,-450.000000000,-2.767202924,0.049445420,-0.001345191,-9.494508905,115.031614321,-114.715640132,109.968385679,-110.284359868,1.383601462,1.383601462
1786024431.171873331,63.150364180,0.000000000,NONE,0,0.050012666,-1.748510542,-88.500000000,-2.404207057,-1.778728219,-85.494350970,-2.282850693,0.030217677,-3.005649030,-0.121356363,-0.118128344,-2.997586436,-0.183460703,-0.119701856,-2.423997123,-0.001091525,0.001573512,-0.573589313,-0.182369178,-0.571111940,-450.000000000,-2.765716714,0.049377586,-0.001357009,-9.493903028,115.016253742,-114.730697772,109.983746258,-110.269302228,1.382858357,1.382858357
1786024431.221846819,63.200337895,0.000000000,NONE,0,0.049968752,-1.748510542,-88.500000000,-2.404207057,-1.778703432,-85.615697218,-2.282856395,0.030192890,-2.884302782,-0.121350661,-0.116607210,-2.997604275,-0.184132637,-0.118856967,-2.423994442,-0.001819927,0.002249757,-0.573609834,-0.182312710,-0.515660055,-450.000000000,-2.760759623,0.049309259,-0.001357765,-9.493357075,115.002254282,-114.744424255,109.997745718,-110.255575745,1.380379812,1.380379812
1786024431.271857500,63.250348292,0.000000000,NONE,0,0.050018301,-1.748510542,-88.500000000,-2.404207057,-1.778639605,-85.737041080,-2.282869106,0.030129064,-2.762958920,-0.121337951,-0.115019494,-2.997639591,-0.184537035,-0.117847120,-2.423992999,-0.002323192,0.002827626,-0.573646593,-0.182213843,-0.465353861,-450.000000000,-2.752992362,0.049241809,-0.001329840,-9.493166340,114.989630050,-114.756953120,110.010369950,-110.243046880,1.376496181,1.376496181
1786024431.321912766,63.300403903,0.000000000,TARGET_UPDATED,0,0.050061088,-1.748510542,-89.500000000,-2.404207057,-1.778529300,-85.858382217,-2.282887264,0.030018758,-3.641617783,-0.121319792,-0.122726268,-2.997326380,-0.184633263,-0.116702023,-2.423992126,-0.002547861,-0.006024245,-0.573334254,-0.182085402,-1.272397645,-450.000000000,-2.743412434,0.049176072,-0.001291994,-9.493209481,115.191401782,-114.555202959,109.808598218,-110.444797041,1.371706217,1.371706217
1786024431.371856689,63.350347703,0.000000000,NONE,0,0.049937183,-1.748510542,-89.500000000,-2.404207057,-1.778428912,-85.979723868,-2.282908762,0.029918371,-3.520276132,-0.121298294,-0.121715153,-2.997378043,-0.184431994,-0.117889876,-2.423996997,-0.002487448,-0.003825277,-0.573381046,-0.181944546,-0.907908528,-450.000000000,-2.733297519,0.049118064,-0.001128117,-9.495113226,115.100755438,-114.646801174,109.899244562,-110.353198826,1.366648759,1.366648759
1786024431.421847820,63.400338686,0.000000000,NONE,0,0.049973605,-1.748510542,-89.500000000,-2.404207057,-1.778391425,-86.101067990,-2.282931096,0.029880883,-3.398932010,-0.121275961,-0.120598653,-2.997451262,-0.183941777,-0.118489907,-2.423994119,-0.002143129,-0.002108747,-0.573457144,-0.181798648,-0.801749279,-450.000000000,-2.722985906,0.049061337,-0.001135431,-9.495405485,115.074288691,-114.673414051,109.925711309,-110.326585949,1.361492953,1.361492953
1786024431.471858025,63.450348888,0.000000000,NONE,0,0.050036484,-1.748510542,-89.500000000,-2.404207057,-1.778371395,-86.222412599,-2.282951762,0.029860853,-3.277587401,-0.121255295,-0.119409310,-2.997540753,-0.183227335,-0.118543584,-2.423995026,-0.001559198,-0.000865726,-0.573545727,-0.181668137,-0.723078862,-450.000000000,-2.714161254,0.049003743,-0.001157871,-9.495477487,115.054639087,-114.693099656,109.945360913,-110.306900344,1.357080627,1.357080627
1786024431.521867037,63.500357929,0.000000000,NONE,0,0.049996252,-1.748510542,-89.500000000,-2.404207057,-1.778351897,-86.343756957,-2.282968400,0.029841355,-3.156243043,-0.121238656,-0.118158809,-2.997640720,-0.182375808,-0.118302347,-2.423997157,-0.000806962,0.000143538,-0.573643563,-0.181568847,-0.653003017,-450.000000000,-2.707833311,0.048945058,-0.001182262,-9.495432895,115.037108978,-114.710607470,109.962891022,-110.289392530,1.353916656,1.353916656
1786024431.571837187,63.550328267,0.000000000,NONE,0,0.049937936,-1.748510542,-89.500000000,-2.404207057,-1.778320131,-86.465100472,-2.282979127,0.029809589,-3.034899528,-0.121227930,-0.116854887,-2.997744733,-0.181488086,-0.117818736,-2.423999642,0.000024398,0.000963850,-0.573745091,-0.181512484,-0.592901946,-450.000000000,-2.704745206,0.048885250,-0.001205282,-9.495300574,115.022050630,-114.725599657,109.977949370,-110.274400343,1.352372603,1.352372603
1786024431.621928453,63.600419335,0.000000000,NONE,0,0.050043119,-1.748510542,-89.500000000,-2.404207057,-1.778265017,-86.586442615,-2.282982712,0.029754475,-2.913557385,-0.121224344,-0.115502966,-2.997846421,-0.180666603,-0.117128043,-2.424002068,0.000839306,0.001625077,-0.573844353,-0.181505909,-0.541415829,-450.000000000,-2.705282234,0.048824390,-0.001224799,-9.495123247,115.009134769,-114.738426854,109.990865231,-110.261573146,1.352641117,1.352641117
1786024431.671793938,63.650284912,0.000000000,NONE,0,0.049947190,-1.748510542,-89.500000000,-2.404207057,-1.778177979,-86.707782967,-2.282978839,0.029667437,-2.792217033,-0.121228218,-0.114104676,-2.997940201,-0.180003625,-0.116278852,-2.424004187,0.001543542,0.002174177,-0.573936014,-0.181547167,-0.495319241,-450.000000000,-2.709127694,0.048762604,-0.001240198,-9.494897431,114.997554168,-114.749894548,110.002445832,-110.250105452,1.354563847,1.354563847
1786024431.721885443,63.700376389,0.000000000,TARGET_UPDATED,0,0.050095533,-1.748510542,-90.500000000,-2.404207057,-1.778052043,-86.829121171,-2.282968064,0.029541501,-3.670878829,-0.121238992,-0.121689686,-2.997668073,-0.179583556,-0.115297964,-2.424005830,0.002059409,-0.006391722,-0.573662243,-0.181642966,-1.276737328,-450.000000000,-2.716919924,0.048700074,-0.001250780,-9.494668550,115.192851470,-114.554482805,109.807148530,-110.445517195,1.358459962,1.358459962
1786024431.771805763,63.750296620,0.000000000,NONE,0,0.049908241,-1.748510542,-90.500000000,-2.404207057,-1.777947261,-86.950460540,-2.282951728,0.029436720,-3.549539460,-0.121255329,-0.120841820,-2.997712238,-0.179443632,-0.116681961,-2.424011400,0.002314243,-0.004159858,-0.573700838,-0.181757875,-0.917409035,-450.000000000,-2.725353676,0.048642846,-0.001137201,-9.496081439,115.103372618,-114.644668101,109.896627382,-110.355331899,1.362676838,1.362676838
1786024431.821855783,63.800346803,0.000000000,NONE,0,0.050027394,-1.748510542,-90.500000000,-2.404207057,-1.777906968,-87.071802444,-2.282931856,0.029396427,-3.428197556,-0.121275200,-0.119885980,-2.997743535,-0.179592094,-0.117307643,-2.424008257,0.002297625,-0.002578336,-0.573735278,-0.181889719,-0.824711847,-450.000000000,-2.734915724,0.048584421,-0.001183593,-9.495804634,115.080129120,-114.667773197,109.919870880,-110.332226803,1.367457862,1.367457862
1786024431.871881008,63.850371838,0.000000000,NONE,0,0.050047349,-1.748510542,-90.500000000,-2.404207057,-1.777888841,-87.193144984,-2.282910692,0.029378299,-3.306855016,-0.121296365,-0.118845244,-2.997761700,-0.180012264,-0.117467893,-2.424006963,0.002016009,-0.001377351,-0.573754737,-0.182028273,-0.748450937,-450.000000000,-2.744747544,0.048523538,-0.001230642,-9.495320487,115.060942856,-114.686717387,109.939057144,-110.313282613,1.372373772,1.372373772
1786024431.921840906,63.900331877,0.000000000,NONE,0,0.049963637,-1.748510542,-90.500000000,-2.404207057,-1.777877229,-87.314487389,-2.282890686,0.029366687,-3.185512611,-0.121316370,-0.117723607,-2.997769411,-0.180650081,-0.117338056,-2.424005391,0.001503949,-0.000385550,-0.573764020,-0.182154030,-0.680440952,-450.000000000,-2.753299054,0.048460717,-0.001265489,-9.494788899,115.043807463,-114.703586987,109.956192537,-110.296413013,1.376649527,1.376649527
1786024431.971851826,63.950342842,0.000000000,NONE,0,0.050011351,-1.748510542,-90.500000000,-2.404207057,-1.777859590,-87.435829015,-2.282874114,0.029349048,-3.064170985,-0.121332942,-0.116523093,-2.997770962,-0.181426066,-0.116969908,-2.424003218,0.000827381,0.000446815,-0.573767743,-0.182253447,-0.620279621,-450.000000000,-2.759729161,0.048396687,-0.001285544,-9.494306713,115.028646583,-114.718506773,109.971353417,-110.281493227,1.379864581,1.379864581
1786024432.021856070,64.000346856,0.000000000,NONE,0,0.049990698,-1.748510542,-90.500000000,-2.404207057,-1.777825283,-87.557169324,-2.282862829,0.029314741,-2.942830676,-0.121344228,-0.115244317,-2.997771686,-0.182246024,-0.116401952,-2.424000629,0.000068839,0.001157635,-0.573771057,-0.182314862,-0.565887421,-450.000000000,-2.763268879,0.048332195,-0.001291066,-9.493924422,115.014952961,-114.732009250,109.985047039,-110.267990750,1.381634440,1.381634440
1786024432.071805716,64.050296779,0.000000000,NONE,0,0.049960982,-1.748510542,-90.500000000,-2.404207057,-1.777765270,-87.678507882,-2.282858070,0.029254728,-2.821492118,-0.121348987,-0.113886414,-2.997777301,-0.183012806,-0.115664382,-2.423997959,-0.000681369,0.001777967,-0.573779342,-0.182331437,-0.515583191,-450.000000000,-2.763532320,0.048267893,-0.001284012,-9.493673805,115.002314249,-114.744522653,109.997685751,-110.255477347,1.381766160,1.381766160
1786024432.121866703,64.100357808,0.000000000,TARGET_UPDATED,0,0.050074418,-1.748510542,-91.500000000,-2.404207057,-1.777671713,-87.799844334,-2.282860310,0.029161172,-3.700155666,-0.121346746,-0.121196074,-2.997453038,-0.183624946,-0.114779716,-2.423995550,-0.001335282,-0.006416359,-0.573457488,-0.182289665,-1.265436421,-450.000000000,-2.759442319,0.048204281,-0.001267432,-9.493578272,115.189753673,-114.557035463,109.810246327,-110.442964537,1.379721160,1.379721160
1786024432.171859264,64.150350245,0.000000000,NONE,0,0.049981064,-1.748510542,-91.500000000,-2.404207057,-1.777603437,-87.921181577,-2.282869161,0.029092895,-3.578818423,-0.121337896,-0.120288703,-2.997462889,-0.184047141,-0.116189168,-2.423994216,-0.001822335,-0.004099535,-0.573468673,-0.182224805,-0.906079629,-450.000000000,-2.754438689,0.048141608,-0.001246654,-9.493584517,115.099916037,-114.646876222,109.900083963,-110.353123778,1.377219344,1.377219344
1786024432.221964836,64.200455813,0.000000000,NONE,0,0.049936351,-1.748510542,-91.500000000,-2.404207057,-1.777598791,-88.042521455,-2.282883526,0.029088249,-3.457478545,-0.121323530,-0.119251383,-2.997492764,-0.184214231,-0.116788210,-2.423992860,-0.002091054,-0.002463173,-0.573499904,-0.182123177,-0.809690982,-450.000000000,-2.746587203,0.048079970,0.000000000,-9.505921943,115.078903231,-114.674057740,109.921096769,-110.325942260,1.373293601,1.373293601
1786024432.271834373,64.250325290,0.000000000,NONE,0,0.050029293,-1.748510542,-91.500000000,-2.404207057,-1.777614823,-88.163861937,-2.282901739,0.029104282,-3.336138063,-0.121305317,-0.118089335,-2.997543662,-0.184107605,-0.116896451,-2.423993090,-0.002108338,-0.001192884,-0.573550571,-0.181999268,-0.727724615,-450.000000000,-2.737472001,0.048010689,-0.001522672,-9.489956587,115.054420300,-114.690557993,109.945579700,-110.309442007,1.368736001,1.368736001
1786024432.321821690,64.300312747,0.000000000,NONE,0,0.050004162,-1.748510542,-91.500000000,-2.404207057,-1.777635381,-88.285202243,-2.282921666,0.029124839,-3.214797757,-0.121285390,-0.116817834,-2.997614263,-0.183739362,-0.116688387,-2.423994149,-0.001872138,-0.000129446,-0.573620114,-0.181867223,-0.653797007,-450.000000000,-2.728064981,0.047935438,-0.001446014,-9.489497050,115.035823514,-114.708925011,109.964176486,-110.291074989,1.364032490,1.364032490
1786024432.371894836,64.350385757,0.000000000,NONE,0,0.050034416,-1.748510542,-91.500000000,-2.404207057,-1.777647041,-88.406541739,-2.282940997,0.029136499,-3.093458261,-0.121266059,-0.115484802,-2.997699932,-0.183154731,-0.116244140,-2.423995162,-0.001411902,0.000759338,-0.573704770,-0.181742829,-0.589182040,-450.000000000,-2.719511891,0.047867543,-0.001292390,-9.490391730,115.019893442,-114.725302422,109.980106558,-110.274697578,1.359755945,1.359755945
1786024432.421941757,64.400432675,0.000000000,NONE,0,0.049946895,-1.748510542,-91.500000000,-2.404207057,-1.777638341,-88.527879932,-2.282957501,0.029127800,-2.972120068,-0.121249555,-0.114097600,-2.997796049,-0.182424946,-0.115604589,-2.423996527,-0.000784053,0.001506989,-0.573799522,-0.181640893,-0.531887199,-450.000000000,-2.712821592,0.047806865,-0.001159521,-9.491641789,115.005882247,-114.739938648,109.994117753,-110.260061352,1.356410796,1.356410796
1786024432.471840620,64.450331479,0.000000000,NONE,0,0.050002283,-1.748510542,-91.500000000,-2.404207057,-1.777599679,-88.649216429,-2.282969286,0.029089137,-2.850783571,-0.121237771,-0.112658304,-2.997897213,-0.181637697,-0.114800048,-2.423998224,-0.000064207,0.002141744,-0.573898988,-0.181573490,-0.480453576,-450.000000000,-2.708796276,0.047751864,-0.001062777,-9.492984530,114.993359526,-114.753132738,110.006640474,-110.246867262,1.354398138,1.354398138
1786024432.521938086,64.500429141,0.000000000,TARGET_UPDATED,0,0.050098472,-1.748510542,-92.500000000,-2.404207057,-1.777522937,-88.770550892,-2.282975011,0.029012396,-3.729449108,-0.121232045,-0.119709670,-2.997668790,-0.180887099,-0.113853201,-2.424000083,0.000662310,-0.005856469,-0.573668706,-0.181549409,-1.211001320,-450.000000000,-2.707977996,0.047700583,-0.001006675,-9.494222538,115.176305965,-114.570805304,109.823694035,-110.429194696,1.353988998,1.353988998
1786024432.571823120,64.550314214,0.000000000,NONE,0,0.049919073,-1.748510542,-92.500000000,-2.404207057,-1.777465333,-88.891886111,-2.282974060,0.028954791,-3.608113889,-0.121232997,-0.118761830,-2.997743548,-0.180273362,-0.115145463,-2.424002432,0.001300165,-0.003616367,-0.573741116,-0.181573527,-0.861378285,-450.000000000,-2.710630064,0.047650984,-0.000990778,-9.495171004,115.089137322,-114.658448180,109.910862678,-110.341551820,1.355315032,1.355315032
1786024432.621857166,64.600347683,0.000000000,NONE,0,0.049982492,-1.748510542,-92.500000000,-2.404207057,-1.777464422,-89.013223838,-2.282966643,0.028953880,-3.486776162,-0.121240414,-0.117713771,-2.997810594,-0.179856606,-0.115650514,-2.424003854,0.001777472,-0.002063257,-0.573806740,-0.181634078,-0.770221791,-450.000000000,-2.715596899,0.047601287,-0.001005907,-9.495802429,115.066506055,-114.681395160,109.933493945,-110.318604840,1.357798449,1.357798449
1786024432.671873569,64.650364572,0.000000000,NONE,0,0.050065612,-1.748510542,-92.500000000,-2.404207057,-1.777478754,-89.134562083,-2.282953732,0.028968212,-3.365437917,-0.121253324,-0.116596177,-2.997865819,-0.179683590,-0.115699696,-2.424005106,0.002043696,-0.000896481,-0.573860713,-0.181727287,-0.695513801,-450.000000000,-2.722771786,0.047550155,-0.001043084,-9.496101322,115.047903781,-114.700146880,109.952096219,-110.299853120,1.361385893,1.361385893
1786024432.721812010,64.700302928,0.000000000,NONE,0,0.049933692,-1.748510542,-92.500000000,-2.404207057,-1.777493440,-89.255900095,-2.282936857,0.028982899,-3.244099905,-0.121270200,-0.115416999,-2.997907580,-0.179773742,-0.115473704,-2.424005820,0.002069066,0.000056705,-0.573901759,-0.181842807,-0.629485936,-450.000000000,-2.731309977,0.047496719,-0.001092603,-9.496074625,115.031390140,-114.716647172,109.968609860,-110.283352828,1.365654988,1.365654988
1786024432.771819830,64.750310739,0.000000000,NONE,0,0.050012794,-1.748510542,-92.500000000,-2.404207057,-1.777496423,-89.377237244,-2.282917984,0.028985881,-3.122762756,-0.121289073,-0.114182642,-2.997935997,-0.180116408,-0.115015933,-2.424005785,0.001851286,0.000833290,-0.573930212,-0.181967694,-0.572911574,-450.000000000,-2.740235675,0.047440624,-0.001144639,-9.495811975,115.017180887,-114.730725100,109.982819113,-110.269274900,1.370117838,1.370117838
1786024432.821897268,64.800388257,0.000000000,NONE,0,0.050009340,-1.748510542,-92.500000000,-2.404207057,-1.777477694,-89.498572991,-2.282899290,0.028967153,-3.001427009,-0.121307766,-0.112898101,-2.997953012,-0.180670406,-0.114368027,-2.424004893,0.001417168,0.001469926,-0.573948120,-0.182087574,-0.523558955,-450.000000000,-2.748527335,0.047381984,-0.001191475,-9.495391440,115.004737599,-114.742958121,109.995262401,-110.257041879,1.374263667,1.374263667
1786024432.871840239,64.850331222,0.000000000,NONE,0,0.050001221,-1.748510542,-92.500000000,-2.404207057,-1.777429103,-89.619906898,-2.282882917,0.028918562,-2.880093102,-0.121324139,-0.111566365,-2.997962176,-0.181369014,-0.113564423,-2.424003234,0.000819383,0.001998059,-0.573958942,-0.182188397,-0.479728909,-450.000000000,-2.755204186,0.047321261,-0.001227649,-9.494904106,114.993658254,-114.753793799,110.006341746,-110.246206201,1.377602093,1.377602093
1786024432.921857357,64.900348249,0.000000000,NONE,0,0.050017582,-1.748510542,-92.500000000,-2.404207057,-1.777343933,-89.741238613,-2.282870729,0.028833391,-2.758761387,-0.121336328,-0.110188008,-2.997968200,-0.182128833,-0.112632678,-2.424001040,0.000129578,0.002444670,-0.573967159,-0.182258411,-0.439923285,-450.000000000,-2.759488590,0.047259142,-0.001250126,-9.494437431,114.983590179,-114.763628537,110.016409821,-110.236371463,1.379744295,1.379744295
1786024432.971888781,64.950379752,0.000000000,TARGET_UPDATED,0,0.050029527,-1.748510542,-93.500000000,-2.404207057,-1.777216562,-89.862567862,-2.282864097,0.028706020,-3.637432138,-0.121342960,-0.117730348,-2.997637100,-0.182867824,-0.111594072,-2.423998628,-0.000570611,-0.006136276,-0.573638471,-0.182297213,-1.217385622,-450.000000000,-2.761580469,0.047196390,-0.001258449,-9.494056479,115.177860525,-114.569167714,109.822139475,-110.430832286,1.380790234,1.380790234
1786024433.022344589,65.000835666,0.000000000,NONE,0,0.050015652,-1.748510542,-93.500000000,-2.404207057,-1.777109377,-89.983897630,-2.282863767,0.028598835,-3.516102370,-0.121343289,-0.116882479,-2.997631942,-0.183495673,-0.112942332,-2.423996877,-0.001211279,-0.003940147,-0.573635065,-0.182284394,-0.860800627,-450.000000000,-2.759651272,0.047133657,-0.001255502,-9.493782095,115.088645681,-114.658245367,109.911354319,-110.341754633,1.379825636,1.379825636
1786024433.071912050,65.050402867,0.000000000,NONE,0,0.049990594,-1.748510542,-93.500000000,-2.404207057,-1.777064654,-90.105229719,-2.282869754,0.028554113,-3.394770281,-0.121337302,-0.115935608,-2.997640788,-0.183942409,-0.113527581,-2.423992516,-0.001710970,-0.002408027,-0.573648272,-0.182231440,-0.771677917,-450.000000000,-2.755141502,0.047073997,-0.001189013,-9.494380710,115.066514657,-114.680675698,109.933485343,-110.319324302,1.377570751,1.377570751
1786024433.121840954,65.100331985,0.000000000,NONE,0,0.049940725,-1.748510542,-93.500000000,-2.404207057,-1.777039492,-90.226562447,-2.282881269,0.028528950,-3.273437553,-0.121325787,-0.114909682,-2.997666261,-0.184153825,-0.113644522,-2.423992747,-0.002007901,-0.001265160,-0.573673514,-0.182145924,-0.699603414,-450.000000000,-2.748502332,0.047014854,-0.001187975,-9.494355574,115.048489747,-114.698688040,109.951510253,-110.301311960,1.374251166,1.374251166
1786024433.171817780,65.150308631,0.000000000,NONE,0,0.049968421,-1.748510542,-93.500000000,-2.404207057,-1.777019260,-90.347895071,-2.282896922,0.028508719,-3.152104929,-0.121310134,-0.113805459,-2.997709884,-0.184106230,-0.113498403,-2.423992590,-0.002069331,-0.000307056,-0.573717293,-0.182036900,-0.633787267,-450.000000000,-2.740401120,0.046955739,-0.001186168,-9.494337054,115.032031080,-114.715137447,109.967968920,-110.284862553,1.370200560,1.370200560
1786024433.221901417,65.200392397,0.000000000,NONE,0,0.050091160,-1.748510542,-93.500000000,-2.404207057,-1.776992017,-90.469227031,-2.282914876,0.028481475,-3.030772969,-0.121292180,-0.112623523,-2.997771478,-0.183803270,-0.113126010,-2.423992900,-0.001886813,0.000502487,-0.573778578,-0.181916457,-0.575448063,-450.000000000,-2.731747542,0.046896772,-0.001181292,-9.494366650,115.017453678,-114.729729647,109.982546322,-110.270270353,1.365873771,1.365873771
1786024433.271838665,65.250329595,0.000000000,NONE,0,0.049946898,-1.748510542,-93.500000000,-2.404207057,-1.776947456,-90.590557869,-2.282933047,0.028436914,-2.909442131,-0.121274009,-0.111363395,-2.997848989,-0.183279165,-0.112561504,-2.423993883,-0.001480675,0.001198109,-0.573855106,-0.181798490,-0.522450348,-450.000000000,-2.723532415,0.046838036,-0.001174940,-9.494410129,115.004215119,-114.742989945,109.995784881,-110.257010055,1.361766208,1.361766208
1786024433.321795702,65.300286563,0.000000000,NONE,0,0.049959170,-1.748510542,-93.500000000,-2.404207057,-1.776876778,-90.711887206,-2.282949338,0.028366236,-2.788112794,-0.121257718,-0.110023514,-2.997938739,-0.182594831,-0.111831598,-2.423995436,-0.000897918,0.001808084,-0.573943302,-0.181696913,-0.473373808,-450.000000000,-2.716750729,0.046779564,-0.001168217,-9.494473756,114.991961891,-114.755274987,110.008038109,-110.244725013,1.358375365,1.358375365
1786024433.371872425,65.350363406,0.000000000,TARGET_UPDATED,0,0.050088421,-1.748510542,-94.500000000,-2.404207057,-1.776772316,-90.833214714,-2.282961875,0.028261775,-3.666785286,-0.121245182,-0.117265245,-2.997710300,-0.181817784,-0.110956563,-2.423997347,-0.000206212,-0.006308683,-0.573712953,-0.181611572,-1.213315572,-450.000000000,-2.711106275,0.046721352,-0.001162399,-9.494555371,115.176967736,-114.570309950,109.823032264,-110.429690050,1.355553138,1.355553138
1786024433.421899557,65.400390306,0.000000000,NONE,0,0.049992233,-1.748510542,-94.500000000,-2.404207057,-1.776692150,-90.954543159,-2.282969188,0.028181608,-3.545456841,-0.121237869,-0.116371657,-2.997789618,-0.181071645,-0.112343969,-2.423999912,0.000509961,-0.004027689,-0.573789706,-0.181581606,-0.858921397,-450.000000000,-2.710113026,0.046663311,-0.001160186,-9.494599856,115.088380313,-114.658919615,109.911619687,-110.341080385,1.355056513,1.355056513
1786024433.471814156,65.450305082,0.000000000,NONE,0,0.049941064,-1.748510542,-94.500000000,-2.404207057,-1.776674216,-91.075874281,-2.282970475,0.028163674,-3.424125719,-0.121236581,-0.115348948,-2.997868140,-0.180422920,-0.112931738,-2.424001673,0.001164790,-0.002417210,-0.573866467,-0.181587710,-0.764427302,-450.000000000,-2.711261954,0.046605360,-0.001159700,-9.494623659,115.064762740,-114.682549089,109.935237260,-110.317450911,1.355630977,1.355630977
1786024433.521853209,65.500344198,0.000000000,NONE,0,0.050037336,-1.748510542,-94.500000000,-2.404207057,-1.776676208,-91.197206111,-2.282965699,0.028165667,-3.302793889,-0.121241357,-0.114229725,-2.997940198,-0.179944259,-0.113051698,-2.424003382,0.001687401,-0.001178028,-0.573936817,-0.181631660,-0.685330711,-450.000000000,-2.715094541,0.046547453,-0.001160990,-9.494636437,115.044991787,-114.702326431,109.955008213,-110.297673569,1.357547270,1.357547270
1786024433.571874142,65.550364951,0.000000000,NONE,0,0.050016643,-1.748510542,-94.500000000,-2.404207057,-1.776682412,-91.318537897,-2.282955466,0.028171870,-3.181462103,-0.121251590,-0.113023843,-2.998002161,-0.179688723,-0.112883896,-2.424004679,0.002019633,-0.000139947,-0.573997482,-0.181708355,-0.613986940,-450.000000000,-2.721118280,0.046489502,-0.001164181,-9.494618888,115.027151457,-114.720157987,109.972848543,-110.279842013,1.360559140,1.360559140
1786024433.621890783,65.600381695,0.000000000,NONE,0,0.050028755,-1.748510542,-94.500000000,-2.404207057,-1.776679522,-91.439868989,-2.282941029,0.028168981,-3.060131011,-0.121266028,-0.111740284,-2.998051842,-0.179684504,-0.112464392,-2.424005444,0.002124102,0.000724108,-0.574046398,-0.181808606,-0.551846418,-450.000000000,-2.728606307,0.046431400,-0.001168666,-9.494571721,115.011604535,-114.735681326,109.988395465,-110.264318674,1.364303153,1.364303153
1786024433.671848536,65.650339447,0.000000000,NONE,0,0.049967513,-1.748510542,-94.500000000,-2.404207057,-1.776656477,-91.561198835,-2.282924073,0.028145935,-2.938801165,-0.121282983,-0.110386789,-2.998088664,-0.179932310,-0.111839370,-2.424005545,0.001989745,0.001452581,-0.574083119,-0.181922055,-0.496451787,-450.000000000,-2.736814274,0.046373063,-0.001173608,-9.494489672,114.997735365,-114.749509471,110.002264635,-110.250490529,1.368407137,1.368407137
1786024433.721873760,65.700364719,0.000000000,NONE,0,0.050025208,-1.748510542,-94.500000000,-2.404207057,-1.776604025,-91.682526961,-2.282906552,0.028093483,-2.817473039,-0.121300505,-0.108969748,-2.998113774,-0.180403631,-0.111040799,-2.424004855,0.001632116,0.002071051,-0.574108920,-0.182035747,-0.446679337,-450.000000000,-2.744774986,0.046314456,-0.001177862,-9.494392340,114.985267919,-114.761928251,110.014732081,-110.238071749,1.372387493,1.372387493
1786024433.771939516,65.750430573,0.000000000,TARGET_UPDATED,0,0.050053574,-1.748510542,-95.500000000,-2.404207057,-1.776514336,-91.803852962,-2.282890472,0.028003795,-3.696147038,-0.121316585,-0.115917848,-2.997815811,-0.181047713,-0.110095088,-2.424003415,0.001093082,-0.005822761,-0.573812395,-0.182140794,-1.165064040,-450.000000000,-2.751954298,0.046255608,-0.001180589,-9.494287727,115.164837942,-114.582305922,109.835162058,-110.417694078,1.375977149,1.375977149
1786024433.821868181,65.800359284,0.000000000,NONE,0,0.049907159,-1.748510542,-95.500000000,-2.404207057,-1.776446385,-91.925179568,-2.282877675,0.027935843,-3.574820432,-0.121329382,-0.114977225,-2.997807903,-0.181796196,-0.111400248,-2.424001929,0.000423942,-0.003576977,-0.573805974,-0.182220138,-0.817339150,-450.000000000,-2.756999504,0.046196583,-0.001182354,-9.494159134,115.077874571,-114.669204996,109.922125429,-110.330795004,1.378499752,1.378499752
1786024433.871863127,65.850354039,0.000000000,NONE,0,0.050008165,-1.748510542,-95.500000000,-2.404207057,-1.776433199,-92.046508250,-2.282869653,0.027922658,-3.453491750,-0.121337403,-0.113942575,-2.997801980,-0.182555741,-0.111845977,-2.423999456,-0.000293834,-0.002096598,-0.573802524,-0.182261908,-0.732666473,-450.000000000,-2.759168801,0.046137517,-0.001180129,-9.494070594,115.056684267,-114.690351030,109.943315733,-110.309648970,1.379584400,1.379584400
1786024433.921868324,65.900359278,0.000000000,NONE,0,0.050005530,-1.748510542,-95.500000000,-2.404207057,-1.776435015,-92.167837187,-2.282867333,0.027924473,-3.332162813,-0.121339724,-0.112846913,-2.997801871,-0.183240292,-0.111880601,-2.423997210,-0.000975302,-0.000966312,-0.573804661,-0.182264990,-0.660019206,-450.000000000,-2.758610915,0.046078620,-0.001174582,-9.494022682,115.038510472,-114.708500869,109.961489528,-110.291499131,1.379305458,1.379305458
1786024433.971884251,65.950375369,0.000000000,NONE,0,0.050024707,-1.748510542,-95.500000000,-2.404207057,-1.776437816,-92.289165748,-2.282870920,0.027927274,-3.210834252,-0.121336137,-0.111699396,-2.997811918,-0.183772895,-0.111656679,-2.423995257,-0.001543161,-0.000042717,-0.573816661,-0.182229734,-0.596453054,-450.000000000,-2.755376632,0.046020077,-0.001166455,-9.494024835,115.022619472,-114.724392945,109.977380528,-110.275607055,1.377688316,1.377688316
1786024434.021865845,66.000356767,0.000000000,NONE,0,0.049956602,-1.748510542,-95.500000000,-2.404207057,-1.776429947,-92.410493423,-2.282879938,0.027919405,-3.089506577,-0.121327119,-0.110506311,-2.997835589,-0.184094381,-0.111217026,-2.423993809,-0.001933554,0.000710716,-0.573841781,-0.182160826,-0.541963457,-450.000000000,-2.749878477,0.045962033,-0.001156710,-9.494070959,115.009008604,-114.738026875,109.990991396,-110.261973125,1.374939238,1.374939238
1786024434.071872234,66.050363237,0.000000000,NONE,0,0.050041267,-1.748510542,-95.500000000,-2.404207057,-1.776401766,-92.531819799,-2.282893291,0.027891224,-2.968180201,-0.121313765,-0.109270920,-2.997875060,-0.184169230,-0.110601555,-2.423992987,-0.002102901,0.001330635,-0.573882073,-0.182066329,-0.494476385,-450.000000000,-2.742754682,0.045904564,-0.001146304,-9.494171786,114.997162043,-114.749923850,110.002837957,-110.250076150,1.371377341,1.371377341
1786024434.121867180,66.100358189,0.000000000,NONE,0,0.049980839,-1.748510542,-95.500000000,-2.404207057,-1.776345390,-92.653144543,-2.282909407,0.027834848,-2.846855457,-0.121297650,-0.107993216,-2.997930956,-0.183989039,-0.109842046,-2.423992852,-0.002032180,0.001848830,-0.573938104,-0.181956859,-0.452116149,-450.000000000,-2.734789842,0.045847661,-0.001136688,-9.494298713,114.986603715,-114.760545641,110.013396285,-110.239454359,1.367394921,1.367394921
1786024434.171889067,66.150380212,0.000000000,TARGET_UPDATED,0,0.050045079,-0.748510542,-96.500000000,-2.404207057,-1.776254283,-92.774467389,-2.282926409,1.027743741,-3.725532611,-0.121280647,0.664721764,-2.925368185,-0.182924018,-0.108962149,-2.423993445,-0.001729517,0.773683912,-0.501374740,-0.181194501,82.924493097,-450.000000000,-2.668381648,0.045791227,-0.001128805,-9.494446029,83.309027566,-120.000000000,115.799064372,-79.108091937,1.334190824,1.334190824
1786024434.221863985,66.200354926,0.000000000,NONE,0,0.049938679,-0.748510542,-96.500000000,-2.404207057,-1.769887606,-92.892397167,-2.282935184,1.021377064,-3.607602833,-0.121271873,0.683800132,-2.921420127,-0.175534258,0.123476048,-2.326089798,0.005565121,0.560324083,-0.595330329,-0.181099379,51.668976869,-450.000000000,-2.675051755,0.045735814,-0.000851333,-9.497355690,95.740666670,-120.000000000,115.540853886,-91.281520556,1.337525877,1.337525877
1786024434.271851301,66.250342220,0.000000000,NONE,0,0.050006331,-0.748510542,-96.500000000,-2.404207057,-1.752932157,-93.008373124,-2.282894805,1.004421615,-3.491626876,-0.121312251,0.694613873,-2.919160436,-0.170664594,0.297553652,-2.339851517,0.013338460,0.397060221,-0.579308920,-0.184003055,43.601716135,-450.000000000,-2.938279984,0.045657253,-0.000519727,-9.498953173,99.200163087,-120.000000000,115.468603203,-94.668766290,1.469139992,1.469139992
1786024434.321810484,66.300301366,0.000000000,NONE,0,0.049946008,-0.748510542,-96.500000000,-2.404207057,-1.734079714,-93.101651888,-2.282818513,0.985569172,-3.398348112,-0.121388544,0.699569423,-2.917889649,-0.172269474,0.401759238,-2.356900183,0.013626697,0.297810185,-0.560989466,-0.185896170,39.261454527,-450.000000000,-3.050635155,0.045576108,-0.000408580,-9.498125705,101.107632896,-120.000000000,115.429561136,-96.537194032,1.525317578,1.525317578
1786024434.371875525,66.350366620,0.000000000,NONE,0,0.050074551,-0.748510542,-96.500000000,-2.404207057,-1.699098181,-93.242208472,-2.282645421,0.950587640,-3.257791528,-0.121561636,0.702308788,-2.916726779,-0.180875734,0.522879764,-2.372585707,0.006821502,0.179429024,-0.544141072,-0.187697236,31.969322062,-450.000000000,-3.174774215,0.045450007,-0.000429112,-9.492384100,104.388127908,-120.000000000,115.364497060,-99.752624967,1.587387107,1.587387107
1786024434.421833515,66.400324507,0.000000000,NONE,0,0.049959842,-0.748510542,-96.500000000,-2.404207057,-1.665627455,-93.359962090,-2.282477313,0.917116913,-3.140037910,-0.121729743,0.701612907,-2.916183470,-0.192234462,0.584165098,-2.388717750,-0.003956755,0.117447810,-0.527465720,-0.188277707,29.330255387,-450.000000000,-3.191058261,0.045366267,-0.000444330,-9.490065682,105.599491287,-120.000000000,115.340586990,-100.940078276,1.595529131,1.595529131
1786024434.471846819,66.450337835,0.000000000,NONE,0,0.050023368,-0.748510542,-96.500000000,-2.404207057,-1.629711836,-93.478205184,-2.282327263,0.881201295,-3.021794816,-0.121879793,0.699298041,-2.915872890,-0.205159884,0.625389414,-2.398182908,-0.016794660,0.073908627,-0.517689982,-0.188365225,26.935295674,-450.000000000,-3.187315246,0.045314059,-0.000438176,-9.490484108,106.710262428,-120.000000000,115.317443523,-102.027705950,1.593657623,1.593657623
1786024434.521877289,66.500368358,0.000000000,NONE,0,0.050012363,-0.748510542,-96.500000000,-2.404207057,-1.592176325,-93.596760104,-2.282212565,0.843665784,-2.903239896,-0.121994491,0.695946051,-2.915802758,-0.217346150,0.651652537,-2.405003373,-0.029192252,0.044293514,-0.510799385,-0.188153897,25.214612130,-450.000000000,-3.166547317,0.045285915,-0.000419598,-9.492948104,107.515138183,-120.000000000,115.299624491,-102.814762674,1.583273658,1.583273658
1786024434.571878910,66.550369876,0.000000000,NONE,0,0.050015051,-0.748510542,-96.500000000,-2.404207057,-1.553638985,-93.715555576,-2.282143513,0.805128444,-2.784444424,-0.122063543,0.692051205,-2.915991938,-0.227112401,0.667475515,-2.409978760,-0.039337685,0.024575690,-0.506013178,-0.187774716,23.972184512,-450.000000000,-3.136648785,0.045264670,-0.000416009,-9.495812193,108.099885986,-120.000000000,115.286151427,-103.386037413,1.568324393,1.568324393
1786024434.621912003,66.600402932,0.000000000,TARGET_UPDATED,0,0.050025417,-0.748510542,-97.500000000,-2.404207057,-1.514521248,-93.834536036,-2.282121078,0.766010706,-3.665463964,-0.122085979,0.471078258,-2.960027891,-0.223285415,0.676368200,-2.413608013,-0.046017860,-0.205289942,-0.546419878,-0.177267554,-6.286581121,-450.000000000,-2.198692343,0.045230526,-0.000438390,-9.497382263,116.445990846,-113.302700285,108.554009154,-111.697299715,1.099346171,1.099346171
1786024434.671876192,66.650366986,0.000000000,NONE,0,0.049956574,-0.748510542,-97.500000000,-2.404207057,-1.477467243,-93.953909255,-2.282139248,0.728956701,-3.546090745,-0.122067808,0.462930389,-2.961062659,-0.226560421,0.596840873,-2.420781448,-0.044859576,-0.133910484,-0.540281210,-0.181700844,3.653610508,-450.000000000,-2.807801984,0.045159127,-0.000502849,-9.495537744,113.960481809,-115.787287063,111.039518191,-109.212712937,1.403900992,1.403900992
1786024434.721930981,66.700421897,0.000000000,NONE,0,0.050052945,-0.748510542,-97.500000000,-2.404207057,-1.450246782,-94.049678627,-2.282179140,0.701736240,-3.450321373,-0.122027916,0.458504612,-2.961767275,-0.226301688,0.559196912,-2.422789809,-0.043020077,-0.100692299,-0.538977466,-0.183281611,4.684471408,-450.000000000,-2.861294627,0.045071619,-0.000491992,-9.493157637,113.702171557,-116.044407261,111.297828443,-108.955592739,1.430647313,1.430647313
1786024434.771858692,66.750349584,0.000000000,NONE,0,0.049932258,-0.748510542,-97.500000000,-2.404207057,-1.417877064,-94.169525138,-2.282273795,0.669366523,-3.330474862,-0.121933262,0.454094054,-2.962708278,-0.222734418,0.526293305,-2.423591302,-0.038799771,-0.072199250,-0.539116976,-0.183934647,6.107212036,-450.000000000,-2.888503750,0.044946247,-0.000435928,-9.488176978,113.345241235,-116.398847254,111.654758765,-108.601152746,1.444251875,1.444251875
1786024434.821958065,66.800449069,0.000000000,NONE,0,0.049987523,-0.748510542,-97.500000000,-2.404207057,-1.386879655,-94.289454167,-2.282406389,0.638369114,-3.210545833,-0.121800668,0.450316852,-2.963777815,-0.215906118,0.503067733,-2.423829399,-0.032419753,-0.052750881,-0.539948416,-0.183486365,6.928261643,-450.000000000,-2.835077680,0.044827087,-0.000285996,-9.484625151,113.139090877,-116.603221699,111.860909123,-108.396778301,1.417538840,1.417538840
1786024434.871882915,66.850373985,0.000000000,NONE,0,0.050020589,-0.748510542,-97.500000000,-2.404207057,-1.356843845,-94.409431941,-2.282565554,0.608333303,-3.090568059,-0.121641502,0.446670564,-2.964987247,-0.206466722,0.486519695,-2.423925587,-0.024104434,-0.039849131,-0.541061660,-0.182362288,7.414209178,-450.000000000,-2.742887842,0.044736828,-0.000044823,-9.484291646,113.017520617,-116.724625206,111.982479383,-108.275374794,1.371443921,1.371443921
1786024434.921879530,66.900370443,0.000000000,NONE,0,0.050014269,-0.748510542,-97.500000000,-2.404207057,-1.327511094,-94.529442396,-2.282733211,0.579000552,-2.970557604,-0.121473846,0.442862833,-2.966289677,-0.195445205,0.474156780,-2.423980469,-0.014379904,-0.031293947,-0.542309208,-0.181065301,7.678284459,-450.000000000,-2.648638762,0.044686961,0.000224614,-9.487466615,112.952295539,-116.791437768,112.047704461,-108.208562232,1.324319381,1.324319381
1786024434.971884012,66.950375025,0.000000000,NONE,0,0.050001677,-0.748510542,-97.500000000,-2.404207057,-1.298713578,-94.649476792,-2.282887848,0.550203036,-2.850523208,-0.121319208,0.438734537,-2.967618864,-0.184028727,0.464483067,-2.424012365,-0.004057159,-0.025748531,-0.543606499,-0.179971568,7.776596074,-450.000000000,-2.576135831,0.044676513,0.000437103,-9.493223511,112.929156859,-116.817454896,112.070843141,-108.182545104,1.288067916,1.288067916
1786024435.021846056,67.000337091,0.000000000,NONE,0,0.049955894,-0.748510542,-97.500000000,-2.404207057,-1.270342223,-94.769530269,-2.283008746,0.521831681,-2.730469731,-0.121198310,0.434210895,-2.968917211,-0.173325740,0.456523784,-2.424026045,0.005981393,-0.022312889,-0.544891166,-0.179307133,7.751667154,-450.000000000,-2.538198886,0.044694445,0.000517306,-9.499925558,112.937064601,-116.812898178,112.062935399,-108.187101822,1.269099443,1.269099443
1786024435.071872473,67.050363501,0.000000000,NONE,0,0.050033750,-0.748510542,-97.500000000,-2.404207057,-1.242328520,-94.889600355,-2.283081286,0.493817978,-2.610399645,-0.121125771,0.429266358,-2.970146397,-0.164230149,0.449632653,-2.424027901,0.014860049,-0.020366295,-0.546118496,-0.179090197,7.634412395,-450.000000000,-2.531978025,0.044723944,0.000424407,-9.505831892,112.967854874,-116.785061072,112.032145126,-108.214938928,1.265989013,1.265989013
1786024435.121948957,67.100439926,0.000000000,TARGET_UPDATED,0,0.050066147,0.251489458,-98.500000000,-1.404207057,-1.214632224,-95.009685958,-2.283101661,1.466121682,-3.490314042,0.878894605,1.003590375,-2.808863193,1.356878516,0.443380724,-2.424025576,0.021845644,0.560209651,-0.384837617,1.335032872,93.297240642,-450.000000000,111.000000000,0.044747129,0.000162046,-9.509543774,79.495182792,-120.000000000,115.871449899,-75.366632691,-55.500000000,-55.500000000
1786024435.171849251,67.150340257,0.000000000,NONE,0,0.049910944,0.251489458,-98.500000000,-1.404207057,-1.182806454,-95.127000711,-2.273669911,1.434295912,-3.372999289,0.869462855,1.018496534,-2.798807366,1.352872818,0.617678635,-2.323155723,0.427551420,0.400817899,-0.475651643,0.925321398,70.391917201,-450.000000000,66.620159242,0.044736257,0.000023409,-9.511753254,88.118620289,-120.000000000,115.692007985,-83.810628274,-33.310079621,-33.310079621
1786024435.221895695,67.200386665,0.000000000,NONE,0,0.050023194,0.251489458,-98.500000000,-1.404207057,-1.140909877,-95.240851647,-2.244399993,1.392399336,-3.259148353,0.840192936,1.035049121,-2.790508012,1.315320393,0.780708585,-2.304333795,0.708183847,0.254340536,-0.486174217,0.607136546,63.496509780,-450.000000000,46.210509037,0.044642846,0.000076537,-9.509278007,90.862344733,-120.000000000,115.636326070,-86.498670803,-23.105254518,-23.105254518
1786024435.271826267,67.250317252,0.000000000,NONE,0,0.049955878,0.251489458,-98.500000000,-1.404207057,-1.093139974,-95.354898039,-2.208692425,1.344629433,-3.145101961,0.804485369,1.049931225,-2.787719325,1.257957862,0.882494344,-2.314517824,0.771011472,0.167436881,-0.473201502,0.486946389,60.955263533,-450.000000000,41.764181228,0.044480837,0.000012781,-9.500123948,91.891417401,-120.000000000,115.619163905,-87.510581306,-20.882090614,-20.882090614
1786024435.321856022,67.300347004,0.000000000,NONE,0,0.050025344,0.251489458,-98.500000000,-1.404207057,-1.041790284,-95.469372531,-2.171925255,1.293279742,-3.030627469,0.767718198,1.060934646,-2.789359015,1.191647696,0.949376340,-2.323652247,0.771123669,0.111558305,-0.465706769,0.420524027,59.335956835,-450.000000000,38.203286253,0.044301689,-0.000075759,-9.489339086,92.552167845,-120.000000000,115.610388702,-88.162556547,-19.101643127,-19.101643127
1786024435.371878386,67.350369307,0.000000000,NONE,0,0.050019161,0.251489458,-98.500000000,-1.404207057,-0.988214776,-95.584074983,-2.135141859,1.239704234,-2.915925017,0.730934802,1.067356980,-2.794157473,1.120504745,0.992532185,-2.329964815,0.753305858,0.074824795,-0.464192658,0.367198886,58.168484409,-450.000000000,34.741389897,0.044151948,-0.000056176,-9.481972500,93.031152447,-120.000000000,115.603841609,-88.634994056,-17.370694949,-17.370694949
1786024435.421848297,67.400339311,0.000000000,NONE,0,0.049949965,0.251489458,-98.500000000,-1.404207057,-0.933313835,-95.698854344,-2.098713873,1.184803293,-2.801145656,0.694506817,1.069291396,-2.800743800,1.047718686,1.019010331,-2.334259367,0.728023933,0.050281065,-0.466484433,0.319694752,57.137308514,-450.000000000,31.539144761,0.044057569,0.000105726,-9.480442557,93.456285590,-120.000000000,115.595764549,-89.052050140,-15.769572380,-15.769572380
1786024435.471897364,67.450388277,0.000000000,NONE,0,0.050065317,0.251489458,-98.500000000,-1.404207057,-0.877680358,-95.813624068,-2.062805046,1.129169816,-2.686375932,0.658597989,1.067155770,-2.807920613,0.976063955,1.033795112,-2.337326455,0.700750656,0.033360659,-0.470594158,0.275313299,56.058661004,-450.000000000,28.503898179,0.044021908,0.000349653,-9.484436872,93.903096179,-120.000000000,115.584724423,-89.487820601,-14.251949089,-14.251949089
1786024435.521959305,67.500449871,0.000000000,TARGET_UPDATED,0,0.050084283,0.000000000,-100.000000000,-1.000000000,-0.821706013,-95.928355992,-2.027501860,0.821706013,-4.071644008,1.027501860,0.510682057,-2.960928851,1.490672390,1.040229398,-2.339834592,0.674001982,-0.529547342,-0.621094260,0.816670409,-30.515866779,-450.000000000,78.114740107,0.044031284,0.000567966,-9.491780682,120.000000000,-105.053686274,100.404723395,-115.351037120,-39.057370053,-39.057370053
1786024435.571872950,67.550363951,0.000000000,NONE,0,0.049919639,0.000000000,-100.000000000,-1.000000000,-0.770276791,-96.044199934,-1.989085138,0.770276791,-3.955800066,0.989085138,0.487630933,-2.971404282,1.460864072,0.851746966,-2.378380220,0.808325353,-0.364116033,-0.593024062,0.652538718,-7.143691069,-450.000000000,52.544968787,0.044056999,0.000593638,-9.498493178,116.660546062,-113.088700527,108.339453938,-111.911299473,-26.272484394,-26.272484394
1786024435.621882915,67.600373777,0.000000000,NONE,0,0.049980814,0.000000000,-100.000000000,-1.000000000,-0.728642446,-96.162201902,-1.945126667,0.728642446,-3.837798098,0.945126667,0.459866912,-2.980727602,1.383340277,0.699802510,-2.411759535,0.850227853,-0.239935598,-0.568968067,0.533112425,-1.783176187,-450.000000000,45.096926390,0.044037803,0.000615303,-9.501576259,115.321188111,-114.429600018,109.678811889,-110.570399982,-22.548463195,-22.548463195
1786024435.671844959,67.650335819,0.000000000,NONE,0,0.049995875,0.000000000,-100.000000000,-1.000000000,-0.691995856,-96.281227392,-1.901199825,0.691995856,-3.718772608,0.901199825,0.433345922,-2.987368221,1.309658333,0.608345269,-2.422647782,0.833932536,-0.174999347,-0.564720439,0.475725798,-0.207166334,-450.000000000,42.333370184,0.043953487,0.000583668,-9.498909648,114.926518996,-114.822935829,110.073481004,-110.177064171,-21.166685092,-21.166685092
1786024435.721875429,67.700366497,0.000000000,NONE,0,0.049996473,0.000000000,-100.000000000,-1.000000000,-0.658606240,-96.400498524,-1.858260282,0.658606240,-3.599501476,0.858260282,0.410096328,-2.990877919,1.242515341,0.542064278,-2.424639275,0.814008708,-0.131967949,-0.566238644,0.428506634,0.997809432,-450.000000000,39.242117929,0.043829102,0.000534916,-9.492853934,114.623761126,-115.122665842,110.376238874,-109.877334158,-19.621058965,-19.621058965
1786024435.771874905,67.750365841,0.000000000,NONE,0,0.050011634,0.000000000,-100.000000000,-1.000000000,-0.627595612,-96.519845767,-1.816404442,0.627595612,-3.480154233,0.816404442,0.390705457,-2.991646357,1.181974110,0.491981919,-2.424299504,0.794269331,-0.101276462,-0.567346853,0.387704779,1.849001216,-450.000000000,36.524285602,0.043702536,0.000571981,-9.487470565,114.409617337,-115.334117945,110.590382663,-109.665882055,-18.262142801,-18.262142801
1786024435.821909428,67.800400388,0.000000000,NONE,0,0.049978353,0.000000000,-100.000000000,-1.000000000,-0.598356035,-96.639267113,-1.775784812,0.598356035,-3.360732887,0.775784812,0.375087027,-2.990187294,1.127933658,0.453861628,-2.423429168,0.774975104,-0.078774602,-0.566758126,0.352958554,2.463123858,-450.000000000,34.221491765,0.043606900,0.000731082,-9.485769499,114.255661410,-115.487223339,110.744338590,-109.512776661,-17.110745882,-17.110745882
1786024435.871877193,67.850367997,0.000000000,NONE,0,0.050034079,0.000000000,-100.000000000,-1.000000000,-0.570467276,-96.758801747,-1.736487256,0.570467276,-3.241198253,0.736487256,0.362900188,-2.987218618,1.079471494,0.424624432,-2.422638642,0.756918196,-0.061724243,-0.564579977,0.322553297,2.946104819,-450.000000000,32.188727718,0.043560736,0.000955191,-9.488676493,114.135642918,-115.608695328,110.864357082,-109.391304672,-16.094363859,-16.094363859
1786024435.921883583,67.900374678,0.000000000,NONE,0,0.049985605,0.000000000,-100.000000000,-1.000000000,-0.543628809,-96.878487515,-1.698556135,0.543628809,-3.121512485,0.698556135,0.353754286,-2.983580857,1.034920137,0.402288710,-2.422149141,0.739509530,-0.048534424,-0.561431716,0.295410608,3.346703132,-450.000000000,30.360803396,0.043564843,0.001144810,-9.495256479,114.037138337,-115.710489903,110.962861663,-109.289510097,-15.180401698,-15.180401698
1786024435.971887589,67.950378698,0.000000000,NONE,0,0.050015177,0.000000000,-100.000000000,-1.000000000,-0.517617103,-96.998344089,-1.662005772,0.517617103,-3.001655911,0.662005772,0.347283145,-2.979982193,0.992555663,0.385500734,-2.421982162,0.722085819,-0.038217589,-0.558000030,0.270469844,3.690748375,-450.000000000,28.666059919,0.043605057,0.001199196,-9.503379297,113.953157730,-115.798531918,111.046842270,-109.201468082,-14.333029960,-14.333029960
1786024436.021886110,68.000377240,0.000000000,NONE,0,0.049996670,0.000000000,-100.000000000,-1.000000000,-0.492261160,-97.118370726,-1.626817874,0.492261160,-2.881629274,0.626817874,0.343160801,-2.976897882,0.950971147,0.373289439,-2.422072401,0.704198075,-0.030128638,-0.554825481,0.246773072,3.995069839,-450.000000000,27.038151718,0.043658496,0.001056918,-9.510597206,113.878881842,-115.876416761,111.121118158,-109.123583239,-13.519075859,-13.519075859
1786024436.071847200,68.050338117,0.000000000,NONE,0,0.049978070,0.000000000,-100.000000000,-1.000000000,-0.467427488,-97.238550896,-1.592946506,0.467427488,-2.761449104,0.592946506,0.341085096,-2.974589997,0.909144000,0.364922429,-2.422337105,0.685563657,-0.023837333,-0.552252892,0.223580343,4.268290016,-450.000000000,25.430156622,0.043700474,0.000716613,-9.514920457,113.811657610,-115.945802618,111.188342390,-109.054197382,-12.715078311,-12.715078311
1786024436.121892452,68.100383446,0.000000000,NONE,0,0.050029598,0.000000000,-100.000000000,-1.000000000,-0.443011945,-97.358858359,-1.560326141,0.443011945,-2.641141641,0.560326141,0.340644022,-2.973165142,0.866413759,0.359698900,-2.422705814,0.666042218,-0.019054878,-0.550459328,0.200371541,4.510127540,-450.000000000,23.810709434,0.043710947,0.000231839,-9.515284305,113.751289191,-116.006352961,111.248710809,-108.993647039,-11.905354717,-11.905354717
1786024436.171884775,68.150375786,0.000000000,NONE,0,0.049987089,0.000000000,-100.000000000,-1.000000000,-0.418934854,-97.479262223,-1.528879831,0.418934854,-2.520737777,0.528879831,0.341235396,-2.972626634,0.822438762,0.356855952,-2.423126252,0.645610612,-0.015620556,-0.549500383,0.176828151,4.708144658,-450.000000000,22.160003695,0.043680200,-0.000309404,-9.511778988,113.700908583,-116.054980912,111.299091417,-108.945019088,-11.080001847,-11.080001847
1786024436.221874237,68.200365240,0.000000000,NONE,0,0.049982943,0.000000000,-100.000000000,-1.000000000,-0.395136549,-97.599730441,-1.498527218,0.395136549,-2.400269559,0.498527218,0.342191814,-2.972911048,0.777107320,0.355622482,-2.423561058,0.624292809,-0.013430668,-0.549349989,0.152814511,4.845492247,-450.000000000,20.473420669,0.043610596,-0.000809574,-9.505568509,113.665019066,-116.087765189,111.334980934,-108.912234811,-10.236710335,-10.236710335
1786024436.271849632,68.250340759,0.000000000,NONE,0,0.050000566,0.000000000,-100.000000000,-1.000000000,-0.371574787,-97.720232110,-1.469190767,0.371574787,-2.279767890,0.469190767,0.342908089,-2.973910227,0.730470363,0.355278624,-2.423981485,0.602142896,-0.012370535,-0.549928742,0.128327467,4.909590155,-450.000000000,18.753237236,0.043513806,-0.001189598,-9.498376490,113.647196584,-116.101991661,111.352803416,-108.898008339,-9.376618618,-9.376618618
1786024436.321851969,68.300342986,0.000000000,NONE,0,0.049992916,0.000000000,-100.000000000,-1.000000000,-0.348223190,-97.840738894,-1.440799907,0.348223190,-2.159261106,0.440799907,0.342910351,-2.975463592,0.682798769,0.355202361,-2.424346024,0.579295601,-0.012292011,-0.551117569,0.103503168,4.894436638,-450.000000000,17.011302470,0.043405729,-0.001407342,-9.491892852,113.649364053,-116.096582372,111.350635947,-108.903417628,-8.505651235,-8.505651235
1786024436.371886492,68.350377608,0.000000000,NONE,0,0.050029878,0.000000000,-100.000000000,-1.000000000,-0.325069666,-97.961226936,-1.413295123,0.325069666,-2.038773064,0.413295123,0.341871282,-2.977348811,0.634702304,0.354891659,-2.424607993,0.556060584,-0.013020377,-0.552740818,0.078641719,4.800336316,-450.000000000,15.272592592,0.043301364,-0.001459688,-9.487352971,113.671754164,-116.071922322,111.328245836,-108.928077678,-7.636296296,-7.636296296
1786024436.421868563,68.400359557,0.000000000,NONE,0,0.049963178,0.000000000,-100.000000000,-1.000000000,-0.302114396,-98.081679647,-1.386632025,0.302114396,-1.918320353,0.386632025,0.329778666,-2.892838561,0.586795970,0.353966946,-2.424746749,0.532845350,-0.024188280,-0.468091812,0.053950620,3.533239687,-450.000000000,13.548309532,0.043211208,-0.001377466,-9.485280619,113.988010233,-115.754630077,111.011989767,-109.245369923,-6.774154766,-6.774154766
1786024436.471910954,68.450401841,0.000000000,NONE,0,0.050038112,0.000000000,-100.000000000,-1.000000000,-0.279438901,-98.202092190,-1.360785345,0.279438901,-1.797907810,0.360785345,0.306073876,-2.712139096,0.540602241,0.349269903,-2.424770933,0.509991173,-0.043196028,-0.287368163,0.030611069,1.516317090,-450.000000000,11.943057218,0.043139824,-0.001214347,-9.485518354,114.492300316,-115.250458861,110.507699684,-109.749541139,-5.971528609,-5.971528609
1786024436.521880150,68.500371067,0.000000000,NONE,0,0.049990418,0.000000000,-100.000000000,-1.000000000,-0.257279932,-98.322474195,-1.335745376,0.257279932,-1.677525805,0.335745376,0.282199260,-2.531281088,0.497246226,0.338299252,-2.424703575,0.488050309,-0.056099992,-0.106577512,0.009195918,0.192417168,-450.000000000,10.482276877,0.043085966,-0.001027899,-9.487381999,114.823741208,-114.919949792,110.176258792,-110.080050208,-5.241138439,-5.241138439
1786024436.571874142,68.550364990,0.000000000,NONE,0,0.049993705,0.000000000,-100.000000000,-1.000000000,-0.235878335,-98.442841602,-1.311507333,0.235878335,-1.557158398,0.311507333,0.258583646,-2.350196876,0.457054631,0.322919439,-2.424570929,0.467482430,-0.064335793,0.074374053,-0.010427799,-0.819174282,-415.976383650,9.144217390,0.043044053,-0.000863111,-9.489980662,106.571384648,-106.161797507,101.416807177,-101.826394317,-4.572108695,-4.572108695
1786024436.621959686,68.600450527,0.000000000,NONE,0,0.049992420,0.000000000,-100.000000000,-1.000000000,-0.215454583,-98.561317005,-1.288105670,0.215454583,-1.438682995,0.288105670,0.236598919,-2.170781537,0.424270762,0.305460326,-2.361211319,0.451586414,-0.068861407,0.190429782,-0.027315653,-1.537551747,-348.178546248,8.016100354,0.042515801,-0.019189570,-9.268706839,89.746201208,-88.977425335,84.343071915,-85.111847789,-4.008050177,-4.008050177
1786024436.671828985,68.650320054,0.000000000,NONE,0,0.049965674,0.000000000,-100.000000000,-1.000000000,-0.196239294,-98.674013643,-1.265609626,0.196239294,-1.325986357,0.265609626,0.218992892,-1.997531203,0.404143603,0.290144186,-2.209748884,0.446186223,-0.071151293,0.212217681,-0.042042620,-2.014669209,-293.438275650,7.027228885,0.040110956,-0.070537251,-8.566850811,76.004948917,-74.997614313,70.714188908,-71.721523512,-3.513614443,-3.513614443
1786024436.721848011,68.700338966,0.000000000,NONE,0,0.050008395,0.000000000,-100.000000000,-1.000000000,-0.178330700,-98.778955268,-1.244156394,0.178330700,-1.221044732,0.244156394,0.207137726,-1.834064822,0.391944049,0.279607640,-2.046349963,0.446025743,-0.072469914,0.212285141,-0.054081695,-2.317132009,-245.890082866,6.237141984,0.034738238,-0.132914051,-7.516739792,63.930988667,-62.772422662,59.014052766,-60.172618771,-3.118570992,-3.118570992
1786024436.771856308,68.750347375,0.000000000,NONE,0,0.050017735,0.000000000,-100.000000000,-1.000000000,-0.161704541,-98.876269663,-1.223876557,0.161704541,-1.123730337,0.223876557,0.199754217,-1.681757612,0.380298842,0.273222067,-1.888045575,0.443369990,-0.073467850,0.206287963,-0.063071148,-2.515746525,-205.351161915,5.667318702,0.026540541,-0.185211798,-6.340601487,53.551877482,-52.294004219,49.123703476,-50.381576738,-2.833659351,-2.833659351
1786024436.821842432,68.800333327,0.000000000,NONE,0,0.049983710,0.000000000,-100.000000000,-1.000000000,-0.146306972,-98.966361135,-1.204810031,0.146306972,-1.033638865,0.204810031,0.194677822,-1.540936889,0.366167938,0.268977588,-1.739233401,0.436399495,-0.074299766,0.198296512,-0.070231557,-2.659728389,-171.105705846,5.200805266,0.016360272,-0.217892767,-5.201005778,44.741610003,-43.411745809,40.811242920,-42.141107114,-2.600402633,-2.600402633
1786024436.871977329,68.850468068,0.000000000,NONE,0,0.050034629,0.000000000,-100.000000000,-1.000000000,-0.132073409,-99.049707256,-1.186905461,0.132073409,-0.950292744,0.186905461,0.190057658,-1.411334722,0.348908864,0.264942308,-1.601228399,0.425721069,-0.074884650,0.189893677,-0.076812205,-2.776536961,-142.306801208,4.749971326,0.005187243,-0.231296670,-4.173643530,37.314245425,-35.925976944,33.839155179,-35.227423660,-2.374985663,-2.374985663
1786024436.921823978,68.900314977,0.000000000,NONE,0,0.049940918,0.000000000,-100.000000000,-1.000000000,-0.118936718,-99.126788860,-1.170061671,0.118936718,-0.873211140,0.170061671,0.184778439,-1.292410459,0.328713410,0.259884204,-1.474080773,0.412255040,-0.075105765,0.181670314,-0.083541630,-2.878816346,-118.164346351,4.273599609,-0.006166052,-0.230044843,-3.277282330,31.080111257,-29.640703084,28.002061919,-29.441470092,-2.136799804,-2.136799804
1786024436.971876860,68.950367928,0.000000000,NONE,0,0.050060825,0.000000000,-100.000000000,-1.000000000,-0.106830718,-99.198064799,-1.154160778,0.106830718,-0.801935201,0.154160778,0.178366306,-1.183502799,0.305995132,0.253256662,-1.357364564,0.396712495,-0.074890356,0.173861765,-0.090717363,-2.970116806,-97.966619403,3.760435019,-0.017140232,-0.218978719,-2.508293093,25.861257326,-24.376198923,23.122052376,-24.607110779,-1.880217509,-1.880217509
1786024437.021937370,69.000428533,0.000000000,NONE,0,0.049971350,0.000000000,-100.000000000,-1.000000000,-0.095691651,-99.263964267,-1.139086825,0.095691651,-0.736035733,0.139086825,0.170752136,-1.083902375,0.281181942,0.244970857,-1.250468237,0.379567059,-0.074218721,0.166565862,-0.098385117,-3.049345324,-81.092707177,3.211131313,-0.027385236,-0.201778256,-1.857960399,21.500003225,-19.975330563,19.046350363,-20.571023025,-1.605565656,-1.605565656
1786024437.071887255,69.050378449,0.000000000,NONE,0,0.050039506,0.000000000,-100.000000000,-1.000000000,-0.085458756,-99.324885048,-1.124734671,0.085458756,-0.675114952,0.124734671,0.162075704,-0.992892661,0.254637849,0.235186541,-1.152729379,0.361091174,-0.073110837,0.159836718,-0.106453325,-3.113760108,-67.004049442,2.635899616,-0.036695257,-0.180960753,-1.317661377,17.858867732,-16.301987678,15.643156990,-17.200037043,-1.317949808,-1.317949808
1786024437.121885300,69.100376059,0.000000000,NONE,0,0.049991744,0.000000000,-100.000000000,-1.000000000,-0.076074419,-99.381193018,-1.111013117,0.076074419,-0.618806982,0.111013117,0.152563439,-0.909753531,0.226710959,0.224174694,-1.063418893,0.341473184,-0.071611254,0.153665362,-0.114762225,-3.160494207,-55.243519156,2.046439344,-0.044957739,-0.158231458,-0.879460701,14.820868516,-13.240621413,12.800891062,-14.381138166,-1.023219672,-1.023219672
1786024437.171841383,69.150332342,0.000000000,NONE,0,0.049957081,0.000000000,-100.000000000,-1.000000000,-0.067483918,-99.433219472,-1.097845640,0.067483918,-0.566780528,0.097845640,0.142461571,-0.833672853,0.198172423,0.212240276,-0.981600837,0.321306644,-0.069778705,0.147927984,-0.123134221,-3.187771485,-45.415981702,1.455945549,-0.052120032,-0.134793528,-0.535649010,12.284850549,-10.690964807,10.423140302,-12.017026044,-0.727972774,-0.727972774
1786024437.221878529,69.200369500,0.000000000,NONE,0,0.050035465,0.000000000,-100.000000000,-1.000000000,-0.059635533,-99.481267070,-1.085173583,0.059635533,-0.518732930,0.085173583,0.132003709,-0.763817277,0.170063116,0.199679381,-0.906372695,0.301482832,-0.067675672,0.142555418,-0.131419716,-3.194860763,-37.179920148,0.874664381,-0.058170335,-0.111555990,-0.278179001,10.163239978,-8.565809597,8.426720096,-10.024150477,-0.437332191,-0.437332191
1786024437.271846294,69.250337470,0.000000000,NONE,0,0.049970061,0.000000000,-100.000000000,-1.000000000,-0.052481249,-99.525618000,-1.072959177,0.052481249,-0.474382000,0.072959177,0.121395783,-0.699476024,0.143200795,0.186745662,-0.836983415,0.282640576,-0.065349878,0.137507391,-0.139439782,-3.180664050,-30.261695593,0.314870920,-0.063128524,-0.089257751,-0.098197216,8.385139215,-6.794807190,6.745708582,-8.336040607,-0.157435460,-0.157435460
1786024437.321881771,69.300372708,0.000000000,NONE,0,0.050041645,0.000000000,-100.000000000,-1.000000000,-0.045977060,-99.566536765,-1.061184242,0.045977060,-0.433463235,0.061184242,0.110813895,-0.640093812,0.118036825,0.173648811,-0.772828771,0.265048070,-0.062834916,0.132734959,-0.147011245,-3.144844555,-24.446290201,-0.209615686,-0.067043166,-0.068524770,0.014354206,6.894195137,-5.321772860,5.328949963,-6.901372241,0.104807843,0.104807843
1786024437.371890545,69.350381435,0.000000000,NONE,0,0.049958041,0.000000000,-100.000000000,-1.000000000,-0.040082352,-99.604270758,-1.049844904,0.040082352,-0.395729242,0.049844904,0.100411659,-0.585235429,0.094739970,0.160567027,-0.713414562,0.248740762,-0.060155368,0.128179133,-0.154000792,-3.087012373,-19.563658196,-0.691335815,-0.069991773,-0.049888640,0.070874786,5.644948946,-4.101442759,4.136880152,-5.680386339,0.345667908,0.345667908
1786024437.421934366,69.400425316,0.000000000,NONE,0,0.050039019,0.000000000,-100.000000000,-1.000000000,-0.034759028,-99.639050959,-1.038945618,0.034759028,-0.360949041,0.038945618,0.090325484,-0.534543929,0.073312400,0.147658216,-0.658331218,0.233644338,-0.057332732,0.123787290,-0.160331938,-3.008089729,-15.472930143,-1.125143341,-0.072079421,-0.033780219,0.084015976,4.599250974,-3.095206110,3.137214098,-4.641258962,0.562571671,0.562571671
1786024437.471890926,69.450381989,0.000000000,NONE,0,0.049996417,0.000000000,-100.000000000,-1.000000000,-0.029970702,-99.671092986,-1.028494380,0.029970702,-0.328907014,0.028494380,0.080675569,-0.487712545,0.053669537,0.135063004,-0.607228440,0.219654052,-0.054387435,0.119515895,-0.165984515,-2.908949022,-12.057063962,-1.511508496,-0.073434243,-0.020506425,0.067006741,3.724751561,-2.270277050,2.303780420,-3.758254931,0.755754248,0.755754248
1786024437.521828175,69.500319155,0.000000000,NONE,0,0.049949924,0.000000000,-100.000000000,-1.000000000,-0.025682119,-99.700598174,-1.018499424,0.025682119,-0.299401826,0.018499424,0.071563709,-0.444468823,0.035685017,0.122906603,-0.559803597,0.206656155,-0.051342894,0.115334774,-0.170971137,-2.791691677,-9.215750684,-1.851614859,-0.074199895,-0.010221274,0.032819947,2.993655603,-1.597809765,1.614219739,-3.010065577,0.925807430,0.925807430
