<?xml version='1.0' encoding='utf-8'?>
<COLLADA xmlns="http://www.collada.org/2005/11/COLLADASchema" version="1.4.1">
    <asset>
        <contributor>
            <author>VCGLab</author>
            <authoring_tool>VCGLib | MeshLab</authoring_tool>
        </contributor>
        <created>Mon Aug 10 04:05:02 2020 GMT</created>
        <modified>Mon Aug 10 04:05:02 2020 GMT</modified>
        <up_axis>Y_UP</up_axis>
    </asset>
    <library_images>
        <image id="texture0" name="texture0">
            <init_from>Slocum-Glider.png</init_from>
        </image>
    </library_images>
    <library_materials>
        <material id="material0" name="material0">
            <instance_effect url="#material0-fx" />
        </material>
    </library_materials>
    <library_effects>
        <effect id="material0-fx">
            <profile_COMMON>
                <newparam sid="texture0-surface">
                    <surface type="2D">
                        <init_from>texture0</init_from>
                        <format>A8R8G8B8</format>
                    </surface>
                </newparam>
                <newparam sid="texture0-sampler">
                    <sampler2D>
                        <source>texture0-surface</source>
                        <minfilter>LINEAR</minfilter>
                        <magfilter>LINEAR</magfilter>
                    </sampler2D>
                </newparam>
                <technique sid="common">
                    <blinn>
                        <diffuse>
                            <texture texture="texture0-sampler" texcoord="UVSET0" />
                        </diffuse>
                    </blinn>
                </technique>
            </profile_COMMON>
        </effect>
    </library_effects>
    <library_geometries>
        <geometry id="shape0-lib" name="shape0">
            <mesh>
                <source id="shape0-lib-positions" name="position">
                    <float_array id="shape0-lib-positions-array" count="2223">0.00677377 -1.5 -0.034054 0.00183254 1.5 -0.00921285 0.0132872 -1.5 -0.0320782 0.0035947 1.5 -0.00867832 0.01929 -1.5 -0.0288696 0.00521868 1.5 -0.00781029 0.0245516 -1.5 -0.0245516 0.0066421 1.5 -0.0066421 0.0288696 -1.5 -0.0192901 0.00781029 1.5 -0.00521868 0.0320781 -1.5 -0.0132872 0.00867832 1.5 -0.0035947 0.034054 -1.5 -0.00677377 0.00921285 1.5 -0.00183254 0.0347211 -1.5 0 0.00939333 1.5 0 0.034054 -1.5 0.00677365 0.00921285 1.5 0.00183248 0.0320781 -1.5 0.0132871 0.00867832 1.5 0.00359458 0.0288696 -1.5 0.01929 0.00781029 1.5 0.00521856 0.0245516 -1.5 0.0245515 0.0066421 1.5 0.00664198 0.01929 -1.5 0.0288695 0.00521868 1.5 0.00781017 0.0035947 1.5 0.0086782 0.00183254 1.5 0.00921273 0.0429199 0.759357 -0.215773 0.0841904 0.759357 -0.203253 0.122225 0.759357 -0.182923 0.155564 0.759357 -0.155563 0.182923 0.759357 -0.122225 0.203253 0.759357 -0.0841903 0.215773 0.759357 -0.0429198 0.22 0.759357 0 0.215773 0.759356 0.0429199 0.203253 0.759356 0.0841903 0.182923 0.759356 0.122225 0.155563 0.759356 0.155564 0.122225 0.759357 0.182923 0.0841903 0.759357 0.203253 0.0429198 0.759357 0.215773 0.0407797 1.04551 -0.205013 0.0799922 1.04551 -0.193118 0.116131 1.04551 -0.173802 0.147806 1.04551 -0.147806 0.173802 1.04551 -0.116131 0.193118 1.04551 -0.0799921 0.205013 1.04551 -0.0407796 0.20903 1.04551 0 0.205013 1.04551 0.0407797 0.193118 1.04551 0.0799921 0.173802 1.04551 0.116131 0.147806 1.04551 0.147806 0.116131 1.04551 0.173802 0.0799921 1.04551 0.193118 0.0407796 1.04551 0.205013 0.0429199 -0.743197 -0.215773 0.0841903 -0.743197 -0.203253 0.122225 -0.743197 -0.182923 0.155563 -0.743197 -0.155564 0.182923 -0.743197 -0.122225 0.203253 -0.743197 -0.0841903 0.215773 -0.743197 -0.0429198 0.22 -0.743197 0 0.215773 -0.743197 0.0429198 0.203253 -0.743197 0.0841903 0.182923 -0.743197 0.122225 0.155563 -0.743197 0.155564 0.122225 -0.743197 0.182923 0.0841902 -0.743197 0.203253 0.0429198 -0.743197 0.215773 0.0252959 -1.33698 -0.127171 0.0496197 -1.33698 -0.119793 0.0720367 -1.33698 -0.107811 0.0916853 -1.33698 -0.0916853 0.10781 -1.33698 -0.0720367 0.119793 -1.33698 -0.0496197 0.127171 -1.33698 -0.0252959 0.129663 -1.33698 0 0.127171 -1.33698 0.0252958 0.119793 -1.33698 0.0496197 0.10781 -1.33698 0.0720367 0.0916853 -1.33698 0.0916853 0.0720367 -1.33698 0.10781 0.0496197 -1.33698 0.119793 0.0368112 -1.10507 -0.185062 0.0722077 -1.10507 -0.174325 0.104829 -1.10507 -0.156888 0.133423 -1.10507 -0.133423 0.156888 -1.10507 -0.104829 0.174325 -1.10507 -0.0722077 0.185062 -1.10507 -0.0368112 0.188688 -1.10507 0 0.185062 -1.10507 0.0368112 0.174325 -1.10507 0.0722077 0.156888 -1.10507 0.104829 0.133422 -1.10507 0.133423 0.104829 -1.10507 0.156888 0.0471257 -1.11231 0.174325 0.00821268 -1.5 -0.0412881 0.0161098 -1.5 -0.0388925 0.0233878 -1.5 -0.0350024 0.029767 -1.5 -0.029767 0.0350023 -1.5 -0.0233878 0.0388924 -1.5 -0.0161098 0.041288 -1.5 -0.00821275 0.0420969 -1.5 0 0.041288 -1.5 0.00821263 0.0388924 -1.5 0.0161097 0.0350023 -1.5 0.0233877 0.029767 -1.5 0.0297669 0.0233878 -1.5 0.0350022 0.0161098 -1.5 0.0388924 0.0132872 -1.47745 -0.0320782 0.0132872 -1.47745 0.0320781 0.00677377 -1.47745 -0.034054 0.0320781 -1.47745 -0.0132872 0.034054 -1.47745 0.00677365 0.0288696 -1.47745 0.01929 0.0245516 -1.47745 0.0245515 0.01929 -1.47745 0.0288695 0.03646 1.2345 -0.183297 0.071519 1.2345 -0.172662 0.103829 1.2345 -0.155392 0.13215 1.2345 -0.13215 0.155392 1.2345 -0.103829 0.172662 1.2345 -0.0715189 0.183297 1.2345 -0.03646 0.186888 1.2345 0 0.183297 1.2345 0.03646 0.172662 1.2345 0.0715189 0.155392 1.2345 0.103829 0.13215 1.2345 0.13215 0.103829 1.2345 0.155392 0.0715189 1.2345 0.172662 0.03646 1.2345 0.183297 0.0325802 1.31934 -0.163792 0.0219328 1.41 -0.110264 0.0639085 1.31934 -0.154289 0.0430228 1.41 -0.103866 0.0927807 1.31934 -0.138856 0.0624593 1.41 -0.093477 0.118087 1.31934 -0.118087 0.0794957 1.41 -0.0794957 0.138856 1.31934 -0.0927806 0.093477 1.41 -0.0624593 0.154289 1.31934 -0.0639084 0.103866 1.41 -0.0430228 0.163792 1.31934 -0.0325802 0.110264 1.41 -0.0219328 0.167001 1.31934 0 0.112424 1.41 0 0.163792 1.31934 0.0325802 0.110264 1.41 0.0219328 0.154289 1.31934 0.0639084 0.103866 1.41 0.0430227 0.138856 1.31934 0.0927806 0.093477 1.41 0.0624593 0.118087 1.31934 0.118087 0.0794957 1.41 0.0794957 0.0927807 1.31934 0.138856 0.0624593 1.41 0.093477 0.0639084 1.31934 0.154289 0.0430228 1.41 0.103866 0.0325802 1.31934 0.163792 0.0219328 1.41 0.110264 0.0393446 -0.954614 -0.197799 0.0771773 -0.954614 -0.186322 0.112044 -0.954614 -0.167686 0.142605 -0.954614 -0.142605 0.167686 -0.954614 -0.112044 0.186322 -0.954614 -0.0771773 0.197799 -0.954614 -0.0393446 0.201674 -0.954614 0 0.197799 -0.954614 0.0393446 0.186322 -0.954614 0.0771773 0.167686 -0.954614 0.112044 0.142605 -0.954614 0.142605 0.112044 -0.954614 0.167686 0.0771772 -0.954614 0.186323 0.0393445 -0.954614 0.197799 0.0130834 -1.08291 0.187399 0.013046 -0.954614 0.200389 0 -1.5 -0.0347212 0 1.5 -0.00939333 -0.00677377 -1.5 -0.034054 -0.00183254 1.5 -0.00921285 -0.0132872 -1.5 -0.0320782 -0.0035947 1.5 -0.00867832 -0.01929 -1.5 -0.0288696 -0.00521868 1.5 -0.00781029 -0.0245516 -1.5 -0.0245516 -0.0066421 1.5 -0.0066421 -0.0288696 -1.5 -0.0192901 -0.00781029 1.5 -0.00521868 -0.0320781 -1.5 -0.0132872 -0.00867832 1.5 -0.0035947 -0.034054 -1.5 -0.00677377 -0.00921285 1.5 -0.00183254 -0.0347211 -1.5 0 -0.00939333 1.5 0 -0.034054 -1.5 0.00677365 -0.00921285 1.5 0.00183248 -0.0320781 -1.5 0.0132871 -0.00867832 1.5 0.00359458 -0.0288696 -1.5 0.01929 -0.00781029 1.5 0.00521856 -0.0245516 -1.5 0.0245515 -0.0066421 1.5 0.00664198 -0.01929 -1.5 0.0288695 -0.00521868 1.5 0.00781017 -0.0035947 1.5 0.0086782 -0.00183254 1.5 0.00921273 0 1.5 0.00939322 0 0.759357 -0.22 -0.0429199 0.759357 -0.215773 -0.0841904 0.759357 -0.203253 -0.122225 0.759357 -0.182923 -0.155564 0.759357 -0.155563 -0.182923 0.759357 -0.122225 -0.203253 0.759357 -0.0841903 -0.215773 0.759357 -0.0429198 -0.22 0.759357 0 -0.215773 0.759356 0.0429199 -0.203253 0.759356 0.0841903 -0.182923 0.759356 0.122225 -0.155563 0.759356 0.155564 -0.122225 0.759357 0.182923 -0.0841903 0.759357 0.203253 -0.0429198 0.759357 0.215773 0 0.759357 0.22 0 1.04551 -0.20903 -0.0407797 1.04551 -0.205013 -0.0799922 1.04551 -0.193118 -0.116131 1.04551 -0.173802 -0.147806 1.04551 -0.147806 -0.173802 1.04551 -0.116131 -0.193118 1.04551 -0.0799921 -0.205013 1.04551 -0.0407796 -0.20903 1.04551 0 -0.205013 1.04551 0.0407797 -0.193118 1.04551 0.0799921 -0.173802 1.04551 0.116131 -0.147806 1.04551 0.147806 -0.116131 1.04551 0.173802 -0.0799921 1.04551 0.193118 -0.0407796 1.04551 0.205013 0 1.04551 0.20903 -0.0429199 -0.743197 -0.215773 -0.0841903 -0.743197 -0.203253 -0.122225 -0.743197 -0.182923 -0.155563 -0.743197 -0.155564 -0.182923 -0.743197 -0.122225 -0.203253 -0.743197 -0.0841903 -0.215773 -0.743197 -0.0429198 -0.22 -0.743197 0 -0.215773 -0.743197 0.0429198 -0.203253 -0.743197 0.0841903 -0.182923 -0.743197 0.122225 -0.155563 -0.743197 0.155564 -0.122225 -0.743197 0.182923 -0.0841902 -0.743197 0.203253 -0.0429198 -0.743197 0.215773 0 -0.743197 0.22 0 -0.743197 -0.22 -0.0252959 -1.33698 -0.127171 -0.0496197 -1.33698 -0.119793 -0.0720367 -1.33698 -0.107811 -0.0916853 -1.33698 -0.0916853 -0.10781 -1.33698 -0.0720367 -0.119793 -1.33698 -0.0496197 -0.127171 -1.33698 -0.0252959 -0.129663 -1.33698 0 -0.127171 -1.33698 0.0252958 -0.119793 -1.33698 0.0496197 -0.10781 -1.33698 0.0720367 -0.0916853 -1.33698 0.0916853 -0.0720367 -1.33698 0.10781 0 -1.33698 -0.129663 0 -1.10507 -0.188688 -0.0368112 -1.10507 -0.185062 -0.0722077 -1.10507 -0.174325 -0.104829 -1.10507 -0.156888 -0.133423 -1.10507 -0.133423 -0.156888 -1.10507 -0.104829 -0.174325 -1.10507 -0.0722077 -0.185062 -1.10507 -0.0368112 -0.188688 -1.10507 0 -0.185062 -1.10507 0.0368112 -0.174325 -1.10507 0.0722077 -0.156888 -1.10507 0.104829 -0.133422 -1.10507 0.133423 -0.104829 -1.10507 0.156888 -0.0368111 -1.09784 0.185062 0 -1.5 -0.042097 -0.00821268 -1.5 -0.0412881 -0.0161098 -1.5 -0.0388925 -0.0233878 -1.5 -0.0350024 -0.029767 -1.5 -0.029767 -0.0350023 -1.5 -0.0233878 -0.0388924 -1.5 -0.0161098 -0.041288 -1.5 -0.00821275 -0.0420969 -1.5 0 -0.041288 -1.5 0.00821263 -0.0388924 -1.5 0.0161097 -0.0350023 -1.5 0.0233877 -0.029767 -1.5 0.0297669 -0.0233878 -1.5 0.0350022 0 -1.47745 -0.0347212 -0.0347212 -1.47745 0 -0.0132872 -1.47745 -0.0320782 -0.0245516 -1.47745 -0.0245516 -0.0320781 -1.47745 -0.0132872 -0.0320781 -1.47745 0.0132871 -0.0288696 -1.47745 0.01929 0 1.2345 -0.186888 -0.03646 1.2345 -0.183297 -0.071519 1.2345 -0.172662 -0.103829 1.2345 -0.155392 -0.13215 1.2345 -0.13215 -0.155392 1.2345 -0.103829 -0.172662 1.2345 -0.0715189 -0.183297 1.2345 -0.03646 -0.186888 1.2345 0 -0.183297 1.2345 0.03646 -0.172662 1.2345 0.0715189 -0.155392 1.2345 0.103829 -0.13215 1.2345 0.13215 -0.103829 1.2345 0.155392 -0.0715189 1.2345 0.172662 -0.03646 1.2345 0.183297 0 1.2345 0.186888 0 1.41 -0.112424 0 1.31934 -0.167001 -0.0325802 1.31934 -0.163792 -0.0219328 1.41 -0.110264 -0.0639085 1.31934 -0.154289 -0.0430228 1.41 -0.103866 -0.0927807 1.31934 -0.138856 -0.0624593 1.41 -0.093477 -0.118087 1.31934 -0.118087 -0.0794957 1.41 -0.0794957 -0.138856 1.31934 -0.0927806 -0.093477 1.41 -0.0624593 -0.154289 1.31934 -0.0639084 -0.103866 1.41 -0.0430228 -0.163792 1.31934 -0.0325802 -0.110264 1.41 -0.0219328 -0.167001 1.31934 0 -0.112424 1.41 0 -0.163792 1.31934 0.0325802 -0.110264 1.41 0.0219328 -0.154289 1.31934 0.0639084 -0.103866 1.41 0.0430227 -0.138856 1.31934 0.0927806 -0.093477 1.41 0.0624593 -0.118087 1.31934 0.118087 -0.0794957 1.41 0.0794957 -0.0927807 1.31934 0.138856 -0.0624593 1.41 0.093477 -0.0639084 1.31934 0.154289 -0.0430228 1.41 0.103866 -0.0325802 1.31934 0.163792 -0.0219328 1.41 0.110264 0 1.31934 0.167001 0 1.41 0.112424 0 -0.954614 -0.201674 -0.0393446 -0.954614 -0.197799 -0.0771773 -0.954614 -0.186322 -0.112044 -0.954614 -0.167686 -0.142605 -0.954614 -0.142605 -0.167686 -0.954614 -0.112044 -0.186322 -0.954614 -0.0771773 -0.197799 -0.954614 -0.0393446 -0.201674 -0.954614 0 -0.197799 -0.954614 0.0393446 -0.186322 -0.954614 0.0771773 -0.167686 -0.954614 0.112044 -0.142605 -0.954614 0.142605 -0.112044 -0.954614 0.167686 -0.0771772 -0.954614 0.186323 -0.0393445 -0.954614 0.197799 0 -0.941555 0.202806 0.0132872 -1.5 0.0320781 0.0118542 -1.44126 0.0476255 0.0234243 -1.44127 0.0476255 0.0489879 -1.33609 0.0745022 0.0368111 -1.09784 0.185062 0.0161098 -1.47745 0 0.0347212 -1.47745 0 0.01929 -1.47745 -0.0288696 0.0245516 -1.47745 -0.0245516 0.0288696 -1.47745 -0.0192901 0.034054 -1.47745 -0.00677377 0.0320781 -1.47745 0.0132871 0.00677377 -1.47745 0.0340539 0.0248715 -1.33609 0.0745022 0.0464715 -1.11164 0.10282 0.0363716 -1.09717 0.10282 0.00708717 -1.46201 0.0429061 0.00723225 -1.47199 0.0363591 0.0137548 -1.46202 0.0408959 0.0139695 -1.47199 0.0343272 0.00604641 -1.07485 0.108415 0.0155126 -1.08319 0.10282 0.013078 -1.14648 0.0960799 0.00507897 -0.966015 0.176212 0.00509369 -1.07462 0.167186 -0.0132872 -1.5 0.0320781 -0.0496197 -1.33698 0.119793 -0.0118542 -1.44126 0.0476255 -0.0234243 -1.44127 0.0476255 -0.0489879 -1.33609 0.0745022 -0.0471257 -1.11231 0.174325 -0.0161098 -1.5 0.0388924 0 -1.47745 -1.2971e-07 0 -1.47745 0.0347211 -0.0161098 -1.47745 0 -0.0132872 -1.47745 0.0320781 -0.00677377 -1.47745 -0.034054 -0.01929 -1.47745 -0.0288696 -0.0288696 -1.47745 -0.0192901 -0.034054 -1.47745 -0.00677377 -0.034054 -1.47745 0.00677365 -0.0245516 -1.47745 0.0245515 -0.01929 -1.47745 0.0288695 -0.00677377 -1.47745 0.0340539 -0.0248715 -1.33609 0.0745022 0 -1.44126 0.0476255 0 -1.33609 0.0745022 -0.0464715 -1.11164 0.10282 -0.0363716 -1.09717 0.10282 0 -1.0838 0.10282 -0.00708717 -1.46201 0.0429061 -0.00723225 -1.47199 0.0363591 -0.0137548 -1.46202 0.0408959 -0.0139695 -1.47199 0.0343272 0 -1.46201 0.0436041 0 -1.47199 0.0370714 -0.0130834 -1.08291 0.187399 -0.00604641 -1.07485 0.108415 -0.013046 -0.954614 0.200389 -0.0155126 -1.08319 0.10282 0 -1.14575 0.0958663 0 -1.07025 0.108415 -0.013078 -1.14648 0.0960799 0 -0.954614 0.200389 0 -1.07462 0.167186 0 -0.966015 0.176212 -0.00507897 -0.966015 0.176212 -0.00509369 -1.07462 0.167186 0 -1.33655 0.0223036 0 -1.5797 0.00780922 0.00435126 -1.33655 0.0218751 0.00152355 -1.5797 0.00765914 0.00853532 -1.33655 0.0206059 0.00298852 -1.5797 0.00721473 0.0123913 -1.33655 0.0185448 0.00433868 -1.5797 0.00649309 0.0157712 -1.33655 0.015771 0.00552207 -1.5797 0.00552189 0.018545 -1.33655 0.0123911 0.00649327 -1.5797 0.0043385 0.020606 -1.33655 0.00853515 0.0072149 -1.5797 0.0029884 0.0218753 -1.33655 0.00435114 0.00765932 -1.5797 0.00152338 0.0223038 -1.33655 0 0.0078094 -1.5797 0 0.0218753 -1.33655 -0.00435132 0.00765932 -1.5797 -0.00152361 0.020606 -1.33655 -0.00853532 0.0072149 -1.5797 -0.00298858 0.018545 -1.33655 -0.0123914 0.00649327 -1.5797 -0.00433868 0.0157712 -1.33655 -0.0157712 0.00552207 -1.5797 -0.00552207 0.0123913 -1.33655 -0.018545 0.00433868 -1.5797 -0.00649327 0.00853532 -1.33655 -0.020606 0.00298852 -1.5797 -0.00721496 0.00435126 -1.33655 -0.0218753 0.00152355 -1.5797 -0.00765938 0 -1.33655 -0.0223038 0 -1.5797 -0.0078094 -0.00435114 -1.33655 -0.0218753 -0.00152343 -1.5797 -0.00765938 -0.00853521 -1.33655 -0.020606 -0.0029884 -1.5797 -0.00721496 -0.0123912 -1.33655 -0.018545 -0.00433856 -1.5797 -0.00649327 -0.015771 -1.33655 -0.0157712 -0.00552195 -1.5797 -0.00552207 -0.0185448 -1.33655 -0.0123914 -0.00649315 -1.5797 -0.00433868 -0.0206059 -1.33655 -0.00853532 -0.00721478 -1.5797 -0.00298858 -0.0218751 -1.33655 -0.00435132 -0.0076592 -1.5797 -0.00152355 -0.0223036 -1.33655 0 -0.00780922 -1.5797 0 -0.0218751 -1.33655 0.00435114 -0.0076592 -1.5797 0.00152338 -0.0206059 -1.33655 0.00853515 -0.00721478 -1.5797 0.0029884 -0.0185448 -1.33655 0.0123912 -0.00649309 -1.5797 0.0043385 -0.015771 -1.33655 0.015771 -0.00552195 -1.5797 0.00552189 -0.0123912 -1.33655 0.0185448 -0.0043385 -1.5797 0.00649309 -0.00853515 -1.33655 0.0206059 -0.0029884 -1.5797 0.00721478 -0.00435114 -1.33655 0.0218751 -0.00152343 -1.5797 0.00765914 0 -1.54531 0.0223036 0.00435126 -1.54531 0.0218751 0.00853532 -1.54531 0.0206059 0.0123913 -1.54531 0.0185448 0.0157712 -1.54531 0.015771 0.018545 -1.54531 0.0123911 0.020606 -1.54531 0.00853515 0.0218753 -1.54531 0.00435114 0.0223038 -1.54531 0 0.0218753 -1.54531 -0.00435132 0.020606 -1.54531 -0.00853532 0.018545 -1.54531 -0.0123914 0.0157712 -1.54531 -0.0157712 0.0123913 -1.54531 -0.018545 0.00853532 -1.54531 -0.020606 0.00435126 -1.54531 -0.0218753 0 -1.54531 -0.0223038 -0.00435114 -1.54531 -0.0218753 -0.00853521 -1.54531 -0.020606 -0.0123912 -1.54531 -0.018545 -0.015771 -1.54531 -0.0157712 -0.0185448 -1.54531 -0.0123914 -0.0206059 -1.54531 -0.00853532 -0.0218751 -1.54531 -0.00435132 -0.0223036 -1.54531 0 -0.0218751 -1.54531 0.00435114 -0.0206059 -1.54531 0.00853515 -0.0185448 -1.54531 0.0123912 -0.015771 -1.54531 0.015771 -0.0123912 -1.54531 0.0185448 -0.00853515 -1.54531 0.0206059 -0.00435114 -1.54531 0.0218751 0.00328416 -1.5797 0.0165101 0 -1.5797 0.0168336 0.00644201 -1.5797 0.0155522 0.00935239 -1.5797 0.0139966 0.0119033 -1.5797 0.0119031 0.0139968 -1.5797 0.00935221 0.0155524 -1.5797 0.00644189 0.0165103 -1.5797 0.00328398 0.0168338 -1.5797 0 0.0165103 -1.5797 -0.00328416 0.0155524 -1.5797 -0.00644207 0.0139968 -1.5797 -0.00935239 0.0119033 -1.5797 -0.0119033 0.00935239 -1.5797 -0.0139968 0.00644201 -1.5797 -0.0155524 0.00328416 -1.5797 -0.0165104 0 -1.5797 -0.0168338 -0.00328404 -1.5797 -0.0165104 -0.00644189 -1.5797 -0.0155524 -0.00935221 -1.5797 -0.0139968 -0.0119032 -1.5797 -0.0119033 -0.0139967 -1.5797 -0.00935239 -0.0155523 -1.5797 -0.00644207 -0.0165102 -1.5797 -0.00328416 -0.0168337 -1.5797 0 -0.0165102 -1.5797 0.00328398 -0.0155522 -1.5797 0.00644189 -0.0139967 -1.5797 0.00935221 -0.0119032 -1.5797 0.0119032 -0.00935221 -1.5797 0.0139966 -0.00644189 -1.5797 0.0155522 -0.00328398 -1.5797 0.0165102 0.00152355 -1.61557 0.0076592 0 -1.61557 0.00780922 0.00298852 -1.61557 0.00721478 0.00433868 -1.61557 0.00649309 0.00552207 -1.61557 0.00552195 0.00649327 -1.61557 0.0043385 0.0072149 -1.61557 0.0029884 0.00765932 -1.61557 0.00152338 0.0078094 -1.61557 0 0.00765932 -1.61557 -0.00152355 0.0072149 -1.61557 -0.00298858 0.00649327 -1.61557 -0.00433868 0.00552207 -1.61557 -0.00552207 0.00433868 -1.61557 -0.00649327 0.00298852 -1.61557 -0.0072149 0.00152355 -1.61557 -0.00765932 0 -1.61557 -0.0078094 -0.00152343 -1.61557 -0.00765932 -0.0029884 -1.61557 -0.0072149 -0.00433856 -1.61557 -0.00649327 -0.00552195 -1.61557 -0.00552207 -0.00649315 -1.61557 -0.00433868 -0.00721478 -1.61557 -0.00298858 -0.0076592 -1.61557 -0.00152355 -0.00780922 -1.61557 0 -0.0076592 -1.61557 0.00152343 -0.00721478 -1.61557 0.0029884 -0.00649309 -1.61557 0.0043385 -0.00552195 -1.61557 0.00552195 -0.0043385 -1.61557 0.00649315 -0.0029884 -1.61557 0.00721478 -0.00152343 -1.61557 0.0076592 0 -1.17561 0.100653 0 -1.53767 0.0925077 0.00647908 -1.17561 0.100015 0.00489008 -1.53767 0.092026 0.0127092 -1.17561 0.0981247 0.00959229 -1.53767 0.0905996 0.018451 -1.17561 0.0950556 0.0139259 -1.53767 0.0882833 0.0234837 -1.17561 0.0909254 0.0177243 -1.53767 0.085166 0.0276139 -1.17561 0.0858927 0.0208416 -1.53767 0.0813676 0.0306829 -1.17561 0.080151 0.0231579 -1.53767 0.077034 0.0325729 -1.17561 0.0739208 0.0245843 -1.53767 0.0723318 0.033211 -1.17561 0.0674417 0.0250659 -1.53767 0.0674417 0.0325729 -1.17561 0.0609625 0.0245843 -1.53767 0.0625516 0.030683 -1.17561 0.0547324 0.023158 -1.53767 0.0578493 0.0276139 -1.17561 0.0489906 0.0208416 -1.53767 0.0535157 0.0234837 -1.17561 0.0439579 0.0177243 -1.53767 0.0497173 0.018451 -1.17561 0.0398277 0.0139259 -1.53767 0.0466 0.0127092 -1.17561 0.0367587 0.00959229 -1.53767 0.0442837 0.00647908 -1.17561 0.0348688 0.00489008 -1.53767 0.0428573 0 -1.17561 0.0342306 0 -1.53767 0.0423757 -0.00647914 -1.17561 0.0348688 -0.00489014 -1.53767 0.0428573 -0.0127093 -1.17561 0.0367587 -0.00959235 -1.53767 0.0442837 -0.0184511 -1.17561 0.0398277 -0.0139259 -1.53767 0.0466 -0.0234837 -1.17561 0.0439579 -0.0177243 -1.53767 0.0497173 -0.027614 -1.17561 0.0489906 -0.0208416 -1.53767 0.0535157 -0.030683 -1.17561 0.0547324 -0.023158 -1.53767 0.0578493 -0.0325729 -1.17561 0.0609626 -0.0245843 -1.53767 0.0625516 -0.033211 -1.17561 0.0674417 -0.025066 -1.53767 0.0674417 -0.0325729 -1.17561 0.0739208 -0.0245843 -1.53767 0.0723318 -0.030683 -1.17561 0.080151 -0.023158 -1.53767 0.077034 -0.0276139 -1.17561 0.0858928 -0.0208416 -1.53767 0.0813676 -0.0234837 -1.17561 0.0909254 -0.0177243 -1.53767 0.085166 -0.018451 -1.17561 0.0950556 -0.0139259 -1.53767 0.0882833 -0.0127092 -1.17561 0.0981247 -0.00959229 -1.53767 0.0905996 -0.00647908 -1.17561 0.100015 -0.00489008 -1.53767 0.092026 0 -1.48646 0.100653 0.00647908 -1.48646 0.100015 0.0127092 -1.48646 0.0981247 0.018451 -1.48646 0.0950556 0.0234837 -1.48646 0.0909254 0.0276139 -1.48646 0.0858927 0.0306829 -1.48646 0.080151 0.0325729 -1.48646 0.0739208 0.033211 -1.48646 0.0674417 0.0325729 -1.48646 0.0609625 0.030683 -1.48646 0.0547324 0.0276139 -1.48646 0.0489906 0.0234837 -1.48646 0.0439579 0.018451 -1.48646 0.0398277 0.0127092 -1.48646 0.0367587 0.00647908 -1.48646 0.0348688 0 -1.48646 0.0342306 -0.00647914 -1.48646 0.0348688 -0.0127093 -1.48646 0.0367587 -0.0184511 -1.48646 0.0398277 -0.0234837 -1.48646 0.0439579 -0.027614 -1.48646 0.0489906 -0.030683 -1.48646 0.0547324 -0.0325729 -1.48646 0.0609626 -0.033211 -1.48646 0.0674417 -0.0325729 -1.48646 0.0739208 -0.030683 -1.48646 0.080151 -0.0276139 -1.48646 0.0858928 -0.0234837 -1.48646 0.0909254 -0.018451 -1.48646 0.0950556 -0.0127092 -1.48646 0.0981247 -0.00647908 -1.48646 0.100015 0 1.46272 -0.0621085 0.0121168 1.46272 -0.0609151 0.0237679 1.46272 -0.0573808 0.0345057 1.46272 -0.0516413 0.0439174 1.46272 -0.0439174 0.0516414 1.46272 -0.0345057 0.0573808 1.46272 -0.0237679 0.0609152 1.46272 -0.0121168 0.0621086 1.46272 0 0.0609152 1.46272 0.0121167 0.0573808 1.46272 0.0237678 0.0516413 1.46272 0.0345056 0.0439174 1.46272 0.0439173 0.0345057 1.46272 0.0516413 0.0237679 1.46272 0.0573807 0.0121168 1.46272 0.060915 0 1.46272 0.0621084 -0.0121168 1.46272 -0.0609151 -0.0237679 1.46272 -0.0573808 -0.0345057 1.46272 -0.0516413 -0.0439174 1.46272 -0.0439174 -0.0516414 1.46272 -0.0345057 -0.0573808 1.46272 -0.0237679 -0.0609152 1.46272 -0.0121168 -0.0621086 1.46272 0 -0.0609152 1.46272 0.0121167 -0.0573808 1.46272 0.0237678 -0.0516413 1.46272 0.0345056 -0.0439174 1.46272 0.0439173 -0.0345057 1.46272 0.0516413 -0.0237679 1.46272 0.0573807 -0.0121168 1.46272 0.060915</float_array>
                    <technique_common>
                        <accessor count="741" source="#shape0-lib-positions-array" stride="3">
                            <param name="X" type="float" />
                            <param name="Y" type="float" />
                            <param name="Z" type="float" />
                        </accessor>
                    </technique_common>
                </source>
                <source id="shape0-lib-normals" name="normal">
                    <float_array id="shape0-lib-normals-array" count="4710">0.471055 0.0381252 -0.88128 0.633932 0.038125 -0.772448 0.772448 0.0381251 -0.633932 0.88128 0.0381248 -0.471054 0.956245 0.0381249 -0.290072 0.994461 0.0381247 -0.0979473 0.994461 0.0381246 0.0979473 0.956245 0.0381246 0.290073 0.88128 0.0381249 0.471054 0.772448 0.038125 0.633932 0.633932 0.0381251 0.772448 0.471054 0.0381248 0.88128 0.290074 0.0381249 0.956245 0.0979454 0.0381249 0.994461 0 1 0 0.0979472 0.038125 -0.994461 0.0980187 -5.92168e-8 0.995185 0.290284 -1.15152e-8 0.956941 0.471396 0 0.881921 0.634393 0 0.77301 0.77301 0 0.634394 0.881922 -5.24773e-8 0.471395 0.95694 -1.15153e-8 0.290285 0.995185 -3.81755e-9 0.0980162 0.995185 0 -0.0980162 0.956941 0 -0.290284 0.881921 0 -0.471397 0.77301 -9.62284e-9 -0.634394 0.634393 9.88072e-9 -0.77301 0.471397 -1.86998e-8 -0.881921 0.290286 5.69411e-8 -0.95694 0.0980164 0 -0.995185 0.290072 0.0381247 -0.956245 0.0973554 0.115808 0.988489 0.288331 0.115808 0.950502 0.468225 0.115808 0.875988 0.630126 0.115807 0.767808 0.767811 0.115808 0.630122 0.875987 0.115808 0.468227 0.950502 0.115808 0.288331 0.988489 0.115808 0.0973578 0.988489 0.115808 -0.0973578 0.950502 0.115808 -0.288331 0.875988 0.115808 -0.468225 0.76781 0.115807 -0.630124 0.630125 0.115808 -0.767809 0.468227 0.115807 -0.875986 0.288334 0.115808 -0.950501 0.0973553 0.115808 -0.988489 0.0954521 0.227182 0.969163 0.282694 0.227182 0.931919 0.459071 0.227182 0.858861 0.617804 0.227183 0.752799 0.752798 0.227182 0.617805 0.858861 0.227183 0.45907 0.931918 0.227182 0.282697 0.969163 0.227183 0.0954522 0.969163 0.227182 -0.0954522 0.931918 0.227183 -0.282697 0.858861 0.227182 -0.459072 0.752798 0.227182 -0.617805 0.617805 0.227181 -0.752799 0.45907 0.227183 -0.858861 0.282694 0.227183 -0.931919 0.0976545 -0.0859445 -0.991503 0.289212 -0.0859448 -0.953399 0.469651 -0.0859444 -0.878659 0.632047 -0.0859446 -0.77015 0.77015 -0.0859445 -0.632047 0.878659 -0.085945 -0.46965 0.9534 -0.085945 -0.28921 0.991502 -0.0859448 -0.0976545 0.991503 -0.0859446 0.0976545 0.9534 -0.0859448 0.28921 0.878658 -0.0859446 0.469653 0.770151 -0.0859451 0.632045 0.632046 -0.0859449 0.77015 0.469653 -0.0859447 0.878658 0.289208 -0.0859448 0.9534 0.0976558 -0.0859447 0.991502 0.415724 -0.471428 0.777772 0.559478 -0.471429 0.681718 0.681718 -0.471428 0.559479 0.777772 -0.471429 0.415723 0.843929 -0.471429 0.256005 0.877657 -0.471428 0.0864453 0.877657 -0.471429 -0.0864435 0.843929 -0.471428 -0.256005 0.777772 -0.471428 -0.415724 0.681721 -0.471429 -0.559474 0.559475 -0.471428 -0.681721 0.415724 -0.471428 -0.777772 0.256005 -0.471428 -0.843929 0.0864438 -0.471428 -0.877658 -0.290287 0 0.95694 -0.0980156 0 0.995185 -0.471396 0 -0.881922 0.0418829 -0.0892345 0.99513 0.461441 -0.20442 0.863298 0.614972 -0.245542 0.749345 0.749345 -0.245542 0.614972 0.854923 -0.245542 0.456964 0.927644 -0.245542 0.2814 0.964718 -0.245542 0.0950155 0.964718 -0.245542 -0.0950153 0.927644 -0.245542 -0.2814 0.854923 -0.245542 -0.456964 0.749346 -0.245542 -0.614971 0.614972 -0.245541 -0.749345 0.456962 -0.245542 -0.854924 0.2814 -0.245542 -0.927644 0.095005 -0.245541 -0.964719 0 -1 0 0 -1 0 0 -1 0 0 -1 0 0 -1 0 0 -1 0 0 -1 0 0 -1 0 0 -1 0 0 -1 0 0 -1 0 0 -1 0 0 -1 0 0 -1 0 -0.471396 1.24425e-6 0.881922 -0.634389 0 0.773014 -0.773014 -1.6827e-6 0.634389 -0.881922 0 0.471396 -0.95694 0 0.290285 -0.995185 0 0.0980156 -0.995185 2.63075e-6 -0.0980173 -0.95694 0 -0.290285 -0.881922 0 -0.471396 -0.773014 0 -0.634389 -0.634389 0 -0.773014 0.0954551 0.227181 -0.969163 0.0567733 0.815174 0.576427 0.168137 0.815174 0.554275 0.273041 0.815174 0.510822 0.367451 0.815174 0.447739 0.44774 0.815174 0.367451 0.510823 0.815174 0.27304 0.554274 0.815174 0.16814 0.576427 0.815174 0.0567734 0.576427 0.815174 -0.0567733 0.554275 0.815174 -0.168139 0.510824 0.815174 -0.273039 0.447738 0.815174 -0.367453 0.367451 0.815174 -0.44774 0.273041 0.815174 -0.510823 0.168136 0.815174 -0.554276 0.0567732 0.815174 -0.576427 0.0840793 0.513951 0.853689 0.249013 0.513951 0.820882 0.404374 0.513951 0.756529 0.544195 0.513951 0.663103 0.663104 0.513951 0.544194 0.756529 0.513951 0.404374 0.820881 0.513951 0.249014 0.853689 0.513952 0.0840776 0.853689 0.513951 -0.0840776 0.820882 0.513951 -0.249013 0.75653 0.513951 -0.404373 0.663103 0.513951 -0.544195 0.544195 0.513951 -0.663103 0.404373 0.513951 -0.75653 0.249013 0.513951 -0.820882 0.0840818 0.513951 -0.853689 0.584553 -0.171726 0.792974 0.301661 -0.129352 0.9446 0.632065 -0.0855794 0.770175 0.770175 -0.0855794 0.632066 0.878686 -0.0855799 0.469666 0.953429 -0.0855794 0.289221 0.991534 -0.0855793 0.097658 0.991534 -0.0855794 -0.097658 0.953429 -0.0855794 -0.289221 0.878686 -0.0855799 -0.469666 0.770176 -0.0855794 -0.632064 0.632064 -0.0855802 -0.770176 0.469669 -0.0855795 -0.878685 0.289219 -0.0855794 -0.95343 0.097658 -0.0855801 -0.991534 0 -0.181984 0.983302 -0.471055 0.0381252 -0.88128 -0.633932 0.0381251 -0.772448 -0.772448 0.0381251 -0.633932 -0.88128 0.0381248 -0.471054 -0.956245 0.0381249 -0.290072 -0.994461 0.0381247 -0.0979473 -0.994461 0.038125 0.0979447 -0.956245 0.0381246 0.290073 -0.88128 0.0381249 0.471054 -0.772447 0.0381248 0.633933 -0.633932 0.0381251 0.772448 -0.471054 0.0381248 0.88128 -0.290074 0.0381249 0.956245 -0.0979454 0.0381249 0.994461 0 1 0 -0.0979472 0.038125 -0.994461 -0.0980187 -5.92844e-8 0.995185 -0.290284 -1.16772e-8 0.956941 -0.471396 0 0.881921 -0.634393 0 0.77301 -0.77301 0 0.634394 -0.881922 -5.20983e-8 0.471395 -0.95694 -1.16772e-8 0.290285 -0.995185 -6.90863e-8 0.0980185 -0.995185 0 -0.0980162 -0.956941 0 -0.290284 -0.881921 0 -0.471397 -0.77301 -9.88069e-9 -0.634394 -0.634394 0 -0.77301 -0.471397 -1.88632e-8 -0.881921 -0.290286 5.74878e-8 -0.95694 -0.0980164 0 -0.995185 -0.290072 0.0381247 -0.956245 -0.0973554 0.115808 0.988489 -0.288331 0.115808 0.950502 -0.468225 0.115808 0.875988 -0.630124 0.115808 0.76781 -0.767811 0.115808 0.630122 -0.875987 0.115808 0.468227 -0.950502 0.115808 0.288331 -0.988489 0.115808 0.0973578 -0.988489 0.115808 -0.0973578 -0.950502 0.115808 -0.288331 -0.875987 0.115808 -0.468226 -0.76781 0.115807 -0.630124 -0.630124 0.115807 -0.76781 -0.468227 0.115807 -0.875986 -0.288331 0.115807 -0.950502 -0.0973553 0.115808 -0.988489 -0.0954522 0.227182 0.969163 -0.282694 0.227182 0.931919 -0.459071 0.227182 0.858861 -0.617806 0.227182 0.752798 -0.752798 0.227182 0.617805 -0.858861 0.227183 0.45907 -0.931918 0.227182 0.282697 -0.969163 0.227183 0.0954522 -0.969163 0.227182 -0.0954522 -0.931918 0.227183 -0.282697 -0.858861 0.227183 -0.45907 -0.752798 0.227182 -0.617805 -0.617806 0.227182 -0.752798 -0.45907 0.227183 -0.858861 -0.282694 0.227183 -0.931919 -0.0976545 -0.0859445 -0.991503 -0.289212 -0.0859448 -0.953399 -0.469653 -0.0859448 -0.878658 -0.632046 -0.0859444 -0.77015 -0.77015 -0.0859445 -0.632047 -0.878658 -0.0859444 -0.469653 -0.9534 -0.085945 -0.28921 -0.991502 -0.0859448 -0.0976545 -0.991503 -0.0859446 0.0976545 -0.9534 -0.0859448 0.28921 -0.878658 -0.0859446 0.469653 -0.770151 -0.0859451 0.632045 -0.632046 -0.0859449 0.77015 -0.469653 -0.0859447 0.878658 -0.289209 -0.0859445 0.9534 -0.0976558 -0.0859447 0.991502 -0.415724 -0.471428 0.777772 -0.559478 -0.471429 0.681718 -0.681718 -0.471428 0.559478 -0.777772 -0.471429 0.415724 -0.843929 -0.471428 0.256005 -0.877658 -0.471428 0.0864444 -0.877658 -0.471429 -0.0864432 -0.843929 -0.471429 -0.256005 -0.777771 -0.471428 -0.415726 -0.681722 -0.471428 -0.559474 -0.559474 -0.471429 -0.681721 -0.415724 -0.471428 -0.777772 -0.256005 -0.471428 -0.843929 -0.0864211 -0.471427 -0.877661 0.290287 0 0.95694 0.0980156 0 0.995185 0.471396 0 -0.881922 -0.0418829 -0.0892345 0.99513 -0.308201 -0.238478 0.920945 -0.614972 -0.245542 0.749345 -0.749345 -0.245542 0.614972 -0.854923 -0.245542 0.456964 -0.927644 -0.245542 0.2814 -0.964718 -0.245542 0.0950155 -0.964718 -0.245542 -0.0950153 -0.927644 -0.245542 -0.2814 -0.854923 -0.245542 -0.456964 -0.749346 -0.245542 -0.614971 -0.614972 -0.245541 -0.749345 -0.456962 -0.245542 -0.854924 -0.2814 -0.245542 -0.927644 -0.0950169 -0.245543 -0.964718 0 -1 0 0 -1 0 0 -1 0 0 -1 0 0 -1 0 0 -1 0 0 -1 0 0 -1 0 0 -1 0 0 -1 0 0 -1 0 0 -1 0 0 -1 0 0 -1 0 0.471396 1.24589e-6 0.881922 0.634389 0 0.773014 0.773014 -1.67668e-6 0.634389 0.881922 0 0.471396 0.95694 0 0.290285 0.995185 0 0.0980156 0.995185 2.63026e-6 -0.0980173 0.95694 0 -0.290285 0.881922 0 -0.471396 0.773014 0 -0.634389 0.634389 0 -0.773014 -0.0954552 0.227181 -0.969163 -0.0567732 0.815174 0.576427 -0.168137 0.815174 0.554275 -0.273036 0.815174 0.510825 -0.367451 0.815174 0.44774 -0.447737 0.815174 0.367456 -0.510825 0.815174 0.273037 -0.554274 0.815174 0.16814 -0.576427 0.815174 0.0567723 -0.576427 0.815174 -0.0567732 -0.554277 0.815174 -0.168135 -0.510824 0.815174 -0.273039 -0.447737 0.815174 -0.367454 -0.367451 0.815174 -0.44774 -0.273041 0.815174 -0.510823 -0.168136 0.815174 -0.554276 -0.0567706 0.815174 -0.576427 -0.0840776 0.513952 0.853689 -0.249013 0.513951 0.820882 -0.404374 0.513951 0.756529 -0.544195 0.513951 0.663103 -0.663104 0.513951 0.544194 -0.756529 0.513951 0.404374 -0.820882 0.513951 0.249013 -0.853689 0.513952 0.0840777 -0.853689 0.513951 -0.0840777 -0.820882 0.513951 -0.249013 -0.756529 0.513951 -0.404374 -0.663103 0.513951 -0.544195 -0.544195 0.513951 -0.663103 -0.404374 0.513951 -0.756529 -0.249014 0.513951 -0.820882 -0.0840774 0.51395 -0.85369 -0.584553 -0.171726 0.792974 -0.469668 -0.0855799 0.878686 -0.632065 -0.0855794 0.770175 -0.770175 -0.0855793 0.632065 -0.878686 -0.0855799 0.469666 -0.953429 -0.0855794 0.289221 -0.991534 -0.0855793 0.097658 -0.991534 -0.0855794 -0.097658 -0.95343 -0.0855799 -0.289219 -0.878687 -0.0855802 -0.469665 -0.770176 -0.0855794 -0.632064 -0.632064 -0.0855802 -0.770176 -0.469669 -0.0855795 -0.878685 -0.289221 -0.0855801 -0.953429 -0.0976576 -0.08558 -0.991534 0 -0.181984 0.983302 -0.970182 0.0871998 0.226147 -0.999823 -0.0129369 0.013694 0.0900938 -0.393843 0.914752 -0.820059 -0.572275 0.0021557 -0.81947 0.302885 -0.486549 0.2654 -0.393891 0.880007 -0.921119 -0.0772381 0.381541 0 -1 0 0 -1 0 0 -1 0 0 -1 0 0.0821175 -0.54602 0.833738 0 -0.247581 0.968867 -6.37706e-5 -0.247574 0.968869 0.244908 -0.529697 0.81206 0 -0.113073 0.993587 -1.61315e-5 -0.125173 0.992135 0.277513 -0.273253 0.921043 0.0962439 -0.189389 0.977174 -0.556598 -0.830773 -0.00379334 -0.93369 -0.0297835 0.356843 0 -0.904484 0.426508 -0.0224275 -0.111517 0.993509 0 -0.997243 -0.0742015 -0.0690206 -0.10302 0.992282 -0.664017 -0.747676 -0.00788879 0 -0.0828238 0.996564 -0.605378 -0.795909 -0.00675273 -0.278673 -0.36638 0.887754 0.970182 0.0871998 0.226147 0.999871 -0.0132894 0.0090231 -0.0900937 -0.393843 0.914752 0.814447 -0.580238 -0.000374628 0.998597 0 0.0529544 -0.266625 -0.395452 0.878936 0.921119 -0.0772381 0.381541 0 -1 0 0 -1 0 0 -1 0 0 -1 0 -0.0821166 -0.54602 0.833738 0 -0.247581 0.968867 3.18378e-5 -0.247574 0.968869 -0.244559 -0.529558 0.812256 0 -0.113073 0.993587 1.60873e-5 -0.125173 0.992135 -0.277512 -0.273253 0.921043 -0.0962439 -0.189389 0.977174 0.533257 -0.845861 -0.0125246 0.944447 -0.0333795 0.326964 0 -0.904484 0.426507 0.0224275 -0.111517 0.993509 0 -0.997243 -0.0742015 0.0424662 -0.115578 0.99239 0.69823 -0.715654 -0.0176924 0 -0.0828238 0.996564 0.605378 -0.795909 -0.00675273 -0.0212632 -0.539896 0.841463 0.401554 0.915836 0 1 0 0 -0.372513 -0.928027 0 0 0 -1 0 0 1 0 1 0 1 0 0 0 -1 0 0 0 1 0 0 -1 -0.401554 0.915836 0 -1 0 0 0.372513 -0.928027 0 0 0 -1 0 0 1 0 1 0 -1 0 0 0 -1 0 0 0 1 0 0 -1 0.1458 0.957289 -0.249681 0.605166 0.779088 0.163696 0 0 -1 -0.659278 -0.0624989 -0.749298 -0.00514786 -0.00846421 0.999951 0.99261 -0.102745 0.0645748 0.49101 0.853978 0.172136 0.0149406 -0.0139567 -0.999791 -0.0262377 0.00274856 0.999652 -0.0227153 -0.00192437 0.99974 0.994587 0.084178 0.0609193 -0.0412706 -0.0173565 -0.998997 0 0 -1 0.993489 0.10114 0.0524457 0.992157 -0.112524 0.0544407 0.327176 0.930132 0.166768 0.981163 -0.0658268 0.181622 0.981165 0.065827 0.18161 0.138804 -0.0335458 -0.989752 0.271778 -0.822274 0.500002 0.10121 -0.00666339 0.994843 0.0944593 0.00895473 0.995488 0.202388 0.0121544 -0.97923 0 -0.984305 0.176477 0 0 1 0 0.014267 -0.999898 0.723938 -0.676263 0.136316 0 0.10182 -0.994803 0 0 1 0 -0.978631 0.205623 -0.1458 0.957289 -0.249681 -0.605166 0.779088 0.163696 0 0 -1 0.659278 -0.0624989 -0.749297 0.00355062 -0.0100941 0.999943 -0.992737 -0.103995 0.060477 -0.49101 0.853978 0.172136 -0.0148207 -0.0131516 -0.999804 0.0243086 0.00275692 0.999701 0.0262377 -0.00267108 0.999652 -0.994587 0.084178 0.0609193 0.658466 0.0797293 -0.748375 0 0 -1 -0.993489 0.10114 0.0524457 -0.972016 -0.234915 0.000662632 -0.327176 0.930131 0.166768 -0.976583 -0.0642952 0.20531 -0.981165 0.065827 0.18161 -0.138804 -0.0335458 -0.989752 -0.204294 -0.978811 0.0139161 -0.0944595 -0.00895474 0.995488 -0.0944593 0.00895473 0.995488 -0.141184 0.0327518 -0.989442 0 -0.984305 0.176477 0 0 1 0 0.014267 -0.999898 -0.739369 -0.652949 0.16429 0 0.10182 -0.994803 0 0 1 0 -0.978631 0.205623 0.0968116 -0.156351 0.982946 0.286714 -0.156351 0.945172 0.465599 -0.156351 0.871075 0.626592 -0.15635 0.763503 0.763502 -0.156351 0.626593 0.871075 -0.156351 0.465599 0.94517 -0.156352 0.286718 0.982946 -0.156351 0.0968117 0.982946 -0.156351 -0.0968079 0.94517 -0.156352 -0.286718 0.871078 -0.156351 -0.465593 0.763496 -0.156351 -0.6266 0.626592 -0.156349 -0.763503 0.465599 -0.156349 -0.871076 0.286714 -0.15635 -0.945172 0.0968091 -0.15635 -0.982946 -0.0968117 -0.15635 -0.982946 -0.286714 -0.15635 -0.945172 -0.465599 -0.156352 -0.871075 -0.626592 -0.156351 -0.763503 -0.763503 -0.15635 -0.626592 -0.871073 -0.15635 -0.465604 -0.945174 -0.15635 -0.286705 -0.982946 -0.156349 -0.0968103 -0.982946 -0.156349 0.0968142 -0.945171 -0.15635 0.286718 -0.871078 -0.15635 0.465594 -0.763503 -0.15635 0.626592 -0.626592 -0.15635 0.763503 -0.465594 -0.15635 0.871078 0.0980346 1.64063e-6 0.995183 -0.286718 -0.15635 0.945171 -0.0968143 -0.15635 0.982945 -0.0980197 0 0.995184 -0.290288 0 0.956939 -0.471391 0 0.881924 -0.634394 0 0.77301 -0.77301 0 0.634394 -0.881924 0 0.471391 -0.956939 0 0.290288 -0.995184 0 0.0980197 -0.995185 0 -0.0980157 -0.956943 0 -0.290275 -0.881919 0 -0.471401 -0.77301 0 -0.634394 -0.634394 0 -0.77301 -0.471396 0 -0.881922 -0.290284 0 -0.95694 -0.0980172 0 -0.995185 0.0980145 0 -0.995185 0.290284 0 -0.95694 0.471396 0 -0.881922 0.634394 0 -0.77301 0.773003 0 -0.634402 0.881925 0 -0.47139 0.956939 0 -0.290288 0.995185 0 -0.0980132 0.995185 0 0.0980172 0.956939 0 0.290288 0.881922 0 0.471396 0.773009 0 0.634395 0.634394 0 0.77301 0.471396 0 0.881921 0.290284 0 0.956941 0.0980171 0 0.995185 0 -1 0 0 -1 0 0 -1 0 0 -1 0 0 -1 0 0 -1 0 0 -1 0 0 -1 0 0 -1 0 0 -1 0 0 -1 0 0 -1 0 0 -1 0 0 -1 0 0 -1 0 0 -1 0 0 -1 0 0 -1 0 0 -1 0 0 -1 0 0 -1 0 0 -1 0 0 -1 0 0 -1 0 0 -1 0 0 -1 0 0 -1 0 0 -1 0 0 -1 0 0 -1 0 0 -1 0 0 -1 0 0 -1 0 -0.773041 1.0623e-6 0.634356 0.290297 -1.57753e-6 -0.956937 0.290297 1.57753e-6 0.956937 -0.63438 1.29386e-6 0.773022 0.0979964 0 -0.995187 0.471374 0 0.881933 -0.47139 0 0.881925 -0.098004 -1.6405e-6 -0.995186 0.634399 1.29597e-6 0.773006 -0.290297 1.57766e-6 0.956937 -0.290298 -1.6025e-6 -0.956936 0.773006 0 0.634399 -0.0980422 0 0.995182 -0.471374 0 -0.881933 0.881925 0 0.47139 -0.634399 0 -0.773006 0.95694 0 0.290287 -0.773006 0 -0.634399 0.995182 0 0.098046 -0.881925 0 -0.47139 0.995183 -1.6121e-7 -0.0980309 -0.95694 0 -0.290286 0.956936 0 -0.290298 -0.995187 0 -0.0979964 0.881925 0 -0.47139 -0.995186 1.63801e-7 0.098004 0.773006 0 -0.634399 -0.956937 0 0.290297 0.634399 0 -0.773006 -0.881908 0 0.471421 0.471404 -1.47604e-6 -0.881917 0.0968073 -0.156349 0.982946 0.286717 -0.156349 0.945171 0.4656 -0.156348 0.871075 0.62659 -0.156349 0.763505 0.763504 -0.156349 0.626591 0.871079 -0.156348 0.465594 0.94517 -0.156348 0.286722 0.982946 -0.156348 0.0968099 0.982946 -0.156349 -0.0968089 0.945172 -0.156348 -0.286715 0.871075 -0.156348 -0.4656 0.763501 -0.156348 -0.626595 0.626595 -0.156349 -0.763501 0.465599 -0.156349 -0.871076 0.286714 -0.156348 -0.945172 0.0968112 -0.156348 -0.982946 -0.0968104 -0.156348 -0.982946 -0.286714 -0.156348 -0.945172 -0.465599 -0.156349 -0.871076 -0.626596 -0.156348 -0.763501 -0.763501 -0.156348 -0.626595 -0.871079 -0.156349 -0.465593 -0.945173 -0.156348 -0.286712 -0.982945 -0.156348 -0.0968187 -0.982945 -0.156348 0.0968188 -0.945173 -0.156348 0.286712 -0.871075 -0.156348 0.465601 -0.763501 -0.156349 0.626595 -0.62659 -0.156349 0.763505 -0.4656 -0.156348 0.871075 0 -1 0 -0.286717 -0.156349 0.945171 -0.0968073 -0.156349 0.982946 -0.0980127 0 0.995185 -0.290287 0 0.95694 -0.471397 0 0.881921 -0.634392 0 0.773012 -0.773007 0 0.634397 -0.881921 0 0.471398 -0.956941 0 0.290281 -0.995184 0 0.0980244 -0.995184 0 -0.0980242 -0.956941 0 -0.290282 -0.881925 0 -0.47139 -0.773007 0 -0.634397 -0.634397 0 -0.773007 -0.471396 0 -0.881922 -0.290284 0 -0.956941 -0.0980158 0 -0.995185 0.0980167 0 -0.995185 0.290284 0 -0.956941 0.471396 0 -0.881922 0.634397 0 -0.773007 0.773007 0 -0.634397 0.881921 0 -0.471397 0.95694 0 -0.290285 0.995185 0 -0.0980142 0.995185 0 0.0980153 0.956938 0 0.290292 0.881924 0 0.471391 0.773007 1.21644e-7 0.634397 0.634398 0 0.773007 0.471397 0 0.881921 0.290287 0 0.95694 0.0980127 0 0.995185 -0.0710718 0.688616 -0.721635 -0.210494 0.688616 -0.693902 -0.341823 0.688616 -0.639504 -0.460015 0.688616 -0.56053 -0.560528 0.688616 -0.460018 -0.639505 0.688615 -0.341823 -0.693902 0.688616 -0.210495 -0.721635 0.688616 -0.0710749 -0.721635 0.688615 0.0710752 -0.693902 0.688616 0.210494 -0.639505 0.688616 0.341822 -0.56053 0.688616 0.460016 -0.460016 0.688616 0.56053 -0.341823 0.688616 0.639504 -0.210492 0.688616 0.693903 -0.0710719 0.688616 0.721634 0.0710718 0.688616 -0.721635 0.210494 0.688616 -0.693902 0.341823 0.688616 -0.639504 0.460015 0.688616 -0.56053 0.560531 0.688615 -0.460016 0.639505 0.688615 -0.341823 0.693903 0.688616 -0.210494 0.721636 0.688615 -0.071072 0.721635 0.688616 0.071072 0.693902 0.688616 0.210494 0.639504 0.688616 0.341822 0.560531 0.688616 0.460014 0.460015 0.688616 0.56053 0.341823 0.688616 0.639504 0.210494 0.688616 0.693902 0.0710719 0.688616 0.721634 0.471054 0.0381251 -0.88128 0.633932 0.0381251 -0.772448 0.772447 0.0381248 -0.633934 0.88128 0.0381249 -0.471054 0.956245 0.0381247 -0.290074 0.994461 0.038125 -0.0979449 0.994461 0.038125 0.0979447 0.956244 0.0381249 0.290074 0.88128 0.0381249 0.471054 0.772447 0.0381248 0.633933 0.633934 0.0381248 0.772447 0.471054 0.0381249 0.88128 0.290074 0.0381249 0.956245 0.0979449 0.038125 0.994461 0 1 0 0 1 0 0 1 0 0 1 0 0 1 0 0 1 0 0 1 0 0 1 0 0 1 0 0 1 0 0 1 0 0 1 0 0 1 0 0 1 0 0.0979448 0.0381247 -0.994461 0.0980167 0 0.995185 0.290285 -5.65894e-8 0.95694 0.471397 -1.88632e-8 0.881921 0.634393 0 0.77301 0.77301 0 0.634394 0.881921 0 0.471397 0.956941 -5.74878e-8 0.290284 0.995185 -6.90863e-8 0.0980185 0.995185 -6.89405e-8 -0.0980186 0.956941 0 -0.290284 0.881921 0 -0.471397 0.77301 0 -0.634393 0.634394 0 -0.77301 0.471397 0 -0.881921 0.290284 -1.16772e-8 -0.956941 0.0980185 5.92843e-8 -0.995185 0.290076 0.0381253 -0.956244 0.0973567 0.115808 0.988489 0.288332 0.115808 0.950502 0.468225 0.115808 0.875988 0.630124 0.115808 0.76781 0.767808 0.115807 0.630126 0.875987 0.115808 0.468225 0.950502 0.115808 0.288332 0.988489 0.115808 0.0973566 0.988489 0.115808 -0.0973567 0.950502 0.115808 -0.288332 0.875987 0.115808 -0.468226 0.767808 0.115808 -0.630126 0.630124 0.115807 -0.76781 0.468225 0.115808 -0.875987 0.288331 0.115807 -0.950502 0.0973566 0.115808 -0.988489 0.0954522 0.227182 0.969163 0.282694 0.227182 0.931919 0.459071 0.227182 0.858861 0.617806 0.227182 0.752798 0.7528 0.227183 0.617803 0.85886 0.227182 0.459072 0.931919 0.227183 0.282694 0.969163 0.227182 0.0954544 0.969163 0.227182 -0.0954544 0.931919 0.227182 -0.282694 0.858861 0.227183 -0.45907 0.752799 0.227182 -0.617805 0.617806 0.227182 -0.752798 0.459073 0.227181 -0.85886 0.282694 0.227183 -0.931919 0.0976537 -0.0859447 -0.991503 0.289212 -0.0859448 -0.953399 0.469653 -0.0859448 -0.878658 0.632046 -0.0859444 -0.77015 0.77015 -0.0859444 -0.632046 0.878658 -0.0859444 -0.469653 0.9534 -0.0859448 -0.289209 0.991503 -0.0859446 -0.0976535 0.991503 -0.0859448 0.0976535 0.953399 -0.0859446 0.289211 0.878659 -0.0859451 0.469651 0.77015 -0.0859448 0.632046 0.632046 -0.0859448 0.77015 0.469652 -0.0859445 0.878658 0.289209 -0.0859445 0.9534 0.0976554 -0.0859482 0.991502 0.0976565 -0.0859448 0.991502 0.415726 -0.471429 0.777771 0.559475 -0.471429 0.681721 0.681721 -0.471429 0.559474 0.777771 -0.471428 0.415726 0.843929 -0.471429 0.256005 0.877658 -0.471429 0.0864409 0.877658 -0.471428 -0.0864407 0.843929 -0.471428 -0.256005 0.777771 -0.471428 -0.415726 0.681722 -0.471428 -0.559473 0.559474 -0.471429 -0.681721 0.415724 -0.471428 -0.777772 0.256005 -0.471428 -0.843929 0.0864211 -0.471427 -0.877661 -0.290285 7.67219e-7 0.95694 -0.0980156 0 0.995185 -0.471396 0 -0.881922 0.0975246 -0.100222 0.990174 0.308201 -0.238478 0.920945 0.614971 -0.245542 0.749346 0.749346 -0.245542 0.614972 0.854923 -0.245542 0.456965 0.927644 -0.245542 0.281399 0.964718 -0.245542 0.0950169 0.964718 -0.245542 -0.0950169 0.927644 -0.245542 -0.281399 0.854923 -0.245542 -0.456964 0.749347 -0.245542 -0.61497 0.61497 -0.245542 -0.749347 0.456967 -0.245541 -0.854922 0.281397 -0.245542 -0.927645 0.0950169 -0.245543 -0.964718 0 -1 0 0 -1 0 0 -1 0 0 -1 0 0 -1 0 0 -1 0 0 -1 0 0 -1 0 0 -1 0 0 -1 0 0 -1 0 0 -1 0 0 -1 0 0 -1 0 -0.471399 0 0.88192 -0.634395 -2.04305e-6 0.773009 -0.773011 0 0.634393 -0.881922 0 0.471396 -0.95694 0 0.290285 -0.995184 2.63026e-6 0.0980243 -0.995184 0 -0.098026 -0.95694 0 -0.290285 -0.881922 0 -0.471396 -0.773014 0 -0.634389 -0.634389 0 -0.773014 0.0954519 0.227183 -0.969163 0.0567709 0.815174 0.576427 0.168135 0.815174 0.554275 0.273036 0.815174 0.510825 0.367455 0.815174 0.447737 0.447737 0.815174 0.367456 0.510825 0.815174 0.273037 0.554274 0.815174 0.16814 0.576427 0.815174 0.0567723 0.576427 0.815174 -0.0567712 0.554277 0.815174 -0.168135 0.510825 0.815174 -0.273036 0.447737 0.815174 -0.367454 0.367455 0.815174 -0.447737 0.273037 0.815174 -0.510826 0.168135 0.815174 -0.554276 0.0567706 0.815174 -0.576427 0.0840776 0.513952 0.853689 0.249012 0.513951 0.820882 0.404374 0.513951 0.756529 0.544195 0.513951 0.663103 0.663104 0.513951 0.544194 0.75653 0.513951 0.404373 0.820882 0.513951 0.249013 0.853689 0.513951 0.0840793 0.853689 0.513952 -0.0840792 0.820881 0.513951 -0.249014 0.756529 0.513951 -0.404374 0.663104 0.513951 -0.544195 0.544195 0.513951 -0.663103 0.404374 0.513951 -0.756529 0.249012 0.513951 -0.820882 0.0840774 0.51395 -0.85369 0.289107 -0.0898672 0.953069 0.469668 -0.0855799 0.878686 0.632066 -0.0855798 0.770174 0.770175 -0.0855793 0.632065 0.878685 -0.0855794 0.469668 0.95343 -0.0855799 0.289219 0.991534 -0.0855794 0.0976576 0.991534 -0.0855793 -0.0976576 0.95343 -0.0855799 -0.289219 0.878687 -0.0855802 -0.469665 0.770174 -0.0855802 -0.632066 0.632067 -0.0855794 -0.770174 0.469666 -0.0855802 -0.878687 0.289221 -0.0855801 -0.953429 0.0976576 -0.08558 -0.991534 -0.471054 0.0381251 -0.88128 -0.633932 0.038125 -0.772448 -0.772447 0.0381248 -0.633934 -0.88128 0.0381249 -0.471054 -0.956245 0.0381247 -0.290074 -0.994461 0.038125 -0.0979449 -0.994461 0.0381246 0.0979473 -0.956244 0.0381249 0.290074 -0.88128 0.0381249 0.471054 -0.772448 0.038125 0.633932 -0.633934 0.0381248 0.772447 -0.471054 0.0381249 0.88128 -0.290074 0.0381249 0.956245 -0.0979449 0.038125 0.994461 0 1 0 0 1 0 0 1 0 0 1 0 0 1 0 0 1 0 0 1 0 0 1 0 0 1 0 0 1 0 0 1 0 0 1 0 0 1 0 0 1 0 -0.0979448 0.0381247 -0.994461 -0.0980167 0 0.995185 -0.290285 -5.69411e-8 0.95694 -0.471397 -1.86998e-8 0.881921 -0.634393 0 0.77301 -0.77301 0 0.634394 -0.881921 0 0.471397 -0.956941 -5.69412e-8 0.290284 -0.995185 -3.81755e-9 0.0980162 -0.995185 -6.90863e-8 -0.0980186 -0.956941 0 -0.290284 -0.881921 0 -0.471397 -0.77301 0 -0.634393 -0.634393 9.88072e-9 -0.77301 -0.471397 0 -0.881921 -0.290284 -1.15152e-8 -0.956941 -0.0980185 5.92168e-8 -0.995185 -0.290076 0.0381253 -0.956244 -0.0973567 0.115808 0.988489 -0.288332 0.115808 0.950502 -0.468225 0.115808 0.875988 -0.630126 0.115807 0.767808 -0.767808 0.115807 0.630126 -0.875987 0.115808 0.468225 -0.950502 0.115808 0.288332 -0.988489 0.115808 0.0973566 -0.988489 0.115808 -0.0973567 -0.950502 0.115808 -0.288332 -0.875988 0.115808 -0.468225 -0.767808 0.115808 -0.630126 -0.630125 0.115808 -0.767809 -0.468225 0.115808 -0.875987 -0.288334 0.115808 -0.950501 -0.0973566 0.115808 -0.988489 -0.0954521 0.227182 0.969163 -0.282694 0.227182 0.931919 -0.459071 0.227182 0.858861 -0.617804 0.227183 0.752799 -0.7528 0.227183 0.617803 -0.85886 0.227182 0.459072 -0.931919 0.227183 0.282694 -0.969163 0.227182 0.0954544 -0.969163 0.227182 -0.0954544 -0.931919 0.227182 -0.282694 -0.858861 0.227182 -0.459072 -0.752799 0.227182 -0.617805 -0.617805 0.227181 -0.752799 -0.459073 0.227181 -0.85886 -0.282694 0.227183 -0.931919 -0.0976538 -0.0859447 -0.991503 -0.289212 -0.0859448 -0.953399 -0.469651 -0.0859444 -0.878659 -0.632047 -0.0859446 -0.77015 -0.77015 -0.0859444 -0.632046 -0.878659 -0.085945 -0.46965 -0.9534 -0.0859448 -0.289209 -0.991503 -0.0859446 -0.0976536 -0.991503 -0.0859448 0.0976535 -0.953399 -0.0859446 0.289211 -0.878659 -0.0859451 0.469651 -0.77015 -0.0859448 0.632046 -0.632046 -0.0859448 0.77015 -0.469652 -0.0859445 0.878658 -0.289208 -0.0859448 0.9534 -0.0976565 -0.0859448 0.991502 -0.0976554 -0.0859482 0.991502 -0.415726 -0.471429 0.777771 -0.559475 -0.471429 0.681721 -0.681721 -0.471429 0.559475 -0.777771 -0.471428 0.415726 -0.843929 -0.471429 0.256005 -0.877658 -0.471429 0.086441 -0.877658 -0.471428 -0.0864406 -0.843929 -0.471428 -0.256005 -0.777772 -0.471428 -0.415724 -0.681722 -0.471429 -0.559473 -0.559474 -0.471429 -0.681721 -0.415724 -0.471428 -0.777772 -0.256005 -0.471428 -0.843929 -0.0864438 -0.471428 -0.877658 0.290285 7.70248e-7 0.95694 0.0980156 0 0.995185 0.471396 0 -0.881922 -0.0975246 -0.100222 0.990174 -0.461441 -0.20442 0.863298 -0.614971 -0.245542 0.749346 -0.749346 -0.245542 0.614972 -0.854923 -0.245542 0.456964 -0.927644 -0.245542 0.281399 -0.964718 -0.245542 0.0950169 -0.964718 -0.245542 -0.0950169 -0.927644 -0.245542 -0.281399 -0.854923 -0.245542 -0.456964 -0.749347 -0.245542 -0.61497 -0.61497 -0.245542 -0.749347 -0.456967 -0.245541 -0.854922 -0.281397 -0.245542 -0.927645 -0.095005 -0.245541 -0.964719 0 -1 0 0 -1 0 0 -1 0 0 -1 0 0 -1 0 0 -1 0 0 -1 0 0 -1 0 0 -1 0 0 -1 0 0 -1 0 0 -1 0 0 -1 0 0 -1 0 0.471399 0 0.88192 0.634395 -2.05004e-6 0.773009 0.773011 0 0.634393 0.881922 0 0.471396 0.95694 0 0.290285 0.995184 2.6307e-6 0.0980243 0.995184 0 -0.098026 0.95694 0 -0.290285 0.881922 0 -0.471396 0.773014 0 -0.634389 0.634389 0 -0.773014 -0.0954519 0.227183 -0.969163 -0.0567705 0.815174 0.576427 -0.168136 0.815174 0.554276 -0.273041 0.815174 0.510822 -0.367456 0.815174 0.447737 -0.44774 0.815174 0.367451 -0.510823 0.815174 0.27304 -0.554274 0.815174 0.16814 -0.576427 0.815174 0.0567734 -0.576427 0.815174 -0.0567705 -0.554275 0.815174 -0.168139 -0.510825 0.815174 -0.273037 -0.447738 0.815174 -0.367453 -0.367454 0.815174 -0.447737 -0.273036 0.815174 -0.510825 -0.168135 0.815174 -0.554277 -0.0567732 0.815174 -0.576427 -0.0840793 0.513951 0.853689 -0.249012 0.513951 0.820882 -0.404374 0.513951 0.756529 -0.544195 0.513951 0.663103 -0.663104 0.513951 0.544194 -0.75653 0.513951 0.404373 -0.820881 0.513951 0.249014 -0.853689 0.513951 0.0840793 -0.853689 0.513952 -0.0840792 -0.820881 0.513951 -0.249014 -0.75653 0.513951 -0.404373 -0.663104 0.513951 -0.544195 -0.544195 0.513951 -0.663103 -0.404373 0.513951 -0.75653 -0.249012 0.513951 -0.820882 -0.0840818 0.513951 -0.853689 -0.289107 -0.0898672 0.953069 -0.301661 -0.129352 0.9446 -0.632066 -0.0855798 0.770174 -0.770175 -0.0855794 0.632066 -0.878685 -0.0855794 0.469668 -0.95343 -0.0855799 0.289219 -0.991534 -0.0855794 0.0976576 -0.991534 -0.0855793 -0.0976576 -0.953429 -0.0855794 -0.289221 -0.878686 -0.0855799 -0.469666 -0.770174 -0.0855802 -0.632066 -0.632067 -0.0855794 -0.770174 -0.469666 -0.0855802 -0.878687 -0.289219 -0.0855794 -0.95343 -0.097658 -0.0855801 -0.991534 -0.972603 0.231766 0.0181121 -0.999871 -0.0132894 0.0090231 0.090097 -0.39384 0.914753 -0.814447 -0.580238 -0.000374628 -0.998597 0 0.0529544 0.266625 -0.395452 0.878936 -0.456091 -0.0750555 0.886763 0 -1 0 0 -1 0 0 -1 0 0 -1 0 0 -1 0 0 -1 0 0 -1 0 0 -1 0 0 -1 0 0 -1 0 0 -1 0 0 -1 0 0 -1 0 0 -1 0 0.0821166 -0.54602 0.833738 0 -0.247581 0.968867 -3.18378e-5 -0.247574 0.968869 0.244559 -0.529558 0.812256 -0.0224276 -0.111517 0.993509 -0.155983 -0.108852 0.981744 -7.94423e-5 -0.308466 0.951235 0 -0.221789 0.975095 -0.533257 -0.845861 -0.0125246 -0.944447 -0.0333795 0.326964 0 -0.904484 0.426508 0.00417688 -0.106056 0.994351 -0.0424662 -0.115578 0.99239 -0.69823 -0.715654 -0.0176924 0 -0.0828238 0.996564 0.0212632 -0.539896 0.841463 0.972603 0.231766 0.0181121 0.999823 -0.0129369 0.013694 -0.090097 -0.39384 0.914753 0.820059 -0.572275 0.0021557 0.81947 0.302885 -0.486549 -0.2654 -0.393891 0.880007 0.456091 -0.0750555 0.886763 0 -1 0 0 -1 0 0 -1 0 0 -1 0 0 -1 0 0 -1 0 0 -1 0 0 -1 0 0 -1 0 0 -1 0 0 -1 0 0 -1 0 0 -1 0 0 -1 0 -0.0821175 -0.54602 0.833738 0 -0.247581 0.968867 6.37706e-5 -0.247574 0.968869 -0.244908 -0.529697 0.81206 0.0224276 -0.111517 0.993509 0.155983 -0.108852 0.981744 7.94552e-5 -0.308466 0.951235 0 -0.221789 0.975095 0.556598 -0.830773 -0.00379334 0.93369 -0.0297835 0.356843 0 -0.904484 0.426508 -0.00417689 -0.106056 0.994351 0.0690206 -0.10302 0.992282 0.664017 -0.747676 -0.00788879 0 -0.0828238 0.996564 0.278673 -0.36638 0.887754 0.401554 0.915836 0 1 0 0 -0.372513 -0.928027 0 0 0 -1 0 0 1 0 1 0 1 0 0 0 -1 0 0 0 1 0 0 -1 -0.401554 0.915836 0 -1 0 0 0.372513 -0.928027 0 0 0 -1 0 0 1 0 1 0 -1 0 0 0 -1 0 0 0 1 0 0 -1 0.271769 0.822348 0.499886 0 0.990329 -0.138737 0 0 -1 -0.0215441 0.0158829 -0.999642 -0.00355062 -0.0100941 0.999943 0.992737 -0.103995 0.060477 0.510008 0.838566 0.191568 0.0148207 -0.0131516 -0.999804 -0.0243086 0.00275692 0.999701 -0.0262377 -0.00267108 0.999652 0.9946 0.0842594 0.0605904 -0.658466 0.0797293 -0.748375 0 0 -1 0.974132 0.22598 0.000664073 0.972016 -0.234915 0.000662632 0.605472 0.779481 0.160665 0.976583 -0.0642952 0.20531 0.976583 0.0642947 0.20531 0.202388 -0.0121544 -0.97923 0.204294 -0.978811 0.0139161 0.0944595 -0.00895474 0.995488 0.10121 0.00666333 0.994843 0.141184 0.0327518 -0.989442 0 -0.984305 0.176477 0 0 1 0.00500872 0.0087113 -0.99995 0.739369 -0.652949 0.16429 -0.0152031 0.0134261 0.999794 0 0 1 0 -0.978631 0.205623 -0.271769 0.822348 0.499886 0 0.990329 -0.138737 0 0 -1 0.0215441 0.0158829 -0.999642 0.00514786 -0.00846421 0.999951 -0.99261 -0.102745 0.0645748 -0.510008 0.838566 0.191568 -0.0149406 -0.0139567 -0.999791 0.0262377 0.00274856 0.999652 0.0227153 -0.00192437 0.99974 -0.9946 0.0842594 0.0605904 0.0412706 -0.0173565 -0.998997 0 0 -1 -0.974132 0.22598 0.000664075 -0.992157 -0.112524 0.0544407 -0.605471 0.779481 0.160665 -0.981163 -0.0658268 0.181622 -0.976583 0.0642947 0.20531 -0.202388 -0.0121544 -0.97923 -0.271778 -0.822274 0.500002 -0.10121 -0.00666339 0.994843 -0.10121 0.00666333 0.994843 -0.202388 0.0121544 -0.97923 0 -0.984305 0.176477 0 0 1 -0.00500871 0.0087113 -0.99995 -0.723938 -0.676263 0.136316 0.0152031 0.0134261 0.999794 0 0 1 0 -0.978631 0.205623 0.0968173 -0.156351 0.982945 0.286708 -0.15635 0.945174 0.465597 -0.15635 0.871076 0.626597 -0.156351 0.763499 0.7635 -0.15635 0.626596 0.871071 -0.15635 0.465607 0.945175 -0.15635 0.286703 0.982944 -0.156352 0.0968226 0.982945 -0.156352 -0.0968173 0.945175 -0.15635 -0.286703 0.871071 -0.15635 -0.465607 0.763508 -0.156349 -0.626587 0.626596 -0.15635 -0.7635 0.465586 -0.156351 -0.871082 0.286724 -0.156351 -0.945169 0.0967996 -0.156351 -0.982947 -0.096803 -0.156351 -0.982946 -0.286724 -0.156351 -0.945169 -0.465607 -0.156351 -0.871071 -0.626576 -0.156349 -0.763516 -0.763506 -0.15635 -0.626589 -0.871072 -0.15635 -0.465605 -0.945175 -0.15635 -0.286703 -0.982945 -0.15635 -0.0968172 -0.982945 -0.15635 0.0968225 -0.94517 -0.15635 0.286719 -0.87108 -0.15635 0.465591 -0.763506 -0.156349 0.626589 -0.626578 -0.156351 0.763514 -0.465605 -0.156351 0.871072 0.0979964 0 0.995187 -0.286719 -0.15635 0.94517 -0.0968048 -0.156351 0.982946 -0.0980197 0 0.995184 -0.290288 0 0.956939 -0.471391 0 0.881924 -0.634394 0 0.77301 -0.77301 0 0.634394 -0.881924 0 0.471391 -0.956939 0 0.290288 -0.995184 0 0.0980197 -0.995185 0 -0.0980157 -0.956943 0 -0.290275 -0.881919 0 -0.471401 -0.77301 0 -0.634394 -0.634394 0 -0.77301 -0.471396 0 -0.881922 -0.290284 0 -0.95694 -0.0980172 0 -0.995185 0.0980145 0 -0.995185 0.290284 0 -0.95694 0.471396 0 -0.881922 0.634394 0 -0.77301 0.773003 0 -0.634402 0.881925 0 -0.47139 0.956939 0 -0.290288 0.995185 0 -0.0980132 0.995185 0 0.0980172 0.956939 0 0.290288 0.881922 0 0.471396 0.773009 0 0.634395 0.634394 0 0.77301 0.471396 0 0.881921 0.290284 0 0.956941 0.0980171 0 0.995185 0 -1 0 0 -1 0 0 -1 0 0 -1 0 0 -1 0 0 -1 0 0 -1 0 0 -1 0 0 -1 0 0 -1 0 0 -1 0 0 -1 0 0 -1 0 0 -1 0 0 -1 0 0 -1 0 0 -1 0 0 -1 0 0 -1 0 0 -1 0 0 -1 0 0 -1 0 0 -1 0 0 -1 0 0 -1 0 0 -1 0 0 -1 0 0 -1 0 0 -1 0 0 -1 0 0 -1 0 0 -1 0 0 -1 0 0 -1 0 0 -1 0 0 -1 0 0 -1 0 0 -1 0 0 -1 0 0 -1 0 0 -1 0 0 -1 0 0 -1 0 0 -1 0 0 -1 0 0 -1 0 0 -1 0 0 -1 0 0 -1 0 0 -1 0 0 -1 0 0 -1 0 0 -1 0 0 -1 0 0 -1 0 0 -1 0 0 -1 0 0 -1 0 0 -1 0 0 -1 0 0 -1 0 -0.773025 0 0.634375 0.290298 -1.6025e-6 -0.956936 0.290297 1.57766e-6 0.956937 -0.63438 1.29452e-6 0.773022 0.0980346 -1.64071e-6 -0.995183 0.471404 1.45398e-6 0.881917 -0.471421 1.47609e-6 0.881908 -0.0980422 0 -0.995182 0.634376 0 0.773025 -0.290261 0 0.956947 -0.290297 -1.57753e-6 -0.956937 0.773022 1.06234e-6 0.63438 -0.098004 1.64072e-6 0.995186 -0.471405 -1.47811e-6 -0.881917 0.881925 0 0.47139 -0.634399 0 -0.773006 0.95694 0 0.290287 -0.773006 0 -0.634399 0.995182 0 0.098046 -0.881925 0 -0.47139 0.995183 0 -0.0980346 -0.95694 0 -0.290286 0.95694 -4.77641e-7 -0.290287 -0.995187 0 -0.0979964 0.881925 0 -0.47139 -0.995186 0 0.0980078 0.773006 0 -0.634399 -0.95694 4.85456e-7 0.290286 0.634399 0 -0.773006 -0.881908 0 0.471421 0.471374 0 -0.881933 0.0968081 -0.156349 0.982946 0.286715 -0.156348 0.945172 0.465602 -0.156349 0.871074 0.62659 -0.156349 0.763505 0.7635 -0.156348 0.626596 0.871081 -0.156349 0.465589 0.945169 -0.156349 0.286725 0.982947 -0.156349 0.0968056 0.982947 -0.156348 -0.0968042 0.945172 -0.156348 -0.286715 0.871076 -0.156348 -0.465599 0.763501 -0.156348 -0.626595 0.626589 -0.156348 -0.763506 0.465603 -0.156348 -0.871073 0.286715 -0.156348 -0.945172 0.0968051 -0.156349 -0.982947 -0.0968039 -0.156349 -0.982947 -0.286715 -0.156348 -0.945172 -0.465604 -0.156348 -0.871073 -0.626588 -0.156349 -0.763507 -0.763507 -0.156349 -0.626588 -0.871076 -0.156348 -0.465599 -0.945172 -0.156348 -0.286714 -0.982946 -0.156348 -0.0968165 -0.982945 -0.156348 0.0968167 -0.945172 -0.156348 0.286715 -0.871073 -0.156349 0.465603 -0.7635 -0.156349 0.626596 -0.626595 -0.156348 0.763501 -0.465598 -0.156348 0.871076 0 -1 0 0 -1 0 0 -1 0 0 -1 0 0 -1 0 0 -1 0 0 -1 0 0 -1 0 0 -1 0 0 -1 0 0 -1 0 0 -1 0 0 -1 0 0 -1 0 0 -1 0 0 -1 0 0 -1 0 0 -1 0 0 -1 0 0 -1 0 0 -1 0 0 -1 0 0 -1 0 0 -1 0 0 -1 0 0 -1 0 0 -1 0 0 -1 0 0 -1 0 -0.286715 -0.156349 0.945172 -0.0968081 -0.156349 0.982946 -0.0980127 0 0.995185 -0.290287 0 0.95694 -0.471397 0 0.881921 -0.634392 0 0.773012 -0.773007 0 0.634397 -0.881921 0 0.471398 -0.956941 0 0.290281 -0.995184 0 0.0980244 -0.995184 0 -0.0980242 -0.956941 0 -0.290282 -0.881925 0 -0.47139 -0.773007 0 -0.634397 -0.634397 0 -0.773007 -0.471396 0 -0.881922 -0.290284 0 -0.956941 -0.0980158 0 -0.995185 0.0980167 0 -0.995185 0.290284 0 -0.956941 0.471396 0 -0.881922 0.634397 0 -0.773007 0.773007 0 -0.634397 0.881921 0 -0.471397 0.95694 0 -0.290285 0.995185 0 -0.0980142 0.995185 0 0.0980153 0.956938 0 0.290292 0.881924 0 0.471391 0.773011 0 0.634393 0.634392 1.48304e-7 0.773012 0.471397 0 0.881921 0.290287 0 0.95694 0.0980127 0 0.995185 -0.0710749 0.688616 -0.721634 -0.210492 0.688616 -0.693903 -0.341823 0.688616 -0.639504 -0.460016 0.688616 -0.56053 -0.560531 0.688615 -0.460016 -0.639505 0.688616 -0.34182 -0.693903 0.688616 -0.210494 -0.721636 0.688615 -0.071072 -0.721635 0.688616 0.071072 -0.693901 0.688616 0.210496 -0.639504 0.688616 0.341822 -0.560531 0.688616 0.460014 -0.460015 0.688616 0.56053 -0.341823 0.688616 0.639504 -0.210494 0.688616 0.693902 -0.0710749 0.688616 0.721635 0.0710749 0.688616 -0.721634 0.210492 0.688616 -0.693903 0.341823 0.688616 -0.639504 0.460016 0.688616 -0.56053 0.560528 0.688616 -0.460018 0.639505 0.688616 -0.34182 0.693902 0.688616 -0.210495 0.721635 0.688616 -0.0710749 0.721635 0.688615 0.0710752 0.693902 0.688616 0.210496 0.639505 0.688616 0.341822 0.56053 0.688616 0.460016 0.460016 0.688616 0.56053 0.341823 0.688616 0.639504 0.210492 0.688616 0.693903 0.0710749 0.688616 0.721635</float_array>
                    <technique_common>
                        <accessor count="1570" source="#shape0-lib-normals-array" stride="3">
                            <param name="X" type="float" />
                            <param name="Y" type="float" />
                            <param name="Z" type="float" />
                        </accessor>
                    </technique_common>
                </source>
                <source id="shape0-lib-map" name="map">
                    <float_array id="shape0-lib-map-array" count="9420">0.0411053 0.150565 0.0603742 0.231689 0.0411052 0.231709 0.0603742 0.231689 0.0796434 0.150523 0.0796432 0.231668 0.0796434 0.150523 0.0989122 0.231647 0.0796432 0.231668 0.0989124 0.150503 0.118181 0.231627 0.0989122 0.231647 0.118181 0.150482 0.13745 0.231606 0.118181 0.231627 0.13745 0.150461 0.156719 0.231585 0.13745 0.231606 0.156719 0.231585 0.175988 0.15042 0.175988 0.231565 0.175988 0.15042 0.195257 0.231544 0.175988 0.231565 0.195257 0.150399 0.214526 0.231523 0.195257 0.231544 0.214526 0.231523 0.233795 0.150358 0.233795 0.231503 0.233795 0.150358 0.253064 0.231482 0.233795 0.231503 0.253064 0.150337 0.273661 0.23146 0.253064 0.231482 0.273661 0.150315 0.29636 0.231435 0.273661 0.23146 0.29636 0.150291 0.319277 0.231411 0.29636 0.231435 0.734671 0.445118 0.734672 0.44302 0.737777 0.447667 0.00256735 0.150606 0.0218362 0.23173 0.00256717 0.231751 0.29636 0.231435 0.319276 0.657176 0.296359 0.657201 0.273661 0.23146 0.296359 0.657201 0.27366 0.657225 0.253064 0.231482 0.27366 0.657225 0.253063 0.657247 0.233795 0.231503 0.253063 0.657247 0.233794 0.657268 0.214526 0.231523 0.233794 0.657268 0.214525 0.657289 0.195257 0.231544 0.214525 0.657289 0.195256 0.657309 0.175988 0.231565 0.195256 0.657309 0.175987 0.65733 0.156718 0.65735 0.175988 0.231565 0.175987 0.65733 0.13745 0.231606 0.156718 0.65735 0.137449 0.657371 0.118181 0.231627 0.137449 0.657371 0.11818 0.657392 0.0989114 0.657413 0.118181 0.231627 0.11818 0.657392 0.0796432 0.231668 0.0989114 0.657413 0.0796423 0.657433 0.0603733 0.657454 0.0796432 0.231668 0.0796423 0.657433 0.0411052 0.231709 0.0603733 0.657454 0.0411042 0.657474 0.0218362 0.23173 0.0411042 0.657474 0.0218353 0.657495 0.00256717 0.231751 0.0218353 0.657495 0.00256616 0.657516 0.0218363 0.150585 0.0411052 0.231709 0.0218362 0.23173 0.319277 0.096347 0.29636 0.150291 0.29636 0.0963716 0.29636 0.0963716 0.273661 0.150315 0.273661 0.096396 0.273661 0.096396 0.253064 0.150337 0.253064 0.0964181 0.233795 0.0964387 0.253064 0.150337 0.233795 0.150358 0.233795 0.0964387 0.214526 0.150379 0.214526 0.0964594 0.214526 0.0964594 0.195257 0.150399 0.195257 0.0964802 0.195257 0.0964802 0.175988 0.15042 0.175988 0.0965008 0.175988 0.0965008 0.156719 0.150441 0.156719 0.0965215 0.156719 0.0965215 0.13745 0.150461 0.13745 0.0965422 0.13745 0.0965422 0.118181 0.150482 0.118181 0.0965629 0.0989125 0.0965835 0.118181 0.150482 0.0989124 0.150503 0.0989125 0.0965835 0.0796434 0.150523 0.0796434 0.0966042 0.0603744 0.0966249 0.0796434 0.150523 0.0603743 0.150544 0.0603744 0.0966249 0.0411053 0.150565 0.0411054 0.0966455 0.0218365 0.0966662 0.0411053 0.150565 0.0218363 0.150585 0.0218365 0.0966662 0.00256735 0.150606 0.00256747 0.0966869 0.29636 0.0716797 0.319277 0.096347 0.29636 0.0963716 0.29636 0.0716797 0.273661 0.096396 0.273661 0.0717041 0.273661 0.0717041 0.253064 0.0964181 0.253064 0.0717262 0.233795 0.0717469 0.253064 0.0964181 0.233795 0.0964387 0.233795 0.0717469 0.214526 0.0964594 0.214526 0.0717676 0.214526 0.0717676 0.195257 0.0964802 0.195257 0.0717883 0.195257 0.0717883 0.175988 0.0965008 0.175988 0.071809 0.175988 0.071809 0.156719 0.0965215 0.156719 0.0718296 0.156719 0.0718296 0.13745 0.0965422 0.137451 0.0718504 0.137451 0.0718504 0.118181 0.0965629 0.118181 0.071871 0.0989125 0.0718917 0.118181 0.0965629 0.0989125 0.0965835 0.0989125 0.0718917 0.0796434 0.0966042 0.0796435 0.0719123 0.0603745 0.071933 0.0796434 0.0966042 0.0603744 0.0966249 0.0603745 0.071933 0.0411054 0.0966455 0.0411055 0.0719536 0.0218365 0.0719744 0.0411054 0.0966455 0.0218365 0.0966662 0.00256616 0.657516 0.0218351 0.717627 0.00256604 0.717647 0.0218351 0.717627 0.0411042 0.657474 0.0411041 0.717606 0.0411041 0.717606 0.0603733 0.657454 0.0603732 0.717586 0.0603732 0.717586 0.0796423 0.657433 0.0796422 0.717565 0.0796423 0.657433 0.0989113 0.717544 0.0796422 0.717565 0.0989113 0.717544 0.11818 0.657392 0.11818 0.717524 0.11818 0.657392 0.137449 0.717503 0.11818 0.717524 0.137449 0.657371 0.156718 0.717483 0.137449 0.717503 0.156718 0.65735 0.175987 0.717462 0.156718 0.717483 0.175987 0.65733 0.195256 0.717441 0.175987 0.717462 0.195256 0.657309 0.214525 0.717421 0.195256 0.717441 0.214525 0.657289 0.233794 0.7174 0.214525 0.717421 0.233794 0.657268 0.253063 0.717379 0.233794 0.7174 0.253063 0.657247 0.27366 0.717358 0.253063 0.717379 0.27366 0.717358 0.296359 0.657201 0.296359 0.717333 0.294681 0.657343 0.319276 0.657176 0.315863 0.713672 0.253063 0.827491 0.27366 0.879905 0.253063 0.879927 0.233794 0.827511 0.253063 0.879927 0.233794 0.879947 0.214525 0.827532 0.233794 0.879947 0.214525 0.879968 0.195256 0.827552 0.214525 0.879968 0.195256 0.879988 0.175987 0.827573 0.195256 0.879988 0.175987 0.880009 0.156718 0.827594 0.175987 0.880009 0.156718 0.88003 0.137449 0.827614 0.156718 0.88003 0.137449 0.88005 0.11818 0.827635 0.137449 0.88005 0.11818 0.880071 0.0989109 0.880092 0.11818 0.827635 0.11818 0.880071 0.0796419 0.827676 0.0989109 0.880092 0.0796419 0.880112 0.0603729 0.827697 0.0796419 0.880112 0.0603728 0.880133 0.0411039 0.827717 0.0603728 0.880133 0.0411038 0.880153 0.0218347 0.880174 0.0411039 0.827717 0.0411038 0.880153 0.00256562 0.880195 0.0218349 0.827738 0.0218347 0.880174 0.0411038 0.882243 0.0218347 0.888654 0.0218347 0.882264 0.0218347 0.882264 0.00256568 0.888675 0.00256562 0.882285 0.253063 0.882017 0.27366 0.888385 0.253063 0.888407 0.296359 0.717333 0.316205 0.759773 0.296359 0.759794 0.253063 0.827491 0.27366 0.759818 0.27366 0.827469 0.233794 0.759861 0.253063 0.827491 0.233794 0.827511 0.214525 0.759882 0.233794 0.827511 0.214525 0.827532 0.195256 0.759902 0.214525 0.827532 0.195256 0.827552 0.175987 0.759923 0.195256 0.827552 0.175987 0.827573 0.156718 0.759944 0.175987 0.827573 0.156718 0.827594 0.137449 0.759964 0.156718 0.827594 0.137449 0.827614 0.11818 0.759985 0.137449 0.827614 0.11818 0.827635 0.098911 0.827655 0.11818 0.759985 0.11818 0.827635 0.0796421 0.760026 0.098911 0.827655 0.0796419 0.827676 0.0603731 0.760047 0.0796419 0.827676 0.0603729 0.827697 0.0411041 0.760067 0.0603729 0.827697 0.0411039 0.827717 0.021835 0.760088 0.0411039 0.827717 0.0218349 0.827738 0.0025658 0.827758 0.021835 0.760088 0.0218349 0.827738 0.0218347 0.882264 0.00256562 0.880195 0.0218347 0.880174 0.0218347 0.882264 0.0411038 0.880153 0.0411038 0.882243 0.0603728 0.882223 0.0411038 0.880153 0.0603728 0.880133 0.0603728 0.882223 0.0796419 0.880112 0.0796419 0.882202 0.0989109 0.882182 0.0796419 0.880112 0.0989109 0.880092 0.11818 0.882161 0.0989109 0.880092 0.11818 0.880071 0.137449 0.882141 0.11818 0.880071 0.137449 0.88005 0.156718 0.88212 0.137449 0.88005 0.156718 0.88003 0.156718 0.88212 0.175987 0.880009 0.175987 0.882099 0.195256 0.882078 0.175987 0.880009 0.195256 0.879988 0.214525 0.882058 0.195256 0.879988 0.214525 0.879968 0.214525 0.882058 0.233794 0.879947 0.233794 0.882037 0.233794 0.882037 0.253063 0.879927 0.253063 0.882017 0.253063 0.882017 0.27366 0.879905 0.27366 0.881995 0.0603728 0.882223 0.0411038 0.888634 0.0411038 0.882243 0.0796419 0.882202 0.0603728 0.888613 0.0603728 0.882223 0.0989109 0.882182 0.0796419 0.888592 0.0796419 0.882202 0.11818 0.882161 0.0989109 0.888572 0.0989109 0.882182 0.137449 0.882141 0.11818 0.888551 0.11818 0.882161 0.156718 0.88212 0.137449 0.88853 0.137449 0.882141 0.175987 0.882099 0.156718 0.88851 0.156718 0.88212 0.195256 0.882078 0.175987 0.888489 0.175987 0.882099 0.195256 0.882078 0.214525 0.888448 0.195256 0.888469 0.214525 0.882058 0.233794 0.888427 0.214525 0.888448 0.233794 0.882037 0.253063 0.888407 0.233794 0.888427 0.0218365 0.0719744 0.00256747 0.0966869 0.00256753 0.0719951 0.29636 0.00293034 0.319277 0.0189608 0.29636 0.0189853 0.273661 0.00295478 0.29636 0.0189853 0.273661 0.0190098 0.253065 0.0190318 0.273661 0.00295478 0.273661 0.0190098 0.233795 0.00299758 0.253065 0.0190318 0.233795 0.0190526 0.214526 0.0190732 0.233795 0.00299758 0.233795 0.0190526 0.195257 0.019094 0.214526 0.00301826 0.214526 0.0190732 0.175988 0.00305968 0.195257 0.019094 0.175988 0.0191147 0.15672 0.0191353 0.175988 0.00305968 0.175988 0.0191147 0.137451 0.00310105 0.15672 0.0191353 0.137451 0.019156 0.118182 0.0191767 0.137451 0.00310105 0.137451 0.019156 0.0989126 0.00314242 0.118182 0.0191767 0.0989126 0.0191974 0.0796436 0.0192181 0.0989126 0.00314242 0.0989126 0.0191974 0.0603747 0.00318378 0.0796436 0.0192181 0.0603746 0.0192388 0.0411057 0.00320441 0.0603746 0.0192388 0.0411057 0.0192594 0.0218367 0.00322521 0.0411057 0.0192594 0.0218366 0.0192801 0.00256759 0.0193007 0.0218367 0.00322521 0.0218366 0.0192801 0.29636 0.0416959 0.319277 0.0716551 0.29636 0.0716797 0.29636 0.0416959 0.273661 0.0717041 0.273661 0.0417203 0.273661 0.0417203 0.253064 0.0717262 0.253064 0.0417424 0.253064 0.0417424 0.233795 0.0717469 0.233795 0.0417632 0.233795 0.0417632 0.214526 0.0717676 0.214526 0.0417838 0.214526 0.0417838 0.195257 0.0717883 0.195257 0.0418045 0.175988 0.0418252 0.195257 0.0717883 0.175988 0.071809 0.175988 0.0418252 0.156719 0.0718296 0.156719 0.0418459 0.156719 0.0418459 0.137451 0.0718504 0.137451 0.0418666 0.137451 0.0418666 0.118181 0.071871 0.118182 0.0418872 0.0989126 0.0419079 0.118181 0.071871 0.0989125 0.0718917 0.0989126 0.0419079 0.0796435 0.0719123 0.0796435 0.0419286 0.0603746 0.0419493 0.0796435 0.0719123 0.0603745 0.071933 0.0411056 0.0419699 0.0603745 0.071933 0.0411055 0.0719536 0.0411056 0.0419699 0.0218365 0.0719744 0.0218366 0.0419906 0.00256753 0.0420113 0.0218365 0.0719744 0.00256753 0.0719951 0.27366 0.717358 0.296359 0.759794 0.27366 0.759818 0.253063 0.75984 0.27366 0.717358 0.27366 0.759818 0.233794 0.7174 0.253063 0.75984 0.233794 0.759861 0.214525 0.759882 0.233794 0.7174 0.233794 0.759861 0.195256 0.717441 0.214525 0.759882 0.195256 0.759902 0.175987 0.717462 0.195256 0.759902 0.175987 0.759923 0.156718 0.717483 0.175987 0.759923 0.156718 0.759944 0.137449 0.717503 0.156718 0.759944 0.137449 0.759964 0.11818 0.759985 0.137449 0.717503 0.137449 0.759964 0.0989112 0.760005 0.11818 0.717524 0.11818 0.759985 0.0796422 0.717565 0.0989112 0.760005 0.0796421 0.760026 0.0603732 0.717586 0.0796421 0.760026 0.0603731 0.760047 0.0411041 0.717606 0.0603731 0.760047 0.0411041 0.760067 0.021835 0.760088 0.0411041 0.717606 0.0411041 0.760067 0.00256592 0.760108 0.0218351 0.717627 0.021835 0.760088 0.315863 0.713672 0.315383 0.717413 0.308162 0.717442 0.578179 0.231133 0.597448 0.149968 0.597448 0.231112 0.578179 0.231133 0.55891 0.150009 0.578179 0.149988 0.539641 0.231175 0.55891 0.150009 0.55891 0.231154 0.520372 0.231195 0.539641 0.15003 0.539641 0.231175 0.501103 0.231216 0.520372 0.15005 0.520372 0.231195 0.481834 0.231237 0.501103 0.150071 0.501103 0.231216 0.481834 0.231237 0.462565 0.150112 0.481834 0.150092 0.443296 0.231278 0.462565 0.150112 0.462565 0.231257 0.424027 0.231299 0.443296 0.150133 0.443296 0.231278 0.424027 0.231299 0.404758 0.150174 0.424027 0.150154 0.385489 0.23134 0.404758 0.150174 0.404758 0.231319 0.364892 0.231362 0.385489 0.150195 0.385489 0.23134 0.342193 0.231386 0.364892 0.150217 0.364892 0.231362 0.319277 0.231411 0.342194 0.150242 0.342193 0.231386 0.741591 0.445119 0.735336 0.441776 0.740425 0.441274 0.616717 0.231092 0.635986 0.149926 0.635986 0.231071 0.319276 0.657176 0.342193 0.231386 0.342193 0.657152 0.342193 0.657152 0.364892 0.231362 0.364892 0.657128 0.364892 0.657128 0.385489 0.23134 0.385488 0.657106 0.385488 0.657106 0.404758 0.231319 0.404757 0.657085 0.404757 0.657085 0.424027 0.231299 0.424026 0.657064 0.424026 0.657064 0.443296 0.231278 0.443295 0.657044 0.443295 0.657044 0.462565 0.231257 0.462565 0.657023 0.481834 0.657003 0.462565 0.231257 0.481834 0.231237 0.481834 0.657003 0.501103 0.231216 0.501103 0.656982 0.501103 0.656982 0.520372 0.231195 0.520372 0.656961 0.539641 0.65694 0.520372 0.231195 0.539641 0.231175 0.539641 0.65694 0.55891 0.231154 0.55891 0.65692 0.578179 0.656899 0.55891 0.231154 0.578179 0.231133 0.578179 0.656899 0.597448 0.231112 0.597448 0.656878 0.597448 0.656878 0.616717 0.231092 0.616717 0.656858 0.616717 0.656858 0.635986 0.231071 0.635986 0.656837 0.597448 0.231112 0.616717 0.149947 0.616717 0.231092 0.342194 0.150242 0.319277 0.096347 0.342194 0.0963224 0.364892 0.150217 0.342194 0.0963224 0.364892 0.096298 0.385489 0.150195 0.364892 0.096298 0.385489 0.0962761 0.404758 0.0962552 0.385489 0.150195 0.385489 0.0962761 0.424027 0.150154 0.404758 0.0962552 0.424027 0.0962346 0.443296 0.150133 0.424027 0.0962346 0.443296 0.0962139 0.462565 0.150112 0.443296 0.0962139 0.462565 0.0961932 0.481834 0.150092 0.462565 0.0961932 0.481834 0.0961726 0.501103 0.150071 0.481834 0.0961726 0.501103 0.0961519 0.520372 0.15005 0.501103 0.0961519 0.520372 0.0961311 0.539641 0.0961105 0.520372 0.15005 0.520372 0.0961311 0.55891 0.150009 0.539641 0.0961105 0.55891 0.0960898 0.578179 0.0960691 0.55891 0.150009 0.55891 0.0960898 0.597448 0.149968 0.578179 0.0960691 0.597448 0.0960485 0.616717 0.0960278 0.597448 0.149968 0.597448 0.0960485 0.635986 0.149926 0.616717 0.0960278 0.635986 0.0960071 0.342194 0.0716306 0.319277 0.096347 0.319277 0.0716551 0.364892 0.096298 0.342194 0.0716306 0.364892 0.0716062 0.385489 0.0962761 0.364892 0.0716062 0.385489 0.0715841 0.404758 0.0715634 0.385489 0.0962761 0.385489 0.0715841 0.424027 0.0962346 0.404758 0.0715634 0.424027 0.0715427 0.443296 0.0962139 0.424027 0.0715427 0.443296 0.071522 0.462565 0.0961932 0.443296 0.071522 0.462565 0.0715014 0.481834 0.0961726 0.462565 0.0715014 0.481834 0.0714807 0.501103 0.0961519 0.481834 0.0714807 0.501103 0.0714599 0.520372 0.0961311 0.501103 0.0714599 0.520372 0.0714393 0.539641 0.0714186 0.520372 0.0961311 0.520372 0.0714393 0.55891 0.0960898 0.539641 0.0714186 0.55891 0.0713979 0.578179 0.0713772 0.55891 0.0960898 0.55891 0.0713979 0.597448 0.0960485 0.578179 0.0713772 0.597448 0.0713565 0.616717 0.0713359 0.597448 0.0960485 0.597448 0.0713565 0.616716 0.71699 0.635986 0.656837 0.635985 0.71697 0.616716 0.71699 0.597448 0.656878 0.616717 0.656858 0.597447 0.717011 0.578179 0.656899 0.597448 0.656878 0.578178 0.717031 0.55891 0.65692 0.578179 0.656899 0.53964 0.717073 0.55891 0.65692 0.558909 0.717052 0.53964 0.717073 0.520372 0.656961 0.539641 0.65694 0.501102 0.717114 0.520372 0.656961 0.520371 0.717093 0.481833 0.717134 0.501103 0.656982 0.501102 0.717114 0.462564 0.717155 0.481834 0.657003 0.481833 0.717134 0.443295 0.717176 0.462565 0.657023 0.462564 0.717155 0.424026 0.717197 0.443295 0.657044 0.443295 0.717176 0.404757 0.717217 0.424026 0.657064 0.424026 0.717197 0.385488 0.717237 0.404757 0.657085 0.404757 0.717217 0.364891 0.71726 0.385488 0.657106 0.385488 0.717237 0.364891 0.71726 0.342193 0.657152 0.364892 0.657128 0.315863 0.713672 0.319276 0.657176 0.342193 0.657152 0.364891 0.879807 0.385488 0.827349 0.385488 0.879785 0.385488 0.879785 0.404757 0.827328 0.404757 0.879764 0.404757 0.879764 0.424026 0.827308 0.424026 0.879744 0.424026 0.879744 0.443295 0.827287 0.443295 0.879723 0.443295 0.879723 0.462564 0.827266 0.462564 0.879702 0.462564 0.879702 0.481833 0.827245 0.481833 0.879682 0.481833 0.879682 0.501102 0.827225 0.501103 0.879661 0.501103 0.879661 0.520371 0.827204 0.520371 0.87964 0.539641 0.879619 0.520371 0.827204 0.539641 0.827184 0.539641 0.879619 0.558909 0.827163 0.55891 0.879599 0.55891 0.879599 0.578179 0.827142 0.578179 0.879578 0.578179 0.879578 0.597448 0.827122 0.597448 0.879557 0.616717 0.879537 0.597448 0.827122 0.616717 0.827101 0.635986 0.879516 0.616717 0.827101 0.635986 0.827081 0.616717 0.888017 0.597448 0.881648 0.616717 0.881627 0.635986 0.887996 0.616717 0.881627 0.635986 0.881606 0.385488 0.881875 0.364891 0.888287 0.364891 0.881897 0.322347 0.759766 0.342193 0.717284 0.342193 0.759745 0.385488 0.827349 0.364891 0.759721 0.385488 0.759699 0.385488 0.827349 0.404757 0.759678 0.404757 0.827328 0.404757 0.827328 0.424026 0.759657 0.424026 0.827308 0.424026 0.827308 0.443295 0.759637 0.443295 0.827287 0.443295 0.827287 0.462564 0.759616 0.462564 0.827266 0.462564 0.827266 0.481834 0.759595 0.481833 0.827245 0.481833 0.827245 0.501103 0.759575 0.501102 0.827225 0.501102 0.827225 0.520372 0.759554 0.520371 0.827204 0.539641 0.827184 0.520372 0.759554 0.539641 0.759534 0.539641 0.827184 0.55891 0.759513 0.558909 0.827163 0.558909 0.827163 0.578179 0.759492 0.578179 0.827142 0.578179 0.827142 0.597448 0.759472 0.597448 0.827122 0.597448 0.827122 0.616717 0.759451 0.616717 0.827101 0.635986 0.827081 0.616717 0.759451 0.635986 0.75943 0.616717 0.881627 0.635986 0.879516 0.635986 0.881606 0.597448 0.879557 0.616717 0.881627 0.597448 0.881648 0.578179 0.881668 0.597448 0.879557 0.597448 0.881648 0.55891 0.879599 0.578179 0.881668 0.558909 0.881689 0.539641 0.88171 0.55891 0.879599 0.558909 0.881689 0.520371 0.88173 0.539641 0.879619 0.539641 0.88171 0.501102 0.881751 0.520371 0.87964 0.520371 0.88173 0.481833 0.881771 0.501103 0.879661 0.501102 0.881751 0.462564 0.879702 0.481833 0.881771 0.462564 0.881792 0.443295 0.881813 0.462564 0.879702 0.462564 0.881792 0.424026 0.881834 0.443295 0.879723 0.443295 0.881813 0.404757 0.879764 0.424026 0.881834 0.404757 0.881854 0.385488 0.879785 0.404757 0.881854 0.385488 0.881875 0.364891 0.879807 0.385488 0.881875 0.364891 0.881897 0.597448 0.888038 0.578179 0.881668 0.597448 0.881648 0.578179 0.888058 0.558909 0.881689 0.578179 0.881668 0.558909 0.888079 0.539641 0.88171 0.558909 0.881689 0.53964 0.8881 0.520371 0.88173 0.539641 0.88171 0.520371 0.88812 0.501102 0.881751 0.520371 0.88173 0.501102 0.888141 0.481833 0.881771 0.501102 0.881751 0.481833 0.888161 0.462564 0.881792 0.481833 0.881771 0.462564 0.888182 0.443295 0.881813 0.462564 0.881792 0.443295 0.881813 0.424026 0.888224 0.424026 0.881834 0.424026 0.881834 0.404757 0.888244 0.404757 0.881854 0.404757 0.881854 0.385488 0.888265 0.385488 0.881875 0.635986 0.0960071 0.616717 0.0713359 0.635986 0.0713152 0.319277 0.0189608 0.342194 0.00288123 0.342194 0.0189362 0.342194 0.0189362 0.364892 0.00285679 0.364892 0.0189118 0.385489 0.0188897 0.364892 0.00285679 0.385489 0.00283474 0.385489 0.0188897 0.404758 0.00281399 0.404758 0.018869 0.424027 0.0188483 0.404758 0.00281399 0.424027 0.00279331 0.443296 0.0188277 0.424027 0.00279331 0.443296 0.00277269 0.443296 0.0188277 0.462565 0.00275201 0.462565 0.018807 0.481834 0.0187862 0.462565 0.00275201 0.481834 0.00273126 0.481834 0.0187862 0.501103 0.00271058 0.501103 0.0187656 0.520372 0.0187449 0.501103 0.00271058 0.520372 0.0026899 0.520372 0.0187449 0.539641 0.00266915 0.539641 0.0187241 0.55891 0.0187035 0.539641 0.00266915 0.55891 0.00264853 0.55891 0.0187035 0.578179 0.00262785 0.578179 0.0186828 0.578179 0.0186828 0.597448 0.00260705 0.597448 0.0186621 0.597448 0.0186621 0.616717 0.00258642 0.616717 0.0186414 0.635986 0.0186207 0.616717 0.00258642 0.635986 0.00256562 0.342194 0.0416468 0.319277 0.0716551 0.319277 0.0416714 0.364892 0.0716062 0.342194 0.0416468 0.364892 0.0416224 0.385489 0.0715841 0.364892 0.0416224 0.385489 0.0416003 0.404758 0.0715634 0.385489 0.0416003 0.404758 0.0415796 0.424027 0.0715427 0.404758 0.0415796 0.424027 0.0415589 0.443296 0.071522 0.424027 0.0415589 0.443296 0.0415382 0.462565 0.0415175 0.443296 0.071522 0.443296 0.0415382 0.481834 0.0714807 0.462565 0.0415175 0.481834 0.0414969 0.501103 0.0714599 0.481834 0.0414969 0.501103 0.0414761 0.520372 0.0714393 0.501103 0.0414761 0.520372 0.0414554 0.539641 0.0414348 0.520372 0.0714393 0.520372 0.0414554 0.55891 0.0713979 0.539641 0.0414348 0.55891 0.0414141 0.578179 0.0413934 0.55891 0.0713979 0.55891 0.0414141 0.597448 0.0413727 0.578179 0.0713772 0.578179 0.0413934 0.616717 0.0713359 0.597448 0.0413727 0.616717 0.041352 0.635986 0.0413313 0.616717 0.0713359 0.616717 0.041352 0.342193 0.759745 0.364891 0.71726 0.364891 0.759721 0.385488 0.759699 0.364891 0.71726 0.385488 0.717237 0.385488 0.759699 0.404757 0.717217 0.404757 0.759678 0.424026 0.759657 0.404757 0.717217 0.424026 0.717197 0.424026 0.759657 0.443295 0.717176 0.443295 0.759637 0.443295 0.759637 0.462564 0.717155 0.462564 0.759616 0.462564 0.759616 0.481833 0.717134 0.481834 0.759595 0.481834 0.759595 0.501102 0.717114 0.501103 0.759575 0.520372 0.759554 0.501102 0.717114 0.520371 0.717093 0.539641 0.759534 0.520371 0.717093 0.53964 0.717073 0.539641 0.759534 0.558909 0.717052 0.55891 0.759513 0.55891 0.759513 0.578178 0.717031 0.578179 0.759492 0.578179 0.759492 0.597447 0.717011 0.597448 0.759472 0.616717 0.759451 0.597447 0.717011 0.616716 0.71699 0.635986 0.75943 0.616716 0.71699 0.635985 0.71697 0.315863 0.713672 0.322604 0.717384 0.315383 0.717413 0.776599 0.950419 0.82567 0.926882 0.85349 0.923418 0.776599 0.950419 0.669537 0.937799 0.775851 0.938991 0.842808 0.918553 0.840222 0.915787 0.842808 0.915787 0.664125 0.94662 0.662681 0.933015 0.669537 0.937799 0.842808 0.920634 0.835499 0.922303 0.840222 0.920883 0.842808 0.918553 0.840222 0.920883 0.840222 0.918741 0.85349 0.923418 0.835499 0.922303 0.85349 0.922081 0.858153 0.827992 0.854273 0.84078 0.851853 0.839777 0.87094 0.831871 0.869938 0.834292 0.862945 0.831926 0.858153 0.827992 0.86663 0.817662 0.868482 0.819515 0.859462 0.841291 0.856843 0.841291 0.862945 0.831926 0.835497 0.919144 0.840222 0.915787 0.840222 0.918741 0.825669 0.921402 0.77585 0.915787 0.825669 0.915787 0.82567 0.926882 0.77585 0.927568 0.825669 0.921402 0.835499 0.922303 0.840222 0.918741 0.840222 0.920883 0.686039 0.921982 0.77585 0.915787 0.77585 0.927568 0.669537 0.937799 0.77585 0.927568 0.775851 0.938991 0.835499 0.922303 0.825669 0.921402 0.835497 0.919144 0.835497 0.919144 0.825669 0.915787 0.835497 0.915787 0.653507 0.938788 0.656062 0.923135 0.662681 0.933015 0.257793 0.908858 0.190549 0.904254 0.253022 0.904262 0.183991 0.901332 0.190549 0.904254 0.183991 0.908837 0.686039 0.921982 0.656351 0.915787 0.685695 0.915787 0.642345 0.921309 0.641117 0.915705 0.649929 0.915787 0.686039 0.921982 0.662681 0.933015 0.656062 0.923135 0.656062 0.923135 0.642345 0.921309 0.652107 0.918651 0.253022 0.901332 0.190549 0.904254 0.190549 0.901332 0.652107 0.918651 0.642345 0.921309 0.649929 0.915787 0.656351 0.915787 0.652107 0.918651 0.649929 0.915787 0.82567 0.904692 0.777417 0.881155 0.85349 0.908156 0.777417 0.881155 0.669537 0.893775 0.661015 0.882336 0.840222 0.915787 0.842808 0.913021 0.842808 0.915787 0.661015 0.882336 0.662681 0.898559 0.653588 0.893114 0.842808 0.91094 0.835499 0.909272 0.85349 0.909493 0.842808 0.913021 0.840222 0.910691 0.842808 0.91094 0.835499 0.909272 0.85349 0.908156 0.85349 0.909493 0.846367 0.834291 0.85336 0.824059 0.858153 0.827992 0.859463 0.814693 0.862032 0.815205 0.85336 0.824059 0.864452 0.816207 0.86663 0.817662 0.858153 0.827992 0.846368 0.821693 0.847823 0.819515 0.85336 0.824059 0.835497 0.91243 0.840222 0.915787 0.835497 0.915787 0.825669 0.910172 0.77585 0.915787 0.77585 0.904006 0.82567 0.904692 0.77585 0.904006 0.775851 0.892583 0.835499 0.909272 0.840222 0.912834 0.835497 0.91243 0.77585 0.915787 0.686039 0.909592 0.77585 0.904006 0.77585 0.904006 0.669537 0.893775 0.775851 0.892583 0.825669 0.910172 0.835499 0.909272 0.835497 0.91243 0.825669 0.915787 0.835497 0.91243 0.835497 0.915787 0.653588 0.893114 0.656062 0.908439 0.646683 0.902962 0.257793 0.893806 0.190549 0.898411 0.183991 0.893828 0.190549 0.898411 0.183991 0.901332 0.183991 0.893828 0.656351 0.915787 0.686039 0.909592 0.685695 0.915787 0.642263 0.910183 0.649929 0.915787 0.641117 0.915705 0.686039 0.909592 0.662681 0.898559 0.77585 0.904006 0.656062 0.908439 0.642263 0.910183 0.646683 0.902962 0.190549 0.898411 0.253022 0.901332 0.190549 0.901332 0.652107 0.912923 0.649929 0.915787 0.642263 0.910183 0.656351 0.915787 0.652107 0.912923 0.656062 0.908439 0.84345 0.413794 0.856627 0.0440855 0.856627 0.43534 0.84345 0.0555367 0.763598 0.00256562 0.856627 0.0440855 0.775969 0.0259495 0.751438 0.388489 0.763598 0.00256562 0.839723 0.842797 0.751438 0.47918 0.839723 0.440471 0.84345 0.0555367 0.764835 0.379325 0.775969 0.0259495 0.871142 0.314586 0.90172 0.327976 0.861759 0.327976 0.871142 0.165072 0.892337 0.314586 0.871142 0.314586 0.861759 0.151682 0.892337 0.165072 0.871142 0.165072 0.861759 0.151682 0.871142 0.314586 0.861759 0.327976 0.892337 0.165072 0.90172 0.327976 0.892337 0.314586 0.746306 0.0440854 0.733129 0.413794 0.746306 0.43534 0.653277 0.00256562 0.733129 0.0555367 0.746306 0.0440854 0.641117 0.388489 0.665649 0.0259493 0.653277 0.00256562 0.641117 0.47918 0.729402 0.842797 0.729402 0.440471 0.733129 0.0555367 0.654514 0.379325 0.733129 0.413794 0.00256562 0.933768 0.0159559 0.90319 0.00256562 0.893806 0.0159557 0.924385 0.16547 0.903189 0.0159559 0.90319 0.16547 0.924385 0.17886 0.893806 0.16547 0.903189 0.0159559 0.90319 0.17886 0.893806 0.00256562 0.893806 0.00256562 0.933768 0.16547 0.924385 0.0159557 0.924385 0.928862 0.155783 0.91028 0.158185 0.92876 0.151682 0.936953 0.155772 0.92876 0.151682 0.937069 0.15223 0.91811 0.622451 0.96767 0.615393 0.984527 0.617025 0.860997 0.589416 0.924069 0.594696 0.920722 0.608891 0.86725 0.549551 0.8589 0.561547 0.851661 0.55984 0.924069 0.594696 0.983957 0.591036 0.983424 0.607339 0.851661 0.55984 0.852093 0.57637 0.844854 0.574663 0.984527 0.617025 0.983424 0.607339 0.996901 0.610517 0.931161 0.564622 0.983957 0.591036 0.928042 0.577851 0.875803 0.551568 0.928042 0.577851 0.8589 0.561547 0.8589 0.561547 0.924069 0.594696 0.852093 0.57637 0.96767 0.615393 0.924069 0.594696 0.983424 0.607339 0.860997 0.589416 0.91811 0.622451 0.858524 0.599903 0.915451 0.460091 0.931161 0.564622 0.875803 0.551568 0.931161 0.564622 0.994038 0.478622 0.988639 0.578176 0.906899 0.458074 0.875803 0.551568 0.86725 0.549551 0.906851 0.197873 0.912418 0.235267 0.909118 0.237857 0.912318 0.160344 0.906851 0.197873 0.91028 0.158185 0.953684 0.469107 0.9943 0.457382 0.994038 0.478622 0.928974 0.239785 0.909118 0.237857 0.912418 0.235267 0.924936 0.197789 0.912418 0.235267 0.909902 0.197809 0.924936 0.197789 0.912318 0.160344 0.928862 0.155783 0.953684 0.469107 0.922585 0.440471 0.958454 0.448877 0.994038 0.478622 0.993081 0.57937 0.988639 0.578176 0.928862 0.155783 0.937009 0.197773 0.924936 0.197789 0.858524 0.599903 0.852093 0.57637 0.860997 0.589416 0.983424 0.607339 0.997434 0.594214 0.996901 0.610517 0.993081 0.57937 0.983957 0.591036 0.988639 0.578176 0.937009 0.197773 0.928974 0.239785 0.924936 0.197789 0.92971 0.242962 0.937065 0.239774 0.937069 0.242651 0.930605 0.33961 0.949187 0.337208 0.949085 0.333107 0.949085 0.333107 0.957278 0.337197 0.957394 0.333656 0.91811 0.809562 0.96767 0.802504 0.920722 0.796002 0.924069 0.781807 0.860997 0.776527 0.920722 0.796002 0.86725 0.736662 0.8589 0.748658 0.875803 0.738679 0.924069 0.781807 0.983957 0.778147 0.928042 0.764962 0.852093 0.763481 0.851661 0.746951 0.844854 0.761774 0.984527 0.804136 0.983424 0.79445 0.96767 0.802504 0.931161 0.751733 0.983957 0.778147 0.988639 0.765287 0.875803 0.738679 0.928042 0.764962 0.931161 0.751733 0.924069 0.781807 0.8589 0.748658 0.852093 0.763481 0.96767 0.802504 0.924069 0.781807 0.920722 0.796002 0.91811 0.809562 0.860997 0.776527 0.858524 0.787014 0.931161 0.751733 0.915451 0.647202 0.875803 0.738679 0.931161 0.751733 0.994038 0.665733 0.953684 0.656218 0.875803 0.738679 0.906899 0.645185 0.86725 0.736662 0.927176 0.379299 0.932743 0.416692 0.930227 0.379234 0.927176 0.379299 0.932643 0.34177 0.930605 0.33961 0.9943 0.644493 0.953684 0.656218 0.994038 0.665733 0.949299 0.42121 0.929443 0.419282 0.950035 0.424388 0.945261 0.379214 0.932743 0.416692 0.949299 0.42121 0.932643 0.34177 0.945261 0.379214 0.949187 0.337208 0.953684 0.656218 0.922585 0.627582 0.915451 0.647202 0.993081 0.766482 0.994038 0.665733 0.988639 0.765287 0.949187 0.337208 0.957334 0.379198 0.957278 0.337197 0.852093 0.763481 0.858524 0.787014 0.860997 0.776527 0.983424 0.79445 0.997434 0.781325 0.983957 0.778147 0.983957 0.778147 0.993081 0.766482 0.988639 0.765287 0.949299 0.42121 0.957334 0.379198 0.945261 0.379214 0.950035 0.424388 0.95739 0.421199 0.949299 0.42121 0.874544 0.41588 0.88259 0.413121 0.88259 0.41588 0.874544 0.413121 0.88259 0.410362 0.88259 0.413121 0.874544 0.410362 0.88259 0.407603 0.88259 0.410362 0.874544 0.407603 0.88259 0.404844 0.88259 0.407603 0.874544 0.404844 0.88259 0.402084 0.88259 0.404844 0.874544 0.402084 0.88259 0.399325 0.88259 0.402084 0.88259 0.399325 0.874544 0.396566 0.88259 0.396566 0.88259 0.396566 0.874544 0.393807 0.882591 0.393807 0.874544 0.393807 0.882591 0.391048 0.882591 0.393807 0.874544 0.391048 0.882591 0.388289 0.882591 0.391048 0.882591 0.388289 0.874544 0.38553 0.882591 0.38553 0.874544 0.38553 0.882591 0.382771 0.882591 0.38553 0.882591 0.382771 0.874544 0.380012 0.882591 0.380012 0.874544 0.380012 0.882591 0.377253 0.882591 0.380012 0.882591 0.377253 0.874545 0.374494 0.882591 0.374494 0.874545 0.374494 0.882591 0.371735 0.882591 0.374494 0.882591 0.371735 0.874545 0.368975 0.882591 0.368975 0.874545 0.368975 0.882591 0.366216 0.882591 0.368975 0.882591 0.366216 0.874545 0.363457 0.882591 0.363457 0.874545 0.363457 0.882591 0.360698 0.882591 0.363457 0.874545 0.360698 0.882591 0.357939 0.882591 0.360698 0.874545 0.357939 0.882591 0.35518 0.882591 0.357939 0.882591 0.35518 0.874545 0.352421 0.882591 0.352421 0.882591 0.352421 0.874545 0.349662 0.882591 0.349662 0.874545 0.349662 0.882591 0.346903 0.882591 0.349662 0.874545 0.346903 0.882591 0.344144 0.882591 0.346903 0.882591 0.344144 0.874545 0.341385 0.882591 0.341385 0.874545 0.341385 0.882592 0.338625 0.882591 0.341385 0.874545 0.338625 0.882592 0.335867 0.882592 0.338625 0.882592 0.335867 0.874545 0.333107 0.882592 0.333107 0.871525 0.41588 0.861759 0.413121 0.871525 0.413121 0.874544 0.421398 0.88259 0.418639 0.88259 0.421398 0.874544 0.418639 0.88259 0.41588 0.88259 0.418639 0.88259 0.418639 0.922045 0.41588 0.922045 0.418639 0.88259 0.421398 0.922045 0.418639 0.922045 0.421398 0.882592 0.335867 0.922045 0.333107 0.922045 0.335866 0.882592 0.338625 0.922045 0.335866 0.922045 0.338625 0.882591 0.341385 0.922045 0.338625 0.922045 0.341385 0.882591 0.344144 0.922045 0.341385 0.922045 0.344144 0.882591 0.346903 0.922045 0.344144 0.922045 0.346903 0.882591 0.349662 0.922045 0.346903 0.922045 0.349662 0.882591 0.352421 0.922045 0.349662 0.922045 0.352421 0.882591 0.35518 0.922045 0.352421 0.922045 0.35518 0.882591 0.357939 0.922045 0.35518 0.922045 0.357939 0.882591 0.360698 0.922045 0.357939 0.922045 0.360698 0.882591 0.363457 0.922045 0.360698 0.922045 0.363457 0.882591 0.366216 0.922045 0.363457 0.922045 0.366216 0.882591 0.368975 0.922045 0.366216 0.922045 0.368975 0.882591 0.371735 0.922045 0.368975 0.922045 0.371734 0.882591 0.374494 0.922045 0.371734 0.922045 0.374494 0.882591 0.377253 0.922045 0.374494 0.922045 0.377253 0.882591 0.380012 0.922045 0.377253 0.922045 0.380012 0.882591 0.382771 0.922045 0.380012 0.922045 0.382771 0.882591 0.38553 0.922045 0.382771 0.922045 0.38553 0.882591 0.388289 0.922045 0.38553 0.922045 0.388289 0.882591 0.391048 0.922045 0.388289 0.922045 0.391048 0.882591 0.393807 0.922045 0.391048 0.922045 0.393807 0.88259 0.396566 0.922045 0.393807 0.922045 0.396566 0.88259 0.399325 0.922045 0.396566 0.922045 0.399325 0.88259 0.402084 0.922045 0.399325 0.922045 0.402084 0.88259 0.404844 0.922045 0.402084 0.922045 0.404844 0.88259 0.407603 0.922045 0.404844 0.922045 0.407603 0.88259 0.410362 0.922045 0.407603 0.922045 0.410362 0.88259 0.413121 0.922045 0.410362 0.922045 0.413121 0.88259 0.41588 0.922045 0.413121 0.922045 0.41588 0.871525 0.413121 0.874544 0.41588 0.871525 0.41588 0.871526 0.410362 0.874544 0.413121 0.871525 0.413121 0.871526 0.410362 0.874544 0.407603 0.874544 0.410362 0.871526 0.404844 0.874544 0.407603 0.871526 0.407603 0.871526 0.402084 0.874544 0.404844 0.871526 0.404844 0.871526 0.402084 0.874544 0.399325 0.874544 0.402084 0.871526 0.396566 0.874544 0.399325 0.871526 0.399325 0.871526 0.396566 0.874544 0.393807 0.874544 0.396566 0.871526 0.393807 0.874544 0.391048 0.874544 0.393807 0.871526 0.388289 0.874544 0.391048 0.871526 0.391048 0.871526 0.38553 0.874544 0.388289 0.871526 0.388289 0.871526 0.38553 0.874544 0.382771 0.874544 0.38553 0.871526 0.380012 0.874544 0.382771 0.871526 0.382771 0.871526 0.380012 0.874544 0.377253 0.874544 0.380012 0.871526 0.374494 0.874544 0.377253 0.871526 0.377253 0.871526 0.374494 0.874545 0.371735 0.874545 0.374494 0.871526 0.368975 0.874545 0.371735 0.871526 0.371735 0.871526 0.368975 0.874545 0.366216 0.874545 0.368975 0.871526 0.363457 0.874545 0.366216 0.871526 0.366216 0.871526 0.360698 0.874545 0.363457 0.871526 0.363457 0.871526 0.357939 0.874545 0.360698 0.871526 0.360698 0.871526 0.357939 0.874545 0.35518 0.874545 0.357939 0.871527 0.352421 0.874545 0.35518 0.871526 0.35518 0.871527 0.349662 0.874545 0.352421 0.871527 0.352421 0.871527 0.346903 0.874545 0.349662 0.871527 0.349662 0.871527 0.346903 0.874545 0.344144 0.874545 0.346903 0.871527 0.341385 0.874545 0.344144 0.871527 0.344144 0.871527 0.341385 0.874545 0.338625 0.874545 0.341385 0.871527 0.335867 0.874545 0.338625 0.871527 0.338625 0.871527 0.333107 0.874545 0.335867 0.871527 0.335867 0.871525 0.418639 0.874544 0.421398 0.871525 0.421398 0.871525 0.418639 0.874544 0.41588 0.874544 0.418639 0.734874 0.454373 0.738941 0.453139 0.740175 0.457206 0.871527 0.338625 0.86176 0.341385 0.86176 0.338625 0.871526 0.377253 0.86176 0.374494 0.871526 0.374494 0.871525 0.413121 0.861759 0.410362 0.871526 0.410362 0.871527 0.338625 0.86176 0.335866 0.871527 0.335867 0.871526 0.374494 0.86176 0.371734 0.871526 0.371735 0.871526 0.410362 0.861759 0.407603 0.871526 0.407603 0.871527 0.333107 0.86176 0.335866 0.86176 0.333107 0.871526 0.371735 0.86176 0.368975 0.871526 0.368975 0.871526 0.407603 0.861759 0.404844 0.871526 0.404844 0.871525 0.418639 0.861759 0.421398 0.861759 0.418639 0.871526 0.366216 0.86176 0.368975 0.86176 0.366216 0.871526 0.404844 0.861759 0.402084 0.871526 0.402084 0.871525 0.418639 0.861759 0.41588 0.871525 0.41588 0.871526 0.363457 0.86176 0.366216 0.86176 0.363457 0.871526 0.402084 0.861759 0.399325 0.871526 0.399325 0.871526 0.363457 0.86176 0.360698 0.871526 0.360698 0.871526 0.399325 0.861759 0.396566 0.871526 0.396566 0.871526 0.357939 0.86176 0.360698 0.86176 0.357939 0.871526 0.396566 0.861759 0.393807 0.871526 0.393807 0.871526 0.35518 0.86176 0.357939 0.86176 0.35518 0.871526 0.393807 0.861759 0.391048 0.871526 0.391048 0.871527 0.352421 0.86176 0.35518 0.86176 0.352421 0.871526 0.391048 0.86176 0.388289 0.871526 0.388289 0.871527 0.349662 0.86176 0.352421 0.86176 0.349662 0.871526 0.388289 0.86176 0.38553 0.871526 0.38553 0.871527 0.346903 0.86176 0.349662 0.86176 0.346903 0.871526 0.38553 0.86176 0.382771 0.871526 0.382771 0.871527 0.344144 0.86176 0.346903 0.86176 0.344144 0.871526 0.382771 0.86176 0.380012 0.871526 0.380012 0.871527 0.341385 0.86176 0.344144 0.86176 0.341385 0.871526 0.380012 0.86176 0.377253 0.871526 0.377253 0.861759 0.0745578 0.872069 0.0700583 0.872069 0.0745578 0.861759 0.0700583 0.872069 0.0655588 0.872069 0.0700583 0.861759 0.0655589 0.872069 0.0610593 0.872069 0.0655588 0.872069 0.0610593 0.861759 0.0565598 0.872069 0.0565599 0.861759 0.0565598 0.872069 0.0520602 0.872069 0.0565599 0.861759 0.0520604 0.872069 0.0475609 0.872069 0.0520602 0.872069 0.0475609 0.861759 0.0430614 0.872069 0.0430614 0.861759 0.0430614 0.872069 0.0385619 0.872069 0.0430614 0.861759 0.0385619 0.872069 0.0340623 0.872069 0.0385619 0.861759 0.0340623 0.872069 0.0295629 0.872069 0.0340623 0.861759 0.0295629 0.872069 0.0250634 0.872069 0.0295629 0.861759 0.0250634 0.872069 0.0205638 0.872069 0.0250634 0.872069 0.0205638 0.861759 0.0160644 0.872069 0.0160644 0.861759 0.0160644 0.872069 0.0115649 0.872069 0.0160644 0.872069 0.0115649 0.861759 0.00706535 0.872069 0.00706553 0.861759 0.00706535 0.872069 0.00256598 0.872069 0.00706553 0.872069 0.14655 0.861759 0.14205 0.872069 0.142051 0.861759 0.14205 0.872069 0.137551 0.872069 0.142051 0.872069 0.137551 0.861759 0.133051 0.872069 0.133051 0.872069 0.133051 0.861759 0.128552 0.872069 0.128552 0.861759 0.128552 0.872069 0.124052 0.872069 0.128552 0.861759 0.124052 0.872069 0.119553 0.872069 0.124052 0.872069 0.119553 0.861759 0.115053 0.872069 0.115053 0.872069 0.115053 0.861759 0.110554 0.872069 0.110554 0.861759 0.110554 0.872069 0.106054 0.872069 0.110554 0.861759 0.106054 0.872069 0.101555 0.872069 0.106054 0.861759 0.101555 0.872069 0.0970553 0.872069 0.101555 0.861759 0.0970551 0.872069 0.0925556 0.872069 0.0970553 0.861759 0.0925558 0.872069 0.0880563 0.872069 0.0925556 0.872069 0.0880563 0.861759 0.0835568 0.872069 0.0835568 0.863686 0.858823 0.859002 0.864531 0.849907 0.847515 0.861759 0.0835568 0.872069 0.0790572 0.872069 0.0835568 0.861759 0.0790572 0.872069 0.0745578 0.872069 0.0790572 0.872069 0.0790572 0.938131 0.0745578 0.938131 0.0790573 0.872069 0.0835568 0.938131 0.0790573 0.938131 0.0835568 0.872069 0.0880563 0.938131 0.0835568 0.938131 0.0880563 0.872069 0.0925556 0.938131 0.0880563 0.938131 0.0925558 0.872069 0.0970553 0.938131 0.0925558 0.938131 0.0970554 0.872069 0.101555 0.938131 0.0970554 0.938131 0.101555 0.872069 0.106054 0.938131 0.101555 0.938131 0.106054 0.872069 0.110554 0.938131 0.106054 0.938131 0.110554 0.872069 0.115053 0.938131 0.110554 0.938131 0.115053 0.872069 0.119553 0.938131 0.115053 0.938131 0.119553 0.872069 0.124052 0.938131 0.119553 0.938131 0.124053 0.872069 0.128552 0.938131 0.124053 0.938131 0.128552 0.872069 0.133051 0.938131 0.128552 0.938131 0.133051 0.872069 0.137551 0.938131 0.133051 0.938131 0.137551 0.872069 0.142051 0.938131 0.137551 0.938131 0.142051 0.872069 0.14655 0.938131 0.142051 0.938131 0.14655 0.872069 0.00706553 0.938131 0.00256562 0.938131 0.00706524 0.872069 0.0115649 0.938131 0.00706524 0.938131 0.0115646 0.872069 0.0160644 0.938131 0.0115646 0.938131 0.0160643 0.872069 0.0205638 0.938131 0.0160643 0.938131 0.0205637 0.872069 0.0250634 0.938131 0.0205637 0.938131 0.0250631 0.872069 0.0295629 0.938131 0.0250631 0.938131 0.0295627 0.872069 0.0340623 0.938131 0.0295627 0.938131 0.0340622 0.872069 0.0385619 0.938131 0.0340622 0.938131 0.0385617 0.872069 0.0430614 0.938131 0.0385617 0.938131 0.0430612 0.872069 0.0475609 0.938131 0.0430612 0.938131 0.0475608 0.872069 0.0520602 0.938131 0.0475608 0.938131 0.0520602 0.872069 0.0565599 0.938131 0.0520602 0.938131 0.0565598 0.872069 0.0610593 0.938131 0.0565598 0.938131 0.0610593 0.872069 0.0655588 0.938131 0.0610593 0.938131 0.0655587 0.872069 0.0700583 0.938131 0.0655587 0.938131 0.0700583 0.872069 0.0745578 0.938131 0.0700583 0.938131 0.0745578 0.616717 0.041352 0.635986 0.0186207 0.635986 0.0413313 0.597448 0.0413727 0.616717 0.0186414 0.616717 0.041352 0.578179 0.0413934 0.597448 0.0186621 0.597448 0.0413727 0.55891 0.0414141 0.578179 0.0186828 0.578179 0.0413934 0.55891 0.0414141 0.539641 0.0187241 0.55891 0.0187035 0.520372 0.0414554 0.539641 0.0187241 0.539641 0.0414348 0.520372 0.0414554 0.501103 0.0187656 0.520372 0.0187449 0.501103 0.0414761 0.481834 0.0187862 0.501103 0.0187656 0.481834 0.0414969 0.462565 0.018807 0.481834 0.0187862 0.443296 0.0415382 0.462565 0.018807 0.462565 0.0415175 0.443296 0.0415382 0.424027 0.0188483 0.443296 0.0188277 0.424027 0.0415589 0.404758 0.018869 0.424027 0.0188483 0.404758 0.0415796 0.385489 0.0188897 0.404758 0.018869 0.385489 0.0416003 0.364892 0.0189118 0.385489 0.0188897 0.364892 0.0416224 0.342194 0.0189362 0.364892 0.0189118 0.319277 0.0416714 0.342194 0.0189362 0.342194 0.0416468 0.00256759 0.0193007 0.0218366 0.0419906 0.00256753 0.0420113 0.0218366 0.0192801 0.0411056 0.0419699 0.0218366 0.0419906 0.0411057 0.0192594 0.0603746 0.0419493 0.0411056 0.0419699 0.0603746 0.0192388 0.0796435 0.0419286 0.0603746 0.0419493 0.0796435 0.0419286 0.0989126 0.0191974 0.0989126 0.0419079 0.0989126 0.0191974 0.118182 0.0418872 0.0989126 0.0419079 0.118182 0.0418872 0.137451 0.019156 0.137451 0.0418666 0.137451 0.0418666 0.15672 0.0191353 0.156719 0.0418459 0.156719 0.0418459 0.175988 0.0191147 0.175988 0.0418252 0.175988 0.0191147 0.195257 0.0418045 0.175988 0.0418252 0.195257 0.0418045 0.214526 0.0190732 0.214526 0.0417838 0.214526 0.0417838 0.233795 0.0190526 0.233795 0.0417632 0.233795 0.0417632 0.253065 0.0190318 0.253064 0.0417424 0.253064 0.0417424 0.273661 0.0190098 0.273661 0.0417203 0.273661 0.0417203 0.29636 0.0189853 0.29636 0.0416959 0.29636 0.0189853 0.319277 0.0416714 0.29636 0.0416959 0.0411053 0.150565 0.0603743 0.150544 0.0603742 0.231689 0.0603742 0.231689 0.0603743 0.150544 0.0796434 0.150523 0.0796434 0.150523 0.0989124 0.150503 0.0989122 0.231647 0.0989124 0.150503 0.118181 0.150482 0.118181 0.231627 0.118181 0.150482 0.13745 0.150461 0.13745 0.231606 0.13745 0.150461 0.156719 0.150441 0.156719 0.231585 0.156719 0.231585 0.156719 0.150441 0.175988 0.15042 0.175988 0.15042 0.195257 0.150399 0.195257 0.231544 0.195257 0.150399 0.214526 0.150379 0.214526 0.231523 0.214526 0.231523 0.214526 0.150379 0.233795 0.150358 0.233795 0.150358 0.253064 0.150337 0.253064 0.231482 0.253064 0.150337 0.273661 0.150315 0.273661 0.23146 0.273661 0.150315 0.29636 0.150291 0.29636 0.231435 0.29636 0.150291 0.319277 0.150266 0.319277 0.231411 0.734533 0.444423 0.734533 0.443715 0.734671 0.445118 0.734533 0.443715 0.734672 0.44302 0.734671 0.445118 0.734672 0.44302 0.741591 0.445119 0.740425 0.446864 0.741591 0.445119 0.741319 0.445773 0.740425 0.446864 0.741319 0.445773 0.740926 0.446363 0.740425 0.446864 0.740425 0.446864 0.739835 0.447257 0.739181 0.447529 0.739181 0.447529 0.738485 0.447667 0.737777 0.447667 0.737777 0.447667 0.737082 0.447529 0.735336 0.446362 0.737082 0.447529 0.736427 0.447257 0.735336 0.446362 0.736427 0.447257 0.735838 0.446864 0.735336 0.446362 0.735336 0.446362 0.734943 0.445773 0.734671 0.445118 0.740425 0.446864 0.739181 0.447529 0.734672 0.44302 0.739181 0.447529 0.737777 0.447667 0.734672 0.44302 0.735336 0.446362 0.734671 0.445118 0.737777 0.447667 0.00256735 0.150606 0.0218363 0.150585 0.0218362 0.23173 0.29636 0.231435 0.319277 0.231411 0.319276 0.657176 0.273661 0.23146 0.29636 0.231435 0.296359 0.657201 0.253064 0.231482 0.273661 0.23146 0.27366 0.657225 0.233795 0.231503 0.253064 0.231482 0.253063 0.657247 0.214526 0.231523 0.233795 0.231503 0.233794 0.657268 0.195257 0.231544 0.214526 0.231523 0.214525 0.657289 0.175988 0.231565 0.195257 0.231544 0.195256 0.657309 0.156718 0.65735 0.156719 0.231585 0.175988 0.231565 0.13745 0.231606 0.156719 0.231585 0.156718 0.65735 0.118181 0.231627 0.13745 0.231606 0.137449 0.657371 0.0989114 0.657413 0.0989122 0.231647 0.118181 0.231627 0.0796432 0.231668 0.0989122 0.231647 0.0989114 0.657413 0.0603733 0.657454 0.0603742 0.231689 0.0796432 0.231668 0.0411052 0.231709 0.0603742 0.231689 0.0603733 0.657454 0.0218362 0.23173 0.0411052 0.231709 0.0411042 0.657474 0.00256717 0.231751 0.0218362 0.23173 0.0218353 0.657495 0.0218363 0.150585 0.0411053 0.150565 0.0411052 0.231709 0.319277 0.096347 0.319277 0.150266 0.29636 0.150291 0.29636 0.0963716 0.29636 0.150291 0.273661 0.150315 0.273661 0.096396 0.273661 0.150315 0.253064 0.150337 0.233795 0.0964387 0.253064 0.0964181 0.253064 0.150337 0.233795 0.0964387 0.233795 0.150358 0.214526 0.150379 0.214526 0.0964594 0.214526 0.150379 0.195257 0.150399 0.195257 0.0964802 0.195257 0.150399 0.175988 0.15042 0.175988 0.0965008 0.175988 0.15042 0.156719 0.150441 0.156719 0.0965215 0.156719 0.150441 0.13745 0.150461 0.13745 0.0965422 0.13745 0.150461 0.118181 0.150482 0.0989125 0.0965835 0.118181 0.0965629 0.118181 0.150482 0.0989125 0.0965835 0.0989124 0.150503 0.0796434 0.150523 0.0603744 0.0966249 0.0796434 0.0966042 0.0796434 0.150523 0.0603744 0.0966249 0.0603743 0.150544 0.0411053 0.150565 0.0218365 0.0966662 0.0411054 0.0966455 0.0411053 0.150565 0.0218365 0.0966662 0.0218363 0.150585 0.00256735 0.150606 0.29636 0.0716797 0.319277 0.0716551 0.319277 0.096347 0.29636 0.0716797 0.29636 0.0963716 0.273661 0.096396 0.273661 0.0717041 0.273661 0.096396 0.253064 0.0964181 0.233795 0.0717469 0.253064 0.0717262 0.253064 0.0964181 0.233795 0.0717469 0.233795 0.0964387 0.214526 0.0964594 0.214526 0.0717676 0.214526 0.0964594 0.195257 0.0964802 0.195257 0.0717883 0.195257 0.0964802 0.175988 0.0965008 0.175988 0.071809 0.175988 0.0965008 0.156719 0.0965215 0.156719 0.0718296 0.156719 0.0965215 0.13745 0.0965422 0.137451 0.0718504 0.13745 0.0965422 0.118181 0.0965629 0.0989125 0.0718917 0.118181 0.071871 0.118181 0.0965629 0.0989125 0.0718917 0.0989125 0.0965835 0.0796434 0.0966042 0.0603745 0.071933 0.0796435 0.0719123 0.0796434 0.0966042 0.0603745 0.071933 0.0603744 0.0966249 0.0411054 0.0966455 0.0218365 0.0719744 0.0411055 0.0719536 0.0411054 0.0966455 0.00256616 0.657516 0.0218353 0.657495 0.0218351 0.717627 0.0218351 0.717627 0.0218353 0.657495 0.0411042 0.657474 0.0411041 0.717606 0.0411042 0.657474 0.0603733 0.657454 0.0603732 0.717586 0.0603733 0.657454 0.0796423 0.657433 0.0796423 0.657433 0.0989114 0.657413 0.0989113 0.717544 0.0989113 0.717544 0.0989114 0.657413 0.11818 0.657392 0.11818 0.657392 0.137449 0.657371 0.137449 0.717503 0.137449 0.657371 0.156718 0.65735 0.156718 0.717483 0.156718 0.65735 0.175987 0.65733 0.175987 0.717462 0.175987 0.65733 0.195256 0.657309 0.195256 0.717441 0.195256 0.657309 0.214525 0.657289 0.214525 0.717421 0.214525 0.657289 0.233794 0.657268 0.233794 0.7174 0.233794 0.657268 0.253063 0.657247 0.253063 0.717379 0.253063 0.657247 0.27366 0.657225 0.27366 0.717358 0.27366 0.717358 0.27366 0.657225 0.296359 0.657201 0.308162 0.717442 0.293092 0.717543 0.315863 0.713672 0.293092 0.717543 0.294681 0.657343 0.315863 0.713672 0.253063 0.827491 0.27366 0.827469 0.27366 0.879905 0.233794 0.827511 0.253063 0.827491 0.253063 0.879927 0.214525 0.827532 0.233794 0.827511 0.233794 0.879947 0.195256 0.827552 0.214525 0.827532 0.214525 0.879968 0.175987 0.827573 0.195256 0.827552 0.195256 0.879988 0.156718 0.827594 0.175987 0.827573 0.175987 0.880009 0.137449 0.827614 0.156718 0.827594 0.156718 0.88003 0.11818 0.827635 0.137449 0.827614 0.137449 0.88005 0.0989109 0.880092 0.098911 0.827655 0.11818 0.827635 0.0796419 0.827676 0.098911 0.827655 0.0989109 0.880092 0.0603729 0.827697 0.0796419 0.827676 0.0796419 0.880112 0.0411039 0.827717 0.0603729 0.827697 0.0603728 0.880133 0.0218347 0.880174 0.0218349 0.827738 0.0411039 0.827717 0.00256562 0.880195 0.0025658 0.827758 0.0218349 0.827738 0.0411038 0.882243 0.0411038 0.888634 0.0218347 0.888654 0.0218347 0.882264 0.0218347 0.888654 0.00256568 0.888675 0.253063 0.882017 0.27366 0.881995 0.27366 0.888385 0.296359 0.717333 0.316205 0.717312 0.316205 0.759773 0.253063 0.827491 0.253063 0.75984 0.27366 0.759818 0.233794 0.759861 0.253063 0.75984 0.253063 0.827491 0.214525 0.759882 0.233794 0.759861 0.233794 0.827511 0.195256 0.759902 0.214525 0.759882 0.214525 0.827532 0.175987 0.759923 0.195256 0.759902 0.195256 0.827552 0.156718 0.759944 0.175987 0.759923 0.175987 0.827573 0.137449 0.759964 0.156718 0.759944 0.156718 0.827594 0.11818 0.759985 0.137449 0.759964 0.137449 0.827614 0.098911 0.827655 0.0989112 0.760005 0.11818 0.759985 0.0796421 0.760026 0.0989112 0.760005 0.098911 0.827655 0.0603731 0.760047 0.0796421 0.760026 0.0796419 0.827676 0.0411041 0.760067 0.0603731 0.760047 0.0603729 0.827697 0.021835 0.760088 0.0411041 0.760067 0.0411039 0.827717 0.0025658 0.827758 0.00256592 0.760108 0.021835 0.760088 0.0218347 0.882264 0.00256562 0.882285 0.00256562 0.880195 0.0218347 0.882264 0.0218347 0.880174 0.0411038 0.880153 0.0603728 0.882223 0.0411038 0.882243 0.0411038 0.880153 0.0603728 0.882223 0.0603728 0.880133 0.0796419 0.880112 0.0989109 0.882182 0.0796419 0.882202 0.0796419 0.880112 0.11818 0.882161 0.0989109 0.882182 0.0989109 0.880092 0.137449 0.882141 0.11818 0.882161 0.11818 0.880071 0.156718 0.88212 0.137449 0.882141 0.137449 0.88005 0.156718 0.88212 0.156718 0.88003 0.175987 0.880009 0.195256 0.882078 0.175987 0.882099 0.175987 0.880009 0.214525 0.882058 0.195256 0.882078 0.195256 0.879988 0.214525 0.882058 0.214525 0.879968 0.233794 0.879947 0.233794 0.882037 0.233794 0.879947 0.253063 0.879927 0.253063 0.882017 0.253063 0.879927 0.27366 0.879905 0.0603728 0.882223 0.0603728 0.888613 0.0411038 0.888634 0.0796419 0.882202 0.0796419 0.888592 0.0603728 0.888613 0.0989109 0.882182 0.0989109 0.888572 0.0796419 0.888592 0.11818 0.882161 0.11818 0.888551 0.0989109 0.888572 0.137449 0.882141 0.137449 0.88853 0.11818 0.888551 0.156718 0.88212 0.156718 0.88851 0.137449 0.88853 0.175987 0.882099 0.175987 0.888489 0.156718 0.88851 0.195256 0.882078 0.195256 0.888469 0.175987 0.888489 0.195256 0.882078 0.214525 0.882058 0.214525 0.888448 0.214525 0.882058 0.233794 0.882037 0.233794 0.888427 0.233794 0.882037 0.253063 0.882017 0.253063 0.888407 0.0218365 0.0719744 0.0218365 0.0966662 0.00256747 0.0966869 0.29636 0.00293034 0.319277 0.00290579 0.319277 0.0189608 0.273661 0.00295478 0.29636 0.00293034 0.29636 0.0189853 0.253065 0.0190318 0.253064 0.00297683 0.273661 0.00295478 0.233795 0.00299758 0.253064 0.00297683 0.253065 0.0190318 0.214526 0.0190732 0.214526 0.00301826 0.233795 0.00299758 0.195257 0.019094 0.195257 0.00303906 0.214526 0.00301826 0.175988 0.00305968 0.195257 0.00303906 0.195257 0.019094 0.15672 0.0191353 0.15672 0.00308025 0.175988 0.00305968 0.137451 0.00310105 0.15672 0.00308025 0.15672 0.0191353 0.118182 0.0191767 0.118182 0.00312167 0.137451 0.00310105 0.0989126 0.00314242 0.118182 0.00312167 0.118182 0.0191767 0.0796436 0.0192181 0.0796437 0.0031631 0.0989126 0.00314242 0.0603747 0.00318378 0.0796437 0.0031631 0.0796436 0.0192181 0.0411057 0.00320441 0.0603747 0.00318378 0.0603746 0.0192388 0.0218367 0.00322521 0.0411057 0.00320441 0.0411057 0.0192594 0.00256759 0.0193007 0.00256765 0.00324571 0.0218367 0.00322521 0.29636 0.0416959 0.319277 0.0416714 0.319277 0.0716551 0.29636 0.0416959 0.29636 0.0716797 0.273661 0.0717041 0.273661 0.0417203 0.273661 0.0717041 0.253064 0.0717262 0.253064 0.0417424 0.253064 0.0717262 0.233795 0.0717469 0.233795 0.0417632 0.233795 0.0717469 0.214526 0.0717676 0.214526 0.0417838 0.214526 0.0717676 0.195257 0.0717883 0.175988 0.0418252 0.195257 0.0418045 0.195257 0.0717883 0.175988 0.0418252 0.175988 0.071809 0.156719 0.0718296 0.156719 0.0418459 0.156719 0.0718296 0.137451 0.0718504 0.137451 0.0418666 0.137451 0.0718504 0.118181 0.071871 0.0989126 0.0419079 0.118182 0.0418872 0.118181 0.071871 0.0989126 0.0419079 0.0989125 0.0718917 0.0796435 0.0719123 0.0603746 0.0419493 0.0796435 0.0419286 0.0796435 0.0719123 0.0411056 0.0419699 0.0603746 0.0419493 0.0603745 0.071933 0.0411056 0.0419699 0.0411055 0.0719536 0.0218365 0.0719744 0.00256753 0.0420113 0.0218366 0.0419906 0.0218365 0.0719744 0.27366 0.717358 0.296359 0.717333 0.296359 0.759794 0.253063 0.75984 0.253063 0.717379 0.27366 0.717358 0.233794 0.7174 0.253063 0.717379 0.253063 0.75984 0.214525 0.759882 0.214525 0.717421 0.233794 0.7174 0.195256 0.717441 0.214525 0.717421 0.214525 0.759882 0.175987 0.717462 0.195256 0.717441 0.195256 0.759902 0.156718 0.717483 0.175987 0.717462 0.175987 0.759923 0.137449 0.717503 0.156718 0.717483 0.156718 0.759944 0.11818 0.759985 0.11818 0.717524 0.137449 0.717503 0.0989112 0.760005 0.0989113 0.717544 0.11818 0.717524 0.0796422 0.717565 0.0989113 0.717544 0.0989112 0.760005 0.0603732 0.717586 0.0796422 0.717565 0.0796421 0.760026 0.0411041 0.717606 0.0603732 0.717586 0.0603731 0.760047 0.021835 0.760088 0.0218351 0.717627 0.0411041 0.717606 0.00256592 0.760108 0.00256604 0.717647 0.0218351 0.717627 0.578179 0.231133 0.578179 0.149988 0.597448 0.149968 0.578179 0.231133 0.55891 0.231154 0.55891 0.150009 0.539641 0.231175 0.539641 0.15003 0.55891 0.150009 0.520372 0.231195 0.520372 0.15005 0.539641 0.15003 0.501103 0.231216 0.501103 0.150071 0.520372 0.15005 0.481834 0.231237 0.481834 0.150092 0.501103 0.150071 0.481834 0.231237 0.462565 0.231257 0.462565 0.150112 0.443296 0.231278 0.443296 0.150133 0.462565 0.150112 0.424027 0.231299 0.424027 0.150154 0.443296 0.150133 0.424027 0.231299 0.404758 0.231319 0.404758 0.150174 0.385489 0.23134 0.385489 0.150195 0.404758 0.150174 0.364892 0.231362 0.364892 0.150217 0.385489 0.150195 0.342193 0.231386 0.342194 0.150242 0.364892 0.150217 0.319277 0.231411 0.319277 0.150266 0.342194 0.150242 0.734672 0.44302 0.734943 0.442365 0.735336 0.441776 0.735336 0.441776 0.735838 0.441274 0.736427 0.440881 0.736427 0.440881 0.737082 0.44061 0.737777 0.440471 0.737777 0.440471 0.738486 0.440471 0.739181 0.44061 0.739181 0.44061 0.739835 0.440881 0.740425 0.441274 0.740425 0.441274 0.740926 0.441776 0.741729 0.443715 0.740926 0.441776 0.741319 0.442365 0.741729 0.443715 0.741319 0.442365 0.741591 0.44302 0.741729 0.443715 0.741729 0.443715 0.741729 0.444424 0.741591 0.445119 0.741591 0.445119 0.734672 0.44302 0.735336 0.441776 0.735336 0.441776 0.736427 0.440881 0.740425 0.441274 0.736427 0.440881 0.737777 0.440471 0.740425 0.441274 0.737777 0.440471 0.739181 0.44061 0.740425 0.441274 0.741729 0.443715 0.741591 0.445119 0.740425 0.441274 0.616717 0.231092 0.616717 0.149947 0.635986 0.149926 0.319276 0.657176 0.319277 0.231411 0.342193 0.231386 0.342193 0.657152 0.342193 0.231386 0.364892 0.231362 0.364892 0.657128 0.364892 0.231362 0.385489 0.23134 0.385488 0.657106 0.385489 0.23134 0.404758 0.231319 0.404757 0.657085 0.404758 0.231319 0.424027 0.231299 0.424026 0.657064 0.424027 0.231299 0.443296 0.231278 0.443295 0.657044 0.443296 0.231278 0.462565 0.231257 0.481834 0.657003 0.462565 0.657023 0.462565 0.231257 0.481834 0.657003 0.481834 0.231237 0.501103 0.231216 0.501103 0.656982 0.501103 0.231216 0.520372 0.231195 0.539641 0.65694 0.520372 0.656961 0.520372 0.231195 0.539641 0.65694 0.539641 0.231175 0.55891 0.231154 0.578179 0.656899 0.55891 0.65692 0.55891 0.231154 0.578179 0.656899 0.578179 0.231133 0.597448 0.231112 0.597448 0.656878 0.597448 0.231112 0.616717 0.231092 0.616717 0.656858 0.616717 0.231092 0.635986 0.231071 0.597448 0.231112 0.597448 0.149968 0.616717 0.149947 0.342194 0.150242 0.319277 0.150266 0.319277 0.096347 0.364892 0.150217 0.342194 0.150242 0.342194 0.0963224 0.385489 0.150195 0.364892 0.150217 0.364892 0.096298 0.404758 0.0962552 0.404758 0.150174 0.385489 0.150195 0.424027 0.150154 0.404758 0.150174 0.404758 0.0962552 0.443296 0.150133 0.424027 0.150154 0.424027 0.0962346 0.462565 0.150112 0.443296 0.150133 0.443296 0.0962139 0.481834 0.150092 0.462565 0.150112 0.462565 0.0961932 0.501103 0.150071 0.481834 0.150092 0.481834 0.0961726 0.520372 0.15005 0.501103 0.150071 0.501103 0.0961519 0.539641 0.0961105 0.539641 0.15003 0.520372 0.15005 0.55891 0.150009 0.539641 0.15003 0.539641 0.0961105 0.578179 0.0960691 0.578179 0.149988 0.55891 0.150009 0.597448 0.149968 0.578179 0.149988 0.578179 0.0960691 0.616717 0.0960278 0.616717 0.149947 0.597448 0.149968 0.635986 0.149926 0.616717 0.149947 0.616717 0.0960278 0.342194 0.0716306 0.342194 0.0963224 0.319277 0.096347 0.364892 0.096298 0.342194 0.0963224 0.342194 0.0716306 0.385489 0.0962761 0.364892 0.096298 0.364892 0.0716062 0.404758 0.0715634 0.404758 0.0962552 0.385489 0.0962761 0.424027 0.0962346 0.404758 0.0962552 0.404758 0.0715634 0.443296 0.0962139 0.424027 0.0962346 0.424027 0.0715427 0.462565 0.0961932 0.443296 0.0962139 0.443296 0.071522 0.481834 0.0961726 0.462565 0.0961932 0.462565 0.0715014 0.501103 0.0961519 0.481834 0.0961726 0.481834 0.0714807 0.520372 0.0961311 0.501103 0.0961519 0.501103 0.0714599 0.539641 0.0714186 0.539641 0.0961105 0.520372 0.0961311 0.55891 0.0960898 0.539641 0.0961105 0.539641 0.0714186 0.578179 0.0713772 0.578179 0.0960691 0.55891 0.0960898 0.597448 0.0960485 0.578179 0.0960691 0.578179 0.0713772 0.616717 0.0713359 0.616717 0.0960278 0.597448 0.0960485 0.616716 0.71699 0.616717 0.656858 0.635986 0.656837 0.616716 0.71699 0.597447 0.717011 0.597448 0.656878 0.597447 0.717011 0.578178 0.717031 0.578179 0.656899 0.578178 0.717031 0.558909 0.717052 0.55891 0.65692 0.53964 0.717073 0.539641 0.65694 0.55891 0.65692 0.53964 0.717073 0.520371 0.717093 0.520372 0.656961 0.501102 0.717114 0.501103 0.656982 0.520372 0.656961 0.481833 0.717134 0.481834 0.657003 0.501103 0.656982 0.462564 0.717155 0.462565 0.657023 0.481834 0.657003 0.443295 0.717176 0.443295 0.657044 0.462565 0.657023 0.424026 0.717197 0.424026 0.657064 0.443295 0.657044 0.404757 0.717217 0.404757 0.657085 0.424026 0.657064 0.385488 0.717237 0.385488 0.657106 0.404757 0.657085 0.364891 0.71726 0.364892 0.657128 0.385488 0.657106 0.364891 0.71726 0.342193 0.717284 0.342193 0.657152 0.342193 0.657152 0.336646 0.717368 0.315863 0.713672 0.336646 0.717368 0.322604 0.717384 0.315863 0.713672 0.364891 0.879807 0.364891 0.827371 0.385488 0.827349 0.385488 0.879785 0.385488 0.827349 0.404757 0.827328 0.404757 0.879764 0.404757 0.827328 0.424026 0.827308 0.424026 0.879744 0.424026 0.827308 0.443295 0.827287 0.443295 0.879723 0.443295 0.827287 0.462564 0.827266 0.462564 0.879702 0.462564 0.827266 0.481833 0.827245 0.481833 0.879682 0.481833 0.827245 0.501102 0.827225 0.501103 0.879661 0.501102 0.827225 0.520371 0.827204 0.539641 0.879619 0.520371 0.87964 0.520371 0.827204 0.539641 0.879619 0.539641 0.827184 0.558909 0.827163 0.55891 0.879599 0.558909 0.827163 0.578179 0.827142 0.578179 0.879578 0.578179 0.827142 0.597448 0.827122 0.616717 0.879537 0.597448 0.879557 0.597448 0.827122 0.635986 0.879516 0.616717 0.879537 0.616717 0.827101 0.616717 0.888017 0.597448 0.888038 0.597448 0.881648 0.635986 0.887996 0.616717 0.888017 0.616717 0.881627 0.385488 0.881875 0.385488 0.888265 0.364891 0.888287 0.322347 0.759766 0.322347 0.717305 0.342193 0.717284 0.385488 0.827349 0.364891 0.827371 0.364891 0.759721 0.385488 0.827349 0.385488 0.759699 0.404757 0.759678 0.404757 0.827328 0.404757 0.759678 0.424026 0.759657 0.424026 0.827308 0.424026 0.759657 0.443295 0.759637 0.443295 0.827287 0.443295 0.759637 0.462564 0.759616 0.462564 0.827266 0.462564 0.759616 0.481834 0.759595 0.481833 0.827245 0.481834 0.759595 0.501103 0.759575 0.501102 0.827225 0.501103 0.759575 0.520372 0.759554 0.539641 0.827184 0.520371 0.827204 0.520372 0.759554 0.539641 0.827184 0.539641 0.759534 0.55891 0.759513 0.558909 0.827163 0.55891 0.759513 0.578179 0.759492 0.578179 0.827142 0.578179 0.759492 0.597448 0.759472 0.597448 0.827122 0.597448 0.759472 0.616717 0.759451 0.635986 0.827081 0.616717 0.827101 0.616717 0.759451 0.616717 0.881627 0.616717 0.879537 0.635986 0.879516 0.597448 0.879557 0.616717 0.879537 0.616717 0.881627 0.578179 0.881668 0.578179 0.879578 0.597448 0.879557 0.55891 0.879599 0.578179 0.879578 0.578179 0.881668 0.539641 0.88171 0.539641 0.879619 0.55891 0.879599 0.520371 0.88173 0.520371 0.87964 0.539641 0.879619 0.501102 0.881751 0.501103 0.879661 0.520371 0.87964 0.481833 0.881771 0.481833 0.879682 0.501103 0.879661 0.462564 0.879702 0.481833 0.879682 0.481833 0.881771 0.443295 0.881813 0.443295 0.879723 0.462564 0.879702 0.424026 0.881834 0.424026 0.879744 0.443295 0.879723 0.404757 0.879764 0.424026 0.879744 0.424026 0.881834 0.385488 0.879785 0.404757 0.879764 0.404757 0.881854 0.364891 0.879807 0.385488 0.879785 0.385488 0.881875 0.597448 0.888038 0.578179 0.888058 0.578179 0.881668 0.578179 0.888058 0.558909 0.888079 0.558909 0.881689 0.558909 0.888079 0.53964 0.8881 0.539641 0.88171 0.53964 0.8881 0.520371 0.88812 0.520371 0.88173 0.520371 0.88812 0.501102 0.888141 0.501102 0.881751 0.501102 0.888141 0.481833 0.888161 0.481833 0.881771 0.481833 0.888161 0.462564 0.888182 0.462564 0.881792 0.462564 0.888182 0.443295 0.888203 0.443295 0.881813 0.443295 0.881813 0.443295 0.888203 0.424026 0.888224 0.424026 0.881834 0.424026 0.888224 0.404757 0.888244 0.404757 0.881854 0.404757 0.888244 0.385488 0.888265 0.635986 0.0960071 0.616717 0.0960278 0.616717 0.0713359 0.319277 0.0189608 0.319277 0.00290579 0.342194 0.00288123 0.342194 0.0189362 0.342194 0.00288123 0.364892 0.00285679 0.385489 0.0188897 0.364892 0.0189118 0.364892 0.00285679 0.385489 0.0188897 0.385489 0.00283474 0.404758 0.00281399 0.424027 0.0188483 0.404758 0.018869 0.404758 0.00281399 0.443296 0.0188277 0.424027 0.0188483 0.424027 0.00279331 0.443296 0.0188277 0.443296 0.00277269 0.462565 0.00275201 0.481834 0.0187862 0.462565 0.018807 0.462565 0.00275201 0.481834 0.0187862 0.481834 0.00273126 0.501103 0.00271058 0.520372 0.0187449 0.501103 0.0187656 0.501103 0.00271058 0.520372 0.0187449 0.520372 0.0026899 0.539641 0.00266915 0.55891 0.0187035 0.539641 0.0187241 0.539641 0.00266915 0.55891 0.0187035 0.55891 0.00264853 0.578179 0.00262785 0.578179 0.0186828 0.578179 0.00262785 0.597448 0.00260705 0.597448 0.0186621 0.597448 0.00260705 0.616717 0.00258642 0.635986 0.0186207 0.616717 0.0186414 0.616717 0.00258642 0.342194 0.0416468 0.342194 0.0716306 0.319277 0.0716551 0.364892 0.0716062 0.342194 0.0716306 0.342194 0.0416468 0.385489 0.0715841 0.364892 0.0716062 0.364892 0.0416224 0.404758 0.0715634 0.385489 0.0715841 0.385489 0.0416003 0.424027 0.0715427 0.404758 0.0715634 0.404758 0.0415796 0.443296 0.071522 0.424027 0.0715427 0.424027 0.0415589 0.462565 0.0415175 0.462565 0.0715014 0.443296 0.071522 0.481834 0.0714807 0.462565 0.0715014 0.462565 0.0415175 0.501103 0.0714599 0.481834 0.0714807 0.481834 0.0414969 0.520372 0.0714393 0.501103 0.0714599 0.501103 0.0414761 0.539641 0.0414348 0.539641 0.0714186 0.520372 0.0714393 0.55891 0.0713979 0.539641 0.0714186 0.539641 0.0414348 0.578179 0.0413934 0.578179 0.0713772 0.55891 0.0713979 0.597448 0.0413727 0.597448 0.0713565 0.578179 0.0713772 0.616717 0.0713359 0.597448 0.0713565 0.597448 0.0413727 0.635986 0.0413313 0.635986 0.0713152 0.616717 0.0713359 0.342193 0.759745 0.342193 0.717284 0.364891 0.71726 0.385488 0.759699 0.364891 0.759721 0.364891 0.71726 0.385488 0.759699 0.385488 0.717237 0.404757 0.717217 0.424026 0.759657 0.404757 0.759678 0.404757 0.717217 0.424026 0.759657 0.424026 0.717197 0.443295 0.717176 0.443295 0.759637 0.443295 0.717176 0.462564 0.717155 0.462564 0.759616 0.462564 0.717155 0.481833 0.717134 0.481834 0.759595 0.481833 0.717134 0.501102 0.717114 0.520372 0.759554 0.501103 0.759575 0.501102 0.717114 0.539641 0.759534 0.520372 0.759554 0.520371 0.717093 0.539641 0.759534 0.53964 0.717073 0.558909 0.717052 0.55891 0.759513 0.558909 0.717052 0.578178 0.717031 0.578179 0.759492 0.578178 0.717031 0.597447 0.717011 0.616717 0.759451 0.597448 0.759472 0.597447 0.717011 0.635986 0.75943 0.616717 0.759451 0.616716 0.71699 0.776599 0.950419 0.775851 0.938991 0.82567 0.926882 0.776599 0.950419 0.664125 0.94662 0.669537 0.937799 0.842808 0.918553 0.840222 0.918741 0.840222 0.915787 0.664125 0.94662 0.653507 0.938788 0.662681 0.933015 0.842808 0.920634 0.85349 0.922081 0.835499 0.922303 0.842808 0.918553 0.842808 0.920634 0.840222 0.920883 0.85349 0.923418 0.82567 0.926882 0.835499 0.922303 0.851853 0.839777 0.849675 0.838322 0.858153 0.827992 0.858153 0.827992 0.862945 0.831926 0.854273 0.84078 0.869938 0.834292 0.868482 0.83647 0.862945 0.831926 0.862945 0.831926 0.869938 0.821693 0.87094 0.824113 0.87094 0.824113 0.871451 0.826683 0.862945 0.831926 0.871451 0.826683 0.871451 0.829302 0.862945 0.831926 0.871451 0.829302 0.87094 0.831871 0.862945 0.831926 0.868482 0.819515 0.869938 0.821693 0.858153 0.827992 0.869938 0.821693 0.862945 0.831926 0.858153 0.827992 0.856843 0.841291 0.854273 0.84078 0.862945 0.831926 0.862945 0.831926 0.868482 0.83647 0.86663 0.838322 0.86663 0.838322 0.864452 0.839777 0.862945 0.831926 0.864452 0.839777 0.862032 0.84078 0.862945 0.831926 0.862032 0.84078 0.859462 0.841291 0.862945 0.831926 0.835497 0.919144 0.835497 0.915787 0.840222 0.915787 0.825669 0.921402 0.77585 0.927568 0.77585 0.915787 0.82567 0.926882 0.775851 0.938991 0.77585 0.927568 0.835499 0.922303 0.835497 0.919144 0.840222 0.918741 0.686039 0.921982 0.685695 0.915787 0.77585 0.915787 0.669537 0.937799 0.662681 0.933015 0.77585 0.927568 0.835499 0.922303 0.82567 0.926882 0.825669 0.921402 0.835497 0.919144 0.825669 0.921402 0.825669 0.915787 0.653507 0.938788 0.647174 0.930167 0.656062 0.923135 0.257793 0.908858 0.183991 0.908837 0.190549 0.904254 0.183991 0.901332 0.190549 0.901332 0.190549 0.904254 0.686039 0.921982 0.656062 0.923135 0.656351 0.915787 0.686039 0.921982 0.77585 0.927568 0.662681 0.933015 0.656062 0.923135 0.647174 0.930167 0.642345 0.921309 0.253022 0.901332 0.253022 0.904262 0.190549 0.904254 0.656351 0.915787 0.656062 0.923135 0.652107 0.918651 0.82567 0.904692 0.775851 0.892583 0.777417 0.881155 0.777417 0.881155 0.775851 0.892583 0.669537 0.893775 0.840222 0.915787 0.840222 0.912834 0.842808 0.913021 0.661015 0.882336 0.669537 0.893775 0.662681 0.898559 0.842808 0.91094 0.840222 0.910691 0.835499 0.909272 0.842808 0.913021 0.840222 0.912834 0.840222 0.910691 0.835499 0.909272 0.82567 0.904692 0.85349 0.908156 0.858153 0.827992 0.849675 0.838322 0.847823 0.836469 0.847823 0.836469 0.846367 0.834291 0.858153 0.827992 0.85336 0.824059 0.847823 0.819515 0.849675 0.817662 0.849675 0.817662 0.851853 0.816207 0.85336 0.824059 0.851853 0.816207 0.854274 0.815205 0.85336 0.824059 0.854274 0.815205 0.856843 0.814693 0.85336 0.824059 0.856843 0.814693 0.859463 0.814693 0.85336 0.824059 0.85336 0.824059 0.862032 0.815205 0.858153 0.827992 0.862032 0.815205 0.864452 0.816207 0.858153 0.827992 0.85336 0.824059 0.846367 0.834291 0.845365 0.831871 0.845365 0.831871 0.844854 0.829302 0.85336 0.824059 0.844854 0.829302 0.844854 0.826682 0.85336 0.824059 0.844854 0.826682 0.845365 0.824113 0.85336 0.824059 0.845365 0.824113 0.846368 0.821693 0.85336 0.824059 0.835497 0.91243 0.840222 0.912834 0.840222 0.915787 0.825669 0.910172 0.825669 0.915787 0.77585 0.915787 0.82567 0.904692 0.825669 0.910172 0.77585 0.904006 0.835499 0.909272 0.840222 0.910691 0.840222 0.912834 0.77585 0.915787 0.685695 0.915787 0.686039 0.909592 0.77585 0.904006 0.662681 0.898559 0.669537 0.893775 0.825669 0.910172 0.82567 0.904692 0.835499 0.909272 0.825669 0.915787 0.825669 0.910172 0.835497 0.91243 0.653588 0.893114 0.662681 0.898559 0.656062 0.908439 0.257793 0.893806 0.253022 0.898402 0.190549 0.898411 0.190549 0.898411 0.190549 0.901332 0.183991 0.901332 0.656351 0.915787 0.656062 0.908439 0.686039 0.909592 0.686039 0.909592 0.656062 0.908439 0.662681 0.898559 0.656062 0.908439 0.652107 0.912923 0.642263 0.910183 0.190549 0.898411 0.253022 0.898402 0.253022 0.901332 0.656351 0.915787 0.649929 0.915787 0.652107 0.912923 0.84345 0.413794 0.84345 0.0555367 0.856627 0.0440855 0.84345 0.0555367 0.775969 0.0259495 0.763598 0.00256562 0.775969 0.0259495 0.764835 0.379325 0.751438 0.388489 0.839723 0.842797 0.763942 0.876023 0.751438 0.47918 0.84345 0.0555367 0.84345 0.413794 0.764835 0.379325 0.871142 0.314586 0.892337 0.314586 0.90172 0.327976 0.871142 0.165072 0.892337 0.165072 0.892337 0.314586 0.861759 0.151682 0.90172 0.151682 0.892337 0.165072 0.861759 0.151682 0.871142 0.165072 0.871142 0.314586 0.892337 0.165072 0.90172 0.151682 0.90172 0.327976 0.746306 0.0440854 0.733129 0.0555367 0.733129 0.413794 0.653277 0.00256562 0.665649 0.0259493 0.733129 0.0555367 0.641117 0.388489 0.654514 0.379325 0.665649 0.0259493 0.641117 0.47918 0.653621 0.876023 0.729402 0.842797 0.733129 0.0555367 0.665649 0.0259493 0.654514 0.379325 0.00256562 0.933768 0.0159557 0.924385 0.0159559 0.90319 0.0159557 0.924385 0.16547 0.924385 0.16547 0.903189 0.16547 0.924385 0.17886 0.933768 0.17886 0.893806 0.0159559 0.90319 0.16547 0.903189 0.17886 0.893806 0.00256562 0.933768 0.17886 0.933768 0.16547 0.924385 0.928862 0.155783 0.912318 0.160344 0.91028 0.158185 0.936953 0.155772 0.928862 0.155783 0.92876 0.151682 0.91811 0.622451 0.920722 0.608891 0.96767 0.615393 0.860997 0.589416 0.852093 0.57637 0.924069 0.594696 0.86725 0.549551 0.875803 0.551568 0.8589 0.561547 0.924069 0.594696 0.928042 0.577851 0.983957 0.591036 0.851661 0.55984 0.8589 0.561547 0.852093 0.57637 0.984527 0.617025 0.96767 0.615393 0.983424 0.607339 0.931161 0.564622 0.988639 0.578176 0.983957 0.591036 0.875803 0.551568 0.931161 0.564622 0.928042 0.577851 0.8589 0.561547 0.928042 0.577851 0.924069 0.594696 0.96767 0.615393 0.920722 0.608891 0.924069 0.594696 0.860997 0.589416 0.920722 0.608891 0.91811 0.622451 0.915451 0.460091 0.953684 0.469107 0.931161 0.564622 0.931161 0.564622 0.953684 0.469107 0.994038 0.478622 0.906899 0.458074 0.915451 0.460091 0.875803 0.551568 0.906851 0.197873 0.909902 0.197809 0.912418 0.235267 0.912318 0.160344 0.909902 0.197809 0.906851 0.197873 0.953684 0.469107 0.958454 0.448877 0.9943 0.457382 0.928974 0.239785 0.92971 0.242962 0.909118 0.237857 0.924936 0.197789 0.928974 0.239785 0.912418 0.235267 0.924936 0.197789 0.909902 0.197809 0.912318 0.160344 0.953684 0.469107 0.915451 0.460091 0.922585 0.440471 0.994038 0.478622 0.997434 0.479866 0.993081 0.57937 0.928862 0.155783 0.936953 0.155772 0.937009 0.197773 0.858524 0.599903 0.844854 0.574663 0.852093 0.57637 0.983424 0.607339 0.983957 0.591036 0.997434 0.594214 0.993081 0.57937 0.997434 0.594214 0.983957 0.591036 0.937009 0.197773 0.937065 0.239774 0.928974 0.239785 0.92971 0.242962 0.928974 0.239785 0.937065 0.239774 0.930605 0.33961 0.932643 0.34177 0.949187 0.337208 0.949085 0.333107 0.949187 0.337208 0.957278 0.337197 0.91811 0.809562 0.984527 0.804136 0.96767 0.802504 0.924069 0.781807 0.852093 0.763481 0.860997 0.776527 0.86725 0.736662 0.851661 0.746951 0.8589 0.748658 0.924069 0.781807 0.983424 0.79445 0.983957 0.778147 0.852093 0.763481 0.8589 0.748658 0.851661 0.746951 0.984527 0.804136 0.996901 0.797628 0.983424 0.79445 0.931161 0.751733 0.928042 0.764962 0.983957 0.778147 0.875803 0.738679 0.8589 0.748658 0.928042 0.764962 0.924069 0.781807 0.928042 0.764962 0.8589 0.748658 0.96767 0.802504 0.983424 0.79445 0.924069 0.781807 0.91811 0.809562 0.920722 0.796002 0.860997 0.776527 0.931161 0.751733 0.953684 0.656218 0.915451 0.647202 0.931161 0.751733 0.988639 0.765287 0.994038 0.665733 0.875803 0.738679 0.915451 0.647202 0.906899 0.645185 0.927176 0.379299 0.929443 0.419282 0.932743 0.416692 0.927176 0.379299 0.930227 0.379234 0.932643 0.34177 0.9943 0.644493 0.958454 0.635988 0.953684 0.656218 0.949299 0.42121 0.932743 0.416692 0.929443 0.419282 0.945261 0.379214 0.930227 0.379234 0.932743 0.416692 0.932643 0.34177 0.930227 0.379234 0.945261 0.379214 0.953684 0.656218 0.958454 0.635988 0.922585 0.627582 0.993081 0.766482 0.997434 0.666977 0.994038 0.665733 0.949187 0.337208 0.945261 0.379214 0.957334 0.379198 0.852093 0.763481 0.844854 0.761774 0.858524 0.787014 0.983424 0.79445 0.996901 0.797628 0.997434 0.781325 0.983957 0.778147 0.997434 0.781325 0.993081 0.766482 0.949299 0.42121 0.95739 0.421199 0.957334 0.379198 0.950035 0.424388 0.957394 0.424076 0.95739 0.421199 0.874544 0.41588 0.874544 0.413121 0.88259 0.413121 0.874544 0.413121 0.874544 0.410362 0.88259 0.410362 0.874544 0.410362 0.874544 0.407603 0.88259 0.407603 0.874544 0.407603 0.874544 0.404844 0.88259 0.404844 0.874544 0.404844 0.874544 0.402084 0.88259 0.402084 0.874544 0.402084 0.874544 0.399325 0.88259 0.399325 0.88259 0.399325 0.874544 0.399325 0.874544 0.396566 0.88259 0.396566 0.874544 0.396566 0.874544 0.393807 0.874544 0.393807 0.874544 0.391048 0.882591 0.391048 0.874544 0.391048 0.874544 0.388289 0.882591 0.388289 0.882591 0.388289 0.874544 0.388289 0.874544 0.38553 0.874544 0.38553 0.874544 0.382771 0.882591 0.382771 0.882591 0.382771 0.874544 0.382771 0.874544 0.380012 0.874544 0.380012 0.874544 0.377253 0.882591 0.377253 0.882591 0.377253 0.874544 0.377253 0.874545 0.374494 0.874545 0.374494 0.874545 0.371735 0.882591 0.371735 0.882591 0.371735 0.874545 0.371735 0.874545 0.368975 0.874545 0.368975 0.874545 0.366216 0.882591 0.366216 0.882591 0.366216 0.874545 0.366216 0.874545 0.363457 0.874545 0.363457 0.874545 0.360698 0.882591 0.360698 0.874545 0.360698 0.874545 0.357939 0.882591 0.357939 0.874545 0.357939 0.874545 0.35518 0.882591 0.35518 0.882591 0.35518 0.874545 0.35518 0.874545 0.352421 0.882591 0.352421 0.874545 0.352421 0.874545 0.349662 0.874545 0.349662 0.874545 0.346903 0.882591 0.346903 0.874545 0.346903 0.874545 0.344144 0.882591 0.344144 0.882591 0.344144 0.874545 0.344144 0.874545 0.341385 0.874545 0.341385 0.874545 0.338625 0.882592 0.338625 0.874545 0.338625 0.874545 0.335867 0.882592 0.335867 0.882592 0.335867 0.874545 0.335867 0.874545 0.333107 0.871525 0.41588 0.861759 0.41588 0.861759 0.413121 0.874544 0.421398 0.874544 0.418639 0.88259 0.418639 0.874544 0.418639 0.874544 0.41588 0.88259 0.41588 0.88259 0.418639 0.88259 0.41588 0.922045 0.41588 0.88259 0.421398 0.88259 0.418639 0.922045 0.418639 0.882592 0.335867 0.882592 0.333107 0.922045 0.333107 0.882592 0.338625 0.882592 0.335867 0.922045 0.335866 0.882591 0.341385 0.882592 0.338625 0.922045 0.338625 0.882591 0.344144 0.882591 0.341385 0.922045 0.341385 0.882591 0.346903 0.882591 0.344144 0.922045 0.344144 0.882591 0.349662 0.882591 0.346903 0.922045 0.346903 0.882591 0.352421 0.882591 0.349662 0.922045 0.349662 0.882591 0.35518 0.882591 0.352421 0.922045 0.352421 0.882591 0.357939 0.882591 0.35518 0.922045 0.35518 0.882591 0.360698 0.882591 0.357939 0.922045 0.357939 0.882591 0.363457 0.882591 0.360698 0.922045 0.360698 0.882591 0.366216 0.882591 0.363457 0.922045 0.363457 0.882591 0.368975 0.882591 0.366216 0.922045 0.366216 0.882591 0.371735 0.882591 0.368975 0.922045 0.368975 0.882591 0.374494 0.882591 0.371735 0.922045 0.371734 0.882591 0.377253 0.882591 0.374494 0.922045 0.374494 0.882591 0.380012 0.882591 0.377253 0.922045 0.377253 0.882591 0.382771 0.882591 0.380012 0.922045 0.380012 0.882591 0.38553 0.882591 0.382771 0.922045 0.382771 0.882591 0.388289 0.882591 0.38553 0.922045 0.38553 0.882591 0.391048 0.882591 0.388289 0.922045 0.388289 0.882591 0.393807 0.882591 0.391048 0.922045 0.391048 0.88259 0.396566 0.882591 0.393807 0.922045 0.393807 0.88259 0.399325 0.88259 0.396566 0.922045 0.396566 0.88259 0.402084 0.88259 0.399325 0.922045 0.399325 0.88259 0.404844 0.88259 0.402084 0.922045 0.402084 0.88259 0.407603 0.88259 0.404844 0.922045 0.404844 0.88259 0.410362 0.88259 0.407603 0.922045 0.407603 0.88259 0.413121 0.88259 0.410362 0.922045 0.410362 0.88259 0.41588 0.88259 0.413121 0.922045 0.413121 0.871525 0.413121 0.874544 0.413121 0.874544 0.41588 0.871526 0.410362 0.874544 0.410362 0.874544 0.413121 0.871526 0.410362 0.871526 0.407603 0.874544 0.407603 0.871526 0.404844 0.874544 0.404844 0.874544 0.407603 0.871526 0.402084 0.874544 0.402084 0.874544 0.404844 0.871526 0.402084 0.871526 0.399325 0.874544 0.399325 0.871526 0.396566 0.874544 0.396566 0.874544 0.399325 0.871526 0.396566 0.871526 0.393807 0.874544 0.393807 0.871526 0.393807 0.871526 0.391048 0.874544 0.391048 0.871526 0.388289 0.874544 0.388289 0.874544 0.391048 0.871526 0.38553 0.874544 0.38553 0.874544 0.388289 0.871526 0.38553 0.871526 0.382771 0.874544 0.382771 0.871526 0.380012 0.874544 0.380012 0.874544 0.382771 0.871526 0.380012 0.871526 0.377253 0.874544 0.377253 0.871526 0.374494 0.874545 0.374494 0.874544 0.377253 0.871526 0.374494 0.871526 0.371735 0.874545 0.371735 0.871526 0.368975 0.874545 0.368975 0.874545 0.371735 0.871526 0.368975 0.871526 0.366216 0.874545 0.366216 0.871526 0.363457 0.874545 0.363457 0.874545 0.366216 0.871526 0.360698 0.874545 0.360698 0.874545 0.363457 0.871526 0.357939 0.874545 0.357939 0.874545 0.360698 0.871526 0.357939 0.871526 0.35518 0.874545 0.35518 0.871527 0.352421 0.874545 0.352421 0.874545 0.35518 0.871527 0.349662 0.874545 0.349662 0.874545 0.352421 0.871527 0.346903 0.874545 0.346903 0.874545 0.349662 0.871527 0.346903 0.871527 0.344144 0.874545 0.344144 0.871527 0.341385 0.874545 0.341385 0.874545 0.344144 0.871527 0.341385 0.871527 0.338625 0.874545 0.338625 0.871527 0.335867 0.874545 0.335867 0.874545 0.338625 0.871527 0.333107 0.874545 0.333107 0.874545 0.335867 0.871525 0.418639 0.874544 0.418639 0.874544 0.421398 0.871525 0.418639 0.871525 0.41588 0.874544 0.41588 0.734874 0.454373 0.735201 0.453883 0.736652 0.452913 0.735201 0.453883 0.735618 0.453466 0.736652 0.452913 0.735618 0.453466 0.736108 0.453139 0.736652 0.452913 0.736652 0.452913 0.73723 0.452798 0.737819 0.452798 0.737819 0.452798 0.738397 0.452913 0.738941 0.453139 0.738941 0.453139 0.739431 0.453466 0.739848 0.453883 0.739848 0.453883 0.740175 0.454372 0.738941 0.453139 0.740175 0.454372 0.7404 0.454917 0.738941 0.453139 0.7404 0.454917 0.740515 0.455495 0.740515 0.456084 0.740515 0.456084 0.740401 0.456662 0.7404 0.454917 0.740401 0.456662 0.740175 0.457206 0.7404 0.454917 0.740175 0.457206 0.739848 0.457696 0.739431 0.458113 0.739431 0.458113 0.738941 0.45844 0.738397 0.458665 0.738397 0.458665 0.737819 0.45878 0.73723 0.45878 0.73723 0.45878 0.736652 0.458665 0.736108 0.45844 0.736108 0.45844 0.735618 0.458113 0.734648 0.456662 0.735618 0.458113 0.735201 0.457696 0.734648 0.456662 0.735201 0.457696 0.734874 0.457206 0.734648 0.456662 0.734648 0.456662 0.734533 0.456084 0.734533 0.455495 0.734533 0.455495 0.734648 0.454917 0.734648 0.456662 0.734648 0.454917 0.734874 0.454373 0.734648 0.456662 0.736652 0.452913 0.737819 0.452798 0.734874 0.454373 0.737819 0.452798 0.738941 0.453139 0.734874 0.454373 0.740175 0.457206 0.739431 0.458113 0.738397 0.458665 0.738397 0.458665 0.73723 0.45878 0.740175 0.457206 0.73723 0.45878 0.736108 0.45844 0.740175 0.457206 0.738941 0.453139 0.7404 0.454917 0.740175 0.457206 0.736108 0.45844 0.734648 0.456662 0.740175 0.457206 0.734648 0.456662 0.734874 0.454373 0.740175 0.457206 0.871527 0.338625 0.871527 0.341385 0.86176 0.341385 0.871526 0.377253 0.86176 0.377253 0.86176 0.374494 0.871525 0.413121 0.861759 0.413121 0.861759 0.410362 0.871527 0.338625 0.86176 0.338625 0.86176 0.335866 0.871526 0.374494 0.86176 0.374494 0.86176 0.371734 0.871526 0.410362 0.861759 0.410362 0.861759 0.407603 0.871527 0.333107 0.871527 0.335867 0.86176 0.335866 0.871526 0.371735 0.86176 0.371734 0.86176 0.368975 0.871526 0.407603 0.861759 0.407603 0.861759 0.404844 0.871525 0.418639 0.871525 0.421398 0.861759 0.421398 0.871526 0.366216 0.871526 0.368975 0.86176 0.368975 0.871526 0.404844 0.861759 0.404844 0.861759 0.402084 0.871525 0.418639 0.861759 0.418639 0.861759 0.41588 0.871526 0.363457 0.871526 0.366216 0.86176 0.366216 0.871526 0.402084 0.861759 0.402084 0.861759 0.399325 0.871526 0.363457 0.86176 0.363457 0.86176 0.360698 0.871526 0.399325 0.861759 0.399325 0.861759 0.396566 0.871526 0.357939 0.871526 0.360698 0.86176 0.360698 0.871526 0.396566 0.861759 0.396566 0.861759 0.393807 0.871526 0.35518 0.871526 0.357939 0.86176 0.357939 0.871526 0.393807 0.861759 0.393807 0.861759 0.391048 0.871527 0.352421 0.871526 0.35518 0.86176 0.35518 0.871526 0.391048 0.861759 0.391048 0.86176 0.388289 0.871527 0.349662 0.871527 0.352421 0.86176 0.352421 0.871526 0.388289 0.86176 0.388289 0.86176 0.38553 0.871527 0.346903 0.871527 0.349662 0.86176 0.349662 0.871526 0.38553 0.86176 0.38553 0.86176 0.382771 0.871527 0.344144 0.871527 0.346903 0.86176 0.346903 0.871526 0.382771 0.86176 0.382771 0.86176 0.380012 0.871527 0.341385 0.871527 0.344144 0.86176 0.344144 0.871526 0.380012 0.86176 0.380012 0.86176 0.377253 0.861759 0.0745578 0.861759 0.0700583 0.872069 0.0700583 0.861759 0.0700583 0.861759 0.0655589 0.872069 0.0655588 0.861759 0.0655589 0.861759 0.0610594 0.872069 0.0610593 0.872069 0.0610593 0.861759 0.0610594 0.861759 0.0565598 0.861759 0.0565598 0.861759 0.0520604 0.872069 0.0520602 0.861759 0.0520604 0.861759 0.0475608 0.872069 0.0475609 0.872069 0.0475609 0.861759 0.0475608 0.861759 0.0430614 0.861759 0.0430614 0.861759 0.0385619 0.872069 0.0385619 0.861759 0.0385619 0.861759 0.0340623 0.872069 0.0340623 0.861759 0.0340623 0.861759 0.0295629 0.872069 0.0295629 0.861759 0.0295629 0.861759 0.0250634 0.872069 0.0250634 0.861759 0.0250634 0.861759 0.0205638 0.872069 0.0205638 0.872069 0.0205638 0.861759 0.0205638 0.861759 0.0160644 0.861759 0.0160644 0.861759 0.0115649 0.872069 0.0115649 0.872069 0.0115649 0.861759 0.0115649 0.861759 0.00706535 0.861759 0.00706535 0.861759 0.00256592 0.872069 0.00256598 0.872069 0.14655 0.861759 0.14655 0.861759 0.14205 0.861759 0.14205 0.861759 0.137551 0.872069 0.137551 0.872069 0.137551 0.861759 0.137551 0.861759 0.133051 0.872069 0.133051 0.861759 0.133051 0.861759 0.128552 0.861759 0.128552 0.861759 0.124052 0.872069 0.124052 0.861759 0.124052 0.861759 0.119553 0.872069 0.119553 0.872069 0.119553 0.861759 0.119553 0.861759 0.115053 0.872069 0.115053 0.861759 0.115053 0.861759 0.110554 0.861759 0.110554 0.861759 0.106054 0.872069 0.106054 0.861759 0.106054 0.861759 0.101555 0.872069 0.101555 0.861759 0.101555 0.861759 0.0970551 0.872069 0.0970553 0.861759 0.0970551 0.861759 0.0925558 0.872069 0.0925556 0.861759 0.0925558 0.861759 0.0880563 0.872069 0.0880563 0.872069 0.0880563 0.861759 0.0880563 0.861759 0.0835568 0.859002 0.864531 0.857255 0.865255 0.8554 0.865623 0.8554 0.865623 0.853509 0.865623 0.851654 0.865255 0.851654 0.865255 0.849907 0.864531 0.848335 0.86348 0.848335 0.86348 0.846997 0.862143 0.845947 0.86057 0.845947 0.86057 0.845223 0.858823 0.844854 0.856968 0.844854 0.856968 0.844854 0.855077 0.845947 0.86057 0.844854 0.855077 0.845223 0.853222 0.845947 0.86057 0.845223 0.853222 0.845947 0.851475 0.846997 0.849903 0.846997 0.849903 0.848334 0.848566 0.845223 0.853222 0.848334 0.848566 0.849907 0.847515 0.845223 0.853222 0.849907 0.847515 0.851654 0.846791 0.853509 0.846422 0.853509 0.846422 0.8554 0.846422 0.857255 0.846791 0.857255 0.846791 0.859002 0.847515 0.860575 0.848566 0.860575 0.848566 0.861912 0.849903 0.862962 0.851475 0.862962 0.851475 0.863686 0.853222 0.863686 0.858823 0.863686 0.853222 0.864055 0.855077 0.863686 0.858823 0.864055 0.855077 0.864055 0.856968 0.863686 0.858823 0.863686 0.858823 0.862962 0.86057 0.861912 0.862143 0.861912 0.862143 0.860575 0.86348 0.863686 0.858823 0.860575 0.86348 0.859002 0.864531 0.863686 0.858823 0.859002 0.864531 0.8554 0.865623 0.851654 0.865255 0.851654 0.865255 0.848335 0.86348 0.859002 0.864531 0.848335 0.86348 0.845947 0.86057 0.859002 0.864531 0.849907 0.847515 0.853509 0.846422 0.857255 0.846791 0.857255 0.846791 0.860575 0.848566 0.849907 0.847515 0.860575 0.848566 0.862962 0.851475 0.849907 0.847515 0.845947 0.86057 0.845223 0.853222 0.859002 0.864531 0.845223 0.853222 0.849907 0.847515 0.859002 0.864531 0.862962 0.851475 0.863686 0.858823 0.849907 0.847515 0.861759 0.0835568 0.861759 0.0790572 0.872069 0.0790572 0.861759 0.0790572 0.861759 0.0745578 0.872069 0.0745578 0.872069 0.0790572 0.872069 0.0745578 0.938131 0.0745578 0.872069 0.0835568 0.872069 0.0790572 0.938131 0.0790573 0.872069 0.0880563 0.872069 0.0835568 0.938131 0.0835568 0.872069 0.0925556 0.872069 0.0880563 0.938131 0.0880563 0.872069 0.0970553 0.872069 0.0925556 0.938131 0.0925558 0.872069 0.101555 0.872069 0.0970553 0.938131 0.0970554 0.872069 0.106054 0.872069 0.101555 0.938131 0.101555 0.872069 0.110554 0.872069 0.106054 0.938131 0.106054 0.872069 0.115053 0.872069 0.110554 0.938131 0.110554 0.872069 0.119553 0.872069 0.115053 0.938131 0.115053 0.872069 0.124052 0.872069 0.119553 0.938131 0.119553 0.872069 0.128552 0.872069 0.124052 0.938131 0.124053 0.872069 0.133051 0.872069 0.128552 0.938131 0.128552 0.872069 0.137551 0.872069 0.133051 0.938131 0.133051 0.872069 0.142051 0.872069 0.137551 0.938131 0.137551 0.872069 0.14655 0.872069 0.142051 0.938131 0.142051 0.872069 0.00706553 0.872069 0.00256598 0.938131 0.00256562 0.872069 0.0115649 0.872069 0.00706553 0.938131 0.00706524 0.872069 0.0160644 0.872069 0.0115649 0.938131 0.0115646 0.872069 0.0205638 0.872069 0.0160644 0.938131 0.0160643 0.872069 0.0250634 0.872069 0.0205638 0.938131 0.0205637 0.872069 0.0295629 0.872069 0.0250634 0.938131 0.0250631 0.872069 0.0340623 0.872069 0.0295629 0.938131 0.0295627 0.872069 0.0385619 0.872069 0.0340623 0.938131 0.0340622 0.872069 0.0430614 0.872069 0.0385619 0.938131 0.0385617 0.872069 0.0475609 0.872069 0.0430614 0.938131 0.0430612 0.872069 0.0520602 0.872069 0.0475609 0.938131 0.0475608 0.872069 0.0565599 0.872069 0.0520602 0.938131 0.0520602 0.872069 0.0610593 0.872069 0.0565599 0.938131 0.0565598 0.872069 0.0655588 0.872069 0.0610593 0.938131 0.0610593 0.872069 0.0700583 0.872069 0.0655588 0.938131 0.0655587 0.872069 0.0745578 0.872069 0.0700583 0.938131 0.0700583 0.616717 0.041352 0.616717 0.0186414 0.635986 0.0186207 0.597448 0.0413727 0.597448 0.0186621 0.616717 0.0186414 0.578179 0.0413934 0.578179 0.0186828 0.597448 0.0186621 0.55891 0.0414141 0.55891 0.0187035 0.578179 0.0186828 0.55891 0.0414141 0.539641 0.0414348 0.539641 0.0187241 0.520372 0.0414554 0.520372 0.0187449 0.539641 0.0187241 0.520372 0.0414554 0.501103 0.0414761 0.501103 0.0187656 0.501103 0.0414761 0.481834 0.0414969 0.481834 0.0187862 0.481834 0.0414969 0.462565 0.0415175 0.462565 0.018807 0.443296 0.0415382 0.443296 0.0188277 0.462565 0.018807 0.443296 0.0415382 0.424027 0.0415589 0.424027 0.0188483 0.424027 0.0415589 0.404758 0.0415796 0.404758 0.018869 0.404758 0.0415796 0.385489 0.0416003 0.385489 0.0188897 0.385489 0.0416003 0.364892 0.0416224 0.364892 0.0189118 0.364892 0.0416224 0.342194 0.0416468 0.342194 0.0189362 0.319277 0.0416714 0.319277 0.0189608 0.342194 0.0189362 0.00256759 0.0193007 0.0218366 0.0192801 0.0218366 0.0419906 0.0218366 0.0192801 0.0411057 0.0192594 0.0411056 0.0419699 0.0411057 0.0192594 0.0603746 0.0192388 0.0603746 0.0419493 0.0603746 0.0192388 0.0796436 0.0192181 0.0796435 0.0419286 0.0796435 0.0419286 0.0796436 0.0192181 0.0989126 0.0191974 0.0989126 0.0191974 0.118182 0.0191767 0.118182 0.0418872 0.118182 0.0418872 0.118182 0.0191767 0.137451 0.019156 0.137451 0.0418666 0.137451 0.019156 0.15672 0.0191353 0.156719 0.0418459 0.15672 0.0191353 0.175988 0.0191147 0.175988 0.0191147 0.195257 0.019094 0.195257 0.0418045 0.195257 0.0418045 0.195257 0.019094 0.214526 0.0190732 0.214526 0.0417838 0.214526 0.0190732 0.233795 0.0190526 0.233795 0.0417632 0.233795 0.0190526 0.253065 0.0190318 0.253064 0.0417424 0.253065 0.0190318 0.273661 0.0190098 0.273661 0.0417203 0.273661 0.0190098 0.29636 0.0189853 0.29636 0.0189853 0.319277 0.0189608 0.319277 0.0416714</float_array>
                    <technique_common>
                        <accessor count="4710" source="#shape0-lib-map-array" stride="2">
                            <param name="U" type="float" />
                            <param name="V" type="float" />
                        </accessor>
                    </technique_common>
                </source>
                <vertices id="shape0-lib-vertices">
                    <input semantic="POSITION" source="#shape0-lib-positions" />
                </vertices>
                <triangles count="1410" material="material0">
                    <input offset="0" semantic="VERTEX" source="#shape0-lib-vertices" />
                    <input offset="1" semantic="NORMAL" source="#shape0-lib-normals" />
                    <input offset="2" semantic="TEXCOORD" source="#shape0-lib-map" />
                    <p>44 0 0 30 0 1 29 0 2 30 1 3 46 1 4 31 1 5 46 2 6 32 2 7 31 2 8 47 3 9 33 3 10 32 3 11 48 4 12 34 4 13 33 4 14 49 5 15 35 5 16 34 5 17 35 6 18 51 6 19 36 6 20 51 7 21 37 7 22 36 7 23 52 8 24 38 8 25 37 8 26 38 9 27 54 9 28 39 9 29 54 10 30 40 10 31 39 10 32 55 11 33 41 11 34 40 11 35 56 12 36 42 12 37 41 12 38 57 13 39 232 13 40 42 13 41 5 14 42 186 14 43 17 14 44 233 15 45 28 15 46 216 15 47 42 16 48 265 16 49 72 16 50 41 17 51 72 17 52 71 17 53 40 18 54 71 18 55 70 18 56 39 19 57 70 19 58 69 19 59 38 20 60 69 20 61 68 20 62 37 21 63 68 21 64 67 21 65 36 22 66 67 22 67 66 22 68 65 23 69 36 23 70 66 23 71 34 24 72 65 24 73 64 24 74 33 25 75 64 25 76 63 25 77 62 26 78 33 26 79 63 26 80 31 27 81 62 27 82 61 27 83 60 28 84 31 28 85 61 28 86 29 29 87 60 29 88 59 29 89 28 30 90 59 30 91 58 30 92 216 31 93 58 31 94 266 31 95 43 32 96 29 32 97 28 32 98 333 33 99 57 33 100 137 33 101 137 34 102 56 34 103 136 34 104 136 35 105 55 35 106 135 35 107 134 36 108 55 36 109 54 36 110 134 37 111 53 37 112 133 37 113 133 38 114 52 38 115 132 38 116 132 39 117 51 39 118 131 39 119 131 40 120 50 40 121 130 40 122 130 41 123 49 41 124 129 41 125 129 42 126 48 42 127 128 42 128 127 43 129 48 43 130 47 43 131 127 44 132 46 44 133 126 44 134 125 45 135 46 45 136 45 45 137 125 46 138 44 46 139 124 46 140 123 47 141 44 47 142 43 47 143 123 48 144 233 48 145 317 48 146 166 49 147 333 49 148 137 49 149 166 50 150 136 50 151 164 50 152 164 51 153 135 51 154 162 51 155 160 52 156 135 52 157 134 52 158 160 53 159 133 53 160 158 53 161 158 54 162 132 54 163 156 54 164 156 55 165 131 55 166 154 55 167 154 56 168 130 56 169 152 56 170 152 57 171 129 57 172 150 57 173 150 58 174 128 58 175 148 58 176 146 59 177 128 59 178 127 59 179 146 60 180 126 60 181 144 60 182 142 61 183 126 61 184 125 61 185 142 62 186 124 62 187 140 62 188 138 63 189 124 63 190 123 63 191 266 64 192 168 64 193 368 64 194 168 65 195 59 65 196 169 65 197 169 66 198 60 66 199 170 66 200 170 67 201 61 67 202 171 67 203 61 68 204 172 68 205 171 68 206 172 69 207 63 69 208 173 69 209 63 70 210 174 70 211 173 70 212 64 71 213 175 71 214 174 71 215 65 72 216 176 72 217 175 72 218 66 73 219 177 73 220 176 73 221 67 74 222 178 74 223 177 74 224 68 75 225 179 75 226 178 75 227 69 76 228 180 76 229 179 76 230 70 77 231 181 77 232 180 77 233 181 78 234 72 78 235 182 78 236 72 79 237 265 79 238 384 79 239 85 80 240 114 80 241 113 80 242 84 81 243 113 81 244 112 81 245 83 82 246 112 82 247 111 82 248 82 83 249 111 83 250 110 83 251 81 84 252 110 84 253 109 84 254 80 85 255 109 85 256 108 85 257 79 86 258 108 86 259 107 86 260 78 87 261 107 87 262 106 87 263 105 88 264 78 88 265 106 88 266 76 89 267 105 89 268 104 89 269 75 90 270 104 90 271 103 90 272 74 91 273 103 91 274 102 91 275 101 92 276 74 92 277 102 92 278 296 93 279 73 93 280 101 93 281 2 94 282 117 94 283 0 94 284 0 95 285 310 95 286 185 95 287 24 96 288 116 96 289 122 96 290 182 97 291 183 97 292 389 97 293 85 98 294 100 98 295 86 98 296 98 99 297 85 99 298 84 99 299 97 100 300 84 100 301 83 100 302 96 101 303 83 101 304 82 101 305 95 102 306 82 102 307 81 102 308 94 103 309 81 103 310 80 103 311 93 104 312 80 104 313 79 104 314 92 105 315 79 105 316 78 105 317 77 106 318 92 106 319 78 106 320 90 107 321 77 107 322 76 107 323 89 108 324 76 108 325 75 108 326 88 109 327 75 109 328 74 109 329 87 110 330 74 110 331 73 110 332 280 111 333 87 111 334 73 111 335 0 112 336 296 112 337 101 112 338 0 113 339 102 113 340 2 113 341 4 114 342 102 114 343 103 114 344 4 115 345 104 115 346 6 115 347 8 116 348 104 116 349 105 116 350 10 117 351 105 117 352 106 117 353 12 118 354 106 118 355 107 118 356 14 119 357 107 119 358 108 119 359 14 120 360 109 120 361 16 120 362 18 121 363 109 121 364 110 121 365 20 122 366 110 122 367 111 122 368 20 123 369 112 123 370 22 123 371 22 124 372 113 124 373 24 124 374 24 125 375 114 125 376 385 125 377 4 126 378 115 126 379 2 126 380 6 127 381 392 127 382 4 127 383 8 128 384 393 128 385 6 128 386 10 129 387 394 129 388 8 129 389 12 130 390 118 130 391 10 130 392 14 131 393 395 131 394 12 131 395 16 132 396 391 132 397 14 132 398 18 133 399 119 133 400 16 133 401 18 134 402 120 134 403 396 134 404 20 135 405 121 135 406 120 135 407 22 136 408 122 136 409 121 136 410 138 137 411 317 137 412 335 137 413 27 138 414 725 138 415 724 138 416 26 139 417 724 139 418 723 139 419 722 140 420 26 140 421 723 140 422 23 141 423 722 141 424 721 141 425 720 142 426 23 142 427 721 142 428 719 143 429 21 143 430 720 143 431 17 144 432 719 144 433 718 144 434 717 145 435 17 145 436 718 145 437 13 146 438 717 146 439 716 146 440 715 147 441 13 147 442 716 147 443 9 148 444 715 148 445 714 148 446 713 149 447 9 149 448 714 149 449 5 150 450 713 150 451 712 150 452 3 151 453 712 151 454 711 151 455 1 152 456 711 152 457 710 152 458 709 153 459 1 153 460 710 153 461 167 154 462 366 154 463 166 154 464 167 155 465 164 155 466 165 155 467 165 156 468 162 156 469 163 156 470 163 157 471 160 157 472 161 157 473 161 158 474 158 158 475 159 158 476 159 159 477 156 159 478 157 159 479 155 160 480 156 160 481 154 160 482 155 161 483 152 161 484 153 161 485 153 162 486 150 162 487 151 162 488 151 163 489 148 163 490 149 163 491 147 164 492 148 164 493 146 164 494 147 165 495 144 165 496 145 165 497 143 166 498 144 166 499 142 166 500 141 167 501 142 167 502 140 167 503 141 168 504 138 168 505 139 168 506 334 169 507 138 169 508 335 169 509 181 170 510 389 170 511 100 170 512 99 171 513 181 171 514 100 171 515 179 172 516 99 172 517 98 172 518 97 173 519 179 173 520 98 173 521 177 174 522 97 174 523 96 174 524 176 175 525 96 175 526 95 175 527 175 176 528 95 176 529 94 176 530 174 177 531 94 177 532 93 177 533 92 178 534 174 178 535 93 178 536 91 179 537 173 179 538 92 179 539 171 180 540 91 180 541 90 180 542 170 181 543 90 181 544 89 181 545 169 182 546 89 182 547 88 182 548 87 183 549 169 183 550 88 183 551 281 184 552 168 184 553 87 184 554 384 185 555 448 185 556 184 185 557 219 186 558 235 186 559 218 186 560 219 187 561 237 187 562 236 187 563 221 188 564 237 188 565 220 188 566 222 189 567 238 189 568 221 189 569 223 190 570 239 190 571 222 190 572 224 191 573 240 191 574 223 191 575 224 192 576 242 192 577 241 192 578 226 193 579 242 193 580 225 193 581 227 194 582 243 194 583 226 194 584 227 195 585 245 195 586 244 195 587 229 196 588 245 196 589 228 196 590 230 197 591 246 197 592 229 197 593 231 198 594 247 198 595 230 198 596 232 199 597 248 199 598 231 199 599 215 200 600 190 200 601 206 200 602 217 201 603 233 201 604 216 201 605 265 202 606 231 202 607 264 202 608 264 203 609 230 203 610 263 203 611 263 204 612 229 204 613 262 204 614 262 205 615 228 205 616 261 205 617 261 206 618 227 206 619 260 206 620 260 207 621 226 207 622 259 207 623 259 208 624 225 208 625 258 208 626 257 209 627 225 209 628 224 209 629 257 210 630 223 210 631 256 210 632 256 211 633 222 211 634 255 211 635 254 212 636 222 212 637 221 212 638 254 213 639 220 213 640 253 213 641 252 214 642 220 214 643 219 214 644 252 215 645 218 215 646 251 215 647 251 216 648 217 216 649 250 216 650 250 217 651 216 217 652 266 217 653 218 218 654 234 218 655 217 218 656 248 219 657 333 219 658 332 219 659 247 220 660 332 220 661 331 220 662 246 221 663 331 221 664 330 221 665 329 222 666 246 222 667 330 222 668 244 223 669 329 223 670 328 223 671 243 224 672 328 224 673 327 224 674 242 225 675 327 225 676 326 225 677 241 226 678 326 226 679 325 226 680 240 227 681 325 227 682 324 227 683 239 228 684 324 228 685 323 228 686 322 229 687 239 229 688 323 229 689 237 230 690 322 230 691 321 230 692 320 231 693 237 231 694 321 231 695 235 232 696 320 232 697 319 232 698 318 233 699 235 233 700 319 233 701 233 234 702 318 234 703 317 234 704 364 235 705 333 235 706 366 235 707 331 236 708 364 236 709 362 236 710 330 237 711 362 237 712 360 237 713 358 238 714 330 238 715 360 238 716 328 239 717 358 239 718 356 239 719 327 240 720 356 240 721 354 240 722 326 241 723 354 241 724 352 241 725 325 242 726 352 242 727 350 242 728 324 243 729 350 243 730 348 243 731 323 244 732 348 244 733 346 244 734 344 245 735 323 245 736 346 245 737 321 246 738 344 246 739 342 246 740 340 247 741 321 247 742 342 247 743 319 248 744 340 248 745 338 248 746 336 249 747 319 249 748 338 249 749 369 250 750 266 250 751 368 250 752 369 251 753 251 251 754 250 251 755 370 252 756 252 252 757 251 252 758 371 253 759 253 253 760 252 253 761 373 254 762 253 254 763 372 254 764 373 255 765 255 255 766 254 255 767 375 256 768 255 256 769 374 256 770 376 257 771 256 257 772 375 257 773 377 258 774 257 258 775 376 258 776 378 259 777 258 259 778 377 259 779 379 260 780 259 260 781 378 260 782 380 261 783 260 261 784 379 261 785 381 262 786 261 262 787 380 262 788 382 263 789 262 263 790 381 263 791 382 264 792 264 264 793 263 264 794 384 265 795 265 265 796 264 265 797 416 266 798 279 266 799 309 266 800 309 267 801 278 267 802 308 267 803 308 268 804 277 268 805 307 268 806 307 269 807 276 269 808 306 269 809 306 270 810 275 270 811 305 270 812 305 271 813 274 271 814 304 271 815 304 272 816 273 272 817 303 272 818 303 273 819 272 273 820 302 273 821 301 274 822 272 274 823 271 274 824 301 275 825 270 275 826 300 275 827 300 276 828 269 276 829 299 276 830 299 277 831 268 277 832 298 277 833 297 278 834 268 278 835 267 278 836 296 279 837 267 279 838 280 279 839 421 280 840 189 280 841 187 280 842 310 281 843 187 281 844 185 281 845 211 282 846 420 282 847 410 282 848 441 283 849 383 283 850 295 283 851 279 284 852 415 284 853 294 284 854 279 285 855 293 285 856 278 285 857 278 286 858 292 286 859 277 286 860 277 287 861 291 287 862 276 287 863 276 288 864 290 288 865 275 288 866 275 289 867 289 289 868 274 289 869 274 290 870 288 290 871 273 290 872 273 291 873 287 291 874 272 291 875 271 292 876 287 292 877 286 292 878 271 293 879 285 293 880 270 293 881 270 294 882 284 294 883 269 294 884 269 295 885 283 295 886 268 295 887 268 296 888 282 296 889 267 296 890 280 297 891 282 297 892 281 297 893 187 298 894 296 298 895 185 298 896 298 299 897 187 299 898 189 299 899 191 300 900 298 300 901 189 300 902 300 301 903 191 301 904 193 301 905 195 302 906 300 302 907 193 302 908 197 303 909 301 303 910 195 303 911 199 304 912 302 304 913 197 304 914 201 305 915 303 305 916 199 305 917 305 306 918 201 306 919 203 306 920 205 307 921 305 307 922 203 307 923 207 308 924 306 308 925 205 308 926 308 309 927 207 309 928 209 309 929 309 310 930 209 310 931 211 310 932 416 311 933 211 311 934 410 311 935 312 312 936 191 312 937 189 312 938 422 313 939 193 313 940 191 313 941 313 314 942 195 314 943 193 314 944 423 315 945 197 315 946 195 315 947 314 316 948 199 316 949 197 316 950 424 317 951 201 317 952 199 317 953 311 318 954 203 318 955 201 318 956 425 319 957 205 319 958 203 319 959 205 320 960 316 320 961 207 320 962 207 321 963 426 321 964 209 321 965 209 322 966 427 322 967 211 322 968 317 323 969 336 323 970 335 323 971 725 324 972 214 324 973 740 324 974 740 325 975 213 325 976 739 325 977 738 326 978 213 326 979 212 326 980 738 327 981 210 327 982 737 327 983 736 328 984 210 328 985 208 328 986 735 329 987 208 329 988 206 329 989 735 330 990 204 330 991 734 330 992 733 331 993 204 331 994 202 331 995 733 332 996 200 332 997 732 332 998 731 333 999 200 333 1000 198 333 1001 731 334 1002 196 334 1003 730 334 1004 729 335 1005 196 335 1006 194 335 1007 729 336 1008 192 336 1009 728 336 1010 728 337 1011 190 337 1012 727 337 1013 727 338 1014 188 338 1015 726 338 1016 709 339 1017 188 339 1018 186 339 1019 365 340 1020 366 340 1021 367 340 1022 362 341 1023 365 341 1024 363 341 1025 360 342 1026 363 342 1027 361 342 1028 358 343 1029 361 343 1030 359 343 1031 356 344 1032 359 344 1033 357 344 1034 354 345 1035 357 345 1036 355 345 1037 353 346 1038 354 346 1039 355 346 1040 350 347 1041 353 347 1042 351 347 1043 348 348 1044 351 348 1045 349 348 1046 346 349 1047 349 349 1048 347 349 1049 345 350 1050 346 350 1051 347 350 1052 342 351 1053 345 351 1054 343 351 1055 341 352 1056 342 352 1057 343 352 1058 339 353 1059 340 353 1060 341 353 1061 336 354 1062 339 354 1063 337 354 1064 334 355 1065 336 355 1066 337 355 1067 295 356 1068 382 356 1069 415 356 1070 294 357 1071 382 357 1072 381 357 1073 294 358 1074 380 358 1075 293 358 1076 292 359 1077 380 359 1078 379 359 1079 292 360 1080 378 360 1081 291 360 1082 291 361 1083 377 361 1084 290 361 1085 290 362 1086 376 362 1087 289 362 1088 289 363 1089 375 363 1090 288 363 1091 287 364 1092 375 364 1093 374 364 1094 286 365 1095 374 365 1096 373 365 1097 286 366 1098 372 366 1099 285 366 1100 285 367 1101 371 367 1102 284 367 1103 284 368 1104 370 368 1105 283 368 1106 282 369 1107 370 369 1108 369 369 1109 281 370 1110 369 370 1111 368 370 1112 384 371 1113 443 371 1114 448 371 1115 86 372 1116 387 372 1117 114 372 1118 86 373 1119 399 373 1120 388 373 1121 397 374 1122 440 374 1123 418 374 1124 100 375 1125 400 375 1126 399 375 1127 116 376 1128 403 376 1129 404 376 1130 397 377 1131 404 377 1132 402 377 1133 114 378 1134 403 378 1135 385 378 1136 417 379 1137 116 379 1138 397 379 1139 118 380 1140 395 380 1141 390 380 1142 417 381 1143 310 381 1144 117 381 1145 121 382 1146 122 382 1147 390 382 1148 401 383 1149 440 383 1150 402 383 1151 386 384 1152 431 384 1153 430 384 1154 387 385 1155 398 385 1156 386 385 1157 403 386 1158 402 386 1159 404 386 1160 407 387 1161 431 387 1162 398 387 1163 399 388 1164 398 388 1165 388 388 1166 403 389 1167 386 389 1168 401 389 1169 401 390 1170 430 390 1171 439 390 1172 389 391 1173 406 391 1174 400 391 1175 183 392 1176 408 392 1177 409 392 1178 448 393 1179 408 393 1180 184 393 1181 407 394 1182 434 394 1183 445 394 1184 409 395 1185 449 395 1186 446 395 1187 407 396 1188 400 396 1189 406 396 1190 406 397 1191 409 397 1192 405 397 1193 449 398 1194 408 398 1195 450 398 1196 405 399 1197 409 399 1198 446 399 1199 434 400 1200 405 400 1201 446 400 1202 413 401 1203 411 401 1204 416 401 1205 411 402 1206 432 402 1207 415 402 1208 440 403 1209 428 403 1210 418 403 1211 415 404 1212 433 404 1213 295 404 1214 420 405 1215 437 405 1216 410 405 1217 428 406 1218 438 406 1219 420 406 1220 437 407 1221 416 407 1222 410 407 1223 420 408 1224 419 408 1225 417 408 1226 422 409 1227 312 409 1228 419 409 1229 421 410 1230 310 410 1231 417 410 1232 425 411 1233 311 411 1234 419 411 1235 435 412 1236 440 412 1237 439 412 1238 412 413 1239 431 413 1240 429 413 1241 413 414 1242 429 414 1243 414 414 1244 437 415 1245 436 415 1246 435 415 1247 431 416 1248 447 416 1249 429 416 1250 429 417 1251 432 417 1252 414 417 1253 412 418 1254 437 418 1255 435 418 1256 430 419 1257 435 419 1258 439 419 1259 295 420 1260 444 420 1261 441 420 1262 441 421 1263 451 421 1264 443 421 1265 451 422 1266 448 422 1267 443 422 1268 434 423 1269 447 423 1270 445 423 1271 452 424 1272 446 424 1273 449 424 1274 447 425 1275 433 425 1276 429 425 1277 444 426 1278 452 426 1279 441 426 1280 451 427 1281 449 427 1282 450 427 1283 442 428 1284 446 428 1285 452 428 1286 434 429 1287 442 429 1288 444 429 1289 550 510 1530 518 510 1531 517 510 1532 549 511 1533 519 511 1534 518 511 1535 551 512 1536 520 512 1537 519 512 1538 552 513 1539 521 513 1540 520 513 1541 553 514 1542 522 514 1543 521 514 1544 554 515 1545 523 515 1546 522 515 1547 523 516 1548 556 516 1549 524 516 1550 524 517 1551 557 517 1552 525 517 1553 557 518 1554 526 518 1555 525 518 1556 558 519 1557 527 519 1558 526 519 1559 527 520 1560 560 520 1561 528 520 1562 560 521 1563 529 521 1564 528 521 1565 529 522 1566 562 522 1567 530 522 1568 562 523 1569 531 523 1570 530 523 1571 531 524 1572 564 524 1573 532 524 1574 564 525 1575 533 525 1576 532 525 1577 533 526 1578 566 526 1579 534 526 1580 566 527 1581 535 527 1582 534 527 1583 535 528 1584 568 528 1585 536 528 1586 568 529 1587 537 529 1588 536 529 1589 569 530 1590 538 530 1591 537 530 1592 570 531 1593 539 531 1594 538 531 1595 539 532 1596 572 532 1597 540 532 1598 540 533 1599 573 533 1600 541 533 1601 573 534 1602 542 534 1603 541 534 1604 574 535 1605 543 535 1606 542 535 1607 543 536 1608 576 536 1609 544 536 1610 576 537 1611 545 537 1612 544 537 1613 577 538 1614 546 538 1615 545 538 1616 546 539 1617 579 539 1618 547 539 1619 454 540 1620 581 540 1621 456 540 1622 579 541 1623 548 541 1624 547 541 1625 580 542 1626 517 542 1627 548 542 1628 548 543 1629 453 543 1630 515 543 1631 547 544 1632 515 544 1633 513 544 1634 546 545 1635 513 545 1636 511 545 1637 545 546 1638 511 546 1639 509 546 1640 544 547 1641 509 547 1642 507 547 1643 543 548 1644 507 548 1645 505 548 1646 542 549 1647 505 549 1648 503 549 1649 541 550 1650 503 550 1651 501 550 1652 540 551 1653 501 551 1654 499 551 1655 539 552 1656 499 552 1657 497 552 1658 538 553 1659 497 553 1660 495 553 1661 537 554 1662 495 554 1663 493 554 1664 536 555 1665 493 555 1666 491 555 1667 535 556 1668 491 556 1669 489 556 1670 534 557 1671 489 557 1672 487 557 1673 533 558 1674 487 558 1675 485 558 1676 532 559 1677 485 559 1678 483 559 1679 531 560 1680 483 560 1681 481 560 1682 530 561 1683 481 561 1684 479 561 1685 529 562 1686 479 562 1687 477 562 1688 528 563 1689 477 563 1690 475 563 1691 527 564 1692 475 564 1693 473 564 1694 526 565 1695 473 565 1696 471 565 1697 525 566 1698 471 566 1699 469 566 1700 524 567 1701 469 567 1702 467 567 1703 523 568 1704 467 568 1705 465 568 1706 522 569 1707 465 569 1708 463 569 1709 521 570 1710 463 570 1711 461 570 1712 520 571 1713 461 571 1714 459 571 1715 519 572 1716 459 572 1717 457 572 1718 518 573 1719 457 573 1720 455 573 1721 517 574 1722 455 574 1723 453 574 1724 456 575 1725 550 575 1726 454 575 1727 458 576 1728 549 576 1729 456 576 1730 458 577 1731 552 577 1732 551 577 1733 462 578 1734 552 578 1735 460 578 1736 464 579 1737 553 579 1738 462 579 1739 464 580 1740 555 580 1741 554 580 1742 468 581 1743 555 581 1744 466 581 1745 468 582 1746 557 582 1747 556 582 1748 470 583 1749 558 583 1750 557 583 1751 474 584 1752 558 584 1753 472 584 1754 476 585 1755 559 585 1756 474 585 1757 476 586 1758 561 586 1759 560 586 1760 480 587 1761 561 587 1762 478 587 1763 480 588 1764 563 588 1765 562 588 1766 484 589 1767 563 589 1768 482 589 1769 484 590 1770 565 590 1771 564 590 1772 488 591 1773 565 591 1774 486 591 1775 488 592 1776 567 592 1777 566 592 1778 492 593 1779 567 593 1780 490 593 1781 494 594 1782 568 594 1783 492 594 1784 496 595 1785 569 595 1786 494 595 1787 496 596 1788 571 596 1789 570 596 1790 500 597 1791 571 597 1792 498 597 1793 502 598 1794 572 598 1795 500 598 1796 504 599 1797 573 599 1798 502 599 1799 504 600 1800 575 600 1801 574 600 1802 508 601 1803 575 601 1804 506 601 1805 508 602 1806 577 602 1807 576 602 1808 512 603 1809 577 603 1810 510 603 1811 514 604 1812 578 604 1813 512 604 1814 516 605 1815 579 605 1816 514 605 1817 516 606 1818 550 606 1819 580 606 1820 583 607 1821 607 607 1822 599 607 1823 510 608 1824 608 608 1825 609 608 1826 482 609 1827 596 609 1828 484 609 1829 456 610 1830 583 610 1831 458 610 1832 510 611 1833 610 611 1834 512 611 1835 484 612 1836 597 612 1837 486 612 1838 458 613 1839 584 613 1840 460 613 1841 514 614 1842 610 614 1843 611 614 1844 486 615 1845 598 615 1846 488 615 1847 460 616 1848 585 616 1849 462 616 1850 516 617 1851 611 617 1852 612 617 1853 490 618 1854 598 618 1855 599 618 1856 462 619 1857 586 619 1858 464 619 1859 516 620 1860 582 620 1861 454 620 1862 492 621 1863 599 621 1864 600 621 1865 464 622 1866 587 622 1867 466 622 1868 492 623 1869 601 623 1870 494 623 1871 466 624 1872 588 624 1873 468 624 1874 496 625 1875 601 625 1876 602 625 1877 468 626 1878 589 626 1879 470 626 1880 498 627 1881 602 627 1882 603 627 1883 470 628 1884 590 628 1885 472 628 1886 500 629 1887 603 629 1888 604 629 1889 472 630 1890 591 630 1891 474 630 1892 502 631 1893 604 631 1894 605 631 1895 474 632 1896 592 632 1897 476 632 1898 504 633 1899 605 633 1900 606 633 1901 476 634 1902 593 634 1903 478 634 1904 506 635 1905 606 635 1906 607 635 1907 478 636 1908 594 636 1909 480 636 1910 508 637 1911 607 637 1912 608 637 1913 480 638 1914 595 638 1915 482 638 1916 614 639 1917 678 639 1918 677 639 1919 616 640 1920 679 640 1921 678 640 1922 618 641 1923 680 641 1924 679 641 1925 680 642 1926 622 642 1927 681 642 1928 622 643 1929 682 643 1930 681 643 1931 624 644 1932 683 644 1933 682 644 1934 683 645 1935 628 645 1936 684 645 1937 628 646 1938 685 646 1939 684 646 1940 630 647 1941 686 647 1942 685 647 1943 632 648 1944 687 648 1945 686 648 1946 634 649 1947 688 649 1948 687 649 1949 636 650 1950 689 650 1951 688 650 1952 689 651 1953 640 651 1954 690 651 1955 640 652 1956 691 652 1957 690 652 1958 691 653 1959 644 653 1960 692 653 1961 644 654 1962 693 654 1963 692 654 1964 693 655 1965 648 655 1966 694 655 1967 648 656 1968 695 656 1969 694 656 1970 695 657 1971 652 657 1972 696 657 1973 696 658 1974 654 658 1975 697 658 1976 654 659 1977 698 659 1978 697 659 1979 656 660 1980 699 660 1981 698 660 1982 699 661 1983 660 661 1984 700 661 1985 700 662 1986 662 662 1987 701 662 1988 662 663 1989 702 663 1990 701 663 1991 664 664 1992 703 664 1993 702 664 1994 666 665 1995 704 665 1996 703 665 1997 668 666 1998 705 666 1999 704 666 2000 670 667 2001 706 667 2002 705 667 2003 706 668 2004 674 668 2005 707 668 2006 626 669 2007 618 669 2008 650 669 2009 674 670 2010 708 670 2011 707 670 2012 676 671 2013 677 671 2014 708 671 2015 708 672 2016 613 672 2017 675 672 2018 707 673 2019 675 673 2020 673 673 2021 706 674 2022 673 674 2023 671 674 2024 705 675 2025 671 675 2026 669 675 2027 704 676 2028 669 676 2029 667 676 2030 703 677 2031 667 677 2032 665 677 2033 702 678 2034 665 678 2035 663 678 2036 701 679 2037 663 679 2038 661 679 2039 700 680 2040 661 680 2041 659 680 2042 699 681 2043 659 681 2044 657 681 2045 698 682 2046 657 682 2047 655 682 2048 697 683 2049 655 683 2050 653 683 2051 696 684 2052 653 684 2053 651 684 2054 695 685 2055 651 685 2056 649 685 2057 694 686 2058 649 686 2059 647 686 2060 693 687 2061 647 687 2062 645 687 2063 692 688 2064 645 688 2065 643 688 2066 691 689 2067 643 689 2068 641 689 2069 690 690 2070 641 690 2071 639 690 2072 689 691 2073 639 691 2074 637 691 2075 688 692 2076 637 692 2077 635 692 2078 687 693 2079 635 693 2080 633 693 2081 686 694 2082 633 694 2083 631 694 2084 685 695 2085 631 695 2086 629 695 2087 684 696 2088 629 696 2089 627 696 2090 683 697 2091 627 697 2092 625 697 2093 682 698 2094 625 698 2095 623 698 2096 681 699 2097 623 699 2098 621 699 2099 680 700 2100 621 700 2101 619 700 2102 679 701 2103 619 701 2104 617 701 2105 678 702 2106 617 702 2107 615 702 2108 677 703 2109 615 703 2110 613 703 2111 337 704 2112 709 704 2113 334 704 2114 339 705 2115 726 705 2116 337 705 2117 341 706 2118 727 706 2119 339 706 2120 343 707 2121 728 707 2122 341 707 2123 343 708 2124 730 708 2125 729 708 2126 347 709 2127 730 709 2128 345 709 2129 347 710 2130 732 710 2131 731 710 2132 349 711 2133 733 711 2134 732 711 2135 351 712 2136 734 712 2137 733 712 2138 355 713 2139 734 713 2140 353 713 2141 355 714 2142 736 714 2143 735 714 2144 357 715 2145 737 715 2146 736 715 2147 359 716 2148 738 716 2149 737 716 2150 361 717 2151 739 717 2152 738 717 2153 363 718 2154 740 718 2155 739 718 2156 367 719 2157 740 719 2158 365 719 2159 709 720 2160 139 720 2161 334 720 2162 710 721 2163 141 721 2164 139 721 2165 711 722 2166 143 722 2167 141 722 2168 712 723 2169 145 723 2170 143 723 2171 145 724 2172 714 724 2173 147 724 2174 714 725 2175 149 725 2176 147 725 2177 149 726 2178 716 726 2179 151 726 2180 151 727 2181 717 727 2182 153 727 2183 153 728 2184 718 728 2185 155 728 2186 718 729 2187 157 729 2188 155 729 2189 157 730 2190 720 730 2191 159 730 2192 159 731 2193 721 731 2194 161 731 2195 161 732 2196 722 732 2197 163 732 2198 163 733 2199 723 733 2200 165 733 2201 165 734 2202 724 734 2203 167 734 2204 724 735 2205 367 735 2206 167 735 2207 44 736 2208 45 736 2209 30 736 2210 30 737 2211 45 737 2212 46 737 2213 46 738 2214 47 738 2215 32 738 2216 47 739 2217 48 739 2218 33 739 2219 48 740 2220 49 740 2221 34 740 2222 49 741 2223 50 741 2224 35 741 2225 35 742 2226 50 742 2227 51 742 2228 51 743 2229 52 743 2230 37 743 2231 52 744 2232 53 744 2233 38 744 2234 38 745 2235 53 745 2236 54 745 2237 54 746 2238 55 746 2239 40 746 2240 55 747 2241 56 747 2242 41 747 2243 56 748 2244 57 748 2245 42 748 2246 57 749 2247 249 749 2248 232 749 2249 3 750 2250 1 750 2251 5 750 2252 1 751 2253 186 751 2254 5 751 2255 186 752 2256 215 752 2257 25 752 2258 215 753 2259 27 753 2260 25 753 2261 27 754 2262 26 754 2263 25 754 2264 25 755 2265 23 755 2266 21 755 2267 21 756 2268 19 756 2269 17 756 2270 17 757 2271 15 757 2272 9 757 2273 15 758 2274 13 758 2275 9 758 2276 13 759 2277 11 759 2278 9 759 2279 9 760 2280 7 760 2281 5 760 2282 25 761 2283 21 761 2284 186 761 2285 21 762 2286 17 762 2287 186 762 2288 9 763 2289 5 763 2290 17 763 2291 233 764 2292 43 764 2293 28 764 2294 42 765 2295 232 765 2296 265 765 2297 41 766 2298 42 766 2299 72 766 2300 40 767 2301 41 767 2302 71 767 2303 39 768 2304 40 768 2305 70 768 2306 38 769 2307 39 769 2308 69 769 2309 37 770 2310 38 770 2311 68 770 2312 36 771 2313 37 771 2314 67 771 2315 65 772 2316 35 772 2317 36 772 2318 34 773 2319 35 773 2320 65 773 2321 33 774 2322 34 774 2323 64 774 2324 62 775 2325 32 775 2326 33 775 2327 31 776 2328 32 776 2329 62 776 2330 60 777 2331 30 777 2332 31 777 2333 29 778 2334 30 778 2335 60 778 2336 28 779 2337 29 779 2338 59 779 2339 216 780 2340 28 780 2341 58 780 2342 43 781 2343 44 781 2344 29 781 2345 333 782 2346 249 782 2347 57 782 2348 137 783 2349 57 783 2350 56 783 2351 136 784 2352 56 784 2353 55 784 2354 134 785 2355 135 785 2356 55 785 2357 134 786 2358 54 786 2359 53 786 2360 133 787 2361 53 787 2362 52 787 2363 132 788 2364 52 788 2365 51 788 2366 131 789 2367 51 789 2368 50 789 2369 130 790 2370 50 790 2371 49 790 2372 129 791 2373 49 791 2374 48 791 2375 127 792 2376 128 792 2377 48 792 2378 127 793 2379 47 793 2380 46 793 2381 125 794 2382 126 794 2383 46 794 2384 125 795 2385 45 795 2386 44 795 2387 123 796 2388 124 796 2389 44 796 2390 123 797 2391 43 797 2392 233 797 2393 166 798 2394 366 798 2395 333 798 2396 166 799 2397 137 799 2398 136 799 2399 164 800 2400 136 800 2401 135 800 2402 160 801 2403 162 801 2404 135 801 2405 160 802 2406 134 802 2407 133 802 2408 158 803 2409 133 803 2410 132 803 2411 156 804 2412 132 804 2413 131 804 2414 154 805 2415 131 805 2416 130 805 2417 152 806 2418 130 806 2419 129 806 2420 150 807 2421 129 807 2422 128 807 2423 146 808 2424 148 808 2425 128 808 2426 146 809 2427 127 809 2428 126 809 2429 142 810 2430 144 810 2431 126 810 2432 142 811 2433 125 811 2434 124 811 2435 138 812 2436 140 812 2437 124 812 2438 266 813 2439 58 813 2440 168 813 2441 168 814 2442 58 814 2443 59 814 2444 169 815 2445 59 815 2446 60 815 2447 170 816 2448 60 816 2449 61 816 2450 61 817 2451 62 817 2452 172 817 2453 172 818 2454 62 818 2455 63 818 2456 63 819 2457 64 819 2458 174 819 2459 64 820 2460 65 820 2461 175 820 2462 65 821 2463 66 821 2464 176 821 2465 66 822 2466 67 822 2467 177 822 2468 67 823 2469 68 823 2470 178 823 2471 68 824 2472 69 824 2473 179 824 2474 69 825 2475 70 825 2476 180 825 2477 70 826 2478 71 826 2479 181 826 2480 181 827 2481 71 827 2482 72 827 2483 184 828 2484 182 828 2485 384 828 2486 182 829 2487 72 829 2488 384 829 2489 85 830 2490 86 830 2491 114 830 2492 84 831 2493 85 831 2494 113 831 2495 83 832 2496 84 832 2497 112 832 2498 82 833 2499 83 833 2500 111 833 2501 81 834 2502 82 834 2503 110 834 2504 80 835 2505 81 835 2506 109 835 2507 79 836 2508 80 836 2509 108 836 2510 78 837 2511 79 837 2512 107 837 2513 105 838 2514 77 838 2515 78 838 2516 76 839 2517 77 839 2518 105 839 2519 75 840 2520 76 840 2521 104 840 2522 74 841 2523 75 841 2524 103 841 2525 101 842 2526 73 842 2527 74 842 2528 296 843 2529 280 843 2530 73 843 2531 2 844 2532 115 844 2533 117 844 2534 0 845 2535 117 845 2536 310 845 2537 24 846 2538 385 846 2539 116 846 2540 182 847 2541 184 847 2542 183 847 2543 85 848 2544 99 848 2545 100 848 2546 98 849 2547 99 849 2548 85 849 2549 97 850 2550 98 850 2551 84 850 2552 96 851 2553 97 851 2554 83 851 2555 95 852 2556 96 852 2557 82 852 2558 94 853 2559 95 853 2560 81 853 2561 93 854 2562 94 854 2563 80 854 2564 92 855 2565 93 855 2566 79 855 2567 77 856 2568 91 856 2569 92 856 2570 90 857 2571 91 857 2572 77 857 2573 89 858 2574 90 858 2575 76 858 2576 88 859 2577 89 859 2578 75 859 2579 87 860 2580 88 860 2581 74 860 2582 280 861 2583 281 861 2584 87 861 2585 0 862 2586 185 862 2587 296 862 2588 0 863 2589 101 863 2590 102 863 2591 4 864 2592 2 864 2593 102 864 2594 4 865 2595 103 865 2596 104 865 2597 8 866 2598 6 866 2599 104 866 2600 10 867 2601 8 867 2602 105 867 2603 12 868 2604 10 868 2605 106 868 2606 14 869 2607 12 869 2608 107 869 2609 14 870 2610 108 870 2611 109 870 2612 18 871 2613 16 871 2614 109 871 2615 20 872 2616 18 872 2617 110 872 2618 20 873 2619 111 873 2620 112 873 2621 22 874 2622 112 874 2623 113 874 2624 24 875 2625 113 875 2626 114 875 2627 4 876 2628 392 876 2629 115 876 2630 6 877 2631 393 877 2632 392 877 2633 8 878 2634 394 878 2635 393 878 2636 10 879 2637 118 879 2638 394 879 2639 12 880 2640 395 880 2641 118 880 2642 14 881 2643 391 881 2644 395 881 2645 16 882 2646 119 882 2647 391 882 2648 18 883 2649 396 883 2650 119 883 2651 18 884 2652 20 884 2653 120 884 2654 20 885 2655 22 885 2656 121 885 2657 22 886 2658 24 886 2659 122 886 2660 138 887 2661 123 887 2662 317 887 2663 27 888 2664 215 888 2665 725 888 2666 26 889 2667 27 889 2668 724 889 2669 722 890 2670 25 890 2671 26 890 2672 23 891 2673 25 891 2674 722 891 2675 720 892 2676 21 892 2677 23 892 2678 719 893 2679 19 893 2680 21 893 2681 17 894 2682 19 894 2683 719 894 2684 717 895 2685 15 895 2686 17 895 2687 13 896 2688 15 896 2689 717 896 2690 715 897 2691 11 897 2692 13 897 2693 9 898 2694 11 898 2695 715 898 2696 713 899 2697 7 899 2698 9 899 2699 5 900 2700 7 900 2701 713 900 2702 3 901 2703 5 901 2704 712 901 2705 1 902 2706 3 902 2707 711 902 2708 709 903 2709 186 903 2710 1 903 2711 167 904 2712 367 904 2713 366 904 2714 167 905 2715 166 905 2716 164 905 2717 165 906 2718 164 906 2719 162 906 2720 163 907 2721 162 907 2722 160 907 2723 161 908 2724 160 908 2725 158 908 2726 159 909 2727 158 909 2728 156 909 2729 155 910 2730 157 910 2731 156 910 2732 155 911 2733 154 911 2734 152 911 2735 153 912 2736 152 912 2737 150 912 2738 151 913 2739 150 913 2740 148 913 2741 147 914 2742 149 914 2743 148 914 2744 147 915 2745 146 915 2746 144 915 2747 143 916 2748 145 916 2749 144 916 2750 141 917 2751 143 917 2752 142 917 2753 141 918 2754 140 918 2755 138 918 2756 334 919 2757 139 919 2758 138 919 2759 181 920 2760 182 920 2761 389 920 2762 99 921 2763 180 921 2764 181 921 2765 179 922 2766 180 922 2767 99 922 2768 97 923 2769 178 923 2770 179 923 2771 177 924 2772 178 924 2773 97 924 2774 176 925 2775 177 925 2776 96 925 2777 175 926 2778 176 926 2779 95 926 2780 174 927 2781 175 927 2782 94 927 2783 92 928 2784 173 928 2785 174 928 2786 91 929 2787 172 929 2788 173 929 2789 171 930 2790 172 930 2791 91 930 2792 170 931 2793 171 931 2794 90 931 2795 169 932 2796 170 932 2797 89 932 2798 87 933 2799 168 933 2800 169 933 2801 281 934 2802 368 934 2803 168 934 2804 219 935 2805 236 935 2806 235 935 2807 219 936 2808 220 936 2809 237 936 2810 221 937 2811 238 937 2812 237 937 2813 222 938 2814 239 938 2815 238 938 2816 223 939 2817 240 939 2818 239 939 2819 224 940 2820 241 940 2821 240 940 2822 224 941 2823 225 941 2824 242 941 2825 226 942 2826 243 942 2827 242 942 2828 227 943 2829 244 943 2830 243 943 2831 227 944 2832 228 944 2833 245 944 2834 229 945 2835 246 945 2836 245 945 2837 230 946 2838 247 946 2839 246 946 2840 231 947 2841 248 947 2842 247 947 2843 232 948 2844 249 948 2845 248 948 2846 186 949 2847 188 949 2848 190 949 2849 190 950 2850 192 950 2851 194 950 2852 194 951 2853 196 951 2854 198 951 2855 198 952 2856 200 952 2857 202 952 2858 202 953 2859 204 953 2860 206 953 2861 206 954 2862 208 954 2863 213 954 2864 208 955 2865 210 955 2866 213 955 2867 210 956 2868 212 956 2869 213 956 2870 213 957 2871 214 957 2872 215 957 2873 215 958 2874 186 958 2875 190 958 2876 190 959 2877 194 959 2878 206 959 2879 194 960 2880 198 960 2881 206 960 2882 198 961 2883 202 961 2884 206 961 2885 213 962 2886 215 962 2887 206 962 2888 217 963 2889 234 963 2890 233 963 2891 265 964 2892 232 964 2893 231 964 2894 264 965 2895 231 965 2896 230 965 2897 263 966 2898 230 966 2899 229 966 2900 262 967 2901 229 967 2902 228 967 2903 261 968 2904 228 968 2905 227 968 2906 260 969 2907 227 969 2908 226 969 2909 259 970 2910 226 970 2911 225 970 2912 257 971 2913 258 971 2914 225 971 2915 257 972 2916 224 972 2917 223 972 2918 256 973 2919 223 973 2920 222 973 2921 254 974 2922 255 974 2923 222 974 2924 254 975 2925 221 975 2926 220 975 2927 252 976 2928 253 976 2929 220 976 2930 252 977 2931 219 977 2932 218 977 2933 251 978 2934 218 978 2935 217 978 2936 250 979 2937 217 979 2938 216 979 2939 218 980 2940 235 980 2941 234 980 2942 248 981 2943 249 981 2944 333 981 2945 247 982 2946 248 982 2947 332 982 2948 246 983 2949 247 983 2950 331 983 2951 329 984 2952 245 984 2953 246 984 2954 244 985 2955 245 985 2956 329 985 2957 243 986 2958 244 986 2959 328 986 2960 242 987 2961 243 987 2962 327 987 2963 241 988 2964 242 988 2965 326 988 2966 240 989 2967 241 989 2968 325 989 2969 239 990 2970 240 990 2971 324 990 2972 322 991 2973 238 991 2974 239 991 2975 237 992 2976 238 992 2977 322 992 2978 320 993 2979 236 993 2980 237 993 2981 235 994 2982 236 994 2983 320 994 2984 318 995 2985 234 995 2986 235 995 2987 233 996 2988 234 996 2989 318 996 2990 364 997 2991 332 997 2992 333 997 2993 331 998 2994 332 998 2995 364 998 2996 330 999 2997 331 999 2998 362 999 2999 358 1000 3000 329 1000 3001 330 1000 3002 328 1001 3003 329 1001 3004 358 1001 3005 327 1002 3006 328 1002 3007 356 1002 3008 326 1003 3009 327 1003 3010 354 1003 3011 325 1004 3012 326 1004 3013 352 1004 3014 324 1005 3015 325 1005 3016 350 1005 3017 323 1006 3018 324 1006 3019 348 1006 3020 344 1007 3021 322 1007 3022 323 1007 3023 321 1008 3024 322 1008 3025 344 1008 3026 340 1009 3027 320 1009 3028 321 1009 3029 319 1010 3030 320 1010 3031 340 1010 3032 336 1011 3033 318 1011 3034 319 1011 3035 369 1012 3036 250 1012 3037 266 1012 3038 369 1013 3039 370 1013 3040 251 1013 3041 370 1014 3042 371 1014 3043 252 1014 3044 371 1015 3045 372 1015 3046 253 1015 3047 373 1016 3048 254 1016 3049 253 1016 3050 373 1017 3051 374 1017 3052 255 1017 3053 375 1018 3054 256 1018 3055 255 1018 3056 376 1019 3057 257 1019 3058 256 1019 3059 377 1020 3060 258 1020 3061 257 1020 3062 378 1021 3063 259 1021 3064 258 1021 3065 379 1022 3066 260 1022 3067 259 1022 3068 380 1023 3069 261 1023 3070 260 1023 3071 381 1024 3072 262 1024 3073 261 1024 3074 382 1025 3075 263 1025 3076 262 1025 3077 382 1026 3078 383 1026 3079 264 1026 3080 264 1027 3081 383 1027 3082 384 1027 3083 383 1028 3084 443 1028 3085 384 1028 3086 416 1029 3087 411 1029 3088 279 1029 3089 309 1030 3090 279 1030 3091 278 1030 3092 308 1031 3093 278 1031 3094 277 1031 3095 307 1032 3096 277 1032 3097 276 1032 3098 306 1033 3099 276 1033 3100 275 1033 3101 305 1034 3102 275 1034 3103 274 1034 3104 304 1035 3105 274 1035 3106 273 1035 3107 303 1036 3108 273 1036 3109 272 1036 3110 301 1037 3111 302 1037 3112 272 1037 3113 301 1038 3114 271 1038 3115 270 1038 3116 300 1039 3117 270 1039 3118 269 1039 3119 299 1040 3120 269 1040 3121 268 1040 3122 297 1041 3123 298 1041 3124 268 1041 3125 296 1042 3126 297 1042 3127 267 1042 3128 421 1043 3129 312 1043 3130 189 1043 3131 310 1044 3132 421 1044 3133 187 1044 3134 211 1045 3135 427 1045 3136 420 1045 3137 441 1046 3138 443 1046 3139 383 1046 3140 279 1047 3141 411 1047 3142 415 1047 3143 279 1048 3144 294 1048 3145 293 1048 3146 278 1049 3147 293 1049 3148 292 1049 3149 277 1050 3150 292 1050 3151 291 1050 3152 276 1051 3153 291 1051 3154 290 1051 3155 275 1052 3156 290 1052 3157 289 1052 3158 274 1053 3159 289 1053 3160 288 1053 3161 273 1054 3162 288 1054 3163 287 1054 3164 271 1055 3165 272 1055 3166 287 1055 3167 271 1056 3168 286 1056 3169 285 1056 3170 270 1057 3171 285 1057 3172 284 1057 3173 269 1058 3174 284 1058 3175 283 1058 3176 268 1059 3177 283 1059 3178 282 1059 3179 280 1060 3180 267 1060 3181 282 1060 3182 187 1061 3183 297 1061 3184 296 1061 3185 298 1062 3186 297 1062 3187 187 1062 3188 191 1063 3189 299 1063 3190 298 1063 3191 300 1064 3192 299 1064 3193 191 1064 3194 195 1065 3195 301 1065 3196 300 1065 3197 197 1066 3198 302 1066 3199 301 1066 3200 199 1067 3201 303 1067 3202 302 1067 3203 201 1068 3204 304 1068 3205 303 1068 3206 305 1069 3207 304 1069 3208 201 1069 3209 205 1070 3210 306 1070 3211 305 1070 3212 207 1071 3213 307 1071 3214 306 1071 3215 308 1072 3216 307 1072 3217 207 1072 3218 309 1073 3219 308 1073 3220 209 1073 3221 416 1074 3222 309 1074 3223 211 1074 3224 312 1075 3225 422 1075 3226 191 1075 3227 422 1076 3228 313 1076 3229 193 1076 3230 313 1077 3231 423 1077 3232 195 1077 3233 423 1078 3234 314 1078 3235 197 1078 3236 314 1079 3237 424 1079 3238 199 1079 3239 424 1080 3240 311 1080 3241 201 1080 3242 311 1081 3243 425 1081 3244 203 1081 3245 425 1082 3246 315 1082 3247 205 1082 3248 205 1083 3249 315 1083 3250 316 1083 3251 207 1084 3252 316 1084 3253 426 1084 3254 209 1085 3255 426 1085 3256 427 1085 3257 317 1086 3258 318 1086 3259 336 1086 3260 725 1087 3261 215 1087 3262 214 1087 3263 740 1088 3264 214 1088 3265 213 1088 3266 738 1089 3267 739 1089 3268 213 1089 3269 738 1090 3270 212 1090 3271 210 1090 3272 736 1091 3273 737 1091 3274 210 1091 3275 735 1092 3276 736 1092 3277 208 1092 3278 735 1093 3279 206 1093 3280 204 1093 3281 733 1094 3282 734 1094 3283 204 1094 3284 733 1095 3285 202 1095 3286 200 1095 3287 731 1096 3288 732 1096 3289 200 1096 3290 731 1097 3291 198 1097 3292 196 1097 3293 729 1098 3294 730 1098 3295 196 1098 3296 729 1099 3297 194 1099 3298 192 1099 3299 728 1100 3300 192 1100 3301 190 1100 3302 727 1101 3303 190 1101 3304 188 1101 3305 709 1102 3306 726 1102 3307 188 1102 3308 365 1103 3309 364 1103 3310 366 1103 3311 362 1104 3312 364 1104 3313 365 1104 3314 360 1105 3315 362 1105 3316 363 1105 3317 358 1106 3318 360 1106 3319 361 1106 3320 356 1107 3321 358 1107 3322 359 1107 3323 354 1108 3324 356 1108 3325 357 1108 3326 353 1109 3327 352 1109 3328 354 1109 3329 350 1110 3330 352 1110 3331 353 1110 3332 348 1111 3333 350 1111 3334 351 1111 3335 346 1112 3336 348 1112 3337 349 1112 3338 345 1113 3339 344 1113 3340 346 1113 3341 342 1114 3342 344 1114 3343 345 1114 3344 341 1115 3345 340 1115 3346 342 1115 3347 339 1116 3348 338 1116 3349 340 1116 3350 336 1117 3351 338 1117 3352 339 1117 3353 334 1118 3354 335 1118 3355 336 1118 3356 295 1119 3357 383 1119 3358 382 1119 3359 294 1120 3360 415 1120 3361 382 1120 3362 294 1121 3363 381 1121 3364 380 1121 3365 292 1122 3366 293 1122 3367 380 1122 3368 292 1123 3369 379 1123 3370 378 1123 3371 291 1124 3372 378 1124 3373 377 1124 3374 290 1125 3375 377 1125 3376 376 1125 3377 289 1126 3378 376 1126 3379 375 1126 3380 287 1127 3381 288 1127 3382 375 1127 3383 286 1128 3384 287 1128 3385 374 1128 3386 286 1129 3387 373 1129 3388 372 1129 3389 285 1130 3390 372 1130 3391 371 1130 3392 284 1131 3393 371 1131 3394 370 1131 3395 282 1132 3396 283 1132 3397 370 1132 3398 281 1133 3399 282 1133 3400 369 1133 3401 86 1134 3402 388 1134 3403 387 1134 3404 86 1135 3405 100 1135 3406 399 1135 3407 397 1136 3408 402 1136 3409 440 1136 3410 100 1137 3411 389 1137 3412 400 1137 3413 116 1138 3414 385 1138 3415 403 1138 3416 397 1139 3417 116 1139 3418 404 1139 3419 114 1140 3420 387 1140 3421 403 1140 3422 397 1141 3423 418 1141 3424 417 1141 3425 417 1142 3426 390 1142 3427 116 1142 3428 395 1143 3429 391 1143 3430 390 1143 3431 390 1144 3432 115 1144 3433 392 1144 3434 392 1145 3435 393 1145 3436 390 1145 3437 393 1146 3438 394 1146 3439 390 1146 3440 394 1147 3441 118 1147 3442 390 1147 3443 117 1148 3444 115 1148 3445 417 1148 3446 115 1149 3447 390 1149 3448 417 1149 3449 122 1150 3450 116 1150 3451 390 1150 3452 390 1151 3453 391 1151 3454 119 1151 3455 119 1152 3456 396 1152 3457 390 1152 3458 396 1153 3459 120 1153 3460 390 1153 3461 120 1154 3462 121 1154 3463 390 1154 3464 401 1155 3465 439 1155 3466 440 1155 3467 386 1156 3468 398 1156 3469 431 1156 3470 387 1157 3471 388 1157 3472 398 1157 3473 403 1158 3474 401 1158 3475 402 1158 3476 407 1159 3477 445 1159 3478 431 1159 3479 399 1160 3480 400 1160 3481 398 1160 3482 403 1161 3483 387 1161 3484 386 1161 3485 401 1162 3486 386 1162 3487 430 1162 3488 389 1163 3489 183 1163 3490 406 1163 3491 183 1164 3492 184 1164 3493 408 1164 3494 448 1165 3495 450 1165 3496 408 1165 3497 407 1166 3498 406 1166 3499 434 1166 3500 407 1167 3501 398 1167 3502 400 1167 3503 406 1168 3504 183 1168 3505 409 1168 3506 449 1169 3507 409 1169 3508 408 1169 3509 434 1170 3510 406 1170 3511 405 1170 3512 413 1171 3513 414 1171 3514 411 1171 3515 411 1172 3516 414 1172 3517 432 1172 3518 440 1173 3519 436 1173 3520 428 1173 3521 415 1174 3522 432 1174 3523 433 1174 3524 420 1175 3525 438 1175 3526 437 1175 3527 428 1176 3528 436 1176 3529 438 1176 3530 437 1177 3531 413 1177 3532 416 1177 3533 417 1178 3534 418 1178 3535 428 1178 3536 428 1179 3537 420 1179 3538 417 1179 3539 419 1180 3540 311 1180 3541 424 1180 3542 424 1181 3543 314 1181 3544 419 1181 3545 314 1182 3546 423 1182 3547 419 1182 3548 423 1183 3549 313 1183 3550 419 1183 3551 313 1184 3552 422 1184 3553 419 1184 3554 419 1185 3555 312 1185 3556 417 1185 3557 312 1186 3558 421 1186 3559 417 1186 3560 419 1187 3561 420 1187 3562 427 1187 3563 427 1188 3564 426 1188 3565 419 1188 3566 426 1189 3567 316 1189 3568 419 1189 3569 316 1190 3570 315 1190 3571 419 1190 3572 315 1191 3573 425 1191 3574 419 1191 3575 435 1192 3576 436 1192 3577 440 1192 3578 412 1193 3579 430 1193 3580 431 1193 3581 413 1194 3582 412 1194 3583 429 1194 3584 437 1195 3585 438 1195 3586 436 1195 3587 431 1196 3588 445 1196 3589 447 1196 3590 429 1197 3591 433 1197 3592 432 1197 3593 412 1198 3594 413 1198 3595 437 1198 3596 430 1199 3597 412 1199 3598 435 1199 3599 295 1200 3600 433 1200 3601 444 1200 3602 441 1201 3603 452 1201 3604 451 1201 3605 451 1202 3606 450 1202 3607 448 1202 3608 434 1203 3609 444 1203 3610 447 1203 3611 447 1204 3612 444 1204 3613 433 1204 3614 444 1205 3615 442 1205 3616 452 1205 3617 451 1206 3618 452 1206 3619 449 1206 3620 434 1207 3621 446 1207 3622 442 1207 3623 550 1288 3864 549 1288 3865 518 1288 3866 549 1289 3867 551 1289 3868 519 1289 3869 551 1290 3870 552 1290 3871 520 1290 3872 552 1291 3873 553 1291 3874 521 1291 3875 553 1292 3876 554 1292 3877 522 1292 3878 554 1293 3879 555 1293 3880 523 1293 3881 523 1294 3882 555 1294 3883 556 1294 3884 524 1295 3885 556 1295 3886 557 1295 3887 557 1296 3888 558 1296 3889 526 1296 3890 558 1297 3891 559 1297 3892 527 1297 3893 527 1298 3894 559 1298 3895 560 1298 3896 560 1299 3897 561 1299 3898 529 1299 3899 529 1300 3900 561 1300 3901 562 1300 3902 562 1301 3903 563 1301 3904 531 1301 3905 531 1302 3906 563 1302 3907 564 1302 3908 564 1303 3909 565 1303 3910 533 1303 3911 533 1304 3912 565 1304 3913 566 1304 3914 566 1305 3915 567 1305 3916 535 1305 3917 535 1306 3918 567 1306 3919 568 1306 3920 568 1307 3921 569 1307 3922 537 1307 3923 569 1308 3924 570 1308 3925 538 1308 3926 570 1309 3927 571 1309 3928 539 1309 3929 539 1310 3930 571 1310 3931 572 1310 3932 540 1311 3933 572 1311 3934 573 1311 3935 573 1312 3936 574 1312 3937 542 1312 3938 574 1313 3939 575 1313 3940 543 1313 3941 543 1314 3942 575 1314 3943 576 1314 3944 576 1315 3945 577 1315 3946 545 1315 3947 577 1316 3948 578 1316 3949 546 1316 3950 546 1317 3951 578 1317 3952 579 1317 3953 454 1318 3954 582 1318 3955 581 1318 3956 579 1319 3957 580 1319 3958 548 1319 3959 580 1320 3960 550 1320 3961 517 1320 3962 548 1321 3963 517 1321 3964 453 1321 3965 547 1322 3966 548 1322 3967 515 1322 3968 546 1323 3969 547 1323 3970 513 1323 3971 545 1324 3972 546 1324 3973 511 1324 3974 544 1325 3975 545 1325 3976 509 1325 3977 543 1326 3978 544 1326 3979 507 1326 3980 542 1327 3981 543 1327 3982 505 1327 3983 541 1328 3984 542 1328 3985 503 1328 3986 540 1329 3987 541 1329 3988 501 1329 3989 539 1330 3990 540 1330 3991 499 1330 3992 538 1331 3993 539 1331 3994 497 1331 3995 537 1332 3996 538 1332 3997 495 1332 3998 536 1333 3999 537 1333 4000 493 1333 4001 535 1334 4002 536 1334 4003 491 1334 4004 534 1335 4005 535 1335 4006 489 1335 4007 533 1336 4008 534 1336 4009 487 1336 4010 532 1337 4011 533 1337 4012 485 1337 4013 531 1338 4014 532 1338 4015 483 1338 4016 530 1339 4017 531 1339 4018 481 1339 4019 529 1340 4020 530 1340 4021 479 1340 4022 528 1341 4023 529 1341 4024 477 1341 4025 527 1342 4026 528 1342 4027 475 1342 4028 526 1343 4029 527 1343 4030 473 1343 4031 525 1344 4032 526 1344 4033 471 1344 4034 524 1345 4035 525 1345 4036 469 1345 4037 523 1346 4038 524 1346 4039 467 1346 4040 522 1347 4041 523 1347 4042 465 1347 4043 521 1348 4044 522 1348 4045 463 1348 4046 520 1349 4047 521 1349 4048 461 1349 4049 519 1350 4050 520 1350 4051 459 1350 4052 518 1351 4053 519 1351 4054 457 1351 4055 517 1352 4056 518 1352 4057 455 1352 4058 456 1353 4059 549 1353 4060 550 1353 4061 458 1354 4062 551 1354 4063 549 1354 4064 458 1355 4065 460 1355 4066 552 1355 4067 462 1356 4068 553 1356 4069 552 1356 4070 464 1357 4071 554 1357 4072 553 1357 4073 464 1358 4074 466 1358 4075 555 1358 4076 468 1359 4077 556 1359 4078 555 1359 4079 468 1360 4080 470 1360 4081 557 1360 4082 470 1361 4083 472 1361 4084 558 1361 4085 474 1362 4086 559 1362 4087 558 1362 4088 476 1363 4089 560 1363 4090 559 1363 4091 476 1364 4092 478 1364 4093 561 1364 4094 480 1365 4095 562 1365 4096 561 1365 4097 480 1366 4098 482 1366 4099 563 1366 4100 484 1367 4101 564 1367 4102 563 1367 4103 484 1368 4104 486 1368 4105 565 1368 4106 488 1369 4107 566 1369 4108 565 1369 4109 488 1370 4110 490 1370 4111 567 1370 4112 492 1371 4113 568 1371 4114 567 1371 4115 494 1372 4116 569 1372 4117 568 1372 4118 496 1373 4119 570 1373 4120 569 1373 4121 496 1374 4122 498 1374 4123 571 1374 4124 500 1375 4125 572 1375 4126 571 1375 4127 502 1376 4128 573 1376 4129 572 1376 4130 504 1377 4131 574 1377 4132 573 1377 4133 504 1378 4134 506 1378 4135 575 1378 4136 508 1379 4137 576 1379 4138 575 1379 4139 508 1380 4140 510 1380 4141 577 1380 4142 512 1381 4143 578 1381 4144 577 1381 4145 514 1382 4146 579 1382 4147 578 1382 4148 516 1383 4149 580 1383 4150 579 1383 4151 516 1384 4152 454 1384 4153 550 1384 4154 583 1385 4155 581 1385 4156 611 1385 4157 581 1386 4158 582 1386 4159 611 1386 4160 582 1387 4161 612 1387 4162 611 1387 4163 611 1388 4164 610 1388 4165 609 1388 4166 609 1389 4167 608 1389 4168 607 1389 4169 607 1390 4170 606 1390 4171 605 1390 4172 605 1391 4173 604 1391 4174 607 1391 4175 604 1392 4176 603 1392 4177 607 1392 4178 603 1393 4179 602 1393 4180 601 1393 4181 601 1394 4182 600 1394 4183 603 1394 4184 600 1395 4185 599 1395 4186 603 1395 4187 599 1396 4188 598 1396 4189 597 1396 4190 597 1397 4191 596 1397 4192 595 1397 4193 595 1398 4194 594 1398 4195 593 1398 4196 593 1399 4197 592 1399 4198 591 1399 4199 591 1400 4200 590 1400 4201 587 1400 4202 590 1401 4203 589 1401 4204 587 1401 4205 589 1402 4206 588 1402 4207 587 1402 4208 587 1403 4209 586 1403 4210 585 1403 4211 585 1404 4212 584 1404 4213 587 1404 4214 584 1405 4215 583 1405 4216 587 1405 4217 611 1406 4218 609 1406 4219 583 1406 4220 609 1407 4221 607 1407 4222 583 1407 4223 599 1408 4224 597 1408 4225 595 1408 4226 595 1409 4227 593 1409 4228 599 1409 4229 593 1410 4230 591 1410 4231 599 1410 4232 607 1411 4233 603 1411 4234 599 1411 4235 591 1412 4236 587 1412 4237 599 1412 4238 587 1413 4239 583 1413 4240 599 1413 4241 510 1414 4242 508 1414 4243 608 1414 4244 482 1415 4245 595 1415 4246 596 1415 4247 456 1416 4248 581 1416 4249 583 1416 4250 510 1417 4251 609 1417 4252 610 1417 4253 484 1418 4254 596 1418 4255 597 1418 4256 458 1419 4257 583 1419 4258 584 1419 4259 514 1420 4260 512 1420 4261 610 1420 4262 486 1421 4263 597 1421 4264 598 1421 4265 460 1422 4266 584 1422 4267 585 1422 4268 516 1423 4269 514 1423 4270 611 1423 4271 490 1424 4272 488 1424 4273 598 1424 4274 462 1425 4275 585 1425 4276 586 1425 4277 516 1426 4278 612 1426 4279 582 1426 4280 492 1427 4281 490 1427 4282 599 1427 4283 464 1428 4284 586 1428 4285 587 1428 4286 492 1429 4287 600 1429 4288 601 1429 4289 466 1430 4290 587 1430 4291 588 1430 4292 496 1431 4293 494 1431 4294 601 1431 4295 468 1432 4296 588 1432 4297 589 1432 4298 498 1433 4299 496 1433 4300 602 1433 4301 470 1434 4302 589 1434 4303 590 1434 4304 500 1435 4305 498 1435 4306 603 1435 4307 472 1436 4308 590 1436 4309 591 1436 4310 502 1437 4311 500 1437 4312 604 1437 4313 474 1438 4314 591 1438 4315 592 1438 4316 504 1439 4317 502 1439 4318 605 1439 4319 476 1440 4320 592 1440 4321 593 1440 4322 506 1441 4323 504 1441 4324 606 1441 4325 478 1442 4326 593 1442 4327 594 1442 4328 508 1443 4329 506 1443 4330 607 1443 4331 480 1444 4332 594 1444 4333 595 1444 4334 614 1445 4335 616 1445 4336 678 1445 4337 616 1446 4338 618 1446 4339 679 1446 4340 618 1447 4341 620 1447 4342 680 1447 4343 680 1448 4344 620 1448 4345 622 1448 4346 622 1449 4347 624 1449 4348 682 1449 4349 624 1450 4350 626 1450 4351 683 1450 4352 683 1451 4353 626 1451 4354 628 1451 4355 628 1452 4356 630 1452 4357 685 1452 4358 630 1453 4359 632 1453 4360 686 1453 4361 632 1454 4362 634 1454 4363 687 1454 4364 634 1455 4365 636 1455 4366 688 1455 4367 636 1456 4368 638 1456 4369 689 1456 4370 689 1457 4371 638 1457 4372 640 1457 4373 640 1458 4374 642 1458 4375 691 1458 4376 691 1459 4377 642 1459 4378 644 1459 4379 644 1460 4380 646 1460 4381 693 1460 4382 693 1461 4383 646 1461 4384 648 1461 4385 648 1462 4386 650 1462 4387 695 1462 4388 695 1463 4389 650 1463 4390 652 1463 4391 696 1464 4392 652 1464 4393 654 1464 4394 654 1465 4395 656 1465 4396 698 1465 4397 656 1466 4398 658 1466 4399 699 1466 4400 699 1467 4401 658 1467 4402 660 1467 4403 700 1468 4404 660 1468 4405 662 1468 4406 662 1469 4407 664 1469 4408 702 1469 4409 664 1470 4410 666 1470 4411 703 1470 4412 666 1471 4413 668 1471 4414 704 1471 4415 668 1472 4416 670 1472 4417 705 1472 4418 670 1473 4419 672 1473 4420 706 1473 4421 706 1474 4422 672 1474 4423 674 1474 4424 618 1475 4425 616 1475 4426 614 1475 4427 614 1476 4428 676 1476 4429 674 1476 4430 674 1477 4431 672 1477 4432 670 1477 4433 670 1478 4434 668 1478 4435 666 1478 4436 666 1479 4437 664 1479 4438 662 1479 4439 662 1480 4440 660 1480 4441 666 1480 4442 660 1481 4443 658 1481 4444 666 1481 4445 658 1482 4446 656 1482 4447 654 1482 4448 654 1483 4449 652 1483 4450 658 1483 4451 652 1484 4452 650 1484 4453 658 1484 4454 650 1485 4455 648 1485 4456 646 1485 4457 646 1486 4458 644 1486 4459 642 1486 4460 642 1487 4461 640 1487 4462 638 1487 4463 638 1488 4464 636 1488 4465 634 1488 4466 634 1489 4467 632 1489 4468 626 1489 4469 632 1490 4470 630 1490 4471 626 1490 4472 630 1491 4473 628 1491 4474 626 1491 4475 626 1492 4476 624 1492 4477 622 1492 4478 622 1493 4479 620 1493 4480 626 1493 4481 620 1494 4482 618 1494 4483 626 1494 4484 618 1495 4485 614 1495 4486 674 1495 4487 674 1496 4488 670 1496 4489 618 1496 4490 670 1497 4491 666 1497 4492 618 1497 4493 650 1498 4494 646 1498 4495 642 1498 4496 642 1499 4497 638 1499 4498 650 1499 4499 638 1500 4500 634 1500 4501 650 1500 4502 666 1501 4503 658 1501 4504 618 1501 4505 658 1502 4506 650 1502 4507 618 1502 4508 634 1503 4509 626 1503 4510 650 1503 4511 674 1504 4512 676 1504 4513 708 1504 4514 676 1505 4515 614 1505 4516 677 1505 4517 708 1506 4518 677 1506 4519 613 1506 4520 707 1507 4521 708 1507 4522 675 1507 4523 706 1508 4524 707 1508 4525 673 1508 4526 705 1509 4527 706 1509 4528 671 1509 4529 704 1510 4530 705 1510 4531 669 1510 4532 703 1511 4533 704 1511 4534 667 1511 4535 702 1512 4536 703 1512 4537 665 1512 4538 701 1513 4539 702 1513 4540 663 1513 4541 700 1514 4542 701 1514 4543 661 1514 4544 699 1515 4545 700 1515 4546 659 1515 4547 698 1516 4548 699 1516 4549 657 1516 4550 697 1517 4551 698 1517 4552 655 1517 4553 696 1518 4554 697 1518 4555 653 1518 4556 695 1519 4557 696 1519 4558 651 1519 4559 694 1520 4560 695 1520 4561 649 1520 4562 693 1521 4563 694 1521 4564 647 1521 4565 692 1522 4566 693 1522 4567 645 1522 4568 691 1523 4569 692 1523 4570 643 1523 4571 690 1524 4572 691 1524 4573 641 1524 4574 689 1525 4575 690 1525 4576 639 1525 4577 688 1526 4578 689 1526 4579 637 1526 4580 687 1527 4581 688 1527 4582 635 1527 4583 686 1528 4584 687 1528 4585 633 1528 4586 685 1529 4587 686 1529 4588 631 1529 4589 684 1530 4590 685 1530 4591 629 1530 4592 683 1531 4593 684 1531 4594 627 1531 4595 682 1532 4596 683 1532 4597 625 1532 4598 681 1533 4599 682 1533 4600 623 1533 4601 680 1534 4602 681 1534 4603 621 1534 4604 679 1535 4605 680 1535 4606 619 1535 4607 678 1536 4608 679 1536 4609 617 1536 4610 677 1537 4611 678 1537 4612 615 1537 4613 337 1538 4614 726 1538 4615 709 1538 4616 339 1539 4617 727 1539 4618 726 1539 4619 341 1540 4620 728 1540 4621 727 1540 4622 343 1541 4623 729 1541 4624 728 1541 4625 343 1542 4626 345 1542 4627 730 1542 4628 347 1543 4629 731 1543 4630 730 1543 4631 347 1544 4632 349 1544 4633 732 1544 4634 349 1545 4635 351 1545 4636 733 1545 4637 351 1546 4638 353 1546 4639 734 1546 4640 355 1547 4641 735 1547 4642 734 1547 4643 355 1548 4644 357 1548 4645 736 1548 4646 357 1549 4647 359 1549 4648 737 1549 4649 359 1550 4650 361 1550 4651 738 1550 4652 361 1551 4653 363 1551 4654 739 1551 4655 363 1552 4656 365 1552 4657 740 1552 4658 367 1553 4659 725 1553 4660 740 1553 4661 709 1554 4662 710 1554 4663 139 1554 4664 710 1555 4665 711 1555 4666 141 1555 4667 711 1556 4668 712 1556 4669 143 1556 4670 712 1557 4671 713 1557 4672 145 1557 4673 145 1558 4674 713 1558 4675 714 1558 4676 714 1559 4677 715 1559 4678 149 1559 4679 149 1560 4680 715 1560 4681 716 1560 4682 151 1561 4683 716 1561 4684 717 1561 4685 153 1562 4686 717 1562 4687 718 1562 4688 718 1563 4689 719 1563 4690 157 1563 4691 157 1564 4692 719 1564 4693 720 1564 4694 159 1565 4695 720 1565 4696 721 1565 4697 161 1566 4698 721 1566 4699 722 1566 4700 163 1567 4701 722 1567 4702 723 1567 4703 165 1568 4704 723 1568 4705 724 1568 4706 724 1569 4707 725 1569 4708 367 1569 4709</p>
                </triangles>
            </mesh>
        </geometry>
    </library_geometries>
    <library_visual_scenes>
        <visual_scene id="VisualSceneNode" name="VisualScene">
            <node id="node" name="node">
                <instance_geometry url="#shape0-lib">
                    <bind_material>
                        <technique_common>
                            <instance_material symbol="material0" target="#material0">
                                <bind_vertex_input semantic="UVSET0" input_semantic="TEXCOORD" />
                            </instance_material>
                        </technique_common>
                    </bind_material>
                </instance_geometry>
            </node>
        </visual_scene>
    </library_visual_scenes>
    <scene>
        <instance_visual_scene url="#VisualSceneNode" />
    </scene>
</COLLADA>